pos,variable,variable_label,variable_type,measurement_level,spss_user_missing_values,value_labels_json
1,bcsid,Research case identifier,NA,NA,NA,[]
2,e001,Singleton or Twin,numeric,ORDINAL,NA,"[{""value"":""-4.0"",""label"":""Vague""},{""value"":""-3.0"",""label"":""Not Stated""},{""value"":""-2.0"",""label"":""Not Known""},{""value"":""-1.0"",""label"":""Not Applicable""},{""value"":""0.0"",""label"":""Singleton""},{""value"":""1.0"",""label"":""1st Twin""},{""value"":""2.0"",""label"":""2nd Twin""},{""value"":""3.0"",""label"":""1st Twin Only in Svy""},{""value"":""4.0"",""label"":""2nd Twin Only in Svy""}]"
3,e004,Childs Place Of Residence,numeric,ORDINAL,NA,"[{""value"":""-4.0"",""label"":""Vague""},{""value"":""-3.0"",""label"":""Not Stated""},{""value"":""-2.0"",""label"":""Not Known""},{""value"":""-1.0"",""label"":""Not Applicable""},{""value"":""1.0"",""label"":""Domestic Reltivs""},{""value"":""2.0"",""label"":""Domestic Fosterd""},{""value"":""3.0"",""label"":""Residential Home""},{""value"":""4.0"",""label"":""Resid Foster Hm""},{""value"":""5.0"",""label"":""6""},{""value"":""7.0"",""label"":""Resid Other""},{""value"":""8.0"",""label"":""Hospital""},{""value"":""9.0"",""label"":""With Parents""}]"
4,e005,Number Of Persons in Household,numeric,ORDINAL,NA,"[{""value"":""-4.0"",""label"":""Vague""},{""value"":""-3.0"",""label"":""Not Stated""},{""value"":""-2.0"",""label"":""Not Known""},{""value"":""-1.0"",""label"":""Not Applicable""}]"
5,e006,Number Of Children Older Than Child,numeric,ORDINAL,NA,"[{""value"":""-4.0"",""label"":""Vague""},{""value"":""-3.0"",""label"":""Not Stated""},{""value"":""-2.0"",""label"":""Not Known""},{""value"":""-1.0"",""label"":""Not Applicable""}]"
6,e007,Number of Children Younger Than Child,numeric,ORDINAL,NA,"[{""value"":""-4.0"",""label"":""Vague""},{""value"":""-3.0"",""label"":""Not Stated""},{""value"":""-2.0"",""label"":""Not Known""},{""value"":""-1.0"",""label"":""Not Applicable""}]"
7,e008,Age of Mother,numeric,ORDINAL,NA,"[{""value"":""-4.0"",""label"":""Vague""},{""value"":""-3.0"",""label"":""Not Stated""},{""value"":""-2.0"",""label"":""Not Known""},{""value"":""-1.0"",""label"":""Not Applicable""}]"
8,e009,Age of Father,numeric,ORDINAL,NA,"[{""value"":""-4.0"",""label"":""Vague""},{""value"":""-3.0"",""label"":""Not Stated""},{""value"":""-2.0"",""label"":""Not Known""},{""value"":""-1.0"",""label"":""Not Applicable""}]"
9,e010,Relationship to Child of Mother Figure,numeric,ORDINAL,NA,"[{""value"":""-4.0"",""label"":""Vague""},{""value"":""-3.0"",""label"":""Not Stated""},{""value"":""-2.0"",""label"":""Not Known""},{""value"":""-1.0"",""label"":""Not Applicable""},{""value"":""1.0"",""label"":""Natural Mother""},{""value"":""2.0"",""label"":""Adopted Mother""},{""value"":""3.0"",""label"":""Stepmother""},{""value"":""4.0"",""label"":""Foster Mother""},{""value"":""5.0"",""label"":""Grandmother""},{""value"":""6.0"",""label"":""Elder Sister""},{""value"":""7.0"",""label"":""Fathers Cohabitee""},{""value"":""8.0"",""label"":""Other""},{""value"":""9.0"",""label"":""No Mother""}]"
10,e010a,Changes in Situation,numeric,ORDINAL,NA,"[{""value"":""-3.0"",""label"":""Not Stated""},{""value"":""-1.0"",""label"":""Not Applicable""},{""value"":""1.0"",""label"":""Death of Mum or Dad""},{""value"":""2.0"",""label"":""Divorce""},{""value"":""3.0"",""label"":""Other Situation""},{""value"":""4.0"",""label"":""No Changes in Past""},{""value"":""9.0"",""label"":""Not Stated""}]"
11,e010b,Age at Change (YR),numeric,ORDINAL,NA,"[{""value"":""-3.0"",""label"":""Not Stated""},{""value"":""-2.0"",""label"":""Not Known""},{""value"":""-1.0"",""label"":""Not Applicable""},{""value"":""88.0"",""label"":""Not Applicable""},{""value"":""99.0"",""label"":""Not Stated""}]"
12,e011,Relationship to Child of Father Figure,numeric,ORDINAL,NA,"[{""value"":""-4.0"",""label"":""Vague""},{""value"":""-3.0"",""label"":""Not Stated""},{""value"":""-2.0"",""label"":""Not Known""},{""value"":""-1.0"",""label"":""Not Applicable""},{""value"":""1.0"",""label"":""Natural Father""},{""value"":""2.0"",""label"":""Adopted Father""},{""value"":""3.0"",""label"":""Stepfather""},{""value"":""4.0"",""label"":""Foster Father""},{""value"":""5.0"",""label"":""Grandfather""},{""value"":""6.0"",""label"":""Elder Brother""},{""value"":""7.0"",""label"":""Mothers Cohabitee""},{""value"":""8.0"",""label"":""Other""},{""value"":""9.0"",""label"":""No Father""}]"
13,e011a,Changes in Situation,numeric,ORDINAL,NA,"[{""value"":""-3.0"",""label"":""Not Stated""},{""value"":""-1.0"",""label"":""Not Applicable""},{""value"":""1.0"",""label"":""Death of Mum or Dad""},{""value"":""2.0"",""label"":""Divorce""},{""value"":""3.0"",""label"":""Other Situation""},{""value"":""4.0"",""label"":""No Changes in Past""},{""value"":""9.0"",""label"":""Not Stated""}]"
14,e011b,Age at Change (YR),numeric,ORDINAL,NA,"[{""value"":""-3.0"",""label"":""Not Stated""},{""value"":""-2.0"",""label"":""Not Known""},{""value"":""-1.0"",""label"":""Not Applicable""},{""value"":""88.0"",""label"":""Not Applicable""},{""value"":""99.0"",""label"":""Not Stated""}]"
15,e012a,Birthweight in Ounces,numeric,ORDINAL,NA,"[{""value"":""-4.0"",""label"":""Vague""},{""value"":""-3.0"",""label"":""Not Stated""},{""value"":""-2.0"",""label"":""Not Known""},{""value"":""-1.0"",""label"":""Not Applicable""}]"
16,e012b,Gestation,numeric,ORDINAL,NA,"[{""value"":""-4.0"",""label"":""Vague""},{""value"":""-3.0"",""label"":""Not Stated""},{""value"":""-2.0"",""label"":""Not Known""},{""value"":""-1.0"",""label"":""Not Applicable""},{""value"":""1.0"",""label"":""Ge 3 Weeks Early""},{""value"":""2.0"",""label"":""37-41 Weeks""},{""value"":""3.0"",""label"":""Ge 2 Weeks Late""}]"
17,e012c,Method of Delivery,numeric,ORDINAL,NA,"[{""value"":""-4.0"",""label"":""Vague""},{""value"":""-3.0"",""label"":""Not Stated""},{""value"":""-2.0"",""label"":""Not Known""},{""value"":""-1.0"",""label"":""Not Applicable""},{""value"":""1.0"",""label"":""Vertex""},{""value"":""2.0"",""label"":""Breech""},{""value"":""3.0"",""label"":""Forceps""},{""value"":""4.0"",""label"":""Caesarn""},{""value"":""5.0"",""label"":""Other""},{""value"":""6.0"",""label"":""Vtx""},{""value"":""7.0"",""label"":""Brch Fcps""}]"
18,e013,Number of Subsequent Children,numeric,ORDINAL,NA,"[{""value"":""-4.0"",""label"":""Vague""},{""value"":""-3.0"",""label"":""Not Stated""},{""value"":""-2.0"",""label"":""Not Known""},{""value"":""-1.0"",""label"":""Not Applicable""},{""value"":""0.0"",""label"":""None""}]"
19,e014a,Child 2 Sex,numeric,ORDINAL,NA,"[{""value"":""-3.0"",""label"":""Not Stated""},{""value"":""-1.0"",""label"":""Not Applicable""},{""value"":""1.0"",""label"":""Singleton-Boy""},{""value"":""2.0"",""label"":""Singleton-Girl""},{""value"":""3.0"",""label"":""Singleton-Not Stated""},{""value"":""4.0"",""label"":""Twin-Boy""},{""value"":""5.0"",""label"":""Twin-Girl""},{""value"":""6.0"",""label"":""Twin-Not Stated""},{""value"":""9.0"",""label"":""Not Stated""}]"
20,e014b,Child 2 Month of Birth,numeric,ORDINAL,NA,"[{""value"":""-3.0"",""label"":""Not Stated""},{""value"":""-1.0"",""label"":""Not Applicable""}]"
21,e014c,Child 2 Year of Birth 1970-75,numeric,ORDINAL,NA,"[{""value"":""-3.0"",""label"":""Not Stated""},{""value"":""-1.0"",""label"":""Not Applicable""}]"
22,e014d,Child 2 Birthweight (oz),numeric,ORDINAL,NA,"[{""value"":""-3.0"",""label"":""Not Stated""},{""value"":""-2.0"",""label"":""Not Known""},{""value"":""-1.0"",""label"":""Not Applicable""},{""value"":""0.0"",""label"":""Not Given""},{""value"":""999.0"",""label"":""Not Stated""}]"
23,e014e,Child 2 Gestation,numeric,ORDINAL,NA,"[{""value"":""-3.0"",""label"":""Not Stated""},{""value"":""-2.0"",""label"":""Not Known""},{""value"":""-1.0"",""label"":""Not Applicable""},{""value"":""0.0"",""label"":""Not Known""},{""value"":""1.0"",""label"":""Over 3 Weeks Early""},{""value"":""2.0"",""label"":""At Term""},{""value"":""3.0"",""label"":""Over 2 Weeks Late""},{""value"":""9.0"",""label"":""Not Stated""}]"
24,e014f,Child 2 Method of Delivery,numeric,ORDINAL,NA,"[{""value"":""-3.0"",""label"":""Not Stated""},{""value"":""-2.0"",""label"":""Not Known""},{""value"":""-1.0"",""label"":""Not Applicable""},{""value"":""0.0"",""label"":""Not Known""},{""value"":""1.0"",""label"":""Vertex""},{""value"":""2.0"",""label"":""Breech""},{""value"":""3.0"",""label"":""Forceps""},{""value"":""4.0"",""label"":""Caesarean""},{""value"":""5.0"",""label"":""Other""},{""value"":""6.0"",""label"":""Vertex+Forceps""},{""value"":""7.0"",""label"":""Breech+Forceps""},{""value"":""9.0"",""label"":""Not Stated""}]"
25,e014g,Child 2 Survival,numeric,ORDINAL,NA,"[{""value"":""-3.0"",""label"":""Not Stated""},{""value"":""-2.0"",""label"":""Not Known""},{""value"":""-1.0"",""label"":""Not Applicable""},{""value"":""0.0"",""label"":""Not Known""},{""value"":""1.0"",""label"":""Alive Now""},{""value"":""2.0"",""label"":""Died at 7 Days+""},{""value"":""3.0"",""label"":""Died Under 7 Days""},{""value"":""4.0"",""label"":""Stillborn""},{""value"":""9.0"",""label"":""Not Stated""}]"
26,e015a,Child 3 Sex,numeric,ORDINAL,NA,"[{""value"":""-3.0"",""label"":""Not Stated""},{""value"":""-2.0"",""label"":""Not Known""},{""value"":""-1.0"",""label"":""Not Applicable""},{""value"":""1.0"",""label"":""Singleton-Boy""},{""value"":""2.0"",""label"":""Singleton-Girl""},{""value"":""3.0"",""label"":""Singleton-Not Stated""},{""value"":""4.0"",""label"":""Twin-Boy""},{""value"":""5.0"",""label"":""Twin-Girl""},{""value"":""6.0"",""label"":""Twin-Not Stated""},{""value"":""9.0"",""label"":""Not Stated""}]"
27,e015b,Child 3 Month of Birth,numeric,NOMINAL,NA,"[{""value"":""-3.0"",""label"":""Not Stated""},{""value"":""-1.0"",""label"":""Not Applicable""}]"
28,e015c,Child 3 Year of Birth 1970-75,numeric,ORDINAL,NA,"[{""value"":""-3.0"",""label"":""Not Stated""},{""value"":""-1.0"",""label"":""Not Applicable""}]"
29,e015d,Child 3 Birthweight,numeric,ORDINAL,NA,"[{""value"":""-3.0"",""label"":""Not Stated""},{""value"":""-2.0"",""label"":""Not Known""},{""value"":""-1.0"",""label"":""Not Applicable""},{""value"":""0.0"",""label"":""Not Given""},{""value"":""999.0"",""label"":""Not Stated""}]"
30,e015e,Child 3 Gestation,numeric,ORDINAL,NA,"[{""value"":""-3.0"",""label"":""Not Stated""},{""value"":""-2.0"",""label"":""Not Known""},{""value"":""-1.0"",""label"":""Not Applicable""},{""value"":""0.0"",""label"":""Not Known""},{""value"":""1.0"",""label"":""Over 3 Weeks Early""},{""value"":""2.0"",""label"":""At Term""},{""value"":""3.0"",""label"":""Over 2 Weeks Late""},{""value"":""9.0"",""label"":""Not Stated""}]"
31,e015f,Child 3 Method Of Delivery,numeric,ORDINAL,NA,"[{""value"":""-3.0"",""label"":""Not Stated""},{""value"":""-2.0"",""label"":""Not Known""},{""value"":""-1.0"",""label"":""Not Applicable""},{""value"":""0.0"",""label"":""Not Known""},{""value"":""1.0"",""label"":""Vertex""},{""value"":""2.0"",""label"":""Breech""},{""value"":""3.0"",""label"":""Forceps""},{""value"":""4.0"",""label"":""Caesarean""},{""value"":""5.0"",""label"":""Other""},{""value"":""6.0"",""label"":""Vertex+Forceps""},{""value"":""7.0"",""label"":""Breech+Forceps""},{""value"":""9.0"",""label"":""Not Stated""}]"
32,e015g,Child 3 Survival,numeric,ORDINAL,NA,"[{""value"":""-3.0"",""label"":""Not Stated""},{""value"":""-2.0"",""label"":""Not Known""},{""value"":""-1.0"",""label"":""Not Applicable""},{""value"":""0.0"",""label"":""Not Known""},{""value"":""1.0"",""label"":""Alive Now""},{""value"":""2.0"",""label"":""Died at 7 Days +""},{""value"":""3.0"",""label"":""Died Under 7 Days""},{""value"":""4.0"",""label"":""Stillborn""},{""value"":""9.0"",""label"":""Not Stated""}]"
33,e016a,Child 4 Sex,numeric,ORDINAL,NA,"[{""value"":""-3.0"",""label"":""Not Stated""},{""value"":""-2.0"",""label"":""Not Known""},{""value"":""-1.0"",""label"":""Not Applicable""},{""value"":""1.0"",""label"":""Singleton-Boy""},{""value"":""2.0"",""label"":""Singleton-Girl""},{""value"":""3.0"",""label"":""Singleton-Not Stated""},{""value"":""4.0"",""label"":""Twin-Boy""},{""value"":""5.0"",""label"":""Twin-Girl""},{""value"":""6.0"",""label"":""Twin-Not Stated""},{""value"":""9.0"",""label"":""Not Stated""}]"
34,e016b,Child 4 Month of Birth,numeric,NOMINAL,NA,"[{""value"":""-3.0"",""label"":""Not Stated""},{""value"":""-1.0"",""label"":""Not Applicable""}]"
35,e016c,Child 4 Year of Birth 1970-75,numeric,ORDINAL,NA,"[{""value"":""-3.0"",""label"":""Not Stated""},{""value"":""-1.0"",""label"":""Not Applicable""}]"
36,e016d,Child 4 Birthweight,numeric,ORDINAL,NA,"[{""value"":""-3.0"",""label"":""Not Stated""},{""value"":""-2.0"",""label"":""Not Known""},{""value"":""-1.0"",""label"":""Not Applicable""},{""value"":""0.0"",""label"":""Not Given""},{""value"":""999.0"",""label"":""Not Stated""}]"
37,e016e,Child 4 Gestation,numeric,ORDINAL,NA,"[{""value"":""-3.0"",""label"":""Not Stated""},{""value"":""-2.0"",""label"":""Not Known""},{""value"":""-1.0"",""label"":""Not Applicable""},{""value"":""0.0"",""label"":""Not Known""},{""value"":""1.0"",""label"":""Over 3 Weeks Early""},{""value"":""2.0"",""label"":""At Term""},{""value"":""3.0"",""label"":""Over 2 Weeks Late""},{""value"":""9.0"",""label"":""Not Stated""}]"
38,e016f,Child 4 Method of Delivery,numeric,ORDINAL,NA,"[{""value"":""-3.0"",""label"":""Not Stated""},{""value"":""-2.0"",""label"":""Not Known""},{""value"":""-1.0"",""label"":""Not Applicable""},{""value"":""0.0"",""label"":""Not Known""},{""value"":""1.0"",""label"":""Vertex""},{""value"":""2.0"",""label"":""Breech""},{""value"":""3.0"",""label"":""Forceps""},{""value"":""4.0"",""label"":""Caesarean""},{""value"":""5.0"",""label"":""Other""},{""value"":""6.0"",""label"":""Vertex+Forceps""},{""value"":""7.0"",""label"":""Breech+Forceps""},{""value"":""9.0"",""label"":""Not Stated""}]"
39,e016g,Child 4 Survival,numeric,ORDINAL,NA,"[{""value"":""-3.0"",""label"":""Not Stated""},{""value"":""-2.0"",""label"":""Not Known""},{""value"":""-1.0"",""label"":""Not Applicable""},{""value"":""0.0"",""label"":""Not Known""},{""value"":""1.0"",""label"":""Alive Now""},{""value"":""2.0"",""label"":""Died at 7 Days +""},{""value"":""3.0"",""label"":""Died Under 7 Days""},{""value"":""4.0"",""label"":""Stillborn""},{""value"":""9.0"",""label"":""Not Stated""}]"
40,e017a,Child 5 Sex,numeric,ORDINAL,NA,"[{""value"":""-3.0"",""label"":""Not Stated""},{""value"":""-2.0"",""label"":""Not Known""},{""value"":""-1.0"",""label"":""Not Applicable""},{""value"":""1.0"",""label"":""Singleton-Boy""},{""value"":""2.0"",""label"":""Singleton-Girl""},{""value"":""3.0"",""label"":""Singleton-Not Stated""},{""value"":""4.0"",""label"":""Twin-Boy""},{""value"":""5.0"",""label"":""Twin-Girl""},{""value"":""6.0"",""label"":""Twin-Not Stated""},{""value"":""9.0"",""label"":""Not Stated""}]"
41,e017b,Child 5 Month of Birth,numeric,ORDINAL,NA,"[{""value"":""-1.0"",""label"":""Not Applicable""}]"
42,e017c,Child 5 Year of Birth 1970-1975,numeric,ORDINAL,NA,"[{""value"":""-1.0"",""label"":""Not Applicable""}]"
43,e017d,Child 5 Birthweight,numeric,ORDINAL,NA,"[{""value"":""-3.0"",""label"":""Not Stated""},{""value"":""-2.0"",""label"":""Not Known""},{""value"":""-1.0"",""label"":""Not Applicable""},{""value"":""0.0"",""label"":""Not Given""},{""value"":""999.0"",""label"":""Not Stated""}]"
44,e017e,Child 5 Gestation,numeric,ORDINAL,NA,"[{""value"":""-3.0"",""label"":""Not Stated""},{""value"":""-2.0"",""label"":""Not Known""},{""value"":""-1.0"",""label"":""Not Applicable""},{""value"":""0.0"",""label"":""Not Known""},{""value"":""1.0"",""label"":""Over 3 Weeks Early""},{""value"":""2.0"",""label"":""At Term""},{""value"":""3.0"",""label"":""Over 2 Weeks Late""},{""value"":""9.0"",""label"":""Not Stated""}]"
45,e017f,Child 5 Method of Delivery,numeric,ORDINAL,NA,"[{""value"":""-3.0"",""label"":""Not Stated""},{""value"":""-2.0"",""label"":""Not Known""},{""value"":""-1.0"",""label"":""Not Applicable""},{""value"":""0.0"",""label"":""Not Known""},{""value"":""1.0"",""label"":""Vertex""},{""value"":""2.0"",""label"":""Breech""},{""value"":""3.0"",""label"":""Forceps""},{""value"":""4.0"",""label"":""Caesarean""},{""value"":""5.0"",""label"":""Other""},{""value"":""6.0"",""label"":""Vertex+Forceps""},{""value"":""7.0"",""label"":""Breech+Forceps""},{""value"":""9.0"",""label"":""Not Stated""}]"
46,e017g,Child 5 Survival,numeric,ORDINAL,NA,"[{""value"":""-3.0"",""label"":""Not Stated""},{""value"":""-2.0"",""label"":""Not Known""},{""value"":""-1.0"",""label"":""Not Applicable""},{""value"":""0.0"",""label"":""Not Known""},{""value"":""1.0"",""label"":""Alive Now""},{""value"":""2.0"",""label"":""Died at 7 Days +""},{""value"":""3.0"",""label"":""Died Under 7 Days""},{""value"":""4.0"",""label"":""Stillborn""},{""value"":""9.0"",""label"":""Not Stated""}]"
47,e018a,First Regular Contact with Mother-Hours,numeric,ORDINAL,NA,"[{""value"":""-4.0"",""label"":""Vague""},{""value"":""-3.0"",""label"":""Not Stated""},{""value"":""-2.0"",""label"":""Not Known""},{""value"":""-1.0"",""label"":""Not Applicable""},{""value"":""1.0"",""label"":""Lt 24 Hrs""},{""value"":""2.0"",""label"":""25-48 Hr""},{""value"":""3.0"",""label"":""Gt 48 Hr""}]"
48,e018b,First Regular Contact After Two Days,numeric,ORDINAL,NA,"[{""value"":""-4.0"",""label"":""Vague""},{""value"":""-3.0"",""label"":""Not Stated""},{""value"":""-2.0"",""label"":""Not Known""},{""value"":""-1.0"",""label"":""Not Applicable""}]"
49,e018c,Separations After Regular Contact,numeric,ORDINAL,NA,"[{""value"":""-4.0"",""label"":""Vague""},{""value"":""-3.0"",""label"":""Not Stated""},{""value"":""-2.0"",""label"":""Not Known""},{""value"":""-1.0"",""label"":""Not Applicable""},{""value"":""1.0"",""label"":""None""},{""value"":""2.0"",""label"":""Sepr Ge 24 Hrs""},{""value"":""3.0"",""label"":""Cant Rem""}]"
50,e019,Number Of Days Separated,numeric,ORDINAL,NA,"[{""value"":""-4.0"",""label"":""Vague""},{""value"":""-3.0"",""label"":""Not Stated""},{""value"":""-2.0"",""label"":""Not Known""},{""value"":""-1.0"",""label"":""Not Applicable""}]"
51,e020,Breast Feeding,numeric,ORDINAL,NA,"[{""value"":""-4.0"",""label"":""Vague""},{""value"":""-3.0"",""label"":""Not Stated""},{""value"":""-2.0"",""label"":""Not Known""},{""value"":""-1.0"",""label"":""Not Applicable""},{""value"":""1.0"",""label"":""Yes Lt 1 Mth""},{""value"":""2.0"",""label"":""Yes Ge 1 Lt 3mth""},{""value"":""3.0"",""label"":""Yes Ge 3 Mths""},{""value"":""4.0"",""label"":""Yes NK How Long""},{""value"":""5.0"",""label"":""Never Breast Fed""}]"
52,e021,Number Of Immunsiations,numeric,ORDINAL,NA,"[{""value"":""-3.0"",""label"":""No Information""},{""value"":""0.0"",""label"":""No Immunisations""},{""value"":""1.0"",""label"":""1 Imm""},{""value"":""2.0"",""label"":""2 Imms""},{""value"":""3.0"",""label"":""3 Imms""},{""value"":""4.0"",""label"":""4 Imms""},{""value"":""5.0"",""label"":""5 Imms""},{""value"":""6.0"",""label"":""6 Imms""},{""value"":""7.0"",""label"":""7 Imms""},{""value"":""8.0"",""label"":""8 Imms""},{""value"":""9.0"",""label"":""9 Imms""},{""value"":""10.0"",""label"":""10 Imms""},{""value"":""11.0"",""label"":""11 Imms""},{""value"":""12.0"",""label"":""12 Imms""}]"
53,e022a,Age of First Whooping Cough Imm,numeric,ORDINAL,NA,"[{""value"":""-9.0"",""label"":""Diseases N.S""},{""value"":""-8.0"",""label"":""Never ImmunIsed""},{""value"":""-7.0"",""label"":""No Information""},{""value"":""-6.0"",""label"":""No Wh Cough Imm""},{""value"":""-4.0"",""label"":""3 Wc Imms Only""},{""value"":""-3.0"",""label"":""Not Stated""},{""value"":""-2.0"",""label"":""Not Known""},{""value"":""-1.0"",""label"":""Not Applicable""},{""value"":""70.0"",""label"":""1970""},{""value"":""71.0"",""label"":""1971""},{""value"":""72.0"",""label"":""1972""},{""value"":""73.0"",""label"":""1973""},{""value"":""74.0"",""label"":""1974""},{""value"":""75.0"",""label"":""1975""},{""value"":""81.0"",""label"":""At Birth""},{""value"":""82.0"",""label"":""1 Day""},{""value"":""83.0"",""label"":""2 Days""},{""value"":""84.0"",""label"":""3 Days""},{""value"":""85.0"",""label"":""4 Days""},{""value"":""86.0"",""label"":""5 Days""},{""value"":""87.0"",""label"":""6 Days""},{""value"":""92.0"",""label"":""1 Week""},{""value"":""93.0"",""label"":""2 Weeks""},{""value"":""94.0"",""label"":""3 Weeks""}]"
54,e022b,Age of Second Whooping Cough Imm,numeric,ORDINAL,NA,"[{""value"":""-9.0"",""label"":""Diseases N.S""},{""value"":""-8.0"",""label"":""Never Immunised""},{""value"":""-7.0"",""label"":""No Information""},{""value"":""-6.0"",""label"":""No Wh Cough Imm""},{""value"":""-4.0"",""label"":""3 Wc Imms Only""},{""value"":""-3.0"",""label"":""Not Stated""},{""value"":""-2.0"",""label"":""Not Known""},{""value"":""-1.0"",""label"":""Not Applicable""},{""value"":""70.0"",""label"":""1970""},{""value"":""71.0"",""label"":""1971""},{""value"":""72.0"",""label"":""1972""},{""value"":""73.0"",""label"":""1973""},{""value"":""74.0"",""label"":""1974""},{""value"":""75.0"",""label"":""1975""},{""value"":""81.0"",""label"":""At Birth""},{""value"":""82.0"",""label"":""1 Day""},{""value"":""83.0"",""label"":""2 Days""},{""value"":""84.0"",""label"":""3 Days""},{""value"":""85.0"",""label"":""4 Days""},{""value"":""86.0"",""label"":""5 Days""},{""value"":""87.0"",""label"":""6 Days""},{""value"":""92.0"",""label"":""1 Week""},{""value"":""93.0"",""label"":""2 Weeks""},{""value"":""94.0"",""label"":""3 Weeks""}]"
55,e022c,Age of Third Whooping Cough Imm,numeric,ORDINAL,NA,"[{""value"":""-9.0"",""label"":""Diseases N.S""},{""value"":""-8.0"",""label"":""Never Immunised""},{""value"":""-7.0"",""label"":""No Information""},{""value"":""-6.0"",""label"":""No Wh Cough Imm""},{""value"":""-4.0"",""label"":""3 Wc Imms Only""},{""value"":""-3.0"",""label"":""Not Stated""},{""value"":""-2.0"",""label"":""Not Known""},{""value"":""-1.0"",""label"":""Not Applicable""},{""value"":""70.0"",""label"":""1970""},{""value"":""71.0"",""label"":""1971""},{""value"":""72.0"",""label"":""1972""},{""value"":""73.0"",""label"":""1973""},{""value"":""74.0"",""label"":""1974""},{""value"":""75.0"",""label"":""1975""},{""value"":""81.0"",""label"":""At Birth""},{""value"":""82.0"",""label"":""1 Day""},{""value"":""83.0"",""label"":""2 Days""},{""value"":""84.0"",""label"":""3 Days""},{""value"":""85.0"",""label"":""4 Days""},{""value"":""86.0"",""label"":""5 Days""},{""value"":""87.0"",""label"":""6 Days""},{""value"":""92.0"",""label"":""1 Week""},{""value"":""93.0"",""label"":""2 Weeks""},{""value"":""94.0"",""label"":""3 Weeks""}]"
56,e022d,Age Of Fourth Whooping Cough Imm,numeric,ORDINAL,NA,"[{""value"":""-9.0"",""label"":""Diseases N.S""},{""value"":""-8.0"",""label"":""Never Immunised""},{""value"":""-7.0"",""label"":""No Information""},{""value"":""-6.0"",""label"":""No Wh Cough Imm""},{""value"":""-4.0"",""label"":""3 Wc Imms Only""},{""value"":""-3.0"",""label"":""Not Stated""},{""value"":""-2.0"",""label"":""Not Known""},{""value"":""-1.0"",""label"":""Not Applicable""},{""value"":""70.0"",""label"":""1970""},{""value"":""71.0"",""label"":""1971""},{""value"":""72.0"",""label"":""1972""},{""value"":""73.0"",""label"":""1973""},{""value"":""74.0"",""label"":""1974""},{""value"":""75.0"",""label"":""1975""},{""value"":""81.0"",""label"":""At Birth""},{""value"":""82.0"",""label"":""1 Day""},{""value"":""83.0"",""label"":""2 Days""},{""value"":""84.0"",""label"":""3 Days""},{""value"":""85.0"",""label"":""4 Days""},{""value"":""86.0"",""label"":""5 Days""},{""value"":""87.0"",""label"":""6 Days""},{""value"":""92.0"",""label"":""1 Week""},{""value"":""93.0"",""label"":""2 Weeks""},{""value"":""94.0"",""label"":""3 Weeks""}]"
57,e022e,No. of Diptheria Immunisations,numeric,NOMINAL,NA,"[{""value"":""-3.0"",""label"":""Not Stated""},{""value"":""-2.0"",""label"":""Not Known""},{""value"":""-1.0"",""label"":""Not Applicable""}]"
58,e022f,Age of First Diphtheria Imm,numeric,ORDINAL,NA,"[{""value"":""-9.0"",""label"":""Diseases N.S""},{""value"":""-8.0"",""label"":""Never Immunised""},{""value"":""-7.0"",""label"":""No Information""},{""value"":""-6.0"",""label"":""No Diphtheria Imm""},{""value"":""-4.0"",""label"":""3 Diph Only""},{""value"":""-3.0"",""label"":""Not Stated""},{""value"":""-2.0"",""label"":""Not Known""},{""value"":""-1.0"",""label"":""Not Applicable""},{""value"":""70.0"",""label"":""1970""},{""value"":""71.0"",""label"":""1971""},{""value"":""72.0"",""label"":""1972""},{""value"":""73.0"",""label"":""1973""},{""value"":""74.0"",""label"":""1974""},{""value"":""75.0"",""label"":""1975""},{""value"":""81.0"",""label"":""At Birth""},{""value"":""82.0"",""label"":""1 Day""},{""value"":""83.0"",""label"":""2 Days""},{""value"":""84.0"",""label"":""3 Days""},{""value"":""85.0"",""label"":""4 Days""},{""value"":""86.0"",""label"":""5 Days""},{""value"":""87.0"",""label"":""6 Days""},{""value"":""92.0"",""label"":""1 Week""},{""value"":""93.0"",""label"":""2 Weeks""},{""value"":""94.0"",""label"":""3 Weeks""}]"
59,e022g,Age of Second Diphtheria Imm,numeric,ORDINAL,NA,"[{""value"":""-9.0"",""label"":""Diseases N.S""},{""value"":""-8.0"",""label"":""Never Immunised""},{""value"":""-7.0"",""label"":""No Information""},{""value"":""-6.0"",""label"":""No Diphtheria Imm""},{""value"":""-4.0"",""label"":""3 Diph Only""},{""value"":""-3.0"",""label"":""Not Stated""},{""value"":""-2.0"",""label"":""Not Known""},{""value"":""-1.0"",""label"":""Not Applicable""},{""value"":""70.0"",""label"":""1970""},{""value"":""71.0"",""label"":""1971""},{""value"":""72.0"",""label"":""1972""},{""value"":""73.0"",""label"":""1973""},{""value"":""74.0"",""label"":""1974""},{""value"":""75.0"",""label"":""1975""},{""value"":""81.0"",""label"":""At Birth""},{""value"":""82.0"",""label"":""1 Day""},{""value"":""83.0"",""label"":""2 Days""},{""value"":""84.0"",""label"":""3 Days""},{""value"":""85.0"",""label"":""4 Days""},{""value"":""86.0"",""label"":""5 Days""},{""value"":""87.0"",""label"":""6 Days""},{""value"":""92.0"",""label"":""1 Week""},{""value"":""93.0"",""label"":""2 Weeks""},{""value"":""94.0"",""label"":""3 Weeks""}]"
60,e022h,Age of Third Diphtheria Imm,numeric,ORDINAL,NA,"[{""value"":""-9.0"",""label"":""Diseases N.S""},{""value"":""-8.0"",""label"":""Never Immunised""},{""value"":""-7.0"",""label"":""No Information""},{""value"":""-6.0"",""label"":""No Diphtheria Imm""},{""value"":""-4.0"",""label"":""3 Diph Only""},{""value"":""-3.0"",""label"":""Not Stated""},{""value"":""-2.0"",""label"":""Not Known""},{""value"":""-1.0"",""label"":""Not Applicable""},{""value"":""70.0"",""label"":""1970""},{""value"":""71.0"",""label"":""1971""},{""value"":""72.0"",""label"":""1972""},{""value"":""73.0"",""label"":""1973""},{""value"":""74.0"",""label"":""1974""},{""value"":""75.0"",""label"":""1975""},{""value"":""81.0"",""label"":""At Birth""},{""value"":""82.0"",""label"":""1 Day""},{""value"":""83.0"",""label"":""2 Days""},{""value"":""84.0"",""label"":""3 Days""},{""value"":""85.0"",""label"":""4 Days""},{""value"":""86.0"",""label"":""5 Days""},{""value"":""87.0"",""label"":""6 Days""},{""value"":""92.0"",""label"":""1 Week""},{""value"":""93.0"",""label"":""2 Weeks""},{""value"":""94.0"",""label"":""3 Weeks""}]"
61,e022i,Age of Fourth Diphtheria Imm,numeric,ORDINAL,NA,"[{""value"":""-9.0"",""label"":""Diseases N.S""},{""value"":""-8.0"",""label"":""Never Immunised""},{""value"":""-7.0"",""label"":""No Information""},{""value"":""-6.0"",""label"":""No Diphtheria Imm""},{""value"":""-4.0"",""label"":""3 Diph Only""},{""value"":""-3.0"",""label"":""Not Stated""},{""value"":""-2.0"",""label"":""Not Known""},{""value"":""-1.0"",""label"":""Not Applicable""},{""value"":""70.0"",""label"":""1970""},{""value"":""71.0"",""label"":""1971""},{""value"":""72.0"",""label"":""1972""},{""value"":""73.0"",""label"":""1973""},{""value"":""74.0"",""label"":""1974""},{""value"":""75.0"",""label"":""1975""},{""value"":""81.0"",""label"":""At Birth""},{""value"":""82.0"",""label"":""1 Day""},{""value"":""83.0"",""label"":""2 Days""},{""value"":""84.0"",""label"":""3 Days""},{""value"":""85.0"",""label"":""4 Days""},{""value"":""86.0"",""label"":""5 Days""},{""value"":""87.0"",""label"":""6 Days""},{""value"":""92.0"",""label"":""1 Week""},{""value"":""93.0"",""label"":""2 Weeks""},{""value"":""94.0"",""label"":""3 Weeks""}]"
62,e022j,No. of Tetanus Immunisations,numeric,ORDINAL,NA,"[{""value"":""-3.0"",""label"":""Not Stated""},{""value"":""-2.0"",""label"":""Not Known""},{""value"":""-1.0"",""label"":""Not Applicable""}]"
63,e022k,Age of First Tetanus Imm,numeric,ORDINAL,NA,"[{""value"":""-9.0"",""label"":""Diseases N.S""},{""value"":""-8.0"",""label"":""Never Immunised""},{""value"":""-7.0"",""label"":""No Information""},{""value"":""-6.0"",""label"":""No Tetanus Imm""},{""value"":""-5.0"",""label"":""4 Tet Only""},{""value"":""-4.0"",""label"":""3 Tet Only""},{""value"":""-3.0"",""label"":""Not Stated""},{""value"":""-2.0"",""label"":""Not Known""},{""value"":""-1.0"",""label"":""Not Applicable""},{""value"":""70.0"",""label"":""1970""},{""value"":""71.0"",""label"":""1971""},{""value"":""72.0"",""label"":""1972""},{""value"":""73.0"",""label"":""1973""},{""value"":""74.0"",""label"":""1974""},{""value"":""75.0"",""label"":""1975""},{""value"":""81.0"",""label"":""At Birth""},{""value"":""82.0"",""label"":""1 Day""},{""value"":""83.0"",""label"":""2 Days""},{""value"":""84.0"",""label"":""3 Days""},{""value"":""85.0"",""label"":""4 Days""},{""value"":""86.0"",""label"":""5 Days""},{""value"":""87.0"",""label"":""6 Days""},{""value"":""92.0"",""label"":""1 Week""},{""value"":""93.0"",""label"":""2 Weeks""},{""value"":""94.0"",""label"":""3 Weeks""}]"
64,e022l,Age of Second Tetanus Imm,numeric,ORDINAL,NA,"[{""value"":""-9.0"",""label"":""Diseases N.S""},{""value"":""-8.0"",""label"":""Never Immunised""},{""value"":""-7.0"",""label"":""No Information""},{""value"":""-6.0"",""label"":""No Tetanus Imm""},{""value"":""-5.0"",""label"":""4 Tet Only""},{""value"":""-4.0"",""label"":""3 Tet Only""},{""value"":""-3.0"",""label"":""Not Stated""},{""value"":""-2.0"",""label"":""Not Known""},{""value"":""-1.0"",""label"":""Not Applicable""},{""value"":""70.0"",""label"":""1970""},{""value"":""71.0"",""label"":""1971""},{""value"":""72.0"",""label"":""1972""},{""value"":""73.0"",""label"":""1973""},{""value"":""74.0"",""label"":""1974""},{""value"":""75.0"",""label"":""1975""},{""value"":""81.0"",""label"":""At Birth""},{""value"":""82.0"",""label"":""1 Day""},{""value"":""83.0"",""label"":""2 Days""},{""value"":""84.0"",""label"":""3 Days""},{""value"":""85.0"",""label"":""4 Days""},{""value"":""86.0"",""label"":""5 Days""},{""value"":""87.0"",""label"":""6 Days""},{""value"":""92.0"",""label"":""1 Week""},{""value"":""93.0"",""label"":""2 Weeks""},{""value"":""94.0"",""label"":""3 Weeks""}]"
65,e022m,Age of Third Tetanus Imm,numeric,ORDINAL,NA,"[{""value"":""-9.0"",""label"":""Diseases N.S""},{""value"":""-8.0"",""label"":""Never Immunised""},{""value"":""-7.0"",""label"":""No Information""},{""value"":""-6.0"",""label"":""No Tetanus Imm""},{""value"":""-5.0"",""label"":""4 Tet Only""},{""value"":""-4.0"",""label"":""3 Tet Only""},{""value"":""-3.0"",""label"":""Not Stated""},{""value"":""-2.0"",""label"":""Not Known""},{""value"":""-1.0"",""label"":""Not Applicable""},{""value"":""70.0"",""label"":""1970""},{""value"":""71.0"",""label"":""1971""},{""value"":""72.0"",""label"":""1972""},{""value"":""73.0"",""label"":""1973""},{""value"":""74.0"",""label"":""1974""},{""value"":""75.0"",""label"":""1975""},{""value"":""81.0"",""label"":""At Birth""},{""value"":""82.0"",""label"":""1 Day""},{""value"":""83.0"",""label"":""2 Days""},{""value"":""84.0"",""label"":""3 Days""},{""value"":""85.0"",""label"":""4 Days""},{""value"":""86.0"",""label"":""5 Days""},{""value"":""87.0"",""label"":""6 Days""},{""value"":""92.0"",""label"":""1 Week""},{""value"":""93.0"",""label"":""2 Weeks""},{""value"":""94.0"",""label"":""3 Weeks""}]"
66,e022n,Age of Fourth Tetanus Imm,numeric,ORDINAL,NA,"[{""value"":""-9.0"",""label"":""Diseases N.S""},{""value"":""-8.0"",""label"":""Never Immunised""},{""value"":""-7.0"",""label"":""No Information""},{""value"":""-6.0"",""label"":""No Tetanus Imm""},{""value"":""-5.0"",""label"":""4 Tet Only""},{""value"":""-4.0"",""label"":""3 Tet Only""},{""value"":""-3.0"",""label"":""Not Stated""},{""value"":""-2.0"",""label"":""Not Known""},{""value"":""-1.0"",""label"":""Not Applicable""},{""value"":""70.0"",""label"":""1970""},{""value"":""71.0"",""label"":""1971""},{""value"":""72.0"",""label"":""1972""},{""value"":""73.0"",""label"":""1973""},{""value"":""74.0"",""label"":""1974""},{""value"":""75.0"",""label"":""1975""},{""value"":""81.0"",""label"":""At Birth""},{""value"":""82.0"",""label"":""1 Day""},{""value"":""83.0"",""label"":""2 Days""},{""value"":""84.0"",""label"":""3 Days""},{""value"":""85.0"",""label"":""4 Days""},{""value"":""86.0"",""label"":""5 Days""},{""value"":""87.0"",""label"":""6 Days""},{""value"":""92.0"",""label"":""1 Week""},{""value"":""93.0"",""label"":""2 Weeks""},{""value"":""94.0"",""label"":""3 Weeks""}]"
67,e022p,Age of Fifth Tetanus Imm,numeric,ORDINAL,NA,"[{""value"":""-9.0"",""label"":""Diseases N.S""},{""value"":""-8.0"",""label"":""Never Immunised""},{""value"":""-7.0"",""label"":""No Information""},{""value"":""-6.0"",""label"":""No Tetanus Imm""},{""value"":""-5.0"",""label"":""4 Tet Only""},{""value"":""-4.0"",""label"":""3 Tet Only""},{""value"":""-3.0"",""label"":""Not Stated""},{""value"":""-2.0"",""label"":""Not Known""},{""value"":""-1.0"",""label"":""Not Applicable""},{""value"":""70.0"",""label"":""1970""},{""value"":""71.0"",""label"":""1971""},{""value"":""72.0"",""label"":""1972""},{""value"":""73.0"",""label"":""1973""},{""value"":""74.0"",""label"":""1974""},{""value"":""75.0"",""label"":""1975""},{""value"":""81.0"",""label"":""At Birth""},{""value"":""82.0"",""label"":""1 Day""},{""value"":""83.0"",""label"":""2 Days""},{""value"":""84.0"",""label"":""3 Days""},{""value"":""85.0"",""label"":""4 Days""},{""value"":""86.0"",""label"":""5 Days""},{""value"":""87.0"",""label"":""6 Days""},{""value"":""92.0"",""label"":""1 Week""},{""value"":""93.0"",""label"":""2 Weeks""},{""value"":""94.0"",""label"":""3 Weeks""}]"
68,e023a,Age of First Measles Imm,numeric,ORDINAL,NA,"[{""value"":""-9.0"",""label"":""Diseases N.S""},{""value"":""-8.0"",""label"":""Never Immunised""},{""value"":""-7.0"",""label"":""No Information""},{""value"":""-6.0"",""label"":""No Measles Imm""},{""value"":""-3.0"",""label"":""Not Stated""},{""value"":""-2.0"",""label"":""Not Known""},{""value"":""-1.0"",""label"":""Not Applicable""},{""value"":""70.0"",""label"":""1970""},{""value"":""71.0"",""label"":""1971""},{""value"":""72.0"",""label"":""1972""},{""value"":""73.0"",""label"":""1973""},{""value"":""74.0"",""label"":""1974""},{""value"":""75.0"",""label"":""1975""},{""value"":""81.0"",""label"":""At Birth""},{""value"":""82.0"",""label"":""1 Day""},{""value"":""83.0"",""label"":""2 Days""},{""value"":""84.0"",""label"":""3 Days""},{""value"":""85.0"",""label"":""4 Days""},{""value"":""86.0"",""label"":""5 Days""},{""value"":""87.0"",""label"":""6 Days""},{""value"":""92.0"",""label"":""1 Week""},{""value"":""93.0"",""label"":""2 Weeks""},{""value"":""94.0"",""label"":""3 Weeks""}]"
69,e023b,Age of First B.C.G. Imm,numeric,ORDINAL,NA,"[{""value"":""-9.0"",""label"":""Diseases N.S""},{""value"":""-8.0"",""label"":""Never Immunised""},{""value"":""-7.0"",""label"":""No Information""},{""value"":""-6.0"",""label"":""No B.C.G. Imm""},{""value"":""-3.0"",""label"":""Not Stated""},{""value"":""-2.0"",""label"":""Not Known""},{""value"":""-1.0"",""label"":""Not Applicable""},{""value"":""70.0"",""label"":""1970""},{""value"":""71.0"",""label"":""1971""},{""value"":""72.0"",""label"":""1972""},{""value"":""73.0"",""label"":""1973""},{""value"":""74.0"",""label"":""1974c""},{""value"":""75.0"",""label"":""1975""},{""value"":""81.0"",""label"":""At Birth""},{""value"":""82.0"",""label"":""1 Day""},{""value"":""83.0"",""label"":""2 Days""},{""value"":""84.0"",""label"":""3 Days""},{""value"":""85.0"",""label"":""4 Days""},{""value"":""86.0"",""label"":""5 Days""},{""value"":""87.0"",""label"":""6 Days""},{""value"":""92.0"",""label"":""1 Week""},{""value"":""93.0"",""label"":""2 Weeks""},{""value"":""94.0"",""label"":""3 Weeks""}]"
70,e023c,No. of Polio Immunisations,numeric,ORDINAL,NA,"[{""value"":""-3.0"",""label"":""Not Stated""},{""value"":""-2.0"",""label"":""Not Known""},{""value"":""-1.0"",""label"":""Not Applicable""}]"
71,e023d,Age of First Polio Imm,numeric,ORDINAL,NA,"[{""value"":""-9.0"",""label"":""Diseases N.S""},{""value"":""-8.0"",""label"":""Never Immunised""},{""value"":""-7.0"",""label"":""No Information""},{""value"":""-6.0"",""label"":""No Polio Imm""},{""value"":""-4.0"",""label"":""3 Polio Only""},{""value"":""-3.0"",""label"":""Not Stated""},{""value"":""-2.0"",""label"":""Not Known""},{""value"":""-1.0"",""label"":""Not Applicable""},{""value"":""70.0"",""label"":""1970""},{""value"":""71.0"",""label"":""1971""},{""value"":""72.0"",""label"":""1972""},{""value"":""73.0"",""label"":""1973""},{""value"":""74.0"",""label"":""1974""},{""value"":""75.0"",""label"":""1975""},{""value"":""81.0"",""label"":""At Birth""},{""value"":""82.0"",""label"":""1 Day""},{""value"":""83.0"",""label"":""2 Days""},{""value"":""84.0"",""label"":""3 Days""},{""value"":""85.0"",""label"":""4 Days""},{""value"":""86.0"",""label"":""5 Days""},{""value"":""87.0"",""label"":""6 Days""},{""value"":""92.0"",""label"":""1 Week""},{""value"":""93.0"",""label"":""2 Weeks""},{""value"":""94.0"",""label"":""3 Weeks""}]"
72,e023e,Age of Second Polio Imm,numeric,ORDINAL,NA,"[{""value"":""-9.0"",""label"":""Diseases N.S""},{""value"":""-8.0"",""label"":""Never Immunised""},{""value"":""-7.0"",""label"":""No Information""},{""value"":""-6.0"",""label"":""No Polio Imm""},{""value"":""-4.0"",""label"":""3 Polio Only""},{""value"":""-3.0"",""label"":""Not Stated""},{""value"":""-2.0"",""label"":""Not Known""},{""value"":""-1.0"",""label"":""Not Applicable""},{""value"":""70.0"",""label"":""1970""},{""value"":""71.0"",""label"":""1971""},{""value"":""72.0"",""label"":""1972""},{""value"":""73.0"",""label"":""1973""},{""value"":""74.0"",""label"":""1974""},{""value"":""75.0"",""label"":""1975""},{""value"":""81.0"",""label"":""At Birth""},{""value"":""82.0"",""label"":""1 Day""},{""value"":""83.0"",""label"":""2 Days""},{""value"":""84.0"",""label"":""3 Days""},{""value"":""85.0"",""label"":""4 Days""},{""value"":""86.0"",""label"":""5 Days""},{""value"":""87.0"",""label"":""6 Days""},{""value"":""92.0"",""label"":""1 Week""},{""value"":""93.0"",""label"":""2 Weeks""},{""value"":""94.0"",""label"":""3 Weeks""}]"
73,e023f,Age of Third Polio Imm,numeric,ORDINAL,NA,"[{""value"":""-9.0"",""label"":""Diseases N.S""},{""value"":""-8.0"",""label"":""Never Immunised""},{""value"":""-7.0"",""label"":""No Information""},{""value"":""-6.0"",""label"":""No Polio Imm""},{""value"":""-4.0"",""label"":""3 Polio Only""},{""value"":""-3.0"",""label"":""Not Stated""},{""value"":""-2.0"",""label"":""Not Known""},{""value"":""-1.0"",""label"":""Not Applicable""},{""value"":""70.0"",""label"":""1970""},{""value"":""71.0"",""label"":""1971""},{""value"":""72.0"",""label"":""1972""},{""value"":""73.0"",""label"":""1973""},{""value"":""74.0"",""label"":""1974""},{""value"":""75.0"",""label"":""1975""},{""value"":""81.0"",""label"":""At Birth""},{""value"":""82.0"",""label"":""1 Day""},{""value"":""83.0"",""label"":""2 Days""},{""value"":""84.0"",""label"":""3 Days""},{""value"":""85.0"",""label"":""4 Days""},{""value"":""86.0"",""label"":""5 Days""},{""value"":""87.0"",""label"":""6 Days""},{""value"":""92.0"",""label"":""1 Week""},{""value"":""93.0"",""label"":""2 Weeks""},{""value"":""94.0"",""label"":""3 Weeks""}]"
74,e023g,Age of Fourth Polio Imm,numeric,ORDINAL,NA,"[{""value"":""-9.0"",""label"":""Diseases N.S""},{""value"":""-8.0"",""label"":""Never Immunised""},{""value"":""-7.0"",""label"":""No Information""},{""value"":""-6.0"",""label"":""No Polio Imm""},{""value"":""-4.0"",""label"":""3 Polio Only""},{""value"":""-3.0"",""label"":""Not Stated""},{""value"":""-2.0"",""label"":""Not Known""},{""value"":""-1.0"",""label"":""Not Applicable""},{""value"":""70.0"",""label"":""1970""},{""value"":""71.0"",""label"":""1971""},{""value"":""72.0"",""label"":""1972""},{""value"":""73.0"",""label"":""1973""},{""value"":""74.0"",""label"":""1974""},{""value"":""75.0"",""label"":""1975""},{""value"":""81.0"",""label"":""At Birth""},{""value"":""82.0"",""label"":""1 Day""},{""value"":""83.0"",""label"":""2 Days""},{""value"":""84.0"",""label"":""3 Days""},{""value"":""85.0"",""label"":""4 Days""},{""value"":""86.0"",""label"":""5 Days""},{""value"":""87.0"",""label"":""6 Days""},{""value"":""92.0"",""label"":""1 Week""},{""value"":""93.0"",""label"":""2 Weeks""},{""value"":""94.0"",""label"":""3 Weeks""}]"
75,e023h,Age of First Smallpox Imm,numeric,ORDINAL,NA,"[{""value"":""-9.0"",""label"":""Diseases N.S""},{""value"":""-8.0"",""label"":""Never Immunised""},{""value"":""-7.0"",""label"":""No Information""},{""value"":""-6.0"",""label"":""No Smallpox Imm""},{""value"":""-3.0"",""label"":""Not Stated""},{""value"":""-2.0"",""label"":""Not Known""},{""value"":""-1.0"",""label"":""Not Applicable""},{""value"":""70.0"",""label"":""1970""},{""value"":""71.0"",""label"":""1971""},{""value"":""72.0"",""label"":""1972""},{""value"":""73.0"",""label"":""1973""},{""value"":""74.0"",""label"":""1974""},{""value"":""75.0"",""label"":""1975""},{""value"":""81.0"",""label"":""At Birth""},{""value"":""82.0"",""label"":""1 Day""},{""value"":""83.0"",""label"":""2 Days""},{""value"":""84.0"",""label"":""3 Days""},{""value"":""85.0"",""label"":""4 Days""},{""value"":""86.0"",""label"":""5 Days""},{""value"":""87.0"",""label"":""6 Days""},{""value"":""92.0"",""label"":""1 Week""},{""value"":""93.0"",""label"":""2 Weeks""},{""value"":""94.0"",""label"":""3 Weeks""}]"
76,e023i,No. Other Immunisations,numeric,ORDINAL,NA,"[{""value"":""-3.0"",""label"":""Not Stated""},{""value"":""-2.0"",""label"":""Not Known""},{""value"":""-1.0"",""label"":""Not Applicable""}]"
77,e024,Immunisation:Where Given,numeric,ORDINAL,NA,"[{""value"":""-4.0"",""label"":""Vague""},{""value"":""-3.0"",""label"":""Not Stated""},{""value"":""-2.0"",""label"":""Not Known""},{""value"":""-1.0"",""label"":""Not Applicable""},{""value"":""1.0"",""label"":""Gp Surgery""},{""value"":""2.0"",""label"":""Ch Clinic""},{""value"":""4.0"",""label"":""Other Place""},{""value"":""7.0"",""label"":""All Places""}]"
78,e025a,Home Visit by Health Visitor: Ge 48 Mths,numeric,ORDINAL,NA,"[{""value"":""-3.0"",""label"":""Not Stated""},{""value"":""-2.0"",""label"":""Not Known""},{""value"":""0.0"",""label"":""Not Seen""},{""value"":""1.0"",""label"":""Seen""}]"
79,e025b,Home Visit by Health Visitor: 36-47 Mths,numeric,ORDINAL,NA,"[{""value"":""-3.0"",""label"":""Not Stated""},{""value"":""-2.0"",""label"":""Not Known""},{""value"":""0.0"",""label"":""Not Seen""},{""value"":""1.0"",""label"":""Seen""}]"
80,e025c,Home Visit by Health Visitor: 24-35 Mths,numeric,ORDINAL,NA,"[{""value"":""-3.0"",""label"":""Not Stated""},{""value"":""-2.0"",""label"":""Not Known""},{""value"":""0.0"",""label"":""Not Seen""},{""value"":""1.0"",""label"":""Seen""}]"
81,e025d,Home Visit by Health Visitor: 12-23 Mths,numeric,ORDINAL,NA,"[{""value"":""-3.0"",""label"":""Not Stated""},{""value"":""-2.0"",""label"":""Not Known""},{""value"":""0.0"",""label"":""Not Seen""},{""value"":""1.0"",""label"":""Seen""}]"
82,e025e,Home Visit by Health Visitor: 6-11 Mths,numeric,ORDINAL,NA,"[{""value"":""-3.0"",""label"":""Not Stated""},{""value"":""-2.0"",""label"":""Not Known""},{""value"":""0.0"",""label"":""Not Seen""},{""value"":""1.0"",""label"":""Seen""}]"
83,e025f,Home Visit by Health Visitor: Lt 6 Mths,numeric,ORDINAL,NA,"[{""value"":""-3.0"",""label"":""Not Stated""},{""value"":""-2.0"",""label"":""Not Known""},{""value"":""0.0"",""label"":""Not Seen""},{""value"":""1.0"",""label"":""Seen""}]"
84,e025g,Home Visit by Health Visitor: Age NK,numeric,ORDINAL,NA,"[{""value"":""-3.0"",""label"":""Not Stated""},{""value"":""-2.0"",""label"":""Not Known""},{""value"":""0.0"",""label"":""Not Seen""},{""value"":""1.0"",""label"":""Seen""}]"
85,e026a,Ch Clinic Attendance: Ge 48 Mths,numeric,ORDINAL,NA,"[{""value"":""-3.0"",""label"":""Not Stated""},{""value"":""-2.0"",""label"":""Not Known""},{""value"":""0.0"",""label"":""Not Seen""},{""value"":""1.0"",""label"":""Seen""}]"
86,e026b,Ch Clinic Attendance: 36-47 Mths,numeric,ORDINAL,NA,"[{""value"":""-3.0"",""label"":""Not Stated""},{""value"":""-2.0"",""label"":""Not Known""},{""value"":""0.0"",""label"":""Not Seen""},{""value"":""1.0"",""label"":""Seen""}]"
87,e026c,Ch Clinic Attendance: 24-35 Mths,numeric,ORDINAL,NA,"[{""value"":""-3.0"",""label"":""Not Stated""},{""value"":""-2.0"",""label"":""Not Known""},{""value"":""0.0"",""label"":""Not Seen""},{""value"":""1.0"",""label"":""Seen""}]"
88,e026d,Ch Clinic Attendance: 12-23 Mths,numeric,ORDINAL,NA,"[{""value"":""-3.0"",""label"":""Not Stated""},{""value"":""-2.0"",""label"":""Not Known""},{""value"":""0.0"",""label"":""Not Seen""},{""value"":""1.0"",""label"":""Seen""}]"
89,e026e,Ch Clinic Attendance: 6-11 Mths,numeric,ORDINAL,NA,"[{""value"":""-3.0"",""label"":""Not Stated""},{""value"":""-2.0"",""label"":""Not Known""},{""value"":""0.0"",""label"":""Not Seen""},{""value"":""1.0"",""label"":""Seen""}]"
90,e026f,Ch Clinic Attendance: Lt 6 Mths,numeric,ORDINAL,NA,"[{""value"":""-3.0"",""label"":""Not Stated""},{""value"":""-2.0"",""label"":""Not Known""},{""value"":""0.0"",""label"":""Not Seen""},{""value"":""1.0"",""label"":""Seen""}]"
91,e026g,Ch Clinic Attendance: Age NK,numeric,ORDINAL,NA,"[{""value"":""-3.0"",""label"":""Not Stated""},{""value"":""-2.0"",""label"":""Not Known""},{""value"":""0.0"",""label"":""Not Seen""},{""value"":""1.0"",""label"":""Seen""}]"
92,e027a,Gp Surgery Etc for Screening: Ge 48 Mths,numeric,ORDINAL,NA,"[{""value"":""-3.0"",""label"":""Not Stated""},{""value"":""-2.0"",""label"":""Not Known""},{""value"":""0.0"",""label"":""Not Seen""},{""value"":""1.0"",""label"":""Seen""}]"
93,e027b,Gp Surgery Etc for Screening: 36-47 Mths,numeric,ORDINAL,NA,"[{""value"":""-3.0"",""label"":""Not Stated""},{""value"":""-2.0"",""label"":""Not Known""},{""value"":""0.0"",""label"":""Not Seen""},{""value"":""1.0"",""label"":""Seen""}]"
94,e027c,Gp Surgery Etc for Screening: 24-35 Mths,numeric,ORDINAL,NA,"[{""value"":""-3.0"",""label"":""Not Stated""},{""value"":""-2.0"",""label"":""Not Known""},{""value"":""0.0"",""label"":""Not Seen""},{""value"":""1.0"",""label"":""Seen""}]"
95,e027d,Gp Surgery Etc for Screening: 12-23 Mths,numeric,ORDINAL,NA,"[{""value"":""-3.0"",""label"":""Not Stated""},{""value"":""-2.0"",""label"":""Not Known""},{""value"":""0.0"",""label"":""Not Seen""},{""value"":""1.0"",""label"":""Seen""}]"
96,e027e,Gp Surgery Etc for Screening: 6-11 Mths,numeric,ORDINAL,NA,"[{""value"":""-3.0"",""label"":""Not Stated""},{""value"":""-2.0"",""label"":""Not Known""},{""value"":""0.0"",""label"":""Not Seen""},{""value"":""1.0"",""label"":""Seen""}]"
97,e027f,Gp Surgery Etc for Screening: Lt 6 Mths,numeric,ORDINAL,NA,"[{""value"":""-3.0"",""label"":""Not Stated""},{""value"":""-2.0"",""label"":""Not Known""},{""value"":""0.0"",""label"":""Not Seen""},{""value"":""1.0"",""label"":""Seen""}]"
98,e027g,Gp Surgery Etc for Screening: Age NK,numeric,ORDINAL,NA,"[{""value"":""-3.0"",""label"":""Not Stated""},{""value"":""-2.0"",""label"":""Not Known""},{""value"":""0.0"",""label"":""Not Seen""},{""value"":""1.0"",""label"":""Seen""}]"
99,e028a,Birth Follow-Up Clinic: Ge 48 Mths,numeric,ORDINAL,NA,"[{""value"":""-3.0"",""label"":""Not Stated""},{""value"":""-2.0"",""label"":""Not Known""},{""value"":""0.0"",""label"":""Not Seen""},{""value"":""1.0"",""label"":""Seen""}]"
100,e028b,Birth Follow-Up Clinic: 36-47 Mths,numeric,ORDINAL,NA,"[{""value"":""-3.0"",""label"":""Not Stated""},{""value"":""-2.0"",""label"":""Not Known""},{""value"":""0.0"",""label"":""Not Seen""},{""value"":""1.0"",""label"":""Seen""}]"
101,e028c,Birth Follow-Up Clinic: 24-35 Mths,numeric,ORDINAL,NA,"[{""value"":""-3.0"",""label"":""Not Stated""},{""value"":""-2.0"",""label"":""Not Known""},{""value"":""0.0"",""label"":""Not Seen""},{""value"":""1.0"",""label"":""Seen""}]"
102,e028d,Birth Follow-Up Clinic: 12-23 Mths,numeric,ORDINAL,NA,"[{""value"":""-3.0"",""label"":""Not Stated""},{""value"":""-2.0"",""label"":""Not Known""},{""value"":""0.0"",""label"":""Not Seen""},{""value"":""1.0"",""label"":""Seen""}]"
103,e028e,Birth Follow-Up Clinic: 6-11 Mths,numeric,ORDINAL,NA,"[{""value"":""-3.0"",""label"":""Not Stated""},{""value"":""-2.0"",""label"":""Not Known""},{""value"":""0.0"",""label"":""Not Seen""},{""value"":""1.0"",""label"":""Seen""}]"
104,e028f,Birth Follow-Up Clinic: Lt 6 Mths,numeric,ORDINAL,NA,"[{""value"":""-3.0"",""label"":""Not Stated""},{""value"":""-2.0"",""label"":""Not Known""},{""value"":""0.0"",""label"":""Not Seen""},{""value"":""1.0"",""label"":""Seen""}]"
105,e028g,Birth Follow-Up Clinic: Age NK,numeric,ORDINAL,NA,"[{""value"":""-3.0"",""label"":""Not Stated""},{""value"":""-2.0"",""label"":""Not Known""},{""value"":""0.0"",""label"":""Not Seen""},{""value"":""1.0"",""label"":""Seen""}]"
106,e029a,Assessment Centre for Hdcp: Ge 48 Mths,numeric,ORDINAL,NA,"[{""value"":""-3.0"",""label"":""Not Stated""},{""value"":""-2.0"",""label"":""Not Known""},{""value"":""0.0"",""label"":""Not Seen""},{""value"":""1.0"",""label"":""Seen""}]"
107,e029b,Assessment Centre for Hdcp: 36-47 Mths,numeric,ORDINAL,NA,"[{""value"":""-3.0"",""label"":""Not Stated""},{""value"":""-2.0"",""label"":""Not Known""},{""value"":""0.0"",""label"":""Not Seen""},{""value"":""1.0"",""label"":""Seen""}]"
108,e029c,Assessment Centre for Hdcp: 24-35 Mths,numeric,ORDINAL,NA,"[{""value"":""-3.0"",""label"":""Not Stated""},{""value"":""-2.0"",""label"":""Not Known""},{""value"":""0.0"",""label"":""Not Seen""},{""value"":""1.0"",""label"":""Seen""}]"
109,e029d,Assessment Centre for Hdcp: 12-23 Mths,numeric,ORDINAL,NA,"[{""value"":""-3.0"",""label"":""Not Stated""},{""value"":""-2.0"",""label"":""Not Known""},{""value"":""0.0"",""label"":""Not Seen""},{""value"":""1.0"",""label"":""Seen""}]"
110,e029e,Assessment Centre for Hdcp: 6-11 Mths,numeric,ORDINAL,NA,"[{""value"":""-3.0"",""label"":""Not Stated""},{""value"":""-2.0"",""label"":""Not Known""},{""value"":""0.0"",""label"":""Not Seen""},{""value"":""1.0"",""label"":""Seen""}]"
111,e029f,Assessment Centre for Hdcp: Lt 6 Mths,numeric,ORDINAL,NA,"[{""value"":""-3.0"",""label"":""Not Stated""},{""value"":""-2.0"",""label"":""Not Known""},{""value"":""0.0"",""label"":""Not Seen""},{""value"":""1.0"",""label"":""Seen""}]"
112,e029g,Assessment Centre for Hdcp: Age NK,numeric,ORDINAL,NA,"[{""value"":""-3.0"",""label"":""Not Stated""},{""value"":""-2.0"",""label"":""Not Known""},{""value"":""0.0"",""label"":""Not Seen""},{""value"":""1.0"",""label"":""Seen""}]"
113,e030,Mother and Child Ever Separated Ge 1mth,numeric,ORDINAL,NA,"[{""value"":""-4.0"",""label"":""Vague""},{""value"":""-3.0"",""label"":""Not Stated""},{""value"":""-2.0"",""label"":""Not Known""},{""value"":""-1.0"",""label"":""Not Applicable""},{""value"":""1.0"",""label"":""Yes""},{""value"":""2.0"",""label"":""No""}]"
114,e031,Separations:Total Number,numeric,ORDINAL,NA,"[{""value"":""-4.0"",""label"":""Vague""},{""value"":""-3.0"",""label"":""Not Stated""},{""value"":""-2.0"",""label"":""Not Known""},{""value"":""-1.0"",""label"":""Not Applicable""}]"
115,e032,Separations:Total Number of Months,numeric,ORDINAL,NA,"[{""value"":""-4.0"",""label"":""Vague""},{""value"":""-3.0"",""label"":""Not Stated""},{""value"":""-2.0"",""label"":""Not Known""},{""value"":""-1.0"",""label"":""Not Applicable""}]"
116,e033,First Separation:Age in Years,numeric,ORDINAL,NA,"[{""value"":""-4.0"",""label"":""Vague""},{""value"":""-3.0"",""label"":""Not Stated""},{""value"":""-2.0"",""label"":""Not Known""},{""value"":""-1.0"",""label"":""Not Applicable""},{""value"":""0.0"",""label"":""Lt 1 Yr""}]"
117,e034a,First Separation:Reason,numeric,ORDINAL,NA,"[{""value"":""-4.0"",""label"":""Vague""},{""value"":""-3.0"",""label"":""Not Stated""},{""value"":""-2.0"",""label"":""Not Known""},{""value"":""-1.0"",""label"":""Not Applicable""},{""value"":""1.0"",""label"":""Psychiat Mother""},{""value"":""2.0"",""label"":""Ill Mother""},{""value"":""3.0"",""label"":""Parent Disharmny""},{""value"":""4.0"",""label"":""Holidays""},{""value"":""5.0"",""label"":""Siblingbirth""},{""value"":""6.0"",""label"":""Other Person Ill""},{""value"":""7.0"",""label"":""Death in Family""},{""value"":""8.0"",""label"":""Other""}]"
118,e034b,First Separation:Duration in Months,numeric,ORDINAL,NA,"[{""value"":""-4.0"",""label"":""Vague""},{""value"":""-3.0"",""label"":""Not Stated""},{""value"":""-2.0"",""label"":""Not Known""},{""value"":""-1.0"",""label"":""Not Applicable""},{""value"":""8.0"",""label"":""Ge 8""}]"
119,e034c,First Separation:Place of Care,numeric,ORDINAL,NA,"[{""value"":""-4.0"",""label"":""Vague""},{""value"":""-3.0"",""label"":""Not Stated""},{""value"":""-2.0"",""label"":""Not Known""},{""value"":""-1.0"",""label"":""Not Applicable""},{""value"":""1.0"",""label"":""Own Home""},{""value"":""2.0"",""label"":""Relatives""},{""value"":""3.0"",""label"":""Non-Rels""},{""value"":""4.0"",""label"":""Others Home""},{""value"":""5.0"",""label"":""Institn""},{""value"":""6.0"",""label"":""Elsewhre""},{""value"":""7.0"",""label"":""Gt One""}]"
120,e035a,Separation 2-Age,numeric,ORDINAL,NA,"[{""value"":""-3.0"",""label"":""Not Stated""},{""value"":""-2.0"",""label"":""Not Known""},{""value"":""-1.0"",""label"":""Not Applicable""},{""value"":""8.0"",""label"":""Not Known""},{""value"":""9.0"",""label"":""Not Stated""}]"
121,e035b,Separation 2-Reason,numeric,ORDINAL,NA,"[{""value"":""-3.0"",""label"":""Not Stated""},{""value"":""-2.0"",""label"":""Not Known""},{""value"":""-1.0"",""label"":""Not Applicable""},{""value"":""1.0"",""label"":""Ref To Psych Ill M,F""},{""value"":""2.0"",""label"":""Other Illness in Mum""},{""value"":""3.0"",""label"":""Parental Disharmony""},{""value"":""4.0"",""label"":""Seprtn Neut or Nice""},{""value"":""5.0"",""label"":""Birth Broth or Sist""},{""value"":""6.0"",""label"":""Illns Famly Membr""},{""value"":""7.0"",""label"":""Death Famly Membr""},{""value"":""8.0"",""label"":""Other Reasons""},{""value"":""9.0"",""label"":""Not Stated""}]"
122,e035c,Separation 2-Time Separated,numeric,ORDINAL,NA,"[{""value"":""-4.0"",""label"":""Vague""},{""value"":""-3.0"",""label"":""Not Stated""},{""value"":""-2.0"",""label"":""Not Known""},{""value"":""-1.0"",""label"":""Not Applicable""},{""value"":""0.0"",""label"":""Vague Non Num Desc""},{""value"":""8.0"",""label"":""8 or More Months""},{""value"":""9.0"",""label"":""Not Stated""}]"
123,e035d,Separation 2-Place of Care,numeric,ORDINAL,NA,"[{""value"":""-3.0"",""label"":""Not Stated""},{""value"":""-2.0"",""label"":""Not Known""},{""value"":""-1.0"",""label"":""Not Applicable""},{""value"":""1.0"",""label"":""Own Home""},{""value"":""2.0"",""label"":""Other Home""},{""value"":""3.0"",""label"":""Oth Home Non Relat""},{""value"":""4.0"",""label"":""Oth Home N.O.S""},{""value"":""5.0"",""label"":""Institution""},{""value"":""6.0"",""label"":""Elsewhere""},{""value"":""7.0"",""label"":""More Than 1 Place""},{""value"":""9.0"",""label"":""Not Stated""}]"
124,e036a,Separation 3-Age,numeric,ORDINAL,NA,"[{""value"":""-3.0"",""label"":""Not Stated""},{""value"":""-2.0"",""label"":""Not Known""},{""value"":""-1.0"",""label"":""Not Applicable""},{""value"":""8.0"",""label"":""Not Known""},{""value"":""9.0"",""label"":""Not Stated""}]"
125,e036b,Separation 3-Reason,numeric,ORDINAL,NA,"[{""value"":""-3.0"",""label"":""Not Stated""},{""value"":""-2.0"",""label"":""Not Known""},{""value"":""-1.0"",""label"":""Not Applicable""},{""value"":""1.0"",""label"":""Ref To Psych Ill M,F""},{""value"":""2.0"",""label"":""Other Illness in Mum""},{""value"":""3.0"",""label"":""Parental Disharmony""},{""value"":""4.0"",""label"":""Seprtn Neut or Nice""},{""value"":""5.0"",""label"":""Birth Broth or Sist""},{""value"":""6.0"",""label"":""Illns Famly Membr""},{""value"":""7.0"",""label"":""Death Famly Membr""},{""value"":""8.0"",""label"":""Other Reasons""},{""value"":""9.0"",""label"":""Not Stated""}]"
126,e036c,Separation 3-Time Separated,numeric,ORDINAL,NA,"[{""value"":""-4.0"",""label"":""Vague""},{""value"":""-3.0"",""label"":""Not Stated""},{""value"":""-2.0"",""label"":""Not Known""},{""value"":""-1.0"",""label"":""Not Applicable""},{""value"":""0.0"",""label"":""Vague Non Num Desc""},{""value"":""8.0"",""label"":""8 or More Months""},{""value"":""9.0"",""label"":""Not Stated""}]"
127,e036d,Separation 3-Place of Care,numeric,ORDINAL,NA,"[{""value"":""-3.0"",""label"":""Not Stated""},{""value"":""-2.0"",""label"":""Not Known""},{""value"":""-1.0"",""label"":""Not Applicable""},{""value"":""1.0"",""label"":""Own Home""},{""value"":""2.0"",""label"":""Other Home""},{""value"":""3.0"",""label"":""Oth Home Non Relat""},{""value"":""4.0"",""label"":""Oth Home N.O.S""},{""value"":""5.0"",""label"":""Institution""},{""value"":""6.0"",""label"":""Elsewhere""},{""value"":""7.0"",""label"":""More Than 1 Place""},{""value"":""9.0"",""label"":""Not Stated""}]"
128,e036e,Separation 4-Age,numeric,ORDINAL,NA,"[{""value"":""-3.0"",""label"":""Not Stated""},{""value"":""-2.0"",""label"":""Not Known""},{""value"":""-1.0"",""label"":""Not Applicable""},{""value"":""8.0"",""label"":""Not Known""},{""value"":""9.0"",""label"":""Not Stated""}]"
129,e036f,Separation 4-Reason,numeric,ORDINAL,NA,"[{""value"":""-3.0"",""label"":""Not Stated""},{""value"":""-2.0"",""label"":""Not Known""},{""value"":""-1.0"",""label"":""Not Applicable""},{""value"":""1.0"",""label"":""Ref To Psych Ill M,F""},{""value"":""2.0"",""label"":""Other Illness in Mum""},{""value"":""3.0"",""label"":""Parental Disharmony""},{""value"":""4.0"",""label"":""Seprtn Neut or Nice""},{""value"":""5.0"",""label"":""Birth Broth or Sist""},{""value"":""6.0"",""label"":""Illns Famly Membr""},{""value"":""7.0"",""label"":""Death Famly Membr""},{""value"":""8.0"",""label"":""Other Reasons""},{""value"":""9.0"",""label"":""Not Stated""}]"
130,e036g,Separation 4-Time Separated,numeric,ORDINAL,NA,"[{""value"":""-3.0"",""label"":""Not Stated""},{""value"":""-2.0"",""label"":""Not Known""},{""value"":""-1.0"",""label"":""Not Applicable""},{""value"":""0.0"",""label"":""Vague Non Num Desc""},{""value"":""8.0"",""label"":""8 or More Months""},{""value"":""9.0"",""label"":""Not Stated""}]"
131,e036h,Separation 4-Place of Care,numeric,ORDINAL,NA,"[{""value"":""-3.0"",""label"":""Not Stated""},{""value"":""-2.0"",""label"":""Not Known""},{""value"":""-1.0"",""label"":""Not Applicable""},{""value"":""1.0"",""label"":""Own Home""},{""value"":""2.0"",""label"":""Other Home""},{""value"":""3.0"",""label"":""Oth Home Non Relat""},{""value"":""4.0"",""label"":""Oth Home N.O.S""},{""value"":""5.0"",""label"":""Institution""},{""value"":""6.0"",""label"":""Elsewhere""},{""value"":""7.0"",""label"":""More Than 1 Place""},{""value"":""9.0"",""label"":""Not Stated""}]"
132,e036i,Separation 5-Age,numeric,ORDINAL,NA,"[{""value"":""-3.0"",""label"":""Not Stated""},{""value"":""-2.0"",""label"":""Not Known""},{""value"":""-1.0"",""label"":""Not Applicable""},{""value"":""8.0"",""label"":""Not Known""},{""value"":""9.0"",""label"":""Not Stated""}]"
133,e036j,Separation 5-Reason,numeric,ORDINAL,NA,"[{""value"":""-3.0"",""label"":""Not Stated""},{""value"":""-2.0"",""label"":""Not Known""},{""value"":""-1.0"",""label"":""Not Applicable""},{""value"":""1.0"",""label"":""Ref To Psych Ill M,F""},{""value"":""2.0"",""label"":""Other Illness in Mum""},{""value"":""3.0"",""label"":""Parental Disharmony""},{""value"":""4.0"",""label"":""Seprtn Neut or Nice""},{""value"":""5.0"",""label"":""Birth Broth or Sist""},{""value"":""6.0"",""label"":""Illns Famly Membr""},{""value"":""7.0"",""label"":""Death Famly Membr""},{""value"":""8.0"",""label"":""Other Reasons""},{""value"":""9.0"",""label"":""Not Stated""}]"
134,e036k,Separation 5-Time Separated,numeric,ORDINAL,NA,"[{""value"":""-3.0"",""label"":""Not Stated""},{""value"":""-2.0"",""label"":""Not Known""},{""value"":""-1.0"",""label"":""Not Applicable""},{""value"":""0.0"",""label"":""Vague Non Num Desc""},{""value"":""8.0"",""label"":""8 or More Months""},{""value"":""9.0"",""label"":""Not Stated""}]"
135,e036l,Separation 5-Place of Care,numeric,ORDINAL,NA,"[{""value"":""-3.0"",""label"":""Not Stated""},{""value"":""-2.0"",""label"":""Not Known""},{""value"":""-1.0"",""label"":""Not Applicable""},{""value"":""1.0"",""label"":""Own Home""},{""value"":""2.0"",""label"":""Other Home""},{""value"":""3.0"",""label"":""Oth Home Non Relat""},{""value"":""4.0"",""label"":""Oth Home N.O.S""},{""value"":""5.0"",""label"":""Institution""},{""value"":""6.0"",""label"":""Elsewhere""},{""value"":""7.0"",""label"":""More Than 1 Place""},{""value"":""9.0"",""label"":""Not Stated""}]"
136,e036m,Separation 6-Age,numeric,ORDINAL,NA,"[{""value"":""-3.0"",""label"":""Not Stated""},{""value"":""-2.0"",""label"":""Not Known""},{""value"":""-1.0"",""label"":""Not Applicable""},{""value"":""8.0"",""label"":""Not Known""},{""value"":""9.0"",""label"":""Not Stated""}]"
137,e036n,Separation 6-Reason,numeric,ORDINAL,NA,"[{""value"":""-3.0"",""label"":""Not Stated""},{""value"":""-2.0"",""label"":""Not Known""},{""value"":""-1.0"",""label"":""Not Applicable""},{""value"":""1.0"",""label"":""Ref to Psych Ill M,F""},{""value"":""2.0"",""label"":""Other Illness in Mum""},{""value"":""3.0"",""label"":""Parental Disharmony""},{""value"":""4.0"",""label"":""Seprtn Neut or Nice""},{""value"":""5.0"",""label"":""Birth Broth or Sist""},{""value"":""6.0"",""label"":""Illns Famly Membr""},{""value"":""7.0"",""label"":""Death Famly Membr""},{""value"":""8.0"",""label"":""Other Reasons""},{""value"":""9.0"",""label"":""Not Stated""}]"
138,e036p,Separation 6-Time Separated,numeric,ORDINAL,NA,"[{""value"":""-3.0"",""label"":""Not Stated""},{""value"":""-2.0"",""label"":""Not Known""},{""value"":""-1.0"",""label"":""Not Applicable""},{""value"":""0.0"",""label"":""Vague Non Num Desc""},{""value"":""8.0"",""label"":""8 or More Months""},{""value"":""9.0"",""label"":""Not Stated""}]"
139,e036q,Separation 6-Place of Care,numeric,ORDINAL,NA,"[{""value"":""-3.0"",""label"":""Not Stated""},{""value"":""-2.0"",""label"":""Not Known""},{""value"":""-1.0"",""label"":""Not Applicable""},{""value"":""1.0"",""label"":""Own Home""},{""value"":""2.0"",""label"":""Other Home""},{""value"":""3.0"",""label"":""Oth Home Non Relat""},{""value"":""4.0"",""label"":""Oth Home N.O.S""},{""value"":""5.0"",""label"":""Institution""},{""value"":""6.0"",""label"":""Elsewhere""},{""value"":""7.0"",""label"":""More Than 1 Place""},{""value"":""9.0"",""label"":""Not Stated""}]"
140,e036r,Separation 7-Age,numeric,ORDINAL,NA,"[{""value"":""-3.0"",""label"":""Not Stated""},{""value"":""-2.0"",""label"":""Not Known""},{""value"":""-1.0"",""label"":""Not Applicable""},{""value"":""8.0"",""label"":""Not Known""},{""value"":""9.0"",""label"":""Not Stated""}]"
141,e036s,Separation 7-Reason,numeric,ORDINAL,NA,"[{""value"":""-3.0"",""label"":""Not Stated""},{""value"":""-2.0"",""label"":""Not Known""},{""value"":""-1.0"",""label"":""Not Applicable""},{""value"":""1.0"",""label"":""Ref To Psych Ill M,F""},{""value"":""2.0"",""label"":""Other Illness in Mum""},{""value"":""3.0"",""label"":""Parental Disharmony""},{""value"":""4.0"",""label"":""Seprtn Neut or Nice""},{""value"":""5.0"",""label"":""Birth Broth or Sist""},{""value"":""6.0"",""label"":""Illns Famly Membr""},{""value"":""7.0"",""label"":""Death Famly Membr""},{""value"":""8.0"",""label"":""Other Reasons""},{""value"":""9.0"",""label"":""Not Stated""}]"
142,e036t,Separation 7-Time Separated,numeric,ORDINAL,NA,"[{""value"":""-3.0"",""label"":""Not Stated""},{""value"":""-2.0"",""label"":""Not Known""},{""value"":""-1.0"",""label"":""Not Applicable""},{""value"":""0.0"",""label"":""Vague Non Num Desc""},{""value"":""8.0"",""label"":""8 or More Months""},{""value"":""9.0"",""label"":""Not Stated""}]"
143,e036u,Separation 7-Place of Care,numeric,ORDINAL,NA,"[{""value"":""-3.0"",""label"":""Not Stated""},{""value"":""-2.0"",""label"":""Not Known""},{""value"":""-1.0"",""label"":""Not Applicable""},{""value"":""1.0"",""label"":""Own Home""},{""value"":""2.0"",""label"":""Other Home""},{""value"":""3.0"",""label"":""Oth Home Non Relat""},{""value"":""4.0"",""label"":""Oth Home N.O.S""},{""value"":""5.0"",""label"":""Institution""},{""value"":""6.0"",""label"":""Elsewhere""},{""value"":""7.0"",""label"":""More Than 1 Place""},{""value"":""9.0"",""label"":""Not Stated""}]"
144,e036v,Separation 8-Age,numeric,ORDINAL,NA,"[{""value"":""-3.0"",""label"":""Not Stated""},{""value"":""-2.0"",""label"":""Not Known""},{""value"":""-1.0"",""label"":""Not Applicable""},{""value"":""8.0"",""label"":""Not Known""},{""value"":""9.0"",""label"":""Not Stated""}]"
145,e036w,Separation 8-Reason,numeric,ORDINAL,NA,"[{""value"":""-3.0"",""label"":""Not Stated""},{""value"":""-2.0"",""label"":""Not Known""},{""value"":""-1.0"",""label"":""Not Applicable""},{""value"":""1.0"",""label"":""Ref to Psych Ill M,F""},{""value"":""2.0"",""label"":""Other Illness in Mum""},{""value"":""3.0"",""label"":""Parental Disharmony""},{""value"":""4.0"",""label"":""Seprtn Neut or Nice""},{""value"":""5.0"",""label"":""Birth Broth or Sist""},{""value"":""6.0"",""label"":""Illns Famly Membr""},{""value"":""7.0"",""label"":""Death Famly Membr""},{""value"":""8.0"",""label"":""Other Reasons""},{""value"":""9.0"",""label"":""Not Stated""}]"
146,e036x,Separation 8-Time Separated,numeric,ORDINAL,NA,"[{""value"":""-4.0"",""label"":""Vague""},{""value"":""-3.0"",""label"":""Not Stated""},{""value"":""-2.0"",""label"":""Not Known""},{""value"":""-1.0"",""label"":""Not Applicable""},{""value"":""0.0"",""label"":""Vague Non Num Desc""},{""value"":""8.0"",""label"":""8 or More Months""},{""value"":""9.0"",""label"":""Not Stated""}]"
147,e036y,Separation 8-Place of Care,numeric,ORDINAL,NA,"[{""value"":""-3.0"",""label"":""Not Stated""},{""value"":""-2.0"",""label"":""Not Known""},{""value"":""-1.0"",""label"":""Not Applicable""},{""value"":""1.0"",""label"":""Own Home""},{""value"":""2.0"",""label"":""Other Home""},{""value"":""3.0"",""label"":""Oth Home Non Relat""},{""value"":""4.0"",""label"":""Oth Home N.O.Sc""},{""value"":""5.0"",""label"":""Institution""},{""value"":""6.0"",""label"":""Elsewhere""},{""value"":""7.0"",""label"":""More Than 1 Place""},{""value"":""9.0"",""label"":""Not Stated""}]"
148,e037,Mother Away from Home as a Child,numeric,ORDINAL,NA,"[{""value"":""-4.0"",""label"":""Vague""},{""value"":""-3.0"",""label"":""Not Stated""},{""value"":""-2.0"",""label"":""Not Known""},{""value"":""-1.0"",""label"":""Not Applicable""},{""value"":""1.0"",""label"":""Yes-Fostered Etc""},{""value"":""2.0"",""label"":""Yes-Other Reason""},{""value"":""3.0"",""label"":""No""},{""value"":""4.0"",""label"":""1 and 2 Apply""}]"
149,e038,Hospital Inpatient:Ever Admitted,numeric,ORDINAL,NA,"[{""value"":""-4.0"",""label"":""Vague""},{""value"":""-3.0"",""label"":""Not Stated""},{""value"":""-2.0"",""label"":""Not Known""},{""value"":""-1.0"",""label"":""Not Applicable""},{""value"":""1.0"",""label"":""Yes""},{""value"":""2.0"",""label"":""No""}]"
150,e052,Seen by Gp at Surgery,numeric,ORDINAL,NA,"[{""value"":""-4.0"",""label"":""Vague""},{""value"":""-3.0"",""label"":""Not Stated""},{""value"":""-2.0"",""label"":""Not Known""},{""value"":""-1.0"",""label"":""Not Applicable""},{""value"":""1.0"",""label"":""Yes Aftr Age 4""},{""value"":""2.0"",""label"":""Yes Befr Age 4""},{""value"":""3.0"",""label"":""Yes Befr+Aftr 4""},{""value"":""4.0"",""label"":""Yes Age NK""},{""value"":""5.0"",""label"":""Never""}]"
151,e053,Gp Home Visit,numeric,ORDINAL,NA,"[{""value"":""-4.0"",""label"":""Vague""},{""value"":""-3.0"",""label"":""Not Stated""},{""value"":""-2.0"",""label"":""Not Known""},{""value"":""-1.0"",""label"":""Not Applicable""},{""value"":""1.0"",""label"":""Yes Aftr Age 4""},{""value"":""2.0"",""label"":""Yes Befr Age 4""},{""value"":""3.0"",""label"":""Yes Befr+Aftr 4""},{""value"":""4.0"",""label"":""Yes Age NK""},{""value"":""5.0"",""label"":""Never""}]"
152,e054,Dental Inspection,numeric,ORDINAL,NA,"[{""value"":""-4.0"",""label"":""Vague""},{""value"":""-3.0"",""label"":""Not Stated""},{""value"":""-2.0"",""label"":""Not Known""},{""value"":""-1.0"",""label"":""Not Applicable""},{""value"":""1.0"",""label"":""Yes Aftr Age 4""},{""value"":""2.0"",""label"":""Yes Befr Age 4""},{""value"":""3.0"",""label"":""Yes Befr+Aftr 4""},{""value"":""4.0"",""label"":""Never""},{""value"":""5.0"",""label"":""Yes Age NK""}]"
153,e055,Dental Treatment,numeric,ORDINAL,NA,"[{""value"":""-4.0"",""label"":""Vague""},{""value"":""-3.0"",""label"":""Not Stated""},{""value"":""-2.0"",""label"":""Not Known""},{""value"":""-1.0"",""label"":""Not Applicable""},{""value"":""1.0"",""label"":""Yes Aftr Age 4""},{""value"":""2.0"",""label"":""Yes Befr Age 4""},{""value"":""3.0"",""label"":""Yes Befr+Aftr 4""},{""value"":""4.0"",""label"":""Never""},{""value"":""5.0"",""label"":""Yes Age NK""}]"
154,e056,School Medical,numeric,ORDINAL,NA,"[{""value"":""-4.0"",""label"":""Vague""},{""value"":""-3.0"",""label"":""Not Stated""},{""value"":""-2.0"",""label"":""Not Known""},{""value"":""-1.0"",""label"":""Not Applicable""},{""value"":""1.0"",""label"":""Yes Aftr Age 4""},{""value"":""2.0"",""label"":""Yes Befr Age 4""},{""value"":""3.0"",""label"":""Yes Befr+Aftr 4""},{""value"":""4.0"",""label"":""Never""},{""value"":""5.0"",""label"":""Yes Age NK""}]"
155,e057,Speech Therapist,numeric,ORDINAL,NA,"[{""value"":""-4.0"",""label"":""Vague""},{""value"":""-3.0"",""label"":""Not Stated""},{""value"":""-2.0"",""label"":""Not Known""},{""value"":""-1.0"",""label"":""Not Applicable""},{""value"":""1.0"",""label"":""Yes Aftr Age 4""},{""value"":""2.0"",""label"":""Yes Befr Age 4""},{""value"":""3.0"",""label"":""Yes Befr+Aftr 4""},{""value"":""4.0"",""label"":""Never""},{""value"":""5.0"",""label"":""Yes Age NK""}]"
156,e058,Speech Therapist:Age First Seen,numeric,ORDINAL,NA,"[{""value"":""-4.0"",""label"":""Vague""},{""value"":""-3.0"",""label"":""Not Stated""},{""value"":""-2.0"",""label"":""Not Known""},{""value"":""-1.0"",""label"":""Not Applicable""}]"
157,e059,Child Guidance,numeric,ORDINAL,NA,"[{""value"":""-4.0"",""label"":""Vague""},{""value"":""-3.0"",""label"":""Not Stated""},{""value"":""-2.0"",""label"":""Not Known""},{""value"":""-1.0"",""label"":""Not Applicable""},{""value"":""1.0"",""label"":""Yes Aftr Age 4""},{""value"":""2.0"",""label"":""Yes Befr Age 4""},{""value"":""3.0"",""label"":""Yes Befr+Aftr 4""},{""value"":""4.0"",""label"":""Never""},{""value"":""5.0"",""label"":""Yes Age NK""}]"
158,e060,Child Guidance:Age First Seen,numeric,ORDINAL,NA,"[{""value"":""-4.0"",""label"":""Vague""},{""value"":""-3.0"",""label"":""Not Stated""},{""value"":""-2.0"",""label"":""Not Known""},{""value"":""-1.0"",""label"":""Not Applicable""}]"
159,e061,Operation:Tonsils or T and A,numeric,ORDINAL,NA,"[{""value"":""-4.0"",""label"":""Vague""},{""value"":""-3.0"",""label"":""Not Stated""},{""value"":""-2.0"",""label"":""Not Known""},{""value"":""-1.0"",""label"":""Not Applicable""},{""value"":""1.0"",""label"":""Yes Aftr Age 4""},{""value"":""2.0"",""label"":""Yes Befr Age 4""},{""value"":""3.0"",""label"":""Yes Befr+Aftr 4""},{""value"":""4.0"",""label"":""Yes Age NK""},{""value"":""5.0"",""label"":""Never""}]"
160,e062,Operation:Adenoids Only,numeric,ORDINAL,NA,"[{""value"":""-4.0"",""label"":""Vague""},{""value"":""-3.0"",""label"":""Not Stated""},{""value"":""-2.0"",""label"":""Not Known""},{""value"":""-1.0"",""label"":""Not Applicable""},{""value"":""1.0"",""label"":""Yes Aftr Age 4""},{""value"":""2.0"",""label"":""Yes Befr Age 4""},{""value"":""3.0"",""label"":""Yes Befr+Aftr 4""},{""value"":""4.0"",""label"":""Never""},{""value"":""5.0"",""label"":""Yes But Age NK""}]"
161,e063,Operation:Circumcision,numeric,ORDINAL,NA,"[{""value"":""-4.0"",""label"":""Vague""},{""value"":""-3.0"",""label"":""Not Stated""},{""value"":""-2.0"",""label"":""Not Known""},{""value"":""-1.0"",""label"":""Not Applicable""},{""value"":""1.0"",""label"":""Yes Aftr Age 4""},{""value"":""2.0"",""label"":""Yes Befr Age 4""},{""value"":""3.0"",""label"":""Yes But Age NK""},{""value"":""4.0"",""label"":""Never""},{""value"":""5.0"",""label"":""""}]"
162,e064,Operation:Hernia,numeric,ORDINAL,NA,"[{""value"":""-4.0"",""label"":""Vague""},{""value"":""-3.0"",""label"":""Not Stated""},{""value"":""-2.0"",""label"":""Not Known""},{""value"":""-1.0"",""label"":""Not Applicable""},{""value"":""1.0"",""label"":""Yes Aftr Age 4""},{""value"":""2.0"",""label"":""Yes Befr Age 4""},{""value"":""3.0"",""label"":""Yes Befr+Aftr 4""},{""value"":""4.0"",""label"":""Never""},{""value"":""5.0"",""label"":""Yes But Age NK""}]"
163,e065,Operation:Appendicectomy,numeric,ORDINAL,NA,"[{""value"":""-4.0"",""label"":""Vague""},{""value"":""-3.0"",""label"":""Not Stated""},{""value"":""-2.0"",""label"":""Not Known""},{""value"":""-1.0"",""label"":""Not Applicable""},{""value"":""1.0"",""label"":""Yes Aftr Age 4""},{""value"":""2.0"",""label"":""Yes Befr Age 4""},{""value"":""3.0"",""label"":""Never""},{""value"":""4.0"",""label"":""Yes Befr+Aftr 4""},{""value"":""5.0"",""label"":""Yes But Age NK""}]"
164,e066,Operation:Other,numeric,ORDINAL,NA,"[{""value"":""-4.0"",""label"":""Vague""},{""value"":""-3.0"",""label"":""Not Stated""},{""value"":""-2.0"",""label"":""Not Known""},{""value"":""-1.0"",""label"":""Not Applicable""},{""value"":""1.0"",""label"":""Yes Aftr Age 4""},{""value"":""2.0"",""label"":""Yes Befr Age 4""},{""value"":""3.0"",""label"":""Yes Befr+Aftr 4""},{""value"":""4.0"",""label"":""Yes Age NK""},{""value"":""5.0"",""label"":""Never""}]"
165,e067,Medical Condition:Eczema,numeric,ORDINAL,NA,"[{""value"":""-4.0"",""label"":""Vague""},{""value"":""-3.0"",""label"":""Not Stated""},{""value"":""-2.0"",""label"":""Not Known""},{""value"":""-1.0"",""label"":""Not Applicable""},{""value"":""1.0"",""label"":""Yes Aftr Age 4""},{""value"":""2.0"",""label"":""Yes Befr Age 4""},{""value"":""3.0"",""label"":""Yes Befr+Aftr 4""},{""value"":""4.0"",""label"":""Never""},{""value"":""5.0"",""label"":""Yes But Age NK""}]"
166,e068,Medical Condition:Hay Fever and Sneezing,numeric,ORDINAL,NA,"[{""value"":""-4.0"",""label"":""Vague""},{""value"":""-3.0"",""label"":""Not Stated""},{""value"":""-2.0"",""label"":""Not Known""},{""value"":""-1.0"",""label"":""Not Applicable""},{""value"":""1.0"",""label"":""Yes Aftr Age 4""},{""value"":""2.0"",""label"":""Yes Befr Age 4""},{""value"":""3.0"",""label"":""Yes Befr+Aftr 4""},{""value"":""4.0"",""label"":""Never""},{""value"":""5.0"",""label"":""Yes But Age NK""}]"
167,e069,Medical Condition:Ear Discharge,numeric,ORDINAL,NA,"[{""value"":""-4.0"",""label"":""Vague""},{""value"":""-3.0"",""label"":""Not Stated""},{""value"":""-2.0"",""label"":""Not Known""},{""value"":""-1.0"",""label"":""Not Applicable""},{""value"":""1.0"",""label"":""Yes Aftr Age 4""},{""value"":""2.0"",""label"":""Yes Befr Age 4""},{""value"":""3.0"",""label"":""Yes Befr+Aftr 4""},{""value"":""4.0"",""label"":""Never""},{""value"":""5.0"",""label"":""Yes But Age NK""}]"
168,e070,Medical Condition:Sore Throats,numeric,ORDINAL,NA,"[{""value"":""-4.0"",""label"":""Vague""},{""value"":""-3.0"",""label"":""Not Stated""},{""value"":""-2.0"",""label"":""Not Known""},{""value"":""-1.0"",""label"":""Not Applicable""},{""value"":""1.0"",""label"":""Yes Aftr Age 4""},{""value"":""2.0"",""label"":""Yes Befr Age 4""},{""value"":""3.0"",""label"":""Yes Befr+Aftr 4""},{""value"":""4.0"",""label"":""Never""},{""value"":""5.0"",""label"":""Yes But Age NK""}]"
169,e071,Medical Condition:Snoring,numeric,ORDINAL,NA,"[{""value"":""-4.0"",""label"":""Vague""},{""value"":""-3.0"",""label"":""Not Stated""},{""value"":""-2.0"",""label"":""Not Known""},{""value"":""-1.0"",""label"":""Not Applicable""},{""value"":""1.0"",""label"":""Yes Aftr Age 4""},{""value"":""2.0"",""label"":""Yes Befr Age 4""},{""value"":""3.0"",""label"":""Yes Befr+Aftr 4""},{""value"":""4.0"",""label"":""Never""},{""value"":""5.0"",""label"":""Yes But Age NK""}]"
170,e072,Medical Condition:Bronchitis,numeric,ORDINAL,NA,"[{""value"":""-4.0"",""label"":""Vague""},{""value"":""-3.0"",""label"":""Not Stated""},{""value"":""-2.0"",""label"":""Not Known""},{""value"":""-1.0"",""label"":""Not Applicable""},{""value"":""1.0"",""label"":""Yes Aftr Age 4""},{""value"":""2.0"",""label"":""Yes Befr Age 4""},{""value"":""3.0"",""label"":""Yes Befr+Aftr 4""},{""value"":""4.0"",""label"":""Yes Age NK""},{""value"":""5.0"",""label"":""Never""}]"
171,e073,Medical Condition:Pneumonia,numeric,ORDINAL,NA,"[{""value"":""-4.0"",""label"":""Vague""},{""value"":""-3.0"",""label"":""Not Stated""},{""value"":""-2.0"",""label"":""Not Known""},{""value"":""-1.0"",""label"":""Not Applicable""},{""value"":""1.0"",""label"":""Yes Aftr Age 4""},{""value"":""2.0"",""label"":""Yes Befr Age 4""},{""value"":""3.0"",""label"":""Yes Befr+Aftr 4""},{""value"":""4.0"",""label"":""Yes Age NK""},{""value"":""5.0"",""label"":""Never""}]"
172,e074,Medical Condition:Meningitis,numeric,ORDINAL,NA,"[{""value"":""-4.0"",""label"":""Vague""},{""value"":""-3.0"",""label"":""Not Stated""},{""value"":""-2.0"",""label"":""Not Known""},{""value"":""-1.0"",""label"":""Not Applicable""},{""value"":""1.0"",""label"":""Yes Aftr Age 4""},{""value"":""2.0"",""label"":""Yes Befr Age 4""},{""value"":""3.0"",""label"":""Yes Befr+Aftr 4""},{""value"":""4.0"",""label"":""Yes Age NK""},{""value"":""5.0"",""label"":""Never""}]"
173,e075,Medical Condition:Hearing Difficulty,numeric,ORDINAL,NA,"[{""value"":""-4.0"",""label"":""Vague""},{""value"":""-3.0"",""label"":""Not Stated""},{""value"":""-2.0"",""label"":""Not Known""},{""value"":""-1.0"",""label"":""Not Applicable""},{""value"":""1.0"",""label"":""Yes Aftr Age 4""},{""value"":""2.0"",""label"":""Yes Befr Age 4""},{""value"":""3.0"",""label"":""Yes Befr+Aftr 4""},{""value"":""4.0"",""label"":""Yes Age NK""},{""value"":""5.0"",""label"":""Never""}]"
174,e076,Medical Condition:Vision Problem,numeric,ORDINAL,NA,"[{""value"":""-4.0"",""label"":""Vague""},{""value"":""-3.0"",""label"":""Not Stated""},{""value"":""-2.0"",""label"":""Not Known""},{""value"":""-1.0"",""label"":""Not Applicable""},{""value"":""1.0"",""label"":""Yes Aftr Age 4""},{""value"":""2.0"",""label"":""Yes Befr Age 4""},{""value"":""3.0"",""label"":""Yes Befr+Aftr 4""},{""value"":""4.0"",""label"":""Yes Age NK""},{""value"":""5.0"",""label"":""Never""}]"
175,e077,Excessive Crying Under 6 Months,numeric,ORDINAL,NA,"[{""value"":""-4.0"",""label"":""Vague""},{""value"":""-3.0"",""label"":""Not Stated""},{""value"":""-2.0"",""label"":""Not Known""},{""value"":""-1.0"",""label"":""Not Applicable""},{""value"":""1.0"",""label"":""Yes""},{""value"":""2.0"",""label"":""No""}]"
176,e078,Freq Feeding Problems Under 6 Months,numeric,ORDINAL,NA,"[{""value"":""-4.0"",""label"":""Vague""},{""value"":""-3.0"",""label"":""Not Stated""},{""value"":""-2.0"",""label"":""Not Known""},{""value"":""-1.0"",""label"":""Not Applicable""},{""value"":""1.0"",""label"":""Yes""},{""value"":""2.0"",""label"":""No""}]"
177,e079,Freq Sleeping Difs at Night Under 6 Mths,numeric,ORDINAL,NA,"[{""value"":""-4.0"",""label"":""Vague""},{""value"":""-3.0"",""label"":""Not Stated""},{""value"":""-2.0"",""label"":""Not Known""},{""value"":""-1.0"",""label"":""Not Applicable""},{""value"":""1.0"",""label"":""Yes""},{""value"":""2.0"",""label"":""No""}]"
178,e080,Ever Had an Accident,numeric,ORDINAL,NA,"[{""value"":""-4.0"",""label"":""Vague""},{""value"":""-3.0"",""label"":""Not Stated""},{""value"":""-2.0"",""label"":""Not Known""},{""value"":""-1.0"",""label"":""1 Yes""},{""value"":""1.0"",""label"":""Yes""},{""value"":""2.0"",""label"":""No""},{""value"":""4.0"",""label"":""Rta""},{""value"":""8.0"",""label"":""Unconsc""},{""value"":""16.0"",""label"":""Other""},{""value"":""32.0"",""label"":""Non Acc Injury""}]"
179,e087,Wheezing:Ever Occurred,numeric,ORDINAL,NA,"[{""value"":""-4.0"",""label"":""Vague""},{""value"":""-3.0"",""label"":""Not Stated""},{""value"":""-2.0"",""label"":""Not Known""},{""value"":""-1.0"",""label"":""Not Applicable""},{""value"":""1.0"",""label"":""Yes""},{""value"":""2.0"",""label"":""No""},{""value"":""3.0"",""label"":""Yes Edited in""}]"
180,e088,Wheezing:Age at First Attack,numeric,ORDINAL,NA,"[{""value"":""-4.0"",""label"":""Vague""},{""value"":""-3.0"",""label"":""Not Stated""},{""value"":""-2.0"",""label"":""Not Known""},{""value"":""-1.0"",""label"":""Not Applicable""},{""value"":""0.0"",""label"":""< 1 Year""},{""value"":""1.0"",""label"":""1 - 2 Years""},{""value"":""2.0"",""label"":""2 - 3 Years""},{""value"":""3.0"",""label"":""3 - 4 Years""},{""value"":""4.0"",""label"":""4 - 5 Years""},{""value"":""5.0"",""label"":""> 5 Years""}]"
181,e089,Wheezing:Number of Attacks in 1st Year,numeric,ORDINAL,NA,"[{""value"":""-4.0"",""label"":""Vague""},{""value"":""-3.0"",""label"":""Not Stated""},{""value"":""-2.0"",""label"":""Not Known""},{""value"":""-1.0"",""label"":""Not Applicable""},{""value"":""0.0"",""label"":""None""}]"
182,e090,Wheezing:Number of Attacks Age 1-4,numeric,ORDINAL,NA,"[{""value"":""-4.0"",""label"":""Vague""},{""value"":""-3.0"",""label"":""Not Stated""},{""value"":""-2.0"",""label"":""Not Known""},{""value"":""-1.0"",""label"":""Not Applicable""},{""value"":""0.0"",""label"":""None""}]"
183,e091,Wheezing:Number of Attacks After Age 4,numeric,ORDINAL,NA,"[{""value"":""-4.0"",""label"":""Vague""},{""value"":""-3.0"",""label"":""Not Stated""},{""value"":""-2.0"",""label"":""Not Known""},{""value"":""-1.0"",""label"":""Not Applicable""},{""value"":""0.0"",""label"":""None""}]"
184,e092,Wheezing:Times Admitted to Hospital,numeric,ORDINAL,NA,"[{""value"":""-4.0"",""label"":""Vague""},{""value"":""-3.0"",""label"":""Not Stated""},{""value"":""-2.0"",""label"":""Not Known""},{""value"":""-1.0"",""label"":""Not Applicable""},{""value"":""0.0"",""label"":""Never""}]"
185,e093,Wheezing:Diagnosis,numeric,ORDINAL,NA,"[{""value"":""-4.0"",""label"":""Vague""},{""value"":""-3.0"",""label"":""Not Stated""},{""value"":""-2.0"",""label"":""Not Known""},{""value"":""-1.0"",""label"":""Not Applicable""},{""value"":""1.0"",""label"":""Asma No Bronchts""},{""value"":""2.0"",""label"":""Asma+Bronchts""},{""value"":""3.0"",""label"":""Wheez+Bronchts""},{""value"":""4.0"",""label"":""Whz+Croup No Bronc""},{""value"":""5.0"",""label"":""Wheezing Only""}]"
186,e094,Fit/Faint/Blackout,numeric,ORDINAL,NA,"[{""value"":""-4.0"",""label"":""Vague""},{""value"":""-3.0"",""label"":""Not Stated""},{""value"":""-2.0"",""label"":""Not Known""},{""value"":""-1.0"",""label"":""Not Applicable""},{""value"":""1.0"",""label"":""Yes""},{""value"":""2.0"",""label"":""No Convulsions""},{""value"":""3.0"",""label"":""Epilepsy""},{""value"":""4.0"",""label"":""Febrile""},{""value"":""5.0"",""label"":""Faints""},{""value"":""6.0"",""label"":""Other Diagnosis""},{""value"":""7.0"",""label"":""Diag NK""}]"
187,e101,Glasses Worn or Prescribed,numeric,ORDINAL,NA,"[{""value"":""-4.0"",""label"":""Vague""},{""value"":""-3.0"",""label"":""Not Stated""},{""value"":""-2.0"",""label"":""Not Known""},{""value"":""-1.0"",""label"":""Not Applicable""},{""value"":""1.0"",""label"":""Yes Now""},{""value"":""2.0"",""label"":""Yes Past Only""},{""value"":""3.0"",""label"":""No Never""}]"
188,e102,Ever Had Squint,numeric,ORDINAL,NA,"[{""value"":""-4.0"",""label"":""Vague""},{""value"":""-3.0"",""label"":""Not Stated""},{""value"":""-2.0"",""label"":""Not Known""},{""value"":""-1.0"",""label"":""Not Applicable""},{""value"":""1.0"",""label"":""Yes Now""},{""value"":""2.0"",""label"":""Yes Past Only""},{""value"":""3.0"",""label"":""No Never""}]"
189,e103,Treatment for Squint,numeric,ORDINAL,NA,"[{""value"":""-4.0"",""label"":""Vague""},{""value"":""-3.0"",""label"":""Not Stated""},{""value"":""-2.0"",""label"":""Not Known""},{""value"":""-1.0"",""label"":""Not Applicable""},{""value"":""1.0"",""label"":""No Treatment""},{""value"":""2.0"",""label"":""Patch""},{""value"":""4.0"",""label"":""Glasses""},{""value"":""8.0"",""label"":""Exercise""},{""value"":""16.0"",""label"":""Operate""},{""value"":""90.0"",""label"":""91 Never Attended""}]"
190,e104,Ever Had Stammer or Stutter,numeric,ORDINAL,NA,"[{""value"":""-4.0"",""label"":""Vague""},{""value"":""-3.0"",""label"":""Not Stated""},{""value"":""-2.0"",""label"":""Not Known""},{""value"":""-1.0"",""label"":""Not Applicable""},{""value"":""1.0"",""label"":""Yes Now Mild""},{""value"":""2.0"",""label"":""Yes Now Severe""},{""value"":""3.0"",""label"":""Yes Past Not Now""},{""value"":""4.0"",""label"":""No Never""}]"
191,e105,Ever Had Other Difficulty with Speech,numeric,ORDINAL,NA,"[{""value"":""-4.0"",""label"":""Vague""},{""value"":""-3.0"",""label"":""Not Stated""},{""value"":""-2.0"",""label"":""Not Known""},{""value"":""-1.0"",""label"":""Not Applicable""},{""value"":""1.0"",""label"":""Yes Now Mild""},{""value"":""2.0"",""label"":""Yes Now Severe""},{""value"":""3.0"",""label"":""Yes Past Not Now""},{""value"":""4.0"",""label"":""No Never""}]"
192,e106,Speech Understood by Others,numeric,ORDINAL,NA,"[{""value"":""-4.0"",""label"":""Vague""},{""value"":""-3.0"",""label"":""Not Stated""},{""value"":""-2.0"",""label"":""Not Known""},{""value"":""-1.0"",""label"":""Not Applicable""},{""value"":""1.0"",""label"":""Language Not Eng""},{""value"":""2.0"",""label"":""Most Sp Undrstd""},{""value"":""3.0"",""label"":""Some Sp Undrstd""},{""value"":""4.0"",""label"":""No Sp Undrstd""},{""value"":""5.0"",""label"":""Undrstd by Family""},{""value"":""6.0"",""label"":""Even Fam Have Dif""},{""value"":""7.0"",""label"":""Other Reply""}]"
193,e111a,Nat. Mum - Asthma,numeric,ORDINAL,NA,"[{""value"":""-3.0"",""label"":""Not Known""},{""value"":""-2.0"",""label"":""Not Stated""},{""value"":""0.0"",""label"":""No""},{""value"":""1.0"",""label"":""Yes""}]"
194,e111b,Nat. Mum - Hayfever,numeric,ORDINAL,NA,"[{""value"":""-3.0"",""label"":""Not Known""},{""value"":""-2.0"",""label"":""Not Stated""},{""value"":""0.0"",""label"":""No""},{""value"":""1.0"",""label"":""Yes""}]"
195,e111c,Nat. Mum - Eczema,numeric,ORDINAL,NA,"[{""value"":""-3.0"",""label"":""Not Known""},{""value"":""-2.0"",""label"":""Not Stated""},{""value"":""0.0"",""label"":""No""},{""value"":""1.0"",""label"":""Yes""}]"
196,e111d,Nat. Mum - Late Reader,numeric,ORDINAL,NA,"[{""value"":""-3.0"",""label"":""Not Known""},{""value"":""-2.0"",""label"":""Not Stated""},{""value"":""0.0"",""label"":""No""},{""value"":""1.0"",""label"":""Yes""}]"
197,e111e,Nat. Mum - Poor Reader,numeric,ORDINAL,NA,"[{""value"":""-3.0"",""label"":""Not Known""},{""value"":""-2.0"",""label"":""Not Stated""},{""value"":""0.0"",""label"":""No""},{""value"":""1.0"",""label"":""Yes""}]"
198,e111f,Nat. Mum - Convulsions,numeric,ORDINAL,NA,"[{""value"":""-3.0"",""label"":""Not Known""},{""value"":""-2.0"",""label"":""Not Stated""},{""value"":""0.0"",""label"":""No""},{""value"":""1.0"",""label"":""Yes""}]"
199,e111g,Nat. Mum - Bedwetting,numeric,ORDINAL,NA,"[{""value"":""-3.0"",""label"":""Not Known""},{""value"":""-2.0"",""label"":""Not Stated""},{""value"":""0.0"",""label"":""No""},{""value"":""1.0"",""label"":""Yes""}]"
200,e111h,Nat. Mum - Late Speaker,numeric,ORDINAL,NA,"[{""value"":""-3.0"",""label"":""Not Known""},{""value"":""-2.0"",""label"":""Not Stated""},{""value"":""0.0"",""label"":""No""},{""value"":""1.0"",""label"":""Yes""}]"
201,e112a,Nat. Dad - Asthma,numeric,ORDINAL,NA,"[{""value"":""-3.0"",""label"":""Not Known""},{""value"":""-2.0"",""label"":""Not Stated""},{""value"":""0.0"",""label"":""No""},{""value"":""1.0"",""label"":""Yes""}]"
202,e112b,Nat. Dad - Hayfever,numeric,ORDINAL,NA,"[{""value"":""-3.0"",""label"":""Not Known""},{""value"":""-2.0"",""label"":""Not Stated""},{""value"":""0.0"",""label"":""No""},{""value"":""1.0"",""label"":""Yes""}]"
203,e112c,Nat. Dad - Eczema,numeric,ORDINAL,NA,"[{""value"":""-3.0"",""label"":""Not Known""},{""value"":""-2.0"",""label"":""Not Stated""},{""value"":""0.0"",""label"":""No""},{""value"":""1.0"",""label"":""Yes""}]"
204,e112d,Nat. Dad - Late Reader,numeric,ORDINAL,NA,"[{""value"":""-3.0"",""label"":""Not Known""},{""value"":""-2.0"",""label"":""Not Stated""},{""value"":""0.0"",""label"":""No""},{""value"":""1.0"",""label"":""Yes""}]"
205,e112e,Nat. Dad - Poor Reader,numeric,ORDINAL,NA,"[{""value"":""-3.0"",""label"":""Not Known""},{""value"":""-2.0"",""label"":""Not Stated""},{""value"":""0.0"",""label"":""No""},{""value"":""1.0"",""label"":""Yes""}]"
206,e112f,Nat. Dad - Convulsions,numeric,ORDINAL,NA,"[{""value"":""-3.0"",""label"":""Not Known""},{""value"":""-2.0"",""label"":""Not Stated""},{""value"":""0.0"",""label"":""No""},{""value"":""1.0"",""label"":""Yes""}]"
207,e112g,Nat. Dad - Bedwetting,numeric,ORDINAL,NA,"[{""value"":""-3.0"",""label"":""Not Known""},{""value"":""-2.0"",""label"":""Not Stated""},{""value"":""0.0"",""label"":""No""},{""value"":""1.0"",""label"":""Yes""}]"
208,e112h,Nat. Dad - Late Speaker,numeric,ORDINAL,NA,"[{""value"":""-3.0"",""label"":""Not Known""},{""value"":""-2.0"",""label"":""Not Stated""},{""value"":""0.0"",""label"":""No""},{""value"":""1.0"",""label"":""Yes""}]"
209,e113a,Siblings - Asthma,numeric,ORDINAL,NA,"[{""value"":""-3.0"",""label"":""Not Known""},{""value"":""-2.0"",""label"":""Not Stated""},{""value"":""0.0"",""label"":""No""},{""value"":""1.0"",""label"":""Yes""}]"
210,e113b,Siblings - Hayfever,numeric,ORDINAL,NA,"[{""value"":""-3.0"",""label"":""Not Known""},{""value"":""-2.0"",""label"":""Not Stated""},{""value"":""0.0"",""label"":""No""},{""value"":""1.0"",""label"":""Yes""}]"
211,e113c,Siblings - Eczema,numeric,ORDINAL,NA,"[{""value"":""-3.0"",""label"":""Not Known""},{""value"":""-2.0"",""label"":""Not Stated""},{""value"":""0.0"",""label"":""No""},{""value"":""1.0"",""label"":""Yes""}]"
212,e113d,Siblings - Late Reader,numeric,ORDINAL,NA,"[{""value"":""-3.0"",""label"":""Not Known""},{""value"":""-2.0"",""label"":""Not Stated""},{""value"":""0.0"",""label"":""No""},{""value"":""1.0"",""label"":""Yes""}]"
213,e113e,Siblings - Poor Reader,numeric,ORDINAL,NA,"[{""value"":""-3.0"",""label"":""Not Known""},{""value"":""-2.0"",""label"":""Not Stated""},{""value"":""0.0"",""label"":""No""},{""value"":""1.0"",""label"":""Yes""}]"
214,e113f,Siblings - Convulsions,numeric,ORDINAL,NA,"[{""value"":""-3.0"",""label"":""Not Known""},{""value"":""-2.0"",""label"":""Not Stated""},{""value"":""0.0"",""label"":""No""},{""value"":""1.0"",""label"":""Yes""}]"
215,e113g,Siblings - Bedwetting,numeric,ORDINAL,NA,"[{""value"":""-3.0"",""label"":""Not Known""},{""value"":""-2.0"",""label"":""Not Stated""},{""value"":""0.0"",""label"":""No""},{""value"":""1.0"",""label"":""Yes""}]"
216,e113h,Siblings - Late Speaker,numeric,ORDINAL,NA,"[{""value"":""-3.0"",""label"":""Not Known""},{""value"":""-2.0"",""label"":""Not Stated""},{""value"":""0.0"",""label"":""No""},{""value"":""1.0"",""label"":""Yes""}]"
217,e114,Ever Watch Television at Home,numeric,ORDINAL,NA,"[{""value"":""-4.0"",""label"":""Vague""},{""value"":""-3.0"",""label"":""Not Stated""},{""value"":""-2.0"",""label"":""Not Known""},{""value"":""-1.0"",""label"":""Not Applicable""},{""value"":""1.0"",""label"":""Daily""},{""value"":""2.0"",""label"":""Occasionally""},{""value"":""3.0"",""label"":""Never""}]"
218,e115,No of Days TV Seen After 6pm Mon-Fri,numeric,ORDINAL,NA,"[{""value"":""-4.0"",""label"":""Vague""},{""value"":""-3.0"",""label"":""Not Stated""},{""value"":""-2.0"",""label"":""Not Known""},{""value"":""-1.0"",""label"":""Not Applicable""}]"
219,e116,Days TV Seen After 6pm Sat-Sun,numeric,ORDINAL,NA,"[{""value"":""-4.0"",""label"":""Vague""},{""value"":""-3.0"",""label"":""Not Stated""},{""value"":""-2.0"",""label"":""Not Known""},{""value"":""-1.0"",""label"":""Not Applicable""},{""value"":""0.0"",""label"":""Neither Day""},{""value"":""1.0"",""label"":""Saturday""},{""value"":""2.0"",""label"":""Sunday""},{""value"":""3.0"",""label"":""Sat and Sunday""}]"
220,e117,Av Hours Per Day Watched TV Mon-Fri,numeric,ORDINAL,NA,"[{""value"":""-4.0"",""label"":""Vague""},{""value"":""-3.0"",""label"":""Not Stated""},{""value"":""-2.0"",""label"":""Not Known""},{""value"":""-1.0"",""label"":""Not Applicable""},{""value"":""0.0"",""label"":""Under 1""},{""value"":""7.0"",""label"":""Ge 7 Hrs""}]"
221,e118,Av Hours Per Day Watched TV Sat-Sun,numeric,ORDINAL,NA,"[{""value"":""-4.0"",""label"":""Vague""},{""value"":""-3.0"",""label"":""Not Stated""},{""value"":""-2.0"",""label"":""Not Known""},{""value"":""-1.0"",""label"":""Not Applicable""},{""value"":""0.0"",""label"":""Under 1""},{""value"":""7.0"",""label"":""Ge 7 Hrs""}]"
222,e120,TV Watched-Childrens Programmes,numeric,ORDINAL,NA,"[{""value"":""-4.0"",""label"":""Vague""},{""value"":""-3.0"",""label"":""Not Stated""},{""value"":""-2.0"",""label"":""Not Known""},{""value"":""-1.0"",""label"":""Not Applicable""},{""value"":""1.0"",""label"":""Yes""},{""value"":""2.0"",""label"":""No""}]"
223,e121,TV Watched-Cartoons,numeric,ORDINAL,NA,"[{""value"":""-4.0"",""label"":""Vague""},{""value"":""-3.0"",""label"":""Not Stated""},{""value"":""-2.0"",""label"":""Not Known""},{""value"":""-1.0"",""label"":""Not Applicable""},{""value"":""1.0"",""label"":""Yes""},{""value"":""2.0"",""label"":""No""}]"
224,e122,TV Watched-Thriller Drama Etc,numeric,ORDINAL,NA,"[{""value"":""-4.0"",""label"":""Vague""},{""value"":""-3.0"",""label"":""Not Stated""},{""value"":""-2.0"",""label"":""Not Known""},{""value"":""-1.0"",""label"":""Not Applicable""},{""value"":""1.0"",""label"":""Yes""},{""value"":""2.0"",""label"":""No""}]"
225,e123,TV Watched-Comedy,numeric,ORDINAL,NA,"[{""value"":""-4.0"",""label"":""Vague""},{""value"":""-3.0"",""label"":""Not Stated""},{""value"":""-2.0"",""label"":""Not Known""},{""value"":""-1.0"",""label"":""Not Applicable""},{""value"":""1.0"",""label"":""Yes""},{""value"":""2.0"",""label"":""No""}]"
226,e124,TV Watched-Competition Quiz Programmes,numeric,ORDINAL,NA,"[{""value"":""-4.0"",""label"":""Vague""},{""value"":""-3.0"",""label"":""Not Stated""},{""value"":""-2.0"",""label"":""Not Known""},{""value"":""-1.0"",""label"":""Not Applicable""},{""value"":""1.0"",""label"":""Yes""},{""value"":""2.0"",""label"":""No""}]"
227,e125,TV Watched-Sport,numeric,ORDINAL,NA,"[{""value"":""-4.0"",""label"":""Vague""},{""value"":""-3.0"",""label"":""Not Stated""},{""value"":""-2.0"",""label"":""Not Known""},{""value"":""-1.0"",""label"":""Not Applicable""},{""value"":""1.0"",""label"":""Yes""},{""value"":""2.0"",""label"":""No""}]"
228,e126,TV Watched-News,numeric,ORDINAL,NA,"[{""value"":""-4.0"",""label"":""Vague""},{""value"":""-3.0"",""label"":""Not Stated""},{""value"":""-2.0"",""label"":""Not Known""},{""value"":""-1.0"",""label"":""Not Applicable""},{""value"":""1.0"",""label"":""Yes""},{""value"":""2.0"",""label"":""No""}]"
229,e127,TV Watched-Documentary,numeric,ORDINAL,NA,"[{""value"":""-4.0"",""label"":""Vague""},{""value"":""-3.0"",""label"":""Not Stated""},{""value"":""-2.0"",""label"":""Not Known""},{""value"":""-1.0"",""label"":""Not Applicable""},{""value"":""1.0"",""label"":""Yes""},{""value"":""2.0"",""label"":""No""}]"
230,e128,TV Watched-Other Types of Programmes,numeric,ORDINAL,NA,"[{""value"":""-4.0"",""label"":""Vague""},{""value"":""-3.0"",""label"":""Not Stated""},{""value"":""-2.0"",""label"":""Not Known""},{""value"":""-1.0"",""label"":""Not Applicable""},{""value"":""1.0"",""label"":""Yes""},{""value"":""2.0"",""label"":""No""}]"
231,e129,Persons Reading to Child in Past Week,numeric,ORDINAL,NA,"[{""value"":""-4.0"",""label"":""Vague""},{""value"":""-3.0"",""label"":""Not Stated""},{""value"":""-2.0"",""label"":""Not Known""},{""value"":""-1.0"",""label"":""Not Applicable""},{""value"":""0.0"",""label"":""Nobody""},{""value"":""1.0"",""label"":""Mother""},{""value"":""2.0"",""label"":""Father""},{""value"":""4.0"",""label"":""Other Adults""},{""value"":""8.0"",""label"":""Child Ge 11yrs""},{""value"":""16.0"",""label"":""Child Lt 11yrs""}]"
232,e130,Person Who Reads to Child Most Often,numeric,ORDINAL,NA,"[{""value"":""-4.0"",""label"":""Vague""},{""value"":""-3.0"",""label"":""Not Stated""},{""value"":""-2.0"",""label"":""Not Known""},{""value"":""-1.0"",""label"":""Not Applicable""},{""value"":""0.0"",""label"":""Nobody""},{""value"":""1.0"",""label"":""Mother""},{""value"":""2.0"",""label"":""Father""},{""value"":""3.0"",""label"":""Other Adults""},{""value"":""4.0"",""label"":""Child Ge 11yrs""},{""value"":""5.0"",""label"":""Child Lt 11yrs""}]"
233,e131,Number of Days Read to in Past Week,numeric,ORDINAL,NA,"[{""value"":""-4.0"",""label"":""Vague""},{""value"":""-3.0"",""label"":""Not Stated""},{""value"":""-2.0"",""label"":""Not Known""},{""value"":""-1.0"",""label"":""Not Applicable""},{""value"":""0.0"",""label"":""Not Read to""}]"
234,e133,Present Placement-Lea Nursery School,numeric,ORDINAL,NA,"[{""value"":""-4.0"",""label"":""Vague""},{""value"":""-3.0"",""label"":""Not Stated""},{""value"":""-2.0"",""label"":""Not Known""},{""value"":""-1.0"",""label"":""Not Applicable""},{""value"":""1.0"",""label"":""Yes""},{""value"":""2.0"",""label"":""No""}]"
235,e134,Present Placement-Prv Nursery School,numeric,ORDINAL,NA,"[{""value"":""-4.0"",""label"":""Vague""},{""value"":""-3.0"",""label"":""Not Stated""},{""value"":""-2.0"",""label"":""Not Known""},{""value"":""-1.0"",""label"":""Not Applicable""},{""value"":""1.0"",""label"":""Yes""},{""value"":""2.0"",""label"":""No""}]"
236,e135,Present Placement-Lea Nursery Class,numeric,ORDINAL,NA,"[{""value"":""-4.0"",""label"":""Vague""},{""value"":""-3.0"",""label"":""Not Stated""},{""value"":""-2.0"",""label"":""Not Known""},{""value"":""-1.0"",""label"":""Not Applicable""},{""value"":""1.0"",""label"":""Yes""},{""value"":""2.0"",""label"":""No""}]"
237,e136,Present Placement-Prv Nursery Class,numeric,ORDINAL,NA,"[{""value"":""-4.0"",""label"":""Vague""},{""value"":""-3.0"",""label"":""Not Stated""},{""value"":""-2.0"",""label"":""Not Known""},{""value"":""-1.0"",""label"":""Not Applicable""},{""value"":""1.0"",""label"":""Yes""},{""value"":""2.0"",""label"":""No""}]"
238,e137,Present Placement-Lea Primary School,numeric,ORDINAL,NA,"[{""value"":""-4.0"",""label"":""Vague""},{""value"":""-3.0"",""label"":""Not Stated""},{""value"":""-2.0"",""label"":""Not Known""},{""value"":""-1.0"",""label"":""Not Applicable""},{""value"":""1.0"",""label"":""Yes""},{""value"":""2.0"",""label"":""No""}]"
239,e138,Present Placement-Prv Primary School,numeric,ORDINAL,NA,"[{""value"":""-4.0"",""label"":""Vague""},{""value"":""-3.0"",""label"":""Not Stated""},{""value"":""-2.0"",""label"":""Not Known""},{""value"":""-1.0"",""label"":""Not Applicable""},{""value"":""1.0"",""label"":""Yes""},{""value"":""2.0"",""label"":""No""}]"
240,e139,Present Placement-Playgroup,numeric,ORDINAL,NA,"[{""value"":""-4.0"",""label"":""Vague""},{""value"":""-3.0"",""label"":""Not Stated""},{""value"":""-2.0"",""label"":""Not Known""},{""value"":""-1.0"",""label"":""Not Applicable""},{""value"":""1.0"",""label"":""Yes""},{""value"":""2.0"",""label"":""No""}]"
241,e140,Present Placement-Special Day School,numeric,ORDINAL,NA,"[{""value"":""-4.0"",""label"":""Vague""},{""value"":""-3.0"",""label"":""Not Stated""},{""value"":""-2.0"",""label"":""Not Known""},{""value"":""-1.0"",""label"":""Not Applicable""},{""value"":""1.0"",""label"":""Yes""},{""value"":""2.0"",""label"":""No""}]"
242,e141,Present Placement-La Day Nursery,numeric,ORDINAL,NA,"[{""value"":""-4.0"",""label"":""Vague""},{""value"":""-3.0"",""label"":""Not Stated""},{""value"":""-2.0"",""label"":""Not Known""},{""value"":""-1.0"",""label"":""Not Applicable""},{""value"":""1.0"",""label"":""Yes""},{""value"":""2.0"",""label"":""No""}]"
243,e142,Present Placement-Prv Day Nursery,numeric,ORDINAL,NA,"[{""value"":""-4.0"",""label"":""Vague""},{""value"":""-3.0"",""label"":""Not Stated""},{""value"":""-2.0"",""label"":""Not Known""},{""value"":""-1.0"",""label"":""Not Applicable""},{""value"":""1.0"",""label"":""Yes""},{""value"":""2.0"",""label"":""No""}]"
244,e143,Present Placement-Creche or Kindergarten,numeric,ORDINAL,NA,"[{""value"":""-4.0"",""label"":""Vague""},{""value"":""-3.0"",""label"":""Not Stated""},{""value"":""-2.0"",""label"":""Not Known""},{""value"":""-1.0"",""label"":""Not Applicable""},{""value"":""1.0"",""label"":""Yes""},{""value"":""2.0"",""label"":""No""}]"
245,e144,Present Placement-Other Educ or Day Care,numeric,ORDINAL,NA,"[{""value"":""-4.0"",""label"":""Vague""},{""value"":""-3.0"",""label"":""Not Stated""},{""value"":""-2.0"",""label"":""Not Known""},{""value"":""-1.0"",""label"":""Not Applicable""},{""value"":""1.0"",""label"":""Yes""},{""value"":""2.0"",""label"":""No""}]"
246,e145,Previous Placement-Lea Nursery School,numeric,ORDINAL,NA,"[{""value"":""-4.0"",""label"":""Vague""},{""value"":""-3.0"",""label"":""Not Stated""},{""value"":""-2.0"",""label"":""Not Known""},{""value"":""-1.0"",""label"":""Not Applicable""},{""value"":""1.0"",""label"":""Yes""},{""value"":""2.0"",""label"":""No""}]"
247,e146,Previous Placement-Prv Nursery School,numeric,ORDINAL,NA,"[{""value"":""-4.0"",""label"":""Vague""},{""value"":""-3.0"",""label"":""Not Stated""},{""value"":""-2.0"",""label"":""Not Known""},{""value"":""-1.0"",""label"":""Not Applicable""},{""value"":""1.0"",""label"":""Yes""},{""value"":""2.0"",""label"":""No""}]"
248,e147,Previous Placement-Lea Nursery Class,numeric,ORDINAL,NA,"[{""value"":""-4.0"",""label"":""Vague""},{""value"":""-3.0"",""label"":""Not Stated""},{""value"":""-2.0"",""label"":""Not Known""},{""value"":""-1.0"",""label"":""Not Applicable""},{""value"":""1.0"",""label"":""Yes""},{""value"":""2.0"",""label"":""No""}]"
249,e148,Previous Placement-Prv Nursery Class,numeric,ORDINAL,NA,"[{""value"":""-4.0"",""label"":""Vague""},{""value"":""-3.0"",""label"":""Not Stated""},{""value"":""-2.0"",""label"":""Not Known""},{""value"":""-1.0"",""label"":""Not Applicable""},{""value"":""1.0"",""label"":""Yes""},{""value"":""2.0"",""label"":""No""}]"
250,e149,Previous Placement-Lea Primary School,numeric,ORDINAL,NA,"[{""value"":""-4.0"",""label"":""Vague""},{""value"":""-3.0"",""label"":""Not Stated""},{""value"":""-2.0"",""label"":""Not Known""},{""value"":""-1.0"",""label"":""Not Applicable""},{""value"":""1.0"",""label"":""Yes""},{""value"":""2.0"",""label"":""No""}]"
251,e150,Previous Placement-Prv Primary School,numeric,ORDINAL,NA,"[{""value"":""-4.0"",""label"":""Vague""},{""value"":""-3.0"",""label"":""Not Stated""},{""value"":""-2.0"",""label"":""Not Known""},{""value"":""-1.0"",""label"":""Not Applicable""},{""value"":""1.0"",""label"":""Yes""},{""value"":""2.0"",""label"":""No""}]"
252,e151,Previous Placement-Playgroup,numeric,ORDINAL,NA,"[{""value"":""-4.0"",""label"":""Vague""},{""value"":""-3.0"",""label"":""Not Stated""},{""value"":""-2.0"",""label"":""Not Known""},{""value"":""-1.0"",""label"":""Not Applicable""},{""value"":""1.0"",""label"":""Yes""},{""value"":""2.0"",""label"":""No""}]"
253,e152,Previous Placement-Special Day School,numeric,ORDINAL,NA,"[{""value"":""-4.0"",""label"":""Vague""},{""value"":""-3.0"",""label"":""Not Stated""},{""value"":""-2.0"",""label"":""Not Known""},{""value"":""-1.0"",""label"":""Not Applicable""},{""value"":""1.0"",""label"":""Yes""},{""value"":""2.0"",""label"":""No""}]"
254,e153,Previous Placement-La Day Nursery,numeric,ORDINAL,NA,"[{""value"":""-4.0"",""label"":""Vague""},{""value"":""-3.0"",""label"":""Not Stated""},{""value"":""-2.0"",""label"":""Not Known""},{""value"":""-1.0"",""label"":""Not Applicable""},{""value"":""1.0"",""label"":""Yes""},{""value"":""2.0"",""label"":""No""}]"
255,e154,Previous Placement-Prv Day Nursery,numeric,ORDINAL,NA,"[{""value"":""-4.0"",""label"":""Vague""},{""value"":""-3.0"",""label"":""Not Stated""},{""value"":""-2.0"",""label"":""Not Known""},{""value"":""-1.0"",""label"":""Not Applicable""},{""value"":""1.0"",""label"":""Yes""},{""value"":""2.0"",""label"":""No""}]"
256,e155,Previous Placement-Creche or Kindergtn,numeric,ORDINAL,NA,"[{""value"":""-4.0"",""label"":""Vague""},{""value"":""-3.0"",""label"":""Not Stated""},{""value"":""-2.0"",""label"":""Not Known""},{""value"":""-1.0"",""label"":""Not Applicable""},{""value"":""1.0"",""label"":""Yes""},{""value"":""2.0"",""label"":""No""}]"
257,e156,Previous Placement-Other Educ or Daycare,numeric,ORDINAL,NA,"[{""value"":""-4.0"",""label"":""Vague""},{""value"":""-3.0"",""label"":""Not Stated""},{""value"":""-2.0"",""label"":""Not Known""},{""value"":""-1.0"",""label"":""Not Applicable""},{""value"":""1.0"",""label"":""Yes""},{""value"":""2.0"",""label"":""No""}]"
258,e157,Main Present Placement,numeric,ORDINAL,NA,"[{""value"":""-4.0"",""label"":""Vague""},{""value"":""-3.0"",""label"":""Not Stated""},{""value"":""-2.0"",""label"":""Not Known""},{""value"":""-1.0"",""label"":""Not Applicable""},{""value"":""0.0"",""label"":""Does Not Attend""},{""value"":""1.0"",""label"":""Lea Ns""},{""value"":""2.0"",""label"":""Prv Ns""},{""value"":""3.0"",""label"":""Lea Nc""},{""value"":""4.0"",""label"":""Prv Nc""},{""value"":""5.0"",""label"":""Lea Inf""},{""value"":""6.0"",""label"":""Prv Inf""},{""value"":""7.0"",""label"":""Plygroup""},{""value"":""8.0"",""label"":""Special School""},{""value"":""9.0"",""label"":""La Dn""},{""value"":""10.0"",""label"":""Prv Dn""},{""value"":""11.0"",""label"":""Creche""},{""value"":""12.0"",""label"":""M+T Club""},{""value"":""13.0"",""label"":""Sun Schl""},{""value"":""14.0"",""label"":""Other""}]"
259,e158,Main Previous Placement,numeric,ORDINAL,NA,"[{""value"":""-4.0"",""label"":""Vague""},{""value"":""-3.0"",""label"":""Not Stated""},{""value"":""-2.0"",""label"":""Not Known""},{""value"":""-1.0"",""label"":""Not Applicable""},{""value"":""0.0"",""label"":""Does Not Attend""},{""value"":""1.0"",""label"":""Lea Ns""},{""value"":""2.0"",""label"":""Prv Ns""},{""value"":""3.0"",""label"":""Lea Nc""},{""value"":""4.0"",""label"":""Prv Nc""},{""value"":""5.0"",""label"":""Lea Inf""},{""value"":""6.0"",""label"":""Prv Inf""},{""value"":""7.0"",""label"":""Plygroup""},{""value"":""8.0"",""label"":""Special School""},{""value"":""9.0"",""label"":""La Dn""},{""value"":""10.0"",""label"":""Prv On""},{""value"":""11.0"",""label"":""Creche""},{""value"":""12.0"",""label"":""M+T Club""},{""value"":""13.0"",""label"":""Sun Schl""},{""value"":""14.0"",""label"":""Other""}]"
260,e159,Type Of Premises-Present Placement,numeric,ORDINAL,NA,"[{""value"":""-4.0"",""label"":""Vague""},{""value"":""-3.0"",""label"":""Not Stated""},{""value"":""-2.0"",""label"":""Not Known""},{""value"":""-1.0"",""label"":""Not Applicable""},{""value"":""1.0"",""label"":""Schl-Nsy Prems""},{""value"":""2.0"",""label"":""Village Hall""},{""value"":""3.0"",""label"":""Church Hall""},{""value"":""4.0"",""label"":""Private House""},{""value"":""5.0"",""label"":""Factory""},{""value"":""6.0"",""label"":""Other""},{""value"":""7.0"",""label"":""Attends Two""}]"
261,e160,Type Of Premises-Previous Placement,numeric,ORDINAL,NA,"[{""value"":""-4.0"",""label"":""Vague""},{""value"":""-3.0"",""label"":""Not Stated""},{""value"":""-2.0"",""label"":""Not Known""},{""value"":""-1.0"",""label"":""Not Applicable""},{""value"":""1.0"",""label"":""Schl-Nsy Prems""},{""value"":""2.0"",""label"":""Village Hall""},{""value"":""3.0"",""label"":""Church Hall""},{""value"":""4.0"",""label"":""Private House""},{""value"":""5.0"",""label"":""Factory""},{""value"":""6.0"",""label"":""Other""},{""value"":""7.0"",""label"":""Attends Two""}]"
262,e161,Age Started Present Placement,numeric,ORDINAL,NA,"[{""value"":""-4.0"",""label"":""Vague""},{""value"":""-3.0"",""label"":""Not Stated""},{""value"":""-2.0"",""label"":""Not Known""},{""value"":""-1.0"",""label"":""Not Applicable""},{""value"":""0.0"",""label"":""< 1 Year""},{""value"":""1.0"",""label"":""1 - 2 Years""},{""value"":""2.0"",""label"":""2 - 3 Years""},{""value"":""3.0"",""label"":""3 - 4 Years""},{""value"":""4.0"",""label"":""4 - 5 Years""},{""value"":""5.0"",""label"":""> 5 Years""}]"
263,e162,Age Started Previous Placement,numeric,ORDINAL,NA,"[{""value"":""-4.0"",""label"":""Vague""},{""value"":""-3.0"",""label"":""Not Stated""},{""value"":""-2.0"",""label"":""Not Known""},{""value"":""-1.0"",""label"":""Not Applicable""},{""value"":""0.0"",""label"":""< 1 Year""},{""value"":""1.0"",""label"":""1 - 2 Years""},{""value"":""2.0"",""label"":""2 - 3 Years""},{""value"":""3.0"",""label"":""3 - 4 Years""},{""value"":""4.0"",""label"":""4 - 5 Years""},{""value"":""5.0"",""label"":""> 5 Years""}]"
264,e163,Age Stopped Previous Placement,numeric,ORDINAL,NA,"[{""value"":""-4.0"",""label"":""Vague""},{""value"":""-3.0"",""label"":""Not Stated""},{""value"":""-2.0"",""label"":""Not Known""},{""value"":""-1.0"",""label"":""Not Applicable""},{""value"":""0.0"",""label"":""< 1 Year""},{""value"":""1.0"",""label"":""1 - 2 Years""},{""value"":""2.0"",""label"":""2 - 3 Years""},{""value"":""3.0"",""label"":""3 - 4 Years""},{""value"":""4.0"",""label"":""4 - 5 Years""},{""value"":""5.0"",""label"":""> 5 Years""}]"
265,e164,Morning Sessions-Present Placement,numeric,ORDINAL,NA,"[{""value"":""-4.0"",""label"":""Vague""},{""value"":""-3.0"",""label"":""Not Stated""},{""value"":""-2.0"",""label"":""Not Known""},{""value"":""-1.0"",""label"":""Not Applicable""}]"
266,e165,Length am Sessions-Present Placement,numeric,ORDINAL,NA,"[{""value"":""-4.0"",""label"":""Vague""},{""value"":""-3.0"",""label"":""Not Stated""},{""value"":""-2.0"",""label"":""Not Known""},{""value"":""-1.0"",""label"":""Not Applicable""}]"
267,e166,Afternoon Sessions-Present Placement,numeric,ORDINAL,NA,"[{""value"":""-4.0"",""label"":""Vague""},{""value"":""-3.0"",""label"":""Not Stated""},{""value"":""-2.0"",""label"":""Not Known""},{""value"":""-1.0"",""label"":""Not Applicable""}]"
268,e167,Length pm Sessions-Present Placement,numeric,ORDINAL,NA,"[{""value"":""-4.0"",""label"":""Vague""},{""value"":""-3.0"",""label"":""Not Stated""},{""value"":""-2.0"",""label"":""Not Known""},{""value"":""-1.0"",""label"":""Not Applicable""}]"
269,e168,Morning Sessions-Previous Placement,numeric,ORDINAL,NA,"[{""value"":""-4.0"",""label"":""Vague""},{""value"":""-3.0"",""label"":""Not Stated""},{""value"":""-2.0"",""label"":""Not Known""},{""value"":""-1.0"",""label"":""Not Applicable""}]"
270,e169,Length am Sessions-Previous Placement,numeric,ORDINAL,NA,"[{""value"":""-4.0"",""label"":""Vague""},{""value"":""-3.0"",""label"":""Not Stated""},{""value"":""-2.0"",""label"":""Not Known""},{""value"":""-1.0"",""label"":""Not Applicable""}]"
271,e170,Afternoon Sessions-Previous Placement,numeric,ORDINAL,NA,"[{""value"":""-4.0"",""label"":""Vague""},{""value"":""-3.0"",""label"":""Not Stated""},{""value"":""-2.0"",""label"":""Not Known""},{""value"":""-1.0"",""label"":""Not Applicable""}]"
272,e171,Length pm Sessions-Previous Placement,numeric,ORDINAL,NA,"[{""value"":""-4.0"",""label"":""Vague""},{""value"":""-3.0"",""label"":""Not Stated""},{""value"":""-2.0"",""label"":""Not Known""},{""value"":""-1.0"",""label"":""Not Applicable""}]"
273,e172,Changes in Child-Present Placement,numeric,ORDINAL,NA,"[{""value"":""-4.0"",""label"":""Vague""},{""value"":""-3.0"",""label"":""Not Stated""},{""value"":""-2.0"",""label"":""Not Known""},{""value"":""-1.0"",""label"":""Not Applicable""},{""value"":""1.0"",""label"":""Change Noticed""},{""value"":""2.0"",""label"":""No Change Noticed""},{""value"":""3.0"",""label"":""Not Att Longenuf""},{""value"":""4.0"",""label"":""Cannot Say""}]"
274,e173,Changes in Child-Previous Placement,numeric,ORDINAL,NA,"[{""value"":""-4.0"",""label"":""Vague""},{""value"":""-3.0"",""label"":""Not Stated""},{""value"":""-2.0"",""label"":""Not Known""},{""value"":""-1.0"",""label"":""Not Applicable""},{""value"":""1.0"",""label"":""Change Noticed""},{""value"":""2.0"",""label"":""No Change Noticed""},{""value"":""3.0"",""label"":""Not Att Longenuf""},{""value"":""4.0"",""label"":""Cannot Say""}]"
275,e174,Kind of Change-Specific Skills Pres,numeric,ORDINAL,NA,"[{""value"":""-4.0"",""label"":""Vague""},{""value"":""-3.0"",""label"":""Not Stated""},{""value"":""-2.0"",""label"":""Not Known""},{""value"":""-1.0"",""label"":""Not Applicable""},{""value"":""0.0"",""label"":""None in this List""},{""value"":""1.0"",""label"":""Imp Lang-Speech""},{""value"":""2.0"",""label"":""Imp Reading""},{""value"":""3.0"",""label"":""Imp Writing""},{""value"":""4.0"",""label"":""Imp Painting""},{""value"":""5.0"",""label"":""Det Lang-Speech""},{""value"":""6.0"",""label"":""Det Reading""},{""value"":""7.0"",""label"":""Det Writing""},{""value"":""8.0"",""label"":""Det Painting""}]"
276,e175,"Kind of Change-Knowledge,Persnlty Pres",numeric,ORDINAL,NA,"[{""value"":""-4.0"",""label"":""Vague""},{""value"":""-3.0"",""label"":""Not Stated""},{""value"":""-2.0"",""label"":""Not Known""},{""value"":""-1.0"",""label"":""Not Applicable""},{""value"":""0.0"",""label"":""None in This List""},{""value"":""1.0"",""label"":""Imp Knowledge""},{""value"":""2.0"",""label"":""Imp Personality""},{""value"":""3.0"",""label"":""Imp Know+Personty""},{""value"":""4.0"",""label"":""Det Knowledge""},{""value"":""5.0"",""label"":""Det Personality""},{""value"":""6.0"",""label"":""Det Know+Personty""},{""value"":""7.0"",""label"":""Mixed""},{""value"":""8.0"",""label"":""Not Clear""}]"
277,e176,Kind of Change-Specific Skills Prev,numeric,ORDINAL,NA,"[{""value"":""-4.0"",""label"":""Vague""},{""value"":""-3.0"",""label"":""Not Stated""},{""value"":""-2.0"",""label"":""Not Known""},{""value"":""-1.0"",""label"":""Not Applicable""},{""value"":""0.0"",""label"":""None in This List""},{""value"":""1.0"",""label"":""Imp Lang-Speech""},{""value"":""2.0"",""label"":""Imp Reading""},{""value"":""3.0"",""label"":""Imp Writing""},{""value"":""4.0"",""label"":""Imp Painting""},{""value"":""5.0"",""label"":""Det Lang-Speech""},{""value"":""6.0"",""label"":""Det Reading""},{""value"":""7.0"",""label"":""Det Writing""},{""value"":""8.0"",""label"":""Det Painting""}]"
278,e177,"Kind of Change-Knowledge,Persnlty Prev",numeric,ORDINAL,NA,"[{""value"":""-4.0"",""label"":""Vague""},{""value"":""-3.0"",""label"":""Not Stated""},{""value"":""-2.0"",""label"":""Not Known""},{""value"":""-1.0"",""label"":""Not Applicable""},{""value"":""0.0"",""label"":""None in this List""},{""value"":""1.0"",""label"":""Imp Knowledge""},{""value"":""2.0"",""label"":""Imp Personality""},{""value"":""3.0"",""label"":""Imp Know+Personty""},{""value"":""4.0"",""label"":""Det Knowledge""},{""value"":""5.0"",""label"":""Det Personality""},{""value"":""6.0"",""label"":""Det Know+Personty""},{""value"":""7.0"",""label"":""Mixed""},{""value"":""8.0"",""label"":""Not Clear""}]"
279,e178,Mother Helped-Present Placement,numeric,ORDINAL,NA,"[{""value"":""-4.0"",""label"":""Vague""},{""value"":""-3.0"",""label"":""Not Stated""},{""value"":""-2.0"",""label"":""Not Known""},{""value"":""-1.0"",""label"":""Not Applicable""},{""value"":""1.0"",""label"":""Yes-Ge Once A Wk""},{""value"":""2.0"",""label"":""Yes-1-3 A Month""},{""value"":""3.0"",""label"":""Yes-1-2 A Term""},{""value"":""4.0"",""label"":""Yes-Lt 1 A Term""},{""value"":""5.0"",""label"":""No-Help Not Reqd""},{""value"":""6.0"",""label"":""No-Busy Mother""},{""value"":""7.0"",""label"":""No-Pref No Part""},{""value"":""8.0"",""label"":""Not Att Longenuf""},{""value"":""9.0"",""label"":""Other""},{""value"":""10.0"",""label"":""5 and 6 Apply""},{""value"":""11.0"",""label"":""5 and 7 Apply""},{""value"":""12.0"",""label"":""6 and 7 Apply""},{""value"":""13.0"",""label"":""5+6+7 Apply""}]"
280,e179,Mother Helped-Previous Placement,numeric,ORDINAL,NA,"[{""value"":""-4.0"",""label"":""Vague""},{""value"":""-3.0"",""label"":""Not Stated""},{""value"":""-2.0"",""label"":""Not Known""},{""value"":""-1.0"",""label"":""Not Applicable""},{""value"":""1.0"",""label"":""Yes-Ge Once a Wk""},{""value"":""2.0"",""label"":""Yes-1-3 a Month""},{""value"":""3.0"",""label"":""Yes-1-2 a Term""},{""value"":""4.0"",""label"":""Yes-Lt 1 a Term""},{""value"":""5.0"",""label"":""No-Help No T Reqd""},{""value"":""6.0"",""label"":""No-Busy Mother""},{""value"":""7.0"",""label"":""No-Pref No Part""},{""value"":""8.0"",""label"":""Not Att Longenuf""},{""value"":""9.0"",""label"":""Other""},{""value"":""10.0"",""label"":""5 and 6 Apply""},{""value"":""11.0"",""label"":""5 and 7 Apply""},{""value"":""12.0"",""label"":""6 and 7 Apply""},{""value"":""13.0"",""label"":""5+6+7 Apply""}]"
281,e180,Type of Help-Present Placement,numeric,ORDINAL,NA,"[{""value"":""-4.0"",""label"":""Vague""},{""value"":""-3.0"",""label"":""Not Stated""},{""value"":""-2.0"",""label"":""Not Known""},{""value"":""-1.0"",""label"":""Not Applicable""},{""value"":""1.0"",""label"":""Managemnt Advisory""},{""value"":""2.0"",""label"":""Wkng Wth Childrn""},{""value"":""3.0"",""label"":""Special Occasion""},{""value"":""4.0"",""label"":""General Help""},{""value"":""5.0"",""label"":""Working Parties""},{""value"":""6.0"",""label"":""In Other Ways""},{""value"":""7.0"",""label"":""1 and 2 Apply""},{""value"":""8.0"",""label"":""1 and 3 Apply""}]"
282,e181,Type of Help-Previous Placement,numeric,ORDINAL,NA,"[{""value"":""-4.0"",""label"":""Vague""},{""value"":""-3.0"",""label"":""Not Stated""},{""value"":""-2.0"",""label"":""Not Known""},{""value"":""-1.0"",""label"":""Not Applicable""},{""value"":""1.0"",""label"":""Managemnt Advisory""},{""value"":""2.0"",""label"":""Wkng Wth Childrn""},{""value"":""3.0"",""label"":""Special Occasion""},{""value"":""4.0"",""label"":""General Help""},{""value"":""5.0"",""label"":""Working Parties""},{""value"":""6.0"",""label"":""In Other Ways""},{""value"":""7.0"",""label"":""1 and 2 Apply""},{""value"":""8.0"",""label"":""1 and 3 Apply""}]"
283,e182a,Meetings with Staff Before-Mother,numeric,ORDINAL,NA,"[{""value"":""-3.0"",""label"":""Not Stated""},{""value"":""-2.0"",""label"":""Not Known""},{""value"":""-1.0"",""label"":""Not Applicable""},{""value"":""0.0"",""label"":""Not Known""},{""value"":""1.0"",""label"":""Met Staff at Playgrp""},{""value"":""2.0"",""label"":""Met at Parents Home""},{""value"":""3.0"",""label"":""Met Elsewhere""},{""value"":""4.0"",""label"":""No Never Met Staff""},{""value"":""5.0"",""label"":""No Mother Figure""},{""value"":""6.0"",""label"":""No Present Placement""},{""value"":""7.0"",""label"":""Playgp,Parents Home""},{""value"":""8.0"",""label"":""Not Applicable""},{""value"":""9.0"",""label"":""Not Stated""}]"
284,e182b,Meetings with Staff Before-Father,numeric,ORDINAL,NA,"[{""value"":""-3.0"",""label"":""Not Stated""},{""value"":""-2.0"",""label"":""Not Known""},{""value"":""-1.0"",""label"":""Not Applicable""},{""value"":""0.0"",""label"":""Not Known""},{""value"":""1.0"",""label"":""Met Staff at Playgrp""},{""value"":""2.0"",""label"":""Met at Parents Home""},{""value"":""3.0"",""label"":""Met Elsewhere""},{""value"":""4.0"",""label"":""No Never Met Staff""},{""value"":""5.0"",""label"":""No Father Figure""},{""value"":""6.0"",""label"":""No Present Placement""},{""value"":""7.0"",""label"":""Playgp,Parents Home""},{""value"":""8.0"",""label"":""Not Applicable""},{""value"":""9.0"",""label"":""Not Stated""}]"
285,e182c,Meetings with Staff Since -Mother,numeric,ORDINAL,NA,"[{""value"":""-3.0"",""label"":""Not Stated""},{""value"":""-2.0"",""label"":""Not Known""},{""value"":""-1.0"",""label"":""Not Applicable""},{""value"":""0.0"",""label"":""Not Known""},{""value"":""1.0"",""label"":""Met Staff at Playgrp""},{""value"":""2.0"",""label"":""Met at Parents Home""},{""value"":""3.0"",""label"":""Met Elsewhere""},{""value"":""4.0"",""label"":""No Never Met Staff""},{""value"":""5.0"",""label"":""No Mother Figure""},{""value"":""6.0"",""label"":""No Present Placement""},{""value"":""7.0"",""label"":""Playgp,Parents Home""},{""value"":""8.0"",""label"":""Not Applicable""},{""value"":""9.0"",""label"":""Not Stated""}]"
286,e182d,Meetings with Staff Since -Father,numeric,ORDINAL,NA,"[{""value"":""-3.0"",""label"":""Not Stated""},{""value"":""-2.0"",""label"":""Not Known""},{""value"":""-1.0"",""label"":""Not Applicable""},{""value"":""0.0"",""label"":""Not Known""},{""value"":""1.0"",""label"":""Met Staff at Playgrp""},{""value"":""2.0"",""label"":""Met at Parents Home""},{""value"":""3.0"",""label"":""Met Elsewhere""},{""value"":""4.0"",""label"":""No Never Met Staff""},{""value"":""5.0"",""label"":""No Father Figure""},{""value"":""6.0"",""label"":""No Present Placement""},{""value"":""7.0"",""label"":""Playgp,Parents Home""},{""value"":""8.0"",""label"":""Not Applicable""},{""value"":""9.0"",""label"":""Not Stated""}]"
287,e182e,Persons Who Initiated Meetings,numeric,ORDINAL,NA,"[{""value"":""-3.0"",""label"":""Not Stated""},{""value"":""-2.0"",""label"":""Not Known""},{""value"":""-1.0"",""label"":""Not Applicable""},{""value"":""0.0"",""label"":""Cannot Say""},{""value"":""1.0"",""label"":""Parents""},{""value"":""2.0"",""label"":""Staff""},{""value"":""3.0"",""label"":""Other Reply""},{""value"":""4.0"",""label"":""Parents and Staff""},{""value"":""5.0"",""label"":""Parents,Staff,Other""},{""value"":""8.0"",""label"":""Not Applicable""},{""value"":""9.0"",""label"":""Not Stated""}]"
288,e183a,School Entry,numeric,ORDINAL,NA,"[{""value"":""-4.0"",""label"":""VAGUE""},{""value"":""-3.0"",""label"":""NOT STATED""},{""value"":""-2.0"",""label"":""NOT KNOWN""},{""value"":""-1.0"",""label"":""NOT APPLICABLE""},{""value"":""1.0"",""label"":""SUMMR 75""},{""value"":""2.0"",""label"":""AUTMN 75""},{""value"":""3.0"",""label"":""SPRNG 76""},{""value"":""4.0"",""label"":""SUMMR 76""},{""value"":""5.0"",""label"":""AUTMN 76""}]"
289,e183b,Waiting List,numeric,ORDINAL,NA,"[{""value"":""-4.0"",""label"":""Vague""},{""value"":""-3.0"",""label"":""Not Stated""},{""value"":""-2.0"",""label"":""Not Known""},{""value"":""-1.0"",""label"":""Not Applicable""},{""value"":""1.0"",""label"":""Yes-Ns-C or Pg""},{""value"":""2.0"",""label"":""Yes-Dn""},{""value"":""3.0"",""label"":""No""},{""value"":""4.0"",""label"":""1 and 2 Apply""}]"
290,e184,Looked After by Friend or Neighbour,numeric,ORDINAL,NA,"[{""value"":""-4.0"",""label"":""Vague""},{""value"":""-3.0"",""label"":""Not Stated""},{""value"":""-2.0"",""label"":""Not Known""},{""value"":""-1.0"",""label"":""Not Applicable""},{""value"":""1.0"",""label"":""Yes""},{""value"":""2.0"",""label"":""No""},{""value"":""3.0"",""label"":""Nobody""}]"
291,e185,Looked After by Paid Childminder,numeric,ORDINAL,NA,"[{""value"":""-4.0"",""label"":""Vague""},{""value"":""-3.0"",""label"":""Not Stated""},{""value"":""-2.0"",""label"":""Not Known""},{""value"":""-1.0"",""label"":""Not Applicable""},{""value"":""1.0"",""label"":""Yes""},{""value"":""2.0"",""label"":""No""},{""value"":""3.0"",""label"":""Nobody""}]"
292,e186,Looked After by Relative,numeric,ORDINAL,NA,"[{""value"":""-4.0"",""label"":""Vague""},{""value"":""-3.0"",""label"":""Not Stated""},{""value"":""-2.0"",""label"":""Not Known""},{""value"":""-1.0"",""label"":""Not Applicable""},{""value"":""1.0"",""label"":""Yes""},{""value"":""2.0"",""label"":""No""},{""value"":""3.0"",""label"":""Nobody""}]"
293,e187,Looked After by Other Person,numeric,ORDINAL,NA,"[{""value"":""-4.0"",""label"":""Vague""},{""value"":""-3.0"",""label"":""Not Stated""},{""value"":""-2.0"",""label"":""Not Known""},{""value"":""-1.0"",""label"":""Not Applicable""},{""value"":""1.0"",""label"":""Yes""},{""value"":""2.0"",""label"":""No""},{""value"":""3.0"",""label"":""Nobody""}]"
294,e188,Age First Looked After,numeric,ORDINAL,NA,"[{""value"":""-4.0"",""label"":""Vague""},{""value"":""-3.0"",""label"":""Not Stated""},{""value"":""-2.0"",""label"":""Not Known""},{""value"":""-1.0"",""label"":""Not Applicable""},{""value"":""0.0"",""label"":""Under 1 Year""},{""value"":""1.0"",""label"":""Ge 1 Lt 2 Years""},{""value"":""2.0"",""label"":""Ge 2 Lt 3 Years""},{""value"":""3.0"",""label"":""Ge 3 Lt 4 Years""},{""value"":""4.0"",""label"":""Ge 4 Lt 5 Years""},{""value"":""5.0"",""label"":""5 Years and Over""}]"
295,e189a,Mothers Highest Educ Qualification,numeric,ORDINAL,NA,"[{""value"":""-4.0"",""label"":""Vague""},{""value"":""-3.0"",""label"":""Not Stated""},{""value"":""-2.0"",""label"":""Not Known""},{""value"":""-1.0"",""label"":""Not Applicable""},{""value"":""1.0"",""label"":""No Quals""},{""value"":""2.0"",""label"":""Voc Qual""},{""value"":""3.0"",""label"":""0 Level or Equiv""},{""value"":""4.0"",""label"":""A Level or Equiv""},{""value"":""5.0"",""label"":""Srn""},{""value"":""6.0"",""label"":""Cert of Eductn""},{""value"":""7.0"",""label"":""Degree +""},{""value"":""8.0"",""label"":""Other""}]"
296,e189b,Fathers Highest Educ Qualification,numeric,ORDINAL,NA,"[{""value"":""-4.0"",""label"":""Vague""},{""value"":""-3.0"",""label"":""Not Stated""},{""value"":""-2.0"",""label"":""Not Known""},{""value"":""-1.0"",""label"":""Not Applicable""},{""value"":""1.0"",""label"":""No Quals""},{""value"":""2.0"",""label"":""Voc Qual""},{""value"":""3.0"",""label"":""0 Level or Equiv""},{""value"":""4.0"",""label"":""A Level or Equiv""},{""value"":""5.0"",""label"":""Srn""},{""value"":""6.0"",""label"":""Cert of Ed Uctn""},{""value"":""7.0"",""label"":""Degree +""},{""value"":""8.0"",""label"":""Other""}]"
297,e190,Highest Known Qualification of Parents,numeric,ORDINAL,NA,"[{""value"":""-4.0"",""label"":""VAGUE""},{""value"":""-3.0"",""label"":""Not Stated""},{""value"":""-2.0"",""label"":""Not Known""},{""value"":""-1.0"",""label"":""Not Applicable""},{""value"":""1.0"",""label"":""NO QUALS""},{""value"":""2.0"",""label"":""VOC QUALS""},{""value"":""3.0"",""label"":""0 LEVEL OR EQUIV""},{""value"":""4.0"",""label"":""A LEVEL OR EQUIV""},{""value"":""5.0"",""label"":""SRN""},{""value"":""6.0"",""label"":""CERT OF ED UCATN""},{""value"":""7.0"",""label"":""DEGREE +""},{""value"":""8.0"",""label"":""OTHER""}]"
298,e191,Age Mother Left School,numeric,ORDINAL,NA,"[{""value"":""-4.0"",""label"":""Vague""},{""value"":""-3.0"",""label"":""Not Stated""},{""value"":""-2.0"",""label"":""Not Known""},{""value"":""-1.0"",""label"":""Not Applicable""}]"
299,e192,Age Father Left School,numeric,ORDINAL,NA,"[{""value"":""-4.0"",""label"":""Vague""},{""value"":""-3.0"",""label"":""Not Stated""},{""value"":""-2.0"",""label"":""Not Known""},{""value"":""-1.0"",""label"":""Not Applicable""}]"
300,e193,Years of Ft Educ After School-Mother,numeric,ORDINAL,NA,"[{""value"":""-4.0"",""label"":""Vague""},{""value"":""-3.0"",""label"":""Not Stated""},{""value"":""-2.0"",""label"":""Not Known""},{""value"":""-1.0"",""label"":""Not Applicable""},{""value"":""0.0"",""label"":""None""},{""value"":""7.0"",""label"":""7+ Years""}]"
301,e194,Years of Ft Educ After School-Father,numeric,ORDINAL,NA,"[{""value"":""-4.0"",""label"":""Vague""},{""value"":""-3.0"",""label"":""Not Stated""},{""value"":""-2.0"",""label"":""Not Known""},{""value"":""-1.0"",""label"":""Not Applicable""},{""value"":""0.0"",""label"":""None""},{""value"":""7.0"",""label"":""7+ Years""}]"
302,e195,Years of Ft Educ After Age 15-Mother,numeric,ORDINAL,NA,"[{""value"":""-4.0"",""label"":""Vague""},{""value"":""-3.0"",""label"":""Not Stated""},{""value"":""-2.0"",""label"":""Not Known""},{""value"":""-1.0"",""label"":""Not Applicable""},{""value"":""0.0"",""label"":""None""}]"
303,e196,Years of Ft Educ After Age 15-Father,numeric,ORDINAL,NA,"[{""value"":""-4.0"",""label"":""Vague""},{""value"":""-3.0"",""label"":""Not Stated""},{""value"":""-2.0"",""label"":""Not Known""},{""value"":""-1.0"",""label"":""Not Applicable""},{""value"":""0.0"",""label"":""None""}]"
304,e197,Classification of Fathers Occupation,numeric,ORDINAL,NA,"[{""value"":""-4.0"",""label"":""Vague""},{""value"":""-3.0"",""label"":""Not Stated""},{""value"":""-2.0"",""label"":""Not Known""},{""value"":""-1.0"",""label"":""Not Applicable""},{""value"":""1.0"",""label"":""I""},{""value"":""2.0"",""label"":""II""},{""value"":""3.0"",""label"":""IIINM""},{""value"":""4.0"",""label"":""IIIM""},{""value"":""5.0"",""label"":""IV""},{""value"":""6.0"",""label"":""V""},{""value"":""7.0"",""label"":""Student-Volun Wk""}]"
305,e198,Father Away Evenings,numeric,ORDINAL,NA,"[{""value"":""-4.0"",""label"":""Vague""},{""value"":""-3.0"",""label"":""Not Stated""},{""value"":""-2.0"",""label"":""Not Known""},{""value"":""-1.0"",""label"":""Not Applicable""},{""value"":""1.0"",""label"":""Never""},{""value"":""2.0"",""label"":""Sometimes""},{""value"":""3.0"",""label"":""Often""}]"
306,e199,Father Away Saturdays or Sundays,numeric,ORDINAL,NA,"[{""value"":""-4.0"",""label"":""Vague""},{""value"":""-3.0"",""label"":""Not Stated""},{""value"":""-2.0"",""label"":""Not Known""},{""value"":""-1.0"",""label"":""Not Applicable""},{""value"":""1.0"",""label"":""Never""},{""value"":""2.0"",""label"":""Sometimes""},{""value"":""3.0"",""label"":""Often""}]"
307,e200,Father Away Long Periods,numeric,ORDINAL,NA,"[{""value"":""-4.0"",""label"":""Vague""},{""value"":""-3.0"",""label"":""Not Stated""},{""value"":""-2.0"",""label"":""Not Known""},{""value"":""-1.0"",""label"":""Not Applicable""},{""value"":""1.0"",""label"":""Never""},{""value"":""2.0"",""label"":""Sometimes""},{""value"":""3.0"",""label"":""Often""}]"
308,e201,Father Works Over-Night,numeric,ORDINAL,NA,"[{""value"":""-4.0"",""label"":""Vague""},{""value"":""-3.0"",""label"":""Not Stated""},{""value"":""-2.0"",""label"":""Not Known""},{""value"":""-1.0"",""label"":""Not Applicable""},{""value"":""1.0"",""label"":""Never""},{""value"":""2.0"",""label"":""Sometimes""},{""value"":""3.0"",""label"":""Often""}]"
309,e202,Father Works Shifts,numeric,ORDINAL,NA,"[{""value"":""-4.0"",""label"":""Vague""},{""value"":""-3.0"",""label"":""Not Stated""},{""value"":""-2.0"",""label"":""Not Known""},{""value"":""-1.0"",""label"":""Not Applicable""},{""value"":""1.0"",""label"":""Never""},{""value"":""2.0"",""label"":""Sometimes""},{""value"":""3.0"",""label"":""Often""}]"
310,e203a,Weeks Father Off Work-Illness,numeric,ORDINAL,NA,"[{""value"":""-4.0"",""label"":""Vague""},{""value"":""-3.0"",""label"":""Not Stated""},{""value"":""-2.0"",""label"":""Not Known""},{""value"":""-1.0"",""label"":""Not Applicable""},{""value"":""0.0"",""label"":""None""}]"
311,e203b,Weeks Father Off Work-Unemployment,numeric,ORDINAL,NA,"[{""value"":""-4.0"",""label"":""Vague""},{""value"":""-3.0"",""label"":""Not Stated""},{""value"":""-2.0"",""label"":""Not Known""},{""value"":""-1.0"",""label"":""Not Applicable""},{""value"":""0.0"",""label"":""None""}]"
312,e204a,Fathers Fathers Occupation,numeric,ORDINAL,NA,"[{""value"":""-2.0"",""label"":""Not Known""},{""value"":""-1.0"",""label"":""Not Applicable""},{""value"":""0.0"",""label"":""Not Known""},{""value"":""1.0"",""label"":""I""},{""value"":""2.0"",""label"":""II""},{""value"":""3.0"",""label"":""III""},{""value"":""4.0"",""label"":""III M""},{""value"":""5.0"",""label"":""IV""},{""value"":""6.0"",""label"":""V""},{""value"":""7.0"",""label"":""F/Pt Stu,Vol Work""},{""value"":""8.0"",""label"":""Not Applicable""},{""value"":""9.0"",""label"":""NS,Unempld+Retd NS""}]"
313,e204b,Mothers Fathers Occupation,numeric,ORDINAL,NA,"[{""value"":""-2.0"",""label"":""Not Known""},{""value"":""-1.0"",""label"":""Not Applicable""},{""value"":""0.0"",""label"":""Not Known""},{""value"":""1.0"",""label"":""I""},{""value"":""2.0"",""label"":""II""},{""value"":""3.0"",""label"":""III""},{""value"":""4.0"",""label"":""III M""},{""value"":""5.0"",""label"":""IV""},{""value"":""6.0"",""label"":""V""},{""value"":""7.0"",""label"":""F/Pt Stu,Vol Work""},{""value"":""8.0"",""label"":""Not Applicable""},{""value"":""9.0"",""label"":""NS,Unempld+Retd NS""}]"
314,e205,Mothers Employment,numeric,ORDINAL,NA,"[{""value"":""-4.0"",""label"":""Vague""},{""value"":""-3.0"",""label"":""Not Stated""},{""value"":""-2.0"",""label"":""Not Known""},{""value"":""-1.0"",""label"":""Not Applicable""},{""value"":""1.0"",""label"":""Ft Housewife""},{""value"":""2.0"",""label"":""Regular Wk Away""},{""value"":""3.0"",""label"":""Occasnl Wk Away""},{""value"":""4.0"",""label"":""Regular Home Wk""},{""value"":""5.0"",""label"":""Occasnl Home Wk""},{""value"":""6.0"",""label"":""Has Two Jobs""},{""value"":""7.0"",""label"":""Other""},{""value"":""8.0"",""label"":""Student-Volun Wk""}]"
315,e206,Classification of Mothers Occupation,numeric,ORDINAL,NA,"[{""value"":""-4.0"",""label"":""Vague""},{""value"":""-3.0"",""label"":""Not Stated""},{""value"":""-2.0"",""label"":""Not Known""},{""value"":""-1.0"",""label"":""Not Applicable""},{""value"":""1.0"",""label"":""I""},{""value"":""2.0"",""label"":""II""},{""value"":""3.0"",""label"":""IIINM""},{""value"":""4.0"",""label"":""IIIM""},{""value"":""5.0"",""label"":""IV""},{""value"":""6.0"",""label"":""V""},{""value"":""7.0"",""label"":""Student-Volun Wk""}]"
316,e207,Number of Years Mother Doing Job,numeric,ORDINAL,NA,"[{""value"":""-4.0"",""label"":""Vague""},{""value"":""-3.0"",""label"":""Not Stated""},{""value"":""-2.0"",""label"":""Not Known""},{""value"":""-1.0"",""label"":""Not Applicable""},{""value"":""0.0"",""label"":""Under 1 Year""}]"
317,e208,Hours Mother Worked in Previous Week,numeric,ORDINAL,NA,"[{""value"":""-4.0"",""label"":""Vague""},{""value"":""-3.0"",""label"":""Not Stated""},{""value"":""-2.0"",""label"":""Not Known""},{""value"":""-1.0"",""label"":""Not Applicable""},{""value"":""0.0"",""label"":""Under 1 Hour""}]"
318,e209a,Days Mother Worked Previous Week,numeric,ORDINAL,NA,"[{""value"":""-3.0"",""label"":""Not Stated""},{""value"":""-2.0"",""label"":""Not Stated""},{""value"":""-1.0"",""label"":""Not Applicable""},{""value"":""0.0"",""label"":""Weekdays Only""},{""value"":""1.0"",""label"":""Weekdays+1 Weekend""},{""value"":""2.0"",""label"":""Every Day""}]"
319,e209b,Days Mother Worked Previous Week,numeric,ORDINAL,NA,"[{""value"":""-3.0"",""label"":""Not Stated""},{""value"":""-2.0"",""label"":""Not Stated""},{""value"":""-1.0"",""label"":""Not Applicable""},{""value"":""0.0"",""label"":""Weekend Only""},{""value"":""1.0"",""label"":""1 Weekday""},{""value"":""2.0"",""label"":""2 Weekdays""},{""value"":""3.0"",""label"":""3 Weekdays""},{""value"":""4.0"",""label"":""4 Weekdays""},{""value"":""5.0"",""label"":""Weekdays""}]"
320,e210,Regularity of Mothers Work Routine,numeric,ORDINAL,NA,"[{""value"":""-4.0"",""label"":""Vague""},{""value"":""-3.0"",""label"":""Not Stated""},{""value"":""-2.0"",""label"":""Not Known""},{""value"":""-1.0"",""label"":""Not Applicable""},{""value"":""1.0"",""label"":""Every Wk Same""},{""value"":""2.0"",""label"":""Ma Works Shifts""},{""value"":""3.0"",""label"":""No Fixed Pattern""},{""value"":""4.0"",""label"":""Other""}]"
321,e210a,Avg Travelling Time to Work,numeric,ORDINAL,NA,"[{""value"":""-3.0"",""label"":""Not Stated""},{""value"":""-1.0"",""label"":""Not Applicable""},{""value"":""0.0"",""label"":""At Home""},{""value"":""1.0"",""label"":""0-14 mins""},{""value"":""2.0"",""label"":""15-29 mins""},{""value"":""3.0"",""label"":""30-44 mins""},{""value"":""4.0"",""label"":""45-59 mins""},{""value"":""5.0"",""label"":""1hr-1hr 14mins""},{""value"":""6.0"",""label"":""1hr 15mins-1hr 29min""},{""value"":""7.0"",""label"":""1hr 30mins +""},{""value"":""8.0"",""label"":""Not Applicable""},{""value"":""9.0"",""label"":""Not Stated""}]"
322,e210b,Avg Travelling Time to Home,numeric,ORDINAL,NA,"[{""value"":""-3.0"",""label"":""Not Stated""},{""value"":""-1.0"",""label"":""Not Applicable""},{""value"":""0.0"",""label"":""At Home""},{""value"":""1.0"",""label"":""0-14 mins""},{""value"":""2.0"",""label"":""15-29 mins""},{""value"":""3.0"",""label"":""30-44 mins""},{""value"":""4.0"",""label"":""45-59 mins""},{""value"":""5.0"",""label"":""1hr-1hr 14mins""},{""value"":""6.0"",""label"":""1hr 15mins-1hr 29min""},{""value"":""7.0"",""label"":""1hr 30mins +""},{""value"":""8.0"",""label"":""Not Applicable""},{""value"":""9.0"",""label"":""Not Stated""}]"
323,e211,Where Child Looked After When Ma Works,numeric,ORDINAL,NA,"[{""value"":""-4.0"",""label"":""Vague""},{""value"":""-3.0"",""label"":""Not Stated""},{""value"":""-2.0"",""label"":""Not Known""},{""value"":""-1.0"",""label"":""Not Applicable""},{""value"":""1.0"",""label"":""At Home""},{""value"":""2.0"",""label"":""Away from Home""},{""value"":""3.0"",""label"":""Varies""}]"
324,e212,Who Looks After Child When Ma Works-A,numeric,ORDINAL,NA,"[{""value"":""-4.0"",""label"":""Vague""},{""value"":""-3.0"",""label"":""Not Stated""},{""value"":""-2.0"",""label"":""Not Known""},{""value"":""-1.0"",""label"":""Not Applicable""},{""value"":""0.0"",""label"":""None in this List""},{""value"":""1.0"",""label"":""Father""},{""value"":""2.0"",""label"":""Mother at Home""},{""value"":""4.0"",""label"":""Mother at Work""},{""value"":""8.0"",""label"":""Adult Relative""},{""value"":""16.0"",""label"":""Older Sibling""}]"
325,e213,Who Looks After Child When Ma Works-B,numeric,ORDINAL,NA,"[{""value"":""-4.0"",""label"":""Vague""},{""value"":""-3.0"",""label"":""Not Stated""},{""value"":""-2.0"",""label"":""Not Known""},{""value"":""-1.0"",""label"":""Not Applicable""},{""value"":""0.0"",""label"":""None in this List""},{""value"":""1.0"",""label"":""Child Minder""},{""value"":""2.0"",""label"":""Friend-Neighbour""},{""value"":""4.0"",""label"":""La Day Nursery""},{""value"":""8.0"",""label"":""Prv Day Nursery""},{""value"":""16.0"",""label"":""School-Playgroup""},{""value"":""32.0"",""label"":""Elsewhere""}]"
326,e214,Main Person Looking After Child,numeric,ORDINAL,NA,"[{""value"":""-4.0"",""label"":""Vague""},{""value"":""-3.0"",""label"":""Not Stated""},{""value"":""-2.0"",""label"":""Not Known""},{""value"":""-1.0"",""label"":""Not Applicable""},{""value"":""1.0"",""label"":""Father""},{""value"":""2.0"",""label"":""Mother at Home""},{""value"":""3.0"",""label"":""Mother at Work""},{""value"":""4.0"",""label"":""Adult Relative""},{""value"":""5.0"",""label"":""Older Sibling""},{""value"":""6.0"",""label"":""Childminder""},{""value"":""7.0"",""label"":""Friend-Neighbour""},{""value"":""8.0"",""label"":""La Day Nursery""},{""value"":""9.0"",""label"":""Prv Day Nursery""},{""value"":""10.0"",""label"":""School-Play Group""},{""value"":""11.0"",""label"":""Elsewhere""}]"
327,e215,Main Reason Mother Works,numeric,ORDINAL,NA,"[{""value"":""-4.0"",""label"":""Vague""},{""value"":""-3.0"",""label"":""Not Stated""},{""value"":""-2.0"",""label"":""Not Known""},{""value"":""-1.0"",""label"":""Not Applicable""},{""value"":""1.0"",""label"":""Necessty""},{""value"":""2.0"",""label"":""Advantge""},{""value"":""3.0"",""label"":""Social""},{""value"":""4.0"",""label"":""Career-Enjoys""},{""value"":""5.0"",""label"":""Family Business""},{""value"":""6.0"",""label"":""Other""}]"
328,e216a,Regular Job Since Childs Birth,numeric,ORDINAL,NA,"[{""value"":""-4.0"",""label"":""Vague""},{""value"":""-3.0"",""label"":""Not Stated""},{""value"":""-2.0"",""label"":""Not Known""},{""value"":""-1.0"",""label"":""Not Applicable""},{""value"":""1.0"",""label"":""Ft Job""},{""value"":""2.0"",""label"":""Pt Job""},{""value"":""3.0"",""label"":""F+Pt Job""},{""value"":""4.0"",""label"":""None""},{""value"":""5.0"",""label"":""Other""}]"
329,e216b,Years Worked Since Childs Birth,numeric,ORDINAL,NA,"[{""value"":""-4.0"",""label"":""Vague""},{""value"":""-3.0"",""label"":""Not Stated""},{""value"":""-2.0"",""label"":""Not Known""},{""value"":""-1.0"",""label"":""Not Applicable""},{""value"":""0.0"",""label"":""Under 1 Year""}]"
330,e217,Mothers Full or Part-Time Employment,numeric,ORDINAL,NA,"[{""value"":""-4.0"",""label"":""Vague""},{""value"":""-3.0"",""label"":""Not Stated""},{""value"":""-2.0"",""label"":""Not Known""},{""value"":""-1.0"",""label"":""Not Applicable""},{""value"":""10.0"",""label"":""Ft Housewife""},{""value"":""20.0"",""label"":""Ft Work Away""},{""value"":""21.0"",""label"":""Pt Work Away""},{""value"":""22.0"",""label"":""Hours NS or NK""},{""value"":""30.0"",""label"":""Occ Work Away""},{""value"":""40.0"",""label"":""Ft Work at Home""},{""value"":""41.0"",""label"":""Pt Work at Home""},{""value"":""42.0"",""label"":""Hours NS or NK""},{""value"":""50.0"",""label"":""Occ Work at Home""},{""value"":""60.0"",""label"":""Has Two Jobs Ft""},{""value"":""61.0"",""label"":""Has Two Jobs Pt""},{""value"":""62.0"",""label"":""Hours NS or NK""},{""value"":""70.0"",""label"":""Other Situation""},{""value"":""80.0"",""label"":""Student Etc""}]"
331,e218,Type of Accommodation,numeric,ORDINAL,NA,"[{""value"":""-4.0"",""label"":""Vague""},{""value"":""-3.0"",""label"":""Not Stated""},{""value"":""-2.0"",""label"":""Not Known""},{""value"":""-1.0"",""label"":""Not Applicable""},{""value"":""1.0"",""label"":""Detached""},{""value"":""2.0"",""label"":""Semi-Detached""},{""value"":""3.0"",""label"":""Terrace""},{""value"":""4.0"",""label"":""Flat-Maisonette""},{""value"":""5.0"",""label"":""Rooms""},{""value"":""6.0"",""label"":""Other""}]"
332,e219,Floor of Flat or Rooms,numeric,ORDINAL,NA,"[{""value"":""-4.0"",""label"":""Vague""},{""value"":""-3.0"",""label"":""Not Stated""},{""value"":""-2.0"",""label"":""Not Known""},{""value"":""-1.0"",""label"":""Not Applicable""},{""value"":""0.0"",""label"":""Ground-Basement""}]"
333,e220,Tenure of Accommodation,numeric,ORDINAL,NA,"[{""value"":""-4.0"",""label"":""Vague""},{""value"":""-3.0"",""label"":""Not Stated""},{""value"":""-2.0"",""label"":""Not Known""},{""value"":""-1.0"",""label"":""Not Applicable""},{""value"":""1.0"",""label"":""Owned Outright""},{""value"":""2.0"",""label"":""Being Bought""},{""value"":""3.0"",""label"":""Council Rented""},{""value"":""4.0"",""label"":""Prv Rent Unfurn""},{""value"":""5.0"",""label"":""Prv Rent Furnshd""},{""value"":""6.0"",""label"":""Tied to Occup""},{""value"":""7.0"",""label"":""Other""}]"
334,e221,Availability of Bathroom,numeric,ORDINAL,NA,"[{""value"":""-4.0"",""label"":""Vague""},{""value"":""-3.0"",""label"":""Not Stated""},{""value"":""-2.0"",""label"":""Not Known""},{""value"":""-1.0"",""label"":""Not Applicable""},{""value"":""1.0"",""label"":""Sole Use""},{""value"":""2.0"",""label"":""Shared""},{""value"":""3.0"",""label"":""None""}]"
335,e222,Availability of Indoor Lavatory,numeric,ORDINAL,NA,"[{""value"":""-4.0"",""label"":""Vague""},{""value"":""-3.0"",""label"":""Not Stated""},{""value"":""-2.0"",""label"":""Not Known""},{""value"":""-1.0"",""label"":""Not Applicable""},{""value"":""1.0"",""label"":""Sole Use""},{""value"":""2.0"",""label"":""Shared""},{""value"":""3.0"",""label"":""None""}]"
336,e223,Availability of Outdoor Lavatory,numeric,ORDINAL,NA,"[{""value"":""-4.0"",""label"":""Vague""},{""value"":""-3.0"",""label"":""Not Stated""},{""value"":""-2.0"",""label"":""Not Known""},{""value"":""-1.0"",""label"":""Not Applicable""},{""value"":""1.0"",""label"":""Sole Use""},{""value"":""2.0"",""label"":""Shared""},{""value"":""3.0"",""label"":""None""}]"
337,e224,Availability of Hot Water Supply,numeric,ORDINAL,NA,"[{""value"":""-4.0"",""label"":""Vague""},{""value"":""-3.0"",""label"":""Not Stated""},{""value"":""-2.0"",""label"":""Not Known""},{""value"":""-1.0"",""label"":""Not Applicable""},{""value"":""1.0"",""label"":""Sole Use""},{""value"":""2.0"",""label"":""Shared""},{""value"":""3.0"",""label"":""None""}]"
338,e225,Availability of Garden or Yard,numeric,ORDINAL,NA,"[{""value"":""-4.0"",""label"":""Vague""},{""value"":""-3.0"",""label"":""Not Stated""},{""value"":""-2.0"",""label"":""Not Known""},{""value"":""-1.0"",""label"":""Not Applicable""},{""value"":""1.0"",""label"":""Sole Use""},{""value"":""2.0"",""label"":""Shared""},{""value"":""3.0"",""label"":""None""}]"
339,e226,Availability of Kitchen,numeric,ORDINAL,NA,"[{""value"":""-4.0"",""label"":""Vague""},{""value"":""-3.0"",""label"":""Not Stated""},{""value"":""-2.0"",""label"":""Not Known""},{""value"":""-1.0"",""label"":""Not Applicable""},{""value"":""1.0"",""label"":""Sole Use""},{""value"":""2.0"",""label"":""Shared""},{""value"":""3.0"",""label"":""None""},{""value"":""4.0"",""label"":""NS If Kitchen Shared""}]"
340,e227,Size of Kitchen and Whether Lived in,numeric,ORDINAL,NA,"[{""value"":""-4.0"",""label"":""Vague""},{""value"":""-3.0"",""label"":""Not Stated""},{""value"":""-2.0"",""label"":""Not Known""},{""value"":""-1.0"",""label"":""Not Applic Able""},{""value"":""1.0"",""label"":""Lt 6f Not Lvd in""},{""value"":""2.0"",""label"":""Lt 6f and Lvd in""},{""value"":""3.0"",""label"":""Ge 6f Not Lvd in""},{""value"":""4.0"",""label"":""Ge 6f and Lvd in""}]"
341,e228a,Number of Rooms in Accommodation,numeric,ORDINAL,NA,"[{""value"":""-4.0"",""label"":""Vague""},{""value"":""-3.0"",""label"":""Not Stated""},{""value"":""-2.0"",""label"":""Not Known""},{""value"":""-1.0"",""label"":""Not Applicable""}]"
342,e228b,Persons Per Room Ratio,numeric,ORDINAL,NA,"[{""value"":""-4.0"",""label"":""Vague""},{""value"":""-3.0"",""label"":""Not Stated""},{""value"":""-2.0"",""label"":""Not Known""},{""value"":""-1.0"",""label"":""Not Applicable""}]"
343,e228c,N Share Bedroom,numeric,ORDINAL,NA,"[{""value"":""-3.0"",""label"":""NOT STATED""},{""value"":""-2.0"",""label"":""NOT KNOWN""},{""value"":""0.0"",""label"":""NOT KNOWN""},{""value"":""1.0"",""label"":""YES""},{""value"":""2.0"",""label"":""NO""},{""value"":""9.0"",""label"":""NOT STATED""}]"
344,e228d,No. Sleeping in Room,numeric,ORDINAL,NA,"[{""value"":""-3.0"",""label"":""NOT STATED""},{""value"":""-1.0"",""label"":""NOT APPLICABLE""},{""value"":""2.0"",""label"":""TWO PEOPLE""},{""value"":""3.0"",""label"":""THREE PEOPLE""},{""value"":""4.0"",""label"":""FOUR PEOPLE""},{""value"":""5.0"",""label"":""FIVE PEOPLE""},{""value"":""6.0"",""label"":""SIX PEOPLE""},{""value"":""7.0"",""label"":""SEVEN PEOPLE""},{""value"":""8.0"",""label"":""NOT APPLICABLE""},{""value"":""9.0"",""label"":""NOT STATED""}]"
345,e228e,Share a Bed,numeric,ORDINAL,NA,"[{""value"":""-3.0"",""label"":""Not Stated""},{""value"":""-2.0"",""label"":""Not known""},{""value"":""0.0"",""label"":""NOT KNOWN""},{""value"":""1.0"",""label"":""NO""},{""value"":""2.0"",""label"":""YES WITH 1 OTHER""},{""value"":""3.0"",""label"":""YES WITH 2 OTHERS""},{""value"":""4.0"",""label"":""YES WITH MORE THAN 2""},{""value"":""9.0"",""label"":""NOT STATED""}]"
346,e229,Ownership of Refrigerator,numeric,ORDINAL,NA,"[{""value"":""-4.0"",""label"":""Vague""},{""value"":""-3.0"",""label"":""Not Stated""},{""value"":""-2.0"",""label"":""Not Known""},{""value"":""-1.0"",""label"":""Not Applicable""},{""value"":""1.0"",""label"":""Yes""},{""value"":""2.0"",""label"":""No""},{""value"":""3.0"",""label"":""None""}]"
347,e230,Ownership of Washing Machine,numeric,ORDINAL,NA,"[{""value"":""-4.0"",""label"":""Vague""},{""value"":""-3.0"",""label"":""Not Stated""},{""value"":""-2.0"",""label"":""Not Known""},{""value"":""-1.0"",""label"":""Not Applicable""},{""value"":""1.0"",""label"":""Yes""},{""value"":""2.0"",""label"":""No""},{""value"":""3.0"",""label"":""None""}]"
348,e231,Ownership of Spin Drier,numeric,ORDINAL,NA,"[{""value"":""-4.0"",""label"":""Vague""},{""value"":""-3.0"",""label"":""Not Stated""},{""value"":""-2.0"",""label"":""Not Known""},{""value"":""-1.0"",""label"":""Not Applicable""},{""value"":""1.0"",""label"":""Yes""},{""value"":""2.0"",""label"":""No""},{""value"":""3.0"",""label"":""None""}]"
349,e232,Ownership of Colour TV,numeric,ORDINAL,NA,"[{""value"":""-4.0"",""label"":""Vague""},{""value"":""-3.0"",""label"":""Not Stated""},{""value"":""-2.0"",""label"":""Not Known""},{""value"":""-1.0"",""label"":""Not Applicable""},{""value"":""1.0"",""label"":""Yes""},{""value"":""2.0"",""label"":""No""},{""value"":""3.0"",""label"":""None""}]"
350,e233,Ownership of Black and White TV,numeric,ORDINAL,NA,"[{""value"":""-4.0"",""label"":""Vague""},{""value"":""-3.0"",""label"":""Not Stated""},{""value"":""-2.0"",""label"":""Not Known""},{""value"":""-1.0"",""label"":""Not Applicable""},{""value"":""1.0"",""label"":""Yes""},{""value"":""2.0"",""label"":""No""},{""value"":""3.0"",""label"":""None""}]"
351,e234,Ownership of Van or Car,numeric,ORDINAL,NA,"[{""value"":""-4.0"",""label"":""Vague""},{""value"":""-3.0"",""label"":""Not Stated""},{""value"":""-2.0"",""label"":""Not Known""},{""value"":""-1.0"",""label"":""Not Applicable""},{""value"":""1.0"",""label"":""Yes""},{""value"":""2.0"",""label"":""No""},{""value"":""3.0"",""label"":""None""}]"
352,e235,Ownership of Telephone,numeric,ORDINAL,NA,"[{""value"":""-4.0"",""label"":""Vague""},{""value"":""-3.0"",""label"":""Not Stated""},{""value"":""-2.0"",""label"":""Not Known""},{""value"":""-1.0"",""label"":""Not Applicable""},{""value"":""1.0"",""label"":""Yes""},{""value"":""2.0"",""label"":""No""},{""value"":""3.0"",""label"":""None""}]"
353,e236,Help for Mother-Housework or Shopping,numeric,ORDINAL,NA,"[{""value"":""-4.0"",""label"":""Vague""},{""value"":""-3.0"",""label"":""Not Stated""},{""value"":""-2.0"",""label"":""Not Known""},{""value"":""-1.0"",""label"":""Not Applicable""},{""value"":""1.0"",""label"":""Yes-Father""},{""value"":""2.0"",""label"":""Yes Others""},{""value"":""3.0"",""label"":""1 and 2 Apply""},{""value"":""4.0"",""label"":""No Help""}]"
354,e237,Help for Mother-Looking After Child,numeric,ORDINAL,NA,"[{""value"":""-4.0"",""label"":""Vague""},{""value"":""-3.0"",""label"":""Not Stated""},{""value"":""-2.0"",""label"":""Not Known""},{""value"":""-1.0"",""label"":""Not Applicable""},{""value"":""1.0"",""label"":""Yes-Father""},{""value"":""2.0"",""label"":""Yes Others""},{""value"":""3.0"",""label"":""1 and 2 Apply""},{""value"":""4.0"",""label"":""No Help""}]"
355,e238,Help for Mother-Babysitting Evenings,numeric,ORDINAL,NA,"[{""value"":""-4.0"",""label"":""Vague""},{""value"":""-3.0"",""label"":""Not Stated""},{""value"":""-2.0"",""label"":""Not Known""},{""value"":""-1.0"",""label"":""Not Applicable""},{""value"":""1.0"",""label"":""Yes-Father""},{""value"":""2.0"",""label"":""Yes Others""},{""value"":""3.0"",""label"":""1 and 2 Apply""},{""value"":""4.0"",""label"":""No Help""}]"
356,e239,Help for Mother-Putting Child to Bed,numeric,ORDINAL,NA,"[{""value"":""-4.0"",""label"":""Vague""},{""value"":""-3.0"",""label"":""Not Stated""},{""value"":""-2.0"",""label"":""Not Known""},{""value"":""-1.0"",""label"":""Not Applicable""},{""value"":""1.0"",""label"":""Yes-Father""},{""value"":""2.0"",""label"":""Yes Others""},{""value"":""3.0"",""label"":""1 and 2 Apply""},{""value"":""4.0"",""label"":""No Help""}]"
357,e240,Help for Mother-Taking Child to School,numeric,ORDINAL,NA,"[{""value"":""-4.0"",""label"":""Vague""},{""value"":""-3.0"",""label"":""Not Stated""},{""value"":""-2.0"",""label"":""Not Known""},{""value"":""-1.0"",""label"":""Not Applicable""},{""value"":""1.0"",""label"":""Yes-Father""},{""value"":""2.0"",""label"":""Yes Others""},{""value"":""3.0"",""label"":""1 and 2 Apply""},{""value"":""4.0"",""label"":""No Help""}]"
358,e241,Visit to Friends House in Past Week,numeric,ORDINAL,NA,"[{""value"":""-4.0"",""label"":""Vague""},{""value"":""-3.0"",""label"":""Not Stated""},{""value"":""-2.0"",""label"":""Not Known""},{""value"":""-1.0"",""label"":""Not Applicable""},{""value"":""1.0"",""label"":""No""},{""value"":""2.0"",""label"":""Yes with Adult""},{""value"":""3.0"",""label"":""Yes with Child""},{""value"":""4.0"",""label"":""Yes by Self""},{""value"":""5.0"",""label"":""2+3""},{""value"":""6.0"",""label"":""2+4""},{""value"":""7.0"",""label"":""3+4""},{""value"":""8.0"",""label"":""2+3+4""}]"
359,e242,Visit to Park or Playground,numeric,ORDINAL,NA,"[{""value"":""-4.0"",""label"":""Vague""},{""value"":""-3.0"",""label"":""Not Stated""},{""value"":""-2.0"",""label"":""Not Known""},{""value"":""-1.0"",""label"":""Not Applicable""},{""value"":""1.0"",""label"":""No""},{""value"":""2.0"",""label"":""Yes with Adult""},{""value"":""3.0"",""label"":""Yes with Child""},{""value"":""4.0"",""label"":""Yes by Self""},{""value"":""5.0"",""label"":""2+3""},{""value"":""6.0"",""label"":""2+4""},{""value"":""7.0"",""label"":""3+4""},{""value"":""8.0"",""label"":""2+3+4""}]"
360,e243,Been on Bus or Train,numeric,ORDINAL,NA,"[{""value"":""-4.0"",""label"":""Vague""},{""value"":""-3.0"",""label"":""Not Stated""},{""value"":""-2.0"",""label"":""Not Known""},{""value"":""-1.0"",""label"":""Not Applicable""},{""value"":""1.0"",""label"":""No""},{""value"":""2.0"",""label"":""Yes with Adult""},{""value"":""3.0"",""label"":""Yes with Child""},{""value"":""4.0"",""label"":""Yes by Self""},{""value"":""5.0"",""label"":""2+3""},{""value"":""6.0"",""label"":""2+4""},{""value"":""7.0"",""label"":""3+4""},{""value"":""8.0"",""label"":""2+3+4""}]"
361,e244,Been to Shops Etc,numeric,ORDINAL,NA,"[{""value"":""-4.0"",""label"":""Vague""},{""value"":""-3.0"",""label"":""Not Stated""},{""value"":""-2.0"",""label"":""Not Known""},{""value"":""-1.0"",""label"":""Not Applicable""},{""value"":""1.0"",""label"":""No""},{""value"":""2.0"",""label"":""Yes with Adult""},{""value"":""3.0"",""label"":""Yes with Child""},{""value"":""4.0"",""label"":""Yes by Self""},{""value"":""5.0"",""label"":""2+3""},{""value"":""6.0"",""label"":""2+4""},{""value"":""7.0"",""label"":""3+4""},{""value"":""8.0"",""label"":""2+3+4""}]"
362,e245,Ethnic Group-Child,numeric,ORDINAL,NA,"[{""value"":""-4.0"",""label"":""Vague""},{""value"":""-3.0"",""label"":""Not Stated""},{""value"":""-2.0"",""label"":""Not Known""},{""value"":""-1.0"",""label"":""Not Applicable""},{""value"":""1.0"",""label"":""European UK""},{""value"":""2.0"",""label"":""European Other""},{""value"":""3.0"",""label"":""West Indian""},{""value"":""4.0"",""label"":""Indian-Pakistani""},{""value"":""5.0"",""label"":""Other Asian""},{""value"":""6.0"",""label"":""African""},{""value"":""7.0"",""label"":""Other""}]"
363,e246a,Ethnic Group-Mother,numeric,ORDINAL,NA,"[{""value"":""-4.0"",""label"":""Vague""},{""value"":""-3.0"",""label"":""Not Stated""},{""value"":""-2.0"",""label"":""Not Known""},{""value"":""-1.0"",""label"":""Not Applicable""},{""value"":""1.0"",""label"":""European UK""},{""value"":""2.0"",""label"":""European Other""},{""value"":""3.0"",""label"":""West Indian""},{""value"":""4.0"",""label"":""Indian-Pakistani""},{""value"":""5.0"",""label"":""Other Asian""},{""value"":""6.0"",""label"":""African""},{""value"":""7.0"",""label"":""Other""}]"
364,e246b,Ethnic Group-Father,numeric,ORDINAL,NA,"[{""value"":""-4.0"",""label"":""Vague""},{""value"":""-3.0"",""label"":""Not Stated""},{""value"":""-2.0"",""label"":""Not Known""},{""value"":""-1.0"",""label"":""Not Applicable""},{""value"":""1.0"",""label"":""European UK""},{""value"":""2.0"",""label"":""European Other""},{""value"":""3.0"",""label"":""West Indian""},{""value"":""4.0"",""label"":""Indian-Pakistani""},{""value"":""5.0"",""label"":""Other Asian""},{""value"":""6.0"",""label"":""African""},{""value"":""7.0"",""label"":""Other""}]"
365,e247,Ethnic Group of Parents,numeric,ORDINAL,NA,"[{""value"":""-3.0"",""label"":""Not Stated""},{""value"":""-2.0"",""label"":""Not Known""},{""value"":""-1.0"",""label"":""Not Applicable""},{""value"":""1.0"",""label"":""UK PARENTS""},{""value"":""2.0"",""label"":""EUROPEAN PARENTS""},{""value"":""3.0"",""label"":""WEST INDIAN PARENTS""},{""value"":""4.0"",""label"":""ASIAN PARENTS""},{""value"":""5.0"",""label"":""AFRICAN PARENTS""},{""value"":""6.0"",""label"":""UK +EUROPEAN""},{""value"":""7.0"",""label"":""UK +WEST INDIAN""},{""value"":""8.0"",""label"":""UK +ASIAN""},{""value"":""9.0"",""label"":""UK +AFRICAN""},{""value"":""10.0"",""label"":""UK +OTHER NEC""},{""value"":""11.0"",""label"":""UK +OTHER NK""},{""value"":""12.0"",""label"":""BOTH COLOURED NEC""},{""value"":""13.0"",""label"":""GE1 COLOURED NEC""},{""value"":""14.0"",""label"":""OTHER PARENTS NEC""}]"
366,e248,Language Used in Home,numeric,ORDINAL,NA,"[{""value"":""-4.0"",""label"":""Vague""},{""value"":""-3.0"",""label"":""Not Stated""},{""value"":""-2.0"",""label"":""Not Known""},{""value"":""-1.0"",""label"":""Not Applicable""},{""value"":""1.0"",""label"":""English""},{""value"":""2.0"",""label"":""Welsh-Gaelic""},{""value"":""3.0"",""label"":""Hindi-Urdu""},{""value"":""4.0"",""label"":""Greek-Turkish""},{""value"":""5.0"",""label"":""Chinese-Oriental""},{""value"":""6.0"",""label"":""African Language""},{""value"":""7.0"",""label"":""European Lang""}]"
367,e249,Household Moves,numeric,ORDINAL,NA,"[{""value"":""-4.0"",""label"":""Vague""},{""value"":""-3.0"",""label"":""Not Stated""},{""value"":""-2.0"",""label"":""Not Known""},{""value"":""-1.0"",""label"":""Not Applicable""},{""value"":""0.0"",""label"":""No Moves""}]"
368,e250,Child in Care-Foster Parents Home,numeric,ORDINAL,NA,"[{""value"":""-4.0"",""label"":""Vague""},{""value"":""-3.0"",""label"":""Not Stated""},{""value"":""-2.0"",""label"":""Not Known""},{""value"":""-1.0"",""label"":""Not Applicable""},{""value"":""1.0"",""label"":""Yes-Now""},{""value"":""2.0"",""label"":""Yes in Past Only""},{""value"":""3.0"",""label"":""No""}]"
369,e251,Child in Care-Assessment Centre,numeric,ORDINAL,NA,"[{""value"":""-4.0"",""label"":""Vague""},{""value"":""-3.0"",""label"":""Not Stated""},{""value"":""-2.0"",""label"":""Not Known""},{""value"":""-1.0"",""label"":""Not Applicable""},{""value"":""1.0"",""label"":""Yes-Now""},{""value"":""2.0"",""label"":""Yes-in Past Only""},{""value"":""3.0"",""label"":""No""}]"
370,e252,Child in Care-Family Group Home,numeric,ORDINAL,NA,"[{""value"":""-4.0"",""label"":""Vague""},{""value"":""-3.0"",""label"":""Not Stated""},{""value"":""-2.0"",""label"":""Not Known""},{""value"":""-1.0"",""label"":""Not Applicable""},{""value"":""1.0"",""label"":""Yes-Now""},{""value"":""2.0"",""label"":""Yes-in Past Only""},{""value"":""3.0"",""label"":""No""}]"
371,e253,Child in Care-Childrens Home,numeric,ORDINAL,NA,"[{""value"":""-4.0"",""label"":""Vague""},{""value"":""-3.0"",""label"":""Not Stated""},{""value"":""-2.0"",""label"":""Not Known""},{""value"":""-1.0"",""label"":""Not Applicable""},{""value"":""1.0"",""label"":""Yes-Now""},{""value"":""2.0"",""label"":""Yes-in Past Only""},{""value"":""3.0"",""label"":""No""}]"
372,e254,Child in Part III Accommodation,numeric,ORDINAL,NA,"[{""value"":""-4.0"",""label"":""Vague""},{""value"":""-3.0"",""label"":""Not Stated""},{""value"":""-2.0"",""label"":""Not Known""},{""value"":""-1.0"",""label"":""Not Applicable""},{""value"":""1.0"",""label"":""Yes-Now""},{""value"":""2.0"",""label"":""Yes-in Past Only""},{""value"":""3.0"",""label"":""No""}]"
373,e255,Child in Homeless Family Unit,numeric,ORDINAL,NA,"[{""value"":""-4.0"",""label"":""Vague""},{""value"":""-3.0"",""label"":""Not Stated""},{""value"":""-2.0"",""label"":""Not Known""},{""value"":""-1.0"",""label"":""Not Applicable""},{""value"":""1.0"",""label"":""Yes-Now""},{""value"":""2.0"",""label"":""Yes-in Past Only""},{""value"":""3.0"",""label"":""No""}]"
374,e256,Handicap and Illness at Home,numeric,ORDINAL,NA,"[{""value"":""-4.0"",""label"":""Vague""},{""value"":""-3.0"",""label"":""Not Stated""},{""value"":""-2.0"",""label"":""Not Known""},{""value"":""-1.0"",""label"":""Not Applicable""},{""value"":""1.0"",""label"":""Mother""},{""value"":""2.0"",""label"":""Father""},{""value"":""4.0"",""label"":""An Adult""},{""value"":""8.0"",""label"":""A Child""},{""value"":""16.0"",""label"":""Sibling Death""},{""value"":""32.0"",""label"":""Relationship NK""}]"
375,e257,Interference with Care of Child,numeric,ORDINAL,NA,"[{""value"":""-4.0"",""label"":""Vague""},{""value"":""-3.0"",""label"":""Not Stated""},{""value"":""-2.0"",""label"":""Not Known""},{""value"":""-1.0"",""label"":""Not Applicable""},{""value"":""1.0"",""label"":""Interfrd""},{""value"":""2.0"",""label"":""Not Intf""}]"
376,e258,Smoking Habit of Mother,numeric,ORDINAL,NA,"[{""value"":""-4.0"",""label"":""Vague""},{""value"":""-3.0"",""label"":""Not Stated""},{""value"":""-2.0"",""label"":""Not Known""},{""value"":""-1.0"",""label"":""Not Applicable""},{""value"":""1.0"",""label"":""No""},{""value"":""2.0"",""label"":""Cigarettes""},{""value"":""3.0"",""label"":""Pipe or Cigars""},{""value"":""4.0"",""label"":""2 and 3 Apply""}]"
377,e259,Smoking Habit of Father,numeric,ORDINAL,NA,"[{""value"":""-4.0"",""label"":""Vague""},{""value"":""-3.0"",""label"":""Not Stated""},{""value"":""-2.0"",""label"":""Not Known""},{""value"":""-1.0"",""label"":""Not Applicable""},{""value"":""1.0"",""label"":""No""},{""value"":""2.0"",""label"":""Cigarettes""},{""value"":""3.0"",""label"":""Pipe or Cigars""},{""value"":""4.0"",""label"":""2 and 3 Apply""}]"
378,e260,Cigarettes Smoked:Mother,numeric,ORDINAL,NA,"[{""value"":""-4.0"",""label"":""Vague""},{""value"":""-3.0"",""label"":""Not Stated""},{""value"":""-2.0"",""label"":""Not Known""},{""value"":""-1.0"",""label"":""Not Applicable""}]"
379,e261,Cigarettes Smoked:Father,numeric,ORDINAL,NA,"[{""value"":""-4.0"",""label"":""Vague""},{""value"":""-3.0"",""label"":""Not Stated""},{""value"":""-2.0"",""label"":""Not Known""},{""value"":""-1.0"",""label"":""Not Applicable""}]"
380,e262,Smoking Habits Since 1970:Mother,numeric,ORDINAL,NA,"[{""value"":""-4.0"",""label"":""Vague""},{""value"":""-3.0"",""label"":""Not Stated""},{""value"":""-2.0"",""label"":""Not Known""},{""value"":""-1.0"",""label"":""Not Applicable""},{""value"":""1.0"",""label"":""All Time""},{""value"":""2.0"",""label"":""Ge 3 Yrs""},{""value"":""3.0"",""label"":""1-3 Yrs""},{""value"":""4.0"",""label"":""Lt 1 Yr""},{""value"":""5.0"",""label"":""Yrs NK""},{""value"":""6.0"",""label"":""No Smoke""}]"
381,e263,Smoking Habits Since 1970:Father,numeric,ORDINAL,NA,"[{""value"":""-4.0"",""label"":""Vague""},{""value"":""-3.0"",""label"":""Not Stated""},{""value"":""-2.0"",""label"":""Not Known""},{""value"":""-1.0"",""label"":""Not Applicable""},{""value"":""1.0"",""label"":""All Time""},{""value"":""2.0"",""label"":""Ge 3 Yrs""},{""value"":""3.0"",""label"":""1-3 Yrs""},{""value"":""4.0"",""label"":""Lt 1 Yr""},{""value"":""5.0"",""label"":""Yrs NK""},{""value"":""6.0"",""label"":""No Smoke""}]"
382,e264,Furniture and Equipment in Home,numeric,ORDINAL,NA,"[{""value"":""-4.0"",""label"":""Vague""},{""value"":""-3.0"",""label"":""Not Stated""},{""value"":""-2.0"",""label"":""Not Known""},{""value"":""-1.0"",""label"":""Not Applicable""},{""value"":""1.0"",""label"":""Luxurious""},{""value"":""2.0"",""label"":""Well Equipped""},{""value"":""3.0"",""label"":""Adequate""},{""value"":""4.0"",""label"":""Low Standard""},{""value"":""5.0"",""label"":""Very Low Standard""}]"
383,e265,Tidiness of Home,numeric,ORDINAL,NA,"[{""value"":""-4.0"",""label"":""Vague""},{""value"":""-3.0"",""label"":""Not Stated""},{""value"":""-2.0"",""label"":""Not Known""},{""value"":""-1.0"",""label"":""Not Applicable""},{""value"":""1.0"",""label"":""Over-Tidy""},{""value"":""2.0"",""label"":""Very Tidy""},{""value"":""3.0"",""label"":""Average""},{""value"":""4.0"",""label"":""Untidy""},{""value"":""5.0"",""label"":""Chaotic""}]"
384,e266,Relationship of Family with Neighbours,numeric,ORDINAL,NA,"[{""value"":""-4.0"",""label"":""Vague""},{""value"":""-3.0"",""label"":""Not Stated""},{""value"":""-2.0"",""label"":""Not Known""},{""value"":""-1.0"",""label"":""Not Applicable""},{""value"":""1.0"",""label"":""Very Good Terms""},{""value"":""2.0"",""label"":""Good Terms""},{""value"":""3.0"",""label"":""Satisfactory""},{""value"":""4.0"",""label"":""Dont Mix""},{""value"":""5.0"",""label"":""Bad Terms""}]"
385,e267a,Social Rating of Neighbourhood,numeric,ORDINAL,NA,"[{""value"":""-4.0"",""label"":""Vague""},{""value"":""-3.0"",""label"":""Not Stated""},{""value"":""-2.0"",""label"":""Not Known""},{""value"":""-1.0"",""label"":""Not Applicable""},{""value"":""1.0"",""label"":""Poor""},{""value"":""2.0"",""label"":""Average""},{""value"":""3.0"",""label"":""Well To Do""},{""value"":""4.0"",""label"":""Rural""},{""value"":""5.0"",""label"":""As 1""},{""value"":""6.0"",""label"":""As 2""},{""value"":""7.0"",""label"":""As 3""},{""value"":""8.0"",""label"":""As 4""},{""value"":""9.0"",""label"":""Inner Urban""}]"
386,e267b,Social Rating of Neighbourhood Grouped,numeric,ORDINAL,NA,"[{""value"":""-3.0"",""label"":""Not Stated""},{""value"":""-2.0"",""label"":""Not Known""},{""value"":""-1.0"",""label"":""Not Applicable""},{""value"":""1.0"",""label"":""Poor""},{""value"":""2.0"",""label"":""Average""},{""value"":""3.0"",""label"":""Well To Do""},{""value"":""4.0"",""label"":""Rural""}]"
387,e268,Childs Intelligence-HV Opinion,numeric,ORDINAL,NA,"[{""value"":""-4.0"",""label"":""Vague""},{""value"":""-3.0"",""label"":""Not Stated""},{""value"":""-2.0"",""label"":""Not Known""},{""value"":""-1.0"",""label"":""Not Applicable""},{""value"":""1.0"",""label"":""Normal""},{""value"":""2.0"",""label"":""Slightly Backwd""},{""value"":""3.0"",""label"":""Definite Backwd""},{""value"":""4.0"",""label"":""Other""}]"
388,e269,How Well HV Knows Family,numeric,ORDINAL,NA,"[{""value"":""-4.0"",""label"":""Vague""},{""value"":""-3.0"",""label"":""Not Stated""},{""value"":""-2.0"",""label"":""Not Known""},{""value"":""-1.0"",""label"":""Not Applicable""},{""value"":""1.0"",""label"":""Very Well""},{""value"":""2.0"",""label"":""Fairly Well""},{""value"":""3.0"",""label"":""Slightly""},{""value"":""4.0"",""label"":""Not at All""},{""value"":""5.0"",""label"":""Other Reply""}]"
389,e271,Date of Interview,numeric,ORDINAL,NA,"[{""value"":""-4.0"",""label"":""Vague""},{""value"":""-3.0"",""label"":""Not Stated""},{""value"":""-2.0"",""label"":""Not Known""},{""value"":""-1.0"",""label"":""Not Applicable""}]"
390,e272,Relationship of Informant,numeric,ORDINAL,NA,"[{""value"":""-3.0"",""label"":""Not Stated""},{""value"":""1.0"",""label"":""MOTHER FIGURE""},{""value"":""2.0"",""label"":""FATHER FIGURE""},{""value"":""3.0"",""label"":""MOTHER+FATHER""},{""value"":""4.0"",""label"":""GRANDPARENT""},{""value"":""5.0"",""label"":""SIBLING""},{""value"":""8.0"",""label"":""OTHER""},{""value"":""9.0"",""label"":""NOT STATED""}]"
391,e273,Interruptions,numeric,ORDINAL,NA,"[{""value"":""-3.0"",""label"":""Not Stated""},{""value"":""1.0"",""label"":""NO DIFFICULTY""},{""value"":""2.0"",""label"":""SLIGHT DIFFICULTY""},{""value"":""3.0"",""label"":""CONSIDERABLE DIFFIC""},{""value"":""9.0"",""label"":""NOT STATED""}]"
