pos,variable,variable_label,variable_type,measurement_level,spss_user_missing_values,value_labels_json
1,bcsid,BCS70 serial number,NA,NA,NA,[]
2,b0002,SINGLETON/TWIN CODE OF CHILD,numeric,ORDINAL,NA,"[{""value"":""0.0"",""label"":""SINGLETON""},{""value"":""1.0"",""label"":""FIRST TWIN""},{""value"":""2.0"",""label"":""SECOND TWIN""}]"
3,b0003,RANDOM CONTROL INCLUSION GROUP,numeric,ORDINAL,NA,"[{""value"":""0.0"",""label"":""NO""},{""value"":""1.0"",""label"":""YES RANDOM""}]"
4,b0004,MULTIPLE BIRTH INCLUSION GROUP,numeric,ORDINAL,NA,"[{""value"":""0.0"",""label"":""NO""},{""value"":""1.0"",""label"":""YES MULTIPLE""}]"
5,b0005,POSTMATURE INCLUSION GROUP,numeric,ORDINAL,NA,"[{""value"":""0.0"",""label"":""NO""},{""value"":""1.0"",""label"":""YES POST-MATURE""},{""value"":""2.0"",""label"":""YES LMP DATE UNC""}]"
6,b0006,SMALL FOR DATES INCLUSION GROUP,numeric,ORDINAL,NA,"[{""value"":""0.0"",""label"":""NO""},{""value"":""1.0"",""label"":""YES S F DATE""},{""value"":""2.0"",""label"":""YES LMP DATE UNC""}]"
7,b0007,AGE AT EXAMINATION,numeric,ORDINAL,NA,"[{""value"":""-3.0"",""label"":""NOT STATED""},{""value"":""-2.0"",""label"":""NOT KNOWN""}]"
8,b0008,IN WHAT DWELLING WAS THE CHILD LIVING,numeric,ORDINAL,NA,"[{""value"":""-6.0"",""label"":""UNABLE TO EXAMINE""},{""value"":""-3.0"",""label"":""NOT STATED""},{""value"":""-2.0"",""label"":""NOT KNOWN""},{""value"":""-1.0"",""label"":""NOT APPLICABLE""},{""value"":""1.0"",""label"":""WHOLE HOUSE""},{""value"":""2.0"",""label"":""S.C. FLAT/MAISONETTE""},{""value"":""3.0"",""label"":""ROOMS""},{""value"":""4.0"",""label"":""OTHER""}]"
9,b0009,CODE FOR OTHER TYPE OF ACCOMODATION,numeric,ORDINAL,NA,"[{""value"":""-6.0"",""label"":""UNABLE TO EXAMINE""},{""value"":""-3.0"",""label"":""NOT STATED""},{""value"":""-2.0"",""label"":""NOT KNOWN""},{""value"":""-1.0"",""label"":""NOT APPLICABLE""},{""value"":""10.0"",""label"":""BEDSIT SHARED TOILET""},{""value"":""11.0"",""label"":""RES. CHILDREN'S HOME""},{""value"":""12.0"",""label"":""LIVES GRANDPARENT(S)""},{""value"":""13.0"",""label"":""CARAVAN""},{""value"":""14.0"",""label"":""LIVES WITH IN-LAWS""},{""value"":""17.0"",""label"":""LIVES WITH A FRIEND""},{""value"":""18.0"",""label"":""LIVES WITH COUSIN""},{""value"":""20.0"",""label"":""SHARE HSE OTH FAMILY""},{""value"":""23.0"",""label"":""SHARE GRANDPT'S FLAT""},{""value"":""25.0"",""label"":""LIVES MATERNAL AUNT""}]"
10,b0010,"IF NOT WHOLE HOUSE, WHICH FLOOR ?",numeric,ORDINAL,NA,"[{""value"":""-6.0"",""label"":""UNABLE TO EXAMINE""},{""value"":""-3.0"",""label"":""NOT STATED""},{""value"":""-2.0"",""label"":""NOT KNOWN""},{""value"":""-1.0"",""label"":""NOT APPLICABLE""},{""value"":""1.0"",""label"":""BELOW STREET LEVEL""},{""value"":""2.0"",""label"":""GROUND FLOOR""},{""value"":""3.0"",""label"":""1 FLOOR ABOVE GROUND""},{""value"":""4.0"",""label"":""MORE THAN ONE FLOOR""}]"
11,b0011,NUMBER OF FLOORS ABOVE GROUND,numeric,ORDINAL,NA,"[{""value"":""-6.0"",""label"":""UNABLE TO EXAMINE""},{""value"":""-3.0"",""label"":""NOT STATED""},{""value"":""-2.0"",""label"":""NOT KNOWN""},{""value"":""-1.0"",""label"":""NOT APPLICABLE""}]"
12,b0012,IS THERE A GARDEN TO PLAY IN ?,numeric,ORDINAL,NA,"[{""value"":""-6.0"",""label"":""UNABLE TO EXAMINE""},{""value"":""-3.0"",""label"":""NOT STATED""},{""value"":""-2.0"",""label"":""NOT KNOWN""},{""value"":""-1.0"",""label"":""NOT APPLICABLE""},{""value"":""1.0"",""label"":""YES""},{""value"":""2.0"",""label"":""NO""}]"
13,b0013,"IF NO, WHAT (PLAY) FACILITIES ARE USED",numeric,ORDINAL,NA,"[{""value"":""-6.0"",""label"":""UNABLE TO EXAMINE""},{""value"":""-3.0"",""label"":""NOT STATED""},{""value"":""-2.0"",""label"":""NOT KNOWN""},{""value"":""-1.0"",""label"":""NOT APPLICABLE""},{""value"":""1.0"",""label"":""PARKS""},{""value"":""2.0"",""label"":""ALLOCATED PLAY AREA""},{""value"":""3.0"",""label"":""ADVENTURE PLAYGROUND""},{""value"":""4.0"",""label"":""STREETS/YARD""},{""value"":""5.0"",""label"":""OTHER""}]"
14,b0014,IF ANSWER (PLAY FACIL.) 'OTHER' WHICH? 1,numeric,ORDINAL,NA,"[{""value"":""-6.0"",""label"":""UNABLE TO EXAMINE""},{""value"":""-3.0"",""label"":""NOT STATED""},{""value"":""-2.0"",""label"":""NOT KNOWN""},{""value"":""-1.0"",""label"":""NOT APPLICABLE""},{""value"":""10.0"",""label"":""STAIRWAY""},{""value"":""11.0"",""label"":""BACKYARD""},{""value"":""12.0"",""label"":""BEDROOM""},{""value"":""13.0"",""label"":""BEACH""},{""value"":""14.0"",""label"":""RELATION'S GARDEN""},{""value"":""15.0"",""label"":""VERANDAH""},{""value"":""16.0"",""label"":""COMMUNAL OPEN GREEN""},{""value"":""17.0"",""label"":""FRIEND'S GARDEN""},{""value"":""18.0"",""label"":""LIVING ROOM""},{""value"":""19.0"",""label"":""BALCONY""},{""value"":""20.0"",""label"":""CARAVAN""},{""value"":""21.0"",""label"":""NO FACIL. AVAILABLE""},{""value"":""22.0"",""label"":""OUTSIDE FRONT DOOR""},{""value"":""23.0"",""label"":""ON ROOF""},{""value"":""24.0"",""label"":""GARAGE""},{""value"":""25.0"",""label"":""IN HOUSE/TAKEN PRAM""},{""value"":""26.0"",""label"":""PLAYGROUP""},{""value"":""27.0"",""label"":""FARMYARD""},{""value"":""28.0"",""label"":""CHILDMINDED;N DETAIL""},{""value"":""29.0"",""label"":""PAVED AREA FNT FLATS""}]"
15,b0015,IF ANSWER (PLAY FACIL.) 'OTHER' WHICH? 2,numeric,ORDINAL,NA,"[{""value"":""-6.0"",""label"":""UNABLE TO EXAMINE""},{""value"":""-3.0"",""label"":""NOT STATED""},{""value"":""-2.0"",""label"":""NOT KNOWN""},{""value"":""-1.0"",""label"":""NOT APPLICABLE""},{""value"":""10.0"",""label"":""STAIRWAY""},{""value"":""11.0"",""label"":""BACKYARD""},{""value"":""12.0"",""label"":""BEDROOM""},{""value"":""13.0"",""label"":""BEACH""},{""value"":""14.0"",""label"":""RELATION'S GARDEN""},{""value"":""15.0"",""label"":""VERANDAH""},{""value"":""16.0"",""label"":""COMMUNAL OPEN GREEN""},{""value"":""17.0"",""label"":""FRIEND'S GARDEN""},{""value"":""18.0"",""label"":""LIVING ROOM""},{""value"":""19.0"",""label"":""BALCONY""},{""value"":""20.0"",""label"":""CARAVAN""},{""value"":""21.0"",""label"":""NO FACIL. AVAILABLE""},{""value"":""22.0"",""label"":""OUTSIDE FRONT DOOR""},{""value"":""23.0"",""label"":""ON ROOF""},{""value"":""24.0"",""label"":""GARAGE""},{""value"":""25.0"",""label"":""IN HOUSE/TAKEN PRAM""},{""value"":""26.0"",""label"":""PLAYGROUP""},{""value"":""27.0"",""label"":""FARMYARD""},{""value"":""28.0"",""label"":""CHILDMINDED;N DETAIL""},{""value"":""29.0"",""label"":""PAVED AREA FNT FLATS""}]"
16,b0016,SLEEPING ARRANGEMENTS,numeric,ORDINAL,NA,"[{""value"":""-6.0"",""label"":""UNABLE TO EXAMINE""},{""value"":""-3.0"",""label"":""NOT STATED""},{""value"":""-2.0"",""label"":""NOT KNOWN""},{""value"":""-1.0"",""label"":""NOT APPLICABLE""},{""value"":""1.0"",""label"":""ROOM ON HIS OWN""},{""value"":""2.0"",""label"":""WITH SIBLINGS""},{""value"":""3.0"",""label"":""WITH MOTHER/FATHER""},{""value"":""4.0"",""label"":""OTHER""}]"
17,b0017,IF ANSWER (SLEEPING A.) 'OTHER' WHICH? 1,numeric,ORDINAL,NA,"[{""value"":""-6.0"",""label"":""UNABLE TO EXAMINE""},{""value"":""-3.0"",""label"":""NOT STATED""},{""value"":""-2.0"",""label"":""NOT KNOWN""},{""value"":""-1.0"",""label"":""NOT APPLICABLE""},{""value"":""10.0"",""label"":""WHOLE FAMILY 1 ROOM""},{""value"":""11.0"",""label"":""DORMITORY CHDNS HOME""},{""value"":""12.0"",""label"":""WITH GRANDMOTHER""},{""value"":""13.0"",""label"":""ALTERNATES SIBS,PNTS""},{""value"":""14.0"",""label"":""WITH AUNT OR UNCLE""},{""value"":""15.0"",""label"":""WITH COUSINS""},{""value"":""16.0"",""label"":""WITH FOSTER-SIBS""},{""value"":""17.0"",""label"":""WITH FOSTER PARENT""}]"
18,b0018,FATHER'S SOCIAL CLASS,numeric,ORDINAL,NA,"[{""value"":""-3.0"",""label"":""NOT STATED""},{""value"":""-2.0"",""label"":""NOT KNOWN""},{""value"":""-1.0"",""label"":""NOT APPLICABLE""},{""value"":""0.0"",""label"":""NO S.C.(UNEM.?STU.?)""},{""value"":""1.0"",""label"":""I""},{""value"":""2.0"",""label"":""II""},{""value"":""3.0"",""label"":""IIINM""},{""value"":""4.0"",""label"":""IIIM""},{""value"":""5.0"",""label"":""IV""},{""value"":""6.0"",""label"":""V""}]"
19,b0019,IS FATHER SELF EMPLOYED ?,numeric,ORDINAL,NA,"[{""value"":""-6.0"",""label"":""UNABLE TO EXAMINE""},{""value"":""-3.0"",""label"":""NOT STATED""},{""value"":""-2.0"",""label"":""NOT KNOWN""},{""value"":""-1.0"",""label"":""NOT APPLICABLE""},{""value"":""1.0"",""label"":""YES""},{""value"":""2.0"",""label"":""NO""}]"
20,b0020,"IF YES, HOW MANY, IF ANY,OTHERS EMPLOYED",numeric,ORDINAL,NA,"[{""value"":""-6.0"",""label"":""UNABLE TO EXAMINE""},{""value"":""-3.0"",""label"":""NOT STATED""},{""value"":""-2.0"",""label"":""NOT KNOWN""},{""value"":""-1.0"",""label"":""NOT APPLICABLE""},{""value"":""1.0"",""label"":""WORKING ON OWN""},{""value"":""2.0"",""label"":""EMPLOYING <25 PEOPLE""},{""value"":""3.0"",""label"":""EMPLOYING 25+ PEOPLE""}]"
21,b0021,"IF NO(SELF EMPLOYED), SUPERVISES OTHERS?",numeric,ORDINAL,NA,"[{""value"":""-6.0"",""label"":""UNABLE TO EXAMINE""},{""value"":""-3.0"",""label"":""NOT STATED""},{""value"":""-2.0"",""label"":""NOT KNOWN""},{""value"":""-1.0"",""label"":""NOT APPLICABLE""},{""value"":""4.0"",""label"":""SUPERVISING OTHERS""},{""value"":""5.0"",""label"":""NOT SUPERVISING""}]"
22,b0022,IS FATHER EMPLOYED PRESENTLY ?,numeric,ORDINAL,NA,"[{""value"":""-6.0"",""label"":""UNABLE TO EXAMINE""},{""value"":""-3.0"",""label"":""NOT STATED""},{""value"":""-2.0"",""label"":""NOT KNOWN""},{""value"":""-1.0"",""label"":""NOT APPLICABLE""},{""value"":""1.0"",""label"":""YES""},{""value"":""2.0"",""label"":""NO""},{""value"":""4.0"",""label"":""ON STRIKE AT TIME""}]"
23,b0023,IS THE CHILD'S MOTHER WORKING?,numeric,ORDINAL,NA,"[{""value"":""-6.0"",""label"":""UNABLE TO EXAMINE""},{""value"":""-3.0"",""label"":""NOT STATED""},{""value"":""-2.0"",""label"":""NOT KNOWN""},{""value"":""-1.0"",""label"":""NOT APPLICABLE""},{""value"":""1.0"",""label"":""YES, FULL-TIME""},{""value"":""2.0"",""label"":""YES,PART-TIME""},{""value"":""3.0"",""label"":""NO""}]"
24,b0024,DOES THE CHILD'S MOTHER SMOKE TOBACCO ?,numeric,ORDINAL,NA,"[{""value"":""-6.0"",""label"":""UNABLE TO EXAMINE""},{""value"":""-3.0"",""label"":""NOT STATED""},{""value"":""-2.0"",""label"":""NOT KNOWN""},{""value"":""-1.0"",""label"":""NOT APPLICABLE""},{""value"":""1.0"",""label"":""NEVER SMOKED""},{""value"":""2.0"",""label"":""SMOKED BUT GAVE UP""},{""value"":""3.0"",""label"":""CURRENTLY SMOKES""}]"
25,b0025,IF NO WHEN DID SHE LAST SMOKE (MONTH) ?,numeric,ORDINAL,NA,"[{""value"":""-6.0"",""label"":""UNABLE TO EXAMINE""},{""value"":""-3.0"",""label"":""NOT STATED""},{""value"":""-2.0"",""label"":""NOT KNOWN""},{""value"":""-1.0"",""label"":""NOT APPLICABLE""}]"
26,b0026,IF NO WHEN DID SHE LAST SMOKE (YEAR) ?,numeric,ORDINAL,NA,"[{""value"":""-3.0"",""label"":""NOT STATED""},{""value"":""-2.0"",""label"":""NOT KNOWN""},{""value"":""-1.0"",""label"":""NOT APPLICABLE""}]"
27,b0027,ANSWER TO LAST SMOKED OTHER THAN A DATE,numeric,ORDINAL,NA,"[{""value"":""-6.0"",""label"":""UNABLE TO EXAMINE""},{""value"":""-3.0"",""label"":""NOT STATED""},{""value"":""-2.0"",""label"":""NOT KNOWN""},{""value"":""-1.0"",""label"":""NOT APPLICABLE""},{""value"":""10.0"",""label"":""QUIT START PREGNANCY""},{""value"":""11.0"",""label"":""GAVE UP AT SCHOOL""},{""value"":""12.0"",""label"":""GAVE UP WHEN MARRIED""},{""value"":""13.0"",""label"":""QUIT BETWEEN 16->20""},{""value"":""14.0"",""label"":""QUIT MANY YEARS AGO""},{""value"":""15.0"",""label"":""BEFORE CHILD BORN""},{""value"":""16.0"",""label"":""NOT DURING PREGNANCY""},{""value"":""17.0"",""label"":""QUIT SINCE BABY BORN""}]"
28,b0028,HOW MANY SMOKED ( CIGARETTES ) ?,numeric,ORDINAL,NA,"[{""value"":""-6.0"",""label"":""UNABLE TO EXAMINE""},{""value"":""-3.0"",""label"":""NOT STATED""},{""value"":""-2.0"",""label"":""NOT KNOWN""},{""value"":""-1.0"",""label"":""NOT APPLICABLE""},{""value"":""1.0"",""label"":""1 - 4""},{""value"":""2.0"",""label"":""5 - 14""},{""value"":""3.0"",""label"":""15 - 24""},{""value"":""4.0"",""label"":""25 OR MORE""}]"
29,b0030,WALKS HOLDING FURNITURE (MOTHERS REPLY)?,numeric,ORDINAL,NA,"[{""value"":""-6.0"",""label"":""UNABLE TO EXAMINE""},{""value"":""-3.0"",""label"":""NOT STATED""},{""value"":""-2.0"",""label"":""NOT KNOWN""},{""value"":""-1.0"",""label"":""NOT APPLICABLE""},{""value"":""1.0"",""label"":""YES""},{""value"":""2.0"",""label"":""NO""}]"
30,b0031,WALKS HOLDING FURNITURE EXAMINERS OBS.?,numeric,ORDINAL,NA,"[{""value"":""-6.0"",""label"":""UNABLE TO EXAMINE""},{""value"":""-3.0"",""label"":""NOT STATED""},{""value"":""-2.0"",""label"":""NOT KNOWN""},{""value"":""-1.0"",""label"":""NOT APPLICABLE""},{""value"":""0.0"",""label"":""THE CHILD REFUSED""},{""value"":""1.0"",""label"":""YES""},{""value"":""2.0"",""label"":""NO""}]"
31,b0032,WALKS ON OWN (10 STEPS) (MOTHERS REPLY)?,numeric,ORDINAL,NA,"[{""value"":""-6.0"",""label"":""UNABLE TO EXAMINE""},{""value"":""-3.0"",""label"":""NOT STATED""},{""value"":""-2.0"",""label"":""NOT KNOWN""},{""value"":""-1.0"",""label"":""NOT APPLICABLE""},{""value"":""1.0"",""label"":""YES""},{""value"":""2.0"",""label"":""NO""}]"
32,b0033,WALKS ON OWN (10 STEPS) EXAMINERS OBS.?,numeric,ORDINAL,NA,"[{""value"":""-6.0"",""label"":""UNABLE TO EXAMINE""},{""value"":""-3.0"",""label"":""NOT STATED""},{""value"":""-2.0"",""label"":""NOT KNOWN""},{""value"":""-1.0"",""label"":""NOT APPLICABLE""},{""value"":""0.0"",""label"":""THE CHILD REFUSED""},{""value"":""1.0"",""label"":""YES""},{""value"":""2.0"",""label"":""NO""}]"
33,b0034,BALANCE ONE FOOT ONE SEC. (MA'S REPLY)?,numeric,ORDINAL,NA,"[{""value"":""-6.0"",""label"":""UNABLE TO EXAMINE""},{""value"":""-3.0"",""label"":""NOT STATED""},{""value"":""-2.0"",""label"":""NOT KNOWN""},{""value"":""-1.0"",""label"":""NOT APPLICABLE""},{""value"":""1.0"",""label"":""YES""},{""value"":""2.0"",""label"":""NO""}]"
34,b0035,BALANCE ONE FOOT ONE SEC. (EX.'S OBS.)?,numeric,ORDINAL,NA,"[{""value"":""-6.0"",""label"":""UNABLE TO EXAMINE""},{""value"":""-3.0"",""label"":""NOT STATED""},{""value"":""-2.0"",""label"":""NOT KNOWN""},{""value"":""-1.0"",""label"":""NOT APPLICABLE""},{""value"":""0.0"",""label"":""THE CHILD REFUSED""},{""value"":""1.0"",""label"":""YES""},{""value"":""2.0"",""label"":""NO""}]"
35,b0036,JUMP IN ONE PLACE (MOTHERS REPLY) ?,numeric,ORDINAL,NA,"[{""value"":""-6.0"",""label"":""UNABLE TO EXAMINE""},{""value"":""-3.0"",""label"":""NOT STATED""},{""value"":""-2.0"",""label"":""NOT KNOWN""},{""value"":""-1.0"",""label"":""NOT APPLICABLE""},{""value"":""1.0"",""label"":""YES""},{""value"":""2.0"",""label"":""NO""}]"
36,b0037,JUMP IN ONE PLACE (EXAMINERS OBS.) ?,numeric,ORDINAL,NA,"[{""value"":""-6.0"",""label"":""UNABLE TO EXAMINE""},{""value"":""-3.0"",""label"":""NOT STATED""},{""value"":""-2.0"",""label"":""NOT KNOWN""},{""value"":""-1.0"",""label"":""NOT APPLICABLE""},{""value"":""0.0"",""label"":""THE CHILD REFUSED""},{""value"":""1.0"",""label"":""YES""},{""value"":""2.0"",""label"":""NO""}]"
37,b0038,NUMBER OF CUBES - TALLEST TOWERS,numeric,ORDINAL,NA,"[{""value"":""-6.0"",""label"":""UNABLE TO EXAMINE""},{""value"":""-3.0"",""label"":""NOT STATED""},{""value"":""-2.0"",""label"":""NOT KNOWN""},{""value"":""-1.0"",""label"":""NOT APPLICABLE""},{""value"":""0.0"",""label"":""THE CHILD REFUSED""}]"
38,b0039,USE OF PENCIL & PAPER AT HOME,numeric,ORDINAL,NA,"[{""value"":""-6.0"",""label"":""UNABLE TO EXAMINE""},{""value"":""-3.0"",""label"":""NOT STATED""},{""value"":""-2.0"",""label"":""NOT KNOWN""},{""value"":""-1.0"",""label"":""NOT APPLICABLE""},{""value"":""1.0"",""label"":""YES""},{""value"":""2.0"",""label"":""NO""}]"
39,b0040,SCRIBBLED ON REQUEST ?,numeric,ORDINAL,NA,"[{""value"":""-6.0"",""label"":""UNABLE TO EXAMINE""},{""value"":""-3.0"",""label"":""NOT STATED""},{""value"":""-2.0"",""label"":""NOT KNOWN""},{""value"":""-1.0"",""label"":""NOT APPLICABLE""},{""value"":""0.0"",""label"":""REFUSED""},{""value"":""1.0"",""label"":""SCRIBBLED SPONT.""},{""value"":""2.0"",""label"":""SCRIBBLED AFTER DEMO""}]"
40,b0041,DREW A CIRCLE ON REQUEST ?,numeric,ORDINAL,NA,"[{""value"":""-6.0"",""label"":""UNABLE TO EXAMINE""},{""value"":""-3.0"",""label"":""NOT STATED""},{""value"":""-2.0"",""label"":""NOT KNOWN""},{""value"":""-1.0"",""label"":""NOT APPLICABLE""},{""value"":""0.0"",""label"":""REFUSED""},{""value"":""1.0"",""label"":""DREW CIRCULAR SHAPE""},{""value"":""2.0"",""label"":""SCRIBBLED ONLY""}]"
41,b0042,DREW A VERTICAL LINE ON REQUEST ?,numeric,ORDINAL,NA,"[{""value"":""-6.0"",""label"":""UNABLE TO EXAMINE""},{""value"":""-3.0"",""label"":""NOT STATED""},{""value"":""-2.0"",""label"":""NOT KNOWN""},{""value"":""-1.0"",""label"":""NOT APPLICABLE""},{""value"":""0.0"",""label"":""REFUSED""},{""value"":""1.0"",""label"":""DEFINITE STROKE 1ST""},{""value"":""2.0"",""label"":""DEF. STOKE 2ND ATT.""},{""value"":""3.0"",""label"":""VERT. SCRIBBLE 1ST.""},{""value"":""4.0"",""label"":""VERT. SCRIBBLE 2ND.""},{""value"":""5.0"",""label"":""SCRIBBLED ONLY""}]"
42,b0043,DREW A CROSS ON REQUEST ?,numeric,ORDINAL,NA,"[{""value"":""-6.0"",""label"":""UNABLE TO EXAMINE""},{""value"":""-3.0"",""label"":""NOT STATED""},{""value"":""-2.0"",""label"":""NOT KNOWN""},{""value"":""-1.0"",""label"":""NOT APPLICABLE""},{""value"":""0.0"",""label"":""REFUSED""},{""value"":""1.0"",""label"":""DREW 2 CROSSED LINES""},{""value"":""2.0"",""label"":""ANY OTHER DRAWING""}]"
43,b0044,CAN HE SAY MAMA ?,numeric,ORDINAL,NA,"[{""value"":""-6.0"",""label"":""UNABLE TO EXAMINE""},{""value"":""-3.0"",""label"":""NOT STATED""},{""value"":""-2.0"",""label"":""NOT KNOWN""},{""value"":""-1.0"",""label"":""NOT APPLICABLE""},{""value"":""1.0"",""label"":""YES""},{""value"":""2.0"",""label"":""NO""}]"
44,b0045,DOES HE ASSOCIATE IT WITH MOTHER ?,numeric,ORDINAL,NA,"[{""value"":""-6.0"",""label"":""UNABLE TO EXAMINE""},{""value"":""-3.0"",""label"":""NOT STATED""},{""value"":""-2.0"",""label"":""NOT KNOWN""},{""value"":""-1.0"",""label"":""NOT APPLICABLE""},{""value"":""1.0"",""label"":""YES""},{""value"":""2.0"",""label"":""NO""}]"
45,b0046,CAN HE SAY DADA ?,numeric,ORDINAL,NA,"[{""value"":""-6.0"",""label"":""UNABLE TO EXAMINE""},{""value"":""-3.0"",""label"":""NOT STATED""},{""value"":""-2.0"",""label"":""NOT KNOWN""},{""value"":""-1.0"",""label"":""NOT APPLICABLE""},{""value"":""1.0"",""label"":""YES""},{""value"":""2.0"",""label"":""NO""}]"
46,b0047,ASSOCIATES IT WITH FATHER ?,numeric,ORDINAL,NA,"[{""value"":""-6.0"",""label"":""UNABLE TO EXAMINE""},{""value"":""-3.0"",""label"":""NOT STATED""},{""value"":""-2.0"",""label"":""NOT KNOWN""},{""value"":""-1.0"",""label"":""NOT APPLICABLE""},{""value"":""1.0"",""label"":""YES""},{""value"":""2.0"",""label"":""NO""}]"
47,b0048,OTHER WORDS CLEARLY + WITH MEANING ?,numeric,ORDINAL,NA,"[{""value"":""-6.0"",""label"":""UNABLE TO EXAMINE""},{""value"":""-3.0"",""label"":""NOT STATED""},{""value"":""-2.0"",""label"":""NOT KNOWN""},{""value"":""-1.0"",""label"":""NOT APPLICABLE""},{""value"":""1.0"",""label"":""YES""},{""value"":""2.0"",""label"":""NO""}]"
48,b0049,"IF LESS THAN 5, SPECIFY NUMBER",numeric,ORDINAL,NA,"[{""value"":""-6.0"",""label"":""UNABLE TO EXAMINE""},{""value"":""-3.0"",""label"":""NOT STATED""},{""value"":""-2.0"",""label"":""NOT KNOWN""},{""value"":""-1.0"",""label"":""NOT APPLICABLE""}]"
49,b0050,TWO WORDS TOGETHER ?,numeric,ORDINAL,NA,"[{""value"":""-6.0"",""label"":""UNABLE TO EXAMINE""},{""value"":""-3.0"",""label"":""NOT STATED""},{""value"":""-2.0"",""label"":""NOT KNOWN""},{""value"":""-1.0"",""label"":""NOT APPLICABLE""},{""value"":""1.0"",""label"":""YES""},{""value"":""2.0"",""label"":""NO""}]"
50,b0051,SENTENCES OF 3 OR MORE WORDS ?,numeric,ORDINAL,NA,"[{""value"":""-6.0"",""label"":""UNABLE TO EXAMINE""},{""value"":""-3.0"",""label"":""NOT STATED""},{""value"":""-2.0"",""label"":""NOT KNOWN""},{""value"":""-1.0"",""label"":""NOT APPLICABLE""},{""value"":""1.0"",""label"":""YES""},{""value"":""2.0"",""label"":""NO""}]"
51,b0052,DID CHILD SHOW HIS HAIR TO EXAMINER?,numeric,ORDINAL,NA,"[{""value"":""-6.0"",""label"":""UNABLE TO EXAMINE""},{""value"":""-3.0"",""label"":""NOT STATED""},{""value"":""-2.0"",""label"":""NOT KNOWN""},{""value"":""-1.0"",""label"":""NOT APPLICABLE""},{""value"":""0.0"",""label"":""THE CHILD REFUSED""},{""value"":""1.0"",""label"":""YES""},{""value"":""2.0"",""label"":""NO""}]"
52,b0053,DID CHILD SHOW HIS EYES TO EXAMINER?,numeric,ORDINAL,NA,"[{""value"":""-6.0"",""label"":""UNABLE TO EXAMINE""},{""value"":""-3.0"",""label"":""NOT STATED""},{""value"":""-2.0"",""label"":""NOT KNOWN""},{""value"":""-1.0"",""label"":""NOT APPLICABLE""},{""value"":""0.0"",""label"":""THE CHILD REFUSED""},{""value"":""1.0"",""label"":""YES""},{""value"":""2.0"",""label"":""NO""}]"
53,b0054,DID CHILD SHOW HIS NOSE TO EXAMINER?,numeric,ORDINAL,NA,"[{""value"":""-6.0"",""label"":""UNABLE TO EXAMINE""},{""value"":""-3.0"",""label"":""NOT STATED""},{""value"":""-2.0"",""label"":""NOT KNOWN""},{""value"":""-1.0"",""label"":""NOT APPLICABLE""},{""value"":""0.0"",""label"":""THE CHILD REFUSED""},{""value"":""1.0"",""label"":""YES""},{""value"":""2.0"",""label"":""NO""}]"
54,b0055,DID CHILD SHOW HIS MOUTH TO EXAMINER?,numeric,ORDINAL,NA,"[{""value"":""-6.0"",""label"":""UNABLE TO EXAMINE""},{""value"":""-3.0"",""label"":""NOT STATED""},{""value"":""-2.0"",""label"":""NOT KNOWN""},{""value"":""-1.0"",""label"":""NOT APPLICABLE""},{""value"":""0.0"",""label"":""THE CHILD REFUSED""},{""value"":""1.0"",""label"":""YES""},{""value"":""2.0"",""label"":""NO""}]"
55,b0056,DID CHILD SHOW HIS HANDS TO EXAMINER?,numeric,ORDINAL,NA,"[{""value"":""-6.0"",""label"":""UNABLE TO EXAMINE""},{""value"":""-3.0"",""label"":""NOT STATED""},{""value"":""-2.0"",""label"":""NOT KNOWN""},{""value"":""-1.0"",""label"":""NOT APPLICABLE""},{""value"":""0.0"",""label"":""THE CHILD REFUSED""},{""value"":""1.0"",""label"":""YES""},{""value"":""2.0"",""label"":""NO""}]"
56,b0057,DID CHILD SHOW HIS FEET TO EXAMINER?,numeric,ORDINAL,NA,"[{""value"":""-6.0"",""label"":""UNABLE TO EXAMINE""},{""value"":""-3.0"",""label"":""NOT STATED""},{""value"":""-2.0"",""label"":""NOT KNOWN""},{""value"":""-1.0"",""label"":""NOT APPLICABLE""},{""value"":""0.0"",""label"":""THE CHILD REFUSED""},{""value"":""1.0"",""label"":""YES""},{""value"":""2.0"",""label"":""NO""}]"
57,b0058,CAN CHILD SHOW HIS HAIR (MOTHERS REPLY)?,numeric,ORDINAL,NA,"[{""value"":""-6.0"",""label"":""UNABLE TO EXAMINE""},{""value"":""-3.0"",""label"":""NOT STATED""},{""value"":""-2.0"",""label"":""NOT KNOWN""},{""value"":""-1.0"",""label"":""NOT APPLICABLE""},{""value"":""1.0"",""label"":""YES""},{""value"":""2.0"",""label"":""YES,NOT DEMONSTRATED""},{""value"":""3.0"",""label"":""NO,CANNOT""}]"
58,b0059,CAN CHILD SHOW HIS EYES (MOTHERS REPLY)?,numeric,ORDINAL,NA,"[{""value"":""-6.0"",""label"":""UNABLE TO EXAMINE""},{""value"":""-3.0"",""label"":""NOT STATED""},{""value"":""-2.0"",""label"":""NOT KNOWN""},{""value"":""-1.0"",""label"":""NOT APPLICABLE""},{""value"":""1.0"",""label"":""YES""},{""value"":""2.0"",""label"":""YES,NOT DEMONSTRATED""},{""value"":""3.0"",""label"":""NO,CANNOT""}]"
59,b0060,CAN CHILD SHOW HIS NOSE (MOTHERS REPLY)?,numeric,ORDINAL,NA,"[{""value"":""-6.0"",""label"":""UNABLE TO EXAMINE""},{""value"":""-3.0"",""label"":""NOT STATED""},{""value"":""-2.0"",""label"":""NOT KNOWN""},{""value"":""-1.0"",""label"":""NOT APPLICABLE""},{""value"":""1.0"",""label"":""YES""},{""value"":""2.0"",""label"":""YES,NOT DEMONSTRATED""},{""value"":""3.0"",""label"":""NO,CANNOT""}]"
60,b0061,CAN CHILD SHOW HIS MOUTH(MOTHERS REPLY)?,numeric,ORDINAL,NA,"[{""value"":""-6.0"",""label"":""UNABLE TO EXAMINE""},{""value"":""-3.0"",""label"":""NOT STATED""},{""value"":""-2.0"",""label"":""NOT KNOWN""},{""value"":""-1.0"",""label"":""NOT APPLICABLE""},{""value"":""1.0"",""label"":""YES""},{""value"":""2.0"",""label"":""YES,NOT DEMONSTRATED""},{""value"":""3.0"",""label"":""NO,CANNOT""}]"
61,b0062,CAN CHILD SHOW HIS HANDS(MOTHERS REPLY)?,numeric,ORDINAL,NA,"[{""value"":""-6.0"",""label"":""UNABLE TO EXAMINE""},{""value"":""-3.0"",""label"":""NOT STATED""},{""value"":""-2.0"",""label"":""NOT KNOWN""},{""value"":""-1.0"",""label"":""NOT APPLICABLE""},{""value"":""1.0"",""label"":""YES""},{""value"":""2.0"",""label"":""YES,NOT DEMONSTRATED""},{""value"":""3.0"",""label"":""NO,CANNOT""}]"
62,b0063,CAN CHILD SHOW HIS FEET (MOTHERS REPLY)?,numeric,ORDINAL,NA,"[{""value"":""-6.0"",""label"":""UNABLE TO EXAMINE""},{""value"":""-3.0"",""label"":""NOT STATED""},{""value"":""-2.0"",""label"":""NOT KNOWN""},{""value"":""-1.0"",""label"":""NOT APPLICABLE""},{""value"":""1.0"",""label"":""YES""},{""value"":""2.0"",""label"":""YES,NOT DEMONSTRATED""},{""value"":""3.0"",""label"":""NO,CANNOT""}]"
63,b0064,DID HE GIVE THE PENCIL TO HIS MOTHER?,numeric,ORDINAL,NA,"[{""value"":""-6.0"",""label"":""UNABLE TO EXAMINE""},{""value"":""-3.0"",""label"":""NOT STATED""},{""value"":""-2.0"",""label"":""NOT KNOWN""},{""value"":""-1.0"",""label"":""NOT APPLICABLE""},{""value"":""0.0"",""label"":""""},{""value"":""1.0"",""label"":""YES""},{""value"":""2.0"",""label"":""NO""}]"
64,b0065,DID HE PUT THE PENCIL ON A CHAIR?,numeric,ORDINAL,NA,"[{""value"":""-6.0"",""label"":""UNABLE TO EXAMINE""},{""value"":""-3.0"",""label"":""NOT STATED""},{""value"":""-2.0"",""label"":""NOT KNOWN""},{""value"":""-1.0"",""label"":""NOT APPLICABLE""},{""value"":""0.0"",""label"":""""},{""value"":""1.0"",""label"":""YES""},{""value"":""2.0"",""label"":""NO""}]"
65,b0066,DID HE GIVE THE PENCIL TO EX?,numeric,ORDINAL,NA,"[{""value"":""-6.0"",""label"":""UNABLE TO EXAMINE""},{""value"":""-3.0"",""label"":""NOT STATED""},{""value"":""-2.0"",""label"":""NOT KNOWN""},{""value"":""-1.0"",""label"":""NOT APPLICABLE""},{""value"":""0.0"",""label"":""""},{""value"":""1.0"",""label"":""YES""},{""value"":""2.0"",""label"":""NO""}]"
66,b0067,DID HE PUT THE PENCIL ON A TABLE?,numeric,ORDINAL,NA,"[{""value"":""-6.0"",""label"":""UNABLE TO EXAMINE""},{""value"":""-3.0"",""label"":""NOT STATED""},{""value"":""-2.0"",""label"":""NOT KNOWN""},{""value"":""-1.0"",""label"":""NOT APPLICABLE""},{""value"":""0.0"",""label"":""""},{""value"":""1.0"",""label"":""YES""},{""value"":""2.0"",""label"":""NO""}]"
67,b0068,CAN HE GIVE PENCIL TO MA (MA'S REPLY) ?,numeric,ORDINAL,NA,"[{""value"":""-6.0"",""label"":""UNABLE TO EXAMINE""},{""value"":""-3.0"",""label"":""NOT STATED""},{""value"":""-2.0"",""label"":""NOT KNOWN""},{""value"":""-1.0"",""label"":""NOT APPLICABLE""},{""value"":""1.0"",""label"":""YES""},{""value"":""2.0"",""label"":""YES,NOT DEMONSTRATED""},{""value"":""3.0"",""label"":""NO,CANNOT""}]"
68,b0069,CAN HE PUT PENCIL ON CHAIR (MA'S REPLY)?,numeric,ORDINAL,NA,"[{""value"":""-6.0"",""label"":""UNABLE TO EXAMINE""},{""value"":""-3.0"",""label"":""NOT STATED""},{""value"":""-2.0"",""label"":""NOT KNOWN""},{""value"":""-1.0"",""label"":""NOT APPLICABLE""},{""value"":""1.0"",""label"":""YES""},{""value"":""2.0"",""label"":""YES,NOT DEMONSTRATED""},{""value"":""3.0"",""label"":""NO,CANNOT""}]"
69,b0070,CAN HE GIVE PENCIL TO EX (MA'S REPLY) ?,numeric,ORDINAL,NA,"[{""value"":""-6.0"",""label"":""UNABLE TO EXAMINE""},{""value"":""-3.0"",""label"":""NOT STATED""},{""value"":""-2.0"",""label"":""NOT KNOWN""},{""value"":""-1.0"",""label"":""NOT APPLICABLE""},{""value"":""1.0"",""label"":""YES""},{""value"":""2.0"",""label"":""YES,NOT DEMONSTRATED""},{""value"":""3.0"",""label"":""NO,CANNOT""}]"
70,b0071,CAN HE PUT PENCIL ON TABLE (MA'S REPLY)?,numeric,ORDINAL,NA,"[{""value"":""-6.0"",""label"":""UNABLE TO EXAMINE""},{""value"":""-3.0"",""label"":""NOT STATED""},{""value"":""-2.0"",""label"":""NOT KNOWN""},{""value"":""-1.0"",""label"":""NOT APPLICABLE""},{""value"":""1.0"",""label"":""YES""},{""value"":""2.0"",""label"":""YES,NOT DEMONSTRATED""},{""value"":""3.0"",""label"":""NO,CANNOT""}]"
71,b0072,WILL HE FETCH OBJECTS AT HOME- IN SIGHT?,numeric,ORDINAL,NA,"[{""value"":""-6.0"",""label"":""UNABLE TO EXAMINE""},{""value"":""-3.0"",""label"":""NOT STATED""},{""value"":""-2.0"",""label"":""NOT KNOWN""},{""value"":""-1.0"",""label"":""NOT APPLICABLE""},{""value"":""1.0"",""label"":""YES""},{""value"":""2.0"",""label"":""YES,NOT DEMONSTRATED""},{""value"":""3.0"",""label"":""NO,CANNOT""}]"
72,b0073,WILL FETCH OBJECTS AT HOME-OUT OF SIGHT?,numeric,ORDINAL,NA,"[{""value"":""-6.0"",""label"":""UNABLE TO EXAMINE""},{""value"":""-3.0"",""label"":""NOT STATED""},{""value"":""-2.0"",""label"":""NOT KNOWN""},{""value"":""-1.0"",""label"":""NOT APPLICABLE""},{""value"":""1.0"",""label"":""YES""},{""value"":""2.0"",""label"":""NO""}]"
73,b0074,IS HE ABLE TO FEED HIMSELF WITH A SPOON?,numeric,ORDINAL,NA,"[{""value"":""-6.0"",""label"":""UNABLE TO EXAMINE""},{""value"":""-3.0"",""label"":""NOT STATED""},{""value"":""-2.0"",""label"":""NOT KNOWN""},{""value"":""-1.0"",""label"":""NOT APPLICABLE""},{""value"":""1.0"",""label"":""YES""},{""value"":""2.0"",""label"":""NO""}]"
74,b0075,CAN HE TAKE OFF SHOES (UNLACED) MA'S REP,numeric,ORDINAL,NA,"[{""value"":""-6.0"",""label"":""UNABLE TO EXAMINE""},{""value"":""-3.0"",""label"":""NOT STATED""},{""value"":""-2.0"",""label"":""NOT KNOWN""},{""value"":""-1.0"",""label"":""NOT APPLICABLE""},{""value"":""1.0"",""label"":""YES""},{""value"":""2.0"",""label"":""NO""}]"
75,b0076,DID HE TAKE OFF SHOES (UNLACED) EX'S OBS,numeric,ORDINAL,NA,"[{""value"":""-6.0"",""label"":""UNABLE TO EXAMINE""},{""value"":""-3.0"",""label"":""NOT STATED""},{""value"":""-2.0"",""label"":""NOT KNOWN""},{""value"":""-1.0"",""label"":""NOT APPLICABLE""},{""value"":""0.0"",""label"":""THE CHILD REFUSED""},{""value"":""1.0"",""label"":""YES""},{""value"":""2.0"",""label"":""NO""}]"
76,b0077,"CAN HE PUT ON SHOES (UNLACED,L ON R) MA",numeric,ORDINAL,NA,"[{""value"":""-6.0"",""label"":""UNABLE TO EXAMINE""},{""value"":""-3.0"",""label"":""NOT STATED""},{""value"":""-2.0"",""label"":""NOT KNOWN""},{""value"":""-1.0"",""label"":""NOT APPLICABLE""},{""value"":""1.0"",""label"":""YES""},{""value"":""2.0"",""label"":""NO""}]"
77,b0078,"DID HE PUT ON SHOES (UNLACED,L ON R) EX",numeric,ORDINAL,NA,"[{""value"":""-6.0"",""label"":""UNABLE TO EXAMINE""},{""value"":""-3.0"",""label"":""NOT STATED""},{""value"":""-2.0"",""label"":""NOT KNOWN""},{""value"":""-1.0"",""label"":""NOT APPLICABLE""},{""value"":""0.0"",""label"":""THE CHILD REFUSED""},{""value"":""1.0"",""label"":""YES""},{""value"":""2.0"",""label"":""NO""}]"
78,b0079,CAN HE TAKE OFF HIS PANTS (MA'S REPLY) ?,numeric,ORDINAL,NA,"[{""value"":""-6.0"",""label"":""UNABLE TO EXAMINE""},{""value"":""-3.0"",""label"":""NOT STATED""},{""value"":""-2.0"",""label"":""NOT KNOWN""},{""value"":""-1.0"",""label"":""NOT APPLICABLE""},{""value"":""1.0"",""label"":""YES""},{""value"":""2.0"",""label"":""NO""}]"
79,b0080,DID HE TAKE OFF HIS PANTS (EX'S OBS.) ?,numeric,ORDINAL,NA,"[{""value"":""-6.0"",""label"":""UNABLE TO EXAMINE""},{""value"":""-3.0"",""label"":""NOT STATED""},{""value"":""-2.0"",""label"":""NOT KNOWN""},{""value"":""-1.0"",""label"":""NOT APPLICABLE""},{""value"":""0.0"",""label"":""THE CHILD REFUSED""},{""value"":""1.0"",""label"":""YES""},{""value"":""2.0"",""label"":""NO""}]"
80,b0081,CAN HE PUT ON PANTS(B TO F)(MA'S REPLY)?,numeric,ORDINAL,NA,"[{""value"":""-6.0"",""label"":""UNABLE TO EXAMINE""},{""value"":""-3.0"",""label"":""NOT STATED""},{""value"":""-2.0"",""label"":""NOT KNOWN""},{""value"":""-1.0"",""label"":""NOT APPLICABLE""},{""value"":""1.0"",""label"":""YES""},{""value"":""2.0"",""label"":""NO""}]"
81,b0082,DID HE PUT ON PANTS(B TO F)(EX'S OBS.) ?,numeric,ORDINAL,NA,"[{""value"":""-6.0"",""label"":""UNABLE TO EXAMINE""},{""value"":""-3.0"",""label"":""NOT STATED""},{""value"":""-2.0"",""label"":""NOT KNOWN""},{""value"":""-1.0"",""label"":""NOT APPLICABLE""},{""value"":""0.0"",""label"":""THE CHILD REFUSED""},{""value"":""1.0"",""label"":""YES""},{""value"":""2.0"",""label"":""NO""}]"
82,b0083,HOW CO-OPERATIVE WAS THE CHILD ?,numeric,ORDINAL,NA,"[{""value"":""-6.0"",""label"":""UNABLE TO EXAMINE""},{""value"":""-3.0"",""label"":""NOT STATED""},{""value"":""-2.0"",""label"":""NOT KNOWN""},{""value"":""-1.0"",""label"":""NOT APPLICABLE""},{""value"":""1.0"",""label"":""CO-OPERATIVE""},{""value"":""2.0"",""label"":""VERY CO-OPERATIVE""},{""value"":""3.0"",""label"":""UNCO-OPERATIVE""},{""value"":""4.0"",""label"":""VERY UNCO-OPERATIVE""}]"
83,b0084,DO YOU FEEL CHILD WAS ABLE TO DO MORE?,numeric,ORDINAL,NA,"[{""value"":""-6.0"",""label"":""UNABLE TO EXAMINE""},{""value"":""-3.0"",""label"":""NOT STATED""},{""value"":""-2.0"",""label"":""NOT KNOWN""},{""value"":""-1.0"",""label"":""NOT APPLICABLE""},{""value"":""1.0"",""label"":""YES""},{""value"":""2.0"",""label"":""NO""}]"
84,b0085,SHOWED ABNORMAL BEHAVIOUR (MOUTHING) ?,numeric,ORDINAL,NA,"[{""value"":""-6.0"",""label"":""UNABLE TO EXAMINE""},{""value"":""-3.0"",""label"":""NOT STATED""},{""value"":""-2.0"",""label"":""NOT KNOWN""},{""value"":""-1.0"",""label"":""NOT APPLICABLE""},{""value"":""1.0"",""label"":""YES""},{""value"":""2.0"",""label"":""NO""}]"
85,b0086,SHOWED ABNORMAL BEHAVIOUR (CASTING) ?,numeric,ORDINAL,NA,"[{""value"":""-6.0"",""label"":""UNABLE TO EXAMINE""},{""value"":""-3.0"",""label"":""NOT STATED""},{""value"":""-2.0"",""label"":""NOT KNOWN""},{""value"":""-1.0"",""label"":""NOT APPLICABLE""},{""value"":""1.0"",""label"":""YES""},{""value"":""2.0"",""label"":""NO""}]"
86,b0087,SHOWED ABNORMAL BEHAVIOUR (ROCKING) ?,numeric,ORDINAL,NA,"[{""value"":""-6.0"",""label"":""UNABLE TO EXAMINE""},{""value"":""-3.0"",""label"":""NOT STATED""},{""value"":""-2.0"",""label"":""NOT KNOWN""},{""value"":""-1.0"",""label"":""NOT APPLICABLE""},{""value"":""1.0"",""label"":""YES""},{""value"":""2.0"",""label"":""NO""}]"
87,b0088,SHOWED ABNORMAL BEHAVIOUR (HEADBANGING)?,numeric,ORDINAL,NA,"[{""value"":""-6.0"",""label"":""UNABLE TO EXAMINE""},{""value"":""-3.0"",""label"":""NOT STATED""},{""value"":""-2.0"",""label"":""NOT KNOWN""},{""value"":""-1.0"",""label"":""NOT APPLICABLE""},{""value"":""1.0"",""label"":""YES""},{""value"":""2.0"",""label"":""NO""}]"
88,b0089,SHOWED ABNORMAL BEHAVIOUR (OTHER)?,numeric,ORDINAL,NA,"[{""value"":""-6.0"",""label"":""UNABLE TO EXAMINE""},{""value"":""-3.0"",""label"":""NOT STATED""},{""value"":""-2.0"",""label"":""NOT KNOWN""},{""value"":""-1.0"",""label"":""NOT APPLICABLE""},{""value"":""1.0"",""label"":""YES""},{""value"":""2.0"",""label"":""NO""}]"
89,b0090,CODE FOR ABNORMAL BEHAVIOUR (OTHER)1,numeric,ORDINAL,NA,"[{""value"":""-6.0"",""label"":""UNABLE TO EXAMINE""},{""value"":""-3.0"",""label"":""NOT STATED""},{""value"":""-2.0"",""label"":""NOT KNOWN""},{""value"":""-1.0"",""label"":""NOT APPLICABLE""},{""value"":""10.0"",""label"":""BREATH-HOLDING""},{""value"":""11.0"",""label"":""ROLLED HEAD SIDE-S.""},{""value"":""12.0"",""label"":""DRIBBLED CONSTANTLY""},{""value"":""13.0"",""label"":""STRUCK MOTHER TEMPER""},{""value"":""14.0"",""label"":""TENSES WHEN EXCITED""},{""value"":""15.0"",""label"":""HYPER-ACTIVE/KINETIC""},{""value"":""16.0"",""label"":""GRUNTING""},{""value"":""17.0"",""label"":""GRIMACING""},{""value"":""18.0"",""label"":""IMMATURE BEHAVIOUR""},{""value"":""19.0"",""label"":""TEMPER/T. TANTRUMS""},{""value"":""20.0"",""label"":""MA\""CHILD BITES T.\""""},{""value"":""21.0"",""label"":""BITING""},{""value"":""22.0"",""label"":""CEREBRAL CRY""},{""value"":""23.0"",""label"":""MUSCULAR TWITCHINGS""},{""value"":""24.0"",""label"":""NOD HEAD < 7 MONTHS""}]"
90,b0091,CODE FOR ABNORMAL BEHAVIOUR (OTHER)2,numeric,ORDINAL,NA,"[{""value"":""-6.0"",""label"":""UNABLE TO EXAMINE""},{""value"":""-3.0"",""label"":""NOT STATED""},{""value"":""-2.0"",""label"":""NOT KNOWN""},{""value"":""-1.0"",""label"":""NOT APPLICABLE""},{""value"":""10.0"",""label"":""BREATH-HOLDING""},{""value"":""11.0"",""label"":""ROLLED HEAD SIDE-S.""},{""value"":""12.0"",""label"":""DRIBBLED CONSTANTLY""},{""value"":""13.0"",""label"":""STRUCK MOTHER TEMPER""},{""value"":""14.0"",""label"":""TENSES WHEN EXCITED""},{""value"":""15.0"",""label"":""HYPER-ACTIVE/KINETIC""},{""value"":""16.0"",""label"":""GRUNTING""},{""value"":""17.0"",""label"":""GRIMACING""},{""value"":""18.0"",""label"":""IMMATURE BEHAVIOUR""},{""value"":""19.0"",""label"":""TEMPER/T. TANTRUMS""},{""value"":""20.0"",""label"":""MA\""CHILD BITES T.\""""},{""value"":""21.0"",""label"":""BITING""},{""value"":""22.0"",""label"":""CEREBRAL CRY""},{""value"":""23.0"",""label"":""MUSCULAR TWITCHINGS""}]"
91,b0093,CHILDS WEIGHT IN KILOS AND GRAMMES,numeric,ORDINAL,NA,"[{""value"":""-6.0"",""label"":""UNABLE TO EXAMINE""},{""value"":""-3.0"",""label"":""NOT STATED""},{""value"":""-2.0"",""label"":""NOT KNOWN""},{""value"":""-1.0"",""label"":""NOT APPLICABLE""},{""value"":""0.0"",""label"":""THE CHILD REFUSED""}]"
92,b0094,WERE THERE ANY DIFFICUTIES IN WEIGHING ?,numeric,ORDINAL,NA,"[{""value"":""-6.0"",""label"":""UNABLE TO EXAMINE""},{""value"":""-3.0"",""label"":""NOT STATED""},{""value"":""-2.0"",""label"":""NOT KNOWN""},{""value"":""-1.0"",""label"":""NOT APPLICABLE""},{""value"":""1.0"",""label"":""YES""},{""value"":""2.0"",""label"":""NO""}]"
93,b0095,CHILDS HEIGHT IN METRES AND CENTIMETRES,numeric,ORDINAL,NA,"[{""value"":""-6.0"",""label"":""UNABLE TO EXAMINE""},{""value"":""-3.0"",""label"":""NOT STATED""},{""value"":""-2.0"",""label"":""NOT KNOWN""},{""value"":""-1.0"",""label"":""NOT APPLICABLE""},{""value"":""0.0"",""label"":""THE CHILD REFUSED""}]"
94,b0096,RECUMBENT LENGTH METRES AND CENTIMETRES,numeric,ORDINAL,NA,"[{""value"":""-6.0"",""label"":""UNABLE TO EXAMINE""},{""value"":""-3.0"",""label"":""NOT STATED""},{""value"":""-2.0"",""label"":""NOT KNOWN""},{""value"":""-1.0"",""label"":""NOT APPLICABLE""},{""value"":""0.0"",""label"":""THE CHILD REFUSED""}]"
95,b0097,CIRCUMFERENCE OF HEAD IN CENTIMETRES,numeric,ORDINAL,NA,"[{""value"":""-6.0"",""label"":""UNABLE TO EXAMINE""},{""value"":""-3.0"",""label"":""NOT STATED""},{""value"":""-2.0"",""label"":""NOT KNOWN""},{""value"":""-1.0"",""label"":""NOT APPLICABLE""},{""value"":""0.0"",""label"":""THE CHILD REFUSED""}]"
96,b0098,ARE THE FONTANELLES CLOSED ?,numeric,ORDINAL,NA,"[{""value"":""-6.0"",""label"":""UNABLE TO EXAMINE""},{""value"":""-3.0"",""label"":""NOT STATED""},{""value"":""-2.0"",""label"":""NOT KNOWN""},{""value"":""-1.0"",""label"":""NOT APPLICABLE""},{""value"":""1.0"",""label"":""YES""},{""value"":""2.0"",""label"":""NO""},{""value"":""3.0"",""label"":""UNABLE TO EXAMINE""}]"
97,b0099,ANY ABNORMALITIES [OF SKULL ?],numeric,ORDINAL,NA,"[{""value"":""-6.0"",""label"":""UNABLE TO EXAMINE""},{""value"":""-3.0"",""label"":""NOT STATED""},{""value"":""-2.0"",""label"":""NOT KNOWN""},{""value"":""-1.0"",""label"":""NOT APPLICABLE""},{""value"":""1.0"",""label"":""YES""},{""value"":""2.0"",""label"":""NO""}]"
98,b0100,WHAT ABNORMALITIES [OF SKULL ?] 1,numeric,ORDINAL,NA,"[{""value"":""-6.0"",""label"":""UNABLE TO EXAMINE""},{""value"":""-3.0"",""label"":""NOT STATED""},{""value"":""-2.0"",""label"":""NOT KNOWN""},{""value"":""-1.0"",""label"":""NOT APPLICABLE""},{""value"":""10.0"",""label"":""BROAD HEAD""},{""value"":""11.0"",""label"":""LARGE FOREHEAD""},{""value"":""12.0"",""label"":""PROMINENT BROW""},{""value"":""13.0"",""label"":""PROMINENT OCCIPUT""},{""value"":""14.0"",""label"":""NARROW FOERHEAD""},{""value"":""15.0"",""label"":""RIDGE SKULL FRONTAL""},{""value"":""16.0"",""label"":""ANT.FONT.FIRM+DEPRES""},{""value"":""17.0"",""label"":""LONG SKULL ANT.-POS.""},{""value"":""18.0"",""label"":""VERY ROUND SKULL""},{""value"":""19.0"",""label"":""FLAT TOP OF SKULL""},{""value"":""20.0"",""label"":""SK.SH.PARALLELOGRAM""},{""value"":""21.0"",""label"":""HEAD FLATTENED 1SIDE""},{""value"":""22.0"",""label"":""SKULL V. NARROW ANT.""},{""value"":""23.0"",""label"":""SKULL FLATTENED REAR""},{""value"":""24.0"",""label"":""MICROCEPHALIC""},{""value"":""25.0"",""label"":""M.MEMB.RIDGE FHEAD.""},{""value"":""26.0"",""label"":""PROM.L.SIDE FOREHEAD""},{""value"":""27.0"",""label"":""NARROW POSTERIOR""},{""value"":""28.0"",""label"":""HIGH-DOMED HEAD""},{""value"":""29.0"",""label"":""M. BOSSING FOREHEAD""},{""value"":""30.0"",""label"":""ANT.FONT.NOT CLOSED""},{""value"":""31.0"",""label"":""MILD L PARALLELOGRAM""},{""value"":""32.0"",""label"":""MILD R PARALLELOGRAM""},{""value"":""33.0"",""label"":""ACHONDROPLASTIC SKUL""},{""value"":""34.0"",""label"":""SKULL WIDE POSTERIOR""},{""value"":""35.0"",""label"":""SK.PROTR.UNI.PAR.OCC""},{""value"":""36.0"",""label"":""SMALL UNDER-DEV.SKUL""},{""value"":""37.0"",""label"":""WIDE ANTERIOR""}]"
99,b0101,WHAT ABNORMALITIES [OF SKULL ?] 2,numeric,ORDINAL,NA,"[{""value"":""-6.0"",""label"":""UNABLE TO EXAMINE""},{""value"":""-3.0"",""label"":""NOT STATED""},{""value"":""-2.0"",""label"":""NOT KNOWN""},{""value"":""-1.0"",""label"":""NOT APPLICABLE""},{""value"":""10.0"",""label"":""BROAD HEAD""},{""value"":""11.0"",""label"":""LARGE FOREHEAD""},{""value"":""12.0"",""label"":""PROMINENT BROW""},{""value"":""13.0"",""label"":""PROMINENT OCCIPUT""},{""value"":""14.0"",""label"":""NARROW FOERHEAD""},{""value"":""15.0"",""label"":""RIDGE SKULL FRONTAL""},{""value"":""16.0"",""label"":""ANT.FONT.FIRM+DEPRES""},{""value"":""17.0"",""label"":""LONG SKULL ANT.-POS.""},{""value"":""18.0"",""label"":""VERY ROUND SKULL""},{""value"":""19.0"",""label"":""FLAT TOP OF SKULL""},{""value"":""20.0"",""label"":""SK.SH.PARALLELOGRAM""},{""value"":""21.0"",""label"":""HEAD FLATTENED 1SIDE""},{""value"":""22.0"",""label"":""SKULL V. NARROW ANT.""},{""value"":""23.0"",""label"":""SKULL FLATTENED REAR""},{""value"":""24.0"",""label"":""MICROCEPHALIC""},{""value"":""25.0"",""label"":""M.MEMB.RIDGE FHEAD.""},{""value"":""26.0"",""label"":""PROM.L.SIDE FOREHEAD""},{""value"":""27.0"",""label"":""NARROW POSTERIOR""},{""value"":""28.0"",""label"":""HIGH-DOMED HEAD""},{""value"":""29.0"",""label"":""M. BOSSING FOREHEAD""},{""value"":""30.0"",""label"":""ANT.FONT.NOT CLOSED""},{""value"":""31.0"",""label"":""MILD L PARALLELOGRAM""},{""value"":""32.0"",""label"":""MILD R PARALLELOGRAM""},{""value"":""33.0"",""label"":""ACHONDROPLASTIC SKUL""},{""value"":""34.0"",""label"":""SKULL WIDE POSTERIOR""},{""value"":""35.0"",""label"":""SK.PROTR.UNI.PAR.OCC""},{""value"":""36.0"",""label"":""SMALL UNDER-DEV.SKUL""},{""value"":""37.0"",""label"":""WIDE ANTERIOR""}]"
100,b0102,WHAT ABNORMALITIES [OF SKULL ?] 3,numeric,ORDINAL,NA,"[{""value"":""-6.0"",""label"":""UNABLE TO EXAMINE""},{""value"":""-3.0"",""label"":""NOT STATED""},{""value"":""-2.0"",""label"":""NOT KNOWN""},{""value"":""-1.0"",""label"":""NOT APPLICABLE""},{""value"":""10.0"",""label"":""BROAD HEAD""},{""value"":""11.0"",""label"":""LARGE FOREHEAD""},{""value"":""12.0"",""label"":""PROMINENT BROW""},{""value"":""13.0"",""label"":""PROMINENT OCCIPUT""},{""value"":""14.0"",""label"":""NARROW FOERHEAD""},{""value"":""15.0"",""label"":""RIDGE SKULL FRONTAL""},{""value"":""16.0"",""label"":""ANT.FONT.FIRM+DEPRES""},{""value"":""17.0"",""label"":""LONG SKULL ANT.-POS.""},{""value"":""18.0"",""label"":""VERY ROUND SKULL""},{""value"":""19.0"",""label"":""FLAT TOP OF SKULL""},{""value"":""20.0"",""label"":""SK.SH.PARALLELOGRAM""},{""value"":""21.0"",""label"":""HEAD FLATTENED 1SIDE""},{""value"":""22.0"",""label"":""SKULL V. NARROW ANT.""},{""value"":""23.0"",""label"":""SKULL FLATTENED REAR""},{""value"":""24.0"",""label"":""MICROCEPHALIC""},{""value"":""25.0"",""label"":""M.MEMB.RIDGE FHEAD.""},{""value"":""26.0"",""label"":""PROM.L.SIDE FOREHEAD""},{""value"":""27.0"",""label"":""NARROW POSTERIOR""},{""value"":""28.0"",""label"":""HIGH-DOMED HEAD""},{""value"":""29.0"",""label"":""M. BOSSING FOREHEAD""},{""value"":""30.0"",""label"":""ANT.FONT.NOT CLOSED""},{""value"":""31.0"",""label"":""MILD L PARALLELOGRAM""},{""value"":""32.0"",""label"":""MILD R PARALLELOGRAM""},{""value"":""33.0"",""label"":""ACHONDROPLASTIC SKUL""},{""value"":""34.0"",""label"":""SKULL WIDE POSTERIOR""},{""value"":""35.0"",""label"":""SK.PROTR.UNI.PAR.OCC""},{""value"":""36.0"",""label"":""SMALL UNDER-DEV.SKUL""},{""value"":""37.0"",""label"":""WIDE ANTERIOR""}]"
101,b0103,CARED FOR FULL TIME IN DAY NURSERY ?,numeric,ORDINAL,NA,"[{""value"":""-3.0"",""label"":""NOT STATED""},{""value"":""-2.0"",""label"":""NOT KNOWN""},{""value"":""0.0"",""label"":""N0""},{""value"":""1.0"",""label"":""YES, FULL-TIME""},{""value"":""2.0"",""label"":""YES, PART-TIME""}]"
102,b0104,CARED FOR FULL TIME IN PLAYGROUP ?,numeric,ORDINAL,NA,"[{""value"":""-6.0"",""label"":""UNABLE TO EXAMINE""},{""value"":""-3.0"",""label"":""NOT STATED""},{""value"":""-2.0"",""label"":""NOT KNOWN""},{""value"":""-1.0"",""label"":""NOT APPLICABLE""},{""value"":""0.0"",""label"":""NO""},{""value"":""1.0"",""label"":""YES, FULL-TIME""},{""value"":""2.0"",""label"":""PART-TIME""}]"
103,b0105,CHILD CARED FOR BY CHILD MINDER,numeric,ORDINAL,NA,"[{""value"":""-3.0"",""label"":""NOT STATED""},{""value"":""-2.0"",""label"":""NOT KNOWN""},{""value"":""0.0"",""label"":""NO""},{""value"":""1.0"",""label"":""YES, FULL-TIME""},{""value"":""2.0"",""label"":""NO, FULL-TIME""}]"
104,b0106,CARED FOR F - T RESIDENTIAL NURSERY?,numeric,ORDINAL,NA,"[{""value"":""-6.0"",""label"":""UNABLE TO EXAMINE""},{""value"":""-3.0"",""label"":""NOT STATED""},{""value"":""-2.0"",""label"":""NOT KNOWN""},{""value"":""-1.0"",""label"":""NOT APPLICABLE""},{""value"":""0.0"",""label"":""NO""},{""value"":""1.0"",""label"":""YES, FULL-TIME""},{""value"":""2.0"",""label"":""PART-TIME""}]"
105,b0107,CHILD CARED FOR AT HOME,numeric,ORDINAL,NA,"[{""value"":""-3.0"",""label"":""NOT STATED""},{""value"":""-2.0"",""label"":""NOT KNOWN""},{""value"":""0.0"",""label"":""NO""},{""value"":""1.0"",""label"":""YES, FULL-TIME""},{""value"":""2.0"",""label"":""NO, FULL-TIME""}]"
106,b0108,CARED FOR FULL TIME ELSEWHERE ?,numeric,ORDINAL,NA,"[{""value"":""-6.0"",""label"":""UNABLE TO EXAMINE""},{""value"":""-3.0"",""label"":""NOT STATED""},{""value"":""-2.0"",""label"":""NOT KNOWN""},{""value"":""-1.0"",""label"":""NOT APPLICABLE""},{""value"":""0.0"",""label"":""NO""},{""value"":""1.0"",""label"":""YES, FULL-TIME""},{""value"":""2.0"",""label"":""PART-TIME""}]"
107,b0109,IF CARED FOR F-T ELSEWHERE CODE WHERE,numeric,ORDINAL,NA,"[{""value"":""-6.0"",""label"":""UNABLE TO EXAMINE""},{""value"":""-3.0"",""label"":""NOT STATED""},{""value"":""-2.0"",""label"":""NOT KNOWN""},{""value"":""-1.0"",""label"":""NOT APPLICABLE""},{""value"":""10.0"",""label"":""GRANDPARENT'S HOME""},{""value"":""11.0"",""label"":""OTHER RELATIVE'S HOM""},{""value"":""12.0"",""label"":""NEIGHBOUR'S HOME""},{""value"":""13.0"",""label"":""FRIEND'S HOME""},{""value"":""14.0"",""label"":""FOSTER PARENT'S HOME""},{""value"":""15.0"",""label"":""OWN HOME BY GRANDPAR""},{""value"":""16.0"",""label"":""HOSPITAL CRECHE""},{""value"":""17.0"",""label"":""CARED HOME P.T. C.M""}]"
108,b0116,IF CARED FOR P-T ELSEWHERE CODE WHERE 1,numeric,ORDINAL,NA,"[{""value"":""-6.0"",""label"":""UNABLE TO EXAMINE""},{""value"":""-3.0"",""label"":""NOT STATED""},{""value"":""-2.0"",""label"":""NOT KNOWN""},{""value"":""-1.0"",""label"":""NOT APPLICABLE""},{""value"":""10.0"",""label"":""GRANDPARENT'S HOME""},{""value"":""11.0"",""label"":""OTHER RELATIVE'S HOM""},{""value"":""12.0"",""label"":""NEIGHBOUR'S HOME""},{""value"":""13.0"",""label"":""FRIEND'S HOME""},{""value"":""14.0"",""label"":""FOSTER PARENT'S HOME""},{""value"":""15.0"",""label"":""OWN HOME BY GRANDPAR""},{""value"":""16.0"",""label"":""HOSPITAL CRECHE""},{""value"":""17.0"",""label"":""CARED HOME P.T. C.M""}]"
109,b0118,WAS CHILD BORN IN HOSPITAL ?,numeric,ORDINAL,NA,"[{""value"":""-6.0"",""label"":""UNABLE TO EXAMINE""},{""value"":""-3.0"",""label"":""NOT STATED""},{""value"":""-2.0"",""label"":""NOT KNOWN""},{""value"":""-1.0"",""label"":""NOT APPLICABLE""},{""value"":""1.0"",""label"":""YES""},{""value"":""2.0"",""label"":""NO""}]"
110,b0119,LENGTH OF STAY - MOTHER (DAYS),numeric,ORDINAL,NA,"[{""value"":""-6.0"",""label"":""UNABLE TO EXAMINE""},{""value"":""-3.0"",""label"":""NOT STATED""},{""value"":""-2.0"",""label"":""NOT KNOWN""},{""value"":""-1.0"",""label"":""NOT APPLICABLE""}]"
111,b0120,LENGTH OF STAY - BABY (DAYS),numeric,ORDINAL,NA,"[{""value"":""-6.0"",""label"":""UNABLE TO EXAMINE""},{""value"":""-3.0"",""label"":""NOT STATED""},{""value"":""-2.0"",""label"":""NOT KNOWN""},{""value"":""-1.0"",""label"":""NOT APPLICABLE""}]"
112,b0121,REASON1 FOR STAYING IN HOSPITAL,numeric,ORDINAL,NA,"[{""value"":""-6.0"",""label"":""UNABLE TO EXAMINE""},{""value"":""-3.0"",""label"":""NOT STATED""},{""value"":""-2.0"",""label"":""NOT KNOWN""},{""value"":""-1.0"",""label"":""NOT APPLICABLE""},{""value"":""10.0"",""label"":""DYSMATURE L.B-WEIGHT""},{""value"":""11.0"",""label"":""PREMATURE L.B-WEIGHT""},{""value"":""12.0"",""label"":""BREATH.DIFF. (BABY)""},{""value"":""13.0"",""label"":""MOTHER STERILISATION""},{""value"":""14.0"",""label"":""MOTHER TOX. PRE+POST""},{""value"":""15.0"",""label"":""MOTHER CAES. SECTION""},{""value"":""16.0"",""label"":""WEIGHT LOSS (BABY)""},{""value"":""17.0"",""label"":""?CEREB. HAEM.(BABY)""},{""value"":""18.0"",""label"":""CALCIUM DEFNT.(BABY)""},{""value"":""19.0"",""label"":""MOTHER FOODPOISONING""},{""value"":""20.0"",""label"":""PRE-NAT.FOR INDUCT.""},{""value"":""21.0"",""label"":""TWIN1/2 PREM/L.B.WT.""},{""value"":""22.0"",""label"":""NEONATAL ASPHYXIA""},{""value"":""23.0"",""label"":""FOETAL DISTRESS""},{""value"":""24.0"",""label"":""ANAEMIA (BABY)""},{""value"":""25.0"",""label"":""ANAEMIA (MATERNAL)""},{""value"":""26.0"",""label"":""CYANOTIC ATK.BLUE BA""},{""value"":""27.0"",""label"":""JAUNDICE (BABY)""},{""value"":""28.0"",""label"":""CLEFT LIP SURGERY""},{""value"":""29.0"",""label"":""COT NURS.HI.FCP.DEL.""},{""value"":""30.0"",""label"":""MOTHER HIGH B.P.""},{""value"":""31.0"",""label"":""BABY EYE INFECTION""},{""value"":""32.0"",""label"":""AD.SPEC.NUR/B.CARE U""},{""value"":""33.0"",""label"":""SPINA BIFIDA BABY""},{""value"":""34.0"",""label"":""MOTHER P.N.PETIT MAL""},{""value"":""35.0"",""label"":""B. TRANSFUSION BABY""},{""value"":""36.0"",""label"":""B.TRANSFUSION MOTHER""},{""value"":""37.0"",""label"":""LOW B.GLUCOSE BABY""},{""value"":""38.0"",""label"":""LONG B.CLOT.TIME BAB""},{""value"":""39.0"",""label"":""VOMIT.+DIARRHOEA BAB""},{""value"":""40.0"",""label"":""SORE BUTTOCKS (BABY)""},{""value"":""41.0"",""label"":""TWITCHING ATTACKS B""},{""value"":""42.0"",""label"":""MOTHER LUMP BREAST""},{""value"":""43.0"",""label"":""FEEDING DIFFICULT.B""},{""value"":""44.0"",""label"":""MA FALL.OESTRIOL LEV""},{""value"":""45.0"",""label"":""MANU.EXTRACT.PLACENT""},{""value"":""46.0"",""label"":""MA HOME OTH CHILDREN""},{""value"":""47.0"",""label"":""INC.CRAN.PRE.BAS.CIS""},{""value"":""48.0"",""label"":""BABY IN INCUBATOR""},{""value"":""49.0"",""label"":""TWIN 1 OR 2 STILLBN.""},{""value"":""50.0"",""label"":""LOOSE STOOLS""},{""value"":""51.0"",""label"":""MUCOVISCIDOSIS""},{""value"":""52.0"",""label"":""SLOW DEVELOPMENT""},{""value"":""53.0"",""label"":""CORD NOT SEPARATED""},{""value"":""54.0"",""label"":""PUERPERAL DEPRESSION""},{""value"":""55.0"",""label"":""CEREBRAL IRRITATION""},{""value"":""56.0"",""label"":""MA THROAT +OR UR.INF""},{""value"":""57.0"",""label"":""STRIDOR CONG.ANM.LAR""},{""value"":""58.0"",""label"":""CHILD MICROCEPHALIC""},{""value"":""59.0"",""label"":""SOCIAL REASONS""},{""value"":""60.0"",""label"":""ANTE-PARTUM HAEMORR.""},{""value"":""61.0"",""label"":""POST-PARTUM HAEMORR.""},{""value"":""62.0"",""label"":""CERVICAL TEAR""},{""value"":""63.0"",""label"":""INVES.BABY BLUE FEET""},{""value"":""64.0"",""label"":""CYSTIC HAEGLOMA""},{""value"":""65.0"",""label"":""BABY RHESUS (NEG)""},{""value"":""67.0"",""label"":""SUSPECT.HYDROCEPH.BA""},{""value"":""68.0"",""label"":""TRANSFERRED OTH.HOSP""},{""value"":""69.0"",""label"":""SUSPECT.HEART COND.""},{""value"":""70.0"",""label"":""B.OESOPHEGAL ATRESIA""},{""value"":""71.0"",""label"":""MATERNAL D + C""},{""value"":""72.0"",""label"":""BABY HAD A COLD""},{""value"":""73.0"",""label"":""POOR CONDITION BABY""},{""value"":""74.0"",""label"":""PYELITIS (BABY)""},{""value"":""75.0"",""label"":""MA VOMITING I.V.DRIP""},{""value"":""76.0"",""label"":""REJECTION BY NAT.MA""},{""value"":""78.0"",""label"":""HAEMATEMESIS OF BABY""},{""value"":""79.0"",""label"":""UNDERWEIGHT NOT PREM""},{""value"":""80.0"",""label"":""BABY TO ATTAIN B.WT.""},{""value"":""81.0"",""label"":""URINARY INF.BABY""},{""value"":""82.0"",""label"":""SPONT.PNEUMOTHORAX B""},{""value"":""83.0"",""label"":""GASTRO-ENTERITIS BAB""},{""value"":""84.0"",""label"":""BABY HYPOGLYCAEMIC""},{""value"":""85.0"",""label"":""RH.INCOM.+BAB.TRANS.""},{""value"":""86.0"",""label"":""MOTHER RHESUS NEG.""},{""value"":""87.0"",""label"":""DEHYDRATED""},{""value"":""89.0"",""label"":""HOLE IN HEART""},{""value"":""90.0"",""label"":""BABY KEPT IN OBSERV.""},{""value"":""91.0"",""label"":""AXILLARY SWELLING""}]"
113,b0122,REASON2 FOR STAYING IN HOSPITAL,numeric,ORDINAL,NA,"[{""value"":""-6.0"",""label"":""UNABLE TO EXAMINE""},{""value"":""-3.0"",""label"":""NOT STATED""},{""value"":""-2.0"",""label"":""NOT KNOWN""},{""value"":""-1.0"",""label"":""NOT APPLICABLE""},{""value"":""10.0"",""label"":""DYSMATURE L.B-WEIGHT""},{""value"":""11.0"",""label"":""PREMATURE L.B-WEIGHT""},{""value"":""12.0"",""label"":""BREATH.DIFF. (BABY)""},{""value"":""13.0"",""label"":""MOTHER STERILISATION""},{""value"":""14.0"",""label"":""MOTHER TOX. PRE+POST""},{""value"":""15.0"",""label"":""MOTHER CAES. SECTION""},{""value"":""16.0"",""label"":""WEIGHT LOSS (BABY)""},{""value"":""17.0"",""label"":""?CEREB. HAEM.(BABY)""},{""value"":""18.0"",""label"":""CALCIUM DEFNT.(BABY)""},{""value"":""19.0"",""label"":""MOTHER FOODPOISONING""},{""value"":""20.0"",""label"":""PRE-NAT.FOR INDUCT.""},{""value"":""21.0"",""label"":""TWIN1/2 PREM/L.B.WT.""},{""value"":""22.0"",""label"":""NEONATAL ASPHYXIA""},{""value"":""23.0"",""label"":""FOETAL DISTRESS""},{""value"":""24.0"",""label"":""ANAEMIA (BABY)""},{""value"":""25.0"",""label"":""ANAEMIA (MATERNAL)""},{""value"":""26.0"",""label"":""CYANOTIC ATK.BLUE BA""},{""value"":""27.0"",""label"":""JAUNDICE (BABY)""},{""value"":""28.0"",""label"":""CLEFT LIP SURGERY""},{""value"":""29.0"",""label"":""COT NURS.HI.FCP.DEL.""},{""value"":""30.0"",""label"":""MOTHER HIGH B.P.""},{""value"":""31.0"",""label"":""BABY EYE INFECTION""},{""value"":""32.0"",""label"":""AD.SPEC.NUR/B.CARE U""},{""value"":""33.0"",""label"":""SPINA BIFIDA BABY""},{""value"":""34.0"",""label"":""MOTHER P.N.PETIT MAL""},{""value"":""35.0"",""label"":""B. TRANSFUSION BABY""},{""value"":""36.0"",""label"":""B.TRANSFUSION MOTHER""},{""value"":""37.0"",""label"":""LOW B.GLUCOSE BABY""},{""value"":""38.0"",""label"":""LONG B.CLOT.TIME BAB""},{""value"":""39.0"",""label"":""VOMIT.+DIARRHOEA BAB""},{""value"":""40.0"",""label"":""SORE BUTTOCKS (BABY)""},{""value"":""41.0"",""label"":""TWITCHING ATTACKS B""},{""value"":""42.0"",""label"":""MOTHER LUMP BREAST""},{""value"":""43.0"",""label"":""FEEDING DIFFICULT.B""},{""value"":""44.0"",""label"":""MA FALL.OESTRIOL LEV""},{""value"":""45.0"",""label"":""MANU.EXTRACT.PLACENT""},{""value"":""46.0"",""label"":""MA HOME OTH CHILDREN""},{""value"":""47.0"",""label"":""INC.CRAN.PRE.BAS.CIS""},{""value"":""48.0"",""label"":""BABY IN INCUBATOR""},{""value"":""49.0"",""label"":""TWIN 1 OR 2 STILLBN.""},{""value"":""50.0"",""label"":""LOOSE STOOLS""},{""value"":""51.0"",""label"":""MUCOVISCIDOSIS""},{""value"":""52.0"",""label"":""SLOW DEVELOPMENT""},{""value"":""53.0"",""label"":""CORD NOT SEPARATED""},{""value"":""54.0"",""label"":""PUERPERAL DEPRESSION""},{""value"":""55.0"",""label"":""CEREBRAL IRRITATION""},{""value"":""56.0"",""label"":""MA THROAT +OR UR.INF""},{""value"":""57.0"",""label"":""STRIDOR CONG.ANM.LAR""},{""value"":""58.0"",""label"":""CHILD MICROCEPHALIC""},{""value"":""59.0"",""label"":""SOCIAL REASONS""},{""value"":""60.0"",""label"":""ANTE-PARTUM HAEMORR.""},{""value"":""61.0"",""label"":""POST-PARTUM HAEMORR.""},{""value"":""62.0"",""label"":""CERVICAL TEAR""},{""value"":""63.0"",""label"":""INVES.BABY BLUE FEET""},{""value"":""64.0"",""label"":""CYSTIC HAEGLOMA""},{""value"":""65.0"",""label"":""BABY RHESUS (NEG)""},{""value"":""67.0"",""label"":""SUSPECT.HYDROCEPH.BA""},{""value"":""68.0"",""label"":""TRANSFERRED OTH.HOSP""},{""value"":""69.0"",""label"":""SUSPECT.HEART COND.""},{""value"":""70.0"",""label"":""B.OESOPHEGAL ATRESIA""},{""value"":""71.0"",""label"":""MATERNAL D + C""},{""value"":""72.0"",""label"":""BABY HAD A COLD""},{""value"":""73.0"",""label"":""POOR CONDITION BABY""},{""value"":""74.0"",""label"":""PYELITIS (BABY)""},{""value"":""75.0"",""label"":""MA VOMITING I.V.DRIP""},{""value"":""76.0"",""label"":""REJECTION BY NAT.MA""},{""value"":""78.0"",""label"":""HAEMATEMESIS OF BABY""},{""value"":""79.0"",""label"":""UNDERWEIGHT NOT PREM""},{""value"":""80.0"",""label"":""BABY TO ATTAIN B.WT.""},{""value"":""81.0"",""label"":""URINARY INF.BABY""},{""value"":""82.0"",""label"":""SPONT.PNEUMOTHORAX B""},{""value"":""83.0"",""label"":""GASTRO-ENTERITIS BAB""},{""value"":""84.0"",""label"":""BABY HYPOGLYCAEMIC""},{""value"":""85.0"",""label"":""RH.INCOM.+BAB.TRANS.""},{""value"":""86.0"",""label"":""MOTHER RHESUS NEG.""},{""value"":""87.0"",""label"":""DEHYDRATED""},{""value"":""89.0"",""label"":""HOLE IN HEART""},{""value"":""90.0"",""label"":""BABY KEPT IN OBSERV.""},{""value"":""91.0"",""label"":""AXILLARY SWELLING""}]"
114,b0123,REASON3 FOR STAYING IN HOSPITAL,numeric,ORDINAL,NA,"[{""value"":""-6.0"",""label"":""UNABLE TO EXAMINE""},{""value"":""-3.0"",""label"":""NOT STATED""},{""value"":""-2.0"",""label"":""NOT KNOWN""},{""value"":""-1.0"",""label"":""NOT APPLICABLE""},{""value"":""10.0"",""label"":""DYSMATURE L.B-WEIGHT""},{""value"":""11.0"",""label"":""PREMATURE L.B-WEIGHT""},{""value"":""12.0"",""label"":""BREATH.DIFF. (BABY)""},{""value"":""13.0"",""label"":""MOTHER STERILISATION""},{""value"":""14.0"",""label"":""MOTHER TOX. PRE+POST""},{""value"":""15.0"",""label"":""MOTHER CAES. SECTION""},{""value"":""16.0"",""label"":""WEIGHT LOSS (BABY)""},{""value"":""17.0"",""label"":""?CEREB. HAEM.(BABY)""},{""value"":""18.0"",""label"":""CALCIUM DEFNT.(BABY)""},{""value"":""19.0"",""label"":""MOTHER FOODPOISONING""},{""value"":""20.0"",""label"":""PRE-NAT.FOR INDUCT.""},{""value"":""21.0"",""label"":""TWIN1/2 PREM/L.B.WT.""},{""value"":""22.0"",""label"":""NEONATAL ASPHYXIA""},{""value"":""23.0"",""label"":""FOETAL DISTRESS""},{""value"":""24.0"",""label"":""ANAEMIA (BABY)""},{""value"":""25.0"",""label"":""ANAEMIA (MATERNAL)""},{""value"":""26.0"",""label"":""CYANOTIC ATK.BLUE BA""},{""value"":""27.0"",""label"":""JAUNDICE (BABY)""},{""value"":""28.0"",""label"":""CLEFT LIP SURGERY""},{""value"":""29.0"",""label"":""COT NURS.HI.FCP.DEL.""},{""value"":""30.0"",""label"":""MOTHER HIGH B.P.""},{""value"":""31.0"",""label"":""BABY EYE INFECTION""},{""value"":""32.0"",""label"":""AD.SPEC.NUR/B.CARE U""},{""value"":""33.0"",""label"":""SPINA BIFIDA BABY""},{""value"":""34.0"",""label"":""MOTHER P.N.PETIT MAL""},{""value"":""35.0"",""label"":""B. TRANSFUSION BABY""},{""value"":""36.0"",""label"":""B.TRANSFUSION MOTHER""},{""value"":""37.0"",""label"":""LOW B.GLUCOSE BABY""},{""value"":""38.0"",""label"":""LONG B.CLOT.TIME BAB""},{""value"":""39.0"",""label"":""VOMIT.+DIARRHOEA BAB""},{""value"":""40.0"",""label"":""SORE BUTTOCKS (BABY)""},{""value"":""41.0"",""label"":""TWITCHING ATTACKS B""},{""value"":""42.0"",""label"":""MOTHER LUMP BREAST""},{""value"":""43.0"",""label"":""FEEDING DIFFICULT.B""},{""value"":""44.0"",""label"":""MA FALL.OESTRIOL LEV""},{""value"":""45.0"",""label"":""MANU.EXTRACT.PLACENT""},{""value"":""46.0"",""label"":""MA HOME OTH CHILDREN""},{""value"":""47.0"",""label"":""INC.CRAN.PRE.BAS.CIS""},{""value"":""48.0"",""label"":""BABY IN INCUBATOR""},{""value"":""49.0"",""label"":""TWIN 1 OR 2 STILLBN.""},{""value"":""50.0"",""label"":""LOOSE STOOLS""},{""value"":""51.0"",""label"":""MUCOVISCIDOSIS""},{""value"":""52.0"",""label"":""SLOW DEVELOPMENT""},{""value"":""53.0"",""label"":""CORD NOT SEPARATED""},{""value"":""54.0"",""label"":""PUERPERAL DEPRESSION""},{""value"":""55.0"",""label"":""CEREBRAL IRRITATION""},{""value"":""56.0"",""label"":""MA THROAT +OR UR.INF""},{""value"":""57.0"",""label"":""STRIDOR CONG.ANM.LAR""},{""value"":""58.0"",""label"":""CHILD MICROCEPHALIC""},{""value"":""59.0"",""label"":""SOCIAL REASONS""},{""value"":""60.0"",""label"":""ANTE-PARTUM HAEMORR.""},{""value"":""61.0"",""label"":""POST-PARTUM HAEMORR.""},{""value"":""62.0"",""label"":""CERVICAL TEAR""},{""value"":""63.0"",""label"":""INVES.BABY BLUE FEET""},{""value"":""64.0"",""label"":""CYSTIC HAEGLOMA""},{""value"":""65.0"",""label"":""BABY RHESUS (NEG)""},{""value"":""67.0"",""label"":""SUSPECT.HYDROCEPH.BA""},{""value"":""68.0"",""label"":""TRANSFERRED OTH.HOSP""},{""value"":""69.0"",""label"":""SUSPECT.HEART COND.""},{""value"":""70.0"",""label"":""B.OESOPHEGAL ATRESIA""},{""value"":""71.0"",""label"":""MATERNAL D + C""},{""value"":""72.0"",""label"":""BABY HAD A COLD""},{""value"":""73.0"",""label"":""POOR CONDITION BABY""},{""value"":""74.0"",""label"":""PYELITIS (BABY)""},{""value"":""75.0"",""label"":""MA VOMITING I.V.DRIP""},{""value"":""76.0"",""label"":""REJECTION BY NAT.MA""},{""value"":""78.0"",""label"":""HAEMATEMESIS OF BABY""},{""value"":""79.0"",""label"":""UNDERWEIGHT NOT PREM""},{""value"":""80.0"",""label"":""BABY TO ATTAIN B.WT.""},{""value"":""81.0"",""label"":""URINARY INF.BABY""},{""value"":""82.0"",""label"":""SPONT.PNEUMOTHORAX B""},{""value"":""83.0"",""label"":""GASTRO-ENTERITIS BAB""},{""value"":""84.0"",""label"":""BABY HYPOGLYCAEMIC""},{""value"":""85.0"",""label"":""RH.INCOM.+BAB.TRANS.""},{""value"":""86.0"",""label"":""MOTHER RHESUS NEG.""},{""value"":""87.0"",""label"":""DEHYDRATED""},{""value"":""89.0"",""label"":""HOLE IN HEART""},{""value"":""90.0"",""label"":""BABY KEPT IN OBSERV.""},{""value"":""91.0"",""label"":""AXILLARY SWELLING""}]"
115,b0124,REASON4 FOR STAYING IN HOSPITAL,numeric,ORDINAL,NA,"[{""value"":""-6.0"",""label"":""UNABLE TO EXAMINE""},{""value"":""-3.0"",""label"":""NOT STATED""},{""value"":""-2.0"",""label"":""NOT KNOWN""},{""value"":""-1.0"",""label"":""NOT APPLICABLE""},{""value"":""10.0"",""label"":""DYSMATURE L.B-WEIGHT""},{""value"":""11.0"",""label"":""PREMATURE L.B-WEIGHT""},{""value"":""12.0"",""label"":""BREATH.DIFF. (BABY)""},{""value"":""13.0"",""label"":""MOTHER STERILISATION""},{""value"":""14.0"",""label"":""MOTHER TOX. PRE+POST""},{""value"":""15.0"",""label"":""MOTHER CAES. SECTION""},{""value"":""16.0"",""label"":""WEIGHT LOSS (BABY)""},{""value"":""17.0"",""label"":""?CEREB. HAEM.(BABY)""},{""value"":""18.0"",""label"":""CALCIUM DEFNT.(BABY)""},{""value"":""19.0"",""label"":""MOTHER FOODPOISONING""},{""value"":""20.0"",""label"":""PRE-NAT.FOR INDUCT.""},{""value"":""21.0"",""label"":""TWIN1/2 PREM/L.B.WT.""},{""value"":""22.0"",""label"":""NEONATAL ASPHYXIA""},{""value"":""23.0"",""label"":""FOETAL DISTRESS""},{""value"":""24.0"",""label"":""ANAEMIA (BABY)""},{""value"":""25.0"",""label"":""ANAEMIA (MATERNAL)""},{""value"":""26.0"",""label"":""CYANOTIC ATK.BLUE BA""},{""value"":""27.0"",""label"":""JAUNDICE (BABY)""},{""value"":""28.0"",""label"":""CLEFT LIP SURGERY""},{""value"":""29.0"",""label"":""COT NURS.HI.FCP.DEL.""},{""value"":""30.0"",""label"":""MOTHER HIGH B.P.""},{""value"":""31.0"",""label"":""BABY EYE INFECTION""},{""value"":""32.0"",""label"":""AD.SPEC.NUR/B.CARE U""},{""value"":""33.0"",""label"":""SPINA BIFIDA BABY""},{""value"":""34.0"",""label"":""MOTHER P.N.PETIT MAL""},{""value"":""35.0"",""label"":""B. TRANSFUSION BABY""},{""value"":""36.0"",""label"":""B.TRANSFUSION MOTHER""},{""value"":""37.0"",""label"":""LOW B.GLUCOSE BABY""},{""value"":""38.0"",""label"":""LONG B.CLOT.TIME BAB""},{""value"":""39.0"",""label"":""VOMIT.+DIARRHOEA BAB""},{""value"":""40.0"",""label"":""SORE BUTTOCKS (BABY)""},{""value"":""41.0"",""label"":""TWITCHING ATTACKS B""},{""value"":""42.0"",""label"":""MOTHER LUMP BREAST""},{""value"":""43.0"",""label"":""FEEDING DIFFICULT.B""},{""value"":""44.0"",""label"":""MA FALL.OESTRIOL LEV""},{""value"":""45.0"",""label"":""MANU.EXTRACT.PLACENT""},{""value"":""46.0"",""label"":""MA HOME OTH CHILDREN""},{""value"":""47.0"",""label"":""INC.CRAN.PRE.BAS.CIS""},{""value"":""48.0"",""label"":""BABY IN INCUBATOR""},{""value"":""49.0"",""label"":""TWIN 1 OR 2 STILLBN.""},{""value"":""50.0"",""label"":""LOOSE STOOLS""},{""value"":""51.0"",""label"":""MUCOVISCIDOSIS""},{""value"":""52.0"",""label"":""SLOW DEVELOPMENT""},{""value"":""53.0"",""label"":""CORD NOT SEPARATED""},{""value"":""54.0"",""label"":""PUERPERAL DEPRESSION""},{""value"":""55.0"",""label"":""CEREBRAL IRRITATION""},{""value"":""56.0"",""label"":""MA THROAT +OR UR.INF""},{""value"":""57.0"",""label"":""STRIDOR CONG.ANM.LAR""},{""value"":""58.0"",""label"":""CHILD MICROCEPHALIC""},{""value"":""59.0"",""label"":""SOCIAL REASONS""},{""value"":""60.0"",""label"":""ANTE-PARTUM HAEMORR.""},{""value"":""61.0"",""label"":""POST-PARTUM HAEMORR.""},{""value"":""62.0"",""label"":""CERVICAL TEAR""},{""value"":""63.0"",""label"":""INVES.BABY BLUE FEET""},{""value"":""64.0"",""label"":""CYSTIC HAEGLOMA""},{""value"":""65.0"",""label"":""BABY RHESUS (NEG)""},{""value"":""67.0"",""label"":""SUSPECT.HYDROCEPH.BA""},{""value"":""68.0"",""label"":""TRANSFERRED OTH.HOSP""},{""value"":""69.0"",""label"":""SUSPECT.HEART COND.""},{""value"":""70.0"",""label"":""B.OESOPHEGAL ATRESIA""},{""value"":""71.0"",""label"":""MATERNAL D + C""},{""value"":""72.0"",""label"":""BABY HAD A COLD""},{""value"":""73.0"",""label"":""POOR CONDITION BABY""},{""value"":""74.0"",""label"":""PYELITIS (BABY)""},{""value"":""75.0"",""label"":""MA VOMITING I.V.DRIP""},{""value"":""76.0"",""label"":""REJECTION BY NAT.MA""},{""value"":""78.0"",""label"":""HAEMATEMESIS OF BABY""},{""value"":""79.0"",""label"":""UNDERWEIGHT NOT PREM""},{""value"":""80.0"",""label"":""BABY TO ATTAIN B.WT.""},{""value"":""81.0"",""label"":""URINARY INF.BABY""},{""value"":""82.0"",""label"":""SPONT.PNEUMOTHORAX B""},{""value"":""83.0"",""label"":""GASTRO-ENTERITIS BAB""},{""value"":""84.0"",""label"":""BABY HYPOGLYCAEMIC""},{""value"":""85.0"",""label"":""RH.INCOM.+BAB.TRANS.""},{""value"":""86.0"",""label"":""MOTHER RHESUS NEG.""},{""value"":""87.0"",""label"":""DEHYDRATED""},{""value"":""89.0"",""label"":""HOLE IN HEART""},{""value"":""90.0"",""label"":""BABY KEPT IN OBSERV.""},{""value"":""91.0"",""label"":""AXILLARY SWELLING""}]"
116,b0127,ANY FITS OR CONVULSIONS SINCE BIRTH ?,numeric,ORDINAL,NA,"[{""value"":""-6.0"",""label"":""UNABLE TO EXAMINE""},{""value"":""-3.0"",""label"":""NOT STATED""},{""value"":""-2.0"",""label"":""NOT KNOWN""},{""value"":""-1.0"",""label"":""NOT APPLICABLE""},{""value"":""1.0"",""label"":""YES""},{""value"":""2.0"",""label"":""NO""}]"
117,b0128,"IF YES, HOW OFTEN (CODE FOR NUMBER)",numeric,ORDINAL,NA,"[{""value"":""-6.0"",""label"":""UNABLE TO EXAMINE""},{""value"":""-3.0"",""label"":""NOT STATED""},{""value"":""-2.0"",""label"":""NOT KNOWN""},{""value"":""-1.0"",""label"":""NOT APPLICABLE""},{""value"":""55.0"",""label"":""NUMEROUS""}]"
118,b0130,DATE OF FIRST FIT/CONVULSION (MONTH),numeric,ORDINAL,NA,"[{""value"":""-6.0"",""label"":""UNABLE TO EXAMINE""},{""value"":""-3.0"",""label"":""NOT STATED""},{""value"":""-2.0"",""label"":""NOT KNOWN""},{""value"":""-1.0"",""label"":""NOT APPLICABLE""}]"
119,b0131,DATE OF FIRST FIT/CONVULSION (YEAR),numeric,ORDINAL,NA,"[{""value"":""-6.0"",""label"":""UNABLE TO EXAMINE""},{""value"":""-3.0"",""label"":""NOT STATED""},{""value"":""-2.0"",""label"":""NOT KNOWN""},{""value"":""-1.0"",""label"":""NOT APPLICABLE""}]"
120,b0133,DATE OF LAST FIT/CONVULSION (MONTH),numeric,ORDINAL,NA,"[{""value"":""-6.0"",""label"":""UNABLE TO EXAMINE""},{""value"":""-3.0"",""label"":""NOT STATED""},{""value"":""-2.0"",""label"":""NOT KNOWN""},{""value"":""-1.0"",""label"":""NOT APPLICABLE""}]"
121,b0134,DATE OF LAST FIT/CONVULSION (YEAR),numeric,ORDINAL,NA,"[{""value"":""-6.0"",""label"":""UNABLE TO EXAMINE""},{""value"":""-3.0"",""label"":""NOT STATED""},{""value"":""-2.0"",""label"":""NOT KNOWN""},{""value"":""-1.0"",""label"":""NOT APPLICABLE""}]"
122,b0135,FIRST CAUSE OF FITS/CONVULSIONS,numeric,ORDINAL,NA,"[{""value"":""-6.0"",""label"":""UNABLE TO EXAMINE""},{""value"":""-3.0"",""label"":""NOT STATED""},{""value"":""-2.0"",""label"":""NOT KNOWN""},{""value"":""-1.0"",""label"":""NOT APPLICABLE""},{""value"":""10.0"",""label"":""UPPER RESPIRATORY IN""},{""value"":""11.0"",""label"":""OTITIS MEDIA""},{""value"":""12.0"",""label"":""TEETHING""},{""value"":""13.0"",""label"":""IMMUNISATION REACT.""},{""value"":""14.0"",""label"":""FALL""},{""value"":""15.0"",""label"":""HEAD INJURY""},{""value"":""16.0"",""label"":""CALCIUM DEFICIENCY""},{""value"":""18.0"",""label"":""BREATH-HOLDING""},{""value"":""19.0"",""label"":""BRONCHITIS""},{""value"":""20.0"",""label"":""TONSILITIS""},{""value"":""21.0"",""label"":""EPILEPSY""},{""value"":""22.0"",""label"":""CONVULSION""},{""value"":""23.0"",""label"":""CEREBRAL HAEMORRHAGE""},{""value"":""24.0"",""label"":""URINARY INFECTION""},{""value"":""25.0"",""label"":""MENINGITIS""},{""value"":""26.0"",""label"":""FOOD STUCK IN THROAT""},{""value"":""27.0"",""label"":""TWITCHING 1ST W.LIFE""},{""value"":""28.0"",""label"":""CYANOSIS""},{""value"":""29.0"",""label"":""GASTRO-ENTERITIS""},{""value"":""30.0"",""label"":""ACUTE SALMONELLA INF""},{""value"":""31.0"",""label"":""DRUG O.D. ACCIDENTAL""},{""value"":""32.0"",""label"":""INFLUENZA""},{""value"":""33.0"",""label"":""SUB-DURAL HAEMATOMA""},{""value"":""34.0"",""label"":""PYRX/HI T/FEV/HYPRTH""},{""value"":""35.0"",""label"":""TEMPER TANTRUMS""},{""value"":""36.0"",""label"":""COLIC""},{""value"":""37.0"",""label"":""WHOOPING COUGH""},{""value"":""38.0"",""label"":""PRIM. CEREB. AGENES.""},{""value"":""39.0"",""label"":""DEHYDRATION""},{""value"":""40.0"",""label"":""CHEST INFECTION""},{""value"":""41.0"",""label"":""SEPTACAEMIA""}]"
123,b0136,SECOND CAUSE OF FITS/CONVULSIONS,numeric,ORDINAL,NA,"[{""value"":""-6.0"",""label"":""UNABLE TO EXAMINE""},{""value"":""-3.0"",""label"":""NOT STATED""},{""value"":""-2.0"",""label"":""NOT KNOWN""},{""value"":""-1.0"",""label"":""NOT APPLICABLE""},{""value"":""10.0"",""label"":""UPPER RESPIRATORY IN""},{""value"":""11.0"",""label"":""OTITIS MEDIA""},{""value"":""12.0"",""label"":""TEETHING""},{""value"":""13.0"",""label"":""IMMUNISATION REACT.""},{""value"":""14.0"",""label"":""FALL""},{""value"":""15.0"",""label"":""HEAD INJURY""},{""value"":""16.0"",""label"":""CALCIUM DEFICIENCY""},{""value"":""18.0"",""label"":""BREATH-HOLDING""},{""value"":""19.0"",""label"":""BRONCHITIS""},{""value"":""20.0"",""label"":""TONSILITIS""},{""value"":""21.0"",""label"":""EPILEPSY""},{""value"":""22.0"",""label"":""CONVULSION""},{""value"":""23.0"",""label"":""CEREBRAL HAEMORRHAGE""},{""value"":""24.0"",""label"":""URINARY INFECTION""},{""value"":""25.0"",""label"":""MENINGITIS""},{""value"":""26.0"",""label"":""FOOD STUCK IN THROAT""},{""value"":""27.0"",""label"":""TWITCHING 1ST W.LIFE""},{""value"":""28.0"",""label"":""CYANOSIS""},{""value"":""29.0"",""label"":""GASTRO-ENTERITIS""},{""value"":""30.0"",""label"":""ACUTE SALMONELLA INF""},{""value"":""31.0"",""label"":""DRUG O.D. ACCIDENTAL""},{""value"":""32.0"",""label"":""INFLUENZA""},{""value"":""33.0"",""label"":""SUB-DURAL HAEMATOMA""},{""value"":""34.0"",""label"":""PYRX/HI T/FEV/HYPRTH""},{""value"":""35.0"",""label"":""TEMPER TANTRUMS""},{""value"":""36.0"",""label"":""COLIC""},{""value"":""37.0"",""label"":""WHOOPING COUGH""},{""value"":""38.0"",""label"":""CEREBRAL AGENESIS""},{""value"":""39.0"",""label"":""DEHYDRATION""},{""value"":""40.0"",""label"":""CHEST INFECTION""},{""value"":""41.0"",""label"":""SEPTACAEMIA""}]"
124,b0137,THIRD CAUSE OF FITS/CONVULSIONS,numeric,ORDINAL,NA,"[{""value"":""-6.0"",""label"":""UNABLE TO EXAMINE""},{""value"":""-3.0"",""label"":""NOT STATED""},{""value"":""-2.0"",""label"":""NOT KNOWN""},{""value"":""-1.0"",""label"":""NOT APPLICABLE""},{""value"":""10.0"",""label"":""UPPER RESPIRATORY IN""},{""value"":""11.0"",""label"":""OTITIS MEDIA""},{""value"":""12.0"",""label"":""TEETHING""},{""value"":""13.0"",""label"":""IMMUNISATION REACT.""},{""value"":""14.0"",""label"":""FALL""},{""value"":""15.0"",""label"":""HEAD INJURY""},{""value"":""16.0"",""label"":""CALCIUM DEFICIENCY""},{""value"":""18.0"",""label"":""BREATH-HOLDING""},{""value"":""19.0"",""label"":""BRONCHITIS""},{""value"":""20.0"",""label"":""TONSILITIS""},{""value"":""21.0"",""label"":""EPILEPSY""},{""value"":""22.0"",""label"":""CONVULSION""},{""value"":""23.0"",""label"":""CEREBRAL HAEMORRHAGE""},{""value"":""24.0"",""label"":""URINARY INFECTION""},{""value"":""25.0"",""label"":""MENINGITIS""},{""value"":""26.0"",""label"":""FOOD STUCK IN THROAT""},{""value"":""27.0"",""label"":""TWITCHING 1ST W.LIFE""},{""value"":""28.0"",""label"":""CYANOSIS""},{""value"":""29.0"",""label"":""GASTRO-ENTERITIS""},{""value"":""30.0"",""label"":""ACUTE SALMONELLA INF""},{""value"":""31.0"",""label"":""DRUG O.D. ACCIDENTAL""},{""value"":""32.0"",""label"":""INFLUENZA""},{""value"":""33.0"",""label"":""SUB-DURAL HAEMATOMA""},{""value"":""34.0"",""label"":""PYRX/HI T/FEV/HYPRTH""},{""value"":""35.0"",""label"":""TEMPER TANTRUMS""},{""value"":""36.0"",""label"":""COLIC""},{""value"":""37.0"",""label"":""WHOOPING COUGH""},{""value"":""38.0"",""label"":""CEREBRAL AGENESIS""},{""value"":""39.0"",""label"":""DEHYDRATION""},{""value"":""40.0"",""label"":""CHEST INFECTION""},{""value"":""41.0"",""label"":""SEPTACAEMIA""}]"
125,b0140,HAS THE CHILD LOST CONSCIOUSNESS ?,numeric,ORDINAL,NA,"[{""value"":""-6.0"",""label"":""UNABLE TO EXAMINE""},{""value"":""-3.0"",""label"":""NOT STATED""},{""value"":""-2.0"",""label"":""NOT KNOWN""},{""value"":""-1.0"",""label"":""NOT APPLICABLE""},{""value"":""1.0"",""label"":""YES""},{""value"":""2.0"",""label"":""NO""}]"
126,b0141,IF YES WAS IT MOMENTARY ?,numeric,ORDINAL,NA,"[{""value"":""-6.0"",""label"":""UNABLE TO EXAMINE""},{""value"":""-3.0"",""label"":""NOT STATED""},{""value"":""-2.0"",""label"":""NOT KNOWN""},{""value"":""-1.0"",""label"":""NOT APPLICABLE""},{""value"":""1.0"",""label"":""YES""},{""value"":""2.0"",""label"":""NO""}]"
127,b0142,IF YES WAS IT FOR LESS THAN 10 MINUTES ?,numeric,ORDINAL,NA,"[{""value"":""-6.0"",""label"":""UNABLE TO EXAMINE""},{""value"":""-3.0"",""label"":""NOT STATED""},{""value"":""-2.0"",""label"":""NOT KNOWN""},{""value"":""-1.0"",""label"":""NOT APPLICABLE""},{""value"":""1.0"",""label"":""YES""},{""value"":""2.0"",""label"":""NO""}]"
128,b0143,IF YES WAS IT FOR 10 OR MORE MINUTES ?,numeric,ORDINAL,NA,"[{""value"":""-6.0"",""label"":""UNABLE TO EXAMINE""},{""value"":""-3.0"",""label"":""NOT STATED""},{""value"":""-2.0"",""label"":""NOT KNOWN""},{""value"":""-1.0"",""label"":""NOT APPLICABLE""},{""value"":""1.0"",""label"":""YES""},{""value"":""2.0"",""label"":""NO""}]"
129,b0144,FIRST CAUSE OF LOSS OF CONSCIOUSNESS,numeric,ORDINAL,NA,"[{""value"":""-6.0"",""label"":""UNABLE TO EXAMINE""},{""value"":""-3.0"",""label"":""NOT STATED""},{""value"":""-2.0"",""label"":""NOT KNOWN""},{""value"":""-1.0"",""label"":""NOT APPLICABLE""},{""value"":""10.0"",""label"":""UPPER RESPIRATORY IN""},{""value"":""11.0"",""label"":""OTITIS MEDIA""},{""value"":""12.0"",""label"":""TEETHING""},{""value"":""13.0"",""label"":""IMMUNISATION REACT.""},{""value"":""14.0"",""label"":""FALL""},{""value"":""15.0"",""label"":""HEAD INJURY""},{""value"":""16.0"",""label"":""CALCIUM DEFICIENCY""},{""value"":""18.0"",""label"":""BREATH-HOLDING""},{""value"":""19.0"",""label"":""BRONCHITIS""},{""value"":""20.0"",""label"":""TONSILITIS""},{""value"":""21.0"",""label"":""EPILEPSY""},{""value"":""22.0"",""label"":""CONVULSION""},{""value"":""23.0"",""label"":""CEREBRAL HAEMORRHAGE""},{""value"":""24.0"",""label"":""URINARY INFECTION""},{""value"":""25.0"",""label"":""MENINGITIS""},{""value"":""26.0"",""label"":""FOOD STUCK IN THROAT""},{""value"":""27.0"",""label"":""TWITCHING 1ST W.LIFE""},{""value"":""28.0"",""label"":""CYANOSIS""},{""value"":""29.0"",""label"":""GASTRO-ENTERITIS""},{""value"":""30.0"",""label"":""ACUTE SALMONELLA INF""},{""value"":""31.0"",""label"":""DRUG O.D. ACCIDENTAL""},{""value"":""32.0"",""label"":""INFLUENZA""},{""value"":""33.0"",""label"":""SUB-DURAL HAEMATOMA""},{""value"":""34.0"",""label"":""PYRX/HI T/FEV/HYPRTH""},{""value"":""35.0"",""label"":""TEMPER TANTRUMS""},{""value"":""36.0"",""label"":""COLIC""},{""value"":""37.0"",""label"":""WHOOPING COUGH""},{""value"":""38.0"",""label"":""CEREBRAL AGENESIS""},{""value"":""39.0"",""label"":""DEHYDRATION""},{""value"":""40.0"",""label"":""CHEST INFECTION""},{""value"":""41.0"",""label"":""SEPTACAEMIA""}]"
130,b0145,SECOND CAUSE OF LOSS OF CONSCIOUSNESS,numeric,ORDINAL,NA,"[{""value"":""-6.0"",""label"":""UNABLE TO EXAMINE""},{""value"":""-3.0"",""label"":""NOT STATED""},{""value"":""-2.0"",""label"":""NOT KNOWN""},{""value"":""-1.0"",""label"":""NOT APPLICABLE""},{""value"":""10.0"",""label"":""UPPER RESPIRATORY IN""},{""value"":""11.0"",""label"":""OTITIS MEDIA""},{""value"":""12.0"",""label"":""TEETHING""},{""value"":""13.0"",""label"":""IMMUNISATION REACT.""},{""value"":""14.0"",""label"":""FALL""},{""value"":""15.0"",""label"":""HEAD INJURY""},{""value"":""16.0"",""label"":""CALCIUM DEFICIENCY""},{""value"":""18.0"",""label"":""BREATH-HOLDING""},{""value"":""19.0"",""label"":""BRONCHITIS""},{""value"":""20.0"",""label"":""TONSILITIS""},{""value"":""21.0"",""label"":""EPILEPSY""},{""value"":""22.0"",""label"":""CONVULSION""},{""value"":""23.0"",""label"":""CEREBRAL HAEMORRHAGE""},{""value"":""24.0"",""label"":""URINARY INFECTION""},{""value"":""25.0"",""label"":""MENINGITIS""},{""value"":""26.0"",""label"":""FOOD STUCK IN THROAT""},{""value"":""27.0"",""label"":""TWITCHING 1ST W.LIFE""},{""value"":""28.0"",""label"":""CYANOSIS""},{""value"":""29.0"",""label"":""GASTRO-ENTERITIS""},{""value"":""30.0"",""label"":""ACUTE SALMONELLA INF""},{""value"":""31.0"",""label"":""DRUG O.D. ACCIDENTAL""},{""value"":""32.0"",""label"":""INFLUENZA""},{""value"":""33.0"",""label"":""SUB-DURAL HAEMATOMA""},{""value"":""34.0"",""label"":""PYRX/HI T/FEV/HYPRTH""},{""value"":""35.0"",""label"":""TEMPER TANTRUMS""},{""value"":""36.0"",""label"":""COLIC""},{""value"":""37.0"",""label"":""WHOOPING COUGH""},{""value"":""38.0"",""label"":""CEREBRAL AGENESIS""},{""value"":""39.0"",""label"":""DEHYDRATION""},{""value"":""40.0"",""label"":""CHEST INFECTION""},{""value"":""41.0"",""label"":""SEPTACAEMIA""}]"
131,b0146,THIRD CAUSE OF LOSS OF CONSCIOUSNESS,numeric,ORDINAL,NA,"[{""value"":""-6.0"",""label"":""UNABLE TO EXAMINE""},{""value"":""-3.0"",""label"":""NOT STATED""},{""value"":""-2.0"",""label"":""NOT KNOWN""},{""value"":""-1.0"",""label"":""NOT APPLICABLE""},{""value"":""10.0"",""label"":""UPPER RESPIRATORY IN""},{""value"":""11.0"",""label"":""OTITIS MEDIA""},{""value"":""12.0"",""label"":""TEETHING""},{""value"":""13.0"",""label"":""IMMUNISATION REACT.""},{""value"":""14.0"",""label"":""FALL""},{""value"":""15.0"",""label"":""HEAD INJURY""},{""value"":""16.0"",""label"":""CALCIUM DEFICIENCY""},{""value"":""18.0"",""label"":""BREATH-HOLDING""},{""value"":""19.0"",""label"":""BRONCHITIS""},{""value"":""20.0"",""label"":""TONSILITIS""},{""value"":""21.0"",""label"":""EPILEPSY""},{""value"":""22.0"",""label"":""CONVULSION""},{""value"":""23.0"",""label"":""CEREBRAL HAEMORRHAGE""},{""value"":""24.0"",""label"":""URINARY INFECTION""},{""value"":""25.0"",""label"":""MENINGITIS""},{""value"":""26.0"",""label"":""FOOD STUCK IN THROAT""},{""value"":""27.0"",""label"":""TWITCHING 1ST W.LIFE""},{""value"":""28.0"",""label"":""CYANOSIS""},{""value"":""29.0"",""label"":""GASTRO-ENTERITIS""},{""value"":""30.0"",""label"":""ACUTE SALMONELLA INF""},{""value"":""31.0"",""label"":""DRUG O.D. ACCIDENTAL""},{""value"":""32.0"",""label"":""INFLUENZA""},{""value"":""33.0"",""label"":""SUB-DURAL HAEMATOMA""},{""value"":""34.0"",""label"":""PYRX/HI T/FEV/HYPRTH""},{""value"":""35.0"",""label"":""TEMPER TANTRUMS""},{""value"":""36.0"",""label"":""COLIC""},{""value"":""37.0"",""label"":""WHOOPING COUGH""},{""value"":""38.0"",""label"":""CEREBRAL AGENESIS""},{""value"":""39.0"",""label"":""DEHYDRATION""},{""value"":""40.0"",""label"":""CHEST INFECTION""},{""value"":""41.0"",""label"":""SEPTACAEMIA""}]"
132,b0149,"ATTENDANCE AT CASUALTY,OPD OR SPECIALIST",numeric,ORDINAL,NA,"[{""value"":""-6.0"",""label"":""UNABLE TO EXAMINE""},{""value"":""-3.0"",""label"":""NOT STATED""},{""value"":""-2.0"",""label"":""NOT KNOWN""},{""value"":""-1.0"",""label"":""NOT APPLICABLE""},{""value"":""1.0"",""label"":""YES""},{""value"":""2.0"",""label"":""NO""}]"
133,b0150,HAS CHILD BEEN A HOSPITAL IN-PATIENT ?,numeric,ORDINAL,NA,"[{""value"":""-6.0"",""label"":""UNABLE TO EXAMINE""},{""value"":""-3.0"",""label"":""NOT STATED""},{""value"":""-2.0"",""label"":""NOT KNOWN""},{""value"":""-1.0"",""label"":""NOT APPLICABLE""},{""value"":""1.0"",""label"":""YES""},{""value"":""2.0"",""label"":""NO""}]"
134,b0151,HAS CHILD HAD MEASLES?,numeric,ORDINAL,NA,"[{""value"":""-6.0"",""label"":""UNABLE TO EXAMINE""},{""value"":""-3.0"",""label"":""NOT STATED""},{""value"":""-2.0"",""label"":""NOT KNOWN""},{""value"":""-1.0"",""label"":""NOT APPLICABLE""},{""value"":""1.0"",""label"":""YES""},{""value"":""2.0"",""label"":""NO""}]"
135,b0152,HAS CHILD HAD MUMPS ?,numeric,ORDINAL,NA,"[{""value"":""-6.0"",""label"":""UNABLE TO EXAMINE""},{""value"":""-3.0"",""label"":""NOT STATED""},{""value"":""-2.0"",""label"":""NOT KNOWN""},{""value"":""-1.0"",""label"":""NOT APPLICABLE""},{""value"":""1.0"",""label"":""YES""},{""value"":""2.0"",""label"":""NO""}]"
136,b0153,HAS CHILD HAD WHOOPING-COUGH ?,numeric,ORDINAL,NA,"[{""value"":""-6.0"",""label"":""UNABLE TO EXAMINE""},{""value"":""-3.0"",""label"":""NOT STATED""},{""value"":""-2.0"",""label"":""NOT KNOWN""},{""value"":""-1.0"",""label"":""NOT APPLICABLE""},{""value"":""1.0"",""label"":""YES""},{""value"":""2.0"",""label"":""NO""}]"
137,b0154,HAS CHILD HAD CHICKEN-POX ?,numeric,ORDINAL,NA,"[{""value"":""-6.0"",""label"":""UNABLE TO EXAMINE""},{""value"":""-3.0"",""label"":""NOT STATED""},{""value"":""-2.0"",""label"":""NOT KNOWN""},{""value"":""-1.0"",""label"":""NOT APPLICABLE""},{""value"":""1.0"",""label"":""YES""},{""value"":""2.0"",""label"":""NO""}]"
138,b0155,HAS CHILD HAD ANY OTHER INFECTIONS ?,numeric,ORDINAL,NA,"[{""value"":""-6.0"",""label"":""UNABLE TO EXAMINE""},{""value"":""-3.0"",""label"":""NOT STATED""},{""value"":""-2.0"",""label"":""NOT KNOWN""},{""value"":""-1.0"",""label"":""NOT APPLICABLE""},{""value"":""1.0"",""label"":""YES""},{""value"":""2.0"",""label"":""NO""}]"
139,b0156,CODE FOR 1ST OTHER INFECTION,numeric,ORDINAL,NA,"[{""value"":""-6.0"",""label"":""UNABLE TO EXAMINE""},{""value"":""-3.0"",""label"":""NOT STATED""},{""value"":""-2.0"",""label"":""NOT KNOWN""},{""value"":""-1.0"",""label"":""NOT APPLICABLE""},{""value"":""10.0"",""label"":""SCARLATINA""},{""value"":""11.0"",""label"":""CHEST INFECTION""},{""value"":""12.0"",""label"":""RUBELLA""},{""value"":""13.0"",""label"":""GASTROENTERITIS""},{""value"":""14.0"",""label"":""TONSILITIS""},{""value"":""15.0"",""label"":""MENINGITIS""},{""value"":""16.0"",""label"":""PNEUMONIA""},{""value"":""17.0"",""label"":""BRONCHITIS""},{""value"":""18.0"",""label"":""BRONCHOPNEUMONIA""},{""value"":""19.0"",""label"":""ECZEMA""},{""value"":""20.0"",""label"":""ASTHMA""},{""value"":""21.0"",""label"":""CROUP""},{""value"":""22.0"",""label"":""VIRAL INFECTION""},{""value"":""23.0"",""label"":""DYSENTERY""},{""value"":""24.0"",""label"":""INFLUENZA""},{""value"":""25.0"",""label"":""BELL'S PALSY""},{""value"":""26.0"",""label"":""SALMONELLA""},{""value"":""27.0"",""label"":""THROAT INFECTION""},{""value"":""28.0"",""label"":""CONJUNCTIVITIS""},{""value"":""29.0"",""label"":""OTITIS MEDIA""},{""value"":""30.0"",""label"":""WHEEZY ILLNESSES""},{""value"":""31.0"",""label"":""EAR INFECTION""},{""value"":""32.0"",""label"":""THRUSH""},{""value"":""33.0"",""label"":""DIARRHOEA + VOMITING""},{""value"":""34.0"",""label"":""COLIC""},{""value"":""35.0"",""label"":""GASTRITIS""},{""value"":""36.0"",""label"":""EAR ABCESS""},{""value"":""37.0"",""label"":""GASTRIC FLU.""},{""value"":""38.0"",""label"":""URINARY TRACT INFECT""},{""value"":""39.0"",""label"":""ROSEOLA INFANTUM""},{""value"":""40.0"",""label"":""EPISTAXIS""},{""value"":""41.0"",""label"":""JABS;URTICAR.+PYREXI""}]"
140,b0157,CODE FOR 2ND OTHER INFECTION,numeric,ORDINAL,NA,"[{""value"":""-6.0"",""label"":""UNABLE TO EXAMINE""},{""value"":""-3.0"",""label"":""NOT STATED""},{""value"":""-2.0"",""label"":""NOT KNOWN""},{""value"":""-1.0"",""label"":""NOT APPLICABLE""},{""value"":""10.0"",""label"":""SCARLATINA""},{""value"":""11.0"",""label"":""CHEST INFECTION""},{""value"":""12.0"",""label"":""RUBELLA""},{""value"":""13.0"",""label"":""GASTROENTERITIS""},{""value"":""14.0"",""label"":""TONSILITIS""},{""value"":""15.0"",""label"":""MENINGITIS""},{""value"":""16.0"",""label"":""PNEUMONIA""},{""value"":""17.0"",""label"":""BRONCHITIS""},{""value"":""18.0"",""label"":""BRONCHOPNEUMONIA""},{""value"":""19.0"",""label"":""ECZEMA""},{""value"":""20.0"",""label"":""ASTHMA""},{""value"":""21.0"",""label"":""CROUP""},{""value"":""22.0"",""label"":""VIRAL INFECTION""},{""value"":""23.0"",""label"":""DYSENTERY""},{""value"":""24.0"",""label"":""INFLUENZA""},{""value"":""25.0"",""label"":""BELL'S PALSY""},{""value"":""26.0"",""label"":""SALMONELLA""},{""value"":""27.0"",""label"":""THROAT INFECTION""},{""value"":""28.0"",""label"":""CONJUNCTIVITIS""},{""value"":""29.0"",""label"":""OTITIS MEDIA""},{""value"":""30.0"",""label"":""WHEEZY ILLNESSES""},{""value"":""31.0"",""label"":""EAR INFECTION""},{""value"":""32.0"",""label"":""THRUSH""},{""value"":""33.0"",""label"":""DIARRHOEA + VOMITING""},{""value"":""34.0"",""label"":""COLIC""},{""value"":""35.0"",""label"":""GASTRITIS""},{""value"":""36.0"",""label"":""EAR ABCESS""},{""value"":""37.0"",""label"":""GASTRIC FLU.""},{""value"":""38.0"",""label"":""URINARY TRACT INFECT""},{""value"":""39.0"",""label"":""ROSEOLA INFANTUM""},{""value"":""40.0"",""label"":""EPISTAXIS""}]"
141,b0158,CODE FOR 3RD OTHER INFECTION,numeric,ORDINAL,NA,"[{""value"":""-6.0"",""label"":""UNABLE TO EXAMINE""},{""value"":""-3.0"",""label"":""NOT STATED""},{""value"":""-2.0"",""label"":""NOT KNOWN""},{""value"":""-1.0"",""label"":""NOT APPLICABLE""},{""value"":""10.0"",""label"":""SCARLATINA""},{""value"":""11.0"",""label"":""CHEST INFECTION""},{""value"":""12.0"",""label"":""RUBELLA""},{""value"":""13.0"",""label"":""GASTROENTERITIS""},{""value"":""14.0"",""label"":""TONSILITIS""},{""value"":""15.0"",""label"":""MENINGITIS""},{""value"":""16.0"",""label"":""PNEUMONIA""},{""value"":""17.0"",""label"":""BRONCHITIS""},{""value"":""18.0"",""label"":""BRONCHOPNEUMONIA""},{""value"":""19.0"",""label"":""ECZEMA""},{""value"":""20.0"",""label"":""ASTHMA""},{""value"":""21.0"",""label"":""CROUP""},{""value"":""22.0"",""label"":""VIRAL INFECTION""},{""value"":""23.0"",""label"":""DYSENTERY""},{""value"":""24.0"",""label"":""INFLUENZA""},{""value"":""25.0"",""label"":""BELL'S PALSY""},{""value"":""26.0"",""label"":""SALMONELLA""},{""value"":""27.0"",""label"":""THROAT INFECTION""},{""value"":""28.0"",""label"":""CONJUNCTIVITIS""},{""value"":""29.0"",""label"":""OTITIS MEDIA""},{""value"":""30.0"",""label"":""WHEEZY ILLNESSES""},{""value"":""31.0"",""label"":""EAR INFECTION""},{""value"":""32.0"",""label"":""THRUSH""},{""value"":""33.0"",""label"":""DIARRHOEA + VOMITING""},{""value"":""34.0"",""label"":""COLIC""},{""value"":""35.0"",""label"":""GASTRITIS""},{""value"":""36.0"",""label"":""EAR ABCESS""},{""value"":""37.0"",""label"":""GASTRIC FLU.""},{""value"":""38.0"",""label"":""URINARY TRACT INFECT""},{""value"":""39.0"",""label"":""ROSEOLA INFANTUM""},{""value"":""40.0"",""label"":""EPISTAXIS""}]"
142,b0161,EVIDENCE OF SQUINT ?,numeric,ORDINAL,NA,"[{""value"":""-6.0"",""label"":""UNABLE TO EXAMINE""},{""value"":""-3.0"",""label"":""NOT STATED""},{""value"":""-2.0"",""label"":""NOT KNOWN""},{""value"":""-1.0"",""label"":""NOT APPLICABLE""},{""value"":""1.0"",""label"":""YES""},{""value"":""2.0"",""label"":""NO""}]"
143,b0162,EVIDENCE OF OTHER VISUAL DEFECTS ?,numeric,ORDINAL,NA,"[{""value"":""-6.0"",""label"":""UNABLE TO EXAMINE""},{""value"":""-3.0"",""label"":""NOT STATED""},{""value"":""-2.0"",""label"":""NOT KNOWN""},{""value"":""-1.0"",""label"":""NOT APPLICABLE""},{""value"":""1.0"",""label"":""YES""},{""value"":""2.0"",""label"":""NO""}]"
144,b0163,ANY EVIDENCE OF HEARING LOSS ?,numeric,ORDINAL,NA,"[{""value"":""-6.0"",""label"":""UNABLE TO EXAMINE""},{""value"":""-3.0"",""label"":""NOT STATED""},{""value"":""-2.0"",""label"":""NOT KNOWN""},{""value"":""-1.0"",""label"":""NOT APPLICABLE""},{""value"":""1.0"",""label"":""YES""},{""value"":""2.0"",""label"":""NO""}]"
145,b0164,ANY EVIDENCE OF RESPIRATORY DISEASE ?,numeric,ORDINAL,NA,"[{""value"":""-6.0"",""label"":""UNABLE TO EXAMINE""},{""value"":""-3.0"",""label"":""NOT STATED""},{""value"":""-2.0"",""label"":""NOT KNOWN""},{""value"":""-1.0"",""label"":""NOT APPLICABLE""},{""value"":""0.0"",""label"":""THE CHILD REFUSED""},{""value"":""1.0"",""label"":""YES""},{""value"":""2.0"",""label"":""NO""}]"
146,b0165,1st RESP. DISEASE CODED USING I.C.D.,NA,NA,NA,"[{""value"":""-1"",""label"":""NOT APPLICABLE""},{""value"":""-2"",""label"":""NOT KNOWN""},{""value"":""-3"",""label"":""NOT STATED""},{""value"":""-6"",""label"":""UNABLE TO EXAMINE""},{""value"":""460"",""label"":""ACUTE NASOPHARYNGIT.""},{""value"":""490"",""label"":""BRONCHITIS UNS.CH/AC""},{""value"":""462"",""label"":""ACUTE PHARYNGITIS""},{""value"":""463"",""label"":""ACUTE TONSILLITIS""},{""value"":""605"",""label"":""REDUN.PREPUCE+PHIMO.""},{""value"":""485"",""label"":""BRO-PNEUMONIA OR.USP""},{""value"":""487"",""label"":""INFLUENZA""},{""value"":""319"",""label"":""UNSP. MENTAL RETARD.""},{""value"":""750.0"",""label"":""TONGUE TIE""},{""value"":""741.0"",""label"":""SPIN.BIF+HYDROCEPH.""},{""value"":""372.0"",""label"":""ACUTE CONJUNCTIVITIS""},{""value"":""472.0"",""label"":""CHRONIC RHINITIS""},{""value"":""753.0"",""label"":""RENAL A+DYS-GENESIS""},{""value"":""373.0"",""label"":""BLEPHARITIS""},{""value"":""344.0"",""label"":""QUADRIPLEGIA""},{""value"":""744.0"",""label"":""AN. EAR CAU. DEAFN.""},{""value"":""754.0"",""label"":""CONG.DEF.SKU,FAC+JAW""},{""value"":""755.0"",""label"":""POLYDACTYLY""},{""value"":""416.0"",""label"":""PRIM.PULM.HYPERTENS.""},{""value"":""756.0"",""label"":""AN.SKULL+FACE BONES""},{""value"":""466.0"",""label"":""ACUTE BRONCHITIS""},{""value"":""786.0"",""label"":""BREATHING DIF.N.O.S.""},{""value"":""747.0"",""label"":""PAT. DUCT.ARTERIOSUS""},{""value"":""367.0"",""label"":""HYPERMETROPIA""},{""value"":""277.0"",""label"":""CYSTIC FIBROSIS""},{""value"":""228.0"",""label"":""HAEMANGIOMA ANY SITE""},{""value"":""758.0"",""label"":""DOWN'S SYNDROME""},{""value"":""369.0"",""label"":""BLINDNESS, BOTH EYES""},{""value"":""579.0"",""label"":""COELIAC DISEASE""},{""value"":""520.1"",""label"":""SUPERNUMERARY TEETH""},{""value"":""471.1"",""label"":""POLYP.SINUS DEGENER.""},{""value"":""742.1"",""label"":""MICROCEPHALUS""},{""value"":""743.1"",""label"":""MICROPHTHALMOS""},{""value"":""553.1"",""label"":""UMBILICAL HERNIA""},{""value"":""474.1"",""label"":""HYPERTRO.TONS.+ADEN.""},{""value"":""735.1"",""label"":""HALLUX VARUS(ACQ.)""},{""value"":""755.1"",""label"":""SYNDACTYLY""},{""value"":""685.1"",""label"":""PILONIDAL CYST N.AB.""},{""value"":""756.1"",""label"":""ANOMALIES OF SPINE""},{""value"":""796.1"",""label"":""ABNORMAL REFLEX""},{""value"":""487.1"",""label"":""INFLUENZA+OTH.RES.M.""},{""value"":""318.1"",""label"":""SEVERE MENTAL RETAR.""},{""value"":""228.1"",""label"":""LYMPHANGIOMA,ANY SI.""},{""value"":""368.1"",""label"":""SUBJ.VISU.DISTURBAN.""},{""value"":""478.1"",""label"":""OTH.DIS.NA.CAV+SINUS""},{""value"":""519.1"",""label"":""OTH.DIS.TRA+BR.N.E.C""},{""value"":""749.1"",""label"":""CLEFT LIP""},{""value"":""389.1"",""label"":""SENSORINEURAL DEAF.""},{""value"":""753.2"",""label"":""OB.DE.RENAL PEL+URET""},{""value"":""744.2"",""label"":""OTH.SP.ANOM. OF EAR""},{""value"":""754.2"",""label"":""CONG.DEF. OF SPINE""},{""value"":""755.2"",""label"":""REDU.DEF.UPPER LIMB""},{""value"":""785.2"",""label"":""FUNC+UNDIA.HEART MUR""},{""value"":""466.2"",""label"":""WHEEZY BRONCHITIS""},{""value"":""786.2"",""label"":""COUGH""},{""value"":""749.2"",""label"":""CLEFT PALATE + LIP""},{""value"":""750.3"",""label"":""TR-OES.FI,OES.AT+ST.""},{""value"":""742.3"",""label"":""CONG.HYDROCEPHALUS""},{""value"":""743.3"",""label"":""CONG.CATA+LENS ANOM.""},{""value"":""524.3"",""label"":""ANOM. TOOTH POSITION""},{""value"":""754.3"",""label"":""CONG.DISLOCATION HIP""},{""value"":""374.3"",""label"":""PTOSIS OF EYELID""},{""value"":""484.3"",""label"":""PNEUMONIA+WHOOPING C""},{""value"":""425.3"",""label"":""ENDOCARD.FIBROELAST.""},{""value"":""755.3"",""label"":""REDU.DEF.LOWER LIMB""},{""value"":""216.3"",""label"":""BE.NEOPLASM FACE SK.""},{""value"":""756.3"",""label"":""OTH.AN.RIBS+STERNUM""},{""value"":""747.3"",""label"":""AN.PULMONARY ARTERY""},{""value"":""757.3"",""label"":""OTH.SP.AN. SKIN""},{""value"":""429.3"",""label"":""CARDIOMEGALY""},{""value"":""289.3"",""label"":""LYMPHADENITIS U.X.ME""},{""value"":""389.3"",""label"":""CONG.DEAF CAUSE UNS.""},{""value"":""752.4"",""label"":""AN.CER,VAG+EX.FE.GE.""},{""value"":""783.4"",""label"":""LAC.NOR.PHYSIO.DEV.""},{""value"":""524.4"",""label"":""MALOCCLUSION UNSP.""},{""value"":""744.4"",""label"":""BRA.CL.CY.FI;PAUR.SI""},{""value"":""464.4"",""label"":""CROUP""},{""value"":""745.4"",""label"":""VENTRIC.SEPT.DEFECT""},{""value"":""216.4"",""label"":""BE.NEOPLASM NEK.SC.""},{""value"":""756.4"",""label"":""CHONDRODYSTROPHY""},{""value"":""750.5"",""label"":""CONG.HYPRT.PYL.STEN.""},{""value"":""752.5"",""label"":""UNDESCENDED TESTICLE""},{""value"":""524.5"",""label"":""DENTOFACIAL FUN.ABN.""},{""value"":""754.5"",""label"":""VARUS DEF. OF FEET""},{""value"":""755.5"",""label"":""OTH.A.U.LIMB+SH.GIRD""},{""value"":""216.5"",""label"":""BE. NEOPLASM TRUNK""},{""value"":""379.5"",""label"":""NYSTIGMUS+O.IR.EY.M.""},{""value"":""999.5"",""label"":""OTH. SERUM REACTION""},{""value"":""750.6"",""label"":""CONG. HIATUS HERNIA""},{""value"":""780.6"",""label"":""PYREXIA/FEVER N.O.S.""},{""value"":""752.6"",""label"":""HYPO+EPI-SPADIAS""},{""value"":""743.6"",""label"":""CONG.AN.EYEL.L-S+OR.""},{""value"":""754.6"",""label"":""VALGUS DEF. OF FEET""},{""value"":""755.6"",""label"":""OTH.AN.L.LIMB,PELVIS""},{""value"":""785.6"",""label"":""ENLARG.LYMPH NODES""},{""value"":""757.6"",""label"":""SP.AN.BREAST""},{""value"":""778.6"",""label"":""CONGENITAL HYDROCELE""},{""value"":""520.7"",""label"":""TEETHING SYNDROME""},{""value"":""333.7"",""label"":""SYMP.TORSI. DYSTONIA""},{""value"":""754.7"",""label"":""OTH.DEFORMITIES FEET""},{""value"":""216.7"",""label"":""BE.NEOPLASM LEG/HIP""},{""value"":""786.7"",""label"":""ABN. CHEST SOUNDS""},{""value"":""738.7"",""label"":""CAULIFLOWER EAR""},{""value"":""691.8"",""label"":""OTH.ATOPIC DERMATIT.""},{""value"":""752.8"",""label"":""OTH.SP.AN.GENITALS""},{""value"":""343.8"",""label"":""INFANTILE C.P. OTHER""},{""value"":""384.8"",""label"":""OTH.DISO.TYMP.MEMB.""},{""value"":""465.8"",""label"":""AC.U.RES.INF.O.M.SI.""},{""value"":""746.8"",""label"":""OTH.SP.AN. HEART""},{""value"":""756.8"",""label"":""OTH.SP.AN.M,T,FA+C-T""},{""value"":""608.8"",""label"":""OTH.DISO.M.GENITALS""},{""value"":""358.8"",""label"":""OTHER MYONEURAL DIS.""},{""value"":""519.8"",""label"":""OTH.D.RES.SYS.N.E.C.""},{""value"":""229.8"",""label"":""BE.NEOPLASM O.SP.SI.""},{""value"":""550.9"",""label"":""INGUINAL HERNIA""},{""value"":""090.9"",""label"":""CONG. SYPHILIS UNSP.""},{""value"":""741.9"",""label"":""SPIN.BIF.N.HYDROCEPH""},{""value"":""461.9"",""label"":""AC.SINUSITIS N.O.S.""},{""value"":""382.9"",""label"":""UNSP.OTITIS MEDIA""},{""value"":""743.9"",""label"":""UNSP. ANOM. OF EYE""},{""value"":""473.9"",""label"":""CHRON.UNSP.SINUSITIS""},{""value"":""054.9"",""label"":""HERPES SIMPLEX""},{""value"":""784.9"",""label"":""OTH.SYMP.HEAD+NECK""},{""value"":""315.9"",""label"":""DEV. DISORDER N.O.S.""},{""value"":""455.9"",""label"":""RESID.HAEMOID.SKIN""},{""value"":""755.9"",""label"":""UNSP.AN.UNSP.LIMB""},{""value"":""465.9"",""label"":""AC.U.RES.INF.UNS.SI.""},{""value"":""785.9"",""label"":""OTH.SYMP.CAR-VAS.SY.""},{""value"":""216.9"",""label"":""BE.NEOP.SKIN SI.USP.""},{""value"":""746.9"",""label"":""USP.ANOM. OF HEART""},{""value"":""737.9"",""label"":""CURVED SPINE USP.""},{""value"":""477.9"",""label"":""AL.RHINITIS CAU.UNSP""},{""value"":""229.9"",""label"":""BE.NEOP.SI.OTH+USP.""},{""value"":""389.9"",""label"":""UNSPECIF. DEAFNESS""},{""value"":""728.90"",""label"":""DIS.MU.LI+FA.US.M.SI""},{""value"":""728.94"",""label"":""DIS.MU.LI+FA.US.HAND""}]"
147,b0166,2nd RESP. DISEASE CODED USING I.C.D.,NA,NA,NA,"[{""value"":""-1"",""label"":""NOT APPLICABLE""},{""value"":""-2"",""label"":""NOT KNOWN""},{""value"":""-3"",""label"":""NOT STATED""},{""value"":""-6"",""label"":""UNABLE TO EXAMINE""},{""value"":""460"",""label"":""ACUTE NASOPHARYNGIT.""},{""value"":""490"",""label"":""BRONCHITIS UNS.CH/AC""},{""value"":""462"",""label"":""ACUTE PHARYNGITIS""},{""value"":""463"",""label"":""ACUTE TONSILLITIS""},{""value"":""605"",""label"":""REDUN.PREPUCE+PHIMO.""},{""value"":""485"",""label"":""BRO-PNEUMONIA OR.USP""},{""value"":""487"",""label"":""INFLUENZA""},{""value"":""319"",""label"":""UNSP. MENTAL RETARD.""},{""value"":""750.0"",""label"":""TONGUE TIE""},{""value"":""741.0"",""label"":""SPIN.BIF+HYDROCEPH.""},{""value"":""372.0"",""label"":""ACUTE CONJUNCTIVITIS""},{""value"":""472.0"",""label"":""CHRONIC RHINITIS""},{""value"":""753.0"",""label"":""RENAL A+DYS-GENESIS""},{""value"":""373.0"",""label"":""BLEPHARITIS""},{""value"":""344.0"",""label"":""QUADRIPLEGIA""},{""value"":""744.0"",""label"":""AN. EAR CAU. DEAFN.""},{""value"":""754.0"",""label"":""CONG.DEF.SKU,FAC+JAW""},{""value"":""755.0"",""label"":""POLYDACTYLY""},{""value"":""416.0"",""label"":""PRIM.PULM.HYPERTENS.""},{""value"":""756.0"",""label"":""AN.SKULL+FACE BONES""},{""value"":""466.0"",""label"":""ACUTE BRONCHITIS""},{""value"":""786.0"",""label"":""BREATHING DIF.N.O.S.""},{""value"":""747.0"",""label"":""PAT. DUCT.ARTERIOSUS""},{""value"":""367.0"",""label"":""HYPERMETROPIA""},{""value"":""277.0"",""label"":""CYSTIC FIBROSIS""},{""value"":""228.0"",""label"":""HAEMANGIOMA ANY SITE""},{""value"":""758.0"",""label"":""DOWN'S SYNDROME""},{""value"":""369.0"",""label"":""BLINDNESS, BOTH EYES""},{""value"":""579.0"",""label"":""COELIAC DISEASE""},{""value"":""520.1"",""label"":""SUPERNUMERARY TEETH""},{""value"":""471.1"",""label"":""POLYP.SINUS DEGENER.""},{""value"":""742.1"",""label"":""MICROCEPHALUS""},{""value"":""743.1"",""label"":""MICROPHTHALMOS""},{""value"":""553.1"",""label"":""UMBILICAL HERNIA""},{""value"":""474.1"",""label"":""HYPERTRO.TONS.+ADEN.""},{""value"":""735.1"",""label"":""HALLUX VARUS(ACQ.)""},{""value"":""755.1"",""label"":""SYNDACTYLY""},{""value"":""685.1"",""label"":""PILONIDAL CYST N.AB.""},{""value"":""756.1"",""label"":""ANOMALIES OF SPINE""},{""value"":""796.1"",""label"":""ABNORMAL REFLEX""},{""value"":""487.1"",""label"":""INFLUENZA+OTH.RES.M.""},{""value"":""318.1"",""label"":""SEVERE MENTAL RETAR.""},{""value"":""228.1"",""label"":""LYMPHANGIOMA,ANY SI.""},{""value"":""368.1"",""label"":""SUBJ.VISU.DISTURBAN.""},{""value"":""478.1"",""label"":""OTH.DIS.NA.CAV+SINUS""},{""value"":""519.1"",""label"":""OTH.DIS.TRA+BR.N.E.C""},{""value"":""749.1"",""label"":""CLEFT LIP""},{""value"":""389.1"",""label"":""SENSORINEURAL DEAF.""},{""value"":""753.2"",""label"":""OB.DE.RENAL PEL+URET""},{""value"":""744.2"",""label"":""OTH.SP.ANOM. OF EAR""},{""value"":""754.2"",""label"":""CONG.DEF. OF SPINE""},{""value"":""755.2"",""label"":""REDU.DEF.UPPER LIMB""},{""value"":""785.2"",""label"":""FUNC+UNDIA.HEART MUR""},{""value"":""466.2"",""label"":""WHEEZY BRONCHITIS""},{""value"":""786.2"",""label"":""COUGH""},{""value"":""749.2"",""label"":""CLEFT PALATE + LIP""},{""value"":""750.3"",""label"":""TR-OES.FI,OES.AT+ST.""},{""value"":""742.3"",""label"":""CONG.HYDROCEPHALUS""},{""value"":""743.3"",""label"":""CONG.CATA+LENS ANOM.""},{""value"":""524.3"",""label"":""ANOM. TOOTH POSITION""},{""value"":""754.3"",""label"":""CONG.DISLOCATION HIP""},{""value"":""374.3"",""label"":""PTOSIS OF EYELID""},{""value"":""484.3"",""label"":""PNEUMONIA+WHOOPING C""},{""value"":""425.3"",""label"":""ENDOCARD.FIBROELAST.""},{""value"":""755.3"",""label"":""REDU.DEF.LOWER LIMB""},{""value"":""216.3"",""label"":""BE.NEOPLASM FACE SK.""},{""value"":""756.3"",""label"":""OTH.AN.RIBS+STERNUM""},{""value"":""747.3"",""label"":""AN.PULMONARY ARTERY""},{""value"":""757.3"",""label"":""OTH.SP.AN. SKIN""},{""value"":""429.3"",""label"":""CARDIOMEGALY""},{""value"":""289.3"",""label"":""LYMPHADENITIS U.X.ME""},{""value"":""389.3"",""label"":""CONG.DEAF CAUSE UNS.""},{""value"":""752.4"",""label"":""AN.CER,VAG+EX.FE.GE.""},{""value"":""783.4"",""label"":""LAC.NOR.PHYSIO.DEV.""},{""value"":""524.4"",""label"":""MALOCCLUSION UNSP.""},{""value"":""744.4"",""label"":""BRA.CL.CY.FI;PAUR.SI""},{""value"":""464.4"",""label"":""CROUP""},{""value"":""745.4"",""label"":""VENTRIC.SEPT.DEFECT""},{""value"":""216.4"",""label"":""BE.NEOPLASM NEK.SC.""},{""value"":""756.4"",""label"":""CHONDRODYSTROPHY""},{""value"":""750.5"",""label"":""CONG.HYPRT.PYL.STEN.""},{""value"":""752.5"",""label"":""UNDESCENDED TESTICLE""},{""value"":""524.5"",""label"":""DENTOFACIAL FUN.ABN.""},{""value"":""754.5"",""label"":""VARUS DEF. OF FEET""},{""value"":""755.5"",""label"":""OTH.A.U.LIMB+SH.GIRD""},{""value"":""216.5"",""label"":""BE. NEOPLASM TRUNK""},{""value"":""379.5"",""label"":""NYSTIGMUS+O.IR.EY.M.""},{""value"":""999.5"",""label"":""OTH. SERUM REACTION""},{""value"":""750.6"",""label"":""CONG. HIATUS HERNIA""},{""value"":""780.6"",""label"":""PYREXIA/FEVER N.O.S.""},{""value"":""752.6"",""label"":""HYPO+EPI-SPADIAS""},{""value"":""743.6"",""label"":""CONG.AN.EYEL.L-S+OR.""},{""value"":""754.6"",""label"":""VALGUS DEF. OF FEET""},{""value"":""755.6"",""label"":""OTH.AN.L.LIMB,PELVIS""},{""value"":""785.6"",""label"":""ENLARG.LYMPH NODES""},{""value"":""757.6"",""label"":""SP.AN.BREAST""},{""value"":""778.6"",""label"":""CONGENITAL HYDROCELE""},{""value"":""520.7"",""label"":""TEETHING SYNDROME""},{""value"":""333.7"",""label"":""SYMP.TORSI. DYSTONIA""},{""value"":""754.7"",""label"":""OTH.DEFORMITIES FEET""},{""value"":""216.7"",""label"":""BE.NEOPLASM LEG/HIP""},{""value"":""786.7"",""label"":""ABN. CHEST SOUNDS""},{""value"":""738.7"",""label"":""CAULIFLOWER EAR""},{""value"":""691.8"",""label"":""OTH.ATOPIC DERMATIT.""},{""value"":""752.8"",""label"":""OTH.SP.AN.GENITALS""},{""value"":""343.8"",""label"":""INFANTILE C.P. OTHER""},{""value"":""384.8"",""label"":""OTH.DISO.TYMP.MEMB.""},{""value"":""465.8"",""label"":""AC.U.RES.INF.O.M.SI.""},{""value"":""746.8"",""label"":""OTH.SP.AN. HEART""},{""value"":""756.8"",""label"":""OTH.SP.AN.M,T,FA+C-T""},{""value"":""608.8"",""label"":""OTH.DISO.M.GENITALS""},{""value"":""358.8"",""label"":""OTHER MYONEURAL DIS.""},{""value"":""519.8"",""label"":""OTH.D.RES.SYS.N.E.C.""},{""value"":""229.8"",""label"":""BE.NEOPLASM O.SP.SI.""},{""value"":""550.9"",""label"":""INGUINAL HERNIA""},{""value"":""090.9"",""label"":""CONG. SYPHILIS UNSP.""},{""value"":""741.9"",""label"":""SPIN.BIF.N.HYDROCEPH""},{""value"":""461.9"",""label"":""AC.SINUSITIS N.O.S.""},{""value"":""382.9"",""label"":""UNSP.OTITIS MEDIA""},{""value"":""743.9"",""label"":""UNSP. ANOM. OF EYE""},{""value"":""473.9"",""label"":""CHRON.UNSP.SINUSITIS""},{""value"":""054.9"",""label"":""HERPES SIMPLEX""},{""value"":""784.9"",""label"":""OTH.SYMP.HEAD+NECK""},{""value"":""315.9"",""label"":""DEV. DISORDER N.O.S.""},{""value"":""455.9"",""label"":""RESID.HAEMOID.SKIN""},{""value"":""755.9"",""label"":""UNSP.AN.UNSP.LIMB""},{""value"":""465.9"",""label"":""AC.U.RES.INF.UNS.SI.""},{""value"":""785.9"",""label"":""OTH.SYMP.CAR-VAS.SY.""},{""value"":""216.9"",""label"":""BE.NEOP.SKIN SI.USP.""},{""value"":""746.9"",""label"":""USP.ANOM. OF HEART""},{""value"":""737.9"",""label"":""CURVED SPINE USP.""},{""value"":""477.9"",""label"":""AL.RHINITIS CAU.UNSP""},{""value"":""229.9"",""label"":""BE.NEOP.SI.OTH+USP.""},{""value"":""389.9"",""label"":""UNSPECIF. DEAFNESS""},{""value"":""728.90"",""label"":""DIS.MU.LI+FA.US.M.SI""},{""value"":""728.94"",""label"":""DIS.MU.LI+FA.US.HAND""}]"
148,b0167,3rd RESP. DISEASE CODED USING I.C.D.,NA,NA,NA,"[{""value"":""-1"",""label"":""NOT APPLICABLE""},{""value"":""-2"",""label"":""NOT KNOWN""},{""value"":""-3"",""label"":""NOT STATED""},{""value"":""-6"",""label"":""UNABLE TO EXAMINE""},{""value"":""460"",""label"":""ACUTE NASOPHARYNGIT.""},{""value"":""490"",""label"":""BRONCHITIS UNS.CH/AC""},{""value"":""462"",""label"":""ACUTE PHARYNGITIS""},{""value"":""463"",""label"":""ACUTE TONSILLITIS""},{""value"":""605"",""label"":""REDUN.PREPUCE+PHIMO.""},{""value"":""485"",""label"":""BRO-PNEUMONIA OR.USP""},{""value"":""487"",""label"":""INFLUENZA""},{""value"":""319"",""label"":""UNSP. MENTAL RETARD.""},{""value"":""750.0"",""label"":""TONGUE TIE""},{""value"":""741.0"",""label"":""SPIN.BIF+HYDROCEPH.""},{""value"":""372.0"",""label"":""ACUTE CONJUNCTIVITIS""},{""value"":""472.0"",""label"":""CHRONIC RHINITIS""},{""value"":""753.0"",""label"":""RENAL A+DYS-GENESIS""},{""value"":""373.0"",""label"":""BLEPHARITIS""},{""value"":""344.0"",""label"":""QUADRIPLEGIA""},{""value"":""744.0"",""label"":""AN. EAR CAU. DEAFN.""},{""value"":""754.0"",""label"":""CONG.DEF.SKU,FAC+JAW""},{""value"":""755.0"",""label"":""POLYDACTYLY""},{""value"":""416.0"",""label"":""PRIM.PULM.HYPERTENS.""},{""value"":""756.0"",""label"":""AN.SKULL+FACE BONES""},{""value"":""466.0"",""label"":""ACUTE BRONCHITIS""},{""value"":""786.0"",""label"":""BREATHING DIF.N.O.S.""},{""value"":""747.0"",""label"":""PAT. DUCT.ARTERIOSUS""},{""value"":""367.0"",""label"":""HYPERMETROPIA""},{""value"":""277.0"",""label"":""CYSTIC FIBROSIS""},{""value"":""228.0"",""label"":""HAEMANGIOMA ANY SITE""},{""value"":""758.0"",""label"":""DOWN'S SYNDROME""},{""value"":""369.0"",""label"":""BLINDNESS, BOTH EYES""},{""value"":""579.0"",""label"":""COELIAC DISEASE""},{""value"":""520.1"",""label"":""SUPERNUMERARY TEETH""},{""value"":""471.1"",""label"":""POLYP.SINUS DEGENER.""},{""value"":""742.1"",""label"":""MICROCEPHALUS""},{""value"":""743.1"",""label"":""MICROPHTHALMOS""},{""value"":""553.1"",""label"":""UMBILICAL HERNIA""},{""value"":""474.1"",""label"":""HYPERTRO.TONS.+ADEN.""},{""value"":""735.1"",""label"":""HALLUX VARUS(ACQ.)""},{""value"":""755.1"",""label"":""SYNDACTYLY""},{""value"":""685.1"",""label"":""PILONIDAL CYST N.AB.""},{""value"":""756.1"",""label"":""ANOMALIES OF SPINE""},{""value"":""796.1"",""label"":""ABNORMAL REFLEX""},{""value"":""487.1"",""label"":""INFLUENZA+OTH.RES.M.""},{""value"":""318.1"",""label"":""SEVERE MENTAL RETAR.""},{""value"":""228.1"",""label"":""LYMPHANGIOMA,ANY SI.""},{""value"":""368.1"",""label"":""SUBJ.VISU.DISTURBAN.""},{""value"":""478.1"",""label"":""OTH.DIS.NA.CAV+SINUS""},{""value"":""519.1"",""label"":""OTH.DIS.TRA+BR.N.E.C""},{""value"":""749.1"",""label"":""CLEFT LIP""},{""value"":""389.1"",""label"":""SENSORINEURAL DEAF.""},{""value"":""753.2"",""label"":""OB.DE.RENAL PEL+URET""},{""value"":""744.2"",""label"":""OTH.SP.ANOM. OF EAR""},{""value"":""754.2"",""label"":""CONG.DEF. OF SPINE""},{""value"":""755.2"",""label"":""REDU.DEF.UPPER LIMB""},{""value"":""785.2"",""label"":""FUNC+UNDIA.HEART MUR""},{""value"":""466.2"",""label"":""WHEEZY BRONCHITIS""},{""value"":""786.2"",""label"":""COUGH""},{""value"":""749.2"",""label"":""CLEFT PALATE + LIP""},{""value"":""750.3"",""label"":""TR-OES.FI,OES.AT+ST.""},{""value"":""742.3"",""label"":""CONG.HYDROCEPHALUS""},{""value"":""743.3"",""label"":""CONG.CATA+LENS ANOM.""},{""value"":""524.3"",""label"":""ANOM. TOOTH POSITION""},{""value"":""754.3"",""label"":""CONG.DISLOCATION HIP""},{""value"":""374.3"",""label"":""PTOSIS OF EYELID""},{""value"":""484.3"",""label"":""PNEUMONIA+WHOOPING C""},{""value"":""425.3"",""label"":""ENDOCARD.FIBROELAST.""},{""value"":""755.3"",""label"":""REDU.DEF.LOWER LIMB""},{""value"":""216.3"",""label"":""BE.NEOPLASM FACE SK.""},{""value"":""756.3"",""label"":""OTH.AN.RIBS+STERNUM""},{""value"":""747.3"",""label"":""AN.PULMONARY ARTERY""},{""value"":""757.3"",""label"":""OTH.SP.AN. SKIN""},{""value"":""429.3"",""label"":""CARDIOMEGALY""},{""value"":""289.3"",""label"":""LYMPHADENITIS U.X.ME""},{""value"":""389.3"",""label"":""CONG.DEAF CAUSE UNS.""},{""value"":""752.4"",""label"":""AN.CER,VAG+EX.FE.GE.""},{""value"":""783.4"",""label"":""LAC.NOR.PHYSIO.DEV.""},{""value"":""524.4"",""label"":""MALOCCLUSION UNSP.""},{""value"":""744.4"",""label"":""BRA.CL.CY.FI;PAUR.SI""},{""value"":""464.4"",""label"":""CROUP""},{""value"":""745.4"",""label"":""VENTRIC.SEPT.DEFECT""},{""value"":""216.4"",""label"":""BE.NEOPLASM NEK.SC.""},{""value"":""756.4"",""label"":""CHONDRODYSTROPHY""},{""value"":""750.5"",""label"":""CONG.HYPRT.PYL.STEN.""},{""value"":""752.5"",""label"":""UNDESCENDED TESTICLE""},{""value"":""524.5"",""label"":""DENTOFACIAL FUN.ABN.""},{""value"":""754.5"",""label"":""VARUS DEF. OF FEET""},{""value"":""755.5"",""label"":""OTH.A.U.LIMB+SH.GIRD""},{""value"":""216.5"",""label"":""BE. NEOPLASM TRUNK""},{""value"":""379.5"",""label"":""NYSTIGMUS+O.IR.EY.M.""},{""value"":""999.5"",""label"":""OTH. SERUM REACTION""},{""value"":""750.6"",""label"":""CONG. HIATUS HERNIA""},{""value"":""780.6"",""label"":""PYREXIA/FEVER N.O.S.""},{""value"":""752.6"",""label"":""HYPO+EPI-SPADIAS""},{""value"":""743.6"",""label"":""CONG.AN.EYEL.L-S+OR.""},{""value"":""754.6"",""label"":""VALGUS DEF. OF FEET""},{""value"":""755.6"",""label"":""OTH.AN.L.LIMB,PELVIS""},{""value"":""785.6"",""label"":""ENLARG.LYMPH NODES""},{""value"":""757.6"",""label"":""SP.AN.BREAST""},{""value"":""778.6"",""label"":""CONGENITAL HYDROCELE""},{""value"":""520.7"",""label"":""TEETHING SYNDROME""},{""value"":""333.7"",""label"":""SYMP.TORSI. DYSTONIA""},{""value"":""754.7"",""label"":""OTH.DEFORMITIES FEET""},{""value"":""216.7"",""label"":""BE.NEOPLASM LEG/HIP""},{""value"":""786.7"",""label"":""ABN. CHEST SOUNDS""},{""value"":""738.7"",""label"":""CAULIFLOWER EAR""},{""value"":""691.8"",""label"":""OTH.ATOPIC DERMATIT.""},{""value"":""752.8"",""label"":""OTH.SP.AN.GENITALS""},{""value"":""343.8"",""label"":""INFANTILE C.P. OTHER""},{""value"":""384.8"",""label"":""OTH.DISO.TYMP.MEMB.""},{""value"":""465.8"",""label"":""AC.U.RES.INF.O.M.SI.""},{""value"":""746.8"",""label"":""OTH.SP.AN. HEART""},{""value"":""756.8"",""label"":""OTH.SP.AN.M,T,FA+C-T""},{""value"":""608.8"",""label"":""OTH.DISO.M.GENITALS""},{""value"":""358.8"",""label"":""OTHER MYONEURAL DIS.""},{""value"":""519.8"",""label"":""OTH.D.RES.SYS.N.E.C.""},{""value"":""229.8"",""label"":""BE.NEOPLASM O.SP.SI.""},{""value"":""550.9"",""label"":""INGUINAL HERNIA""},{""value"":""090.9"",""label"":""CONG. SYPHILIS UNSP.""},{""value"":""741.9"",""label"":""SPIN.BIF.N.HYDROCEPH""},{""value"":""461.9"",""label"":""AC.SINUSITIS N.O.S.""},{""value"":""382.9"",""label"":""UNSP.OTITIS MEDIA""},{""value"":""743.9"",""label"":""UNSP. ANOM. OF EYE""},{""value"":""473.9"",""label"":""CHRON.UNSP.SINUSITIS""},{""value"":""054.9"",""label"":""HERPES SIMPLEX""},{""value"":""784.9"",""label"":""OTH.SYMP.HEAD+NECK""},{""value"":""315.9"",""label"":""DEV. DISORDER N.O.S.""},{""value"":""455.9"",""label"":""RESID.HAEMOID.SKIN""},{""value"":""755.9"",""label"":""UNSP.AN.UNSP.LIMB""},{""value"":""465.9"",""label"":""AC.U.RES.INF.UNS.SI.""},{""value"":""785.9"",""label"":""OTH.SYMP.CAR-VAS.SY.""},{""value"":""216.9"",""label"":""BE.NEOP.SKIN SI.USP.""},{""value"":""746.9"",""label"":""USP.ANOM. OF HEART""},{""value"":""737.9"",""label"":""CURVED SPINE USP.""},{""value"":""477.9"",""label"":""AL.RHINITIS CAU.UNSP""},{""value"":""229.9"",""label"":""BE.NEOP.SI.OTH+USP.""},{""value"":""389.9"",""label"":""UNSPECIF. DEAFNESS""},{""value"":""728.90"",""label"":""DIS.MU.LI+FA.US.M.SI""},{""value"":""728.94"",""label"":""DIS.MU.LI+FA.US.HAND""}]"
149,b0168,MUSCLE TONE RIGHT ARM (EV. C.P. ?),numeric,ORDINAL,NA,"[{""value"":""-6.0"",""label"":""UNABLE TO EXAMINE""},{""value"":""-3.0"",""label"":""NOT STATED""},{""value"":""-2.0"",""label"":""NOT KNOWN""},{""value"":""-1.0"",""label"":""NOT APPLICABLE""},{""value"":""1.0"",""label"":""NORMAL""},{""value"":""2.0"",""label"":""HYPOTONIC""},{""value"":""3.0"",""label"":""HYPERTONIC""}]"
150,b0169,MUSCLE TONE LEFT ARM (EV. C.P. ?),numeric,ORDINAL,NA,"[{""value"":""-6.0"",""label"":""UNABLE TO EXAMINE""},{""value"":""-3.0"",""label"":""NOT STATED""},{""value"":""-2.0"",""label"":""NOT KNOWN""},{""value"":""-1.0"",""label"":""NOT APPLICABLE""},{""value"":""1.0"",""label"":""NORMAL""},{""value"":""2.0"",""label"":""HYPOTONIC""},{""value"":""3.0"",""label"":""HYPERTONIC""}]"
151,b0170,MUSCLE TONE RIGHT LEG (EV. C.P. ?),numeric,ORDINAL,NA,"[{""value"":""-6.0"",""label"":""UNABLE TO EXAMINE""},{""value"":""-3.0"",""label"":""NOT STATED""},{""value"":""-2.0"",""label"":""NOT KNOWN""},{""value"":""-1.0"",""label"":""NOT APPLICABLE""},{""value"":""1.0"",""label"":""NORMAL""},{""value"":""2.0"",""label"":""HYPOTONIC""},{""value"":""3.0"",""label"":""HYPERTONIC""}]"
152,b0171,MUSCLE TONE LEFT LEG (EV. C.P. ?),numeric,ORDINAL,NA,"[{""value"":""-6.0"",""label"":""UNABLE TO EXAMINE""},{""value"":""-3.0"",""label"":""NOT STATED""},{""value"":""-2.0"",""label"":""NOT KNOWN""},{""value"":""-1.0"",""label"":""NOT APPLICABLE""},{""value"":""1.0"",""label"":""NORMAL""},{""value"":""2.0"",""label"":""HYPOTONIC""},{""value"":""3.0"",""label"":""HYPERTONIC""}]"
153,b0172,EVIDENCE OF CEREBRAL PALSY ?,numeric,ORDINAL,NA,"[{""value"":""-6.0"",""label"":""UNABLE TO EXAMINE""},{""value"":""-3.0"",""label"":""NOT STATED""},{""value"":""-2.0"",""label"":""NOT KNOWN""},{""value"":""-1.0"",""label"":""NOT APPLICABLE""},{""value"":""1.0"",""label"":""YES""},{""value"":""2.0"",""label"":""NO""},{""value"":""3.0"",""label"":""QUESTIONABLE SIGNS""}]"
154,b0177,ANY CONGENITAL ABNORMALITIES ?,numeric,ORDINAL,NA,"[{""value"":""-6.0"",""label"":""UNABLE TO EXAMINE""},{""value"":""-3.0"",""label"":""NOT STATED""},{""value"":""-2.0"",""label"":""NOT KNOWN""},{""value"":""-1.0"",""label"":""NOT APPLICABLE""},{""value"":""1.0"",""label"":""YES""},{""value"":""2.0"",""label"":""NO""}]"
155,b0178,1st CONG. ABNORMALITY CODED USING I.C.D.,NA,NA,NA,"[{""value"":""-1"",""label"":""NOT APPLICABLE""},{""value"":""-2"",""label"":""NOT KNOWN""},{""value"":""-3"",""label"":""NOT STATED""},{""value"":""-6"",""label"":""UNABLE TO EXAMINE""},{""value"":""460"",""label"":""ACUTE NASOPHARYNGIT.""},{""value"":""490"",""label"":""BRONCHITIS UNS.CH/AC""},{""value"":""462"",""label"":""ACUTE PHARYNGITIS""},{""value"":""463"",""label"":""ACUTE TONSILLITIS""},{""value"":""605"",""label"":""REDUN.PREPUCE+PHIMO.""},{""value"":""485"",""label"":""BRO-PNEUMONIA OR.USP""},{""value"":""487"",""label"":""INFLUENZA""},{""value"":""319"",""label"":""UNSP. MENTAL RETARD.""},{""value"":""750.0"",""label"":""TONGUE TIE""},{""value"":""741.0"",""label"":""SPIN.BIF+HYDROCEPH.""},{""value"":""372.0"",""label"":""ACUTE CONJUNCTIVITIS""},{""value"":""472.0"",""label"":""CHRONIC RHINITIS""},{""value"":""753.0"",""label"":""RENAL A+DYS-GENESIS""},{""value"":""373.0"",""label"":""BLEPHARITIS""},{""value"":""344.0"",""label"":""QUADRIPLEGIA""},{""value"":""744.0"",""label"":""AN. EAR CAU. DEAFN.""},{""value"":""754.0"",""label"":""CONG.DEF.SKU,FAC+JAW""},{""value"":""755.0"",""label"":""POLYDACTYLY""},{""value"":""416.0"",""label"":""PRIM.PULM.HYPERTENS.""},{""value"":""756.0"",""label"":""AN.SKULL+FACE BONES""},{""value"":""466.0"",""label"":""ACUTE BRONCHITIS""},{""value"":""786.0"",""label"":""BREATHING DIF.N.O.S.""},{""value"":""747.0"",""label"":""PAT. DUCT.ARTERIOSUS""},{""value"":""367.0"",""label"":""HYPERMETROPIA""},{""value"":""277.0"",""label"":""CYSTIC FIBROSIS""},{""value"":""228.0"",""label"":""HAEMANGIOMA ANY SITE""},{""value"":""758.0"",""label"":""DOWN'S SYNDROME""},{""value"":""369.0"",""label"":""BLINDNESS, BOTH EYES""},{""value"":""579.0"",""label"":""COELIAC DISEASE""},{""value"":""520.1"",""label"":""SUPERNUMERARY TEETH""},{""value"":""471.1"",""label"":""POLYP.SINUS DEGENER.""},{""value"":""742.1"",""label"":""MICROCEPHALUS""},{""value"":""743.1"",""label"":""MICROPHTHALMOS""},{""value"":""553.1"",""label"":""UMBILICAL HERNIA""},{""value"":""474.1"",""label"":""HYPERTRO.TONS.+ADEN.""},{""value"":""735.1"",""label"":""HALLUX VARUS(ACQ.)""},{""value"":""755.1"",""label"":""SYNDACTYLY""},{""value"":""685.1"",""label"":""PILONIDAL CYST N.AB.""},{""value"":""756.1"",""label"":""ANOMALIES OF SPINE""},{""value"":""796.1"",""label"":""ABNORMAL REFLEX""},{""value"":""487.1"",""label"":""INFLUENZA+OTH.RES.M.""},{""value"":""318.1"",""label"":""SEVERE MENTAL RETAR.""},{""value"":""228.1"",""label"":""LYMPHANGIOMA,ANY SI.""},{""value"":""368.1"",""label"":""SUBJ.VISU.DISTURBAN.""},{""value"":""478.1"",""label"":""OTH.DIS.NA.CAV+SINUS""},{""value"":""519.1"",""label"":""OTH.DIS.TRA+BR.N.E.C""},{""value"":""749.1"",""label"":""CLEFT LIP""},{""value"":""389.1"",""label"":""SENSORINEURAL DEAF.""},{""value"":""753.2"",""label"":""OB.DE.RENAL PEL+URET""},{""value"":""744.2"",""label"":""OTH.SP.ANOM. OF EAR""},{""value"":""754.2"",""label"":""CONG.DEF. OF SPINE""},{""value"":""755.2"",""label"":""REDU.DEF.UPPER LIMB""},{""value"":""785.2"",""label"":""FUNC+UNDIA.HEART MUR""},{""value"":""466.2"",""label"":""WHEEZY BRONCHITIS""},{""value"":""786.2"",""label"":""COUGH""},{""value"":""749.2"",""label"":""CLEFT PALATE + LIP""},{""value"":""750.3"",""label"":""TR-OES.FI,OES.AT+ST.""},{""value"":""742.3"",""label"":""CONG.HYDROCEPHALUS""},{""value"":""743.3"",""label"":""CONG.CATA+LENS ANOM.""},{""value"":""524.3"",""label"":""ANOM. TOOTH POSITION""},{""value"":""754.3"",""label"":""CONG.DISLOCATION HIP""},{""value"":""374.3"",""label"":""PTOSIS OF EYELID""},{""value"":""484.3"",""label"":""PNEUMONIA+WHOOPING C""},{""value"":""425.3"",""label"":""ENDOCARD.FIBROELAST.""},{""value"":""755.3"",""label"":""REDU.DEF.LOWER LIMB""},{""value"":""216.3"",""label"":""BE.NEOPLASM FACE SK.""},{""value"":""756.3"",""label"":""OTH.AN.RIBS+STERNUM""},{""value"":""747.3"",""label"":""AN.PULMONARY ARTERY""},{""value"":""757.3"",""label"":""OTH.SP.AN. SKIN""},{""value"":""429.3"",""label"":""CARDIOMEGALY""},{""value"":""289.3"",""label"":""LYMPHADENITIS U.X.ME""},{""value"":""389.3"",""label"":""CONG.DEAF CAUSE UNS.""},{""value"":""752.4"",""label"":""AN.CER,VAG+EX.FE.GE.""},{""value"":""783.4"",""label"":""LAC.NOR.PHYSIO.DEV.""},{""value"":""524.4"",""label"":""MALOCCLUSION UNSP.""},{""value"":""744.4"",""label"":""BRA.CL.CY.FI;PAUR.SI""},{""value"":""464.4"",""label"":""CROUP""},{""value"":""745.4"",""label"":""VENTRIC.SEPT.DEFECT""},{""value"":""216.4"",""label"":""BE.NEOPLASM NEK.SC.""},{""value"":""756.4"",""label"":""CHONDRODYSTROPHY""},{""value"":""750.5"",""label"":""CONG.HYPRT.PYL.STEN.""},{""value"":""752.5"",""label"":""UNDESCENDED TESTICLE""},{""value"":""524.5"",""label"":""DENTOFACIAL FUN.ABN.""},{""value"":""754.5"",""label"":""VARUS DEF. OF FEET""},{""value"":""755.5"",""label"":""OTH.A.U.LIMB+SH.GIRD""},{""value"":""216.5"",""label"":""BE. NEOPLASM TRUNK""},{""value"":""379.5"",""label"":""NYSTIGMUS+O.IR.EY.M.""},{""value"":""999.5"",""label"":""OTH. SERUM REACTION""},{""value"":""750.6"",""label"":""CONG. HIATUS HERNIA""},{""value"":""780.6"",""label"":""PYREXIA/FEVER N.O.S.""},{""value"":""752.6"",""label"":""HYPO+EPI-SPADIAS""},{""value"":""743.6"",""label"":""CONG.AN.EYEL.L-S+OR.""},{""value"":""754.6"",""label"":""VALGUS DEF. OF FEET""},{""value"":""755.6"",""label"":""OTH.AN.L.LIMB,PELVIS""},{""value"":""785.6"",""label"":""ENLARG.LYMPH NODES""},{""value"":""757.6"",""label"":""SP.AN.BREAST""},{""value"":""778.6"",""label"":""CONGENITAL HYDROCELE""},{""value"":""520.7"",""label"":""TEETHING SYNDROME""},{""value"":""333.7"",""label"":""SYMP.TORSI. DYSTONIA""},{""value"":""754.7"",""label"":""OTH.DEFORMITIES FEET""},{""value"":""216.7"",""label"":""BE.NEOPLASM LEG/HIP""},{""value"":""786.7"",""label"":""ABN. CHEST SOUNDS""},{""value"":""738.7"",""label"":""CAULIFLOWER EAR""},{""value"":""691.8"",""label"":""OTH.ATOPIC DERMATIT.""},{""value"":""752.8"",""label"":""OTH.SP.AN.GENITALS""},{""value"":""343.8"",""label"":""INFANTILE C.P. OTHER""},{""value"":""384.8"",""label"":""OTH.DISO.TYMP.MEMB.""},{""value"":""465.8"",""label"":""AC.U.RES.INF.O.M.SI.""},{""value"":""746.8"",""label"":""OTH.SP.AN. HEART""},{""value"":""756.8"",""label"":""OTH.SP.AN.M,T,FA+C-T""},{""value"":""608.8"",""label"":""OTH.DISO.M.GENITALS""},{""value"":""358.8"",""label"":""OTHER MYONEURAL DIS.""},{""value"":""519.8"",""label"":""OTH.D.RES.SYS.N.E.C.""},{""value"":""229.8"",""label"":""BE.NEOPLASM O.SP.SI.""},{""value"":""550.9"",""label"":""INGUINAL HERNIA""},{""value"":""090.9"",""label"":""CONG. SYPHILIS UNSP.""},{""value"":""741.9"",""label"":""SPIN.BIF.N.HYDROCEPH""},{""value"":""461.9"",""label"":""AC.SINUSITIS N.O.S.""},{""value"":""382.9"",""label"":""UNSP.OTITIS MEDIA""},{""value"":""743.9"",""label"":""UNSP. ANOM. OF EYE""},{""value"":""473.9"",""label"":""CHRON.UNSP.SINUSITIS""},{""value"":""054.9"",""label"":""HERPES SIMPLEX""},{""value"":""784.9"",""label"":""OTH.SYMP.HEAD+NECK""},{""value"":""315.9"",""label"":""DEV. DISORDER N.O.S.""},{""value"":""455.9"",""label"":""RESID.HAEMOID.SKIN""},{""value"":""755.9"",""label"":""UNSP.AN.UNSP.LIMB""},{""value"":""465.9"",""label"":""AC.U.RES.INF.UNS.SI.""},{""value"":""785.9"",""label"":""OTH.SYMP.CAR-VAS.SY.""},{""value"":""216.9"",""label"":""BE.NEOP.SKIN SI.USP.""},{""value"":""746.9"",""label"":""USP.ANOM. OF HEART""},{""value"":""737.9"",""label"":""CURVED SPINE USP.""},{""value"":""477.9"",""label"":""AL.RHINITIS CAU.UNSP""},{""value"":""229.9"",""label"":""BE.NEOP.SI.OTH+USP.""},{""value"":""389.9"",""label"":""UNSPECIF. DEAFNESS""},{""value"":""728.90"",""label"":""DIS.MU.LI+FA.US.M.SI""},{""value"":""728.94"",""label"":""DIS.MU.LI+FA.US.HAND""}]"
156,b0179,2nd CONG. ABNORMALITY CODED USING I.C.D.,NA,NA,NA,"[{""value"":""-1"",""label"":""NOT APPLICABLE""},{""value"":""-2"",""label"":""NOT KNOWN""},{""value"":""-3"",""label"":""NOT STATED""},{""value"":""-6"",""label"":""UNABLE TO EXAMINE""},{""value"":""460"",""label"":""ACUTE NASOPHARYNGIT.""},{""value"":""490"",""label"":""BRONCHITIS UNS.CH/AC""},{""value"":""462"",""label"":""ACUTE PHARYNGITIS""},{""value"":""463"",""label"":""ACUTE TONSILLITIS""},{""value"":""605"",""label"":""REDUN.PREPUCE+PHIMO.""},{""value"":""485"",""label"":""BRO-PNEUMONIA OR.USP""},{""value"":""487"",""label"":""INFLUENZA""},{""value"":""319"",""label"":""UNSP. MENTAL RETARD.""},{""value"":""750.0"",""label"":""TONGUE TIE""},{""value"":""741.0"",""label"":""SPIN.BIF+HYDROCEPH.""},{""value"":""372.0"",""label"":""ACUTE CONJUNCTIVITIS""},{""value"":""472.0"",""label"":""CHRONIC RHINITIS""},{""value"":""753.0"",""label"":""RENAL A+DYS-GENESIS""},{""value"":""373.0"",""label"":""BLEPHARITIS""},{""value"":""344.0"",""label"":""QUADRIPLEGIA""},{""value"":""744.0"",""label"":""AN. EAR CAU. DEAFN.""},{""value"":""754.0"",""label"":""CONG.DEF.SKU,FAC+JAW""},{""value"":""755.0"",""label"":""POLYDACTYLY""},{""value"":""416.0"",""label"":""PRIM.PULM.HYPERTENS.""},{""value"":""756.0"",""label"":""AN.SKULL+FACE BONES""},{""value"":""466.0"",""label"":""ACUTE BRONCHITIS""},{""value"":""786.0"",""label"":""BREATHING DIF.N.O.S.""},{""value"":""747.0"",""label"":""PAT. DUCT.ARTERIOSUS""},{""value"":""367.0"",""label"":""HYPERMETROPIA""},{""value"":""277.0"",""label"":""CYSTIC FIBROSIS""},{""value"":""228.0"",""label"":""HAEMANGIOMA ANY SITE""},{""value"":""758.0"",""label"":""DOWN'S SYNDROME""},{""value"":""369.0"",""label"":""BLINDNESS, BOTH EYES""},{""value"":""579.0"",""label"":""COELIAC DISEASE""},{""value"":""520.1"",""label"":""SUPERNUMERARY TEETH""},{""value"":""471.1"",""label"":""POLYP.SINUS DEGENER.""},{""value"":""742.1"",""label"":""MICROCEPHALUS""},{""value"":""743.1"",""label"":""MICROPHTHALMOS""},{""value"":""553.1"",""label"":""UMBILICAL HERNIA""},{""value"":""474.1"",""label"":""HYPERTRO.TONS.+ADEN.""},{""value"":""735.1"",""label"":""HALLUX VARUS(ACQ.)""},{""value"":""755.1"",""label"":""SYNDACTYLY""},{""value"":""685.1"",""label"":""PILONIDAL CYST N.AB.""},{""value"":""756.1"",""label"":""ANOMALIES OF SPINE""},{""value"":""796.1"",""label"":""ABNORMAL REFLEX""},{""value"":""487.1"",""label"":""INFLUENZA+OTH.RES.M.""},{""value"":""318.1"",""label"":""SEVERE MENTAL RETAR.""},{""value"":""228.1"",""label"":""LYMPHANGIOMA,ANY SI.""},{""value"":""368.1"",""label"":""SUBJ.VISU.DISTURBAN.""},{""value"":""478.1"",""label"":""OTH.DIS.NA.CAV+SINUS""},{""value"":""519.1"",""label"":""OTH.DIS.TRA+BR.N.E.C""},{""value"":""749.1"",""label"":""CLEFT LIP""},{""value"":""389.1"",""label"":""SENSORINEURAL DEAF.""},{""value"":""753.2"",""label"":""OB.DE.RENAL PEL+URET""},{""value"":""744.2"",""label"":""OTH.SP.ANOM. OF EAR""},{""value"":""754.2"",""label"":""CONG.DEF. OF SPINE""},{""value"":""755.2"",""label"":""REDU.DEF.UPPER LIMB""},{""value"":""785.2"",""label"":""FUNC+UNDIA.HEART MUR""},{""value"":""466.2"",""label"":""WHEEZY BRONCHITIS""},{""value"":""786.2"",""label"":""COUGH""},{""value"":""749.2"",""label"":""CLEFT PALATE + LIP""},{""value"":""750.3"",""label"":""TR-OES.FI,OES.AT+ST.""},{""value"":""742.3"",""label"":""CONG.HYDROCEPHALUS""},{""value"":""743.3"",""label"":""CONG.CATA+LENS ANOM.""},{""value"":""524.3"",""label"":""ANOM. TOOTH POSITION""},{""value"":""754.3"",""label"":""CONG.DISLOCATION HIP""},{""value"":""374.3"",""label"":""PTOSIS OF EYELID""},{""value"":""484.3"",""label"":""PNEUMONIA+WHOOPING C""},{""value"":""425.3"",""label"":""ENDOCARD.FIBROELAST.""},{""value"":""755.3"",""label"":""REDU.DEF.LOWER LIMB""},{""value"":""216.3"",""label"":""BE.NEOPLASM FACE SK.""},{""value"":""756.3"",""label"":""OTH.AN.RIBS+STERNUM""},{""value"":""747.3"",""label"":""AN.PULMONARY ARTERY""},{""value"":""757.3"",""label"":""OTH.SP.AN. SKIN""},{""value"":""429.3"",""label"":""CARDIOMEGALY""},{""value"":""289.3"",""label"":""LYMPHADENITIS U.X.ME""},{""value"":""389.3"",""label"":""CONG.DEAF CAUSE UNS.""},{""value"":""752.4"",""label"":""AN.CER,VAG+EX.FE.GE.""},{""value"":""783.4"",""label"":""LAC.NOR.PHYSIO.DEV.""},{""value"":""524.4"",""label"":""MALOCCLUSION UNSP.""},{""value"":""744.4"",""label"":""BRA.CL.CY.FI;PAUR.SI""},{""value"":""464.4"",""label"":""CROUP""},{""value"":""745.4"",""label"":""VENTRIC.SEPT.DEFECT""},{""value"":""216.4"",""label"":""BE.NEOPLASM NEK.SC.""},{""value"":""756.4"",""label"":""CHONDRODYSTROPHY""},{""value"":""750.5"",""label"":""CONG.HYPRT.PYL.STEN.""},{""value"":""752.5"",""label"":""UNDESCENDED TESTICLE""},{""value"":""524.5"",""label"":""DENTOFACIAL FUN.ABN.""},{""value"":""754.5"",""label"":""VARUS DEF. OF FEET""},{""value"":""755.5"",""label"":""OTH.A.U.LIMB+SH.GIRD""},{""value"":""216.5"",""label"":""BE. NEOPLASM TRUNK""},{""value"":""379.5"",""label"":""NYSTIGMUS+O.IR.EY.M.""},{""value"":""999.5"",""label"":""OTH. SERUM REACTION""},{""value"":""750.6"",""label"":""CONG. HIATUS HERNIA""},{""value"":""780.6"",""label"":""PYREXIA/FEVER N.O.S.""},{""value"":""752.6"",""label"":""HYPO+EPI-SPADIAS""},{""value"":""743.6"",""label"":""CONG.AN.EYEL.L-S+OR.""},{""value"":""754.6"",""label"":""VALGUS DEF. OF FEET""},{""value"":""755.6"",""label"":""OTH.AN.L.LIMB,PELVIS""},{""value"":""785.6"",""label"":""ENLARG.LYMPH NODES""},{""value"":""757.6"",""label"":""SP.AN.BREAST""},{""value"":""778.6"",""label"":""CONGENITAL HYDROCELE""},{""value"":""520.7"",""label"":""TEETHING SYNDROME""},{""value"":""333.7"",""label"":""SYMP.TORSI. DYSTONIA""},{""value"":""754.7"",""label"":""OTH.DEFORMITIES FEET""},{""value"":""216.7"",""label"":""BE.NEOPLASM LEG/HIP""},{""value"":""786.7"",""label"":""ABN. CHEST SOUNDS""},{""value"":""738.7"",""label"":""CAULIFLOWER EAR""},{""value"":""691.8"",""label"":""OTH.ATOPIC DERMATIT.""},{""value"":""752.8"",""label"":""OTH.SP.AN.GENITALS""},{""value"":""343.8"",""label"":""INFANTILE C.P. OTHER""},{""value"":""384.8"",""label"":""OTH.DISO.TYMP.MEMB.""},{""value"":""465.8"",""label"":""AC.U.RES.INF.O.M.SI.""},{""value"":""746.8"",""label"":""OTH.SP.AN. HEART""},{""value"":""756.8"",""label"":""OTH.SP.AN.M,T,FA+C-T""},{""value"":""608.8"",""label"":""OTH.DISO.M.GENITALS""},{""value"":""358.8"",""label"":""OTHER MYONEURAL DIS.""},{""value"":""519.8"",""label"":""OTH.D.RES.SYS.N.E.C.""},{""value"":""229.8"",""label"":""BE.NEOPLASM O.SP.SI.""},{""value"":""550.9"",""label"":""INGUINAL HERNIA""},{""value"":""090.9"",""label"":""CONG. SYPHILIS UNSP.""},{""value"":""741.9"",""label"":""SPIN.BIF.N.HYDROCEPH""},{""value"":""461.9"",""label"":""AC.SINUSITIS N.O.S.""},{""value"":""382.9"",""label"":""UNSP.OTITIS MEDIA""},{""value"":""743.9"",""label"":""UNSP. ANOM. OF EYE""},{""value"":""473.9"",""label"":""CHRON.UNSP.SINUSITIS""},{""value"":""054.9"",""label"":""HERPES SIMPLEX""},{""value"":""784.9"",""label"":""OTH.SYMP.HEAD+NECK""},{""value"":""315.9"",""label"":""DEV. DISORDER N.O.S.""},{""value"":""455.9"",""label"":""RESID.HAEMOID.SKIN""},{""value"":""755.9"",""label"":""UNSP.AN.UNSP.LIMB""},{""value"":""465.9"",""label"":""AC.U.RES.INF.UNS.SI.""},{""value"":""785.9"",""label"":""OTH.SYMP.CAR-VAS.SY.""},{""value"":""216.9"",""label"":""BE.NEOP.SKIN SI.USP.""},{""value"":""746.9"",""label"":""USP.ANOM. OF HEART""},{""value"":""737.9"",""label"":""CURVED SPINE USP.""},{""value"":""477.9"",""label"":""AL.RHINITIS CAU.UNSP""},{""value"":""229.9"",""label"":""BE.NEOP.SI.OTH+USP.""},{""value"":""389.9"",""label"":""UNSPECIF. DEAFNESS""},{""value"":""728.90"",""label"":""DIS.MU.LI+FA.US.M.SI""},{""value"":""728.94"",""label"":""DIS.MU.LI+FA.US.HAND""}]"
157,b0180,3rd CONG. ABNORMALITY CODED USING I.C.D.,NA,NA,NA,"[{""value"":""-1"",""label"":""NOT APPLICABLE""},{""value"":""-2"",""label"":""NOT KNOWN""},{""value"":""-3"",""label"":""NOT STATED""},{""value"":""-6"",""label"":""UNABLE TO EXAMINE""},{""value"":""460"",""label"":""ACUTE NASOPHARYNGIT.""},{""value"":""490"",""label"":""BRONCHITIS UNS.CH/AC""},{""value"":""462"",""label"":""ACUTE PHARYNGITIS""},{""value"":""463"",""label"":""ACUTE TONSILLITIS""},{""value"":""605"",""label"":""REDUN.PREPUCE+PHIMO.""},{""value"":""485"",""label"":""BRO-PNEUMONIA OR.USP""},{""value"":""487"",""label"":""INFLUENZA""},{""value"":""319"",""label"":""UNSP. MENTAL RETARD.""},{""value"":""750.0"",""label"":""TONGUE TIE""},{""value"":""741.0"",""label"":""SPIN.BIF+HYDROCEPH.""},{""value"":""372.0"",""label"":""ACUTE CONJUNCTIVITIS""},{""value"":""472.0"",""label"":""CHRONIC RHINITIS""},{""value"":""753.0"",""label"":""RENAL A+DYS-GENESIS""},{""value"":""373.0"",""label"":""BLEPHARITIS""},{""value"":""344.0"",""label"":""QUADRIPLEGIA""},{""value"":""744.0"",""label"":""AN. EAR CAU. DEAFN.""},{""value"":""754.0"",""label"":""CONG.DEF.SKU,FAC+JAW""},{""value"":""755.0"",""label"":""POLYDACTYLY""},{""value"":""416.0"",""label"":""PRIM.PULM.HYPERTENS.""},{""value"":""756.0"",""label"":""AN.SKULL+FACE BONES""},{""value"":""466.0"",""label"":""ACUTE BRONCHITIS""},{""value"":""786.0"",""label"":""BREATHING DIF.N.O.S.""},{""value"":""747.0"",""label"":""PAT. DUCT.ARTERIOSUS""},{""value"":""367.0"",""label"":""HYPERMETROPIA""},{""value"":""277.0"",""label"":""CYSTIC FIBROSIS""},{""value"":""228.0"",""label"":""HAEMANGIOMA ANY SITE""},{""value"":""758.0"",""label"":""DOWN'S SYNDROME""},{""value"":""369.0"",""label"":""BLINDNESS, BOTH EYES""},{""value"":""579.0"",""label"":""COELIAC DISEASE""},{""value"":""520.1"",""label"":""SUPERNUMERARY TEETH""},{""value"":""471.1"",""label"":""POLYP.SINUS DEGENER.""},{""value"":""742.1"",""label"":""MICROCEPHALUS""},{""value"":""743.1"",""label"":""MICROPHTHALMOS""},{""value"":""553.1"",""label"":""UMBILICAL HERNIA""},{""value"":""474.1"",""label"":""HYPERTRO.TONS.+ADEN.""},{""value"":""735.1"",""label"":""HALLUX VARUS(ACQ.)""},{""value"":""755.1"",""label"":""SYNDACTYLY""},{""value"":""685.1"",""label"":""PILONIDAL CYST N.AB.""},{""value"":""756.1"",""label"":""ANOMALIES OF SPINE""},{""value"":""796.1"",""label"":""ABNORMAL REFLEX""},{""value"":""487.1"",""label"":""INFLUENZA+OTH.RES.M.""},{""value"":""318.1"",""label"":""SEVERE MENTAL RETAR.""},{""value"":""228.1"",""label"":""LYMPHANGIOMA,ANY SI.""},{""value"":""368.1"",""label"":""SUBJ.VISU.DISTURBAN.""},{""value"":""478.1"",""label"":""OTH.DIS.NA.CAV+SINUS""},{""value"":""519.1"",""label"":""OTH.DIS.TRA+BR.N.E.C""},{""value"":""749.1"",""label"":""CLEFT LIP""},{""value"":""389.1"",""label"":""SENSORINEURAL DEAF.""},{""value"":""753.2"",""label"":""OB.DE.RENAL PEL+URET""},{""value"":""744.2"",""label"":""OTH.SP.ANOM. OF EAR""},{""value"":""754.2"",""label"":""CONG.DEF. OF SPINE""},{""value"":""755.2"",""label"":""REDU.DEF.UPPER LIMB""},{""value"":""785.2"",""label"":""FUNC+UNDIA.HEART MUR""},{""value"":""466.2"",""label"":""WHEEZY BRONCHITIS""},{""value"":""786.2"",""label"":""COUGH""},{""value"":""749.2"",""label"":""CLEFT PALATE + LIP""},{""value"":""750.3"",""label"":""TR-OES.FI,OES.AT+ST.""},{""value"":""742.3"",""label"":""CONG.HYDROCEPHALUS""},{""value"":""743.3"",""label"":""CONG.CATA+LENS ANOM.""},{""value"":""524.3"",""label"":""ANOM. TOOTH POSITION""},{""value"":""754.3"",""label"":""CONG.DISLOCATION HIP""},{""value"":""374.3"",""label"":""PTOSIS OF EYELID""},{""value"":""484.3"",""label"":""PNEUMONIA+WHOOPING C""},{""value"":""425.3"",""label"":""ENDOCARD.FIBROELAST.""},{""value"":""755.3"",""label"":""REDU.DEF.LOWER LIMB""},{""value"":""216.3"",""label"":""BE.NEOPLASM FACE SK.""},{""value"":""756.3"",""label"":""OTH.AN.RIBS+STERNUM""},{""value"":""747.3"",""label"":""AN.PULMONARY ARTERY""},{""value"":""757.3"",""label"":""OTH.SP.AN. SKIN""},{""value"":""429.3"",""label"":""CARDIOMEGALY""},{""value"":""289.3"",""label"":""LYMPHADENITIS U.X.ME""},{""value"":""389.3"",""label"":""CONG.DEAF CAUSE UNS.""},{""value"":""752.4"",""label"":""AN.CER,VAG+EX.FE.GE.""},{""value"":""783.4"",""label"":""LAC.NOR.PHYSIO.DEV.""},{""value"":""524.4"",""label"":""MALOCCLUSION UNSP.""},{""value"":""744.4"",""label"":""BRA.CL.CY.FI;PAUR.SI""},{""value"":""464.4"",""label"":""CROUP""},{""value"":""745.4"",""label"":""VENTRIC.SEPT.DEFECT""},{""value"":""216.4"",""label"":""BE.NEOPLASM NEK.SC.""},{""value"":""756.4"",""label"":""CHONDRODYSTROPHY""},{""value"":""750.5"",""label"":""CONG.HYPRT.PYL.STEN.""},{""value"":""752.5"",""label"":""UNDESCENDED TESTICLE""},{""value"":""524.5"",""label"":""DENTOFACIAL FUN.ABN.""},{""value"":""754.5"",""label"":""VARUS DEF. OF FEET""},{""value"":""755.5"",""label"":""OTH.A.U.LIMB+SH.GIRD""},{""value"":""216.5"",""label"":""BE. NEOPLASM TRUNK""},{""value"":""379.5"",""label"":""NYSTIGMUS+O.IR.EY.M.""},{""value"":""999.5"",""label"":""OTH. SERUM REACTION""},{""value"":""750.6"",""label"":""CONG. HIATUS HERNIA""},{""value"":""780.6"",""label"":""PYREXIA/FEVER N.O.S.""},{""value"":""752.6"",""label"":""HYPO+EPI-SPADIAS""},{""value"":""743.6"",""label"":""CONG.AN.EYEL.L-S+OR.""},{""value"":""754.6"",""label"":""VALGUS DEF. OF FEET""},{""value"":""755.6"",""label"":""OTH.AN.L.LIMB,PELVIS""},{""value"":""785.6"",""label"":""ENLARG.LYMPH NODES""},{""value"":""757.6"",""label"":""SP.AN.BREAST""},{""value"":""778.6"",""label"":""CONGENITAL HYDROCELE""},{""value"":""520.7"",""label"":""TEETHING SYNDROME""},{""value"":""333.7"",""label"":""SYMP.TORSI. DYSTONIA""},{""value"":""754.7"",""label"":""OTH.DEFORMITIES FEET""},{""value"":""216.7"",""label"":""BE.NEOPLASM LEG/HIP""},{""value"":""786.7"",""label"":""ABN. CHEST SOUNDS""},{""value"":""738.7"",""label"":""CAULIFLOWER EAR""},{""value"":""691.8"",""label"":""OTH.ATOPIC DERMATIT.""},{""value"":""752.8"",""label"":""OTH.SP.AN.GENITALS""},{""value"":""343.8"",""label"":""INFANTILE C.P. OTHER""},{""value"":""384.8"",""label"":""OTH.DISO.TYMP.MEMB.""},{""value"":""465.8"",""label"":""AC.U.RES.INF.O.M.SI.""},{""value"":""746.8"",""label"":""OTH.SP.AN. HEART""},{""value"":""756.8"",""label"":""OTH.SP.AN.M,T,FA+C-T""},{""value"":""608.8"",""label"":""OTH.DISO.M.GENITALS""},{""value"":""358.8"",""label"":""OTHER MYONEURAL DIS.""},{""value"":""519.8"",""label"":""OTH.D.RES.SYS.N.E.C.""},{""value"":""229.8"",""label"":""BE.NEOPLASM O.SP.SI.""},{""value"":""550.9"",""label"":""INGUINAL HERNIA""},{""value"":""090.9"",""label"":""CONG. SYPHILIS UNSP.""},{""value"":""741.9"",""label"":""SPIN.BIF.N.HYDROCEPH""},{""value"":""461.9"",""label"":""AC.SINUSITIS N.O.S.""},{""value"":""382.9"",""label"":""UNSP.OTITIS MEDIA""},{""value"":""743.9"",""label"":""UNSP. ANOM. OF EYE""},{""value"":""473.9"",""label"":""CHRON.UNSP.SINUSITIS""},{""value"":""054.9"",""label"":""HERPES SIMPLEX""},{""value"":""784.9"",""label"":""OTH.SYMP.HEAD+NECK""},{""value"":""315.9"",""label"":""DEV. DISORDER N.O.S.""},{""value"":""455.9"",""label"":""RESID.HAEMOID.SKIN""},{""value"":""755.9"",""label"":""UNSP.AN.UNSP.LIMB""},{""value"":""465.9"",""label"":""AC.U.RES.INF.UNS.SI.""},{""value"":""785.9"",""label"":""OTH.SYMP.CAR-VAS.SY.""},{""value"":""216.9"",""label"":""BE.NEOP.SKIN SI.USP.""},{""value"":""746.9"",""label"":""USP.ANOM. OF HEART""},{""value"":""737.9"",""label"":""CURVED SPINE USP.""},{""value"":""477.9"",""label"":""AL.RHINITIS CAU.UNSP""},{""value"":""229.9"",""label"":""BE.NEOP.SI.OTH+USP.""},{""value"":""389.9"",""label"":""UNSPECIF. DEAFNESS""},{""value"":""728.90"",""label"":""DIS.MU.LI+FA.US.M.SI""},{""value"":""728.94"",""label"":""DIS.MU.LI+FA.US.HAND""}]"
158,b0181,4th CONG. ABNORMALITY CODED USING I.C.D.,NA,NA,NA,"[{""value"":""-1"",""label"":""NOT APPLICABLE""},{""value"":""-2"",""label"":""NOT KNOWN""},{""value"":""-3"",""label"":""NOT STATED""},{""value"":""-6"",""label"":""UNABLE TO EXAMINE""},{""value"":""460"",""label"":""ACUTE NASOPHARYNGIT.""},{""value"":""490"",""label"":""BRONCHITIS UNS.CH/AC""},{""value"":""462"",""label"":""ACUTE PHARYNGITIS""},{""value"":""463"",""label"":""ACUTE TONSILLITIS""},{""value"":""605"",""label"":""REDUN.PREPUCE+PHIMO.""},{""value"":""485"",""label"":""BRO-PNEUMONIA OR.USP""},{""value"":""487"",""label"":""INFLUENZA""},{""value"":""319"",""label"":""UNSP. MENTAL RETARD.""},{""value"":""750.0"",""label"":""TONGUE TIE""},{""value"":""741.0"",""label"":""SPIN.BIF+HYDROCEPH.""},{""value"":""372.0"",""label"":""ACUTE CONJUNCTIVITIS""},{""value"":""472.0"",""label"":""CHRONIC RHINITIS""},{""value"":""753.0"",""label"":""RENAL A+DYS-GENESIS""},{""value"":""373.0"",""label"":""BLEPHARITIS""},{""value"":""344.0"",""label"":""QUADRIPLEGIA""},{""value"":""744.0"",""label"":""AN. EAR CAU. DEAFN.""},{""value"":""754.0"",""label"":""CONG.DEF.SKU,FAC+JAW""},{""value"":""755.0"",""label"":""POLYDACTYLY""},{""value"":""416.0"",""label"":""PRIM.PULM.HYPERTENS.""},{""value"":""756.0"",""label"":""AN.SKULL+FACE BONES""},{""value"":""466.0"",""label"":""ACUTE BRONCHITIS""},{""value"":""786.0"",""label"":""BREATHING DIF.N.O.S.""},{""value"":""747.0"",""label"":""PAT. DUCT.ARTERIOSUS""},{""value"":""367.0"",""label"":""HYPERMETROPIA""},{""value"":""277.0"",""label"":""CYSTIC FIBROSIS""},{""value"":""228.0"",""label"":""HAEMANGIOMA ANY SITE""},{""value"":""758.0"",""label"":""DOWN'S SYNDROME""},{""value"":""369.0"",""label"":""BLINDNESS, BOTH EYES""},{""value"":""579.0"",""label"":""COELIAC DISEASE""},{""value"":""520.1"",""label"":""SUPERNUMERARY TEETH""},{""value"":""471.1"",""label"":""POLYP.SINUS DEGENER.""},{""value"":""742.1"",""label"":""MICROCEPHALUS""},{""value"":""743.1"",""label"":""MICROPHTHALMOS""},{""value"":""553.1"",""label"":""UMBILICAL HERNIA""},{""value"":""474.1"",""label"":""HYPERTRO.TONS.+ADEN.""},{""value"":""735.1"",""label"":""HALLUX VARUS(ACQ.)""},{""value"":""755.1"",""label"":""SYNDACTYLY""},{""value"":""685.1"",""label"":""PILONIDAL CYST N.AB.""},{""value"":""756.1"",""label"":""ANOMALIES OF SPINE""},{""value"":""796.1"",""label"":""ABNORMAL REFLEX""},{""value"":""487.1"",""label"":""INFLUENZA+OTH.RES.M.""},{""value"":""318.1"",""label"":""SEVERE MENTAL RETAR.""},{""value"":""228.1"",""label"":""LYMPHANGIOMA,ANY SI.""},{""value"":""368.1"",""label"":""SUBJ.VISU.DISTURBAN.""},{""value"":""478.1"",""label"":""OTH.DIS.NA.CAV+SINUS""},{""value"":""519.1"",""label"":""OTH.DIS.TRA+BR.N.E.C""},{""value"":""749.1"",""label"":""CLEFT LIP""},{""value"":""389.1"",""label"":""SENSORINEURAL DEAF.""},{""value"":""753.2"",""label"":""OB.DE.RENAL PEL+URET""},{""value"":""744.2"",""label"":""OTH.SP.ANOM. OF EAR""},{""value"":""754.2"",""label"":""CONG.DEF. OF SPINE""},{""value"":""755.2"",""label"":""REDU.DEF.UPPER LIMB""},{""value"":""785.2"",""label"":""FUNC+UNDIA.HEART MUR""},{""value"":""466.2"",""label"":""WHEEZY BRONCHITIS""},{""value"":""786.2"",""label"":""COUGH""},{""value"":""749.2"",""label"":""CLEFT PALATE + LIP""},{""value"":""750.3"",""label"":""TR-OES.FI,OES.AT+ST.""},{""value"":""742.3"",""label"":""CONG.HYDROCEPHALUS""},{""value"":""743.3"",""label"":""CONG.CATA+LENS ANOM.""},{""value"":""524.3"",""label"":""ANOM. TOOTH POSITION""},{""value"":""754.3"",""label"":""CONG.DISLOCATION HIP""},{""value"":""374.3"",""label"":""PTOSIS OF EYELID""},{""value"":""484.3"",""label"":""PNEUMONIA+WHOOPING C""},{""value"":""425.3"",""label"":""ENDOCARD.FIBROELAST.""},{""value"":""755.3"",""label"":""REDU.DEF.LOWER LIMB""},{""value"":""216.3"",""label"":""BE.NEOPLASM FACE SK.""},{""value"":""756.3"",""label"":""OTH.AN.RIBS+STERNUM""},{""value"":""747.3"",""label"":""AN.PULMONARY ARTERY""},{""value"":""757.3"",""label"":""OTH.SP.AN. SKIN""},{""value"":""429.3"",""label"":""CARDIOMEGALY""},{""value"":""289.3"",""label"":""LYMPHADENITIS U.X.ME""},{""value"":""389.3"",""label"":""CONG.DEAF CAUSE UNS.""},{""value"":""752.4"",""label"":""AN.CER,VAG+EX.FE.GE.""},{""value"":""783.4"",""label"":""LAC.NOR.PHYSIO.DEV.""},{""value"":""524.4"",""label"":""MALOCCLUSION UNSP.""},{""value"":""744.4"",""label"":""BRA.CL.CY.FI;PAUR.SI""},{""value"":""464.4"",""label"":""CROUP""},{""value"":""745.4"",""label"":""VENTRIC.SEPT.DEFECT""},{""value"":""216.4"",""label"":""BE.NEOPLASM NEK.SC.""},{""value"":""756.4"",""label"":""CHONDRODYSTROPHY""},{""value"":""750.5"",""label"":""CONG.HYPRT.PYL.STEN.""},{""value"":""752.5"",""label"":""UNDESCENDED TESTICLE""},{""value"":""524.5"",""label"":""DENTOFACIAL FUN.ABN.""},{""value"":""754.5"",""label"":""VARUS DEF. OF FEET""},{""value"":""755.5"",""label"":""OTH.A.U.LIMB+SH.GIRD""},{""value"":""216.5"",""label"":""BE. NEOPLASM TRUNK""},{""value"":""379.5"",""label"":""NYSTIGMUS+O.IR.EY.M.""},{""value"":""999.5"",""label"":""OTH. SERUM REACTION""},{""value"":""750.6"",""label"":""CONG. HIATUS HERNIA""},{""value"":""780.6"",""label"":""PYREXIA/FEVER N.O.S.""},{""value"":""752.6"",""label"":""HYPO+EPI-SPADIAS""},{""value"":""743.6"",""label"":""CONG.AN.EYEL.L-S+OR.""},{""value"":""754.6"",""label"":""VALGUS DEF. OF FEET""},{""value"":""755.6"",""label"":""OTH.AN.L.LIMB,PELVIS""},{""value"":""785.6"",""label"":""ENLARG.LYMPH NODES""},{""value"":""757.6"",""label"":""SP.AN.BREAST""},{""value"":""778.6"",""label"":""CONGENITAL HYDROCELE""},{""value"":""520.7"",""label"":""TEETHING SYNDROME""},{""value"":""333.7"",""label"":""SYMP.TORSI. DYSTONIA""},{""value"":""754.7"",""label"":""OTH.DEFORMITIES FEET""},{""value"":""216.7"",""label"":""BE.NEOPLASM LEG/HIP""},{""value"":""786.7"",""label"":""ABN. CHEST SOUNDS""},{""value"":""738.7"",""label"":""CAULIFLOWER EAR""},{""value"":""691.8"",""label"":""OTH.ATOPIC DERMATIT.""},{""value"":""752.8"",""label"":""OTH.SP.AN.GENITALS""},{""value"":""343.8"",""label"":""INFANTILE C.P. OTHER""},{""value"":""384.8"",""label"":""OTH.DISO.TYMP.MEMB.""},{""value"":""465.8"",""label"":""AC.U.RES.INF.O.M.SI.""},{""value"":""746.8"",""label"":""OTH.SP.AN. HEART""},{""value"":""756.8"",""label"":""OTH.SP.AN.M,T,FA+C-T""},{""value"":""608.8"",""label"":""OTH.DISO.M.GENITALS""},{""value"":""358.8"",""label"":""OTHER MYONEURAL DIS.""},{""value"":""519.8"",""label"":""OTH.D.RES.SYS.N.E.C.""},{""value"":""229.8"",""label"":""BE.NEOPLASM O.SP.SI.""},{""value"":""550.9"",""label"":""INGUINAL HERNIA""},{""value"":""090.9"",""label"":""CONG. SYPHILIS UNSP.""},{""value"":""741.9"",""label"":""SPIN.BIF.N.HYDROCEPH""},{""value"":""461.9"",""label"":""AC.SINUSITIS N.O.S.""},{""value"":""382.9"",""label"":""UNSP.OTITIS MEDIA""},{""value"":""743.9"",""label"":""UNSP. ANOM. OF EYE""},{""value"":""473.9"",""label"":""CHRON.UNSP.SINUSITIS""},{""value"":""054.9"",""label"":""HERPES SIMPLEX""},{""value"":""784.9"",""label"":""OTH.SYMP.HEAD+NECK""},{""value"":""315.9"",""label"":""DEV. DISORDER N.O.S.""},{""value"":""455.9"",""label"":""RESID.HAEMOID.SKIN""},{""value"":""755.9"",""label"":""UNSP.AN.UNSP.LIMB""},{""value"":""465.9"",""label"":""AC.U.RES.INF.UNS.SI.""},{""value"":""785.9"",""label"":""OTH.SYMP.CAR-VAS.SY.""},{""value"":""216.9"",""label"":""BE.NEOP.SKIN SI.USP.""},{""value"":""746.9"",""label"":""USP.ANOM. OF HEART""},{""value"":""737.9"",""label"":""CURVED SPINE USP.""},{""value"":""477.9"",""label"":""AL.RHINITIS CAU.UNSP""},{""value"":""229.9"",""label"":""BE.NEOP.SI.OTH+USP.""},{""value"":""389.9"",""label"":""UNSPECIF. DEAFNESS""},{""value"":""728.90"",""label"":""DIS.MU.LI+FA.US.M.SI""},{""value"":""728.94"",""label"":""DIS.MU.LI+FA.US.HAND""}]"
159,b0190,CODE FOR PLACE OF EXAMINATION,numeric,ORDINAL,NA,"[{""value"":""-6.0"",""label"":""UNABLE TO EXAMINE""},{""value"":""-3.0"",""label"":""NOT STATED""},{""value"":""-2.0"",""label"":""NOT KNOWN""},{""value"":""-1.0"",""label"":""NOT APPLICABLE""},{""value"":""1.0"",""label"":""HOSPITAL""},{""value"":""2.0"",""label"":""HEALTH CENTRE""},{""value"":""3.0"",""label"":""G.P.'S SURGERY""},{""value"":""4.0"",""label"":""CHILD'S HOME""},{""value"":""5.0"",""label"":""CHILD'S SCHOOL""},{""value"":""6.0"",""label"":""OTHER""}]"
160,b0191,CODE FOR POSITION OF EXAMINER,numeric,ORDINAL,NA,"[{""value"":""-6.0"",""label"":""UNABLE TO EXAMINE""},{""value"":""-3.0"",""label"":""NOT STATED""},{""value"":""-2.0"",""label"":""NOT KNOWN""},{""value"":""-1.0"",""label"":""NOT APPLICABLE""},{""value"":""1.0"",""label"":""SNR. MEDICAL OFFICER""},{""value"":""2.0"",""label"":""MEDICAL OFFICER""},{""value"":""3.0"",""label"":""ASS. MEDICAL OFFICER""},{""value"":""4.0"",""label"":""GENERAL PRACTITIONER""},{""value"":""5.0"",""label"":""HEALTH VISITOR""},{""value"":""6.0"",""label"":""OTHER""}]"
