pos,variable,variable_label,variable_type,measurement_level,spss_user_missing_values,value_labels_json
1,bcsid,research case identifier,NA,NA,NA,[]
2,econo,Economic activity history loop number,numeric,NOMINAL,-10.0 thru -1.0,"[{""value"": ""-9.0"", ""label"": ""Refused""}, {""value"": ""-8.0"", ""label"": ""Don't know""}, {""value"": ""-3.0"", ""label"": ""Not asked at case fieldwork stage""}, {""value"": ""-2.0"", ""label"": ""Not asked due to scripting/routing error""}, {""value"": ""-1.0"", ""label"": ""Not applicable""}]"
3,b11dactiv4,Derived variable to set textfill for economic activity loop,numeric,NOMINAL,-10.0 thru -1.0,"[{""value"": ""-9.0"", ""label"": ""Refused""}, {""value"": ""-8.0"", ""label"": ""Don't know""}, {""value"": ""-3.0"", ""label"": ""Not asked at case fieldwork stage""}, {""value"": ""-2.0"", ""label"": ""Not asked due to scripting/routing error""}, {""value"": ""-1.0"", ""label"": ""Not applicable""}, {""value"": ""1.0"", ""label"": ""Full-time paid employee""}, {""value"": ""2.0"", ""label"": ""Part-time paid employee""}, {""value"": ""3.0"", ""label"": ""Full-time self-employed""}, {""value"": ""4.0"", ""label"": ""Part-time self-employed""}, {""value"": ""5.0"", ""label"": ""Unemployed and seeking work""}, {""value"": ""6.0"", ""label"": ""In full-time education""}, {""value"": ""7.0"", ""label"": ""On a government scheme for employment training""}, {""value"": ""8.0"", ""label"": ""Temporarily sick/disabled""}, {""value"": ""9.0"", ""label"": ""Long term sick/disabled""}, {""value"": ""10.0"", ""label"": ""Looking after home or family""}, {""value"": ""11.0"", ""label"": ""Wholly retired""}, {""value"": ""12.0"", ""label"": ""Something else""}, {""value"": ""13.0"", ""label"": ""DK/REF""}]"
4,b11cljyend,Main reason stopped that period of employment/self-employment,numeric,NOMINAL,-10.0 thru -1.0,"[{""value"": ""-9.0"", ""label"": ""Refused""}, {""value"": ""-8.0"", ""label"": ""Don't know""}, {""value"": ""-3.0"", ""label"": ""Not asked at case fieldwork stage""}, {""value"": ""-2.0"", ""label"": ""Not asked due to scripting/routing error""}, {""value"": ""-1.0"", ""label"": ""Not applicable""}, {""value"": ""1.0"", ""label"": ""Fixed term or temporary job ended""}, {""value"": ""2.0"", ""label"": ""Made redundant""}, {""value"": ""3.0"", ""label"": ""Voluntary redundancy""}, {""value"": ""4.0"", ""label"": ""Dismissed from a job""}, {""value"": ""5.0"", ""label"": ""Retired""}, {""value"": ""6.0"", ""label"": ""Left job for health reasons""}, {""value"": ""7.0"", ""label"": ""Career break""}, {""value"": ""8.0"", ""label"": ""More money""}, {""value"": ""9.0"", ""label"": ""Better job""}, {""value"": ""10.0"", ""label"": ""Firm closed down or business failed""}, {""value"": ""11.0"", ""label"": ""Left to care for family member""}, {""value"": ""12.0"", ""label"": ""Moved to a different area""}, {""value"": ""13.0"", ""label"": ""Just decided to leave""}, {""value"": ""50.0"", ""label"": ""Changed work pattern e.g. Full time to part-time""}, {""value"": ""51.0"", ""label"": ""Started own business/became self-employed""}, {""value"": ""52.0"", ""label"": ""Bad relationship in previous job""}, {""value"": ""53.0"", ""label"": ""Better work-life balance/better commute""}, {""value"": ""54.0"", ""label"": ""Change in family circumstances""}, {""value"": ""55.0"", ""label"": ""COVID-related reasons""}, {""value"": ""56.0"", ""label"": ""Reduced hours""}, {""value"": ""57.0"", ""label"": ""Increased hours""}, {""value"": ""58.0"", ""label"": ""To study""}, {""value"": ""59.0"", ""label"": ""Business owner changed, still work there""}, {""value"": ""906.0"", ""label"": ""Other specific answer not in codeframe""}, {""value"": ""907.0"", ""label"": ""None of the above""}, {""value"": ""908.0"", ""label"": ""Don't know""}, {""value"": ""909.0"", ""label"": ""Prefer not to answer""}, {""value"": ""920.0"", ""label"": ""Vague or irrelevant answer""}, {""value"": ""930.0"", ""label"": ""Editor unable to code""}]"
5,b11clendmo,When period of economic activity ended - month,numeric,NOMINAL,-10.0 thru -1.0,"[{""value"": ""-9.0"", ""label"": ""Refused""}, {""value"": ""-8.0"", ""label"": ""Don't know""}, {""value"": ""-3.0"", ""label"": ""Not asked at case fieldwork stage""}, {""value"": ""-2.0"", ""label"": ""Not asked due to scripting/routing error""}, {""value"": ""-1.0"", ""label"": ""Not applicable""}, {""value"": ""1.0"", ""label"": ""January""}, {""value"": ""2.0"", ""label"": ""February""}, {""value"": ""3.0"", ""label"": ""March""}, {""value"": ""4.0"", ""label"": ""April""}, {""value"": ""5.0"", ""label"": ""May""}, {""value"": ""6.0"", ""label"": ""June""}, {""value"": ""7.0"", ""label"": ""July""}, {""value"": ""8.0"", ""label"": ""August""}, {""value"": ""9.0"", ""label"": ""September""}, {""value"": ""10.0"", ""label"": ""October""}, {""value"": ""11.0"", ""label"": ""November""}, {""value"": ""12.0"", ""label"": ""December""}]"
6,b11clendyr,When period of economic activity ended – year,numeric,SCALE,-10.0 thru -1.0,"[{""value"": ""-9.0"", ""label"": ""Refused""}, {""value"": ""-8.0"", ""label"": ""Don't know""}, {""value"": ""-3.0"", ""label"": ""Not asked at case fieldwork stage""}, {""value"": ""-2.0"", ""label"": ""Not asked due to scripting/routing error""}, {""value"": ""-1.0"", ""label"": ""Not applicable""}]"
7,b11clactivity2,Next economic activity,numeric,NOMINAL,-10.0 thru -1.0,"[{""value"": ""-9.0"", ""label"": ""Refused""}, {""value"": ""-8.0"", ""label"": ""Don't know""}, {""value"": ""-3.0"", ""label"": ""Not asked at case fieldwork stage""}, {""value"": ""-2.0"", ""label"": ""Not asked due to scripting/routing error""}, {""value"": ""-1.0"", ""label"": ""Not applicable""}, {""value"": ""1.0"", ""label"": ""Employee - in paid work""}, {""value"": ""2.0"", ""label"": ""Self-employed""}, {""value"": ""3.0"", ""label"": ""Unemployed and seeking work""}, {""value"": ""4.0"", ""label"": ""In full-time education""}, {""value"": ""5.0"", ""label"": ""On a government scheme for employment training""}, {""value"": ""6.0"", ""label"": ""Sick or disabled""}, {""value"": ""7.0"", ""label"": ""Looking after home or family""}, {""value"": ""8.0"", ""label"": ""Wholly retired""}, {""value"": ""50.0"", ""label"": ""Career break""}, {""value"": ""906.0"", ""label"": ""Other specific answer""}]"
8,b11clpaidwk,Whether working full or part-time,numeric,NOMINAL,-10.0 thru -1.0,"[{""value"": ""-9.0"", ""label"": ""Refused""}, {""value"": ""-8.0"", ""label"": ""Don't know""}, {""value"": ""-3.0"", ""label"": ""Not asked at case fieldwork stage""}, {""value"": ""-2.0"", ""label"": ""Not asked due to scripting/routing error""}, {""value"": ""-1.0"", ""label"": ""Not applicable""}, {""value"": ""1.0"", ""label"": ""Full-time (30 or more hours a week)""}, {""value"": ""2.0"", ""label"": ""Part-time (under 30 hours a week)""}]"
9,b11clsickdis,Whether temporarily or long-term sick/disabled,numeric,NOMINAL,-10.0 thru -1.0,"[{""value"": ""-9.0"", ""label"": ""Refused""}, {""value"": ""-8.0"", ""label"": ""Don't know""}, {""value"": ""-3.0"", ""label"": ""Not asked at case fieldwork stage""}, {""value"": ""-2.0"", ""label"": ""Not asked due to scripting/routing error""}, {""value"": ""-1.0"", ""label"": ""Not applicable""}, {""value"": ""1.0"", ""label"": ""Temporarily sick or disabled""}, {""value"": ""2.0"", ""label"": ""Long-term sick or disabled""}]"
10,b11dactiv3,Next economic activity (derived),numeric,NOMINAL,-10.0 thru -1.0,"[{""value"": ""-9.0"", ""label"": ""Refused""}, {""value"": ""-8.0"", ""label"": ""Don't know""}, {""value"": ""-3.0"", ""label"": ""Not asked at case fieldwork stage""}, {""value"": ""-2.0"", ""label"": ""Not asked due to scripting/routing error""}, {""value"": ""-1.0"", ""label"": ""Not applicable""}, {""value"": ""1.0"", ""label"": ""Full-time paid employee""}, {""value"": ""2.0"", ""label"": ""Part-time paid employee""}, {""value"": ""3.0"", ""label"": ""Full-time self-employed""}, {""value"": ""4.0"", ""label"": ""Part-time self-employed""}, {""value"": ""5.0"", ""label"": ""Unemployed and seeking work""}, {""value"": ""6.0"", ""label"": ""In full-time education""}, {""value"": ""7.0"", ""label"": ""On a government scheme for employment training""}, {""value"": ""8.0"", ""label"": ""Temporarily sick/disabled""}, {""value"": ""9.0"", ""label"": ""Long term sick/disabled""}, {""value"": ""10.0"", ""label"": ""Looking after home or family""}, {""value"": ""11.0"", ""label"": ""Wholly retired""}, {""value"": ""12.0"", ""label"": ""Something else""}, {""value"": ""13.0"", ""label"": ""DK/REF""}]"
11,b11cjwrkhrs,Whether changed employer as well as hours,numeric,NOMINAL,-10.0 thru -1.0,"[{""value"": ""-9.0"", ""label"": ""Refused""}, {""value"": ""-8.0"", ""label"": ""Don't know""}, {""value"": ""-3.0"", ""label"": ""Not asked at case fieldwork stage""}, {""value"": ""-2.0"", ""label"": ""Not asked due to scripting/routing error""}, {""value"": ""-1.0"", ""label"": ""Not applicable""}, {""value"": ""1.0"", ""label"": ""Change IF DACTIVITY3_QQQ=1,2: “of employer”; IF DACTIVITY3_QQQ=3,4: “in the nature of your work”""}, {""value"": ""2.0"", ""label"": ""Change in working hours only""}]"
12,b11chanhrs01,Reason for changing from full-time to part-time hours: Financial reasons,numeric,NOMINAL,-10.0 thru -1.0,"[{""value"": ""-9.0"", ""label"": ""Refused""}, {""value"": ""-8.0"", ""label"": ""Don't know""}, {""value"": ""-3.0"", ""label"": ""Not asked at case fieldwork stage""}, {""value"": ""-2.0"", ""label"": ""Not asked due to scripting/routing error""}, {""value"": ""-1.0"", ""label"": ""Not applicable""}, {""value"": ""0.0"", ""label"": ""Not mentioned""}, {""value"": ""1.0"", ""label"": ""Mentioned""}]"
13,b11chanhrs02,Reason for changing from full-time to part-time hours: Hours required for job,numeric,NOMINAL,-10.0 thru -1.0,"[{""value"": ""-9.0"", ""label"": ""Refused""}, {""value"": ""-8.0"", ""label"": ""Don't know""}, {""value"": ""-3.0"", ""label"": ""Not asked at case fieldwork stage""}, {""value"": ""-2.0"", ""label"": ""Not asked due to scripting/routing error""}, {""value"": ""-1.0"", ""label"": ""Not applicable""}, {""value"": ""0.0"", ""label"": ""Not mentioned""}, {""value"": ""1.0"", ""label"": ""Mentioned""}]"
14,b11chanhrs03,Reason for changing from full-time to part-time hours: Change in own health,numeric,NOMINAL,-10.0 thru -1.0,"[{""value"": ""-9.0"", ""label"": ""Refused""}, {""value"": ""-8.0"", ""label"": ""Don't know""}, {""value"": ""-3.0"", ""label"": ""Not asked at case fieldwork stage""}, {""value"": ""-2.0"", ""label"": ""Not asked due to scripting/routing error""}, {""value"": ""-1.0"", ""label"": ""Not applicable""}, {""value"": ""0.0"", ""label"": ""Not mentioned""}, {""value"": ""1.0"", ""label"": ""Mentioned""}]"
15,b11chanhrs04,Reason for changing from full-time to part-time hours: Change in health of relative or friend,numeric,NOMINAL,-10.0 thru -1.0,"[{""value"": ""-9.0"", ""label"": ""Refused""}, {""value"": ""-8.0"", ""label"": ""Don't know""}, {""value"": ""-3.0"", ""label"": ""Not asked at case fieldwork stage""}, {""value"": ""-2.0"", ""label"": ""Not asked due to scripting/routing error""}, {""value"": ""-1.0"", ""label"": ""Not applicable""}, {""value"": ""0.0"", ""label"": ""Not mentioned""}, {""value"": ""1.0"", ""label"": ""Mentioned""}]"
16,b11chanhrs05,Reason for changing from full-time to part-time hours: To spend more time with family,numeric,NOMINAL,-10.0 thru -1.0,"[{""value"": ""-9.0"", ""label"": ""Refused""}, {""value"": ""-8.0"", ""label"": ""Don't know""}, {""value"": ""-3.0"", ""label"": ""Not asked at case fieldwork stage""}, {""value"": ""-2.0"", ""label"": ""Not asked due to scripting/routing error""}, {""value"": ""-1.0"", ""label"": ""Not applicable""}, {""value"": ""0.0"", ""label"": ""Not mentioned""}, {""value"": ""1.0"", ""label"": ""Mentioned""}]"
17,b11chanhrs06,Reason for changing from full-time to part-time hours: To spend more time on other activities,numeric,NOMINAL,-10.0 thru -1.0,"[{""value"": ""-9.0"", ""label"": ""Refused""}, {""value"": ""-8.0"", ""label"": ""Don't know""}, {""value"": ""-3.0"", ""label"": ""Not asked at case fieldwork stage""}, {""value"": ""-2.0"", ""label"": ""Not asked due to scripting/routing error""}, {""value"": ""-1.0"", ""label"": ""Not applicable""}, {""value"": ""0.0"", ""label"": ""Not mentioned""}, {""value"": ""1.0"", ""label"": ""Mentioned""}]"
18,b11chanhrs07,Reason for changing from full-time to part-time hours: To spend more time doing the things I enjoy,numeric,NOMINAL,-10.0 thru -1.0,"[{""value"": ""-9.0"", ""label"": ""Refused""}, {""value"": ""-8.0"", ""label"": ""Don't know""}, {""value"": ""-3.0"", ""label"": ""Not asked at case fieldwork stage""}, {""value"": ""-2.0"", ""label"": ""Not asked due to scripting/routing error""}, {""value"": ""-1.0"", ""label"": ""Not applicable""}, {""value"": ""0.0"", ""label"": ""Not mentioned""}, {""value"": ""1.0"", ""label"": ""Mentioned""}]"
19,b11chanhrs08,Reason for changing from full-time to part-time hours: Other reason (SPECIFY),numeric,NOMINAL,-10.0 thru -1.0,"[{""value"": ""-9.0"", ""label"": ""Refused""}, {""value"": ""-8.0"", ""label"": ""Don't know""}, {""value"": ""-3.0"", ""label"": ""Not asked at case fieldwork stage""}, {""value"": ""-2.0"", ""label"": ""Not asked due to scripting/routing error""}, {""value"": ""-1.0"", ""label"": ""Not applicable""}, {""value"": ""0.0"", ""label"": ""Not mentioned""}, {""value"": ""1.0"", ""label"": ""Mentioned""}]"
20,b11chanhrs09,Reason for changing from full-time to part-time hours: Prefer not to answer,numeric,NOMINAL,-10.0 thru -1.0,"[{""value"": ""-9.0"", ""label"": ""Refused""}, {""value"": ""-8.0"", ""label"": ""Don't know""}, {""value"": ""-3.0"", ""label"": ""Not asked at case fieldwork stage""}, {""value"": ""-2.0"", ""label"": ""Not asked due to scripting/routing error""}, {""value"": ""-1.0"", ""label"": ""Not applicable""}, {""value"": ""0.0"", ""label"": ""Not mentioned""}, {""value"": ""1.0"", ""label"": ""Mentioned""}]"
21,b11chanhrs50,Reason for changing from full-time to part-time hours: Start own business/became self-employed/share time with other jobs,numeric,NOMINAL,-10.0 thru -1.0,"[{""value"": ""-9.0"", ""label"": ""Refused""}, {""value"": ""-8.0"", ""label"": ""Don't know""}, {""value"": ""-3.0"", ""label"": ""Not asked at case fieldwork stage""}, {""value"": ""-2.0"", ""label"": ""Not asked due to scripting/routing error""}, {""value"": ""-1.0"", ""label"": ""Not applicable""}, {""value"": ""0.0"", ""label"": ""Not mentioned""}, {""value"": ""1.0"", ""label"": ""Mentioned""}]"
22,b11chanhrs51,Reason for changing from full-time to part-time hours: Start own business/became self-employed/share time with other jobs,numeric,NOMINAL,-10.0 thru -1.0,"[{""value"": ""-9.0"", ""label"": ""Refused""}, {""value"": ""-8.0"", ""label"": ""Don't know""}, {""value"": ""-3.0"", ""label"": ""Not asked at case fieldwork stage""}, {""value"": ""-2.0"", ""label"": ""Not asked due to scripting/routing error""}, {""value"": ""-1.0"", ""label"": ""Not applicable""}, {""value"": ""0.0"", ""label"": ""Not mentioned""}, {""value"": ""1.0"", ""label"": ""Mentioned""}]"
23,b11chanhrs906,Reason for changing from full-time to part-time hours: Other specific answer not in codeframe,numeric,NOMINAL,-10.0 thru -1.0,"[{""value"": ""-9.0"", ""label"": ""Refused""}, {""value"": ""-8.0"", ""label"": ""Don't know""}, {""value"": ""-3.0"", ""label"": ""Not asked at case fieldwork stage""}, {""value"": ""-2.0"", ""label"": ""Not asked due to scripting/routing error""}, {""value"": ""-1.0"", ""label"": ""Not applicable""}, {""value"": ""0.0"", ""label"": ""Not mentioned""}, {""value"": ""1.0"", ""label"": ""Mentioned""}]"
24,b11cljqul,Whether this job required special qualifications or training,numeric,NOMINAL,-10.0 thru -1.0,"[{""value"": ""-9.0"", ""label"": ""Refused""}, {""value"": ""-8.0"", ""label"": ""Don't know""}, {""value"": ""-3.0"", ""label"": ""Not asked at case fieldwork stage""}, {""value"": ""-2.0"", ""label"": ""Not asked due to scripting/routing error""}, {""value"": ""-1.0"", ""label"": ""Not applicable""}, {""value"": ""1.0"", ""label"": ""Yes""}, {""value"": ""2.0"", ""label"": ""No""}]"
25,b11cljsup,Whether had managerial duties or supervised other employees,numeric,NOMINAL,-10.0 thru -1.0,"[{""value"": ""-9.0"", ""label"": ""Refused""}, {""value"": ""-8.0"", ""label"": ""Don't know""}, {""value"": ""-3.0"", ""label"": ""Not asked at case fieldwork stage""}, {""value"": ""-2.0"", ""label"": ""Not asked due to scripting/routing error""}, {""value"": ""-1.0"", ""label"": ""Not applicable""}, {""value"": ""1.0"", ""label"": ""Yes""}, {""value"": ""2.0"", ""label"": ""No""}]"
26,b11cljseemp,Whether worked on own or had employees,numeric,NOMINAL,-10.0 thru -1.0,"[{""value"": ""-9.0"", ""label"": ""Refused""}, {""value"": ""-8.0"", ""label"": ""Don't know""}, {""value"": ""-3.0"", ""label"": ""Not asked at case fieldwork stage""}, {""value"": ""-2.0"", ""label"": ""Not asked due to scripting/routing error""}, {""value"": ""-1.0"", ""label"": ""Not applicable""}, {""value"": ""1.0"", ""label"": ""On own or with partner(s), but no employees""}, {""value"": ""2.0"", ""label"": ""With employees""}]"
27,b11cljsenemp,Number of people employed at place where worked,numeric,NOMINAL,-10.0 thru -1.0,"[{""value"": ""-9.0"", ""label"": ""Refused""}, {""value"": ""-8.0"", ""label"": ""Don't know""}, {""value"": ""-3.0"", ""label"": ""Not asked at case fieldwork stage""}, {""value"": ""-2.0"", ""label"": ""Not asked due to scripting/routing error""}, {""value"": ""-1.0"", ""label"": ""Not applicable""}, {""value"": ""1.0"", ""label"": ""1-9""}, {""value"": ""2.0"", ""label"": ""10-24""}, {""value"": ""3.0"", ""label"": ""25-99""}, {""value"": ""4.0"", ""label"": ""100-499""}, {""value"": ""5.0"", ""label"": ""500 or more""}]"
28,b11cljempst,Employment status (Activity history job),numeric,SCALE,-10.0 thru -1.0,"[{""value"": ""-9.0"", ""label"": ""Refused""}, {""value"": ""-8.0"", ""label"": ""Don't know""}, {""value"": ""-3.0"", ""label"": ""Not asked at case fieldwork stage""}, {""value"": ""-2.0"", ""label"": ""Not asked due to scripting/routing error""}, {""value"": ""-1.0"", ""label"": ""Not applicable""}, {""value"": ""0.0"", ""label"": ""Insufficient information to classify""}, {""value"": ""1.0"", ""label"": ""Employers - large organisations 25+""}, {""value"": ""2.0"", ""label"": ""Employers - small organisations <25""}, {""value"": ""3.0"", ""label"": ""Self-employed no employees""}, {""value"": ""4.0"", ""label"": ""Managers - large organisations""}, {""value"": ""5.0"", ""label"": ""Managers - small organisations""}, {""value"": ""6.0"", ""label"": ""Supervisors""}, {""value"": ""7.0"", ""label"": ""Other employees""}]"
29,b11cljs2010,SOC2010 Minor group (Activity history job),numeric,SCALE,-10.0 thru -1.0,"[{""value"": ""-9.0"", ""label"": ""Refused""}, {""value"": ""-8.0"", ""label"": ""Don't know""}, {""value"": ""-3.0"", ""label"": ""Not asked at case fieldwork stage""}, {""value"": ""-2.0"", ""label"": ""Not asked due to scripting/routing error""}, {""value"": ""-1.0"", ""label"": ""Not applicable""}, {""value"": ""1110.0"", ""label"": ""Chief Executives and Senior Officials""}, {""value"": ""1115.0"", ""label"": ""Chief executives and senior officials""}, {""value"": ""1116.0"", ""label"": ""Elected officers and representatives""}, {""value"": ""1120.0"", ""label"": ""Production Managers and Directors""}, {""value"": ""1121.0"", ""label"": ""Production managers and directors in manufacturing""}, {""value"": ""1122.0"", ""label"": ""Production managers and directors in construction""}, {""value"": ""1123.0"", ""label"": ""Production managers and directors in mining and energy""}, {""value"": ""1130.0"", ""label"": ""Functional Managers and Directors""}, {""value"": ""1131.0"", ""label"": ""Financial managers and directors""}, {""value"": ""1132.0"", ""label"": ""Marketing and sales directors""}, {""value"": ""1133.0"", ""label"": ""Purchasing managers and directors""}, {""value"": ""1134.0"", ""label"": ""Advertising and public relations directors""}, {""value"": ""1135.0"", ""label"": ""Human resource managers and directors""}, {""value"": ""1136.0"", ""label"": ""Information technology and telecommunications directors""}, {""value"": ""1139.0"", ""label"": ""Functional managers and directors n.e.c.""}, {""value"": ""1150.0"", ""label"": ""Financial Institution Managers and Directors""}, {""value"": ""1160.0"", ""label"": ""Managers and Directors in Transport and Logistics""}, {""value"": ""1161.0"", ""label"": ""Managers and directors in transport and distribution""}, {""value"": ""1162.0"", ""label"": ""Managers and directors in storage and warehousing""}, {""value"": ""1170.0"", ""label"": ""Senior Officers in Protective Services""}, {""value"": ""1171.0"", ""label"": ""Officers in armed forces""}, {""value"": ""1172.0"", ""label"": ""Senior police officers""}, {""value"": ""1173.0"", ""label"": ""Senior officers in fire, ambulance, prison etc""}, {""value"": ""1180.0"", ""label"": ""Health and Social Services Managers and Directors""}, {""value"": ""1181.0"", ""label"": ""Health services and public health managers and directors""}, {""value"": ""1184.0"", ""label"": ""Social services managers and directors""}, {""value"": ""1190.0"", ""label"": ""Managers and Directors in Retail and Wholesale""}, {""value"": ""1210.0"", ""label"": ""Managers and Proprietors in Agriculture Related Services""}, {""value"": ""1211.0"", ""label"": ""Managers and proprietors in agriculture and horticulture""}, {""value"": ""1213.0"", ""label"": ""Managers and proprietors in forestry, fishing and related services""}, {""value"": ""1220.0"", ""label"": ""Managers and Proprietors in Hospitality and Leisure Services""}, {""value"": ""1221.0"", ""label"": ""Hotel and accommodation managers and proprietors""}, {""value"": ""1223.0"", ""label"": ""Restaurant and catering establishment managers and proprietors""}, {""value"": ""1224.0"", ""label"": ""Publicans and managers of licensed premises""}, {""value"": ""1225.0"", ""label"": ""Leisure and sports managers""}, {""value"": ""1226.0"", ""label"": ""Travel agency managers and proprietors""}, {""value"": ""1240.0"", ""label"": ""Managers and Proprietors in Health and Care Services""}, {""value"": ""1241.0"", ""label"": ""Health care practice managers""}, {""value"": ""1242.0"", ""label"": ""Residential, day and domiciliary care managers and proprietors""}, {""value"": ""1250.0"", ""label"": ""Managers and Proprietors in Other Services""}, {""value"": ""1251.0"", ""label"": ""Property, housing and estate managers""}, {""value"": ""1252.0"", ""label"": ""Garage managers and proprietors""}, {""value"": ""1253.0"", ""label"": ""Hairdressing and beauty salon managers and proprietors""}, {""value"": ""1254.0"", ""label"": ""Shopkeepers and proprietors – wholesale and retail""}, {""value"": ""1255.0"", ""label"": ""Waste disposal and environmental services managers""}, {""value"": ""1259.0"", ""label"": ""Managers and proprietors in other services n.e.c.""}, {""value"": ""2110.0"", ""label"": ""Natural and Social Science Professionals""}, {""value"": ""2111.0"", ""label"": ""Chemical scientists""}, {""value"": ""2112.0"", ""label"": ""Biological scientists and biochemists""}, {""value"": ""2113.0"", ""label"": ""Physical scientists""}, {""value"": ""2114.0"", ""label"": ""Social and humanities scientists""}, {""value"": ""2119.0"", ""label"": ""Scientific professionals n.e.c.""}, {""value"": ""2120.0"", ""label"": ""Engineering Professionals""}, {""value"": ""2121.0"", ""label"": ""Civil engineers""}, {""value"": ""2122.0"", ""label"": ""Mechanical engineers""}, {""value"": ""2123.0"", ""label"": ""Electrical engineers""}, {""value"": ""2124.0"", ""label"": ""Electronics engineers""}, {""value"": ""2126.0"", ""label"": ""Design and development engineers""}, {""value"": ""2127.0"", ""label"": ""Production and process engineers""}, {""value"": ""2129.0"", ""label"": ""Engineering professionals n.e.c.""}, {""value"": ""2130.0"", ""label"": ""Information Technology and Telecommunications Professionals""}, {""value"": ""2133.0"", ""label"": ""IT specialist managers""}, {""value"": ""2134.0"", ""label"": ""IT project and programme managers""}, {""value"": ""2135.0"", ""label"": ""IT business analysts, architects and systems designers""}, {""value"": ""2136.0"", ""label"": ""Programmers and software development professionals""}, {""value"": ""2137.0"", ""label"": ""Web design and development professionals""}, {""value"": ""2139.0"", ""label"": ""Information technology and telecommunications professionals n.e.c.""}, {""value"": ""2140.0"", ""label"": ""Conservation and Environment Professionals""}, {""value"": ""2141.0"", ""label"": ""Conservation professionals""}, {""value"": ""2142.0"", ""label"": ""Environment professionals""}, {""value"": ""2150.0"", ""label"": ""Research and Development Managers""}, {""value"": ""2210.0"", ""label"": ""Health Professionals""}, {""value"": ""2211.0"", ""label"": ""Medical practitioners""}, {""value"": ""2212.0"", ""label"": ""Psychologists""}, {""value"": ""2213.0"", ""label"": ""Pharmacists""}, {""value"": ""2214.0"", ""label"": ""Ophthalmic opticians""}, {""value"": ""2215.0"", ""label"": ""Dental practitioners""}, {""value"": ""2216.0"", ""label"": ""Veterinarians""}, {""value"": ""2217.0"", ""label"": ""Medical radiographers""}, {""value"": ""2218.0"", ""label"": ""Podiatrists""}, {""value"": ""2219.0"", ""label"": ""Health professionals n.e.c.""}, {""value"": ""2220.0"", ""label"": ""Therapy Professionals""}, {""value"": ""2221.0"", ""label"": ""Physiotherapists""}, {""value"": ""2222.0"", ""label"": ""Occupational therapists""}, {""value"": ""2223.0"", ""label"": ""Speech and language therapists""}, {""value"": ""2229.0"", ""label"": ""Therapy professionals n.e.c.""}, {""value"": ""2230.0"", ""label"": ""Nursing and Midwifery Professionals""}, {""value"": ""2231.0"", ""label"": ""Nurses""}, {""value"": ""2232.0"", ""label"": ""Midwives""}, {""value"": ""2310.0"", ""label"": ""Teaching and Educational Professionals""}, {""value"": ""2311.0"", ""label"": ""Higher education teaching professionals""}, {""value"": ""2312.0"", ""label"": ""Further education teaching professionals""}, {""value"": ""2314.0"", ""label"": ""Secondary education teaching professionals""}, {""value"": ""2315.0"", ""label"": ""Primary and nursery education teaching professionals""}, {""value"": ""2316.0"", ""label"": ""Special needs education teaching professionals""}, {""value"": ""2317.0"", ""label"": ""Senior professionals of educational establishments""}, {""value"": ""2318.0"", ""label"": ""Education advisers, school inspectors""}, {""value"": ""2319.0"", ""label"": ""Teaching and other educational professionals n.e.c.""}, {""value"": ""2410.0"", ""label"": ""Legal Professionals""}, {""value"": ""2412.0"", ""label"": ""Barristers and judges""}, {""value"": ""2413.0"", ""label"": ""Solicitors""}, {""value"": ""2419.0"", ""label"": ""Legal professionals n.e.c.""}, {""value"": ""2420.0"", ""label"": ""Business, Research and Administrative Professionals""}, {""value"": ""2421.0"", ""label"": ""Chartered and certified accountants""}, {""value"": ""2423.0"", ""label"": ""Management consultants and business analysts""}, {""value"": ""2424.0"", ""label"": ""Business and financial project management professionals""}, {""value"": ""2425.0"", ""label"": ""Actuaries, economists and statisticians""}, {""value"": ""2426.0"", ""label"": ""Business and related research professionals""}, {""value"": ""2429.0"", ""label"": ""Business, statistical and administrative professionals n.e.c.""}, {""value"": ""2430.0"", ""label"": ""Architects, Town Planners and Surveyors""}, {""value"": ""2431.0"", ""label"": ""Architects""}, {""value"": ""2432.0"", ""label"": ""Town planning officers""}, {""value"": ""2433.0"", ""label"": ""Quantity surveyors""}, {""value"": ""2434.0"", ""label"": ""Chartered surveyors""}, {""value"": ""2435.0"", ""label"": ""Chartered architectural technologists""}, {""value"": ""2436.0"", ""label"": ""Construction project managers and related professionals""}, {""value"": ""2440.0"", ""label"": ""Welfare Professionals""}, {""value"": ""2442.0"", ""label"": ""Social workers""}, {""value"": ""2443.0"", ""label"": ""Probation officers""}, {""value"": ""2444.0"", ""label"": ""Clergy""}, {""value"": ""2449.0"", ""label"": ""Welfare professionals n.e.c.""}, {""value"": ""2450.0"", ""label"": ""Librarians and Related Professionals""}, {""value"": ""2451.0"", ""label"": ""Librarians""}, {""value"": ""2452.0"", ""label"": ""Archivists and curators""}, {""value"": ""2460.0"", ""label"": ""Quality and Regulatory Professionals""}, {""value"": ""2461.0"", ""label"": ""Quality control and planning engineers""}, {""value"": ""2462.0"", ""label"": ""Quality assurance and regulatory professionals""}, {""value"": ""2463.0"", ""label"": ""Environmental health professionals""}, {""value"": ""2470.0"", ""label"": ""Media Professionals""}, {""value"": ""2471.0"", ""label"": ""Journalists, newspaper and periodical editors""}, {""value"": ""2472.0"", ""label"": ""Public relations professionals""}, {""value"": ""2473.0"", ""label"": ""Advertising accounts managers and creative directors""}, {""value"": ""3110.0"", ""label"": ""Science, Engineering and Production Technicians""}, {""value"": ""3111.0"", ""label"": ""Laboratory technicians""}, {""value"": ""3112.0"", ""label"": ""Electrical and electronics technicians""}, {""value"": ""3113.0"", ""label"": ""Engineering technicians""}, {""value"": ""3114.0"", ""label"": ""Building and civil engineering technicians""}, {""value"": ""3115.0"", ""label"": ""Quality assurance technicians""}, {""value"": ""3116.0"", ""label"": ""Planning, process and production technicians""}, {""value"": ""3119.0"", ""label"": ""Science, engineering and production technicians n.e.c.""}, {""value"": ""3120.0"", ""label"": ""Draughtspersons and Related Architectural Technicians""}, {""value"": ""3121.0"", ""label"": ""Architectural and town planning technicians""}, {""value"": ""3122.0"", ""label"": ""Draughtspersons""}, {""value"": ""3130.0"", ""label"": ""Information Technology Technicians""}, {""value"": ""3131.0"", ""label"": ""IT operations technicians""}, {""value"": ""3132.0"", ""label"": ""IT user support technicians""}, {""value"": ""3210.0"", ""label"": ""Health Associate Professionals""}, {""value"": ""3213.0"", ""label"": ""Paramedics""}, {""value"": ""3216.0"", ""label"": ""Dispensing opticians""}, {""value"": ""3217.0"", ""label"": ""Pharmaceutical technicians""}, {""value"": ""3218.0"", ""label"": ""Medical and dental technicians""}, {""value"": ""3219.0"", ""label"": ""Health associate professionals n.e.c.""}, {""value"": ""3230.0"", ""label"": ""Welfare and Housing Associate Professionals""}, {""value"": ""3231.0"", ""label"": ""Youth and community workers""}, {""value"": ""3233.0"", ""label"": ""Child and early years officers""}, {""value"": ""3234.0"", ""label"": ""Housing officers""}, {""value"": ""3235.0"", ""label"": ""Counsellors""}, {""value"": ""3239.0"", ""label"": ""Welfare and housing associate professionals n.e.c.""}, {""value"": ""3310.0"", ""label"": ""Protective Service Occupations""}, {""value"": ""3311.0"", ""label"": ""NCOs and other ranks""}, {""value"": ""3312.0"", ""label"": ""Police officers (sergeant and below)""}, {""value"": ""3313.0"", ""label"": ""Fire service officers (watch manager and below)""}, {""value"": ""3314.0"", ""label"": ""Prison service officers (below principal officer)""}, {""value"": ""3315.0"", ""label"": ""Police community support officers""}, {""value"": ""3319.0"", ""label"": ""Protective service associate professionals n.e.c.""}, {""value"": ""3410.0"", ""label"": ""Artistic, Literary and Media Occupations""}, {""value"": ""3411.0"", ""label"": ""Artists""}, {""value"": ""3412.0"", ""label"": ""Authors, writers and translators""}, {""value"": ""3413.0"", ""label"": ""Actors, entertainers and presenters""}, {""value"": ""3414.0"", ""label"": ""Dancers and choreographers""}, {""value"": ""3415.0"", ""label"": ""Musicians""}, {""value"": ""3416.0"", ""label"": ""Arts officers, producers and directors""}, {""value"": ""3417.0"", ""label"": ""Photographers, audio-visual and broadcasting equipment operators""}, {""value"": ""3420.0"", ""label"": ""Design Occupations""}, {""value"": ""3421.0"", ""label"": ""Graphic designers""}, {""value"": ""3422.0"", ""label"": ""Product, clothing and related designers""}, {""value"": ""3440.0"", ""label"": ""Sports and Fitness Occupations""}, {""value"": ""3441.0"", ""label"": ""Sports players""}, {""value"": ""3442.0"", ""label"": ""Sports coaches, instructors and officials""}, {""value"": ""3443.0"", ""label"": ""Fitness instructors""}, {""value"": ""3510.0"", ""label"": ""Transport Associate Professionals""}, {""value"": ""3511.0"", ""label"": ""Air traffic controllers""}, {""value"": ""3512.0"", ""label"": ""Aircraft pilots and flight engineers""}, {""value"": ""3513.0"", ""label"": ""Ship and hovercraft officers""}, {""value"": ""3520.0"", ""label"": ""Legal Associate Professionals""}, {""value"": ""3530.0"", ""label"": ""Business, Finance and Related Associate Professionals""}, {""value"": ""3531.0"", ""label"": ""Estimators, valuers and assessors""}, {""value"": ""3532.0"", ""label"": ""Brokers""}, {""value"": ""3533.0"", ""label"": ""Insurance underwriters""}, {""value"": ""3534.0"", ""label"": ""Finance and investment analysts and advisers""}, {""value"": ""3535.0"", ""label"": ""Taxation experts""}, {""value"": ""3536.0"", ""label"": ""Importers and exporters""}, {""value"": ""3537.0"", ""label"": ""Financial and accounting technicians""}, {""value"": ""3538.0"", ""label"": ""Financial accounts managers""}, {""value"": ""3539.0"", ""label"": ""Business and related associate professionals n.e.c.""}, {""value"": ""3540.0"", ""label"": ""Sales, Marketing and Related Associate Professionals""}, {""value"": ""3541.0"", ""label"": ""Buyers and procurement officers""}, {""value"": ""3542.0"", ""label"": ""Business sales executives""}, {""value"": ""3543.0"", ""label"": ""Marketing associate professionals""}, {""value"": ""3544.0"", ""label"": ""Estate agents and auctioneers""}, {""value"": ""3545.0"", ""label"": ""Sales accounts and business development managers""}, {""value"": ""3546.0"", ""label"": ""Conference and exhibition managers and organisers""}, {""value"": ""3550.0"", ""label"": ""Conservation and Environmental Associate Professionals""}, {""value"": ""3560.0"", ""label"": ""Public Services and Other Associate Professionals""}, {""value"": ""3561.0"", ""label"": ""Public services associate professionals""}, {""value"": ""3562.0"", ""label"": ""Human resources and industrial relations officers""}, {""value"": ""3563.0"", ""label"": ""Vocational and industrial trainers and instructors""}, {""value"": ""3564.0"", ""label"": ""Careers advisers and vocational guidance specialists""}, {""value"": ""3565.0"", ""label"": ""Inspectors of standards and regulations""}, {""value"": ""3567.0"", ""label"": ""Health and safety officers""}, {""value"": ""4110.0"", ""label"": ""Administrative Occupations: Government and Related Organisations""}, {""value"": ""4112.0"", ""label"": ""National government administrative occupations""}, {""value"": ""4113.0"", ""label"": ""Local government administrative occupations""}, {""value"": ""4114.0"", ""label"": ""Officers of non-governmental organisations""}, {""value"": ""4120.0"", ""label"": ""Administrative Occupations: Finance""}, {""value"": ""4121.0"", ""label"": ""Credit controllers""}, {""value"": ""4122.0"", ""label"": ""Book-keepers, payroll managers and wages clerks""}, {""value"": ""4123.0"", ""label"": ""Bank and post office clerks""}, {""value"": ""4124.0"", ""label"": ""Finance officers""}, {""value"": ""4129.0"", ""label"": ""Financial administrative occupations n.e.c.""}, {""value"": ""4130.0"", ""label"": ""Administrative Occupations: Records""}, {""value"": ""4131.0"", ""label"": ""Records clerks and assistants""}, {""value"": ""4132.0"", ""label"": ""Pensions and insurance clerks and assistants""}, {""value"": ""4133.0"", ""label"": ""Stock control clerks and assistants""}, {""value"": ""4134.0"", ""label"": ""Transport and distribution clerks and assistants""}, {""value"": ""4135.0"", ""label"": ""Library clerks and assistants""}, {""value"": ""4138.0"", ""label"": ""Human resources administrative occupations""}, {""value"": ""4150.0"", ""label"": ""Other Administrative Occupations""}, {""value"": ""4151.0"", ""label"": ""Sales administrators""}, {""value"": ""4159.0"", ""label"": ""Other administrative occupations n.e.c.""}, {""value"": ""4160.0"", ""label"": ""Administrative Occupations: Office Managers and Supervisors""}, {""value"": ""4161.0"", ""label"": ""Office managers""}, {""value"": ""4162.0"", ""label"": ""Office supervisors""}, {""value"": ""4210.0"", ""label"": ""Secretarial and Related Occupations""}, {""value"": ""4211.0"", ""label"": ""Medical secretaries""}, {""value"": ""4212.0"", ""label"": ""Legal secretaries""}, {""value"": ""4213.0"", ""label"": ""School secretaries""}, {""value"": ""4214.0"", ""label"": ""Company secretaries""}, {""value"": ""4215.0"", ""label"": ""Personal assistants and other secretaries""}, {""value"": ""4216.0"", ""label"": ""Receptionists""}, {""value"": ""4217.0"", ""label"": ""Typists and related keyboard occupations""}, {""value"": ""5110.0"", ""label"": ""Agricultural and Related Trades""}, {""value"": ""5111.0"", ""label"": ""Farmers""}, {""value"": ""5112.0"", ""label"": ""Horticultural trades""}, {""value"": ""5113.0"", ""label"": ""Gardeners and landscape gardeners""}, {""value"": ""5114.0"", ""label"": ""Groundsmen and greenkeepers""}, {""value"": ""5119.0"", ""label"": ""Agricultural and fishing trades n.e.c.""}, {""value"": ""5210.0"", ""label"": ""Metal Forming, Welding and Related Trades""}, {""value"": ""5211.0"", ""label"": ""Smiths and forge workers""}, {""value"": ""5212.0"", ""label"": ""Moulders, core makers, die casters""}, {""value"": ""5213.0"", ""label"": ""Sheet metal workers""}, {""value"": ""5214.0"", ""label"": ""Metal plate workers, and riveters""}, {""value"": ""5215.0"", ""label"": ""Welding trades""}, {""value"": ""5216.0"", ""label"": ""Pipe fitters""}, {""value"": ""5220.0"", ""label"": ""Metal Machining, Fitting and Instrument Making Trades""}, {""value"": ""5221.0"", ""label"": ""Metal machining setters and setter-operators""}, {""value"": ""5222.0"", ""label"": ""Tool makers, tool fitters and markers-out""}, {""value"": ""5223.0"", ""label"": ""Metal working production and maintenance fitters""}, {""value"": ""5224.0"", ""label"": ""Precision instrument makers and repairers""}, {""value"": ""5225.0"", ""label"": ""Air-conditioning and refrigeration engineers""}, {""value"": ""5230.0"", ""label"": ""Vehicle Trades""}, {""value"": ""5231.0"", ""label"": ""Vehicle technicians, mechanics and electricians""}, {""value"": ""5232.0"", ""label"": ""Vehicle body builders and repairers""}, {""value"": ""5234.0"", ""label"": ""Vehicle paint technicians""}, {""value"": ""5235.0"", ""label"": ""Aircraft maintenance and related trades""}, {""value"": ""5236.0"", ""label"": ""Boat and ship builders and repairers""}, {""value"": ""5237.0"", ""label"": ""Rail and rolling stock builders and repairers""}, {""value"": ""5240.0"", ""label"": ""Electrical and Electronic Trades""}, {""value"": ""5241.0"", ""label"": ""Electricians and electrical fitters""}, {""value"": ""5242.0"", ""label"": ""Telecommunications engineers""}, {""value"": ""5244.0"", ""label"": ""TV, video and audio engineers""}, {""value"": ""5245.0"", ""label"": ""IT engineers""}, {""value"": ""5249.0"", ""label"": ""Electrical and electronic trades n.e.c.""}, {""value"": ""5250.0"", ""label"": ""Skilled Metal, Electrical and Electronic Trades Supervisors""}, {""value"": ""5310.0"", ""label"": ""Construction and Building Trades""}, {""value"": ""5311.0"", ""label"": ""Steel erectors""}, {""value"": ""5312.0"", ""label"": ""Bricklayers and masons""}, {""value"": ""5313.0"", ""label"": ""Roofers, roof tilers and slaters""}, {""value"": ""5314.0"", ""label"": ""Plumbers and heating and ventilating engineers""}, {""value"": ""5315.0"", ""label"": ""Carpenters and joiners""}, {""value"": ""5316.0"", ""label"": ""Glaziers, window fabricators and fitters""}, {""value"": ""5319.0"", ""label"": ""Construction and building trades n.e.c.""}, {""value"": ""5320.0"", ""label"": ""Building Finishing Trades""}, {""value"": ""5321.0"", ""label"": ""Plasterers""}, {""value"": ""5322.0"", ""label"": ""Floorers and wall tilers""}, {""value"": ""5323.0"", ""label"": ""Painters and decorators""}, {""value"": ""5330.0"", ""label"": ""Construction and Building Trades Supervisors""}, {""value"": ""5410.0"", ""label"": ""Textiles and Garments Trades""}, {""value"": ""5411.0"", ""label"": ""Weavers and knitters""}, {""value"": ""5412.0"", ""label"": ""Upholsterers""}, {""value"": ""5413.0"", ""label"": ""Footwear and leather working trades""}, {""value"": ""5414.0"", ""label"": ""Tailors and dressmakers""}, {""value"": ""5419.0"", ""label"": ""Textiles, garments and related trades n.e.c.""}, {""value"": ""5420.0"", ""label"": ""Printing Trades""}, {""value"": ""5421.0"", ""label"": ""Pre-press technicians""}, {""value"": ""5422.0"", ""label"": ""Printers""}, {""value"": ""5423.0"", ""label"": ""Print finishing and binding workers""}, {""value"": ""5430.0"", ""label"": ""Food Preparation and Hospitality Trades""}, {""value"": ""5431.0"", ""label"": ""Butchers""}, {""value"": ""5432.0"", ""label"": ""Bakers and flour confectioners""}, {""value"": ""5433.0"", ""label"": ""Fishmongers and poultry dressers""}, {""value"": ""5434.0"", ""label"": ""Chefs""}, {""value"": ""5435.0"", ""label"": ""Cooks""}, {""value"": ""5436.0"", ""label"": ""Catering and bar managers""}, {""value"": ""5440.0"", ""label"": ""Other Skilled Trades""}, {""value"": ""5441.0"", ""label"": ""Glass and ceramics makers, decorators and finishers""}, {""value"": ""5442.0"", ""label"": ""Furniture makers and other craft woodworkers""}, {""value"": ""5443.0"", ""label"": ""Florists""}, {""value"": ""5449.0"", ""label"": ""Other skilled trades n.e.c.""}, {""value"": ""6120.0"", ""label"": ""Childcare and Related Personal Services""}, {""value"": ""6121.0"", ""label"": ""Nursery nurses and assistants""}, {""value"": ""6122.0"", ""label"": ""Childminders and related occupations""}, {""value"": ""6123.0"", ""label"": ""Playworker""}, {""value"": ""6125.0"", ""label"": ""Teaching assistants""}, {""value"": ""6126.0"", ""label"": ""Educational support assistants""}, {""value"": ""6130.0"", ""label"": ""Animal Care and Control Services""}, {""value"": ""6131.0"", ""label"": ""Veterinary nurses""}, {""value"": ""6132.0"", ""label"": ""Pest control officers""}, {""value"": ""6139.0"", ""label"": ""Animal care services occupations n.e.c.""}, {""value"": ""6140.0"", ""label"": ""Caring Personal Services""}, {""value"": ""6141.0"", ""label"": ""Nursing auxiliaries and assistants""}, {""value"": ""6142.0"", ""label"": ""Ambulance staff (excluding paramedics)""}, {""value"": ""6143.0"", ""label"": ""Dental nurses""}, {""value"": ""6144.0"", ""label"": ""Houseparents and residential wardens""}, {""value"": ""6145.0"", ""label"": ""Care workers and home carers""}, {""value"": ""6146.0"", ""label"": ""Senior care workers""}, {""value"": ""6147.0"", ""label"": ""Care escorts""}, {""value"": ""6148.0"", ""label"": ""Undertakers, mortuary and crematorium assistants""}, {""value"": ""6210.0"", ""label"": ""Leisure and Travel Services""}, {""value"": ""6211.0"", ""label"": ""Sports and leisure assistants""}, {""value"": ""6212.0"", ""label"": ""Travel agents""}, {""value"": ""6214.0"", ""label"": ""Air travel assistants""}, {""value"": ""6215.0"", ""label"": ""Rail travel assistants""}, {""value"": ""6219.0"", ""label"": ""Leisure and travel service occupations n.e.c.""}, {""value"": ""6220.0"", ""label"": ""Hairdressers and Related Services""}, {""value"": ""6221.0"", ""label"": ""Hairdressers and barbers""}, {""value"": ""6222.0"", ""label"": ""Beauticians and related occupations""}, {""value"": ""6230.0"", ""label"": ""Housekeeping and Related Services""}, {""value"": ""6231.0"", ""label"": ""Housekeepers and related occupations""}, {""value"": ""6232.0"", ""label"": ""Caretakers""}, {""value"": ""6240.0"", ""label"": ""Cleaning and Housekeeping Managers and Supervisors""}, {""value"": ""7110.0"", ""label"": ""Sales Assistants and Retail Cashiers""}, {""value"": ""7111.0"", ""label"": ""Sales and retail assistants""}, {""value"": ""7112.0"", ""label"": ""Retail cashiers and check-out operators""}, {""value"": ""7113.0"", ""label"": ""Telephone salespersons""}, {""value"": ""7114.0"", ""label"": ""Pharmacy and other dispensing assistants""}, {""value"": ""7115.0"", ""label"": ""Vehicle and parts salespersons and advisers""}, {""value"": ""7120.0"", ""label"": ""Sales Related Occupations""}, {""value"": ""7121.0"", ""label"": ""Collector salespersons and credit agents""}, {""value"": ""7122.0"", ""label"": ""Debt, rent and other cash collectors""}, {""value"": ""7123.0"", ""label"": ""Roundspersons and van salespersons""}, {""value"": ""7124.0"", ""label"": ""Market and street traders and assistants""}, {""value"": ""7125.0"", ""label"": ""Merchandisers and window dressers""}, {""value"": ""7129.0"", ""label"": ""Sales related occupations n.e.c.""}, {""value"": ""7130.0"", ""label"": ""Sales Supervisors""}, {""value"": ""7210.0"", ""label"": ""Customer Service Occupations""}, {""value"": ""7211.0"", ""label"": ""Call and contact centre occupations""}, {""value"": ""7213.0"", ""label"": ""Telephonists""}, {""value"": ""7214.0"", ""label"": ""Communication operators""}, {""value"": ""7215.0"", ""label"": ""Market research interviewers""}, {""value"": ""7219.0"", ""label"": ""Customer service occupations n.e.c.""}, {""value"": ""7220.0"", ""label"": ""Customer Service Managers and Supervisors""}, {""value"": ""8110.0"", ""label"": ""Process Operatives""}, {""value"": ""8111.0"", ""label"": ""Food, drink and tobacco process operatives""}, {""value"": ""8112.0"", ""label"": ""Glass and ceramics process operatives""}, {""value"": ""8113.0"", ""label"": ""Textile process operatives""}, {""value"": ""8114.0"", ""label"": ""Chemical and related process operatives""}, {""value"": ""8115.0"", ""label"": ""Rubber process operatives""}, {""value"": ""8116.0"", ""label"": ""Plastics process operatives""}, {""value"": ""8117.0"", ""label"": ""Metal making and treating process operatives""}, {""value"": ""8118.0"", ""label"": ""Electroplaters""}, {""value"": ""8119.0"", ""label"": ""Process operatives n.e.c.""}, {""value"": ""8120.0"", ""label"": ""Plant and Machine Operatives""}, {""value"": ""8121.0"", ""label"": ""Paper and wood machine operatives""}, {""value"": ""8122.0"", ""label"": ""Coal mine operatives""}, {""value"": ""8123.0"", ""label"": ""Quarry workers and related operatives""}, {""value"": ""8124.0"", ""label"": ""Energy plant operatives""}, {""value"": ""8125.0"", ""label"": ""Metal working machine operatives""}, {""value"": ""8126.0"", ""label"": ""Water and sewerage plant operatives""}, {""value"": ""8127.0"", ""label"": ""Printing machine assistants""}, {""value"": ""8129.0"", ""label"": ""Plant and machine operatives n.e.c.""}, {""value"": ""8130.0"", ""label"": ""Assemblers and Routine Operatives""}, {""value"": ""8131.0"", ""label"": ""Assemblers (electrical and electronic products)""}, {""value"": ""8132.0"", ""label"": ""Assemblers (vehicles and metal goods)""}, {""value"": ""8133.0"", ""label"": ""Routine inspectors and testers""}, {""value"": ""8134.0"", ""label"": ""Weighers, graders and sorters""}, {""value"": ""8135.0"", ""label"": ""Tyre, exhaust and windscreen fitters""}, {""value"": ""8137.0"", ""label"": ""Sewing machinists""}, {""value"": ""8139.0"", ""label"": ""Assemblers and routine operatives n.e.c.""}, {""value"": ""8140.0"", ""label"": ""Construction Operatives""}, {""value"": ""8141.0"", ""label"": ""Scaffolders, stagers and riggers""}, {""value"": ""8142.0"", ""label"": ""Road construction operatives""}, {""value"": ""8143.0"", ""label"": ""Rail construction and maintenance operatives""}, {""value"": ""8149.0"", ""label"": ""Construction operatives n.e.c.""}, {""value"": ""8210.0"", ""label"": ""Road Transport Drivers""}, {""value"": ""8211.0"", ""label"": ""Large goods vehicle drivers""}, {""value"": ""8212.0"", ""label"": ""Van drivers""}, {""value"": ""8213.0"", ""label"": ""Bus and coach drivers""}, {""value"": ""8214.0"", ""label"": ""Taxi and cab drivers and chauffeurs""}, {""value"": ""8215.0"", ""label"": ""Driving instructors""}, {""value"": ""8220.0"", ""label"": ""Mobile Machine Drivers and Operatives""}, {""value"": ""8221.0"", ""label"": ""Crane drivers""}, {""value"": ""8222.0"", ""label"": ""Fork-lift truck drivers""}, {""value"": ""8223.0"", ""label"": ""Agricultural machinery drivers""}, {""value"": ""8229.0"", ""label"": ""Mobile machine drivers and operatives n.e.c.""}, {""value"": ""8230.0"", ""label"": ""Other Drivers and Transport Operatives""}, {""value"": ""8231.0"", ""label"": ""Train drivers""}, {""value"": ""8232.0"", ""label"": ""Marine and waterways transport operatives""}, {""value"": ""8233.0"", ""label"": ""Air transport operatives""}, {""value"": ""8234.0"", ""label"": ""Rail transport operatives""}, {""value"": ""8239.0"", ""label"": ""Other drivers and transport operatives n.e.c.""}, {""value"": ""9110.0"", ""label"": ""Elementary Agricultural Occupations""}, {""value"": ""9111.0"", ""label"": ""Farm workers""}, {""value"": ""9112.0"", ""label"": ""Forestry workers""}, {""value"": ""9119.0"", ""label"": ""Fishing and other elementary agriculture occupations n.e.c.""}, {""value"": ""9120.0"", ""label"": ""Elementary Construction Occupations""}, {""value"": ""9130.0"", ""label"": ""Elementary Process Plant Occupations""}, {""value"": ""9132.0"", ""label"": ""Industrial cleaning process occupations""}, {""value"": ""9134.0"", ""label"": ""Packers, bottlers, canners and fillers""}, {""value"": ""9139.0"", ""label"": ""Elementary process plant occupations n.e.c.""}, {""value"": ""9210.0"", ""label"": ""Elementary Administration Occupations""}, {""value"": ""9211.0"", ""label"": ""Postal workers, mail sorters, messengers and couriers""}, {""value"": ""9219.0"", ""label"": ""Elementary administration occupations n.e.c.""}, {""value"": ""9230.0"", ""label"": ""Elementary Cleaning Occupations""}, {""value"": ""9231.0"", ""label"": ""Window cleaners""}, {""value"": ""9232.0"", ""label"": ""Street cleaners""}, {""value"": ""9233.0"", ""label"": ""Cleaners and domestics""}, {""value"": ""9234.0"", ""label"": ""Launderers, dry cleaners and pressers""}, {""value"": ""9235.0"", ""label"": ""Refuse and salvage occupations""}, {""value"": ""9236.0"", ""label"": ""Vehicle valeters and cleaners""}, {""value"": ""9239.0"", ""label"": ""Elementary cleaning occupations n.e.c.""}, {""value"": ""9240.0"", ""label"": ""Elementary Security Occupations""}, {""value"": ""9241.0"", ""label"": ""Security guards and related occupations""}, {""value"": ""9242.0"", ""label"": ""Parking and civil enforcement occupations""}, {""value"": ""9244.0"", ""label"": ""School mid-day and crossing patrol occupations""}, {""value"": ""9249.0"", ""label"": ""Elementary security occupations n.e.c.""}, {""value"": ""9250.0"", ""label"": ""Elementary Sales Occupations""}, {""value"": ""9251.0"", ""label"": ""Shelf fillers""}, {""value"": ""9259.0"", ""label"": ""Elementary sales occupations n.e.c.""}, {""value"": ""9260.0"", ""label"": ""Elementary Storage Occupations""}, {""value"": ""9270.0"", ""label"": ""Other Elementary Services Occupations""}, {""value"": ""9271.0"", ""label"": ""Hospital porters""}, {""value"": ""9272.0"", ""label"": ""Kitchen and catering assistants""}, {""value"": ""9273.0"", ""label"": ""Waiters and waitresses""}, {""value"": ""9274.0"", ""label"": ""Bar staff""}, {""value"": ""9275.0"", ""label"": ""Leisure and theme park attendants""}, {""value"": ""9279.0"", ""label"": ""Other elementary services occupations n.e.c.""}]"
30,b11cljs2020,SOC2020 Minor group (Activity history job),numeric,SCALE,-10.0 thru -1.0,"[{""value"": ""-9.0"", ""label"": ""Refused""}, {""value"": ""-8.0"", ""label"": ""Don't know""}, {""value"": ""-3.0"", ""label"": ""Not asked at case fieldwork stage""}, {""value"": ""-2.0"", ""label"": ""Not asked due to scripting/routing error""}, {""value"": ""-1.0"", ""label"": ""Not applicable""}, {""value"": ""1110.0"", ""label"": ""Chief Executives and Senior Officials""}, {""value"": ""1111.0"", ""label"": ""Chief executives and senior officials""}, {""value"": ""1112.0"", ""label"": ""Elected officers and representatives""}, {""value"": ""1120.0"", ""label"": ""Production Managers and Directors""}, {""value"": ""1121.0"", ""label"": ""Production managers and directors in manufacturing""}, {""value"": ""1122.0"", ""label"": ""Production managers and directors in construction""}, {""value"": ""1123.0"", ""label"": ""Production managers and directors in mining and energy""}, {""value"": ""1130.0"", ""label"": ""Functional Managers and Directors""}, {""value"": ""1131.0"", ""label"": ""Financial managers and directors""}, {""value"": ""1132.0"", ""label"": ""Marketing, sales and advertising directors""}, {""value"": ""1133.0"", ""label"": ""Public relations and communications directors""}, {""value"": ""1134.0"", ""label"": ""Purchasing managers and directors""}, {""value"": ""1135.0"", ""label"": ""Charitable organisation managers and directors""}, {""value"": ""1136.0"", ""label"": ""Human resource managers and directors""}, {""value"": ""1137.0"", ""label"": ""Information technology directors""}, {""value"": ""1139.0"", ""label"": ""Functional managers and directors n.e.c.""}, {""value"": ""1140.0"", ""label"": ""Directors in Logistics, Warehousing and Transport""}, {""value"": ""1150.0"", ""label"": ""Managers and Directors in Retail and Wholesale""}, {""value"": ""1160.0"", ""label"": ""Senior Officers in Protective Services""}, {""value"": ""1161.0"", ""label"": ""Officers in armed forces""}, {""value"": ""1162.0"", ""label"": ""Senior police officers""}, {""value"": ""1163.0"", ""label"": ""Senior officers in fire, ambulance, prison and related services""}, {""value"": ""1170.0"", ""label"": ""Health and Social Services Managers and Directors""}, {""value"": ""1171.0"", ""label"": ""Health services and public health managers and directors""}, {""value"": ""1172.0"", ""label"": ""Social services managers and directors""}, {""value"": ""1210.0"", ""label"": ""Managers and Proprietors in Agriculture Related Services""}, {""value"": ""1211.0"", ""label"": ""Managers and proprietors in agriculture and horticulture""}, {""value"": ""1212.0"", ""label"": ""Managers and proprietors in forestry, fishing and related services""}, {""value"": ""1220.0"", ""label"": ""Managers and Proprietors in Hospitality and Leisure Services""}, {""value"": ""1221.0"", ""label"": ""Hotel and accommodation managers and proprietors""}, {""value"": ""1222.0"", ""label"": ""Restaurant and catering establishment managers and proprietors""}, {""value"": ""1223.0"", ""label"": ""Publicans and managers of licensed premises""}, {""value"": ""1224.0"", ""label"": ""Leisure and sports managers""}, {""value"": ""1225.0"", ""label"": ""Travel agency managers and proprietors""}, {""value"": ""1230.0"", ""label"": ""Managers and Proprietors in Health and Care Services""}, {""value"": ""1231.0"", ""label"": ""Health care practice managers""}, {""value"": ""1232.0"", ""label"": ""Residential, day and domiciliary care managers and proprietors""}, {""value"": ""1233.0"", ""label"": ""Early education and childcare services proprietors""}, {""value"": ""1240.0"", ""label"": ""Managers in Logistics, Warehousing and Transport""}, {""value"": ""1241.0"", ""label"": ""Managers in transport and distribution""}, {""value"": ""1242.0"", ""label"": ""Managers in storage and warehousing""}, {""value"": ""1243.0"", ""label"": ""Managers in logistics""}, {""value"": ""1250.0"", ""label"": ""Managers and Proprietors in Other Services""}, {""value"": ""1251.0"", ""label"": ""Property, housing and estate managers""}, {""value"": ""1252.0"", ""label"": ""Garage managers and proprietors""}, {""value"": ""1253.0"", ""label"": ""Hairdressing and beauty salon managers and proprietors""}, {""value"": ""1254.0"", ""label"": ""Waste disposal and environmental services managers""}, {""value"": ""1255.0"", ""label"": ""Managers and directors in the creative industries""}, {""value"": ""1256.0"", ""label"": ""Betting shop and gambling establishment managers""}, {""value"": ""1257.0"", ""label"": ""Hire services managers and proprietors""}, {""value"": ""1258.0"", ""label"": ""Directors in consultancy services""}, {""value"": ""1259.0"", ""label"": ""Managers and proprietors in other services n.e.c.""}, {""value"": ""2110.0"", ""label"": ""Natural and Social Science Professionals""}, {""value"": ""2111.0"", ""label"": ""Chemical scientists""}, {""value"": ""2112.0"", ""label"": ""Biological scientists""}, {""value"": ""2113.0"", ""label"": ""Biochemists and biomedical scientists""}, {""value"": ""2114.0"", ""label"": ""Physical scientists""}, {""value"": ""2115.0"", ""label"": ""Social and humanities scientists""}, {""value"": ""2119.0"", ""label"": ""Natural and social science professionals n.e.c.""}, {""value"": ""2120.0"", ""label"": ""Engineering Professionals""}, {""value"": ""2121.0"", ""label"": ""Civil engineers""}, {""value"": ""2122.0"", ""label"": ""Mechanical engineers""}, {""value"": ""2123.0"", ""label"": ""Electrical engineers""}, {""value"": ""2124.0"", ""label"": ""Electronics engineers""}, {""value"": ""2125.0"", ""label"": ""Production and process engineers""}, {""value"": ""2126.0"", ""label"": ""Aerospace engineers""}, {""value"": ""2127.0"", ""label"": ""Engineering project managers and project engineers""}, {""value"": ""2129.0"", ""label"": ""Engineering professionals n.e.c.""}, {""value"": ""2130.0"", ""label"": ""Information Technology Professionals""}, {""value"": ""2131.0"", ""label"": ""IT project managers""}, {""value"": ""2132.0"", ""label"": ""IT managers""}, {""value"": ""2133.0"", ""label"": ""IT business analysts, architects and systems designers""}, {""value"": ""2134.0"", ""label"": ""Programmers and software development professionals""}, {""value"": ""2135.0"", ""label"": ""Cyber security professionals""}, {""value"": ""2136.0"", ""label"": ""IT quality and testing professionals""}, {""value"": ""2137.0"", ""label"": ""IT network professionals""}, {""value"": ""2139.0"", ""label"": ""Information technology professionals n.e.c.""}, {""value"": ""2140.0"", ""label"": ""Web and Multimedia Design Professionals""}, {""value"": ""2141.0"", ""label"": ""Web design professionals""}, {""value"": ""2142.0"", ""label"": ""Graphic and multimedia designers""}, {""value"": ""2150.0"", ""label"": ""Conservation and Environment Professionals""}, {""value"": ""2151.0"", ""label"": ""Conservation professionals""}, {""value"": ""2152.0"", ""label"": ""Environment professionals""}, {""value"": ""2160.0"", ""label"": ""Research and Development (R&D) and Other Research Professionals""}, {""value"": ""2161.0"", ""label"": ""Research and development (R&D) managers""}, {""value"": ""2162.0"", ""label"": ""Other researchers, unspecified discipline""}, {""value"": ""2210.0"", ""label"": ""Medical Practitioners""}, {""value"": ""2211.0"", ""label"": ""Generalist medical practitioners""}, {""value"": ""2212.0"", ""label"": ""Specialist medical practitioners""}, {""value"": ""2220.0"", ""label"": ""Therapy Professionals""}, {""value"": ""2221.0"", ""label"": ""Physiotherapists""}, {""value"": ""2222.0"", ""label"": ""Occupational therapists""}, {""value"": ""2223.0"", ""label"": ""Speech and language therapists""}, {""value"": ""2224.0"", ""label"": ""Psychotherapists and cognitive behaviour therapists""}, {""value"": ""2225.0"", ""label"": ""Clinical psychologists""}, {""value"": ""2226.0"", ""label"": ""Other psychologists""}, {""value"": ""2229.0"", ""label"": ""Therapy professionals n.e.c.""}, {""value"": ""2230.0"", ""label"": ""Nursing Professionals""}, {""value"": ""2231.0"", ""label"": ""Midwifery nurses""}, {""value"": ""2232.0"", ""label"": ""Community nurses""}, {""value"": ""2233.0"", ""label"": ""Specialist nurses""}, {""value"": ""2234.0"", ""label"": ""Nurse practitioners""}, {""value"": ""2235.0"", ""label"": ""Mental health nurses""}, {""value"": ""2236.0"", ""label"": ""Children's nurses""}, {""value"": ""2237.0"", ""label"": ""Other nursing professionals""}, {""value"": ""2240.0"", ""label"": ""Veterinarians""}, {""value"": ""2250.0"", ""label"": ""Other Health Professionals""}, {""value"": ""2251.0"", ""label"": ""Pharmacists""}, {""value"": ""2252.0"", ""label"": ""Optometrists""}, {""value"": ""2253.0"", ""label"": ""Dental practitioners""}, {""value"": ""2254.0"", ""label"": ""Medical radiographers""}, {""value"": ""2255.0"", ""label"": ""Paramedics""}, {""value"": ""2256.0"", ""label"": ""Podiatrists""}, {""value"": ""2259.0"", ""label"": ""Other health professionals n.e.c.""}, {""value"": ""2310.0"", ""label"": ""Teaching Professionals""}, {""value"": ""2311.0"", ""label"": ""Higher education teaching professionals""}, {""value"": ""2312.0"", ""label"": ""Further education teaching professionals""}, {""value"": ""2313.0"", ""label"": ""Secondary education teaching professionals""}, {""value"": ""2314.0"", ""label"": ""Primary education teaching professionals""}, {""value"": ""2315.0"", ""label"": ""Nursery education teaching professionals""}, {""value"": ""2316.0"", ""label"": ""Special needs education teaching professionals""}, {""value"": ""2317.0"", ""label"": ""Teachers of English as a foreign language""}, {""value"": ""2319.0"", ""label"": ""Teaching professionals n.e.c.""}, {""value"": ""2320.0"", ""label"": ""Other Educational Professionals""}, {""value"": ""2321.0"", ""label"": ""Head teachers and principals""}, {""value"": ""2322.0"", ""label"": ""Education managers""}, {""value"": ""2323.0"", ""label"": ""Education advisers and school inspectors""}, {""value"": ""2324.0"", ""label"": ""Early education and childcare services managers""}, {""value"": ""2329.0"", ""label"": ""Other educational professionals n.e.c""}, {""value"": ""2410.0"", ""label"": ""Legal Professionals""}, {""value"": ""2411.0"", ""label"": ""Barristers and judges""}, {""value"": ""2412.0"", ""label"": ""Solicitors and lawyers""}, {""value"": ""2419.0"", ""label"": ""Legal professionals n.e.c.""}, {""value"": ""2420.0"", ""label"": ""Finance Professionals""}, {""value"": ""2421.0"", ""label"": ""Chartered and certified accountants""}, {""value"": ""2422.0"", ""label"": ""Finance and investment analysts and advisers""}, {""value"": ""2423.0"", ""label"": ""Taxation experts""}, {""value"": ""2430.0"", ""label"": ""Business, Research and Administrative Professionals""}, {""value"": ""2431.0"", ""label"": ""Management consultants and business analysts""}, {""value"": ""2432.0"", ""label"": ""Marketing and commercial managers""}, {""value"": ""2433.0"", ""label"": ""Actuaries, economists and statisticians""}, {""value"": ""2434.0"", ""label"": ""Business and related research professionals""}, {""value"": ""2435.0"", ""label"": ""Professional/Chartered company secretaries""}, {""value"": ""2439.0"", ""label"": ""Business, research and administrative professionals n.e.c.""}, {""value"": ""2440.0"", ""label"": ""Business and Financial Project Management Professionals""}, {""value"": ""2450.0"", ""label"": ""Architects, Chartered Architectural Technologists, Planning Officers, Surveyors and Construction Professionals""}, {""value"": ""2451.0"", ""label"": ""Architects""}, {""value"": ""2452.0"", ""label"": ""Chartered architectural technologists, planning officers and consultants""}, {""value"": ""2453.0"", ""label"": ""Quantity surveyors""}, {""value"": ""2454.0"", ""label"": ""Chartered surveyors""}, {""value"": ""2455.0"", ""label"": ""Construction project managers and related professionals""}, {""value"": ""2460.0"", ""label"": ""Welfare Professionals""}, {""value"": ""2461.0"", ""label"": ""Social workers""}, {""value"": ""2462.0"", ""label"": ""Probation officers""}, {""value"": ""2463.0"", ""label"": ""Clergy""}, {""value"": ""2464.0"", ""label"": ""Youth work professionals""}, {""value"": ""2469.0"", ""label"": ""Welfare professionals n.e.c.""}, {""value"": ""2470.0"", ""label"": ""Librarians and Related Professionals""}, {""value"": ""2471.0"", ""label"": ""Librarians""}, {""value"": ""2472.0"", ""label"": ""Archivists and curators""}, {""value"": ""2480.0"", ""label"": ""Quality and Regulatory Professionals""}, {""value"": ""2481.0"", ""label"": ""Quality control and planning engineers""}, {""value"": ""2482.0"", ""label"": ""Quality assurance and regulatory professionals""}, {""value"": ""2483.0"", ""label"": ""Environmental health professionals""}, {""value"": ""2490.0"", ""label"": ""Media Professionals""}, {""value"": ""2491.0"", ""label"": ""Newspaper and periodical editors""}, {""value"": ""2492.0"", ""label"": ""Newspaper and periodical journalists and reporters""}, {""value"": ""2493.0"", ""label"": ""Public relations professionals""}, {""value"": ""2494.0"", ""label"": ""Advertising accounts managers and creative directors""}, {""value"": ""3110.0"", ""label"": ""Science, Engineering and Production Technicians""}, {""value"": ""3111.0"", ""label"": ""Laboratory technicians""}, {""value"": ""3112.0"", ""label"": ""Electrical and electronics technicians""}, {""value"": ""3113.0"", ""label"": ""Engineering technicians""}, {""value"": ""3114.0"", ""label"": ""Building and civil engineering technicians""}, {""value"": ""3115.0"", ""label"": ""Quality assurance technicians""}, {""value"": ""3116.0"", ""label"": ""Planning, process and production technicians""}, {""value"": ""3119.0"", ""label"": ""Science, engineering and production technicians n.e.c.""}, {""value"": ""3120.0"", ""label"": ""CAD, Drawing and Architectural Technicians""}, {""value"": ""3130.0"", ""label"": ""Information Technology Technicians""}, {""value"": ""3131.0"", ""label"": ""IT operations technicians""}, {""value"": ""3132.0"", ""label"": ""IT user support technicians""}, {""value"": ""3133.0"", ""label"": ""Database administrators and web content technicians""}, {""value"": ""3210.0"", ""label"": ""Health Associate Professionals""}, {""value"": ""3211.0"", ""label"": ""Dispensing opticians""}, {""value"": ""3212.0"", ""label"": ""Pharmaceutical technicians""}, {""value"": ""3213.0"", ""label"": ""Medical and dental technicians""}, {""value"": ""3214.0"", ""label"": ""Complementary health associate professionals""}, {""value"": ""3219.0"", ""label"": ""Health associate professionals n.e.c.""}, {""value"": ""3220.0"", ""label"": ""Welfare and Housing Associate Professionals""}, {""value"": ""3221.0"", ""label"": ""Youth and community workers""}, {""value"": ""3222.0"", ""label"": ""Child and early years officers""}, {""value"": ""3223.0"", ""label"": ""Housing officers""}, {""value"": ""3224.0"", ""label"": ""Counsellors""}, {""value"": ""3229.0"", ""label"": ""Welfare and housing associate professionals n.e.c.""}, {""value"": ""3230.0"", ""label"": ""Teaching and Childcare Associate Professionals""}, {""value"": ""3231.0"", ""label"": ""Higher level teaching assistants""}, {""value"": ""3232.0"", ""label"": ""Early education and childcare practitioners""}, {""value"": ""3240.0"", ""label"": ""Veterinary nurses""}, {""value"": ""3310.0"", ""label"": ""Protective Service Occupations""}, {""value"": ""3311.0"", ""label"": ""Non-commissioned officers and other ranks""}, {""value"": ""3312.0"", ""label"": ""Police officers (sergeant and below)""}, {""value"": ""3313.0"", ""label"": ""Fire service officers (watch manager and below)""}, {""value"": ""3314.0"", ""label"": ""Prison service officers (below principal officer)""}, {""value"": ""3319.0"", ""label"": ""Protective service associate professionals n.e.c.""}, {""value"": ""3410.0"", ""label"": ""Artistic, Literary and Media Occupations""}, {""value"": ""3411.0"", ""label"": ""Artists""}, {""value"": ""3412.0"", ""label"": ""Authors, writers and translators""}, {""value"": ""3413.0"", ""label"": ""Actors, entertainers and presenters""}, {""value"": ""3414.0"", ""label"": ""Dancers and choreographers""}, {""value"": ""3415.0"", ""label"": ""Musicians""}, {""value"": ""3416.0"", ""label"": ""Arts officers, producers and directors""}, {""value"": ""3417.0"", ""label"": ""Photographers, audio-visual and broadcasting equipment operators""}, {""value"": ""3420.0"", ""label"": ""Design Occupations""}, {""value"": ""3421.0"", ""label"": ""Interior designers""}, {""value"": ""3422.0"", ""label"": ""Clothing, fashion and accessories designers""}, {""value"": ""3429.0"", ""label"": ""Design occupations n.e.c.""}, {""value"": ""3430.0"", ""label"": ""Sports and Fitness Occupations""}, {""value"": ""3431.0"", ""label"": ""Sports players""}, {""value"": ""3432.0"", ""label"": ""Sports coaches, instructors and officials""}, {""value"": ""3433.0"", ""label"": ""Fitness and wellbeing instructors""}, {""value"": ""3510.0"", ""label"": ""Transport Associate Professionals""}, {""value"": ""3511.0"", ""label"": ""Aircraft pilots and air traffic controllers""}, {""value"": ""3512.0"", ""label"": ""Ship and hovercraft officers""}, {""value"": ""3520.0"", ""label"": ""Legal Associate Professionals""}, {""value"": ""3530.0"", ""label"": ""Finance Associate Professionals""}, {""value"": ""3531.0"", ""label"": ""Brokers""}, {""value"": ""3532.0"", ""label"": ""Insurance underwriters""}, {""value"": ""3533.0"", ""label"": ""Financial and accounting technicians""}, {""value"": ""3534.0"", ""label"": ""Financial accounts managers""}, {""value"": ""3540.0"", ""label"": ""Business Associate Professionals""}, {""value"": ""3541.0"", ""label"": ""Estimators, valuers and assessors""}, {""value"": ""3542.0"", ""label"": ""Importers and exporters""}, {""value"": ""3543.0"", ""label"": ""Project support officers""}, {""value"": ""3544.0"", ""label"": ""Data analysts""}, {""value"": ""3549.0"", ""label"": ""Business associate professionals n.e.c.""}, {""value"": ""3550.0"", ""label"": ""Sales, Marketing and Related Associate Professionals""}, {""value"": ""3551.0"", ""label"": ""Buyers and procurement officers""}, {""value"": ""3552.0"", ""label"": ""Business sales executives""}, {""value"": ""3553.0"", ""label"": ""Merchandisers""}, {""value"": ""3554.0"", ""label"": ""Marketing associate professionals""}, {""value"": ""3555.0"", ""label"": ""Estate agents and auctioneers""}, {""value"": ""3556.0"", ""label"": ""Sales accounts and business development managers""}, {""value"": ""3557.0"", ""label"": ""Events managers and organisers""}, {""value"": ""3560.0"", ""label"": ""Public Services Associate Professionals""}, {""value"": ""3570.0"", ""label"": ""HR, Training and Other Vocational Associate Guidance Professionals""}, {""value"": ""3571.0"", ""label"": ""Human resources and industrial relations officers""}, {""value"": ""3572.0"", ""label"": ""Careers advisers and vocational guidance specialists""}, {""value"": ""3573.0"", ""label"": ""Information technology trainers""}, {""value"": ""3574.0"", ""label"": ""Other vocational and industrial trainers""}, {""value"": ""3580.0"", ""label"": ""Regulatory Associate Professionals""}, {""value"": ""3581.0"", ""label"": ""Inspectors of standards and regulations""}, {""value"": ""3582.0"", ""label"": ""Health and safety managers and officers""}, {""value"": ""4110.0"", ""label"": ""Administrative Occupations: Government and Related Organisations""}, {""value"": ""4111.0"", ""label"": ""National government administrative occupations""}, {""value"": ""4112.0"", ""label"": ""Local government administrative occupations""}, {""value"": ""4113.0"", ""label"": ""Officers of non-governmental organisations""}, {""value"": ""4120.0"", ""label"": ""Administrative Occupations: Finance""}, {""value"": ""4121.0"", ""label"": ""Credit controllers""}, {""value"": ""4122.0"", ""label"": ""Book-keepers, payroll managers and wages clerks""}, {""value"": ""4123.0"", ""label"": ""Bank and post office clerks""}, {""value"": ""4124.0"", ""label"": ""Finance officers""}, {""value"": ""4129.0"", ""label"": ""Financial administrative occupations n.e.c.""}, {""value"": ""4130.0"", ""label"": ""Administrative Occupations: Records""}, {""value"": ""4131.0"", ""label"": ""Records clerks and assistants""}, {""value"": ""4132.0"", ""label"": ""Pensions and insurance clerks and assistants""}, {""value"": ""4133.0"", ""label"": ""Stock control clerks and assistants""}, {""value"": ""4134.0"", ""label"": ""Transport and distribution clerks and assistants""}, {""value"": ""4135.0"", ""label"": ""Library clerks and assistants""}, {""value"": ""4136.0"", ""label"": ""Human resources administrative occupations""}, {""value"": ""4140.0"", ""label"": ""Administrative Occupations: Office Managers and Supervisors""}, {""value"": ""4141.0"", ""label"": ""Office managers""}, {""value"": ""4142.0"", ""label"": ""Office supervisors""}, {""value"": ""4143.0"", ""label"": ""Customer service managers""}, {""value"": ""4150.0"", ""label"": ""Other Administrative Occupations""}, {""value"": ""4151.0"", ""label"": ""Sales administrators""}, {""value"": ""4152.0"", ""label"": ""Data entry administrators""}, {""value"": ""4159.0"", ""label"": ""Other administrative occupations n.e.c.""}, {""value"": ""4210.0"", ""label"": ""Secretarial and Related Occupations""}, {""value"": ""4211.0"", ""label"": ""Medical secretaries""}, {""value"": ""4212.0"", ""label"": ""Legal secretaries""}, {""value"": ""4213.0"", ""label"": ""School secretaries""}, {""value"": ""4214.0"", ""label"": ""Company secretaries and administrators""}, {""value"": ""4215.0"", ""label"": ""Personal assistants and other secretaries""}, {""value"": ""4216.0"", ""label"": ""Receptionists""}, {""value"": ""4217.0"", ""label"": ""Typists and related keyboard occupations""}, {""value"": ""5110.0"", ""label"": ""Agricultural and Related Trades""}, {""value"": ""5111.0"", ""label"": ""Farmers""}, {""value"": ""5112.0"", ""label"": ""Horticultural trades""}, {""value"": ""5113.0"", ""label"": ""Gardeners and landscape gardeners""}, {""value"": ""5114.0"", ""label"": ""Groundsmen and greenkeepers""}, {""value"": ""5119.0"", ""label"": ""Agricultural and fishing trades n.e.c.""}, {""value"": ""5210.0"", ""label"": ""Metal Forming, Welding and Related Trades""}, {""value"": ""5211.0"", ""label"": ""Sheet metal workers""}, {""value"": ""5212.0"", ""label"": ""Metal plate workers, smiths, moulders and related occupations""}, {""value"": ""5213.0"", ""label"": ""Welding trades""}, {""value"": ""5214.0"", ""label"": ""Pipe fitters""}, {""value"": ""5220.0"", ""label"": ""Metal Machining, Fitting and Instrument Making Trades""}, {""value"": ""5221.0"", ""label"": ""Metal machining setters and setter-operators""}, {""value"": ""5222.0"", ""label"": ""Tool makers, tool fitters and markers-out""}, {""value"": ""5223.0"", ""label"": ""Metal working production and maintenance fitters""}, {""value"": ""5224.0"", ""label"": ""Precision instrument makers and repairers""}, {""value"": ""5225.0"", ""label"": ""Air-conditioning and refrigeration installers and repairers""}, {""value"": ""5230.0"", ""label"": ""Vehicle Trades""}, {""value"": ""5231.0"", ""label"": ""Vehicle technicians, mechanics and electricians""}, {""value"": ""5232.0"", ""label"": ""Vehicle body builders and repairers""}, {""value"": ""5233.0"", ""label"": ""Vehicle paint technicians""}, {""value"": ""5234.0"", ""label"": ""Aircraft maintenance and related trades""}, {""value"": ""5235.0"", ""label"": ""Boat and ship builders and repairers""}, {""value"": ""5236.0"", ""label"": ""Rail and rolling stock builders and repairers""}, {""value"": ""5240.0"", ""label"": ""Electrical and Electronic Trades""}, {""value"": ""5241.0"", ""label"": ""Electricians and electrical fitters""}, {""value"": ""5242.0"", ""label"": ""Telecoms and related network installers and repairers""}, {""value"": ""5243.0"", ""label"": ""TV, video and audio servicers and repairers""}, {""value"": ""5244.0"", ""label"": ""Computer system and equipment installers and servicers""}, {""value"": ""5245.0"", ""label"": ""Security system installers and repairers""}, {""value"": ""5246.0"", ""label"": ""Electrical service and maintenance mechanics and repairers""}, {""value"": ""5249.0"", ""label"": ""Electrical and electronic trades n.e.c.""}, {""value"": ""5250.0"", ""label"": ""Skilled Metal, Electrical and Electronic Trades Supervisors""}, {""value"": ""5310.0"", ""label"": ""Construction and Building Trades""}, {""value"": ""5311.0"", ""label"": ""Steel erectors""}, {""value"": ""5312.0"", ""label"": ""Stonemasons and related trades""}, {""value"": ""5313.0"", ""label"": ""Bricklayers""}, {""value"": ""5314.0"", ""label"": ""Roofers, roof tilers and slaters""}, {""value"": ""5315.0"", ""label"": ""Plumbers & heating and ventilating installers and repairers""}, {""value"": ""5316.0"", ""label"": ""Carpenters and joiners""}, {""value"": ""5317.0"", ""label"": ""Glaziers, window fabricators and fitters""}, {""value"": ""5319.0"", ""label"": ""Construction and building trades n.e.c.""}, {""value"": ""5320.0"", ""label"": ""Building Finishing Trades""}, {""value"": ""5321.0"", ""label"": ""Plasterers""}, {""value"": ""5322.0"", ""label"": ""Floorers and wall tilers""}, {""value"": ""5323.0"", ""label"": ""Painters and decorators""}, {""value"": ""5330.0"", ""label"": ""Construction and Building Trades Supervisors""}, {""value"": ""5410.0"", ""label"": ""Textiles and Garments Trades""}, {""value"": ""5411.0"", ""label"": ""Upholsterers""}, {""value"": ""5412.0"", ""label"": ""Footwear and leather working trades""}, {""value"": ""5413.0"", ""label"": ""Tailors and dressmakers""}, {""value"": ""5419.0"", ""label"": ""Textiles, garments and related trades n.e.c.""}, {""value"": ""5420.0"", ""label"": ""Printing Trades""}, {""value"": ""5421.0"", ""label"": ""Pre-press technicians""}, {""value"": ""5422.0"", ""label"": ""Printers""}, {""value"": ""5423.0"", ""label"": ""Print finishing and binding workers""}, {""value"": ""5430.0"", ""label"": ""Food Preparation and Hospitality Trades""}, {""value"": ""5431.0"", ""label"": ""Butchers""}, {""value"": ""5432.0"", ""label"": ""Bakers and flour confectioners""}, {""value"": ""5433.0"", ""label"": ""Fishmongers and poultry dressers""}, {""value"": ""5434.0"", ""label"": ""Chefs""}, {""value"": ""5435.0"", ""label"": ""Cooks""}, {""value"": ""5436.0"", ""label"": ""Catering and bar managers""}, {""value"": ""5440.0"", ""label"": ""Other Skilled Trades""}, {""value"": ""5441.0"", ""label"": ""Glass and ceramics makers, decorators and finishers""}, {""value"": ""5442.0"", ""label"": ""Furniture makers and other craft woodworkers""}, {""value"": ""5443.0"", ""label"": ""Florists""}, {""value"": ""5449.0"", ""label"": ""Other skilled trades n.e.c.""}, {""value"": ""6110.0"", ""label"": ""Teaching and Childcare Support Occupations""}, {""value"": ""6111.0"", ""label"": ""Early education and childcare assistants""}, {""value"": ""6112.0"", ""label"": ""Teaching assistants""}, {""value"": ""6113.0"", ""label"": ""Educational support assistants""}, {""value"": ""6114.0"", ""label"": ""Childminders""}, {""value"": ""6116.0"", ""label"": ""Nannies and au pairs""}, {""value"": ""6117.0"", ""label"": ""Playworkers""}, {""value"": ""6120.0"", ""label"": ""Animal Care and Control Services""}, {""value"": ""6121.0"", ""label"": ""Pest control officers""}, {""value"": ""6129.0"", ""label"": ""Animal care services occupations n.e.c.""}, {""value"": ""6130.0"", ""label"": ""Caring Personal Services""}, {""value"": ""6131.0"", ""label"": ""Nursing auxiliaries and assistants""}, {""value"": ""6132.0"", ""label"": ""Ambulance staff (excluding paramedics)""}, {""value"": ""6133.0"", ""label"": ""Dental nurses""}, {""value"": ""6134.0"", ""label"": ""Houseparents and residential wardens""}, {""value"": ""6135.0"", ""label"": ""Care workers and home carers""}, {""value"": ""6136.0"", ""label"": ""Senior care workers""}, {""value"": ""6137.0"", ""label"": ""Care escorts""}, {""value"": ""6138.0"", ""label"": ""Undertakers, mortuary and crematorium assistants""}, {""value"": ""6210.0"", ""label"": ""Leisure and Travel Services""}, {""value"": ""6211.0"", ""label"": ""Sports and leisure assistants""}, {""value"": ""6212.0"", ""label"": ""Travel agents""}, {""value"": ""6213.0"", ""label"": ""Air travel assistants""}, {""value"": ""6214.0"", ""label"": ""Rail travel assistants""}, {""value"": ""6219.0"", ""label"": ""Leisure and travel service occupations n.e.c.""}, {""value"": ""6220.0"", ""label"": ""Hairdressers and Related Services""}, {""value"": ""6221.0"", ""label"": ""Hairdressers and barbers""}, {""value"": ""6222.0"", ""label"": ""Beauticians and related occupations""}, {""value"": ""6230.0"", ""label"": ""Housekeeping and Related Services""}, {""value"": ""6231.0"", ""label"": ""Housekeepers and related occupations""}, {""value"": ""6232.0"", ""label"": ""Caretakers""}, {""value"": ""6240.0"", ""label"": ""Cleaning and Housekeeping Managers and Supervisors""}, {""value"": ""6250.0"", ""label"": ""Bed and Breakfast and Guest House Owners and Proprietors""}, {""value"": ""6310.0"", ""label"": ""Community and Civil Enforcement Occupations""}, {""value"": ""6311.0"", ""label"": ""Police community support officers""}, {""value"": ""6312.0"", ""label"": ""Parking and civil enforcement occupations""}, {""value"": ""7110.0"", ""label"": ""Sales Assistants and Retail Cashiers""}, {""value"": ""7111.0"", ""label"": ""Sales and retail assistants""}, {""value"": ""7112.0"", ""label"": ""Retail cashiers and check-out operators""}, {""value"": ""7113.0"", ""label"": ""Telephone salespersons""}, {""value"": ""7114.0"", ""label"": ""Pharmacy and optical dispensing assistants""}, {""value"": ""7115.0"", ""label"": ""Vehicle and parts salespersons and advisers""}, {""value"": ""7120.0"", ""label"": ""Sales Related Occupations""}, {""value"": ""7121.0"", ""label"": ""Collector salespersons and credit agents""}, {""value"": ""7122.0"", ""label"": ""Debt, rent and other cash collectors""}, {""value"": ""7123.0"", ""label"": ""Roundspersons and van salespersons""}, {""value"": ""7124.0"", ""label"": ""Market and street traders and assistants""}, {""value"": ""7125.0"", ""label"": ""Visual merchandisers and related occupations""}, {""value"": ""7129.0"", ""label"": ""Sales related occupations n.e.c.""}, {""value"": ""7130.0"", ""label"": ""Shopkeepers and Sales Supervisors""}, {""value"": ""7131.0"", ""label"": ""Shopkeepers and owners - retail and wholesale""}, {""value"": ""7132.0"", ""label"": ""Sales supervisors - retail and wholesale""}, {""value"": ""7210.0"", ""label"": ""Customer Service Occupations""}, {""value"": ""7211.0"", ""label"": ""Call and contact centre occupations""}, {""value"": ""7212.0"", ""label"": ""Telephonists""}, {""value"": ""7213.0"", ""label"": ""Communication operators""}, {""value"": ""7214.0"", ""label"": ""Market research interviewers""}, {""value"": ""7219.0"", ""label"": ""Customer service occupations n.e.c.""}, {""value"": ""7220.0"", ""label"": ""Customer Service Supervisors""}, {""value"": ""8110.0"", ""label"": ""Process Operatives""}, {""value"": ""8111.0"", ""label"": ""Food, drink and tobacco process operatives""}, {""value"": ""8112.0"", ""label"": ""Textile process operatives""}, {""value"": ""8113.0"", ""label"": ""Chemical and related process operatives""}, {""value"": ""8114.0"", ""label"": ""Plastics process operatives""}, {""value"": ""8115.0"", ""label"": ""Metal making and treating process operatives""}, {""value"": ""8119.0"", ""label"": ""Process operatives n.e.c.""}, {""value"": ""8120.0"", ""label"": ""Metal Working Machine Operatives""}, {""value"": ""8130.0"", ""label"": ""Plant and Machine Operatives""}, {""value"": ""8131.0"", ""label"": ""Paper and wood machine operatives""}, {""value"": ""8132.0"", ""label"": ""Mining and quarry workers and related operatives""}, {""value"": ""8133.0"", ""label"": ""Energy plant operatives""}, {""value"": ""8134.0"", ""label"": ""Water and sewerage plant operatives""}, {""value"": ""8135.0"", ""label"": ""Printing machine assistants""}, {""value"": ""8139.0"", ""label"": ""Plant and machine operatives n.e.c.""}, {""value"": ""8140.0"", ""label"": ""Assemblers and Routine Operatives""}, {""value"": ""8141.0"", ""label"": ""Assemblers (electrical and electronic products)""}, {""value"": ""8142.0"", ""label"": ""Assemblers (vehicles and metal goods)""}, {""value"": ""8143.0"", ""label"": ""Routine inspectors and testers""}, {""value"": ""8144.0"", ""label"": ""Weighers, graders and sorters""}, {""value"": ""8145.0"", ""label"": ""Tyre, exhaust and windscreen fitters""}, {""value"": ""8146.0"", ""label"": ""Sewing machinists""}, {""value"": ""8149.0"", ""label"": ""Assemblers and routine operatives n.e.c.""}, {""value"": ""8150.0"", ""label"": ""Construction Operatives""}, {""value"": ""8151.0"", ""label"": ""Scaffolders, stagers and riggers""}, {""value"": ""8152.0"", ""label"": ""Road construction operatives""}, {""value"": ""8153.0"", ""label"": ""Rail construction and maintenance operatives""}, {""value"": ""8159.0"", ""label"": ""Construction operatives n.e.c.""}, {""value"": ""8160.0"", ""label"": ""Production, Factory and Assembly Supervisors""}, {""value"": ""8210.0"", ""label"": ""Road Transport Drivers""}, {""value"": ""8211.0"", ""label"": ""Large goods vehicle drivers""}, {""value"": ""8212.0"", ""label"": ""Bus and coach drivers""}, {""value"": ""8213.0"", ""label"": ""Taxi and cab drivers and chauffeurs""}, {""value"": ""8214.0"", ""label"": ""Delivery drivers and couriers""}, {""value"": ""8215.0"", ""label"": ""Driving instructors""}, {""value"": ""8219.0"", ""label"": ""Road transport drivers n.e.c.""}, {""value"": ""8220.0"", ""label"": ""Mobile Machine Drivers and Operatives""}, {""value"": ""8221.0"", ""label"": ""Crane drivers""}, {""value"": ""8222.0"", ""label"": ""Fork-lift truck drivers""}, {""value"": ""8229.0"", ""label"": ""Mobile machine drivers and operatives n.e.c.""}, {""value"": ""8230.0"", ""label"": ""Other Drivers and Transport Operatives""}, {""value"": ""8231.0"", ""label"": ""Train and tram drivers""}, {""value"": ""8232.0"", ""label"": ""Marine and waterways transport operatives""}, {""value"": ""8233.0"", ""label"": ""Air transport operatives""}, {""value"": ""8234.0"", ""label"": ""Rail transport operatives""}, {""value"": ""8239.0"", ""label"": ""Other drivers and transport operatives n.e.c.""}, {""value"": ""9110.0"", ""label"": ""Elementary Agricultural Occupations""}, {""value"": ""9111.0"", ""label"": ""Farm workers""}, {""value"": ""9112.0"", ""label"": ""Forestry and related workers""}, {""value"": ""9119.0"", ""label"": ""Fishing and other elementary agriculture occupations n.e.c.""}, {""value"": ""9120.0"", ""label"": ""Elementary Construction Occupations""}, {""value"": ""9121.0"", ""label"": ""Groundworkers""}, {""value"": ""9129.0"", ""label"": ""Elementary construction occupations n.e.c.""}, {""value"": ""9130.0"", ""label"": ""Elementary Process Plant Occupations""}, {""value"": ""9131.0"", ""label"": ""Industrial cleaning process occupations""}, {""value"": ""9132.0"", ""label"": ""Packers, bottlers, canners and fillers""}, {""value"": ""9139.0"", ""label"": ""Elementary process plant occupations n.e.c.""}, {""value"": ""9210.0"", ""label"": ""Elementary Administration Occupations""}, {""value"": ""9211.0"", ""label"": ""Postal workers, mail sorters and messengers""}, {""value"": ""9219.0"", ""label"": ""Elementary administration occupations n.e.c.""}, {""value"": ""9220.0"", ""label"": ""Elementary Cleaning Occupations""}, {""value"": ""9221.0"", ""label"": ""Window cleaners""}, {""value"": ""9222.0"", ""label"": ""Street cleaners""}, {""value"": ""9223.0"", ""label"": ""Cleaners and domestics""}, {""value"": ""9224.0"", ""label"": ""Launderers, dry cleaners and pressers""}, {""value"": ""9225.0"", ""label"": ""Refuse and salvage occupations""}, {""value"": ""9226.0"", ""label"": ""Vehicle valeters and cleaners""}, {""value"": ""9229.0"", ""label"": ""Elementary cleaning occupations n.e.c.""}, {""value"": ""9230.0"", ""label"": ""Elementary Security Occupations""}, {""value"": ""9231.0"", ""label"": ""Security guards and related occupations""}, {""value"": ""9232.0"", ""label"": ""School midday and crossing patrol occupations""}, {""value"": ""9233.0"", ""label"": ""Exam invigilators""}, {""value"": ""9240.0"", ""label"": ""Elementary Sales Occupations""}, {""value"": ""9241.0"", ""label"": ""Shelf fillers""}, {""value"": ""9249.0"", ""label"": ""Elementary sales occupations n.e.c.""}, {""value"": ""9250.0"", ""label"": ""Elementary Storage Occupations""}, {""value"": ""9251.0"", ""label"": ""Elementary storage supervisors""}, {""value"": ""9252.0"", ""label"": ""Warehouse operatives""}, {""value"": ""9253.0"", ""label"": ""Delivery operatives""}, {""value"": ""9259.0"", ""label"": ""Elementary storage occupations n.e.c.""}, {""value"": ""9260.0"", ""label"": ""Other Elementary Services Occupations""}, {""value"": ""9261.0"", ""label"": ""Bar and catering supervisors""}, {""value"": ""9262.0"", ""label"": ""Hospital porters""}, {""value"": ""9263.0"", ""label"": ""Kitchen and catering assistants""}, {""value"": ""9264.0"", ""label"": ""Waiters and waitresses""}, {""value"": ""9265.0"", ""label"": ""Bar staff""}, {""value"": ""9266.0"", ""label"": ""Coffee shop workers""}, {""value"": ""9267.0"", ""label"": ""Leisure and theme park attendants""}, {""value"": ""9269.0"", ""label"": ""Other elementary services occupations n.e.c.""}]"
31,b11cljsic,SIC2007 Group (Activity history job),numeric,SCALE,-10.0 thru -1.0,"[{""value"": ""-9.0"", ""label"": ""Refused""}, {""value"": ""-8.0"", ""label"": ""Don't know""}, {""value"": ""-3.0"", ""label"": ""Not asked at case fieldwork stage""}, {""value"": ""-2.0"", ""label"": ""Not asked due to scripting/routing error""}, {""value"": ""-1.0"", ""label"": ""Not applicable""}, {""value"": ""1100.0"", ""label"": ""01.1 Growing of non-perennial crops""}, {""value"": ""1110.0"", ""label"": ""01.11 Growing of cereals (except rice), leguminous crops and oil seeds""}, {""value"": ""1120.0"", ""label"": ""01.12 Growing of rice""}, {""value"": ""1130.0"", ""label"": ""01.13 Growing of vegetables and melons, roots and tubers""}, {""value"": ""1140.0"", ""label"": ""01.14 Growing of sugar cane""}, {""value"": ""1150.0"", ""label"": ""01.15 Growing of tobacco""}, {""value"": ""1160.0"", ""label"": ""01.16 Growing of fibre crops""}, {""value"": ""1190.0"", ""label"": ""01.19 Growing of other non-perennial crops""}, {""value"": ""1200.0"", ""label"": ""01.2 Growing of perennial crops""}, {""value"": ""1210.0"", ""label"": ""01.21 Growing of grapes""}, {""value"": ""1220.0"", ""label"": ""01.22 Growing of tropical and subtropical fruits""}, {""value"": ""1230.0"", ""label"": ""01.23 Growing of citrus fruits""}, {""value"": ""1240.0"", ""label"": ""01.24 Growing of pome fruits and stone fruits""}, {""value"": ""1250.0"", ""label"": ""01.25 Growing of other tree and bush fruits and nuts""}, {""value"": ""1260.0"", ""label"": ""01.26 Growing of oleaginous fruits""}, {""value"": ""1270.0"", ""label"": ""01.27 Growing of beverage crops""}, {""value"": ""1280.0"", ""label"": ""01.28 Growing of spices, aromatic, drug and pharmaceutical crops""}, {""value"": ""1290.0"", ""label"": ""01.29 Growing of other perennial crops""}, {""value"": ""1300.0"", ""label"": ""01.3 Plant propagation""}, {""value"": ""1400.0"", ""label"": ""01.4 Animal production""}, {""value"": ""1410.0"", ""label"": ""01.41 Raising of dairy cattle""}, {""value"": ""1420.0"", ""label"": ""01.42 Raising of other cattle and buffaloes""}, {""value"": ""1430.0"", ""label"": ""01.43 Raising of horses and other equines""}, {""value"": ""1440.0"", ""label"": ""01.44 Raising of camels and camelids""}, {""value"": ""1450.0"", ""label"": ""01.45 Raising of sheep and goats""}, {""value"": ""1460.0"", ""label"": ""01.46 Raising of swine/pigs""}, {""value"": ""1470.0"", ""label"": ""01.47 Raising of poultry""}, {""value"": ""1490.0"", ""label"": ""01.49 Raising of other animals""}, {""value"": ""1500.0"", ""label"": ""01.5 Mixed farming""}, {""value"": ""1600.0"", ""label"": ""01.6 Support activities to agriculture and post-harvest crop activities""}, {""value"": ""1610.0"", ""label"": ""01.61 Support activities for crop production""}, {""value"": ""1620.0"", ""label"": ""01.62 Support activities for animal production""}, {""value"": ""1621.0"", ""label"": ""01.62/1 Farm animal boarding and care""}, {""value"": ""1629.0"", ""label"": ""01.62/9 Support activities for animal production (other than farm animal boarding and care) n.e.c.""}, {""value"": ""1630.0"", ""label"": ""01.63 Post-harvest crop activities""}, {""value"": ""1640.0"", ""label"": ""01.64 Seed processing for propagation""}, {""value"": ""1700.0"", ""label"": ""01.7 Hunting, trapping and related service activities""}, {""value"": ""2100.0"", ""label"": ""02.1 Silviculture and other forestry activities""}, {""value"": ""2200.0"", ""label"": ""02.2 Logging""}, {""value"": ""2300.0"", ""label"": ""02.3 Gathering of wild growing non-wood products""}, {""value"": ""2400.0"", ""label"": ""02.4 Support services to forestry""}, {""value"": ""3100.0"", ""label"": ""03.1 Fishing""}, {""value"": ""3110.0"", ""label"": ""03.11 Marine fishing""}, {""value"": ""3120.0"", ""label"": ""03.12 Freshwater fishing""}, {""value"": ""3200.0"", ""label"": ""03.2 Aquaculture""}, {""value"": ""3210.0"", ""label"": ""03.21 Marine aquaculture""}, {""value"": ""3220.0"", ""label"": ""03.22 Freshwater aquaculture""}, {""value"": ""5100.0"", ""label"": ""05.1 Mining of hard coal""}, {""value"": ""5101.0"", ""label"": ""05.10/1 Mining of hard coal from deep coal mines (underground mining)""}, {""value"": ""5102.0"", ""label"": ""05.10/2 Mining of hard coal from open cast coal working (surface mining)""}, {""value"": ""5200.0"", ""label"": ""05.2 Mining of lignite""}, {""value"": ""6100.0"", ""label"": ""06.1 Extraction of crude petroleum""}, {""value"": ""6200.0"", ""label"": ""06.2 Extraction of natural gas""}, {""value"": ""7100.0"", ""label"": ""07.1 Mining of iron ores""}, {""value"": ""7200.0"", ""label"": ""07.2 Mining of non-ferrous metal ores""}, {""value"": ""7210.0"", ""label"": ""07.21 Mining of uranium and thorium ores""}, {""value"": ""7290.0"", ""label"": ""07.29 Mining of other non-ferrous metal ores""}, {""value"": ""8100.0"", ""label"": ""08.1 Quarrying of stone, sand and clay""}, {""value"": ""8110.0"", ""label"": ""08.11 Quarrying of ornamental and building stone, limestone, gypsum, chalk and slate""}, {""value"": ""8120.0"", ""label"": ""08.12 Operation of gravel and sand pits; mining of clays and kaolin""}, {""value"": ""8900.0"", ""label"": ""08.9 Mining and quarrying n.e.c.""}, {""value"": ""8910.0"", ""label"": ""08.91 Mining of chemical and fertiliser minerals""}, {""value"": ""8920.0"", ""label"": ""08.92 Extraction of peat""}, {""value"": ""8930.0"", ""label"": ""08.93 Extraction of salt""}, {""value"": ""8990.0"", ""label"": ""08.99 Other mining and quarrying n.e.c.""}, {""value"": ""9100.0"", ""label"": ""09.1 Support activities for petroleum and natural gas extraction""}, {""value"": ""9900.0"", ""label"": ""09.9 Support activities for other mining and quarrying""}, {""value"": ""10100.0"", ""label"": ""10.1 Processing and preserving of meat and production of meat products""}, {""value"": ""10110.0"", ""label"": ""10.11 Processing and preserving of meat""}, {""value"": ""10120.0"", ""label"": ""10.12 Processing and preserving of poultry meat""}, {""value"": ""10130.0"", ""label"": ""10.13 Production of meat and poultry meat products""}, {""value"": ""10200.0"", ""label"": ""10.2 Processing and preserving of fish, crustaceans and molluscs""}, {""value"": ""10300.0"", ""label"": ""10.3 Processing and preserving of fruit and vegetables""}, {""value"": ""10310.0"", ""label"": ""10.31 Processing and preserving of potatoes""}, {""value"": ""10320.0"", ""label"": ""10.32 Manufacture of fruit and vegetable juice""}, {""value"": ""10390.0"", ""label"": ""10.39 Other processing and preserving of fruit and vegetables""}, {""value"": ""10400.0"", ""label"": ""10.4 Manufacture of vegetable and animal oils and fats""}, {""value"": ""10410.0"", ""label"": ""10.41 Manufacture of oils and fats""}, {""value"": ""10420.0"", ""label"": ""10.42 Manufacture of margarine and similar edible fats""}, {""value"": ""10500.0"", ""label"": ""10.5 Manufacture of dairy products""}, {""value"": ""10510.0"", ""label"": ""10.51 Operation of dairies and cheese making""}, {""value"": ""10511.0"", ""label"": ""10.51/1 Liquid milk and cream production""}, {""value"": ""10512.0"", ""label"": ""10.51/2 Butter and cheese production""}, {""value"": ""10519.0"", ""label"": ""10.51/9 Manufacture of milk products (other than liquid milk and cream, butter, cheese) n.e.c.""}, {""value"": ""10520.0"", ""label"": ""10.52 Manufacture of ice cream""}, {""value"": ""10600.0"", ""label"": ""10.6 Manufacture of grain mill products, starches and starch products""}, {""value"": ""10610.0"", ""label"": ""10.61 Manufacture of grain mill products""}, {""value"": ""10611.0"", ""label"": ""10.61/1 Grain milling""}, {""value"": ""10612.0"", ""label"": ""10.61/2 Manufacture of breakfast cereals and cereals-based foods""}, {""value"": ""10620.0"", ""label"": ""10.62 Manufacture of starches and starch products""}, {""value"": ""10700.0"", ""label"": ""10.7 Manufacture of bakery and farinaceous products""}, {""value"": ""10710.0"", ""label"": ""10.71 Manufacture of bread; manufacture of fresh pastry goods and cakes""}, {""value"": ""10720.0"", ""label"": ""10.72 Manufacture of rusks and biscuits; manufacture of preserved pastry goods and cakes""}, {""value"": ""10730.0"", ""label"": ""10.73 Manufacture of macaroni, noodles, couscous and similar farinaceous products""}, {""value"": ""10800.0"", ""label"": ""10.8 Manufacture of other food products""}, {""value"": ""10810.0"", ""label"": ""10.81 Manufacture of sugar""}, {""value"": ""10820.0"", ""label"": ""10.82 Manufacture of cocoa, chocolate and sugar confectionery""}, {""value"": ""10821.0"", ""label"": ""10.82/1 Manufacture of cocoa, and chocolate confectionery""}, {""value"": ""10822.0"", ""label"": ""10.82/2 Manufacture of sugar confectionery""}, {""value"": ""10830.0"", ""label"": ""10.83 Processing of tea and coffee""}, {""value"": ""10831.0"", ""label"": ""10.83/1 Tea processing""}, {""value"": ""10832.0"", ""label"": ""10.83/2 Production of coffee and coffee substitutes""}, {""value"": ""10840.0"", ""label"": ""10.84 Manufacture of condiments and seasonings""}, {""value"": ""10850.0"", ""label"": ""10.85 Manufacture of prepared meals and dishes""}, {""value"": ""10860.0"", ""label"": ""10.86 Manufacture of homogenised food preparations and dietetic food""}, {""value"": ""10890.0"", ""label"": ""10.89 Manufacture of other food products n.e.c.""}, {""value"": ""10900.0"", ""label"": ""10.9 Manufacture of prepared animal feeds""}, {""value"": ""10910.0"", ""label"": ""10.91 Manufacture of prepared feeds for farm animals""}, {""value"": ""10920.0"", ""label"": ""10.92 Manufacture of prepared pet foods""}, {""value"": ""11000.0"", ""label"": ""11.0 Manufacture of beverages""}, {""value"": ""11010.0"", ""label"": ""11.01 Distilling, rectifying and blending of spirits""}, {""value"": ""11020.0"", ""label"": ""11.02 Manufacture of wine from grape""}, {""value"": ""11030.0"", ""label"": ""11.03 Manufacture of cider and other fruit wines""}, {""value"": ""11040.0"", ""label"": ""11.04 Manufacture of other non-distilled fermented beverages""}, {""value"": ""11050.0"", ""label"": ""11.05 Manufacture of beer""}, {""value"": ""11060.0"", ""label"": ""11.06 Manufacture of malt""}, {""value"": ""11070.0"", ""label"": ""11.07 Manufacture of soft drinks; production of mineral waters and other bottled waters""}, {""value"": ""12000.0"", ""label"": ""12.0 Manufacture of tobacco products""}, {""value"": ""13100.0"", ""label"": ""13.1 Preparation and spinning of textile fibres""}, {""value"": ""13200.0"", ""label"": ""13.2 Weaving of textiles""}, {""value"": ""13300.0"", ""label"": ""13.3 Finishing of textiles""}, {""value"": ""13900.0"", ""label"": ""13.9 Manufacture of other textiles""}, {""value"": ""13910.0"", ""label"": ""13.91 Manufacture of knitted and crocheted fabrics""}, {""value"": ""13920.0"", ""label"": ""13.92 Manufacture of made-up textile articles, except apparel""}, {""value"": ""13921.0"", ""label"": ""13.92/1 Manufacture of soft furnishings""}, {""value"": ""13922.0"", ""label"": ""13.92/2 Manufacture of canvas goods, sacks etc.""}, {""value"": ""13923.0"", ""label"": ""13.92/3 Manufacture of household textiles (other than soft furnishings of 13.92/1)""}, {""value"": ""13930.0"", ""label"": ""13.93 Manufacture of carpets and rugs""}, {""value"": ""13931.0"", ""label"": ""13.93/1 Manufacture of woven or tufted carpets and rugs""}, {""value"": ""13939.0"", ""label"": ""13.93/9 Manufacture of carpets and rugs (other than woven or tufted) n.e.c.""}, {""value"": ""13940.0"", ""label"": ""13.94 Manufacture of cordage, rope, twine and netting""}, {""value"": ""13950.0"", ""label"": ""13.95 Manufacture of non-wovens and articles made from non-wovens, except apparel""}, {""value"": ""13960.0"", ""label"": ""13.96 Manufacture of other technical and industrial textiles""}, {""value"": ""13990.0"", ""label"": ""13.99 Manufacture of other textiles n.e.c.""}, {""value"": ""14100.0"", ""label"": ""14.1 Manufacture of wearing apparel, except fur apparel""}, {""value"": ""14110.0"", ""label"": ""14.11 Manufacture of leather clothes""}, {""value"": ""14120.0"", ""label"": ""14.12 Manufacture of workwear""}, {""value"": ""14130.0"", ""label"": ""14.13 Manufacture of other outerwear""}, {""value"": ""14131.0"", ""label"": ""14.13/1 Manufacture of men’s outerwear, other than leather clothes and workwear""}, {""value"": ""14132.0"", ""label"": ""14.13/2 Manufacture of women’s outerwear, other than leather clothes and workwear""}, {""value"": ""14140.0"", ""label"": ""14.14 Manufacture of underwear""}, {""value"": ""14141.0"", ""label"": ""14.14/1 Manufacture of men’s underwear""}, {""value"": ""14142.0"", ""label"": ""14.14/2 Manufacture of women’s underwear""}, {""value"": ""14190.0"", ""label"": ""14.19 Manufacture of other wearing apparel and accessories""}, {""value"": ""14200.0"", ""label"": ""14.2 Manufacture of articles of fur""}, {""value"": ""14300.0"", ""label"": ""14.3 Manufacture of knitted and crocheted apparel""}, {""value"": ""14310.0"", ""label"": ""14.31 Manufacture of knitted and crocheted hosiery""}, {""value"": ""14390.0"", ""label"": ""14.39 Manufacture of other knitted and crocheted apparel""}, {""value"": ""15100.0"", ""label"": ""15.1 Tanning and dressing of leather; manufacture of luggage, handbags, saddlery and harness; dressing and dyeing of fur""}, {""value"": ""15110.0"", ""label"": ""15.11 Tanning and dressing of leather; dressing and dyeing of fur""}, {""value"": ""15120.0"", ""label"": ""15.12 Manufacture of luggage, handbags and the like, saddlery and harness""}, {""value"": ""15200.0"", ""label"": ""15.2 Manufacture of footwear""}, {""value"": ""16100.0"", ""label"": ""16.1 Sawmilling and planing of wood""}, {""value"": ""16200.0"", ""label"": ""16.2 Manufacture of products of wood, cork, straw and plaiting materials""}, {""value"": ""16210.0"", ""label"": ""16.21 Manufacture of veneer sheets and wood-based panels""}, {""value"": ""16220.0"", ""label"": ""16.22 Manufacture of assembled parquet floors""}, {""value"": ""16230.0"", ""label"": ""16.23 Manufacture of other builders’ carpentry and joinery""}, {""value"": ""16240.0"", ""label"": ""16.24 Manufacture of wooden containers""}, {""value"": ""16290.0"", ""label"": ""16.29 Manufacture of other products of wood; manufacture of articles of cork, straw and plaiting materials""}, {""value"": ""17100.0"", ""label"": ""17.1 Manufacture of pulp, paper and paperboard""}, {""value"": ""17110.0"", ""label"": ""17.11 Manufacture of pulp""}, {""value"": ""17120.0"", ""label"": ""17.12 Manufacture of paper and paperboard""}, {""value"": ""17200.0"", ""label"": ""17.2 Manufacture of articles of paper and paperboard""}, {""value"": ""17210.0"", ""label"": ""17.21 Manufacture of corrugated paper and paperboard and of containers of paper and paperboard""}, {""value"": ""17211.0"", ""label"": ""17.21/1 Manufacture of corrugated paper and paperboard; manufacture of sacks and bags of paper""}, {""value"": ""17219.0"", ""label"": ""17.21/9 Manufacture of paper and paperboard containers other than sacks and bags""}, {""value"": ""17220.0"", ""label"": ""17.22 Manufacture of household and sanitary goods and of toilet requisites""}, {""value"": ""17230.0"", ""label"": ""17.23 Manufacture of paper stationery""}, {""value"": ""17240.0"", ""label"": ""17.24 Manufacture of wallpaper""}, {""value"": ""17290.0"", ""label"": ""17.29 Manufacture of other articles of paper and paperboard""}, {""value"": ""18100.0"", ""label"": ""18.1 Printing and service activities related to printing""}, {""value"": ""18110.0"", ""label"": ""18.11 Printing of newspapers""}, {""value"": ""18120.0"", ""label"": ""18.12 Other printing""}, {""value"": ""18121.0"", ""label"": ""18.12/1 Manufacture of printed labels""}, {""value"": ""18129.0"", ""label"": ""18.12/9 Printing (other than printing of newspapers and printing on labels and tags) n.e.c.""}, {""value"": ""18130.0"", ""label"": ""18.13 Pre-press and pre-media services""}, {""value"": ""18140.0"", ""label"": ""18.14 Binding and related services""}, {""value"": ""18200.0"", ""label"": ""18.2 Reproduction of recorded media""}, {""value"": ""18201.0"", ""label"": ""18.20/1 Reproduction of sound recording""}, {""value"": ""18202.0"", ""label"": ""18.20/2 Reproduction of video recording""}, {""value"": ""18203.0"", ""label"": ""18.20/3 Reproduction of computer media""}, {""value"": ""19100.0"", ""label"": ""19.1 Manufacture of coke oven products""}, {""value"": ""19200.0"", ""label"": ""19.2 Manufacture of refined petroleum products""}, {""value"": ""19201.0"", ""label"": ""19.20/1 Mineral oil refining""}, {""value"": ""19209.0"", ""label"": ""19.20/9 Other treatment of petroleum products (excluding mineral oil refining/petrochemicals manufacture)""}, {""value"": ""20100.0"", ""label"": ""20.1 Manufacture of basic chemicals, fertilisers and nitrogen compounds, plastics and synthetic rubber in primary forms""}, {""value"": ""20110.0"", ""label"": ""20.11 Manufacture of industrial gases""}, {""value"": ""20120.0"", ""label"": ""20.12 Manufacture of dyes and pigments""}, {""value"": ""20130.0"", ""label"": ""20.13 Manufacture of other inorganic basic chemicals""}, {""value"": ""20140.0"", ""label"": ""20.14 Manufacture of other organic basic chemicals""}, {""value"": ""20150.0"", ""label"": ""20.15 Manufacture of fertilisers and nitrogen compounds""}, {""value"": ""20160.0"", ""label"": ""20.16 Manufacture of plastics in primary forms""}, {""value"": ""20170.0"", ""label"": ""20.17 Manufacture of synthetic rubber in primary forms""}, {""value"": ""20200.0"", ""label"": ""20.2 Manufacture of pesticides and other agrochemical products""}, {""value"": ""20300.0"", ""label"": ""20.3 Manufacture of paints, varnishes and similar coatings, printing ink and mastics""}, {""value"": ""20301.0"", ""label"": ""20.30/1 Manufacture of paints, varnishes and similar coatings, mastics and sealants""}, {""value"": ""20302.0"", ""label"": ""20.30/2 Manufacture of printing ink""}, {""value"": ""20400.0"", ""label"": ""20.4 Manufacture of soap and detergents, cleaning and polishing preparations, perfumes and toilet preparations""}, {""value"": ""20410.0"", ""label"": ""20.41 Manufacture of soap and detergents, cleaning and polishing preparations""}, {""value"": ""20411.0"", ""label"": ""20.41/1 Manufacture of soap and detergents""}, {""value"": ""20412.0"", ""label"": ""20.41/2 Manufacture of cleaning and polishing preparations""}, {""value"": ""20420.0"", ""label"": ""20.42 Manufacture of perfumes and toilet preparations""}, {""value"": ""20500.0"", ""label"": ""20.5 Manufacture of other chemical products""}, {""value"": ""20510.0"", ""label"": ""20.51 Manufacture of explosives""}, {""value"": ""20520.0"", ""label"": ""20.52 Manufacture of glues""}, {""value"": ""20530.0"", ""label"": ""20.53 Manufacture of essential oils""}, {""value"": ""20590.0"", ""label"": ""20.59 Manufacture of other chemical products n.e.c.""}, {""value"": ""20600.0"", ""label"": ""20.6 Manufacture of man-made fibres""}, {""value"": ""21100.0"", ""label"": ""21.1 Manufacture of basic pharmaceutical products""}, {""value"": ""21200.0"", ""label"": ""21.2 Manufacture of pharmaceutical preparations""}, {""value"": ""22100.0"", ""label"": ""22.1 Manufacture of rubber products""}, {""value"": ""22110.0"", ""label"": ""22.11 Manufacture of rubber tyres and tubes; retreading and rebuilding of rubber tyres""}, {""value"": ""22190.0"", ""label"": ""22.19 Manufacture of other rubber products""}, {""value"": ""22200.0"", ""label"": ""22.2 Manufacture of plastics products""}, {""value"": ""22210.0"", ""label"": ""22.21 Manufacture of plastic plates, sheets, tubes and profiles""}, {""value"": ""22220.0"", ""label"": ""22.22 Manufacture of plastic packing goods""}, {""value"": ""22230.0"", ""label"": ""22.23 Manufacture of builders’ ware of plastic""}, {""value"": ""22290.0"", ""label"": ""22.29 Manufacture of other plastic products""}, {""value"": ""23100.0"", ""label"": ""23.1 Manufacture of glass and glass products""}, {""value"": ""23110.0"", ""label"": ""23.11 Manufacture of flat glass""}, {""value"": ""23120.0"", ""label"": ""23.12 Shaping and processing of flat glass""}, {""value"": ""23130.0"", ""label"": ""23.13 Manufacture of hollow glass""}, {""value"": ""23140.0"", ""label"": ""23.14 Manufacture of glass fibres""}, {""value"": ""23190.0"", ""label"": ""23.19 Manufacture and processing of other glass, including technical glassware""}, {""value"": ""23200.0"", ""label"": ""23.2 Manufacture of refractory products""}, {""value"": ""23300.0"", ""label"": ""23.3 Manufacture of clay building materials""}, {""value"": ""23310.0"", ""label"": ""23.31 Manufacture of ceramic tiles and flags""}, {""value"": ""23320.0"", ""label"": ""23.32 Manufacture of bricks, tiles and construction products, in baked clay""}, {""value"": ""23400.0"", ""label"": ""23.4 Manufacture of other porcelain and ceramic products""}, {""value"": ""23410.0"", ""label"": ""23.41 Manufacture of ceramic household and ornamental articles""}, {""value"": ""23420.0"", ""label"": ""23.42 Manufacture of ceramic sanitary fixtures""}, {""value"": ""23430.0"", ""label"": ""23.43 Manufacture of ceramic insulators and insulating fittings""}, {""value"": ""23440.0"", ""label"": ""23.44 Manufacture of other technical ceramic products""}, {""value"": ""23490.0"", ""label"": ""23.49 Manufacture of other ceramic products""}, {""value"": ""23500.0"", ""label"": ""23.5 Manufacture of cement, lime and plaster""}, {""value"": ""23510.0"", ""label"": ""23.51 Manufacture of cement""}, {""value"": ""23520.0"", ""label"": ""23.52 Manufacture of lime and plaster""}, {""value"": ""23600.0"", ""label"": ""23.6 Manufacture of articles of concrete, cement and plaster""}, {""value"": ""23610.0"", ""label"": ""23.61 Manufacture of concrete products for construction purposes""}, {""value"": ""23620.0"", ""label"": ""23.62 Manufacture of plaster products for construction purposes""}, {""value"": ""23630.0"", ""label"": ""23.63 Manufacture of ready-mixed concrete""}, {""value"": ""23640.0"", ""label"": ""23.64 Manufacture of mortars""}, {""value"": ""23650.0"", ""label"": ""23.65 Manufacture of fibre cement""}, {""value"": ""23690.0"", ""label"": ""23.69 Manufacture of other articles of concrete, plaster and cement""}, {""value"": ""23700.0"", ""label"": ""23.7 Cutting, shaping and finishing of stone""}, {""value"": ""23900.0"", ""label"": ""23.9 Manufacture of abrasive products and non-metallic mineral products n.e.c.""}, {""value"": ""23910.0"", ""label"": ""23.91 Production of abrasive products""}, {""value"": ""23990.0"", ""label"": ""23.99 Manufacture of other non-metallic mineral products n.e.c.""}, {""value"": ""24100.0"", ""label"": ""24.1 Manufacture of basic iron and steel and of ferro-alloys""}, {""value"": ""24200.0"", ""label"": ""24.2 Manufacture of tubes, pipes, hollow profiles and related fittings, of steel""}, {""value"": ""24300.0"", ""label"": ""24.3 Manufacture of other products of first processing of steel""}, {""value"": ""24310.0"", ""label"": ""24.31 Cold drawing of bars""}, {""value"": ""24320.0"", ""label"": ""24.32 Cold rolling of narrow strip""}, {""value"": ""24330.0"", ""label"": ""24.33 Cold forming or folding""}, {""value"": ""24340.0"", ""label"": ""24.34 Cold drawing of wire""}, {""value"": ""24400.0"", ""label"": ""24.4 Manufacture of basic precious and other non-ferrous metals""}, {""value"": ""24410.0"", ""label"": ""24.41 Precious metals production""}, {""value"": ""24420.0"", ""label"": ""24.42 Aluminium production""}, {""value"": ""24430.0"", ""label"": ""24.43 Lead, zinc and tin production""}, {""value"": ""24440.0"", ""label"": ""24.44 Copper production""}, {""value"": ""24450.0"", ""label"": ""24.45 Other non-ferrous metal production""}, {""value"": ""24460.0"", ""label"": ""24.46 Processing of nuclear fuel""}, {""value"": ""24500.0"", ""label"": ""24.5 Casting of metals""}, {""value"": ""24510.0"", ""label"": ""24.51 Casting of iron""}, {""value"": ""24520.0"", ""label"": ""24.52 Casting of steel""}, {""value"": ""24530.0"", ""label"": ""24.53 Casting of light metals""}, {""value"": ""24540.0"", ""label"": ""24.54 Casting of other non-ferrous metals""}, {""value"": ""25100.0"", ""label"": ""25.1 Manufacture of structural metal products""}, {""value"": ""25110.0"", ""label"": ""25.11 Manufacture of metal structures and parts of structures""}, {""value"": ""25120.0"", ""label"": ""25.12 Manufacture of doors and windows of metal""}, {""value"": ""25200.0"", ""label"": ""25.2 Manufacture of tanks, reservoirs and containers of metal""}, {""value"": ""25210.0"", ""label"": ""25.21 Manufacture of central heating radiators and boilers""}, {""value"": ""25290.0"", ""label"": ""25.29 Manufacture of other tanks, reservoirs and containers of metal""}, {""value"": ""25300.0"", ""label"": ""25.3 Manufacture of steam generators, except central heating hot water boilers""}, {""value"": ""25400.0"", ""label"": ""25.4 Manufacture of weapons and ammunition""}, {""value"": ""25500.0"", ""label"": ""25.5 Forging, pressing, stamping and roll-forming of metal; powder metallurgy""}, {""value"": ""25600.0"", ""label"": ""25.6 Treatment and coating of metals; machining""}, {""value"": ""25610.0"", ""label"": ""25.61 Treatment and coating of metals""}, {""value"": ""25620.0"", ""label"": ""25.62 Machining""}, {""value"": ""25700.0"", ""label"": ""25.7 Manufacture of cutlery, tools and general hardware""}, {""value"": ""25710.0"", ""label"": ""25.71 Manufacture of cutlery""}, {""value"": ""25720.0"", ""label"": ""25.72 Manufacture of locks and hinges""}, {""value"": ""25730.0"", ""label"": ""25.73 Manufacture of tools""}, {""value"": ""25900.0"", ""label"": ""25.9 Manufacture of other fabricated metal products""}, {""value"": ""25910.0"", ""label"": ""25.91 Manufacture of steel drums and similar containers""}, {""value"": ""25920.0"", ""label"": ""25.92 Manufacture of light metal packaging""}, {""value"": ""25930.0"", ""label"": ""25.93 Manufacture of wire products, chain and springs""}, {""value"": ""25940.0"", ""label"": ""25.94 Manufacture of fasteners and screw machine products""}, {""value"": ""25990.0"", ""label"": ""25.99 Manufacture of other fabricated metal products n.e.c.""}, {""value"": ""26100.0"", ""label"": ""26.1 Manufacture of electronic components and boards""}, {""value"": ""26110.0"", ""label"": ""26.11 Manufacture of electronic components""}, {""value"": ""26120.0"", ""label"": ""26.12 Manufacture of loaded electronic boards""}, {""value"": ""26200.0"", ""label"": ""26.2 Manufacture of computers and peripheral equipment""}, {""value"": ""26300.0"", ""label"": ""26.3 Manufacture of communication equipment""}, {""value"": ""26301.0"", ""label"": ""26.30/1 Manufacture of telegraph and telephone apparatus and equipment""}, {""value"": ""26309.0"", ""label"": ""26.30/9 Manufacture of communication equipment (other than telegraph and telephone apparatus and equipment)""}, {""value"": ""26400.0"", ""label"": ""26.4 Manufacture of consumer electronics""}, {""value"": ""26500.0"", ""label"": ""26.5 Manufacture of instruments and appliances for measuring, testing and navigation; watches and clocks""}, {""value"": ""26510.0"", ""label"": ""26.51 Manufacture of instruments and appliances for measuring, testing and navigation""}, {""value"": ""26511.0"", ""label"": ""26.51/1 Manufacture of electronic instruments for measuring, testing, and navigation, except industrial process control""}, {""value"": ""26512.0"", ""label"": ""26.51/2 Manufacture of electronic industrial process control equipment""}, {""value"": ""26513.0"", ""label"": ""26.51/3 Manufacture of non-electronic instruments for measuring, testing, navigation, except industrial process control""}, {""value"": ""26514.0"", ""label"": ""26.51/4 Manufacture of non-electronic industrial process control equipment""}, {""value"": ""26520.0"", ""label"": ""26.52 Manufacture of watches and clocks""}, {""value"": ""26600.0"", ""label"": ""26.6 Manufacture of irradiation, electromedical and electrotherapeutic equipment""}, {""value"": ""26700.0"", ""label"": ""26.7 Manufacture of optical instruments and photographic equipment""}, {""value"": ""26701.0"", ""label"": ""26.70/1 Manufacture of optical precision instruments""}, {""value"": ""26702.0"", ""label"": ""26.70/2 Manufacture of photographic and cinematographic equipment""}, {""value"": ""26800.0"", ""label"": ""26.8 Manufacture of magnetic and optical media""}, {""value"": ""27100.0"", ""label"": ""27.1 Manufacture of electric motors, generators, transformers and electricity distribution and control apparatus""}, {""value"": ""27110.0"", ""label"": ""27.11 Manufacture of electric motors, generators and transformers""}, {""value"": ""27120.0"", ""label"": ""27.12 Manufacture of electricity distribution and control apparatus""}, {""value"": ""27200.0"", ""label"": ""27.2 Manufacture of batteries and accumulators""}, {""value"": ""27300.0"", ""label"": ""27.3 Manufacture of wiring and wiring devices""}, {""value"": ""27310.0"", ""label"": ""27.31 Manufacture of fibre optic cables""}, {""value"": ""27320.0"", ""label"": ""27.32 Manufacture of other electronic and electric wires and cables""}, {""value"": ""27330.0"", ""label"": ""27.33 Manufacture of wiring devices""}, {""value"": ""27400.0"", ""label"": ""27.4 Manufacture of electric lighting equipment""}, {""value"": ""27500.0"", ""label"": ""27.5 Manufacture of domestic appliances""}, {""value"": ""27510.0"", ""label"": ""27.51 Manufacture of electric domestic appliances""}, {""value"": ""27520.0"", ""label"": ""27.52 Manufacture of non-electric domestic appliances""}, {""value"": ""27900.0"", ""label"": ""27.9 Manufacture of other electrical equipment""}, {""value"": ""28100.0"", ""label"": ""28.1 Manufacture of general-purpose machinery""}, {""value"": ""28110.0"", ""label"": ""28.11 Manufacture of engines and turbines, except aircraft, vehicle and cycle engines""}, {""value"": ""28120.0"", ""label"": ""28.12 Manufacture of fluid power equipment""}, {""value"": ""28130.0"", ""label"": ""28.13 Manufacture of other pumps and compressors""}, {""value"": ""28131.0"", ""label"": ""28.13/1 Manufacture of pumps""}, {""value"": ""28132.0"", ""label"": ""28.13/2 Manufacture of compressors""}, {""value"": ""28140.0"", ""label"": ""28.14 Manufacture of other taps and valves""}, {""value"": ""28150.0"", ""label"": ""28.15 Manufacture of bearings, gears, gearing and driving elements""}, {""value"": ""28200.0"", ""label"": ""28.2 Manufacture of other general-purpose machinery""}, {""value"": ""28210.0"", ""label"": ""28.21 Manufacture of ovens, furnaces and furnace burners""}, {""value"": ""28220.0"", ""label"": ""28.22 Manufacture of lifting and handling equipment""}, {""value"": ""28230.0"", ""label"": ""28.23 Manufacture of office machinery and equipment (except computers and peripheral equipment)""}, {""value"": ""28240.0"", ""label"": ""28.24 Manufacture of power-driven hand tools""}, {""value"": ""28250.0"", ""label"": ""28.25 Manufacture of non-domestic cooling and ventilation equipment""}, {""value"": ""28290.0"", ""label"": ""28.29 Manufacture of other general-purpose machinery n.e.c.""}, {""value"": ""28300.0"", ""label"": ""28.3 Manufacture of agricultural and forestry machinery""}, {""value"": ""28301.0"", ""label"": ""28.30/1 Manufacture of agricultural tractors""}, {""value"": ""28302.0"", ""label"": ""28.30/2 Manufacture of agricultural and forestry machinery (other than agricultural tractors)""}, {""value"": ""28400.0"", ""label"": ""28.4 Manufacture of metal forming machinery and machine tools""}, {""value"": ""28410.0"", ""label"": ""28.41 Manufacture of metal forming machinery""}, {""value"": ""28490.0"", ""label"": ""28.49 Manufacture of other machine tools""}, {""value"": ""28900.0"", ""label"": ""28.9 Manufacture of other special-purpose machinery""}, {""value"": ""28910.0"", ""label"": ""28.91 Manufacture of machinery for metallurgy""}, {""value"": ""28920.0"", ""label"": ""28.92 Manufacture of machinery for mining, quarrying and construction""}, {""value"": ""28921.0"", ""label"": ""28.92/1 Manufacture of machinery for mining""}, {""value"": ""28922.0"", ""label"": ""28.92/2 Manufacture of earthmoving equipment""}, {""value"": ""28923.0"", ""label"": ""28.92/3 Manufacture of equipment for concrete crushing and screening roadworks""}, {""value"": ""28930.0"", ""label"": ""28.93 Manufacture of machinery for food, beverage and tobacco processing""}, {""value"": ""28940.0"", ""label"": ""28.94 Manufacture of machinery for textile, apparel and leather production""}, {""value"": ""28950.0"", ""label"": ""28.95 Manufacture of machinery for paper and paperboard production""}, {""value"": ""28960.0"", ""label"": ""28.96 Manufacture of plastics and rubber machinery""}, {""value"": ""28990.0"", ""label"": ""28.99 Manufacture of other special-purpose machinery n.e.c.""}, {""value"": ""29100.0"", ""label"": ""29.1 Manufacture of motor vehicles""}, {""value"": ""29200.0"", ""label"": ""29.2 Manufacture of bodies (coachwork) for motor vehicles; manufacture of trailers and semi-trailers""}, {""value"": ""29201.0"", ""label"": ""29.20/1 Manufacture of bodies (coachwork) for motor vehicles (except caravans)""}, {""value"": ""29202.0"", ""label"": ""29.20/2 Manufacture of trailers and semi-trailers""}, {""value"": ""29203.0"", ""label"": ""29.20/3 Manufacture of caravans""}, {""value"": ""29300.0"", ""label"": ""29.3 Manufacture of parts and accessories for motor vehicles""}, {""value"": ""29310.0"", ""label"": ""29.31 Manufacture of electrical and electronic equipment for motor vehicles""}, {""value"": ""29320.0"", ""label"": ""29.32 Manufacture of other parts and accessories for motor vehicles""}, {""value"": ""30100.0"", ""label"": ""30.1 Building of ships and boats""}, {""value"": ""30110.0"", ""label"": ""30.11 Building of ships and floating structures""}, {""value"": ""30120.0"", ""label"": ""30.12 Building of pleasure and sporting boats""}, {""value"": ""30200.0"", ""label"": ""30.2 Manufacture of railway locomotives and rolling stock""}, {""value"": ""30300.0"", ""label"": ""30.3 Manufacture of air and spacecraft and related machinery""}, {""value"": ""30400.0"", ""label"": ""30.4 Manufacture of military fighting vehicles""}, {""value"": ""30900.0"", ""label"": ""30.9 Manufacture of transport equipment n.e.c.""}, {""value"": ""30910.0"", ""label"": ""30.91 Manufacture of motorcycles""}, {""value"": ""30920.0"", ""label"": ""30.92 Manufacture of bicycles and invalid carriages""}, {""value"": ""30990.0"", ""label"": ""30.99 Manufacture of other transport equipment n.e.c.""}, {""value"": ""31000.0"", ""label"": ""31.0 Manufacture of furniture""}, {""value"": ""31010.0"", ""label"": ""31.01 Manufacture of office and shop furniture""}, {""value"": ""31020.0"", ""label"": ""31.02 Manufacture of kitchen furniture""}, {""value"": ""31030.0"", ""label"": ""31.03 Manufacture of mattresses""}, {""value"": ""31090.0"", ""label"": ""31.09 Manufacture of other furniture""}, {""value"": ""32100.0"", ""label"": ""32.1 Manufacture of jewellery, bijouterie and related articles""}, {""value"": ""32110.0"", ""label"": ""32.11 Striking of coins""}, {""value"": ""32120.0"", ""label"": ""32.12 Manufacture of jewellery and related articles""}, {""value"": ""32130.0"", ""label"": ""32.13 Manufacture of imitation jewellery and related articles""}, {""value"": ""32200.0"", ""label"": ""32.2 Manufacture of musical instruments""}, {""value"": ""32300.0"", ""label"": ""32.3 Manufacture of sports goods""}, {""value"": ""32400.0"", ""label"": ""32.4 Manufacture of games and toys""}, {""value"": ""32401.0"", ""label"": ""32.40/1 Manufacture of professional and arcade games and toys""}, {""value"": ""32409.0"", ""label"": ""32.40/9 Manufacture of games and toys (other than professional and arcade games and toys) n.e.c.""}, {""value"": ""32500.0"", ""label"": ""32.5 Manufacture of medical and dental instruments and supplies""}, {""value"": ""32900.0"", ""label"": ""32.9 Other manufacturing n.e.c.""}, {""value"": ""32910.0"", ""label"": ""32.91 Manufacture of brooms and brushes""}, {""value"": ""32990.0"", ""label"": ""32.99 Other manufacturing n.e.c.""}, {""value"": ""33100.0"", ""label"": ""33.1 Repair of fabricated metal products, machinery and equipment""}, {""value"": ""33110.0"", ""label"": ""33.11 Repair of fabricated metal products""}, {""value"": ""33120.0"", ""label"": ""33.12 Repair of machinery""}, {""value"": ""33130.0"", ""label"": ""33.13 Repair of electronic and optical equipment""}, {""value"": ""33140.0"", ""label"": ""33.14 Repair of electrical equipment""}, {""value"": ""33150.0"", ""label"": ""33.15 Repair and maintenance of ships and boats""}, {""value"": ""33160.0"", ""label"": ""33.16 Repair and maintenance of aircraft and spacecraft""}, {""value"": ""33170.0"", ""label"": ""33.17 Repair and maintenance of other transport equipment""}, {""value"": ""33190.0"", ""label"": ""33.19 Repair of other equipment""}, {""value"": ""33200.0"", ""label"": ""33.2 Installation of industrial machinery and equipment""}, {""value"": ""35100.0"", ""label"": ""35.1 Electric power generation, transmission and distribution""}, {""value"": ""35110.0"", ""label"": ""35.11 Production of electricity""}, {""value"": ""35120.0"", ""label"": ""35.12 Transmission of electricity""}, {""value"": ""35130.0"", ""label"": ""35.13 Distribution of electricity""}, {""value"": ""35140.0"", ""label"": ""35.14 Trade of electricity""}, {""value"": ""35200.0"", ""label"": ""35.2 Manufacture of gas; distribution of gaseous fuels through mains""}, {""value"": ""35210.0"", ""label"": ""35.21 Manufacture of gas""}, {""value"": ""35220.0"", ""label"": ""35.22 Distribution of gaseous fuels through mains""}, {""value"": ""35230.0"", ""label"": ""35.23 Trade of gas through mains""}, {""value"": ""35300.0"", ""label"": ""35.3 Steam and air conditioning supply""}, {""value"": ""36000.0"", ""label"": ""36.0 Water collection, treatment and supply""}, {""value"": ""37000.0"", ""label"": ""37.0 Sewerage""}, {""value"": ""38100.0"", ""label"": ""38.1 Waste collection""}, {""value"": ""38110.0"", ""label"": ""38.11 Collection of non-hazardous waste""}, {""value"": ""38120.0"", ""label"": ""38.12 Collection of hazardous waste""}, {""value"": ""38200.0"", ""label"": ""38.2 Waste treatment and disposal""}, {""value"": ""38210.0"", ""label"": ""38.21 Treatment and disposal of non-hazardous waste""}, {""value"": ""38220.0"", ""label"": ""38.22 Treatment and disposal of hazardous waste""}, {""value"": ""38300.0"", ""label"": ""38.3 Materials recovery""}, {""value"": ""38310.0"", ""label"": ""38.31 Dismantling of wrecks""}, {""value"": ""38320.0"", ""label"": ""38.32 Recovery of sorted materials""}, {""value"": ""39000.0"", ""label"": ""39.0 Remediation activities and other waste management services""}, {""value"": ""41100.0"", ""label"": ""41.1 Development of building projects""}, {""value"": ""41200.0"", ""label"": ""41.2 Construction of residential and non-residential buildings""}, {""value"": ""41201.0"", ""label"": ""41.20/1 Construction of commercial buildings""}, {""value"": ""41202.0"", ""label"": ""41.20/2 Construction of domestic buildings""}, {""value"": ""42100.0"", ""label"": ""42.1 Construction of roads and railways""}, {""value"": ""42110.0"", ""label"": ""42.11 Construction of roads and motorways""}, {""value"": ""42120.0"", ""label"": ""42.12 Construction of railways and underground railways""}, {""value"": ""42130.0"", ""label"": ""42.13 Construction of bridges and tunnels""}, {""value"": ""42200.0"", ""label"": ""42.2 Construction of utility projects""}, {""value"": ""42210.0"", ""label"": ""42.21 Construction of utility projects for fluids""}, {""value"": ""42220.0"", ""label"": ""42.22 Construction of utility projects for electricity and telecommunications""}, {""value"": ""42900.0"", ""label"": ""42.9 Construction of other civil engineering projects""}, {""value"": ""42910.0"", ""label"": ""42.91 Construction of water projects""}, {""value"": ""42990.0"", ""label"": ""42.99 Construction of other civil engineering projects n.e.c.""}, {""value"": ""43100.0"", ""label"": ""43.1 Demolition and site preparation""}, {""value"": ""43110.0"", ""label"": ""43.11 Demolition""}, {""value"": ""43120.0"", ""label"": ""43.12 Site preparation""}, {""value"": ""43130.0"", ""label"": ""43.13 Test drilling and boring""}, {""value"": ""43200.0"", ""label"": ""43.2 Electrical, plumbing and other construction installation activities""}, {""value"": ""43210.0"", ""label"": ""43.21 Electrical installation""}, {""value"": ""43220.0"", ""label"": ""43.22 Plumbing, heat and air-conditioning installation""}, {""value"": ""43290.0"", ""label"": ""43.29 Other construction installation""}, {""value"": ""43300.0"", ""label"": ""43.3 Building completion and finishing""}, {""value"": ""43310.0"", ""label"": ""43.31 Plastering""}, {""value"": ""43320.0"", ""label"": ""43.32 Joinery installation""}, {""value"": ""43330.0"", ""label"": ""43.33 Floor and wall covering""}, {""value"": ""43340.0"", ""label"": ""43.34 Painting and glazing""}, {""value"": ""43341.0"", ""label"": ""43.34/1 Painting""}, {""value"": ""43342.0"", ""label"": ""43.34/2 Glazing""}, {""value"": ""43390.0"", ""label"": ""43.39 Other building completion and finishing""}, {""value"": ""43900.0"", ""label"": ""43.9 Other specialised construction activities""}, {""value"": ""43910.0"", ""label"": ""43.91 Roofing activities""}, {""value"": ""43990.0"", ""label"": ""43.99 Other specialised construction activities n.e.c.""}, {""value"": ""43991.0"", ""label"": ""43.99/1 Scaffold erection""}, {""value"": ""43999.0"", ""label"": ""43.99/9 Specialised construction activities (other than scaffold erection) n.e.c.""}, {""value"": ""45100.0"", ""label"": ""45.1 Sale of motor vehicles""}, {""value"": ""45110.0"", ""label"": ""45.11 Sale of cars and light motor vehicles""}, {""value"": ""45111.0"", ""label"": ""45.11/1 Sale of new cars and light motor vehicles""}, {""value"": ""45112.0"", ""label"": ""45.11/2 Sale of used cars and light motor vehicles""}, {""value"": ""45190.0"", ""label"": ""45.19 Sale of other motor vehicles""}, {""value"": ""45200.0"", ""label"": ""45.2 Maintenance and repair of motor vehicles""}, {""value"": ""45300.0"", ""label"": ""45.3 Sale of motor vehicle parts and accessories""}, {""value"": ""45310.0"", ""label"": ""45.31 Wholesale trade of motor vehicle parts and accessories""}, {""value"": ""45320.0"", ""label"": ""45.32 Retail trade of motor vehicle parts and accessories""}, {""value"": ""45400.0"", ""label"": ""45.4 Sale, maintenance and repair of motorcycles and related parts and accessories""}, {""value"": ""46100.0"", ""label"": ""46.1 Wholesale on a fee or contract basis""}, {""value"": ""46110.0"", ""label"": ""46.11 Sale of agricultural raw materials, live animals, textile raw materials and semi-finished goods""}, {""value"": ""46120.0"", ""label"": ""46.12 Agents involved in the sale of fuels, ores, metals and industrial chemicals""}, {""value"": ""46130.0"", ""label"": ""46.13 Agents involved in the sale of timber and building materials""}, {""value"": ""46140.0"", ""label"": ""46.14 Agents involved in the sale of machinery, industrial equipment, ships and aircraft""}, {""value"": ""46150.0"", ""label"": ""46.15 Agents involved in the sale of furniture, household goods, hardware and ironmongery""}, {""value"": ""46160.0"", ""label"": ""46.16 Agents involved in the sale of textiles, clothing, fur, footwear and leather goods""}, {""value"": ""46170.0"", ""label"": ""46.17 Agents involved in the sale of food, beverages and tobacco""}, {""value"": ""46180.0"", ""label"": ""46.18 Agents specialised in the sale of other particular products""}, {""value"": ""46190.0"", ""label"": ""46.19 Agents involved in the sale of a variety of goods""}, {""value"": ""46200.0"", ""label"": ""46.2 Wholesale of agricultural raw materials and live animals""}, {""value"": ""46210.0"", ""label"": ""46.21 Wholesale of grain, unmanufactured tobacco, seeds and animal feeds""}, {""value"": ""46220.0"", ""label"": ""46.22 Wholesale of flowers and plants""}, {""value"": ""46230.0"", ""label"": ""46.23 Wholesale of live animals""}, {""value"": ""46240.0"", ""label"": ""46.24 Wholesale of hides, skins and leather""}, {""value"": ""46300.0"", ""label"": ""46.3 Wholesale of food, beverages and tobacco""}, {""value"": ""46310.0"", ""label"": ""46.31 Wholesale of fruit and vegetables""}, {""value"": ""46320.0"", ""label"": ""46.32 Wholesale of meat and meat products""}, {""value"": ""46330.0"", ""label"": ""46.33 Wholesale of dairy products, eggs and edible oils and fats""}, {""value"": ""46340.0"", ""label"": ""46.34 Wholesale of beverages""}, {""value"": ""46341.0"", ""label"": ""46.34/1 Wholesale of fruit and vegetable juices, mineral waters and soft drinks""}, {""value"": ""46342.0"", ""label"": ""46.34/2 Wholesale of wine, beer, spirits and other alcoholic beverages""}, {""value"": ""46350.0"", ""label"": ""46.35 Wholesale of tobacco products""}, {""value"": ""46360.0"", ""label"": ""46.36 Wholesale of sugar and chocolate and sugar confectionery""}, {""value"": ""46370.0"", ""label"": ""46.37 Wholesale of coffee, tea, cocoa and spices""}, {""value"": ""46380.0"", ""label"": ""46.38 Wholesale of other food, including fish, crustaceans and molluscs""}, {""value"": ""46390.0"", ""label"": ""46.39 Non-specialised wholesale of food, beverages and tobacco""}, {""value"": ""46400.0"", ""label"": ""46.4 Wholesale of household goods""}, {""value"": ""46410.0"", ""label"": ""46.41 Wholesale of textiles""}, {""value"": ""46420.0"", ""label"": ""46.42 Wholesale of clothing and footwear""}, {""value"": ""46430.0"", ""label"": ""46.43 Wholesale of electrical household appliances""}, {""value"": ""46431.0"", ""label"": ""46.43/1 Wholesale of gramophone records, audio tapes, compact discs and video tapes and equipment""}, {""value"": ""46439.0"", ""label"": ""46.43/9 Wholesale of radio/television/electrical household appliances (except music and video tapes and equipment) nec""}, {""value"": ""46440.0"", ""label"": ""46.44 Wholesale of china and glassware and cleaning materials""}, {""value"": ""46450.0"", ""label"": ""46.45 Wholesale of perfume and cosmetics""}, {""value"": ""46460.0"", ""label"": ""46.46 Wholesale of pharmaceutical goods""}, {""value"": ""46470.0"", ""label"": ""46.47 Wholesale of furniture, carpets and lighting equipment""}, {""value"": ""46480.0"", ""label"": ""46.48 Wholesale of watches and jewellery""}, {""value"": ""46490.0"", ""label"": ""46.49 Wholesale of other household goods""}, {""value"": ""46491.0"", ""label"": ""46.49/1 Wholesale of musical instruments""}, {""value"": ""46499.0"", ""label"": ""46.49/9 Wholesale of household goods (other than musical instruments) n.e.c.""}, {""value"": ""46500.0"", ""label"": ""46.5 Wholesale of information and communication equipment""}, {""value"": ""46510.0"", ""label"": ""46.51 Wholesale of computers, computer peripheral equipment and software""}, {""value"": ""46520.0"", ""label"": ""46.52 Wholesale of electronic and telecommunications equipment and parts""}, {""value"": ""46600.0"", ""label"": ""46.6 Wholesale of other machinery, equipment and supplies""}, {""value"": ""46610.0"", ""label"": ""46.61 Wholesale of agricultural machinery, equipment and supplies""}, {""value"": ""46620.0"", ""label"": ""46.62 Wholesale of machine tools""}, {""value"": ""46630.0"", ""label"": ""46.63 Wholesale of mining, construction and civil engineering machinery""}, {""value"": ""46640.0"", ""label"": ""46.64 Wholesale of machinery for the textile industry and of sewing and knitting machines""}, {""value"": ""46650.0"", ""label"": ""46.65 Wholesale of office furniture""}, {""value"": ""46660.0"", ""label"": ""46.66 Wholesale of other office machinery and equipment""}, {""value"": ""46690.0"", ""label"": ""46.69 Wholesale of other machinery and equipment""}, {""value"": ""46700.0"", ""label"": ""46.7 Other specialised wholesale""}, {""value"": ""46710.0"", ""label"": ""46.71 Wholesale of solid, liquid and gaseous fuels and related products""}, {""value"": ""46711.0"", ""label"": ""46.71/1 Wholesale of petroleum and petroleum products""}, {""value"": ""46719.0"", ""label"": ""46.71/9 Wholesale of fuels and related products (other than petroleum and petroleum products)""}, {""value"": ""46720.0"", ""label"": ""46.72 Wholesale of metals and metal ores""}, {""value"": ""46730.0"", ""label"": ""46.73 Wholesale of wood, construction materials and sanitary equipment""}, {""value"": ""46740.0"", ""label"": ""46.74 Wholesale of hardware, plumbing and heating equipment and supplies""}, {""value"": ""46750.0"", ""label"": ""46.75 Wholesale of chemical products""}, {""value"": ""46760.0"", ""label"": ""46.76 Wholesale of other intermediate products""}, {""value"": ""46770.0"", ""label"": ""46.77 Wholesale of waste and scrap""}, {""value"": ""46900.0"", ""label"": ""46.9 Non-specialised wholesale trade""}, {""value"": ""47100.0"", ""label"": ""47.1 Retail sale in non-specialised stores""}, {""value"": ""47110.0"", ""label"": ""47.11 Retail sale in non-specialised stores with food, beverages or tobacco predominating""}, {""value"": ""47190.0"", ""label"": ""47.19 Other retail sale in non-specialised stores""}, {""value"": ""47200.0"", ""label"": ""47.2 Retail sale of food, beverages and tobacco in specialised stores""}, {""value"": ""47210.0"", ""label"": ""47.21 Retail sale of fruit and vegetables in specialised stores""}, {""value"": ""47220.0"", ""label"": ""47.22 Retail sale of meat and meat products in specialised stores""}, {""value"": ""47230.0"", ""label"": ""47.23 Retail sale of fish, crustaceans and molluscs in specialised stores""}, {""value"": ""47240.0"", ""label"": ""47.24 Retail sale of bread, cakes, flour confectionery and sugar confectionery in specialised stores""}, {""value"": ""47250.0"", ""label"": ""47.25 Retail sale of beverages in specialised stores""}, {""value"": ""47260.0"", ""label"": ""47.26 Retail sale of tobacco products in specialised stores""}, {""value"": ""47290.0"", ""label"": ""47.29 Other retail sale of food in specialised stores""}, {""value"": ""47300.0"", ""label"": ""47.3 Retail sale of automotive fuel in specialised stores""}, {""value"": ""47400.0"", ""label"": ""47.4 Retail sale of information and communication equipment in specialised stores""}, {""value"": ""47410.0"", ""label"": ""47.41 Retail sale of computers, peripheral units and software in specialised stores""}, {""value"": ""47420.0"", ""label"": ""47.42 Retail sale of telecommunications equipment in specialised stores""}, {""value"": ""47421.0"", ""label"": ""47.42/1 Retail sale of mobile telephones in specialised stores""}, {""value"": ""47429.0"", ""label"": ""47.42/9 Retail sale of telecommunications equipment (other than mobile telephones) n.e.c., in specialised stores""}, {""value"": ""47430.0"", ""label"": ""47.43 Retail sale of audio and video equipment in specialised stores""}, {""value"": ""47500.0"", ""label"": ""47.5 Retail sale of other household equipment in specialised stores""}, {""value"": ""47510.0"", ""label"": ""47.51 Retail sale of textiles in specialised stores""}, {""value"": ""47520.0"", ""label"": ""47.52 Retail sale of hardware, paints and glass in specialised stores""}, {""value"": ""47530.0"", ""label"": ""47.53 Retail sale of carpets, rugs, wall and floor coverings in specialised stores""}, {""value"": ""47540.0"", ""label"": ""47.54 Retail sale of electrical household appliances in specialised stores""}, {""value"": ""47590.0"", ""label"": ""47.59 Retail sale of furniture, lighting equipment and other household articles in specialised stores""}, {""value"": ""47591.0"", ""label"": ""47.59/1 Retail sale of musical instruments and scores in specialised stores""}, {""value"": ""47599.0"", ""label"": ""47.59/9 Retail sale of furniture, lighting, household articles (except musical instruments) nec, in specialised stores""}, {""value"": ""47600.0"", ""label"": ""47.6 Retail sale of cultural and recreation goods in specialised stores""}, {""value"": ""47610.0"", ""label"": ""47.61 Retail sale of books in specialised stores""}, {""value"": ""47620.0"", ""label"": ""47.62 Retail sale of newspapers and stationery in specialised stores""}, {""value"": ""47630.0"", ""label"": ""47.63 Retail sale of music and video recordings in specialised stores""}, {""value"": ""47640.0"", ""label"": ""47.64 Retail sale of sporting equipment in specialised stores""}, {""value"": ""47650.0"", ""label"": ""47.65 Retail sale of games and toys in specialised stores""}, {""value"": ""47700.0"", ""label"": ""47.7 Retail sale of other goods in specialised stores""}, {""value"": ""47710.0"", ""label"": ""47.71 Retail sale of clothing in specialised stores""}, {""value"": ""47720.0"", ""label"": ""47.72 Retail sale of footwear and leather goods in specialised stores""}, {""value"": ""47721.0"", ""label"": ""47.72/1 Retail sale of footwear in specialised stores""}, {""value"": ""47722.0"", ""label"": ""47.72/2 Retail sale of leather goods in specialised stores""}, {""value"": ""47730.0"", ""label"": ""47.73 Dispensing chemist in specialised stores""}, {""value"": ""47740.0"", ""label"": ""47.74 Retail sale of medical and orthopaedic goods in specialised stores""}, {""value"": ""47741.0"", ""label"": ""47.74/1 Retail sale of hearing aids in specialised stores""}, {""value"": ""47749.0"", ""label"": ""47.74/9 Retail sale of medical and orthopaedic goods (other than hearing aids) n.e.c., in specialised stores""}, {""value"": ""47750.0"", ""label"": ""47.75 Retail sale of cosmetic and toilet articles in specialised stores""}, {""value"": ""47760.0"", ""label"": ""47.76 Retail sale of flowers, plants, seeds, fertilisers, pet animals and pet food in specialised stores""}, {""value"": ""47770.0"", ""label"": ""47.77 Retail sale of watches and jewellery in specialised stores""}, {""value"": ""47780.0"", ""label"": ""47.78 Other retail sale of new goods in specialised stores""}, {""value"": ""47781.0"", ""label"": ""47.78/1 Retail sale in commercial art galleries""}, {""value"": ""47782.0"", ""label"": ""47.78/2 Retail sale by opticians""}, {""value"": ""47789.0"", ""label"": ""47.78/9 Other retail sale of new goods in specialised stores (other than by opticians or commercial art galleries), nec""}, {""value"": ""47790.0"", ""label"": ""47.79 Retail sale of second-hand goods in stores""}, {""value"": ""47791.0"", ""label"": ""47.79/1 Retail sale of antiques including antique books, in stores""}, {""value"": ""47799.0"", ""label"": ""47.79/9 Retail sale of second-hand goods (other than antiques and antique books) in stores""}, {""value"": ""47800.0"", ""label"": ""47.8 Retail sale via stalls and markets""}, {""value"": ""47810.0"", ""label"": ""47.81 Retail sale via stalls and markets of food, beverages and tobacco products""}, {""value"": ""47820.0"", ""label"": ""47.82 Retail sale via stalls and markets of textiles, clothing and footwear""}, {""value"": ""47890.0"", ""label"": ""47.89 Retail sale via stalls and markets of other goods""}, {""value"": ""47900.0"", ""label"": ""47.9 Retail trade not in stores, stalls or markets""}, {""value"": ""47910.0"", ""label"": ""47.91 Retail sale via mail order houses or via Internet""}, {""value"": ""47990.0"", ""label"": ""47.99 Other retail sale not in stores, stalls or markets""}, {""value"": ""49100.0"", ""label"": ""49.1 Passenger rail transport, interurban""}, {""value"": ""49200.0"", ""label"": ""49.2 Freight rail transport""}, {""value"": ""49300.0"", ""label"": ""49.3 Other passenger land transport""}, {""value"": ""49310.0"", ""label"": ""49.31 Urban and suburban passenger land transport""}, {""value"": ""49311.0"", ""label"": ""49.31/1 Urban, suburban or metropolitan area passenger railway transportation by underground, metro and similar systems""}, {""value"": ""49319.0"", ""label"": ""49.31/9 Urban passenger land transport other than railway transportation by underground, metro and similar systems""}, {""value"": ""49320.0"", ""label"": ""49.32 Taxi operation""}, {""value"": ""49390.0"", ""label"": ""49.39 Other passenger land transport n.e.c.""}, {""value"": ""49400.0"", ""label"": ""49.4 Freight transport by road and removal services""}, {""value"": ""49410.0"", ""label"": ""49.41 Freight transport by road""}, {""value"": ""49420.0"", ""label"": ""49.42 Removal services""}, {""value"": ""49500.0"", ""label"": ""49.5 Transport via pipeline""}, {""value"": ""50100.0"", ""label"": ""50.1 Sea and coastal passenger water transport""}, {""value"": ""50200.0"", ""label"": ""50.2 Sea and coastal freight water transport""}, {""value"": ""50300.0"", ""label"": ""50.3 Inland passenger water transport""}, {""value"": ""50400.0"", ""label"": ""50.4 Inland freight water transport""}, {""value"": ""51100.0"", ""label"": ""51.1 Passenger air transport""}, {""value"": ""51101.0"", ""label"": ""51.10/1 Scheduled passenger air transport""}, {""value"": ""51102.0"", ""label"": ""51.10/2 Non-scheduled passenger air transport""}, {""value"": ""51200.0"", ""label"": ""51.2 Freight air transport and space transport""}, {""value"": ""51210.0"", ""label"": ""51.21 Freight air transport""}, {""value"": ""51220.0"", ""label"": ""51.22 Space transport""}, {""value"": ""52100.0"", ""label"": ""52.1 Warehousing and storage""}, {""value"": ""52101.0"", ""label"": ""52.10/1 Operation of warehousing and storage facilities for water transport activities of division 50""}, {""value"": ""52102.0"", ""label"": ""52.10/2 Operation of warehousing and storage facilities for air transport activities of division 51""}, {""value"": ""52103.0"", ""label"": ""52.10/3 Operation of warehousing and storage facilities for land transport activities of division 49""}, {""value"": ""52200.0"", ""label"": ""52.2 Support activities for transportation""}, {""value"": ""52210.0"", ""label"": ""52.21 Service activities incidental to land transportation""}, {""value"": ""52211.0"", ""label"": ""52.21/1 Operation of rail freight terminals""}, {""value"": ""52212.0"", ""label"": ""52.21/2 Operation of rail passenger facilities at railway stations""}, {""value"": ""52213.0"", ""label"": ""52.21/3 Operation of bus and coach passenger facilities at bus and coach stations""}, {""value"": ""52219.0"", ""label"": ""52.21/9 Other land transportation services nec (except rail freight terminals, facilities at railway/bus stations""}, {""value"": ""52220.0"", ""label"": ""52.22 Service activities incidental to water transportation""}, {""value"": ""52230.0"", ""label"": ""52.23 Service activities incidental to air transportation""}, {""value"": ""52240.0"", ""label"": ""52.24 Cargo handling""}, {""value"": ""52241.0"", ""label"": ""52.24/1 Cargo handling for water transport activities of division 50""}, {""value"": ""52242.0"", ""label"": ""52.24/2 Cargo handling for air transport activities of division 51""}, {""value"": ""52243.0"", ""label"": ""52.24/3 Cargo handling for land transport activities of division 49""}, {""value"": ""52290.0"", ""label"": ""52.29 Other transportation support activities""}, {""value"": ""53100.0"", ""label"": ""53.1 Postal activities under universal service obligation""}, {""value"": ""53200.0"", ""label"": ""53.2 Other postal and courier activities""}, {""value"": ""53201.0"", ""label"": ""53.20/1 Licensed carriers""}, {""value"": ""53202.0"", ""label"": ""53.20/2 Unlicensed carriers""}, {""value"": ""55100.0"", ""label"": ""55.1 Hotels and similar accommodation""}, {""value"": ""55200.0"", ""label"": ""55.2 Holiday and other short-stay accommodation""}, {""value"": ""55201.0"", ""label"": ""55.20/1 Holiday centres and villages""}, {""value"": ""55202.0"", ""label"": ""55.20/2 Youth hostels""}, {""value"": ""55209.0"", ""label"": ""55.20/9 Other holiday/short-stay accommodation (except holiday centres and villages or youth hostels) nec""}, {""value"": ""55300.0"", ""label"": ""55.3 Camping grounds, recreational vehicle parks and trailer parks""}, {""value"": ""55900.0"", ""label"": ""55.9 Other accommodation""}, {""value"": ""56100.0"", ""label"": ""56.1 Restaurants and mobile food service activities""}, {""value"": ""56101.0"", ""label"": ""56.10/1 Licensed restaurants""}, {""value"": ""56102.0"", ""label"": ""56.10/2 Unlicensed restaurants and cafes""}, {""value"": ""56103.0"", ""label"": ""56.10/3 Take away food shops and mobile food stands""}, {""value"": ""56200.0"", ""label"": ""56.2 Event catering and other food service activities""}, {""value"": ""56210.0"", ""label"": ""56.21 Event catering activities""}, {""value"": ""56290.0"", ""label"": ""56.29 Other food service activities""}, {""value"": ""56300.0"", ""label"": ""56.3 Beverage serving activities""}, {""value"": ""56301.0"", ""label"": ""56.30/1 Licensed clubs""}, {""value"": ""56302.0"", ""label"": ""56.30/2 Public houses and bars""}, {""value"": ""58100.0"", ""label"": ""58.1 Publishing of books, periodicals and other publishing activities""}, {""value"": ""58110.0"", ""label"": ""58.11 Book publishing""}, {""value"": ""58120.0"", ""label"": ""58.12 Publishing of directories and mailing lists""}, {""value"": ""58130.0"", ""label"": ""58.13 Publishing of newspapers""}, {""value"": ""58140.0"", ""label"": ""58.14 Publishing of journals and periodicals""}, {""value"": ""58141.0"", ""label"": ""58.14/1 Publishing of learned journals""}, {""value"": ""58142.0"", ""label"": ""58.14/2 Publishing of consumer, business and professional journals and periodicals""}, {""value"": ""58190.0"", ""label"": ""58.19 Other publishing activities""}, {""value"": ""58200.0"", ""label"": ""58.2 Software publishing""}, {""value"": ""58210.0"", ""label"": ""58.21 Publishing of computer games""}, {""value"": ""58290.0"", ""label"": ""58.29 Other software publishing""}, {""value"": ""59100.0"", ""label"": ""59.1 Motion picture, video and television programme activities""}, {""value"": ""59110.0"", ""label"": ""59.11 Motion picture, video and television programme production activities""}, {""value"": ""59111.0"", ""label"": ""59.11/1 Motion picture production activities""}, {""value"": ""59112.0"", ""label"": ""59.11/2 Video production activities""}, {""value"": ""59113.0"", ""label"": ""59.11/3 Television programme production activities""}, {""value"": ""59120.0"", ""label"": ""59.12 Motion picture, video and television programme post-production activities""}, {""value"": ""59130.0"", ""label"": ""59.13 Motion picture, video and television programme distribution activities""}, {""value"": ""59131.0"", ""label"": ""59.13/1 Motion picture distribution activities""}, {""value"": ""59132.0"", ""label"": ""59.13/2 Video distribution activities""}, {""value"": ""59133.0"", ""label"": ""59.13/3 Television programme distribution activities""}, {""value"": ""59140.0"", ""label"": ""59.14 Motion picture projection activities""}, {""value"": ""59200.0"", ""label"": ""59.2 Sound recording and music publishing activities""}, {""value"": ""60100.0"", ""label"": ""60.1 Radio broadcasting""}, {""value"": ""60200.0"", ""label"": ""60.2 Television programming and broadcasting activities""}, {""value"": ""61100.0"", ""label"": ""61.1 Wired telecommunications activities""}, {""value"": ""61200.0"", ""label"": ""61.2 Wireless telecommunications activities""}, {""value"": ""61300.0"", ""label"": ""61.3 Satellite telecommunications activities""}, {""value"": ""61900.0"", ""label"": ""61.9 Other telecommunications activities""}, {""value"": ""62000.0"", ""label"": ""62.0 Computer programming, consultancy and related activities""}, {""value"": ""62010.0"", ""label"": ""62.01 Computer programming activities""}, {""value"": ""62011.0"", ""label"": ""62.01/1 Ready-made interactive leisure and entertainment software development""}, {""value"": ""62012.0"", ""label"": ""62.01/2 Business and domestic software development""}, {""value"": ""62020.0"", ""label"": ""62.02 Computer consultancy activities""}, {""value"": ""62030.0"", ""label"": ""62.03 Computer facilities management activities""}, {""value"": ""62090.0"", ""label"": ""62.09 Other information technology and computer service activities""}, {""value"": ""63100.0"", ""label"": ""63.1 Data processing, hosting and related activities; web portals""}, {""value"": ""63110.0"", ""label"": ""63.11 Data processing, hosting and related activities""}, {""value"": ""63120.0"", ""label"": ""63.12 Web portals""}, {""value"": ""63900.0"", ""label"": ""63.9 Other information service activities""}, {""value"": ""63910.0"", ""label"": ""63.91 News agency activities""}, {""value"": ""63990.0"", ""label"": ""63.99 Other information service activities n.e.c.""}, {""value"": ""64100.0"", ""label"": ""64.1 Monetary intermediation""}, {""value"": ""64110.0"", ""label"": ""64.11 Central banking""}, {""value"": ""64190.0"", ""label"": ""64.19 Other monetary intermediation""}, {""value"": ""64191.0"", ""label"": ""64.19/1 Banks""}, {""value"": ""64192.0"", ""label"": ""64.19/2 Building societies""}, {""value"": ""64200.0"", ""label"": ""64.2 Activities of holding companies""}, {""value"": ""64201.0"", ""label"": ""64.20/1 Activities of agricultural holding companies""}, {""value"": ""64202.0"", ""label"": ""64.20/2 Activities of production holding companies""}, {""value"": ""64203.0"", ""label"": ""64.20/3 Activities of construction holding companies""}, {""value"": ""64204.0"", ""label"": ""64.20/4 Activities of distribution holding companies""}, {""value"": ""64205.0"", ""label"": ""64.20/5 Activities of financial services holding companies""}, {""value"": ""64209.0"", ""label"": ""64.20/9 Other holding companies (except agricultural, production, construction, distribution. financial services) nec""}, {""value"": ""64300.0"", ""label"": ""64.3 Trusts, funds and similar financial entities""}, {""value"": ""64301.0"", ""label"": ""64.30/1 Activities of investment trusts""}, {""value"": ""64302.0"", ""label"": ""64.30/2 Activities of unit trusts""}, {""value"": ""64303.0"", ""label"": ""64.30/3 Activities of venture and development capital companies""}, {""value"": ""64304.0"", ""label"": ""64.30/4 Activities of open-ended investment companies""}, {""value"": ""64305.0"", ""label"": ""64.30/5 Activities of property unit trusts""}, {""value"": ""64306.0"", ""label"": ""64.30/6 Activities of real estate investment trusts""}, {""value"": ""64900.0"", ""label"": ""64.9 Other financial service activities, except insurance and pension funding""}, {""value"": ""64910.0"", ""label"": ""64.91 Financial leasing""}, {""value"": ""64920.0"", ""label"": ""64.92 Other credit granting""}, {""value"": ""64921.0"", ""label"": ""64.92/1 Credit granting by non-deposit taking finance houses and other specialist consumer credit grantors""}, {""value"": ""64922.0"", ""label"": ""64.92/2 Activities of mortgage finance companies""}, {""value"": ""64929.0"", ""label"": ""64.92/9 Other credit granting (except non-deposit finance houses/other consumer credit grantors/mortgage companies) nec""}, {""value"": ""64990.0"", ""label"": ""64.99 Other financial service activities, except insurance and pension funding, n.e.c.""}, {""value"": ""64991.0"", ""label"": ""64.99/1 Security dealing on own account""}, {""value"": ""64992.0"", ""label"": ""64.99/2 Factoring""}, {""value"": ""64999.0"", ""label"": ""64.99/9 Other financial service, except insurance/pensions (except security dealing on own account and factoring) nec""}, {""value"": ""65100.0"", ""label"": ""65.1 Insurance""}, {""value"": ""65110.0"", ""label"": ""65.11 Life insurance""}, {""value"": ""65120.0"", ""label"": ""65.12 Non-life insurance""}, {""value"": ""65200.0"", ""label"": ""65.2 Reinsurance""}, {""value"": ""65201.0"", ""label"": ""65.20/1 Life reinsurance""}, {""value"": ""65202.0"", ""label"": ""65.20/2 Non-life reinsurance""}, {""value"": ""65300.0"", ""label"": ""65.3 Pension funding""}, {""value"": ""66100.0"", ""label"": ""66.1 Activities auxiliary to financial services, except insurance and pension funding""}, {""value"": ""66110.0"", ""label"": ""66.11 Administration of financial markets""}, {""value"": ""66120.0"", ""label"": ""66.12 Security and commodity contracts brokerage""}, {""value"": ""66190.0"", ""label"": ""66.19 Other activities auxiliary to financial services, except insurance and pension funding""}, {""value"": ""66200.0"", ""label"": ""66.2 Activities auxiliary to insurance and pension funding""}, {""value"": ""66210.0"", ""label"": ""66.21 Risk and damage evaluation""}, {""value"": ""66220.0"", ""label"": ""66.22 Activities of insurance agents and brokers""}, {""value"": ""66290.0"", ""label"": ""66.29 Other activities auxiliary to insurance and pension funding""}, {""value"": ""66300.0"", ""label"": ""66.3 Fund management activities""}, {""value"": ""68100.0"", ""label"": ""68.1 Buying and selling of own real estate""}, {""value"": ""68200.0"", ""label"": ""68.2 Renting and operating of own or leased real estate""}, {""value"": ""68201.0"", ""label"": ""68.20/1 Renting and operating of Housing Association real estate""}, {""value"": ""68202.0"", ""label"": ""68.20/2 Letting and operating of conference and exhibition centres""}, {""value"": ""68209.0"", ""label"": ""68.20/9 Letting/operating of real estate (except Housing Association and conference/exhibition services) nec""}, {""value"": ""68300.0"", ""label"": ""68.3 Real estate activities on a fee or contract basis""}, {""value"": ""68310.0"", ""label"": ""68.31 Real estate agencies""}, {""value"": ""68320.0"", ""label"": ""68.32 Management of real estate on a fee or contract basis""}, {""value"": ""69100.0"", ""label"": ""69.1 Legal activities""}, {""value"": ""69101.0"", ""label"": ""69.10/1 Barristers at law""}, {""value"": ""69102.0"", ""label"": ""69.10/2 Solicitors""}, {""value"": ""69109.0"", ""label"": ""69.10/9 Patent and copyright agents; other legal activities (except those of barristers and solicitors) nec""}, {""value"": ""69200.0"", ""label"": ""69.2 Accounting, bookkeeping and auditing activities; tax consultancy""}, {""value"": ""69201.0"", ""label"": ""69.20/1 Accounting, and auditing activities""}, {""value"": ""69202.0"", ""label"": ""69.20/2 Bookkeeping activities""}, {""value"": ""69203.0"", ""label"": ""69.20/3 Tax consultancy""}, {""value"": ""70100.0"", ""label"": ""70.1 Activities of head offices""}, {""value"": ""70200.0"", ""label"": ""70.2 Management consultancy activities""}, {""value"": ""70210.0"", ""label"": ""70.21 Public relations and communication activities""}, {""value"": ""70220.0"", ""label"": ""70.22 Business and other management consultancy activities""}, {""value"": ""70221.0"", ""label"": ""70.22/1 Financial management""}, {""value"": ""70229.0"", ""label"": ""70.22/9 Management consultancy activities (other than financial management)""}, {""value"": ""71100.0"", ""label"": ""71.1 Architectural and engineering activities and related technical consultancy""}, {""value"": ""71110.0"", ""label"": ""71.11 Architectural activities""}, {""value"": ""71111.0"", ""label"": ""71.11/1 Architectural activities""}, {""value"": ""71112.0"", ""label"": ""71.11/2 Urban planning and landscape architectural activities""}, {""value"": ""71120.0"", ""label"": ""71.12 Engineering activities and related technical consultancy""}, {""value"": ""71121.0"", ""label"": ""71.12/1 Engineering design activities for industrial process and production""}, {""value"": ""71122.0"", ""label"": ""71.12/2 Engineering related scientific and technical consulting activities""}, {""value"": ""71129.0"", ""label"": ""71.12/9 Other engineering activities (except design for industrial process/production/scientific/technical consulting)""}, {""value"": ""71200.0"", ""label"": ""71.2 Technical testing and analysis""}, {""value"": ""72100.0"", ""label"": ""72.1 Research and experimental development on natural sciences and engineering""}, {""value"": ""72110.0"", ""label"": ""72.11 Research and experimental development on biotechnology""}, {""value"": ""72190.0"", ""label"": ""72.19 Other research and experimental development on natural sciences and engineering""}, {""value"": ""72200.0"", ""label"": ""72.2 Research and experimental development on social sciences and humanities""}, {""value"": ""73100.0"", ""label"": ""73.1 Advertising""}, {""value"": ""73110.0"", ""label"": ""73.11 Advertising agencies""}, {""value"": ""73120.0"", ""label"": ""73.12 Media representation""}, {""value"": ""73200.0"", ""label"": ""73.2 Market research and public opinion polling""}, {""value"": ""74100.0"", ""label"": ""74.1 Specialised design activities""}, {""value"": ""74200.0"", ""label"": ""74.2 Photographic activities""}, {""value"": ""74201.0"", ""label"": ""74.20/1 Portrait photographic activities""}, {""value"": ""74202.0"", ""label"": ""74.20/2 Other specialist photography (not including portrait photography)""}, {""value"": ""74203.0"", ""label"": ""74.20/3 Film processing""}, {""value"": ""74209.0"", ""label"": ""74.20/9 Other photographic activities (except portrait and other specialist photography and film processing) nec""}, {""value"": ""74300.0"", ""label"": ""74.3 Translation and interpretation activities""}, {""value"": ""74900.0"", ""label"": ""74.9 Other professional, scientific and technical activities n.e.c.""}, {""value"": ""74901.0"", ""label"": ""74.90/1 Environmental consulting activities""}, {""value"": ""74902.0"", ""label"": ""74.90/2 Quantity surveying activities""}, {""value"": ""74909.0"", ""label"": ""74.90/9 Other professional, scientific, technical activities (except environmental consultancy/quantity surveying) nec""}, {""value"": ""75000.0"", ""label"": ""75.0 Veterinary activities""}, {""value"": ""77100.0"", ""label"": ""77.1 Renting and leasing of motor vehicles""}, {""value"": ""77110.0"", ""label"": ""77.11 Renting and leasing of cars and light motor vehicles""}, {""value"": ""77120.0"", ""label"": ""77.12 Renting and leasing of trucks""}, {""value"": ""77200.0"", ""label"": ""77.2 Renting and leasing of personal and household goods""}, {""value"": ""77210.0"", ""label"": ""77.21 Renting and leasing of recreational and sports goods""}, {""value"": ""77220.0"", ""label"": ""77.22 Renting of video tapes and disks""}, {""value"": ""77290.0"", ""label"": ""77.29 Renting and leasing of other personal and household goods""}, {""value"": ""77291.0"", ""label"": ""77.29/1 Renting and leasing of media entertainment equipment""}, {""value"": ""77299.0"", ""label"": ""77.29/9 Renting and leasing of other personal and household goods (other than media entertainment equipment)""}, {""value"": ""77300.0"", ""label"": ""77.3 Renting and leasing of other machinery, equipment and tangible goods""}, {""value"": ""77310.0"", ""label"": ""77.31 Renting and leasing of agricultural machinery and equipment""}, {""value"": ""77320.0"", ""label"": ""77.32 Renting and leasing of construction and civil engineering machinery and equipment""}, {""value"": ""77330.0"", ""label"": ""77.33 Renting and leasing of office machinery and equipment (including computers)""}, {""value"": ""77340.0"", ""label"": ""77.34 Renting and leasing of water transport equipment""}, {""value"": ""77341.0"", ""label"": ""77.34/1 Renting and leasing of passenger water transport equipment""}, {""value"": ""77342.0"", ""label"": ""77.34/2 Renting and leasing of freight water transport equipment""}, {""value"": ""77350.0"", ""label"": ""77.35 Renting and leasing of air transport equipment""}, {""value"": ""77351.0"", ""label"": ""77.35/1 Renting and leasing of passenger air transport equipment""}, {""value"": ""77352.0"", ""label"": ""77.35/2 Renting and leasing of freight air transport equipment""}, {""value"": ""77390.0"", ""label"": ""77.39 Renting and leasing of other machinery, equipment and tangible goods n.e.c.""}, {""value"": ""77400.0"", ""label"": ""77.4 Leasing of intellectual property and similar products, except copyrighted works""}, {""value"": ""78100.0"", ""label"": ""78.1 Activities of employment placement agencies""}, {""value"": ""78101.0"", ""label"": ""78.10/1 Motion picture, television and other theatrical casting""}, {""value"": ""78109.0"", ""label"": ""78.10/9 Activities of employment placement agencies (except motion picture, television and other theatrical casting) nec""}, {""value"": ""78200.0"", ""label"": ""78.2 Temporary employment agency activities""}, {""value"": ""78300.0"", ""label"": ""78.3 Other human resources provision""}, {""value"": ""79100.0"", ""label"": ""79.1 Travel agency and tour operator activities""}, {""value"": ""79110.0"", ""label"": ""79.11 Travel agency activities""}, {""value"": ""79120.0"", ""label"": ""79.12 Tour operator activities""}, {""value"": ""79900.0"", ""label"": ""79.9 Other reservation service and related activities""}, {""value"": ""79901.0"", ""label"": ""79.90/1 Activities of tourist guides""}, {""value"": ""79909.0"", ""label"": ""79.90/9 Other reservation service and related activities (not including activities of tourist guides)""}, {""value"": ""80100.0"", ""label"": ""80.1 Private security activities""}, {""value"": ""80200.0"", ""label"": ""80.2 Security systems service activities""}, {""value"": ""80300.0"", ""label"": ""80.3 Investigation activities""}, {""value"": ""81100.0"", ""label"": ""81.1 Combined facilities support activities""}, {""value"": ""81200.0"", ""label"": ""81.2 Cleaning activities""}, {""value"": ""81210.0"", ""label"": ""81.21 General cleaning of buildings""}, {""value"": ""81220.0"", ""label"": ""81.22 Other building and industrial cleaning activities""}, {""value"": ""81221.0"", ""label"": ""81.22/1 Window cleaning services""}, {""value"": ""81222.0"", ""label"": ""81.22/2 Specialised cleaning services""}, {""value"": ""81223.0"", ""label"": ""81.22/3 Furnace and chimney cleaning services""}, {""value"": ""81229.0"", ""label"": ""81.22/9 Building and industrial cleaning (except window cleaning, specialised cleaning and furnace/chimney cleaning) nec""}, {""value"": ""81290.0"", ""label"": ""81.29 Other cleaning activities""}, {""value"": ""81291.0"", ""label"": ""81.29/1 Disinfecting and extermination services""}, {""value"": ""81299.0"", ""label"": ""81.29/9 Cleaning services (other than disinfecting and extermination services) n.e.c.""}, {""value"": ""81300.0"", ""label"": ""81.3 Landscape service activities""}, {""value"": ""82100.0"", ""label"": ""82.1 Office administrative and support activities""}, {""value"": ""82110.0"", ""label"": ""82.11 Combined office administrative service activities""}, {""value"": ""82190.0"", ""label"": ""82.19 Photocopying, document preparation and other specialised office support activities""}, {""value"": ""82200.0"", ""label"": ""82.2 Activities of call centres""}, {""value"": ""82300.0"", ""label"": ""82.3 Organisation of conventions and trade shows""}, {""value"": ""82301.0"", ""label"": ""82.30/1 Activities of exhibition and fair organisers""}, {""value"": ""82302.0"", ""label"": ""82.30/2 Activities of conference organisers""}, {""value"": ""82900.0"", ""label"": ""82.9 Business support service activities n.e.c.""}, {""value"": ""82910.0"", ""label"": ""82.91 Activities of collection agencies and credit bureaus""}, {""value"": ""82911.0"", ""label"": ""82.91/1 Activities of collection agencies""}, {""value"": ""82912.0"", ""label"": ""82.91/2 Activities of credit bureaus""}, {""value"": ""82920.0"", ""label"": ""82.92 Packaging activities""}, {""value"": ""82990.0"", ""label"": ""82.99 Other business support service activities n.e.c.""}, {""value"": ""84100.0"", ""label"": ""84.1 Administration of the State and the economic and social policy of the community""}, {""value"": ""84110.0"", ""label"": ""84.11 General public administration activities""}, {""value"": ""84120.0"", ""label"": ""84.12 Regulation of health care, education, cultural services and other social services, excluding social security""}, {""value"": ""84130.0"", ""label"": ""84.13 Regulation of and contribution to more efficient operation of businesses""}, {""value"": ""84200.0"", ""label"": ""84.2 Provision of services to the community as a whole""}, {""value"": ""84210.0"", ""label"": ""84.21 Foreign affairs""}, {""value"": ""84220.0"", ""label"": ""84.22 Defence activities""}, {""value"": ""84230.0"", ""label"": ""84.23 Justice and judicial activities""}, {""value"": ""84240.0"", ""label"": ""84.24 Public order and safety activities""}, {""value"": ""84250.0"", ""label"": ""84.25 Fire service activities""}, {""value"": ""84300.0"", ""label"": ""84.3 Compulsory social security activities""}, {""value"": ""85100.0"", ""label"": ""85.1 Pre-primary education""}, {""value"": ""85200.0"", ""label"": ""85.2 Primary education""}, {""value"": ""85300.0"", ""label"": ""85.3 Secondary education""}, {""value"": ""85310.0"", ""label"": ""85.31 General secondary education""}, {""value"": ""85320.0"", ""label"": ""85.32 Technical and vocational secondary education""}, {""value"": ""85400.0"", ""label"": ""85.4 Higher education""}, {""value"": ""85410.0"", ""label"": ""85.41 Post-secondary non-tertiary education""}, {""value"": ""85420.0"", ""label"": ""85.42 Tertiary education""}, {""value"": ""85421.0"", ""label"": ""85.42/1 First-degree level higher education""}, {""value"": ""85422.0"", ""label"": ""85.42/2 Post-graduate level higher education""}, {""value"": ""85500.0"", ""label"": ""85.5 Other education""}, {""value"": ""85510.0"", ""label"": ""85.51 Sports and recreation education""}, {""value"": ""85520.0"", ""label"": ""85.52 Cultural education""}, {""value"": ""85530.0"", ""label"": ""85.53 Driving school activities""}, {""value"": ""85590.0"", ""label"": ""85.59 Other education n.e.c.""}, {""value"": ""85600.0"", ""label"": ""85.6 Educational support activities""}, {""value"": ""86100.0"", ""label"": ""86.1 Hospital activities""}, {""value"": ""86101.0"", ""label"": ""86.10/1 Hospital activities""}, {""value"": ""86102.0"", ""label"": ""86.10/2 Medical nursing home activities""}, {""value"": ""86200.0"", ""label"": ""86.2 Medical and dental practice activities""}, {""value"": ""86210.0"", ""label"": ""86.21 General medical practice activities""}, {""value"": ""86220.0"", ""label"": ""86.22 Specialist medical practice activities""}, {""value"": ""86230.0"", ""label"": ""86.23 Dental practice activities""}, {""value"": ""86900.0"", ""label"": ""86.9 Other human health activities""}, {""value"": ""87100.0"", ""label"": ""87.1 Residential nursing care activities""}, {""value"": ""87200.0"", ""label"": ""87.2 Residential care activities for learning disabilities, mental health and substance abuse""}, {""value"": ""87300.0"", ""label"": ""87.3 Residential care activities for the elderly and disabled""}, {""value"": ""87900.0"", ""label"": ""87.9 Other residential care activities""}, {""value"": ""88100.0"", ""label"": ""88.1 Social work activities without accommodation for the elderly and disabled""}, {""value"": ""88900.0"", ""label"": ""88.9 Other social work activities without accommodation""}, {""value"": ""88910.0"", ""label"": ""88.91 Child day-care activities""}, {""value"": ""88990.0"", ""label"": ""88.99 Other social work activities without accommodation n.e.c.""}, {""value"": ""90000.0"", ""label"": ""90.0 Creative, arts and entertainment activities""}, {""value"": ""90010.0"", ""label"": ""90.01 Performing arts""}, {""value"": ""90020.0"", ""label"": ""90.02 Support activities to performing arts""}, {""value"": ""90030.0"", ""label"": ""90.03 Artistic creation""}, {""value"": ""90040.0"", ""label"": ""90.04 Operation of arts facilities""}, {""value"": ""91000.0"", ""label"": ""91.0 Libraries, archives, museums and other cultural activities""}, {""value"": ""91010.0"", ""label"": ""91.01 Library and archive activities""}, {""value"": ""91011.0"", ""label"": ""91.01/1 Library activities""}, {""value"": ""91012.0"", ""label"": ""91.01/2 Archive activities""}, {""value"": ""91020.0"", ""label"": ""91.02 Museum activities""}, {""value"": ""91030.0"", ""label"": ""91.03 Operation of historical sites and buildings and similar visitor attractions""}, {""value"": ""91040.0"", ""label"": ""91.04 Botanical and zoological gardens and nature reserve activities""}, {""value"": ""92000.0"", ""label"": ""92.0 Gambling and betting activities""}, {""value"": ""93100.0"", ""label"": ""93.1 Sports activities""}, {""value"": ""93110.0"", ""label"": ""93.11 Operation of sports facilities""}, {""value"": ""93120.0"", ""label"": ""93.12 Activities of sport clubs""}, {""value"": ""93130.0"", ""label"": ""93.13 Fitness facilities""}, {""value"": ""93190.0"", ""label"": ""93.19 Other sports activities""}, {""value"": ""93191.0"", ""label"": ""93.19/1 Activities of racehorse owners""}, {""value"": ""93199.0"", ""label"": ""93.19/9 Other sports activities (not including activities of racehorse owners) n.e.c.""}, {""value"": ""93200.0"", ""label"": ""93.2 Amusement and recreation activities""}, {""value"": ""93210.0"", ""label"": ""93.21 Activities of amusement parks and theme parks""}, {""value"": ""93290.0"", ""label"": ""93.29 Other amusement and recreation activities""}, {""value"": ""94100.0"", ""label"": ""94.1 Activities of business, employers and professional membership organisations""}, {""value"": ""94110.0"", ""label"": ""94.11 Activities of business and employers membership organisations""}, {""value"": ""94120.0"", ""label"": ""94.12 Activities of professional membership organisations""}, {""value"": ""94200.0"", ""label"": ""94.2 Activities of trade unions""}, {""value"": ""94900.0"", ""label"": ""94.9 Activities of other membership organisations""}, {""value"": ""94910.0"", ""label"": ""94.91 Activities of religious organisations""}, {""value"": ""94920.0"", ""label"": ""94.92 Activities of political organisations""}, {""value"": ""94990.0"", ""label"": ""94.99 Activities of other membership organisations n.e.c.""}, {""value"": ""95100.0"", ""label"": ""95.1 Repair of computers and communication equipment""}, {""value"": ""95110.0"", ""label"": ""95.11 Repair of computers and peripheral equipment""}, {""value"": ""95120.0"", ""label"": ""95.12 Repair of communication equipment""}, {""value"": ""95200.0"", ""label"": ""95.2 Repair of personal and household goods""}, {""value"": ""95210.0"", ""label"": ""95.21 Repair of consumer electronics""}, {""value"": ""95220.0"", ""label"": ""95.22 Repair of household appliances and home and garden equipment""}, {""value"": ""95230.0"", ""label"": ""95.23 Repair of footwear and leather goods""}, {""value"": ""95240.0"", ""label"": ""95.24 Repair of furniture and home furnishings""}, {""value"": ""95250.0"", ""label"": ""95.25 Repair of watches, clocks and jewellery""}, {""value"": ""95290.0"", ""label"": ""95.29 Repair of other personal and household goods""}, {""value"": ""96000.0"", ""label"": ""96.0 Other personal service activities""}, {""value"": ""96010.0"", ""label"": ""96.01 Washing and (dry-)cleaning of textile and fur products""}, {""value"": ""96020.0"", ""label"": ""96.02 Hairdressing and other beauty treatment""}, {""value"": ""96030.0"", ""label"": ""96.03 Funeral and related activities""}, {""value"": ""96040.0"", ""label"": ""96.04 Physical well-being activities""}, {""value"": ""96090.0"", ""label"": ""96.09 Other personal service activities n.e.c.""}, {""value"": ""97000.0"", ""label"": ""97.0 Activities of households as employers of domestic personnel""}, {""value"": ""98100.0"", ""label"": ""98.1 Undifferentiated goods-producing activities of private households for own use""}, {""value"": ""98200.0"", ""label"": ""98.2 Undifferentiated service-producing activities of private households for own use""}, {""value"": ""99000.0"", ""label"": ""99.0 Activities of extraterritorial organisations and bodies""}]"
32,b11cljnssec,NS-SEC Sub-categories-simplified method (Activity history job),numeric,SCALE,-10.0 thru -1.0,"[{""value"": ""-9.0"", ""label"": ""Refused""}, {""value"": ""-8.0"", ""label"": ""Don't know""}, {""value"": ""-3.0"", ""label"": ""Not asked at case fieldwork stage""}, {""value"": ""-2.0"", ""label"": ""Not asked due to scripting/routing error""}, {""value"": ""-1.0"", ""label"": ""Not applicable""}, {""value"": ""1.0"", ""label"": ""Employers in large establishments""}, {""value"": ""2.0"", ""label"": ""Higher managerial and administrative occupations""}, {""value"": ""3.1"", ""label"": ""Higher professional occupations (traditional)""}, {""value"": ""3.2"", ""label"": ""Higher professional occupations (new)""}, {""value"": ""3.3"", ""label"": ""Higher professional occupations (self-employed, traditional)""}, {""value"": ""3.4"", ""label"": ""Higher professional occupations (self-employed, new)""}, {""value"": ""4.1"", ""label"": ""Lower professional and associate professional occupations (traditional)""}, {""value"": ""4.2"", ""label"": ""Lower professional and associate professional occupations (new)""}, {""value"": ""4.3"", ""label"": ""Lower professional and associate professional occupations (self-employed, traditional)""}, {""value"": ""4.4"", ""label"": ""Lower professional and associate professional occupations (self-employed, new)""}, {""value"": ""5.0"", ""label"": ""Lower managerial and administrative occupations""}, {""value"": ""6.0"", ""label"": ""Higher supervisory occupations""}, {""value"": ""7.1"", ""label"": ""Intermediate clerical and administrative occupations""}, {""value"": ""7.2"", ""label"": ""Intermediate sales and service occupations""}, {""value"": ""7.3"", ""label"": ""Intermediate technical and auxiliary occupations""}, {""value"": ""7.4"", ""label"": ""Intermediate engineering occupations""}, {""value"": ""8.0"", ""label"": ""Employers in small establisments""}, {""value"": ""9.1"", ""label"": ""Own account workers (non-professional)""}, {""value"": ""9.2"", ""label"": ""Own account workers (agriculture)""}, {""value"": ""10.0"", ""label"": ""Lower supervisory occupations""}, {""value"": ""11.1"", ""label"": ""Lower technical craft occupations""}, {""value"": ""11.2"", ""label"": ""Lower technical process operative occupations""}, {""value"": ""12.1"", ""label"": ""Semi-routine sales occupations""}, {""value"": ""12.2"", ""label"": ""Semi-routine service occupations""}, {""value"": ""12.3"", ""label"": ""Semi-routine technical occupations""}, {""value"": ""12.4"", ""label"": ""Semi-routine operative occupations""}, {""value"": ""12.5"", ""label"": ""Semi-routine agricultural occupations""}, {""value"": ""12.6"", ""label"": ""Semi-routine clerical occupations""}, {""value"": ""12.7"", ""label"": ""Semi-routine childcare occupations""}, {""value"": ""13.1"", ""label"": ""Routine sales and service occupations""}, {""value"": ""13.2"", ""label"": ""Routine production occupations""}, {""value"": ""13.3"", ""label"": ""Routine technical occupations""}, {""value"": ""13.4"", ""label"": ""Routine operative occupations""}, {""value"": ""13.5"", ""label"": ""Routine agricultural occupations""}, {""value"": ""14.1"", ""label"": ""Never worked""}, {""value"": ""14.2"", ""label"": ""Long-term unemployed""}, {""value"": ""15.0"", ""label"": ""Full-time students""}, {""value"": ""16.0"", ""label"": ""Occupations not stated or inadequately describbed""}, {""value"": ""17.0"", ""label"": ""Not classifiable for other reasons""}]"
33,b11cljnsscc,NS-SEC Operational Categories-simplified method (Activity history job),numeric,SCALE,-10.0 thru -1.0,"[{""value"": ""-9.0"", ""label"": ""Refused""}, {""value"": ""-8.0"", ""label"": ""Don't know""}, {""value"": ""-3.0"", ""label"": ""Not asked at case fieldwork stage""}, {""value"": ""-2.0"", ""label"": ""Not asked due to scripting/routing error""}, {""value"": ""-1.0"", ""label"": ""Not applicable""}, {""value"": ""1.0"", ""label"": ""L1 Employers in large establishments""}, {""value"": ""2.0"", ""label"": ""L2 Higher managerial and administrative occupations""}, {""value"": ""3.0"", ""label"": ""L3 Higher professional occupations""}, {""value"": ""4.0"", ""label"": ""L4 Lower professional and higher technical occupations""}, {""value"": ""5.0"", ""label"": ""L5 Lower managerial and administrative occupations""}, {""value"": ""6.0"", ""label"": ""L6 Higher supervisory occupations""}, {""value"": ""7.0"", ""label"": ""L7 Intermediate occupations""}, {""value"": ""8.0"", ""label"": ""L8 Employers in small establishments""}, {""value"": ""9.0"", ""label"": ""L9 Own account workers""}, {""value"": ""10.0"", ""label"": ""L10 Lower supervisory occupations""}, {""value"": ""11.0"", ""label"": ""L11 Lower technical occupations""}, {""value"": ""12.0"", ""label"": ""L12 Semi-routine occupations""}, {""value"": ""13.0"", ""label"": ""L13 Routine occupations""}, {""value"": ""14.0"", ""label"": ""L14 Never worked and long-term unemployed""}, {""value"": ""15.0"", ""label"": ""L15 Full-time students""}, {""value"": ""16.0"", ""label"": ""L16 Occupations not stated or inadequately described""}, {""value"": ""17.0"", ""label"": ""L17 Not classifiable for other reasons""}]"
34,b11cljnss8,NS-SEC Analytical Classes-simplified method (Activity history job),numeric,SCALE,-10.0 thru -1.0,"[{""value"": ""-9.0"", ""label"": ""Refused""}, {""value"": ""-8.0"", ""label"": ""Don't know""}, {""value"": ""-3.0"", ""label"": ""Not asked at case fieldwork stage""}, {""value"": ""-2.0"", ""label"": ""Not asked due to scripting/routing error""}, {""value"": ""-1.0"", ""label"": ""Not applicable""}, {""value"": ""1.0"", ""label"": ""Higher managerial, administrative, and professional occupations""}, {""value"": ""1.1"", ""label"": ""1.1 Large employers and higher managerial and administrative occupations""}, {""value"": ""1.2"", ""label"": ""1.2 Higher professional occupations""}, {""value"": ""2.0"", ""label"": ""Lower managerial, administrative, and professional occupations""}, {""value"": ""3.0"", ""label"": ""Intermediate occupations""}, {""value"": ""4.0"", ""label"": ""Small employers and own account workers""}, {""value"": ""5.0"", ""label"": ""Lower supervisory and technical occupations""}, {""value"": ""6.0"", ""label"": ""Semi-routine occupations""}, {""value"": ""7.0"", ""label"": ""Routine occupations""}, {""value"": ""8.0"", ""label"": ""Never worked and long-term unemployed""}, {""value"": ""9.0"", ""label"": ""Not stated/not classifiable""}]"
35,b11cljseg,SEG: Socio-economic Group based on soc2010/soc2020 (Activity history job),numeric,SCALE,-10.0 thru -1.0,"[{""value"": ""-9.0"", ""label"": ""Refused""}, {""value"": ""-8.0"", ""label"": ""Don't know""}, {""value"": ""-3.0"", ""label"": ""Not asked at case fieldwork stage""}, {""value"": ""-2.0"", ""label"": ""Not asked due to scripting/routing error""}, {""value"": ""-1.0"", ""label"": ""Not applicable""}, {""value"": ""1.1"", ""label"": ""Employers in industry, commerce, etc - large establishment""}, {""value"": ""1.2"", ""label"": ""Managers in central and local government, industry, commerce etc - large establishment""}, {""value"": ""2.1"", ""label"": ""Employers in industry, commerce, etc - small establishment""}, {""value"": ""2.2"", ""label"": ""Managers in industry, commerce, etc - small establishment""}, {""value"": ""3.0"", ""label"": ""Professional workers - self-employed""}, {""value"": ""4.0"", ""label"": ""Professional workers - employees""}, {""value"": ""5.1"", ""label"": ""Ancillary workers and artists""}, {""value"": ""5.2"", ""label"": ""Foremen and supervisors non-manual""}, {""value"": ""6.0"", ""label"": ""Junior non-manual workers""}, {""value"": ""7.0"", ""label"": ""Personal service workers""}, {""value"": ""8.0"", ""label"": ""Foremen and supervisors - manual""}, {""value"": ""9.0"", ""label"": ""Skilled manual workers""}, {""value"": ""10.0"", ""label"": ""Semi-skilled manual workers""}, {""value"": ""11.0"", ""label"": ""Unskilled manual workers""}, {""value"": ""12.0"", ""label"": ""Own account workers (other than professional)""}, {""value"": ""13.0"", ""label"": ""Farmers - employers and managers""}, {""value"": ""14.0"", ""label"": ""Farmers - own account""}, {""value"": ""15.0"", ""label"": ""Agricultural workers""}, {""value"": ""16.0"", ""label"": ""Armed Forces""}, {""value"": ""17.0"", ""label"": ""Inadequately described or not stated occupation""}]"
36,b11cljsc,Social class 1990 based on soc2010/soc2020 (Activity history job),numeric,SCALE,-10.0 thru -1.0,"[{""value"": ""-9.0"", ""label"": ""Refused""}, {""value"": ""-8.0"", ""label"": ""Don't know""}, {""value"": ""-3.0"", ""label"": ""Not asked at case fieldwork stage""}, {""value"": ""-2.0"", ""label"": ""Not asked due to scripting/routing error""}, {""value"": ""-1.0"", ""label"": ""Not applicable""}, {""value"": ""1.0"", ""label"": ""(I) Professional""}, {""value"": ""2.0"", ""label"": ""(II) Managerial-technical""}, {""value"": ""3.1"", ""label"": ""(IIINM) Skilled non-manual""}, {""value"": ""3.2"", ""label"": ""(IIIM) Skilled manual""}, {""value"": ""4.0"", ""label"": ""(IV) Partly skilled""}, {""value"": ""5.0"", ""label"": ""(V) Unskilled""}, {""value"": ""6.0"", ""label"": ""Others""}]"
37,b11clcuract,Whether this is current job/activity,numeric,NOMINAL,-10.0 thru -1.0,"[{""value"": ""-9.0"", ""label"": ""Refused""}, {""value"": ""-8.0"", ""label"": ""Don't know""}, {""value"": ""-3.0"", ""label"": ""Not asked at case fieldwork stage""}, {""value"": ""-2.0"", ""label"": ""Not asked due to scripting/routing error""}, {""value"": ""-1.0"", ""label"": ""Not applicable""}, {""value"": ""1.0"", ""label"": ""Yes""}, {""value"": ""2.0"", ""label"": ""No""}]"
38,b11clcuractst,Whether this job/activity has been continuous,numeric,NOMINAL,-10.0 thru -1.0,"[{""value"": ""-9.0"", ""label"": ""Refused""}, {""value"": ""-8.0"", ""label"": ""Don't know""}, {""value"": ""-3.0"", ""label"": ""Not asked at case fieldwork stage""}, {""value"": ""-2.0"", ""label"": ""Not asked due to scripting/routing error""}, {""value"": ""-1.0"", ""label"": ""Not applicable""}, {""value"": ""1.0"", ""label"": ""Yes""}, {""value"": ""2.0"", ""label"": ""No""}]"
