pos,variable,variable_label,variable_type,measurement_level,spss_user_missing_values,value_labels_json
1,NSID,NSID - cohort member identifier,NA,NA,NA,[]
2,W7Mode,Admin: Methodology,numeric,NOMINAL,-999.0 thru -1.0,"[{""value"": ""-91.0"", ""label"": ""Not applicable""}, {""value"": ""1.0"", ""label"": ""CAPI""}, {""value"": ""2.0"", ""label"": ""CATI""}, {""value"": ""3.0"", ""label"": ""CAWI""}]"
3,W7_lsype_wt,"Weight: Respondents who took part in Wave 5, Wave 6 and Wave 7",numeric,SCALE,-999.0 thru -1.0,"[{""value"": ""-91.0"", ""label"": ""Not applicable""}]"
4,W7_lsype_wt_skiponly,"Weight: Respondents who took part in Wave 6 and Wave 7, but not Wave 5",numeric,SCALE,-999.0 thru -1.0,"[{""value"": ""-91.0"", ""label"": ""Not applicable""}]"
5,W7finwt,Weight: W7 final weight (W6 final weight * W7 non-response weight),numeric,SCALE,-999.0 thru -1.0,"[{""value"": ""-91.0"", ""label"": ""Not applicable""}]"
6,W7Sex,Admin: Gender,numeric,NOMINAL,-999.0 thru -1.0,"[{""value"": ""-91.0"", ""label"": ""Not applicable""}, {""value"": ""1.0"", ""label"": ""Male""}, {""value"": ""2.0"", ""label"": ""Female""}]"
7,W7SportYP,YP: How often do you do any kind of physical exercise?,numeric,NOMINAL,-999.0 thru -1.0,"[{""value"": ""-91.0"", ""label"": ""Not applicable""}, {""value"": ""-1.0"", ""label"": ""Don't know""}, {""value"": ""1.0"", ""label"": ""Most days""}, {""value"": ""2.0"", ""label"": ""More than once a week""}, {""value"": ""3.0"", ""label"": ""Once a week""}, {""value"": ""4.0"", ""label"": ""Less than once a week""}, {""value"": ""5.0"", ""label"": ""Hardly ever""}, {""value"": ""6.0"", ""label"": ""Never""}]"
8,W7HealthYP,"YP: Whether has a long-standing physical or mental impairment, illness or disability",numeric,NOMINAL,-999.0 thru -1.0,"[{""value"": ""-92.0"", ""label"": ""Refused""}, {""value"": ""-91.0"", ""label"": ""Not applicable""}, {""value"": ""-1.0"", ""label"": ""Don't know""}, {""value"": ""1.0"", ""label"": ""Yes""}, {""value"": ""2.0"", ""label"": ""No""}]"
9,W7DisDifYP0a,YP: How health problem/disability affects life - Mobility,numeric,NOMINAL,-999.0 thru -1.0,"[{""value"": ""-92.0"", ""label"": ""Refused""}, {""value"": ""-91.0"", ""label"": ""Not applicable""}, {""value"": ""-1.0"", ""label"": ""Don't know""}, {""value"": ""0.0"", ""label"": ""Not mentioned""}, {""value"": ""1.0"", ""label"": ""Mentioned""}]"
10,W7DisDifYP0b,"YP: How health problem/disability affects life - Lifting, carrying, moving objects",numeric,NOMINAL,-999.0 thru -1.0,"[{""value"": ""-92.0"", ""label"": ""Refused""}, {""value"": ""-91.0"", ""label"": ""Not applicable""}, {""value"": ""-1.0"", ""label"": ""Don't know""}, {""value"": ""0.0"", ""label"": ""Not mentioned""}, {""value"": ""1.0"", ""label"": ""Mentioned""}]"
11,W7DisDifYP0c,YP: How health problem/disability affects life - Manual dexterity,numeric,NOMINAL,-999.0 thru -1.0,"[{""value"": ""-92.0"", ""label"": ""Refused""}, {""value"": ""-91.0"", ""label"": ""Not applicable""}, {""value"": ""-1.0"", ""label"": ""Don't know""}, {""value"": ""0.0"", ""label"": ""Not mentioned""}, {""value"": ""1.0"", ""label"": ""Mentioned""}]"
12,W7DisDifYP0d,YP: How health problem/disability affects life - Continence,numeric,NOMINAL,-999.0 thru -1.0,"[{""value"": ""-92.0"", ""label"": ""Refused""}, {""value"": ""-91.0"", ""label"": ""Not applicable""}, {""value"": ""-1.0"", ""label"": ""Don't know""}, {""value"": ""0.0"", ""label"": ""Not mentioned""}, {""value"": ""1.0"", ""label"": ""Mentioned""}]"
13,W7DisDifYP0e,YP: How health problem/disability affects life - Communication,numeric,NOMINAL,-999.0 thru -1.0,"[{""value"": ""-92.0"", ""label"": ""Refused""}, {""value"": ""-91.0"", ""label"": ""Not applicable""}, {""value"": ""-1.0"", ""label"": ""Don't know""}, {""value"": ""0.0"", ""label"": ""Not mentioned""}, {""value"": ""1.0"", ""label"": ""Mentioned""}]"
14,W7DisDifYP0f,"YP: How health problem/disability affects life - Memory, ability to concentrate, understand",numeric,NOMINAL,-999.0 thru -1.0,"[{""value"": ""-92.0"", ""label"": ""Refused""}, {""value"": ""-91.0"", ""label"": ""Not applicable""}, {""value"": ""-1.0"", ""label"": ""Don't know""}, {""value"": ""0.0"", ""label"": ""Not mentioned""}, {""value"": ""1.0"", ""label"": ""Mentioned""}]"
15,W7DisDifYP0g,YP: How health problem/disability affects life - Recognising physical danger,numeric,NOMINAL,-999.0 thru -1.0,"[{""value"": ""-92.0"", ""label"": ""Refused""}, {""value"": ""-91.0"", ""label"": ""Not applicable""}, {""value"": ""-1.0"", ""label"": ""Don't know""}, {""value"": ""0.0"", ""label"": ""Not mentioned""}, {""value"": ""1.0"", ""label"": ""Mentioned""}]"
16,W7DisDifYP0h,YP: How health problem/disability affects life - Physical coordination,numeric,NOMINAL,-999.0 thru -1.0,"[{""value"": ""-92.0"", ""label"": ""Refused""}, {""value"": ""-91.0"", ""label"": ""Not applicable""}, {""value"": ""-1.0"", ""label"": ""Don't know""}, {""value"": ""0.0"", ""label"": ""Not mentioned""}, {""value"": ""1.0"", ""label"": ""Mentioned""}]"
17,W7DisDifYP0i,YP: How health problem/disability affects life - Other,numeric,NOMINAL,-999.0 thru -1.0,"[{""value"": ""-92.0"", ""label"": ""Refused""}, {""value"": ""-91.0"", ""label"": ""Not applicable""}, {""value"": ""-1.0"", ""label"": ""Don't know""}, {""value"": ""0.0"", ""label"": ""Not mentioned""}, {""value"": ""1.0"", ""label"": ""Mentioned""}]"
18,W7DDATreYP,"YP: Whether receives treatment or medication without which their health problems (when taken together), would substantially affect their life in the areas previously mentioned?",numeric,NOMINAL,-999.0 thru -1.0,"[{""value"": ""-92.0"", ""label"": ""Refused""}, {""value"": ""-91.0"", ""label"": ""Not applicable""}, {""value"": ""-1.0"", ""label"": ""Don't know""}, {""value"": ""1.0"", ""label"": ""Yes""}, {""value"": ""2.0"", ""label"": ""No""}]"
19,W7DisDifPYP,"YP: Whether ever had an illness or disability that lasted for over 12 months - include things like cancer, HIV, MS and mental health issues",numeric,NOMINAL,-999.0 thru -1.0,"[{""value"": ""-92.0"", ""label"": ""Refused""}, {""value"": ""-91.0"", ""label"": ""Not applicable""}, {""value"": ""-1.0"", ""label"": ""Don't know""}, {""value"": ""1.0"", ""label"": ""Yes""}, {""value"": ""2.0"", ""label"": ""No""}]"
20,W7TWave6Act,Admin: Current activity at time of interview from Wave 6,numeric,NOMINAL,-999.0 thru -1.0,"[{""value"": ""-91.0"", ""label"": ""Not applicable""}, {""value"": ""1.0"", ""label"": ""University""}, {""value"": ""2.0"", ""label"": ""School/college education""}, {""value"": ""3.0"", ""label"": ""Paid work""}, {""value"": ""4.0"", ""label"": ""Training course/scheme""}, {""value"": ""5.0"", ""label"": ""Apprenticeship""}, {""value"": ""6.0"", ""label"": ""Waiting for a course or job to start""}, {""value"": ""7.0"", ""label"": ""Looking after home/family""}, {""value"": ""8.0"", ""label"": ""Unemployed and looking for work""}, {""value"": ""9.0"", ""label"": ""Waiting for exam results""}, {""value"": ""10.0"", ""label"": ""Waiting for job application result""}, {""value"": ""11.0"", ""label"": ""Part time job and part time college""}, {""value"": ""12.0"", ""label"": ""Voluntary work""}, {""value"": ""13.0"", ""label"": ""Not defined""}]"
21,W7ActStillYP,YP: Whether still doing Wave 6 activity now,numeric,NOMINAL,-999.0 thru -1.0,"[{""value"": ""-92.0"", ""label"": ""Refused""}, {""value"": ""-91.0"", ""label"": ""Not applicable""}, {""value"": ""1.0"", ""label"": ""Yes""}, {""value"": ""2.0"", ""label"": ""No""}, {""value"": ""3.0"", ""label"": ""No - this wasn't what I was doing last year""}]"
22,W7ActContYP,YP: Whether been doing this activity continuously since Wave 6 interview,numeric,NOMINAL,-999.0 thru -1.0,"[{""value"": ""-92.0"", ""label"": ""Refused""}, {""value"": ""-91.0"", ""label"": ""Not applicable""}, {""value"": ""-1.0"", ""label"": ""Don't know""}, {""value"": ""1.0"", ""label"": ""Yes""}, {""value"": ""2.0"", ""label"": ""No""}]"
23,W7StillEdChkYP,YP: Check on current institution type of those still in school or college from Wave 6,numeric,NOMINAL,-999.0 thru -1.0,"[{""value"": ""-92.0"", ""label"": ""Refused""}, {""value"": ""-91.0"", ""label"": ""Not applicable""}, {""value"": ""-1.0"", ""label"": ""Don't know""}, {""value"": ""1.0"", ""label"": ""University""}, {""value"": ""2.0"", ""label"": ""HE college""}, {""value"": ""3.0"", ""label"": ""Other kind of college or school""}]"
24,W7JobHolChkYP,YP: Check on whether break of a month or more was due to being on holiday or off sick and have since returned to the job,numeric,NOMINAL,-999.0 thru -1.0,"[{""value"": ""-92.0"", ""label"": ""Refused""}, {""value"": ""-91.0"", ""label"": ""Not applicable""}, {""value"": ""-1.0"", ""label"": ""Don't know""}, {""value"": ""1.0"", ""label"": ""Yes - was on holiday or off sick""}, {""value"": ""2.0"", ""label"": ""No""}]"
25,W7TCurrentAct,Admin: Derived current main activity at time of interview,numeric,NOMINAL,-999.0 thru -1.0,"[{""value"": ""-91.0"", ""label"": ""Not applicable""}, {""value"": ""1.0"", ""label"": ""University""}, {""value"": ""2.0"", ""label"": ""School/college education""}, {""value"": ""3.0"", ""label"": ""Paid work""}, {""value"": ""4.0"", ""label"": ""Training course/scheme""}, {""value"": ""5.0"", ""label"": ""Apprenticeship""}, {""value"": ""6.0"", ""label"": ""Waiting for a course or job to start""}, {""value"": ""7.0"", ""label"": ""Looking after home/family""}, {""value"": ""8.0"", ""label"": ""Unemployed and looking for work""}, {""value"": ""9.0"", ""label"": ""Part time job and part time college""}, {""value"": ""10.0"", ""label"": ""Voluntary work""}, {""value"": ""11.0"", ""label"": ""Government employment programme""}, {""value"": ""12.0"", ""label"": ""Travelling""}, {""value"": ""13.0"", ""label"": ""Break from work/college""}, {""value"": ""14.0"", ""label"": ""Ill or disabled""}, {""value"": ""15.0"", ""label"": ""Not defined""}]"
26,W7NEETEduYP,YP: Whether anything helped or encouraged return to learning,numeric,NOMINAL,-999.0 thru -1.0,"[{""value"": ""-997.0"", ""label"": ""Problem with script""}, {""value"": ""-91.0"", ""label"": ""Not applicable""}, {""value"": ""-1.0"", ""label"": ""Don't know""}, {""value"": ""1.0"", ""label"": ""Yes""}, {""value"": ""2.0"", ""label"": ""No""}]"
27,W7NEETWrk2YP0a,YP: What helped you to start working - Needed the money,numeric,NOMINAL,-999.0 thru -1.0,"[{""value"": ""-997.0"", ""label"": ""Problem with script""}, {""value"": ""-91.0"", ""label"": ""Not applicable""}, {""value"": ""0.0"", ""label"": ""Not mentioned""}, {""value"": ""1.0"", ""label"": ""Mentioned""}]"
28,W7NEETWrk2YP0b,YP: What helped you to start working - Jobcentre Plus,numeric,NOMINAL,-999.0 thru -1.0,"[{""value"": ""-997.0"", ""label"": ""Problem with script""}, {""value"": ""-91.0"", ""label"": ""Not applicable""}, {""value"": ""0.0"", ""label"": ""Not mentioned""}, {""value"": ""1.0"", ""label"": ""Mentioned""}]"
29,W7NEETWrk2YP0c,YP: What helped you to start working - Agencies,numeric,NOMINAL,-999.0 thru -1.0,"[{""value"": ""-997.0"", ""label"": ""Problem with script""}, {""value"": ""-91.0"", ""label"": ""Not applicable""}, {""value"": ""0.0"", ""label"": ""Not mentioned""}, {""value"": ""1.0"", ""label"": ""Mentioned""}]"
30,W7NEETWrk2YP0d,YP: What helped you to start working - Completed a training course,numeric,NOMINAL,-999.0 thru -1.0,"[{""value"": ""-997.0"", ""label"": ""Problem with script""}, {""value"": ""-91.0"", ""label"": ""Not applicable""}, {""value"": ""0.0"", ""label"": ""Not mentioned""}, {""value"": ""1.0"", ""label"": ""Mentioned""}]"
31,W7NEETWrk2YP0e,YP: What helped you to start working - Sent CV to potential employers,numeric,NOMINAL,-999.0 thru -1.0,"[{""value"": ""-997.0"", ""label"": ""Problem with script""}, {""value"": ""-91.0"", ""label"": ""Not applicable""}, {""value"": ""0.0"", ""label"": ""Not mentioned""}, {""value"": ""1.0"", ""label"": ""Mentioned""}]"
32,W7NEETWrk2YP0f,YP: What helped you to start working - Friends/family - informal networks,numeric,NOMINAL,-999.0 thru -1.0,"[{""value"": ""-997.0"", ""label"": ""Problem with script""}, {""value"": ""-91.0"", ""label"": ""Not applicable""}, {""value"": ""0.0"", ""label"": ""Not mentioned""}, {""value"": ""1.0"", ""label"": ""Mentioned""}]"
33,W7NEETWrk2YP0g,YP: What helped you to start working - Persistence,numeric,NOMINAL,-999.0 thru -1.0,"[{""value"": ""-997.0"", ""label"": ""Problem with script""}, {""value"": ""-91.0"", ""label"": ""Not applicable""}, {""value"": ""0.0"", ""label"": ""Not mentioned""}, {""value"": ""1.0"", ""label"": ""Mentioned""}]"
34,W7NEETWrk2YP0h,YP: What helped you to start working - Myself/my own motivation,numeric,NOMINAL,-999.0 thru -1.0,"[{""value"": ""-997.0"", ""label"": ""Problem with script""}, {""value"": ""-91.0"", ""label"": ""Not applicable""}, {""value"": ""0.0"", ""label"": ""Not mentioned""}, {""value"": ""1.0"", ""label"": ""Mentioned""}]"
35,W7NEETWrk2YP0i,YP: What helped you to start working - Luck/a job became available,numeric,NOMINAL,-999.0 thru -1.0,"[{""value"": ""-997.0"", ""label"": ""Problem with script""}, {""value"": ""-91.0"", ""label"": ""Not applicable""}, {""value"": ""0.0"", ""label"": ""Not mentioned""}, {""value"": ""1.0"", ""label"": ""Mentioned""}]"
36,W7NEETWrk2YP0j,YP: What helped you to start working - Don't know,numeric,NOMINAL,-999.0 thru -1.0,"[{""value"": ""-997.0"", ""label"": ""Problem with script""}, {""value"": ""-91.0"", ""label"": ""Not applicable""}, {""value"": ""0.0"", ""label"": ""Not mentioned""}, {""value"": ""1.0"", ""label"": ""Mentioned""}]"
37,W7NEETWrk2YP0k,YP: What helped you to start working - Other answers,numeric,NOMINAL,-999.0 thru -1.0,"[{""value"": ""-997.0"", ""label"": ""Problem with script""}, {""value"": ""-91.0"", ""label"": ""Not applicable""}, {""value"": ""0.0"", ""label"": ""Not mentioned""}, {""value"": ""1.0"", ""label"": ""Mentioned""}]"
38,W7AppEnableYP0a,YP: Whether completed Apprenticeship enabled you to - Get a better job,numeric,NOMINAL,-999.0 thru -1.0,"[{""value"": ""-997.0"", ""label"": ""Problem with script""}, {""value"": ""-91.0"", ""label"": ""Not applicable""}, {""value"": ""-1.0"", ""label"": ""Don't know""}, {""value"": ""1.0"", ""label"": ""Yes""}, {""value"": ""2.0"", ""label"": ""No""}]"
39,W7AppEnableYP0b,YP: Whether completed Apprenticeship enabled you to - Get a better paid job,numeric,NOMINAL,-999.0 thru -1.0,"[{""value"": ""-997.0"", ""label"": ""Problem with script""}, {""value"": ""-91.0"", ""label"": ""Not applicable""}, {""value"": ""-1.0"", ""label"": ""Don't know""}, {""value"": ""1.0"", ""label"": ""Yes""}, {""value"": ""2.0"", ""label"": ""No""}]"
40,W7AppEnableYP0c,YP: Whether completed Apprenticeship enabled you to - Get paid more in your current job,numeric,NOMINAL,-999.0 thru -1.0,"[{""value"": ""-997.0"", ""label"": ""Problem with script""}, {""value"": ""-91.0"", ""label"": ""Not applicable""}, {""value"": ""-1.0"", ""label"": ""Don't know""}, {""value"": ""1.0"", ""label"": ""Yes""}, {""value"": ""2.0"", ""label"": ""No""}]"
41,W7AppEnableYP0d,YP: Whether completed Apprenticeship enabled you to - Get a promotion,numeric,NOMINAL,-999.0 thru -1.0,"[{""value"": ""-997.0"", ""label"": ""Problem with script""}, {""value"": ""-91.0"", ""label"": ""Not applicable""}, {""value"": ""-1.0"", ""label"": ""Don't know""}, {""value"": ""1.0"", ""label"": ""Yes""}, {""value"": ""2.0"", ""label"": ""No""}]"
42,W7AppEnableYP0e,YP: Whether completed Apprenticeship enabled you to - Start a new career,numeric,NOMINAL,-999.0 thru -1.0,"[{""value"": ""-997.0"", ""label"": ""Problem with script""}, {""value"": ""-91.0"", ""label"": ""Not applicable""}, {""value"": ""-1.0"", ""label"": ""Don't know""}, {""value"": ""1.0"", ""label"": ""Yes""}, {""value"": ""2.0"", ""label"": ""No""}]"
43,W7AppBensYP0a,YP: What uncompleted Apprenticeship has done - It has allowed me to keep my options about the future open,numeric,NOMINAL,-999.0 thru -1.0,"[{""value"": ""-997.0"", ""label"": ""Problem with script""}, {""value"": ""-91.0"", ""label"": ""Not applicable""}, {""value"": ""-1.0"", ""label"": ""Don't know""}, {""value"": ""1.0"", ""label"": ""Strongly agree""}, {""value"": ""2.0"", ""label"": ""Agree""}, {""value"": ""3.0"", ""label"": ""Disagree""}, {""value"": ""4.0"", ""label"": ""Strongly disagree""}]"
44,W7AppBensYP0b,YP: What uncompleted Apprenticeship has done - It has provided me with good pay prospects for the future,numeric,NOMINAL,-999.0 thru -1.0,"[{""value"": ""-997.0"", ""label"": ""Problem with script""}, {""value"": ""-91.0"", ""label"": ""Not applicable""}, {""value"": ""-1.0"", ""label"": ""Don't know""}, {""value"": ""1.0"", ""label"": ""Strongly agree""}, {""value"": ""2.0"", ""label"": ""Agree""}, {""value"": ""3.0"", ""label"": ""Disagree""}, {""value"": ""4.0"", ""label"": ""Strongly disagree""}]"
45,W7AppBensYP0c,YP: What uncompleted Apprenticeship has done - It has provided me with good career prospects,numeric,NOMINAL,-999.0 thru -1.0,"[{""value"": ""-997.0"", ""label"": ""Problem with script""}, {""value"": ""-91.0"", ""label"": ""Not applicable""}, {""value"": ""-1.0"", ""label"": ""Don't know""}, {""value"": ""1.0"", ""label"": ""Strongly agree""}, {""value"": ""2.0"", ""label"": ""Agree""}, {""value"": ""3.0"", ""label"": ""Disagree""}, {""value"": ""4.0"", ""label"": ""Strongly disagree""}]"
46,W7AppBensYP0d,YP: What uncompleted Apprenticeship has done - It has provided me with the qualifications I need to enter certain occupations,numeric,NOMINAL,-999.0 thru -1.0,"[{""value"": ""-997.0"", ""label"": ""Problem with script""}, {""value"": ""-91.0"", ""label"": ""Not applicable""}, {""value"": ""-1.0"", ""label"": ""Don't know""}, {""value"": ""1.0"", ""label"": ""Strongly agree""}, {""value"": ""2.0"", ""label"": ""Agree""}, {""value"": ""3.0"", ""label"": ""Disagree""}, {""value"": ""4.0"", ""label"": ""Strongly disagree""}]"
47,W7AppBensYP0e,YP: What uncompleted Apprenticeship has done - It is a well recognised qualification,numeric,NOMINAL,-999.0 thru -1.0,"[{""value"": ""-997.0"", ""label"": ""Problem with script""}, {""value"": ""-91.0"", ""label"": ""Not applicable""}, {""value"": ""-1.0"", ""label"": ""Don't know""}, {""value"": ""1.0"", ""label"": ""Strongly agree""}, {""value"": ""2.0"", ""label"": ""Agree""}, {""value"": ""3.0"", ""label"": ""Disagree""}, {""value"": ""4.0"", ""label"": ""Strongly disagree""}]"
48,W7JobYP,YP: Whether currently doing paid work (not main activity),numeric,NOMINAL,-999.0 thru -1.0,"[{""value"": ""-92.0"", ""label"": ""Refused""}, {""value"": ""-91.0"", ""label"": ""Not applicable""}, {""value"": ""1.0"", ""label"": ""Yes""}, {""value"": ""2.0"", ""label"": ""No""}]"
49,W7PartimeYP,YP: Whether education and work are part of the same thing or separate,numeric,NOMINAL,-999.0 thru -1.0,"[{""value"": ""-91.0"", ""label"": ""Not applicable""}, {""value"": ""-1.0"", ""label"": ""Don't know""}, {""value"": ""1.0"", ""label"": ""Part of the same""}, {""value"": ""2.0"", ""label"": ""Separate""}]"
50,W7PrtWkHrsYP,YP: Number of hours per week spent at workplace,numeric,SCALE,-999.0 thru -1.0,"[{""value"": ""-91.0"", ""label"": ""Not applicable""}, {""value"": ""-1.0"", ""label"": ""Don't know""}]"
51,W7ApLevYP,YP: Level of Apprenticeship being worked towards,numeric,NOMINAL,-999.0 thru -1.0,"[{""value"": ""-91.0"", ""label"": ""Not applicable""}, {""value"": ""-1.0"", ""label"": ""Don't know""}, {""value"": ""1.0"", ""label"": ""Apprenticeship - Level 2""}, {""value"": ""2.0"", ""label"": ""Advanced apprenticeship - Level 3""}]"
52,W7TrainPlan3YP,YP: Whether training or Apprenticeship is part of a job,numeric,NOMINAL,-999.0 thru -1.0,"[{""value"": ""-91.0"", ""label"": ""Not applicable""}, {""value"": ""-1.0"", ""label"": ""Don't know""}, {""value"": ""1.0"", ""label"": ""Yes""}, {""value"": ""2.0"", ""label"": ""No""}]"
53,W7TrainLoc2YP,YP: Whether training course or Apprenticeship involves study at a college or training centre,numeric,NOMINAL,-999.0 thru -1.0,"[{""value"": ""-91.0"", ""label"": ""Not applicable""}, {""value"": ""-1.0"", ""label"": ""Don't know""}, {""value"": ""1.0"", ""label"": ""Yes""}, {""value"": ""2.0"", ""label"": ""No""}]"
54,W7OnJobTYP,YP: Whether received any on the job training in the course of usual work,numeric,NOMINAL,-999.0 thru -1.0,"[{""value"": ""-91.0"", ""label"": ""Not applicable""}, {""value"": ""-1.0"", ""label"": ""Don't know""}, {""value"": ""1.0"", ""label"": ""Yes""}, {""value"": ""2.0"", ""label"": ""No""}]"
55,W7OffJobTYP0a,YP: Places received training away from workplace - College or training centre,numeric,NOMINAL,-999.0 thru -1.0,"[{""value"": ""-91.0"", ""label"": ""Not applicable""}, {""value"": ""-1.0"", ""label"": ""Don't know""}, {""value"": ""0.0"", ""label"": ""Not mentioned""}, {""value"": ""1.0"", ""label"": ""Mentioned""}]"
56,W7OffJobTYP0b,YP: Places received training away from workplace - At your employer's premises (but away from your usual place of work),numeric,NOMINAL,-999.0 thru -1.0,"[{""value"": ""-91.0"", ""label"": ""Not applicable""}, {""value"": ""-1.0"", ""label"": ""Don't know""}, {""value"": ""0.0"", ""label"": ""Not mentioned""}, {""value"": ""1.0"", ""label"": ""Mentioned""}]"
57,W7OffJobTYP0c,YP: Places received training away from workplace - At a separate training centre run by your employer,numeric,NOMINAL,-999.0 thru -1.0,"[{""value"": ""-91.0"", ""label"": ""Not applicable""}, {""value"": ""-1.0"", ""label"": ""Don't know""}, {""value"": ""0.0"", ""label"": ""Not mentioned""}, {""value"": ""1.0"", ""label"": ""Mentioned""}]"
58,W7OffJobTYP0d,YP: Places received training away from workplace - Somewhere else,numeric,NOMINAL,-999.0 thru -1.0,"[{""value"": ""-91.0"", ""label"": ""Not applicable""}, {""value"": ""-1.0"", ""label"": ""Don't know""}, {""value"": ""0.0"", ""label"": ""Not mentioned""}, {""value"": ""1.0"", ""label"": ""Mentioned""}]"
59,W7IfsearchedYP,YP: Whether looked for any kind of paid work in last 4 weeks,numeric,NOMINAL,-999.0 thru -1.0,"[{""value"": ""-92.0"", ""label"": ""Refused""}, {""value"": ""-91.0"", ""label"": ""Not applicable""}, {""value"": ""1.0"", ""label"": ""Yes""}, {""value"": ""2.0"", ""label"": ""No""}]"
60,W7Mainmeth1YP0a,YP: Job search activities - Visited a jobcentre,numeric,NOMINAL,-999.0 thru -1.0,"[{""value"": ""-92.0"", ""label"": ""Refused""}, {""value"": ""-91.0"", ""label"": ""Not applicable""}, {""value"": ""-1.0"", ""label"": ""Don't know""}, {""value"": ""0.0"", ""label"": ""Not mentioned""}, {""value"": ""1.0"", ""label"": ""Mentioned""}]"
61,W7Mainmeth1YP0b,YP: Job search activities - Visited connexions or careers office,numeric,NOMINAL,-999.0 thru -1.0,"[{""value"": ""-92.0"", ""label"": ""Refused""}, {""value"": ""-91.0"", ""label"": ""Not applicable""}, {""value"": ""-1.0"", ""label"": ""Don't know""}, {""value"": ""0.0"", ""label"": ""Not mentioned""}, {""value"": ""1.0"", ""label"": ""Mentioned""}]"
62,W7Mainmeth1YP0c,YP: Job search activities - Visited a jobclub,numeric,NOMINAL,-999.0 thru -1.0,"[{""value"": ""-92.0"", ""label"": ""Refused""}, {""value"": ""-91.0"", ""label"": ""Not applicable""}, {""value"": ""-1.0"", ""label"": ""Don't know""}, {""value"": ""0.0"", ""label"": ""Not mentioned""}, {""value"": ""1.0"", ""label"": ""Mentioned""}]"
63,W7Mainmeth1YP0d,YP: Job search activities - Name on books of employment agency,numeric,NOMINAL,-999.0 thru -1.0,"[{""value"": ""-92.0"", ""label"": ""Refused""}, {""value"": ""-91.0"", ""label"": ""Not applicable""}, {""value"": ""-1.0"", ""label"": ""Don't know""}, {""value"": ""0.0"", ""label"": ""Not mentioned""}, {""value"": ""1.0"", ""label"": ""Mentioned""}]"
64,W7Mainmeth1YP0e,YP: Job search activities - Contacted employers directly,numeric,NOMINAL,-999.0 thru -1.0,"[{""value"": ""-92.0"", ""label"": ""Refused""}, {""value"": ""-91.0"", ""label"": ""Not applicable""}, {""value"": ""-1.0"", ""label"": ""Don't know""}, {""value"": ""0.0"", ""label"": ""Not mentioned""}, {""value"": ""1.0"", ""label"": ""Mentioned""}]"
65,W7Mainmeth1YP0f,YP: Job search activities - Used the Jobcentre Plus online vacancy database,numeric,NOMINAL,-999.0 thru -1.0,"[{""value"": ""-92.0"", ""label"": ""Refused""}, {""value"": ""-91.0"", ""label"": ""Not applicable""}, {""value"": ""-1.0"", ""label"": ""Don't know""}, {""value"": ""0.0"", ""label"": ""Not mentioned""}, {""value"": ""1.0"", ""label"": ""Mentioned""}]"
66,W7Mainmeth1YP0g,YP: Job search activities - Searched National Apprenticeship Service website,numeric,NOMINAL,-999.0 thru -1.0,"[{""value"": ""-92.0"", ""label"": ""Refused""}, {""value"": ""-91.0"", ""label"": ""Not applicable""}, {""value"": ""-1.0"", ""label"": ""Don't know""}, {""value"": ""0.0"", ""label"": ""Not mentioned""}, {""value"": ""1.0"", ""label"": ""Mentioned""}]"
67,W7DNoJob2YP,DV: YP Number of current jobs (top-coded),numeric,SCALE,-999.0 thru -1.0,"[{""value"": ""-92.0"", ""label"": ""Refused""}, {""value"": ""-91.0"", ""label"": ""Not applicable""}, {""value"": ""-1.0"", ""label"": ""Don't know""}, {""value"": ""5.0"", ""label"": ""5 or above""}]"
68,W7JobTypYP,YP: Whether has permanent contract with employer,numeric,NOMINAL,-999.0 thru -1.0,"[{""value"": ""-92.0"", ""label"": ""Refused""}, {""value"": ""-91.0"", ""label"": ""Not applicable""}, {""value"": ""-1.0"", ""label"": ""Don't know""}, {""value"": ""1.0"", ""label"": ""Yes - Have permanent contract with employer""}, {""value"": ""2.0"", ""label"": ""No - Do not have permanent contract with employer""}]"
69,W7JobTyp2YP0a,YP: Type of non-permanent job - Seasonal work,numeric,NOMINAL,-999.0 thru -1.0,"[{""value"": ""-92.0"", ""label"": ""Refused""}, {""value"": ""-91.0"", ""label"": ""Not applicable""}, {""value"": ""-1.0"", ""label"": ""Don't know""}, {""value"": ""0.0"", ""label"": ""Not mentioned""}, {""value"": ""1.0"", ""label"": ""Mentioned""}]"
70,W7JobTyp2YP0b,YP: Type of non-permanent job - Fixed term contract,numeric,NOMINAL,-999.0 thru -1.0,"[{""value"": ""-92.0"", ""label"": ""Refused""}, {""value"": ""-91.0"", ""label"": ""Not applicable""}, {""value"": ""-1.0"", ""label"": ""Don't know""}, {""value"": ""0.0"", ""label"": ""Not mentioned""}, {""value"": ""1.0"", ""label"": ""Mentioned""}]"
71,W7JobTyp2YP0c,YP: Type of non-permanent job - Agency temping,numeric,NOMINAL,-999.0 thru -1.0,"[{""value"": ""-92.0"", ""label"": ""Refused""}, {""value"": ""-91.0"", ""label"": ""Not applicable""}, {""value"": ""-1.0"", ""label"": ""Don't know""}, {""value"": ""0.0"", ""label"": ""Not mentioned""}, {""value"": ""1.0"", ""label"": ""Mentioned""}]"
72,W7JobTyp2YP0d,YP: Type of non-permanent job - Casual work,numeric,NOMINAL,-999.0 thru -1.0,"[{""value"": ""-92.0"", ""label"": ""Refused""}, {""value"": ""-91.0"", ""label"": ""Not applicable""}, {""value"": ""-1.0"", ""label"": ""Don't know""}, {""value"": ""0.0"", ""label"": ""Not mentioned""}, {""value"": ""1.0"", ""label"": ""Mentioned""}]"
73,W7JobTyp2YP0e,YP: Type of non-permanent job - Other,numeric,NOMINAL,-999.0 thru -1.0,"[{""value"": ""-92.0"", ""label"": ""Refused""}, {""value"": ""-91.0"", ""label"": ""Not applicable""}, {""value"": ""-1.0"", ""label"": ""Don't know""}, {""value"": ""0.0"", ""label"": ""Not mentioned""}, {""value"": ""1.0"", ""label"": ""Mentioned""}]"
74,W7EmployYP,YP: Whether working as employee or self-employed,numeric,NOMINAL,-999.0 thru -1.0,"[{""value"": ""-91.0"", ""label"": ""Not applicable""}, {""value"": ""-1.0"", ""label"": ""Don't know""}, {""value"": ""1.0"", ""label"": ""Employee""}, {""value"": ""2.0"", ""label"": ""Self-Employed""}]"
75,W7Wrk10YP,YP: Whether has responsibility for supervising other employees in job,numeric,NOMINAL,-999.0 thru -1.0,"[{""value"": ""-91.0"", ""label"": ""Not applicable""}, {""value"": ""-1.0"", ""label"": ""Don't know""}, {""value"": ""1.0"", ""label"": ""Yes""}, {""value"": ""2.0"", ""label"": ""No""}]"
76,W7Wrk11YP,YP: Number of people that work for employer at workplace,numeric,NOMINAL,-999.0 thru -1.0,"[{""value"": ""-91.0"", ""label"": ""Not applicable""}, {""value"": ""-1.0"", ""label"": ""Don't know""}, {""value"": ""1.0"", ""label"": ""1-24""}, {""value"": ""2.0"", ""label"": ""25-499""}, {""value"": ""3.0"", ""label"": ""500 or more""}]"
77,W7Wrk11YPb,YP: Whether fewer than or more than 25 employees working for employer at place of work,numeric,NOMINAL,-999.0 thru -1.0,"[{""value"": ""-91.0"", ""label"": ""Not applicable""}, {""value"": ""-1.0"", ""label"": ""Don't know""}, {""value"": ""1.0"", ""label"": ""Fewer than 25""}, {""value"": ""2.0"", ""label"": ""More than 25""}]"
78,W7Wrk12YP,YP: Number of people respondent employs at place of work,numeric,NOMINAL,-999.0 thru -1.0,"[{""value"": ""-91.0"", ""label"": ""Not applicable""}, {""value"": ""-1.0"", ""label"": ""Don't know""}, {""value"": ""1.0"", ""label"": ""1-24""}, {""value"": ""2.0"", ""label"": ""25-499""}, {""value"": ""3.0"", ""label"": ""500 or more""}]"
79,W7Wrk12YPb,YP: Whether fewer than or more than 25 employees working for respondent at place of work,numeric,NOMINAL,-999.0 thru -1.0,"[{""value"": ""-91.0"", ""label"": ""Not applicable""}, {""value"": ""-1.0"", ""label"": ""Don't know""}, {""value"": ""1.0"", ""label"": ""Fewer than 25""}, {""value"": ""2.0"", ""label"": ""More than 25""}]"
80,W7FixhrYP,YP: Whether paid on an hourly basis,numeric,NOMINAL,-999.0 thru -1.0,"[{""value"": ""-91.0"", ""label"": ""Not applicable""}, {""value"": ""-1.0"", ""label"": ""Don't know""}, {""value"": ""1.0"", ""label"": ""Yes""}, {""value"": ""2.0"", ""label"": ""No""}]"
81,W7DiffhrsYP,YP: Whether hourly rate varies,numeric,NOMINAL,-999.0 thru -1.0,"[{""value"": ""-91.0"", ""label"": ""Not applicable""}, {""value"": ""-1.0"", ""label"": ""Don't know""}, {""value"": ""1.0"", ""label"": ""Yes""}, {""value"": ""2.0"", ""label"": ""No""}]"
82,W7DFixraYP,DV: YP Fixed hourly rate (top-coded),numeric,SCALE,-999.0 thru -1.0,"[{""value"": ""-92.0"", ""label"": ""Refused""}, {""value"": ""-91.0"", ""label"": ""Not applicable""}, {""value"": ""-1.0"", ""label"": ""Don't know""}, {""value"": ""30.0"", ""label"": ""30 or above""}]"
83,W7FixrachkYP,YP: Check on fixed hourly rate,numeric,NOMINAL,-999.0 thru -1.0,"[{""value"": ""-91.0"", ""label"": ""Not applicable""}, {""value"": ""1.0"", ""label"": ""Yes""}, {""value"": ""2.0"", ""label"": ""No""}]"
84,W7DPay1YP,"DV: YP Amount paid last pay check, after deductions (top-coded)",numeric,SCALE,-999.0 thru -1.0,"[{""value"": ""-92.0"", ""label"": ""Refused""}, {""value"": ""-91.0"", ""label"": ""Not applicable""}, {""value"": ""-1.0"", ""label"": ""Don't know""}, {""value"": ""5000.0"", ""label"": ""5000 or above""}]"
85,W7Period1YP,YP: Time period over which wages were paid,numeric,NOMINAL,-999.0 thru -1.0,"[{""value"": ""-92.0"", ""label"": ""Refused""}, {""value"": ""-91.0"", ""label"": ""Not applicable""}, {""value"": ""-1.0"", ""label"": ""Don't know""}, {""value"": ""1.0"", ""label"": ""One week""}, {""value"": ""2.0"", ""label"": ""Two weeks""}, {""value"": ""3.0"", ""label"": ""Three weeks""}, {""value"": ""4.0"", ""label"": ""Four weeks""}, {""value"": ""5.0"", ""label"": ""Calendar month""}, {""value"": ""6.0"", ""label"": ""Two calendar months""}, {""value"": ""7.0"", ""label"": ""Eight times a year""}, {""value"": ""8.0"", ""label"": ""Nine times a year""}, {""value"": ""9.0"", ""label"": ""Ten times a year""}, {""value"": ""10.0"", ""label"": ""Three months/ 13 weeks""}, {""value"": ""11.0"", ""label"": ""Six months/ 26 weeks""}, {""value"": ""12.0"", ""label"": ""One year/ 12 months/ 52 weeks""}, {""value"": ""13.0"", ""label"": ""Less than one week""}, {""value"": ""14.0"", ""label"": ""One off lump sum""}, {""value"": ""15.0"", ""label"": ""None of these""}]"
86,W7PayChkYP,YP: Check on take home pay,numeric,NOMINAL,-999.0 thru -1.0,"[{""value"": ""-91.0"", ""label"": ""Not applicable""}, {""value"": ""1.0"", ""label"": ""Yes""}, {""value"": ""2.0"", ""label"": ""No""}]"
87,W7Hours1YP,YP: Amount of hours usually worked each week,numeric,SCALE,-999.0 thru -1.0,"[{""value"": ""-92.0"", ""label"": ""Refused""}, {""value"": ""-91.0"", ""label"": ""Not applicable""}, {""value"": ""-1.0"", ""label"": ""Don't know""}]"
88,W7HrsChkYP,YP: Check on weekly working hours,numeric,NOMINAL,-999.0 thru -1.0,"[{""value"": ""-91.0"", ""label"": ""Not applicable""}, {""value"": ""1.0"", ""label"": ""Yes""}, {""value"": ""2.0"", ""label"": ""No""}]"
89,W7Wrk15aYP,YP: Whether member of pension scheme,numeric,NOMINAL,-999.0 thru -1.0,"[{""value"": ""-91.0"", ""label"": ""Not applicable""}, {""value"": ""-1.0"", ""label"": ""Don't know""}, {""value"": ""1.0"", ""label"": ""Yes""}, {""value"": ""2.0"", ""label"": ""No""}]"
90,W7Wrk15bYP,YP: Whether pension scheme is employer based or personal,numeric,NOMINAL,-999.0 thru -1.0,"[{""value"": ""-91.0"", ""label"": ""Not applicable""}, {""value"": ""-1.0"", ""label"": ""Don't know""}, {""value"": ""1.0"", ""label"": ""Employer based""}, {""value"": ""2.0"", ""label"": ""Non employer/Personal based""}]"
91,W7CareerYP0a,YP: Statements on current job - Present job is part of a career,numeric,NOMINAL,-999.0 thru -1.0,"[{""value"": ""-92.0"", ""label"": ""Refused""}, {""value"": ""-91.0"", ""label"": ""Not applicable""}, {""value"": ""-1.0"", ""label"": ""Don't know""}, {""value"": ""1.0"", ""label"": ""Strongly agree""}, {""value"": ""2.0"", ""label"": ""Agree""}, {""value"": ""3.0"", ""label"": ""Disagree""}, {""value"": ""4.0"", ""label"": ""Strongly disagree""}]"
92,W7CareerYP0b,YP: Statements on current job - Current job is a stepping stone providing experience,numeric,NOMINAL,-999.0 thru -1.0,"[{""value"": ""-92.0"", ""label"": ""Refused""}, {""value"": ""-91.0"", ""label"": ""Not applicable""}, {""value"": ""-1.0"", ""label"": ""Don't know""}, {""value"": ""1.0"", ""label"": ""Strongly agree""}, {""value"": ""2.0"", ""label"": ""Agree""}, {""value"": ""3.0"", ""label"": ""Disagree""}, {""value"": ""4.0"", ""label"": ""Strongly disagree""}]"
93,W7CareerYP0c,YP: Statements on current job - There are no promotion prospects,numeric,NOMINAL,-999.0 thru -1.0,"[{""value"": ""-92.0"", ""label"": ""Refused""}, {""value"": ""-91.0"", ""label"": ""Not applicable""}, {""value"": ""-1.0"", ""label"": ""Don't know""}, {""value"": ""1.0"", ""label"": ""Strongly agree""}, {""value"": ""2.0"", ""label"": ""Agree""}, {""value"": ""3.0"", ""label"": ""Disagree""}, {""value"": ""4.0"", ""label"": ""Strongly disagree""}]"
94,W7CareerYP0d,YP: Statements on current job - I am pleased with promotion prospects,numeric,NOMINAL,-999.0 thru -1.0,"[{""value"": ""-92.0"", ""label"": ""Refused""}, {""value"": ""-91.0"", ""label"": ""Not applicable""}, {""value"": ""-1.0"", ""label"": ""Don't know""}, {""value"": ""1.0"", ""label"": ""Strongly agree""}, {""value"": ""2.0"", ""label"": ""Agree""}, {""value"": ""3.0"", ""label"": ""Disagree""}, {""value"": ""4.0"", ""label"": ""Strongly disagree""}]"
95,W7CareerYP0e,YP: Statements on current job - My job makes me feel worthwhile,numeric,NOMINAL,-999.0 thru -1.0,"[{""value"": ""-92.0"", ""label"": ""Refused""}, {""value"": ""-91.0"", ""label"": ""Not applicable""}, {""value"": ""-1.0"", ""label"": ""Don't know""}, {""value"": ""1.0"", ""label"": ""Strongly agree""}, {""value"": ""2.0"", ""label"": ""Agree""}, {""value"": ""3.0"", ""label"": ""Disagree""}, {""value"": ""4.0"", ""label"": ""Strongly disagree""}]"
96,W7CareerYP0f,YP: Statements on current job - My job is interesting,numeric,NOMINAL,-999.0 thru -1.0,"[{""value"": ""-92.0"", ""label"": ""Refused""}, {""value"": ""-91.0"", ""label"": ""Not applicable""}, {""value"": ""-1.0"", ""label"": ""Don't know""}, {""value"": ""1.0"", ""label"": ""Strongly agree""}, {""value"": ""2.0"", ""label"": ""Agree""}, {""value"": ""3.0"", ""label"": ""Disagree""}, {""value"": ""4.0"", ""label"": ""Strongly disagree""}]"
97,W7CareerYP0g,YP: Statements on current job - My job makes a contribution to society,numeric,NOMINAL,-999.0 thru -1.0,"[{""value"": ""-92.0"", ""label"": ""Refused""}, {""value"": ""-91.0"", ""label"": ""Not applicable""}, {""value"": ""-1.0"", ""label"": ""Don't know""}, {""value"": ""1.0"", ""label"": ""Strongly agree""}, {""value"": ""2.0"", ""label"": ""Agree""}, {""value"": ""3.0"", ""label"": ""Disagree""}, {""value"": ""4.0"", ""label"": ""Strongly disagree""}]"
98,W7CareerYP0h,YP: Statements on current job - I am satisfied with pay,numeric,NOMINAL,-999.0 thru -1.0,"[{""value"": ""-92.0"", ""label"": ""Refused""}, {""value"": ""-91.0"", ""label"": ""Not applicable""}, {""value"": ""-1.0"", ""label"": ""Don't know""}, {""value"": ""1.0"", ""label"": ""Strongly agree""}, {""value"": ""2.0"", ""label"": ""Agree""}, {""value"": ""3.0"", ""label"": ""Disagree""}, {""value"": ""4.0"", ""label"": ""Strongly disagree""}]"
99,W7CareerYP0i,YP: Statements on current job - I get on with colleagues,numeric,NOMINAL,-999.0 thru -1.0,"[{""value"": ""-92.0"", ""label"": ""Refused""}, {""value"": ""-91.0"", ""label"": ""Not applicable""}, {""value"": ""-1.0"", ""label"": ""Don't know""}, {""value"": ""1.0"", ""label"": ""Strongly agree""}, {""value"": ""2.0"", ""label"": ""Agree""}, {""value"": ""3.0"", ""label"": ""Disagree""}, {""value"": ""4.0"", ""label"": ""Strongly disagree""}]"
100,W7CareerYP0j,YP: Statements on current job - I get on with boss,numeric,NOMINAL,-999.0 thru -1.0,"[{""value"": ""-92.0"", ""label"": ""Refused""}, {""value"": ""-91.0"", ""label"": ""Not applicable""}, {""value"": ""-1.0"", ""label"": ""Don't know""}, {""value"": ""1.0"", ""label"": ""Strongly agree""}, {""value"": ""2.0"", ""label"": ""Agree""}, {""value"": ""3.0"", ""label"": ""Disagree""}, {""value"": ""4.0"", ""label"": ""Strongly disagree""}]"
101,W7CareerYP0k,YP: Statements on current job - My job is secure,numeric,NOMINAL,-999.0 thru -1.0,"[{""value"": ""-92.0"", ""label"": ""Refused""}, {""value"": ""-91.0"", ""label"": ""Not applicable""}, {""value"": ""-1.0"", ""label"": ""Don't know""}, {""value"": ""1.0"", ""label"": ""Strongly agree""}, {""value"": ""2.0"", ""label"": ""Agree""}, {""value"": ""3.0"", ""label"": ""Disagree""}, {""value"": ""4.0"", ""label"": ""Strongly disagree""}]"
102,W7CareerYP0l,YP: Statements on current job - I see my present job as a way to supplement my income whilst I study/train,numeric,NOMINAL,-999.0 thru -1.0,"[{""value"": ""-92.0"", ""label"": ""Refused""}, {""value"": ""-91.0"", ""label"": ""Not applicable""}, {""value"": ""-1.0"", ""label"": ""Don't know""}, {""value"": ""1.0"", ""label"": ""Strongly agree""}, {""value"": ""2.0"", ""label"": ""Agree""}, {""value"": ""3.0"", ""label"": ""Disagree""}, {""value"": ""4.0"", ""label"": ""Strongly disagree""}]"
103,W7CareerYP0m,YP: Statements on current job - Need more qualifications before can have the job I really want,numeric,NOMINAL,-999.0 thru -1.0,"[{""value"": ""-92.0"", ""label"": ""Refused""}, {""value"": ""-91.0"", ""label"": ""Not applicable""}, {""value"": ""-1.0"", ""label"": ""Don't know""}, {""value"": ""1.0"", ""label"": ""Strongly agree""}, {""value"": ""2.0"", ""label"": ""Agree""}, {""value"": ""3.0"", ""label"": ""Disagree""}, {""value"": ""4.0"", ""label"": ""Strongly disagree""}]"
104,W7WhetraiYP,YP: Whether know how to go about getting the qualifications or training needed to get the job they want,numeric,NOMINAL,-999.0 thru -1.0,"[{""value"": ""-92.0"", ""label"": ""Refused""}, {""value"": ""-91.0"", ""label"": ""Not applicable""}, {""value"": ""-1.0"", ""label"": ""Don't know""}, {""value"": ""1.0"", ""label"": ""Yes""}, {""value"": ""2.0"", ""label"": ""No""}]"
105,W7LeavEmpYP,YP: Likelihood of leaving employer over next year,numeric,NOMINAL,-999.0 thru -1.0,"[{""value"": ""-92.0"", ""label"": ""Refused""}, {""value"": ""-91.0"", ""label"": ""Not applicable""}, {""value"": ""-1.0"", ""label"": ""Don't know""}, {""value"": ""1.0"", ""label"": ""Very likely""}, {""value"": ""2.0"", ""label"": ""Quite likely""}, {""value"": ""3.0"", ""label"": ""Not very likely""}, {""value"": ""4.0"", ""label"": ""Not at all likely""}]"
106,W7WhyLeavYP0a,YP: Reason likely to leave employer in next year - To find another job,numeric,NOMINAL,-999.0 thru -1.0,"[{""value"": ""-92.0"", ""label"": ""Refused""}, {""value"": ""-91.0"", ""label"": ""Not applicable""}, {""value"": ""-1.0"", ""label"": ""Don't know""}, {""value"": ""0.0"", ""label"": ""Not mentioned""}, {""value"": ""1.0"", ""label"": ""Mentioned""}]"
107,W7WhyLeavYP0b,YP: Reason likely to leave employer in next year - Contract of employment will expire,numeric,NOMINAL,-999.0 thru -1.0,"[{""value"": ""-92.0"", ""label"": ""Refused""}, {""value"": ""-91.0"", ""label"": ""Not applicable""}, {""value"": ""-1.0"", ""label"": ""Don't know""}, {""value"": ""0.0"", ""label"": ""Not mentioned""}, {""value"": ""1.0"", ""label"": ""Mentioned""}]"
108,W7WhyLeavYP0c,YP: Reason likely to leave employer in next year - Made redundant/firm is closing down,numeric,NOMINAL,-999.0 thru -1.0,"[{""value"": ""-92.0"", ""label"": ""Refused""}, {""value"": ""-91.0"", ""label"": ""Not applicable""}, {""value"": ""-1.0"", ""label"": ""Don't know""}, {""value"": ""0.0"", ""label"": ""Not mentioned""}, {""value"": ""1.0"", ""label"": ""Mentioned""}]"
109,W7WhyLeavYP0d,YP: Reason likely to leave employer in next year - To start own business,numeric,NOMINAL,-999.0 thru -1.0,"[{""value"": ""-92.0"", ""label"": ""Refused""}, {""value"": ""-91.0"", ""label"": ""Not applicable""}, {""value"": ""-1.0"", ""label"": ""Don't know""}, {""value"": ""0.0"", ""label"": ""Not mentioned""}, {""value"": ""1.0"", ""label"": ""Mentioned""}]"
110,W7WhyLeavYP0e,YP: Reason likely to leave employer in next year - To have children,numeric,NOMINAL,-999.0 thru -1.0,"[{""value"": ""-92.0"", ""label"": ""Refused""}, {""value"": ""-91.0"", ""label"": ""Not applicable""}, {""value"": ""-1.0"", ""label"": ""Don't know""}, {""value"": ""0.0"", ""label"": ""Not mentioned""}, {""value"": ""1.0"", ""label"": ""Mentioned""}]"
111,W7WhyLeavYP0f,YP: Reason likely to leave employer in next year - To return to education,numeric,NOMINAL,-999.0 thru -1.0,"[{""value"": ""-92.0"", ""label"": ""Refused""}, {""value"": ""-91.0"", ""label"": ""Not applicable""}, {""value"": ""-1.0"", ""label"": ""Don't know""}, {""value"": ""0.0"", ""label"": ""Not mentioned""}, {""value"": ""1.0"", ""label"": ""Mentioned""}]"
112,W7WhyLeavYP0g,YP: Reason likely to leave employer in next year - Other,numeric,NOMINAL,-999.0 thru -1.0,"[{""value"": ""-92.0"", ""label"": ""Refused""}, {""value"": ""-91.0"", ""label"": ""Not applicable""}, {""value"": ""-1.0"", ""label"": ""Don't know""}, {""value"": ""0.0"", ""label"": ""Not mentioned""}, {""value"": ""1.0"", ""label"": ""Mentioned""}]"
113,W7TothrsYP,YP: Total working hours in all jobs,numeric,SCALE,-999.0 thru -1.0,"[{""value"": ""-92.0"", ""label"": ""Refused""}, {""value"": ""-91.0"", ""label"": ""Not applicable""}, {""value"": ""-1.0"", ""label"": ""Don't know""}]"
114,W7TothrschkYP,YP: Check on total working hours,numeric,NOMINAL,-999.0 thru -1.0,"[{""value"": ""-91.0"", ""label"": ""Not applicable""}, {""value"": ""1.0"", ""label"": ""Yes""}, {""value"": ""2.0"", ""label"": ""No""}]"
115,W7TotPayYP,YP: Total weekly take home pay from all jobs,numeric,SCALE,-999.0 thru -1.0,"[{""value"": ""-92.0"", ""label"": ""Refused""}, {""value"": ""-91.0"", ""label"": ""Not applicable""}, {""value"": ""-1.0"", ""label"": ""Don't know""}]"
116,W7TotPayChkYP,YP: Check on total weekly take home pay,numeric,NOMINAL,-999.0 thru -1.0,"[{""value"": ""-91.0"", ""label"": ""Not applicable""}, {""value"": ""1.0"", ""label"": ""Yes""}, {""value"": ""2.0"", ""label"": ""No""}]"
117,W7ExamChkYP,YP: Whether doing any courses which lead to qualifications since Sept 2009 (if study is not current activity),numeric,NOMINAL,-999.0 thru -1.0,"[{""value"": ""-91.0"", ""label"": ""Not applicable""}, {""value"": ""-1.0"", ""label"": ""Don't know""}, {""value"": ""1.0"", ""label"": ""Yes""}, {""value"": ""2.0"", ""label"": ""No""}]"
118,W7AcademicYP0a,YP: Whether studying academic qualifications - A Levels,numeric,NOMINAL,-999.0 thru -1.0,"[{""value"": ""-91.0"", ""label"": ""Not applicable""}, {""value"": ""-1.0"", ""label"": ""Don't know""}, {""value"": ""0.0"", ""label"": ""Not mentioned""}, {""value"": ""1.0"", ""label"": ""Mentioned""}]"
119,W7AcademicYP0b,YP: Whether studying academic qualifications - AS Levels,numeric,NOMINAL,-999.0 thru -1.0,"[{""value"": ""-91.0"", ""label"": ""Not applicable""}, {""value"": ""-1.0"", ""label"": ""Don't know""}, {""value"": ""0.0"", ""label"": ""Not mentioned""}, {""value"": ""1.0"", ""label"": ""Mentioned""}]"
120,W7AcademicYP0c,YP: Whether studying academic qualifications - Applied A Levels or GCEs,numeric,NOMINAL,-999.0 thru -1.0,"[{""value"": ""-91.0"", ""label"": ""Not applicable""}, {""value"": ""-1.0"", ""label"": ""Don't know""}, {""value"": ""0.0"", ""label"": ""Not mentioned""}, {""value"": ""1.0"", ""label"": ""Mentioned""}]"
121,W7AcademicYP0d,YP: Whether studying academic qualifications - GCSE,numeric,NOMINAL,-999.0 thru -1.0,"[{""value"": ""-91.0"", ""label"": ""Not applicable""}, {""value"": ""-1.0"", ""label"": ""Don't know""}, {""value"": ""0.0"", ""label"": ""Not mentioned""}, {""value"": ""1.0"", ""label"": ""Mentioned""}]"
122,W7AlevNoYP,YP: Number of A Levels/A2 Levels studying for,numeric,SCALE,-999.0 thru -1.0,"[{""value"": ""-91.0"", ""label"": ""Not applicable""}, {""value"": ""-1.0"", ""label"": ""Don't know""}]"
123,W7ASNoYP,YP: Number of AS Levels studying for,numeric,SCALE,-999.0 thru -1.0,"[{""value"": ""-91.0"", ""label"": ""Not applicable""}, {""value"": ""-1.0"", ""label"": ""Don't know""}]"
124,W7AVCENoYP,YP: Number of Applied A Levels or GCEs in Applied subjects studying for,numeric,SCALE,-999.0 thru -1.0,"[{""value"": ""-91.0"", ""label"": ""Not applicable""}, {""value"": ""-1.0"", ""label"": ""Don't know""}]"
125,W7AVCEUniYP0a,YP: Sort of AVCE studied for - First,numeric,NOMINAL,-999.0 thru -1.0,"[{""value"": ""-91.0"", ""label"": ""Not applicable""}, {""value"": ""-1.0"", ""label"": ""Don't know""}, {""value"": ""1.0"", ""label"": ""AS level or 3 units""}, {""value"": ""2.0"", ""label"": ""A level or 6 units""}, {""value"": ""3.0"", ""label"": ""Double award or 12 units""}]"
126,W7AVCEUniYP0b,YP: Sort of AVCE studied for - Second,numeric,NOMINAL,-999.0 thru -1.0,"[{""value"": ""-91.0"", ""label"": ""Not applicable""}, {""value"": ""-1.0"", ""label"": ""Don't know""}, {""value"": ""1.0"", ""label"": ""AS level or 3 units""}, {""value"": ""2.0"", ""label"": ""A level or 6 units""}, {""value"": ""3.0"", ""label"": ""Double award or 12 units""}]"
127,W7AVCEUniYP0c,YP: Sort of AVCE studied for - Third,numeric,NOMINAL,-999.0 thru -1.0,"[{""value"": ""-91.0"", ""label"": ""Not applicable""}, {""value"": ""-1.0"", ""label"": ""Don't know""}, {""value"": ""1.0"", ""label"": ""AS level or 3 units""}, {""value"": ""2.0"", ""label"": ""A level or 6 units""}, {""value"": ""3.0"", ""label"": ""Double award or 12 units""}]"
128,W7GCSENoYP,YP: Number of GCSEs studying for since September 2009,numeric,SCALE,-999.0 thru -1.0,"[{""value"": ""-91.0"", ""label"": ""Not applicable""}, {""value"": ""-1.0"", ""label"": ""Don't know""}]"
129,W7OthQchk1YP,YP: Whether studying for any other qualifications (1),numeric,NOMINAL,-999.0 thru -1.0,"[{""value"": ""-91.0"", ""label"": ""Not applicable""}, {""value"": ""-1.0"", ""label"": ""Don't know""}, {""value"": ""1.0"", ""label"": ""Yes""}, {""value"": ""2.0"", ""label"": ""No""}]"
130,W7VocationalYP0a,YP: Whether studying vocational qualifications - 'Key Skills' qualification,numeric,NOMINAL,-999.0 thru -1.0,"[{""value"": ""-91.0"", ""label"": ""Not applicable""}, {""value"": ""-1.0"", ""label"": ""Don't know""}, {""value"": ""0.0"", ""label"": ""Not mentioned""}, {""value"": ""1.0"", ""label"": ""Mentioned""}]"
131,W7VocationalYP0b,YP: Whether studying vocational qualifications - 'Basic Skills' qualification,numeric,NOMINAL,-999.0 thru -1.0,"[{""value"": ""-91.0"", ""label"": ""Not applicable""}, {""value"": ""-1.0"", ""label"": ""Don't know""}, {""value"": ""0.0"", ""label"": ""Not mentioned""}, {""value"": ""1.0"", ""label"": ""Mentioned""}]"
132,W7Vocational2YP0a,YP: Whether studying vocational qualifications - NVQs,numeric,NOMINAL,-999.0 thru -1.0,"[{""value"": ""-91.0"", ""label"": ""Not applicable""}, {""value"": ""-1.0"", ""label"": ""Don't know""}, {""value"": ""0.0"", ""label"": ""Not mentioned""}, {""value"": ""1.0"", ""label"": ""Mentioned""}]"
133,W7Vocational2YP0b,"YP: Whether studying vocational qualifications - Edexcel, BTEC or LQL",numeric,NOMINAL,-999.0 thru -1.0,"[{""value"": ""-91.0"", ""label"": ""Not applicable""}, {""value"": ""-1.0"", ""label"": ""Don't know""}, {""value"": ""0.0"", ""label"": ""Not mentioned""}, {""value"": ""1.0"", ""label"": ""Mentioned""}]"
134,W7Vocational2YP0c,YP: Whether studying vocational qualifications - OCR,numeric,NOMINAL,-999.0 thru -1.0,"[{""value"": ""-91.0"", ""label"": ""Not applicable""}, {""value"": ""-1.0"", ""label"": ""Don't know""}, {""value"": ""0.0"", ""label"": ""Not mentioned""}, {""value"": ""1.0"", ""label"": ""Mentioned""}]"
135,W7Vocational2YP0d,YP: Whether studying vocational qualifications - City and Guilds,numeric,NOMINAL,-999.0 thru -1.0,"[{""value"": ""-91.0"", ""label"": ""Not applicable""}, {""value"": ""-1.0"", ""label"": ""Don't know""}, {""value"": ""0.0"", ""label"": ""Not mentioned""}, {""value"": ""1.0"", ""label"": ""Mentioned""}]"
136,W7BasicSkillYP0a,YP: Which Basic Skills studied for - Literacy,numeric,NOMINAL,-999.0 thru -1.0,"[{""value"": ""-91.0"", ""label"": ""Not applicable""}, {""value"": ""-1.0"", ""label"": ""Don't know""}, {""value"": ""0.0"", ""label"": ""Not mentioned""}, {""value"": ""1.0"", ""label"": ""Mentioned""}]"
137,W7BasicSkillYP0b,YP: Which Basic Skills studied for - Languages/ ESOL (English for Speakers of Other Languages),numeric,NOMINAL,-999.0 thru -1.0,"[{""value"": ""-91.0"", ""label"": ""Not applicable""}, {""value"": ""-1.0"", ""label"": ""Don't know""}, {""value"": ""0.0"", ""label"": ""Not mentioned""}, {""value"": ""1.0"", ""label"": ""Mentioned""}]"
138,W7BasicSkillYP0c,YP: Which Basic Skills studied for - Numeracy,numeric,NOMINAL,-999.0 thru -1.0,"[{""value"": ""-91.0"", ""label"": ""Not applicable""}, {""value"": ""-1.0"", ""label"": ""Don't know""}, {""value"": ""0.0"", ""label"": ""Not mentioned""}, {""value"": ""1.0"", ""label"": ""Mentioned""}]"
139,W7KeySkillYP0a,YP: Key Skills studied for - Communication,numeric,NOMINAL,-999.0 thru -1.0,"[{""value"": ""-91.0"", ""label"": ""Not applicable""}, {""value"": ""-1.0"", ""label"": ""Don't know""}, {""value"": ""0.0"", ""label"": ""Not mentioned""}, {""value"": ""1.0"", ""label"": ""Mentioned""}]"
140,W7KeySkillYP0b,YP: Key Skills studied for - Application of Number,numeric,NOMINAL,-999.0 thru -1.0,"[{""value"": ""-91.0"", ""label"": ""Not applicable""}, {""value"": ""-1.0"", ""label"": ""Don't know""}, {""value"": ""0.0"", ""label"": ""Not mentioned""}, {""value"": ""1.0"", ""label"": ""Mentioned""}]"
141,W7KeySkillYP0c,YP: Key Skills studied for - Information Technology (IT),numeric,NOMINAL,-999.0 thru -1.0,"[{""value"": ""-91.0"", ""label"": ""Not applicable""}, {""value"": ""-1.0"", ""label"": ""Don't know""}, {""value"": ""0.0"", ""label"": ""Not mentioned""}, {""value"": ""1.0"", ""label"": ""Mentioned""}]"
142,W7KeySkillYP0d,YP: Key Skills studied for - Working with Others,numeric,NOMINAL,-999.0 thru -1.0,"[{""value"": ""-91.0"", ""label"": ""Not applicable""}, {""value"": ""-1.0"", ""label"": ""Don't know""}, {""value"": ""0.0"", ""label"": ""Not mentioned""}, {""value"": ""1.0"", ""label"": ""Mentioned""}]"
143,W7KeySkillYP0e,YP: Key Skills studied for - Improving own Learning and Performance,numeric,NOMINAL,-999.0 thru -1.0,"[{""value"": ""-91.0"", ""label"": ""Not applicable""}, {""value"": ""-1.0"", ""label"": ""Don't know""}, {""value"": ""0.0"", ""label"": ""Not mentioned""}, {""value"": ""1.0"", ""label"": ""Mentioned""}]"
144,W7KeySkillYP0f,YP: Key Skills studied for - Problem Solving,numeric,NOMINAL,-999.0 thru -1.0,"[{""value"": ""-91.0"", ""label"": ""Not applicable""}, {""value"": ""-1.0"", ""label"": ""Don't know""}, {""value"": ""0.0"", ""label"": ""Not mentioned""}, {""value"": ""1.0"", ""label"": ""Mentioned""}]"
145,W7KSLevYP0a,YP: Key Skill level - Communication,numeric,NOMINAL,-999.0 thru -1.0,"[{""value"": ""-91.0"", ""label"": ""Not applicable""}, {""value"": ""-1.0"", ""label"": ""Don't know""}, {""value"": ""1.0"", ""label"": ""Level 1""}, {""value"": ""2.0"", ""label"": ""Level 2""}, {""value"": ""3.0"", ""label"": ""Level 3""}]"
146,W7KSLevYP0b,YP: Key Skill level - Application of Number,numeric,NOMINAL,-999.0 thru -1.0,"[{""value"": ""-91.0"", ""label"": ""Not applicable""}, {""value"": ""-1.0"", ""label"": ""Don't know""}, {""value"": ""1.0"", ""label"": ""Level 1""}, {""value"": ""2.0"", ""label"": ""Level 2""}, {""value"": ""3.0"", ""label"": ""Level 3""}]"
147,W7KSLevYP0c,YP: Key Skill level - Information Technology (IT),numeric,NOMINAL,-999.0 thru -1.0,"[{""value"": ""-91.0"", ""label"": ""Not applicable""}, {""value"": ""-1.0"", ""label"": ""Don't know""}, {""value"": ""1.0"", ""label"": ""Level 1""}, {""value"": ""2.0"", ""label"": ""Level 2""}, {""value"": ""3.0"", ""label"": ""Level 3""}]"
148,W7KSLevYP0d,YP: Key Skill level - Working with Others,numeric,NOMINAL,-999.0 thru -1.0,"[{""value"": ""-91.0"", ""label"": ""Not applicable""}, {""value"": ""-1.0"", ""label"": ""Don't know""}, {""value"": ""1.0"", ""label"": ""Level 1""}, {""value"": ""2.0"", ""label"": ""Level 2""}, {""value"": ""3.0"", ""label"": ""Level 3""}]"
149,W7KSLevYP0e,YP: Key Skill level - Improving own Learning and Performance,numeric,NOMINAL,-999.0 thru -1.0,"[{""value"": ""-91.0"", ""label"": ""Not applicable""}, {""value"": ""-1.0"", ""label"": ""Don't know""}, {""value"": ""1.0"", ""label"": ""Level 1""}, {""value"": ""2.0"", ""label"": ""Level 2""}, {""value"": ""3.0"", ""label"": ""Level 3""}]"
150,W7KSLevYP0f,YP: Key Skill level - Problem Solving,numeric,NOMINAL,-999.0 thru -1.0,"[{""value"": ""-91.0"", ""label"": ""Not applicable""}, {""value"": ""-1.0"", ""label"": ""Don't know""}, {""value"": ""1.0"", ""label"": ""Level 1""}, {""value"": ""2.0"", ""label"": ""Level 2""}, {""value"": ""3.0"", ""label"": ""Level 3""}]"
151,W7NVQNoYP,YP: Number of NVQs studying for,numeric,SCALE,-999.0 thru -1.0,"[{""value"": ""-91.0"", ""label"": ""Not applicable""}, {""value"": ""-1.0"", ""label"": ""Don't know""}]"
152,W7NVQFullYP0a,YP: Whether studying for full award NVQ or certain units only - First,numeric,NOMINAL,-999.0 thru -1.0,"[{""value"": ""-91.0"", ""label"": ""Not applicable""}, {""value"": ""-1.0"", ""label"": ""Don't know""}, {""value"": ""1.0"", ""label"": ""Full award""}, {""value"": ""2.0"", ""label"": ""Certain units only""}]"
153,W7NVQFullYP0b,YP: Whether studying for full award NVQ or certain units only - Second,numeric,NOMINAL,-999.0 thru -1.0,"[{""value"": ""-91.0"", ""label"": ""Not applicable""}, {""value"": ""-1.0"", ""label"": ""Don't know""}, {""value"": ""1.0"", ""label"": ""Full award""}, {""value"": ""2.0"", ""label"": ""Certain units only""}]"
154,W7NVQFullYP0c,YP: Whether studying for full award NVQ or certain units only - Third,numeric,NOMINAL,-999.0 thru -1.0,"[{""value"": ""-91.0"", ""label"": ""Not applicable""}, {""value"": ""-1.0"", ""label"": ""Don't know""}, {""value"": ""1.0"", ""label"": ""Full award""}, {""value"": ""2.0"", ""label"": ""Certain units only""}]"
155,W7NVQSubYP0a,YP: Main subject studying in this NVQ - First,numeric,NOMINAL,-999.0 thru -1.0,"[{""value"": ""-91.0"", ""label"": ""Not applicable""}, {""value"": ""-1.0"", ""label"": ""Don't know""}, {""value"": ""1.0"", ""label"": ""Business""}, {""value"": ""2.0"", ""label"": ""Beauty therapy""}, {""value"": ""3.0"", ""label"": ""Catering Services""}, {""value"": ""4.0"", ""label"": ""Child care services""}, {""value"": ""5.0"", ""label"": ""Engineering""}, {""value"": ""6.0"", ""label"": ""IT""}, {""value"": ""7.0"", ""label"": ""Vehicle maintenance/repair""}, {""value"": ""8.0"", ""label"": ""Accountancy""}, {""value"": ""9.0"", ""label"": ""Animal care""}, {""value"": ""10.0"", ""label"": ""Bricklaying""}, {""value"": ""11.0"", ""label"": ""Carpentry & joinery""}, {""value"": ""12.0"", ""label"": ""Construction""}, {""value"": ""13.0"", ""label"": ""Customer service""}, {""value"": ""14.0"", ""label"": ""Electronics/electrical engineering""}, {""value"": ""15.0"", ""label"": ""English""}, {""value"": ""16.0"", ""label"": ""Sports and recreation""}, {""value"": ""17.0"", ""label"": ""Hairdressing""}, {""value"": ""18.0"", ""label"": ""Health & social care""}, {""value"": ""19.0"", ""label"": ""Maths""}, {""value"": ""20.0"", ""label"": ""Painting & decorating""}, {""value"": ""21.0"", ""label"": ""Plumbing""}, {""value"": ""22.0"", ""label"": ""Public service""}, {""value"": ""23.0"", ""label"": ""Travel and tourism""}, {""value"": ""24.0"", ""label"": ""Horse care/management""}, {""value"": ""25.0"", ""label"": ""Retail""}, {""value"": ""26.0"", ""label"": ""No Answer""}, {""value"": ""27.0"", ""label"": ""Other""}]"
156,W7NVQSubYP0b,YP: Main subject studying in this NVQ - Second,numeric,NOMINAL,-999.0 thru -1.0,"[{""value"": ""-91.0"", ""label"": ""Not applicable""}, {""value"": ""-1.0"", ""label"": ""Don't know""}, {""value"": ""1.0"", ""label"": ""Business""}, {""value"": ""2.0"", ""label"": ""Beauty therapy""}, {""value"": ""3.0"", ""label"": ""Catering Services""}, {""value"": ""4.0"", ""label"": ""Child care services""}, {""value"": ""5.0"", ""label"": ""Engineering""}, {""value"": ""6.0"", ""label"": ""IT""}, {""value"": ""7.0"", ""label"": ""Vehicle maintenance/repair""}, {""value"": ""8.0"", ""label"": ""Accountancy""}, {""value"": ""9.0"", ""label"": ""Animal care""}, {""value"": ""10.0"", ""label"": ""Bricklaying""}, {""value"": ""11.0"", ""label"": ""Carpentry & joinery""}, {""value"": ""12.0"", ""label"": ""Construction""}, {""value"": ""13.0"", ""label"": ""Customer service""}, {""value"": ""14.0"", ""label"": ""Electronics/electrical engineering""}, {""value"": ""15.0"", ""label"": ""English""}, {""value"": ""16.0"", ""label"": ""Sports and recreation""}, {""value"": ""17.0"", ""label"": ""Hairdressing""}, {""value"": ""18.0"", ""label"": ""Health & social care""}, {""value"": ""19.0"", ""label"": ""Maths""}, {""value"": ""20.0"", ""label"": ""Painting & decorating""}, {""value"": ""21.0"", ""label"": ""Plumbing""}, {""value"": ""22.0"", ""label"": ""Public service""}, {""value"": ""23.0"", ""label"": ""Travel and tourism""}, {""value"": ""24.0"", ""label"": ""Horse care/management""}, {""value"": ""25.0"", ""label"": ""Retail""}, {""value"": ""26.0"", ""label"": ""No Answer""}, {""value"": ""27.0"", ""label"": ""Other""}]"
157,W7NVQSubYP0c,YP: Main subject studying in this NVQ - Third,numeric,NOMINAL,-999.0 thru -1.0,"[{""value"": ""-91.0"", ""label"": ""Not applicable""}, {""value"": ""-1.0"", ""label"": ""Don't know""}, {""value"": ""1.0"", ""label"": ""Business""}, {""value"": ""2.0"", ""label"": ""Beauty therapy""}, {""value"": ""3.0"", ""label"": ""Catering Services""}, {""value"": ""4.0"", ""label"": ""Child care services""}, {""value"": ""5.0"", ""label"": ""Engineering""}, {""value"": ""6.0"", ""label"": ""IT""}, {""value"": ""7.0"", ""label"": ""Vehicle maintenance/repair""}, {""value"": ""8.0"", ""label"": ""Accountancy""}, {""value"": ""9.0"", ""label"": ""Animal care""}, {""value"": ""10.0"", ""label"": ""Bricklaying""}, {""value"": ""11.0"", ""label"": ""Carpentry & joinery""}, {""value"": ""12.0"", ""label"": ""Construction""}, {""value"": ""13.0"", ""label"": ""Customer service""}, {""value"": ""14.0"", ""label"": ""Electronics/electrical engineering""}, {""value"": ""15.0"", ""label"": ""English""}, {""value"": ""16.0"", ""label"": ""Sports and recreation""}, {""value"": ""17.0"", ""label"": ""Hairdressing""}, {""value"": ""18.0"", ""label"": ""Health & social care""}, {""value"": ""19.0"", ""label"": ""Maths""}, {""value"": ""20.0"", ""label"": ""Painting & decorating""}, {""value"": ""21.0"", ""label"": ""Plumbing""}, {""value"": ""22.0"", ""label"": ""Public service""}, {""value"": ""23.0"", ""label"": ""Travel and tourism""}, {""value"": ""24.0"", ""label"": ""Horse care/management""}, {""value"": ""25.0"", ""label"": ""Retail""}, {""value"": ""26.0"", ""label"": ""No Answer""}, {""value"": ""27.0"", ""label"": ""Other""}]"
158,W7NVQLevYP0a,YP: Level of NVQ - First,numeric,NOMINAL,-999.0 thru -1.0,"[{""value"": ""-91.0"", ""label"": ""Not applicable""}, {""value"": ""-1.0"", ""label"": ""Don't know""}, {""value"": ""1.0"", ""label"": ""Level 1""}, {""value"": ""2.0"", ""label"": ""Level 2""}, {""value"": ""3.0"", ""label"": ""Level 3""}, {""value"": ""4.0"", ""label"": ""Level 4""}, {""value"": ""5.0"", ""label"": ""Level 5""}]"
159,W7NVQLevYP0b,YP: Level of NVQ - Second,numeric,NOMINAL,-999.0 thru -1.0,"[{""value"": ""-91.0"", ""label"": ""Not applicable""}, {""value"": ""-1.0"", ""label"": ""Don't know""}, {""value"": ""1.0"", ""label"": ""Level 1""}, {""value"": ""2.0"", ""label"": ""Level 2""}, {""value"": ""3.0"", ""label"": ""Level 3""}, {""value"": ""4.0"", ""label"": ""Level 4""}, {""value"": ""5.0"", ""label"": ""Level 5""}]"
160,W7NVQLevYP0c,YP: Level of NVQ - Third,numeric,NOMINAL,-999.0 thru -1.0,"[{""value"": ""-91.0"", ""label"": ""Not applicable""}, {""value"": ""-1.0"", ""label"": ""Don't know""}, {""value"": ""1.0"", ""label"": ""Level 1""}, {""value"": ""2.0"", ""label"": ""Level 2""}, {""value"": ""3.0"", ""label"": ""Level 3""}, {""value"": ""4.0"", ""label"": ""Level 4""}, {""value"": ""5.0"", ""label"": ""Level 5""}]"
161,W7EdExNoYP,"YP: Number of Edexcel, BTEC, LQL qualifications studying for",numeric,SCALE,-999.0 thru -1.0,"[{""value"": ""-91.0"", ""label"": ""Not applicable""}, {""value"": ""-1.0"", ""label"": ""Don't know""}]"
162,W7EdExSubYP0a,"YP: Main subject studying in this Edexcel, BTEC or LQL qualification - First",numeric,NOMINAL,-999.0 thru -1.0,"[{""value"": ""-91.0"", ""label"": ""Not applicable""}, {""value"": ""-1.0"", ""label"": ""Don't know""}, {""value"": ""1.0"", ""label"": ""Animal care / management""}, {""value"": ""2.0"", ""label"": ""Art & design""}, {""value"": ""3.0"", ""label"": ""Beauty therapy""}, {""value"": ""4.0"", ""label"": ""Business (studies)""}, {""value"": ""5.0"", ""label"": ""Child care (early years)""}, {""value"": ""6.0"", ""label"": ""Construction""}, {""value"": ""7.0"", ""label"": ""Dance""}, {""value"": ""8.0"", ""label"": ""Drama""}, {""value"": ""9.0"", ""label"": ""Electrical engineering""}, {""value"": ""10.0"", ""label"": ""Engineering (no detail)""}, {""value"": ""11.0"", ""label"": ""English/english language/english literature""}, {""value"": ""12.0"", ""label"": ""Fashion (& clothing design)""}, {""value"": ""13.0"", ""label"": ""Forensic science""}, {""value"": ""14.0"", ""label"": ""Graphics""}, {""value"": ""15.0"", ""label"": ""Health and social care""}, {""value"": ""16.0"", ""label"": ""IT/ICT""}, {""value"": ""17.0"", ""label"": ""Maths""}, {""value"": ""18.0"", ""label"": ""Media (studies)""}, {""value"": ""19.0"", ""label"": ""Motor vehicles/motor sport""}, {""value"": ""20.0"", ""label"": ""Multimedia""}, {""value"": ""21.0"", ""label"": ""Music""}, {""value"": ""22.0"", ""label"": ""Performing arts""}, {""value"": ""23.0"", ""label"": ""Photography""}, {""value"": ""24.0"", ""label"": ""Public services""}, {""value"": ""25.0"", ""label"": ""(Applied) science""}, {""value"": ""26.0"", ""label"": ""Sports""}, {""value"": ""27.0"", ""label"": ""Travel & tourism""}, {""value"": ""28.0"", ""label"": ""Care (general)""}, {""value"": ""29.0"", ""label"": ""Performing Arts (Dance)""}, {""value"": ""30.0"", ""label"": ""No Answer""}, {""value"": ""31.0"", ""label"": ""Other""}]"
163,W7EdExSubYP0b,"YP: Main subject studying in this Edexcel, BTEC or LQL qualification - Second",numeric,NOMINAL,-999.0 thru -1.0,"[{""value"": ""-91.0"", ""label"": ""Not applicable""}, {""value"": ""-1.0"", ""label"": ""Don't know""}, {""value"": ""1.0"", ""label"": ""Animal care / management""}, {""value"": ""2.0"", ""label"": ""Art & design""}, {""value"": ""3.0"", ""label"": ""Beauty therapy""}, {""value"": ""4.0"", ""label"": ""Business (studies)""}, {""value"": ""5.0"", ""label"": ""Child care (early years)""}, {""value"": ""6.0"", ""label"": ""Construction""}, {""value"": ""7.0"", ""label"": ""Dance""}, {""value"": ""8.0"", ""label"": ""Drama""}, {""value"": ""9.0"", ""label"": ""Electrical engineering""}, {""value"": ""10.0"", ""label"": ""Engineering (no detail)""}, {""value"": ""11.0"", ""label"": ""English/english language/english literature""}, {""value"": ""12.0"", ""label"": ""Fashion (& clothing design)""}, {""value"": ""13.0"", ""label"": ""Forensic science""}, {""value"": ""14.0"", ""label"": ""Graphics""}, {""value"": ""15.0"", ""label"": ""Health and social care""}, {""value"": ""16.0"", ""label"": ""IT/ICT""}, {""value"": ""17.0"", ""label"": ""Maths""}, {""value"": ""18.0"", ""label"": ""Media (studies)""}, {""value"": ""19.0"", ""label"": ""Motor vehicles/motor sport""}, {""value"": ""20.0"", ""label"": ""Multimedia""}, {""value"": ""21.0"", ""label"": ""Music""}, {""value"": ""22.0"", ""label"": ""Performing arts""}, {""value"": ""23.0"", ""label"": ""Photography""}, {""value"": ""24.0"", ""label"": ""Public services""}, {""value"": ""25.0"", ""label"": ""(Applied) science""}, {""value"": ""26.0"", ""label"": ""Sports""}, {""value"": ""27.0"", ""label"": ""Travel & tourism""}, {""value"": ""28.0"", ""label"": ""Care (general)""}, {""value"": ""29.0"", ""label"": ""Performing Arts (Dance)""}, {""value"": ""30.0"", ""label"": ""No Answer""}, {""value"": ""31.0"", ""label"": ""Other""}]"
164,W7EdExSubYP0c,"YP: Main subject studying in this Edexcel, BTEC or LQL qualification - Third",numeric,NOMINAL,-999.0 thru -1.0,"[{""value"": ""-91.0"", ""label"": ""Not applicable""}, {""value"": ""-1.0"", ""label"": ""Don't know""}, {""value"": ""1.0"", ""label"": ""Animal care / management""}, {""value"": ""2.0"", ""label"": ""Art & design""}, {""value"": ""3.0"", ""label"": ""Beauty therapy""}, {""value"": ""4.0"", ""label"": ""Business (studies)""}, {""value"": ""5.0"", ""label"": ""Child care (early years)""}, {""value"": ""6.0"", ""label"": ""Construction""}, {""value"": ""7.0"", ""label"": ""Dance""}, {""value"": ""8.0"", ""label"": ""Drama""}, {""value"": ""9.0"", ""label"": ""Electrical engineering""}, {""value"": ""10.0"", ""label"": ""Engineering (no detail)""}, {""value"": ""11.0"", ""label"": ""English/english language/english literature""}, {""value"": ""12.0"", ""label"": ""Fashion (& clothing design)""}, {""value"": ""13.0"", ""label"": ""Forensic science""}, {""value"": ""14.0"", ""label"": ""Graphics""}, {""value"": ""15.0"", ""label"": ""Health and social care""}, {""value"": ""16.0"", ""label"": ""IT/ICT""}, {""value"": ""17.0"", ""label"": ""Maths""}, {""value"": ""18.0"", ""label"": ""Media (studies)""}, {""value"": ""19.0"", ""label"": ""Motor vehicles/motor sport""}, {""value"": ""20.0"", ""label"": ""Multimedia""}, {""value"": ""21.0"", ""label"": ""Music""}, {""value"": ""22.0"", ""label"": ""Performing arts""}, {""value"": ""23.0"", ""label"": ""Photography""}, {""value"": ""24.0"", ""label"": ""Public services""}, {""value"": ""25.0"", ""label"": ""(Applied) science""}, {""value"": ""26.0"", ""label"": ""Sports""}, {""value"": ""27.0"", ""label"": ""Travel & tourism""}, {""value"": ""28.0"", ""label"": ""Care (general)""}, {""value"": ""29.0"", ""label"": ""Performing Arts (Dance)""}, {""value"": ""30.0"", ""label"": ""No Answer""}, {""value"": ""31.0"", ""label"": ""Other""}]"
165,W7EdExSubYP0d,"YP: Main subject studying in this Edexcel, BTEC or LQL qualification - Fourth",numeric,NOMINAL,-999.0 thru -1.0,"[{""value"": ""-91.0"", ""label"": ""Not applicable""}, {""value"": ""-1.0"", ""label"": ""Don't know""}, {""value"": ""1.0"", ""label"": ""Animal care / management""}, {""value"": ""2.0"", ""label"": ""Art & design""}, {""value"": ""3.0"", ""label"": ""Beauty therapy""}, {""value"": ""4.0"", ""label"": ""Business (studies)""}, {""value"": ""5.0"", ""label"": ""Child care (early years)""}, {""value"": ""6.0"", ""label"": ""Construction""}, {""value"": ""7.0"", ""label"": ""Dance""}, {""value"": ""8.0"", ""label"": ""Drama""}, {""value"": ""9.0"", ""label"": ""Electrical engineering""}, {""value"": ""10.0"", ""label"": ""Engineering (no detail)""}, {""value"": ""11.0"", ""label"": ""English/english language/english literature""}, {""value"": ""12.0"", ""label"": ""Fashion (& clothing design)""}, {""value"": ""13.0"", ""label"": ""Forensic science""}, {""value"": ""14.0"", ""label"": ""Graphics""}, {""value"": ""15.0"", ""label"": ""Health and social care""}, {""value"": ""16.0"", ""label"": ""IT/ICT""}, {""value"": ""17.0"", ""label"": ""Maths""}, {""value"": ""18.0"", ""label"": ""Media (studies)""}, {""value"": ""19.0"", ""label"": ""Motor vehicles/motor sport""}, {""value"": ""20.0"", ""label"": ""Multimedia""}, {""value"": ""21.0"", ""label"": ""Music""}, {""value"": ""22.0"", ""label"": ""Performing arts""}, {""value"": ""23.0"", ""label"": ""Photography""}, {""value"": ""24.0"", ""label"": ""Public services""}, {""value"": ""25.0"", ""label"": ""(Applied) science""}, {""value"": ""26.0"", ""label"": ""Sports""}, {""value"": ""27.0"", ""label"": ""Travel & tourism""}, {""value"": ""28.0"", ""label"": ""Care (general)""}, {""value"": ""29.0"", ""label"": ""Performing Arts (Dance)""}, {""value"": ""30.0"", ""label"": ""No Answer""}, {""value"": ""31.0"", ""label"": ""Other""}]"
166,W7EdExLevelYP0a,"YP: Level of Edexcel, BTEC or LQL qualification - First",numeric,NOMINAL,-999.0 thru -1.0,"[{""value"": ""-91.0"", ""label"": ""Not applicable""}, {""value"": ""-1.0"", ""label"": ""Don't know""}, {""value"": ""1.0"", ""label"": ""First Certificate""}, {""value"": ""2.0"", ""label"": ""First or General Diploma""}, {""value"": ""3.0"", ""label"": ""National Certificate or Diploma""}, {""value"": ""4.0"", ""label"": ""Other Edexcel, BTEC or LQL""}]"
167,W7EdExLevelYP0b,"YP: Level of Edexcel, BTEC or LQL qualification - Second",numeric,NOMINAL,-999.0 thru -1.0,"[{""value"": ""-91.0"", ""label"": ""Not applicable""}, {""value"": ""-1.0"", ""label"": ""Don't know""}, {""value"": ""1.0"", ""label"": ""First Certificate""}, {""value"": ""2.0"", ""label"": ""First or General Diploma""}, {""value"": ""3.0"", ""label"": ""National Certificate or Diploma""}, {""value"": ""4.0"", ""label"": ""Other Edexcel, BTEC or LQL""}]"
168,W7EdExLevelYP0c,"YP: Level of Edexcel, BTEC or LQL qualification - Third",numeric,NOMINAL,-999.0 thru -1.0,"[{""value"": ""-91.0"", ""label"": ""Not applicable""}, {""value"": ""-1.0"", ""label"": ""Don't know""}, {""value"": ""1.0"", ""label"": ""First Certificate""}, {""value"": ""2.0"", ""label"": ""First or General Diploma""}, {""value"": ""3.0"", ""label"": ""National Certificate or Diploma""}, {""value"": ""4.0"", ""label"": ""Other Edexcel, BTEC or LQL""}]"
169,W7EdExLevelYP0d,"YP: Level of Edexcel, BTEC or LQL qualification - Fourth",numeric,NOMINAL,-999.0 thru -1.0,"[{""value"": ""-91.0"", ""label"": ""Not applicable""}, {""value"": ""-1.0"", ""label"": ""Don't know""}, {""value"": ""1.0"", ""label"": ""First Certificate""}, {""value"": ""2.0"", ""label"": ""First or General Diploma""}, {""value"": ""3.0"", ""label"": ""National Certificate or Diploma""}, {""value"": ""4.0"", ""label"": ""Other Edexcel, BTEC or LQL""}]"
170,W7EdExEqYP0a,"YP: NVQ equivalent level of Edexcel, BTEC or LQL - First",numeric,NOMINAL,-999.0 thru -1.0,"[{""value"": ""-91.0"", ""label"": ""Not applicable""}, {""value"": ""-1.0"", ""label"": ""Don't know""}, {""value"": ""1.0"", ""label"": ""Level 1""}, {""value"": ""2.0"", ""label"": ""Level 2""}, {""value"": ""3.0"", ""label"": ""Level 3""}]"
171,W7EdExEqYP0b,"YP: NVQ equivalent level of Edexcel, BTEC or LQL - Second",numeric,NOMINAL,-999.0 thru -1.0,"[{""value"": ""-91.0"", ""label"": ""Not applicable""}, {""value"": ""-1.0"", ""label"": ""Don't know""}, {""value"": ""1.0"", ""label"": ""Level 1""}, {""value"": ""2.0"", ""label"": ""Level 2""}, {""value"": ""3.0"", ""label"": ""Level 3""}]"
172,W7OCRNoYP,YP: Number of OCR qualifications studying for,numeric,SCALE,-999.0 thru -1.0,"[{""value"": ""-91.0"", ""label"": ""Not applicable""}, {""value"": ""-1.0"", ""label"": ""Don't know""}]"
173,W7OCRSubYP0a,YP: Main subject studying in this OCR qualification - First,numeric,NOMINAL,-999.0 thru -1.0,"[{""value"": ""-91.0"", ""label"": ""Not applicable""}, {""value"": ""-1.0"", ""label"": ""Don't know""}, {""value"": ""1.0"", ""label"": ""Adult learning""}, {""value"": ""2.0"", ""label"": ""Any language""}, {""value"": ""3.0"", ""label"": ""Business (studies)""}, {""value"": ""4.0"", ""label"": ""Childcare""}, {""value"": ""5.0"", ""label"": ""Clait""}, {""value"": ""6.0"", ""label"": ""Electrics""}, {""value"": ""7.0"", ""label"": ""English""}, {""value"": ""8.0"", ""label"": ""IT/ICT""}, {""value"": ""9.0"", ""label"": ""Maths""}, {""value"": ""10.0"", ""label"": ""Media""}, {""value"": ""11.0"", ""label"": ""Science""}, {""value"": ""12.0"", ""label"": ""Health and social care""}, {""value"": ""13.0"", ""label"": ""Sports""}, {""value"": ""14.0"", ""label"": ""Health and Safety""}, {""value"": ""15.0"", ""label"": ""Art and Design""}, {""value"": ""16.0"", ""label"": ""History""}, {""value"": ""17.0"", ""label"": ""Typing/word processing""}, {""value"": ""18.0"", ""label"": ""No Answer""}, {""value"": ""19.0"", ""label"": ""Other""}]"
174,W7OCRSubYP0b,YP: Main subject studying in this OCR qualification - Second,numeric,NOMINAL,-999.0 thru -1.0,"[{""value"": ""-91.0"", ""label"": ""Not applicable""}, {""value"": ""-1.0"", ""label"": ""Don't know""}, {""value"": ""1.0"", ""label"": ""Adult learning""}, {""value"": ""2.0"", ""label"": ""Any language""}, {""value"": ""3.0"", ""label"": ""Business (studies)""}, {""value"": ""4.0"", ""label"": ""Childcare""}, {""value"": ""5.0"", ""label"": ""Clait""}, {""value"": ""6.0"", ""label"": ""Electrics""}, {""value"": ""7.0"", ""label"": ""English""}, {""value"": ""8.0"", ""label"": ""IT/ICT""}, {""value"": ""9.0"", ""label"": ""Maths""}, {""value"": ""10.0"", ""label"": ""Media""}, {""value"": ""11.0"", ""label"": ""Science""}, {""value"": ""12.0"", ""label"": ""Health and social care""}, {""value"": ""13.0"", ""label"": ""Sports""}, {""value"": ""14.0"", ""label"": ""Health and Safety""}, {""value"": ""15.0"", ""label"": ""Art and Design""}, {""value"": ""16.0"", ""label"": ""History""}, {""value"": ""17.0"", ""label"": ""Typing/word processing""}, {""value"": ""18.0"", ""label"": ""No Answer""}, {""value"": ""19.0"", ""label"": ""Other""}]"
175,W7OCRSubYP0c,YP: Main subject studying in this OCR qualification - Third,numeric,NOMINAL,-999.0 thru -1.0,"[{""value"": ""-91.0"", ""label"": ""Not applicable""}, {""value"": ""-1.0"", ""label"": ""Don't know""}, {""value"": ""1.0"", ""label"": ""Adult learning""}, {""value"": ""2.0"", ""label"": ""Any language""}, {""value"": ""3.0"", ""label"": ""Business (studies)""}, {""value"": ""4.0"", ""label"": ""Childcare""}, {""value"": ""5.0"", ""label"": ""Clait""}, {""value"": ""6.0"", ""label"": ""Electrics""}, {""value"": ""7.0"", ""label"": ""English""}, {""value"": ""8.0"", ""label"": ""IT/ICT""}, {""value"": ""9.0"", ""label"": ""Maths""}, {""value"": ""10.0"", ""label"": ""Media""}, {""value"": ""11.0"", ""label"": ""Science""}, {""value"": ""12.0"", ""label"": ""Health and social care""}, {""value"": ""13.0"", ""label"": ""Sports""}, {""value"": ""14.0"", ""label"": ""Health and Safety""}, {""value"": ""15.0"", ""label"": ""Art and Design""}, {""value"": ""16.0"", ""label"": ""History""}, {""value"": ""17.0"", ""label"": ""Typing/word processing""}, {""value"": ""18.0"", ""label"": ""No Answer""}, {""value"": ""19.0"", ""label"": ""Other""}]"
176,W7OCRSubYP0d,YP: Main subject studying in this OCR qualification - Fourth,numeric,NOMINAL,-999.0 thru -1.0,"[{""value"": ""-91.0"", ""label"": ""Not applicable""}, {""value"": ""-1.0"", ""label"": ""Don't know""}, {""value"": ""1.0"", ""label"": ""Adult learning""}, {""value"": ""2.0"", ""label"": ""Any language""}, {""value"": ""3.0"", ""label"": ""Business (studies)""}, {""value"": ""4.0"", ""label"": ""Childcare""}, {""value"": ""5.0"", ""label"": ""Clait""}, {""value"": ""6.0"", ""label"": ""Electrics""}, {""value"": ""7.0"", ""label"": ""English""}, {""value"": ""8.0"", ""label"": ""IT/ICT""}, {""value"": ""9.0"", ""label"": ""Maths""}, {""value"": ""10.0"", ""label"": ""Media""}, {""value"": ""11.0"", ""label"": ""Science""}, {""value"": ""12.0"", ""label"": ""Health and social care""}, {""value"": ""13.0"", ""label"": ""Sports""}, {""value"": ""14.0"", ""label"": ""Health and Safety""}, {""value"": ""15.0"", ""label"": ""Art and Design""}, {""value"": ""16.0"", ""label"": ""History""}, {""value"": ""17.0"", ""label"": ""Typing/word processing""}, {""value"": ""18.0"", ""label"": ""No Answer""}, {""value"": ""19.0"", ""label"": ""Other""}]"
177,W7OCRLevelYP0a,YP: Level of OCR qualification - First,numeric,NOMINAL,-999.0 thru -1.0,"[{""value"": ""-91.0"", ""label"": ""Not applicable""}, {""value"": ""-1.0"", ""label"": ""Don't know""}, {""value"": ""1.0"", ""label"": ""Certificate""}, {""value"": ""2.0"", ""label"": ""First Diploma""}, {""value"": ""3.0"", ""label"": ""Advanced Diploma""}, {""value"": ""4.0"", ""label"": ""Another type of OCR qualification""}]"
178,W7OCRLevelYP0b,YP: Level of OCR qualification - Second,numeric,NOMINAL,-999.0 thru -1.0,"[{""value"": ""-91.0"", ""label"": ""Not applicable""}, {""value"": ""-1.0"", ""label"": ""Don't know""}, {""value"": ""1.0"", ""label"": ""Certificate""}, {""value"": ""2.0"", ""label"": ""First Diploma""}, {""value"": ""3.0"", ""label"": ""Advanced Diploma""}, {""value"": ""4.0"", ""label"": ""Another type of OCR qualification""}]"
179,W7OCRLevelYP0c,YP: Level of OCR qualification - Third,numeric,NOMINAL,-999.0 thru -1.0,"[{""value"": ""-91.0"", ""label"": ""Not applicable""}, {""value"": ""-1.0"", ""label"": ""Don't know""}, {""value"": ""1.0"", ""label"": ""Certificate""}, {""value"": ""2.0"", ""label"": ""First Diploma""}, {""value"": ""3.0"", ""label"": ""Advanced Diploma""}, {""value"": ""4.0"", ""label"": ""Another type of OCR qualification""}]"
180,W7OCRLevelYP0d,YP: Level of OCR qualification - Fourth,numeric,NOMINAL,-999.0 thru -1.0,"[{""value"": ""-91.0"", ""label"": ""Not applicable""}, {""value"": ""-1.0"", ""label"": ""Don't know""}, {""value"": ""1.0"", ""label"": ""Certificate""}, {""value"": ""2.0"", ""label"": ""First Diploma""}, {""value"": ""3.0"", ""label"": ""Advanced Diploma""}, {""value"": ""4.0"", ""label"": ""Another type of OCR qualification""}]"
181,W7OCREqYP0a,YP: NVQ equivalent of OCR qualification - First,numeric,NOMINAL,-999.0 thru -1.0,"[{""value"": ""-91.0"", ""label"": ""Not applicable""}, {""value"": ""-1.0"", ""label"": ""Don't know""}, {""value"": ""1.0"", ""label"": ""Level 1""}, {""value"": ""2.0"", ""label"": ""Level 2""}, {""value"": ""3.0"", ""label"": ""Level 3""}]"
182,W7OCREqYP0b,YP: NVQ equivalent of OCR qualification - Second,numeric,NOMINAL,-999.0 thru -1.0,"[{""value"": ""-91.0"", ""label"": ""Not applicable""}, {""value"": ""-1.0"", ""label"": ""Don't know""}, {""value"": ""1.0"", ""label"": ""Level 1""}, {""value"": ""2.0"", ""label"": ""Level 2""}, {""value"": ""3.0"", ""label"": ""Level 3""}]"
183,W7OCREqYP0c,YP: NVQ equivalent of OCR qualification - Third,numeric,NOMINAL,-999.0 thru -1.0,"[{""value"": ""-91.0"", ""label"": ""Not applicable""}, {""value"": ""-1.0"", ""label"": ""Don't know""}, {""value"": ""1.0"", ""label"": ""Level 1""}, {""value"": ""2.0"", ""label"": ""Level 2""}, {""value"": ""3.0"", ""label"": ""Level 3""}]"
184,W7OCREqYP0d,YP: NVQ equivalent of OCR qualification - Fourth,numeric,NOMINAL,-999.0 thru -1.0,"[{""value"": ""-91.0"", ""label"": ""Not applicable""}, {""value"": ""-1.0"", ""label"": ""Don't know""}, {""value"": ""1.0"", ""label"": ""Level 1""}, {""value"": ""2.0"", ""label"": ""Level 2""}, {""value"": ""3.0"", ""label"": ""Level 3""}]"
185,W7CityNoYP,YP: Number of City and Guilds studying for,numeric,SCALE,-999.0 thru -1.0,"[{""value"": ""-91.0"", ""label"": ""Not applicable""}, {""value"": ""-1.0"", ""label"": ""Don't know""}]"
186,W7CitySubYP0a,YP: Main subject studying in this City and Guilds qualification - First,numeric,NOMINAL,-999.0 thru -1.0,"[{""value"": ""-91.0"", ""label"": ""Not applicable""}, {""value"": ""-1.0"", ""label"": ""Don't know""}, {""value"": ""1.0"", ""label"": ""Application of numbers""}, {""value"": ""2.0"", ""label"": ""Beauty therapy""}, {""value"": ""3.0"", ""label"": ""Bricklaying""}, {""value"": ""4.0"", ""label"": ""Business (studies)""}, {""value"": ""5.0"", ""label"": ""Carpentry and joinery""}, {""value"": ""6.0"", ""label"": ""Car mechanic / vehicle repair""}, {""value"": ""7.0"", ""label"": ""Catering""}, {""value"": ""8.0"", ""label"": ""Childcare""}, {""value"": ""9.0"", ""label"": ""Communication""}, {""value"": ""10.0"", ""label"": ""Construction""}, {""value"": ""11.0"", ""label"": ""Electrical installation/electronics""}, {""value"": ""12.0"", ""label"": ""Engineering (general)""}, {""value"": ""13.0"", ""label"": ""English""}, {""value"": ""14.0"", ""label"": ""Hairdressing""}, {""value"": ""15.0"", ""label"": ""Health and safety""}, {""value"": ""16.0"", ""label"": ""IT/ICT""}, {""value"": ""17.0"", ""label"": ""Literacy""}, {""value"": ""18.0"", ""label"": ""Maths""}, {""value"": ""19.0"", ""label"": ""Mechanics (no detail)""}, {""value"": ""20.0"", ""label"": ""Mechanical engineering""}, {""value"": ""21.0"", ""label"": ""Painting and decorating""}, {""value"": ""22.0"", ""label"": ""Plumbing""}, {""value"": ""23.0"", ""label"": ""Welding""}, {""value"": ""24.0"", ""label"": ""Customer service""}, {""value"": ""25.0"", ""label"": ""Health and social care""}, {""value"": ""26.0"", ""label"": ""Other""}]"
187,W7CitySubYP0b,YP: Main subject studying in this City and Guilds qualification - Second,numeric,NOMINAL,-999.0 thru -1.0,"[{""value"": ""-91.0"", ""label"": ""Not applicable""}, {""value"": ""-1.0"", ""label"": ""Don't know""}, {""value"": ""1.0"", ""label"": ""Application of numbers""}, {""value"": ""2.0"", ""label"": ""Beauty therapy""}, {""value"": ""3.0"", ""label"": ""Bricklaying""}, {""value"": ""4.0"", ""label"": ""Business (studies)""}, {""value"": ""5.0"", ""label"": ""Carpentry and joinery""}, {""value"": ""6.0"", ""label"": ""Car mechanic / vehicle repair""}, {""value"": ""7.0"", ""label"": ""Catering""}, {""value"": ""8.0"", ""label"": ""Childcare""}, {""value"": ""9.0"", ""label"": ""Communication""}, {""value"": ""10.0"", ""label"": ""Construction""}, {""value"": ""11.0"", ""label"": ""Electrical installation/electronics""}, {""value"": ""12.0"", ""label"": ""Engineering (general)""}, {""value"": ""13.0"", ""label"": ""English""}, {""value"": ""14.0"", ""label"": ""Hairdressing""}, {""value"": ""15.0"", ""label"": ""Health and safety""}, {""value"": ""16.0"", ""label"": ""IT/ICT""}, {""value"": ""17.0"", ""label"": ""Literacy""}, {""value"": ""18.0"", ""label"": ""Maths""}, {""value"": ""19.0"", ""label"": ""Mechanics (no detail)""}, {""value"": ""20.0"", ""label"": ""Mechanical engineering""}, {""value"": ""21.0"", ""label"": ""Painting and decorating""}, {""value"": ""22.0"", ""label"": ""Plumbing""}, {""value"": ""23.0"", ""label"": ""Welding""}, {""value"": ""24.0"", ""label"": ""Customer service""}, {""value"": ""25.0"", ""label"": ""Health and social care""}, {""value"": ""26.0"", ""label"": ""Other""}]"
188,W7CitySubYP0c,YP: Main subject studying in this City and Guilds qualification - Third,numeric,NOMINAL,-999.0 thru -1.0,"[{""value"": ""-91.0"", ""label"": ""Not applicable""}, {""value"": ""-1.0"", ""label"": ""Don't know""}, {""value"": ""1.0"", ""label"": ""Application of numbers""}, {""value"": ""2.0"", ""label"": ""Beauty therapy""}, {""value"": ""3.0"", ""label"": ""Bricklaying""}, {""value"": ""4.0"", ""label"": ""Business (studies)""}, {""value"": ""5.0"", ""label"": ""Carpentry and joinery""}, {""value"": ""6.0"", ""label"": ""Car mechanic / vehicle repair""}, {""value"": ""7.0"", ""label"": ""Catering""}, {""value"": ""8.0"", ""label"": ""Childcare""}, {""value"": ""9.0"", ""label"": ""Communication""}, {""value"": ""10.0"", ""label"": ""Construction""}, {""value"": ""11.0"", ""label"": ""Electrical installation/electronics""}, {""value"": ""12.0"", ""label"": ""Engineering (general)""}, {""value"": ""13.0"", ""label"": ""English""}, {""value"": ""14.0"", ""label"": ""Hairdressing""}, {""value"": ""15.0"", ""label"": ""Health and safety""}, {""value"": ""16.0"", ""label"": ""IT/ICT""}, {""value"": ""17.0"", ""label"": ""Literacy""}, {""value"": ""18.0"", ""label"": ""Maths""}, {""value"": ""19.0"", ""label"": ""Mechanics (no detail)""}, {""value"": ""20.0"", ""label"": ""Mechanical engineering""}, {""value"": ""21.0"", ""label"": ""Painting and decorating""}, {""value"": ""22.0"", ""label"": ""Plumbing""}, {""value"": ""23.0"", ""label"": ""Welding""}, {""value"": ""24.0"", ""label"": ""Customer service""}, {""value"": ""25.0"", ""label"": ""Health and social care""}, {""value"": ""26.0"", ""label"": ""Other""}]"
189,W7CitySubYP0d,YP: Main subject studying in this City and Guilds qualification - Fourth,numeric,NOMINAL,-999.0 thru -1.0,"[{""value"": ""-91.0"", ""label"": ""Not applicable""}, {""value"": ""-1.0"", ""label"": ""Don't know""}, {""value"": ""1.0"", ""label"": ""Application of numbers""}, {""value"": ""2.0"", ""label"": ""Beauty therapy""}, {""value"": ""3.0"", ""label"": ""Bricklaying""}, {""value"": ""4.0"", ""label"": ""Business (studies)""}, {""value"": ""5.0"", ""label"": ""Carpentry and joinery""}, {""value"": ""6.0"", ""label"": ""Car mechanic / vehicle repair""}, {""value"": ""7.0"", ""label"": ""Catering""}, {""value"": ""8.0"", ""label"": ""Childcare""}, {""value"": ""9.0"", ""label"": ""Communication""}, {""value"": ""10.0"", ""label"": ""Construction""}, {""value"": ""11.0"", ""label"": ""Electrical installation/electronics""}, {""value"": ""12.0"", ""label"": ""Engineering (general)""}, {""value"": ""13.0"", ""label"": ""English""}, {""value"": ""14.0"", ""label"": ""Hairdressing""}, {""value"": ""15.0"", ""label"": ""Health and safety""}, {""value"": ""16.0"", ""label"": ""IT/ICT""}, {""value"": ""17.0"", ""label"": ""Literacy""}, {""value"": ""18.0"", ""label"": ""Maths""}, {""value"": ""19.0"", ""label"": ""Mechanics (no detail)""}, {""value"": ""20.0"", ""label"": ""Mechanical engineering""}, {""value"": ""21.0"", ""label"": ""Painting and decorating""}, {""value"": ""22.0"", ""label"": ""Plumbing""}, {""value"": ""23.0"", ""label"": ""Welding""}, {""value"": ""24.0"", ""label"": ""Customer service""}, {""value"": ""25.0"", ""label"": ""Health and social care""}, {""value"": ""26.0"", ""label"": ""Other""}]"
190,W7CityLevelYP0a,YP: Level of City and Guilds qualification - First,numeric,NOMINAL,-999.0 thru -1.0,"[{""value"": ""-91.0"", ""label"": ""Not applicable""}, {""value"": ""-1.0"", ""label"": ""Don't know""}, {""value"": ""1.0"", ""label"": ""Level 1 or Part 1""}, {""value"": ""2.0"", ""label"": ""Level 2, Part 2, Craft or Intermediate""}, {""value"": ""3.0"", ""label"": ""Level 3, Part 3 or Final/ Advanced Craft""}, {""value"": ""4.0"", ""label"": ""Another type of City and Guilds""}]"
191,W7CityLevelYP0b,YP: Level of City and Guilds qualification - Second,numeric,NOMINAL,-999.0 thru -1.0,"[{""value"": ""-91.0"", ""label"": ""Not applicable""}, {""value"": ""-1.0"", ""label"": ""Don't know""}, {""value"": ""1.0"", ""label"": ""Level 1 or Part 1""}, {""value"": ""2.0"", ""label"": ""Level 2, Part 2, Craft or Intermediate""}, {""value"": ""3.0"", ""label"": ""Level 3, Part 3 or Final/ Advanced Craft""}, {""value"": ""4.0"", ""label"": ""Another type of City and Guilds""}]"
192,W7CityLevelYP0c,YP: Level of City and Guilds qualification - Third,numeric,NOMINAL,-999.0 thru -1.0,"[{""value"": ""-91.0"", ""label"": ""Not applicable""}, {""value"": ""-1.0"", ""label"": ""Don't know""}, {""value"": ""1.0"", ""label"": ""Level 1 or Part 1""}, {""value"": ""2.0"", ""label"": ""Level 2, Part 2, Craft or Intermediate""}, {""value"": ""3.0"", ""label"": ""Level 3, Part 3 or Final/ Advanced Craft""}, {""value"": ""4.0"", ""label"": ""Another type of City and Guilds""}]"
193,W7CityLevelYP0d,YP: Level of City and Guilds qualification - Fourth,numeric,NOMINAL,-999.0 thru -1.0,"[{""value"": ""-91.0"", ""label"": ""Not applicable""}, {""value"": ""-1.0"", ""label"": ""Don't know""}, {""value"": ""1.0"", ""label"": ""Level 1 or Part 1""}, {""value"": ""2.0"", ""label"": ""Level 2, Part 2, Craft or Intermediate""}, {""value"": ""3.0"", ""label"": ""Level 3, Part 3 or Final/ Advanced Craft""}, {""value"": ""4.0"", ""label"": ""Another type of City and Guilds""}]"
194,W7CityEqYP0a,YP: NVQ equivalent of City and Guilds qualification - First,numeric,NOMINAL,-999.0 thru -1.0,"[{""value"": ""-91.0"", ""label"": ""Not applicable""}, {""value"": ""-1.0"", ""label"": ""Don't know""}, {""value"": ""1.0"", ""label"": ""Level 1""}, {""value"": ""2.0"", ""label"": ""Level 2""}, {""value"": ""3.0"", ""label"": ""Level 3""}]"
195,W7CityEqYP0b,YP: NVQ equivalent of City and Guilds qualification - Second,numeric,NOMINAL,-999.0 thru -1.0,"[{""value"": ""-91.0"", ""label"": ""Not applicable""}, {""value"": ""-1.0"", ""label"": ""Don't know""}, {""value"": ""1.0"", ""label"": ""Level 1""}, {""value"": ""2.0"", ""label"": ""Level 2""}, {""value"": ""3.0"", ""label"": ""Level 3""}]"
196,W7CityEqYP0c,YP: NVQ equivalent of City and Guilds qualification - Third,numeric,NOMINAL,-999.0 thru -1.0,"[{""value"": ""-91.0"", ""label"": ""Not applicable""}, {""value"": ""-1.0"", ""label"": ""Don't know""}, {""value"": ""1.0"", ""label"": ""Level 1""}, {""value"": ""2.0"", ""label"": ""Level 2""}, {""value"": ""3.0"", ""label"": ""Level 3""}]"
197,W7CityEqYP0d,YP: NVQ equivalent of City and Guilds qualification - Fourth,numeric,NOMINAL,-999.0 thru -1.0,"[{""value"": ""-91.0"", ""label"": ""Not applicable""}, {""value"": ""-1.0"", ""label"": ""Don't know""}, {""value"": ""1.0"", ""label"": ""Level 1""}, {""value"": ""2.0"", ""label"": ""Level 2""}, {""value"": ""3.0"", ""label"": ""Level 3""}]"
198,W7OthQchk2YP,YP: Whether studying for any other qualifications (2),numeric,NOMINAL,-999.0 thru -1.0,"[{""value"": ""-91.0"", ""label"": ""Not applicable""}, {""value"": ""-1.0"", ""label"": ""Don't know""}, {""value"": ""1.0"", ""label"": ""Yes""}, {""value"": ""2.0"", ""label"": ""No""}]"
199,W7HEQual1YP0a,YP: Whether studying higher education qualifications (not stated elsewhere) - Degree,numeric,NOMINAL,-999.0 thru -1.0,"[{""value"": ""-91.0"", ""label"": ""Not applicable""}, {""value"": ""-1.0"", ""label"": ""Don't know""}, {""value"": ""0.0"", ""label"": ""Not mentioned""}, {""value"": ""1.0"", ""label"": ""Mentioned""}]"
200,W7HEQual1YP0b,YP: Whether studying higher education qualifications (not stated elsewhere) - Foundation Degree,numeric,NOMINAL,-999.0 thru -1.0,"[{""value"": ""-91.0"", ""label"": ""Not applicable""}, {""value"": ""-1.0"", ""label"": ""Don't know""}, {""value"": ""0.0"", ""label"": ""Not mentioned""}, {""value"": ""1.0"", ""label"": ""Mentioned""}]"
201,W7HEQual1YP0c,YP: Whether studying higher education qualifications (not stated elsewhere) - Teacher Training,numeric,NOMINAL,-999.0 thru -1.0,"[{""value"": ""-91.0"", ""label"": ""Not applicable""}, {""value"": ""-1.0"", ""label"": ""Don't know""}, {""value"": ""0.0"", ""label"": ""Not mentioned""}, {""value"": ""1.0"", ""label"": ""Mentioned""}]"
202,W7HEQual1YP0d,YP: Whether studying higher education qualifications (not stated elsewhere) - Diploma in Higher Education,numeric,NOMINAL,-999.0 thru -1.0,"[{""value"": ""-91.0"", ""label"": ""Not applicable""}, {""value"": ""-1.0"", ""label"": ""Don't know""}, {""value"": ""0.0"", ""label"": ""Not mentioned""}, {""value"": ""1.0"", ""label"": ""Mentioned""}]"
203,W7HEQual1YP0e,YP: Whether studying higher education qualifications (not stated elsewhere) - HND,numeric,NOMINAL,-999.0 thru -1.0,"[{""value"": ""-91.0"", ""label"": ""Not applicable""}, {""value"": ""-1.0"", ""label"": ""Don't know""}, {""value"": ""0.0"", ""label"": ""Not mentioned""}, {""value"": ""1.0"", ""label"": ""Mentioned""}]"
204,W7HEQual1YP0f,YP: Whether studying higher education qualifications (not stated elsewhere) - HNC,numeric,NOMINAL,-999.0 thru -1.0,"[{""value"": ""-91.0"", ""label"": ""Not applicable""}, {""value"": ""-1.0"", ""label"": ""Don't know""}, {""value"": ""0.0"", ""label"": ""Not mentioned""}, {""value"": ""1.0"", ""label"": ""Mentioned""}]"
205,W7HEQual1YP0g,YP: Whether studying higher education qualifications (not stated elsewhere) - RSA or OCR Higher Diploma,numeric,NOMINAL,-999.0 thru -1.0,"[{""value"": ""-91.0"", ""label"": ""Not applicable""}, {""value"": ""-1.0"", ""label"": ""Don't know""}, {""value"": ""0.0"", ""label"": ""Not mentioned""}, {""value"": ""1.0"", ""label"": ""Mentioned""}]"
206,W7HEQual1YP0h,YP: Whether studying higher education qualifications (not stated elsewhere) - Certificate in Higher Education,numeric,NOMINAL,-999.0 thru -1.0,"[{""value"": ""-91.0"", ""label"": ""Not applicable""}, {""value"": ""-1.0"", ""label"": ""Don't know""}, {""value"": ""0.0"", ""label"": ""Not mentioned""}, {""value"": ""1.0"", ""label"": ""Mentioned""}]"
207,W7OthQchk3YP,YP: Whether studying for any other qualifications (3),numeric,NOMINAL,-999.0 thru -1.0,"[{""value"": ""-91.0"", ""label"": ""Not applicable""}, {""value"": ""-1.0"", ""label"": ""Don't know""}, {""value"": ""1.0"", ""label"": ""Yes""}, {""value"": ""2.0"", ""label"": ""No""}]"
208,W7QualChkYP,YP: Check whether have been studying for any qualifications at all,numeric,NOMINAL,-999.0 thru -1.0,"[{""value"": ""-91.0"", ""label"": ""Not applicable""}, {""value"": ""1.0"", ""label"": ""Yes""}, {""value"": ""2.0"", ""label"": ""No""}]"
209,W7OtherNoYP,YP: Number of other qualifications studied for,numeric,SCALE,-999.0 thru -1.0,"[{""value"": ""-91.0"", ""label"": ""Not applicable""}, {""value"": ""-1.0"", ""label"": ""Don't know""}]"
210,W7OtherTypYP0a,YP: Type of other qualification - First,numeric,NOMINAL,-999.0 thru -1.0,"[{""value"": ""-91.0"", ""label"": ""Not Applicable""}, {""value"": ""-1.0"", ""label"": ""Don't Know""}, {""value"": ""1.0"", ""label"": ""International Baccalaureate""}, {""value"": ""2.0"", ""label"": ""A Level""}, {""value"": ""3.0"", ""label"": ""AS Level""}, {""value"": ""4.0"", ""label"": ""BTEC""}, {""value"": ""5.0"", ""label"": ""City & Guilds""}, {""value"": ""6.0"", ""label"": ""Diploma""}, {""value"": ""7.0"", ""label"": ""GCSE""}, {""value"": ""8.0"", ""label"": ""GNVQ""}, {""value"": ""9.0"", ""label"": ""Key Skills""}, {""value"": ""10.0"", ""label"": ""NVQ""}, {""value"": ""11.0"", ""label"": ""NCR""}, {""value"": ""12.0"", ""label"": ""NSA""}, {""value"": ""13.0"", ""label"": ""Music / Instrument Grade / Standard""}, {""value"": ""14.0"", ""label"": ""ICT""}, {""value"": ""15.0"", ""label"": ""Duke of Edinburgh""}, {""value"": ""16.0"", ""label"": ""First Aid""}, {""value"": ""17.0"", ""label"": ""Basic Skills""}, {""value"": ""18.0"", ""label"": ""CSLA""}, {""value"": ""19.0"", ""label"": ""ASDAN""}, {""value"": ""20.0"", ""label"": ""ECDL""}, {""value"": ""21.0"", ""label"": ""Any Coaching Qualification (include any mention of coaching)""}, {""value"": ""22.0"", ""label"": ""CLAIT""}, {""value"": ""23.0"", ""label"": ""HNC""}, {""value"": ""24.0"", ""label"": ""ABRSM""}, {""value"": ""25.0"", ""label"": ""No Answer""}, {""value"": ""26.0"", ""label"": ""Other Answers""}]"
211,W7OtherTypYP0b,YP: Type of other qualification - Second,numeric,NOMINAL,-999.0 thru -1.0,"[{""value"": ""-91.0"", ""label"": ""Not Applicable""}, {""value"": ""-1.0"", ""label"": ""Don't Know""}, {""value"": ""1.0"", ""label"": ""International Baccalaureate""}, {""value"": ""2.0"", ""label"": ""A Level""}, {""value"": ""3.0"", ""label"": ""AS Level""}, {""value"": ""4.0"", ""label"": ""BTEC""}, {""value"": ""5.0"", ""label"": ""City & Guilds""}, {""value"": ""6.0"", ""label"": ""Diploma""}, {""value"": ""7.0"", ""label"": ""GCSE""}, {""value"": ""8.0"", ""label"": ""GNVQ""}, {""value"": ""9.0"", ""label"": ""Key Skills""}, {""value"": ""10.0"", ""label"": ""NVQ""}, {""value"": ""11.0"", ""label"": ""NCR""}, {""value"": ""12.0"", ""label"": ""NSA""}, {""value"": ""13.0"", ""label"": ""Music / Instrument Grade / Standard""}, {""value"": ""14.0"", ""label"": ""ICT""}, {""value"": ""15.0"", ""label"": ""Duke of Edinburgh""}, {""value"": ""16.0"", ""label"": ""First Aid""}, {""value"": ""17.0"", ""label"": ""Basic Skills""}, {""value"": ""18.0"", ""label"": ""CSLA""}, {""value"": ""19.0"", ""label"": ""ASDAN""}, {""value"": ""20.0"", ""label"": ""ECDL""}, {""value"": ""21.0"", ""label"": ""Any Coaching Qualification (include any mention of coaching)""}, {""value"": ""22.0"", ""label"": ""CLAIT""}, {""value"": ""23.0"", ""label"": ""HNC""}, {""value"": ""24.0"", ""label"": ""ABRSM""}, {""value"": ""25.0"", ""label"": ""No Answer""}, {""value"": ""26.0"", ""label"": ""Other Answers""}]"
212,W7OtherTypYP0c,YP: Type of other qualification - Third,numeric,NOMINAL,-999.0 thru -1.0,"[{""value"": ""-91.0"", ""label"": ""Not Applicable""}, {""value"": ""-1.0"", ""label"": ""Don't Know""}, {""value"": ""1.0"", ""label"": ""International Baccalaureate""}, {""value"": ""2.0"", ""label"": ""A Level""}, {""value"": ""3.0"", ""label"": ""AS Level""}, {""value"": ""4.0"", ""label"": ""BTEC""}, {""value"": ""5.0"", ""label"": ""City & Guilds""}, {""value"": ""6.0"", ""label"": ""Diploma""}, {""value"": ""7.0"", ""label"": ""GCSE""}, {""value"": ""8.0"", ""label"": ""GNVQ""}, {""value"": ""9.0"", ""label"": ""Key Skills""}, {""value"": ""10.0"", ""label"": ""NVQ""}, {""value"": ""11.0"", ""label"": ""NCR""}, {""value"": ""12.0"", ""label"": ""NSA""}, {""value"": ""13.0"", ""label"": ""Music / Instrument Grade / Standard""}, {""value"": ""14.0"", ""label"": ""ICT""}, {""value"": ""15.0"", ""label"": ""Duke of Edinburgh""}, {""value"": ""16.0"", ""label"": ""First Aid""}, {""value"": ""17.0"", ""label"": ""Basic Skills""}, {""value"": ""18.0"", ""label"": ""CSLA""}, {""value"": ""19.0"", ""label"": ""ASDAN""}, {""value"": ""20.0"", ""label"": ""ECDL""}, {""value"": ""21.0"", ""label"": ""Any Coaching Qualification (include any mention of coaching)""}, {""value"": ""22.0"", ""label"": ""CLAIT""}, {""value"": ""23.0"", ""label"": ""HNC""}, {""value"": ""24.0"", ""label"": ""ABRSM""}, {""value"": ""25.0"", ""label"": ""No Answer""}, {""value"": ""26.0"", ""label"": ""Other Answers""}]"
213,W7OtherTypYP0d,YP: Type of other qualification - Fourth,numeric,NOMINAL,-999.0 thru -1.0,"[{""value"": ""-91.0"", ""label"": ""Not Applicable""}, {""value"": ""-1.0"", ""label"": ""Don't Know""}, {""value"": ""1.0"", ""label"": ""International Baccalaureate""}, {""value"": ""2.0"", ""label"": ""A Level""}, {""value"": ""3.0"", ""label"": ""AS Level""}, {""value"": ""4.0"", ""label"": ""BTEC""}, {""value"": ""5.0"", ""label"": ""City & Guilds""}, {""value"": ""6.0"", ""label"": ""Diploma""}, {""value"": ""7.0"", ""label"": ""GCSE""}, {""value"": ""8.0"", ""label"": ""GNVQ""}, {""value"": ""9.0"", ""label"": ""Key Skills""}, {""value"": ""10.0"", ""label"": ""NVQ""}, {""value"": ""11.0"", ""label"": ""NCR""}, {""value"": ""12.0"", ""label"": ""NSA""}, {""value"": ""13.0"", ""label"": ""Music / Instrument Grade / Standard""}, {""value"": ""14.0"", ""label"": ""ICT""}, {""value"": ""15.0"", ""label"": ""Duke of Edinburgh""}, {""value"": ""16.0"", ""label"": ""First Aid""}, {""value"": ""17.0"", ""label"": ""Basic Skills""}, {""value"": ""18.0"", ""label"": ""CSLA""}, {""value"": ""19.0"", ""label"": ""ASDAN""}, {""value"": ""20.0"", ""label"": ""ECDL""}, {""value"": ""21.0"", ""label"": ""Any Coaching Qualification (include any mention of coaching)""}, {""value"": ""22.0"", ""label"": ""CLAIT""}, {""value"": ""23.0"", ""label"": ""HNC""}, {""value"": ""24.0"", ""label"": ""ABRSM""}, {""value"": ""25.0"", ""label"": ""No Answer""}, {""value"": ""26.0"", ""label"": ""Other Answers""}]"
214,W7OtherTypYP0e,YP: Type of other qualification - Fifth,numeric,NOMINAL,-999.0 thru -1.0,"[{""value"": ""-91.0"", ""label"": ""Not Applicable""}, {""value"": ""-1.0"", ""label"": ""Don't Know""}, {""value"": ""1.0"", ""label"": ""International Baccalaureate""}, {""value"": ""2.0"", ""label"": ""A Level""}, {""value"": ""3.0"", ""label"": ""AS Level""}, {""value"": ""4.0"", ""label"": ""BTEC""}, {""value"": ""5.0"", ""label"": ""City & Guilds""}, {""value"": ""6.0"", ""label"": ""Diploma""}, {""value"": ""7.0"", ""label"": ""GCSE""}, {""value"": ""8.0"", ""label"": ""GNVQ""}, {""value"": ""9.0"", ""label"": ""Key Skills""}, {""value"": ""10.0"", ""label"": ""NVQ""}, {""value"": ""11.0"", ""label"": ""NCR""}, {""value"": ""12.0"", ""label"": ""NSA""}, {""value"": ""13.0"", ""label"": ""Music / Instrument Grade / Standard""}, {""value"": ""14.0"", ""label"": ""ICT""}, {""value"": ""15.0"", ""label"": ""Duke of Edinburgh""}, {""value"": ""16.0"", ""label"": ""First Aid""}, {""value"": ""17.0"", ""label"": ""Basic Skills""}, {""value"": ""18.0"", ""label"": ""CSLA""}, {""value"": ""19.0"", ""label"": ""ASDAN""}, {""value"": ""20.0"", ""label"": ""ECDL""}, {""value"": ""21.0"", ""label"": ""Any Coaching Qualification (include any mention of coaching)""}, {""value"": ""22.0"", ""label"": ""CLAIT""}, {""value"": ""23.0"", ""label"": ""HNC""}, {""value"": ""24.0"", ""label"": ""ABRSM""}, {""value"": ""25.0"", ""label"": ""No Answer""}, {""value"": ""26.0"", ""label"": ""Other Answers""}]"
215,W7OtherSubYP0a,YP: Main subject studying in this other qualification - First,numeric,NOMINAL,-999.0 thru -1.0,"[{""value"": ""-91.0"", ""label"": ""Not applicable""}, {""value"": ""-1.0"", ""label"": ""Don't know""}, {""value"": ""1.0"", ""label"": ""Business (studies)""}, {""value"": ""2.0"", ""label"": ""Childcare""}, {""value"": ""3.0"", ""label"": ""Communications""}, {""value"": ""4.0"", ""label"": ""Economics""}, {""value"": ""5.0"", ""label"": ""Engineering""}, {""value"": ""6.0"", ""label"": ""English""}, {""value"": ""7.0"", ""label"": ""Geography""}, {""value"": ""8.0"", ""label"": ""History""}, {""value"": ""9.0"", ""label"": ""It/ict""}, {""value"": ""10.0"", ""label"": ""Languages""}, {""value"": ""11.0"", ""label"": ""Maths""}, {""value"": ""12.0"", ""label"": ""Music""}, {""value"": ""13.0"", ""label"": ""Psychology""}, {""value"": ""14.0"", ""label"": ""Science""}, {""value"": ""15.0"", ""label"": ""Sport (all references)""}, {""value"": ""16.0"", ""label"": ""Travel and tourism""}, {""value"": ""17.0"", ""label"": ""Health and social care""}, {""value"": ""18.0"", ""label"": ""Media related""}, {""value"": ""19.0"", ""label"": ""Any musical instrument""}, {""value"": ""20.0"", ""label"": ""Health and Safety""}, {""value"": ""21.0"", ""label"": ""Animal care - (include animal management)""}, {""value"": ""22.0"", ""label"": ""Electrician - (include electrics here)""}, {""value"": ""23.0"", ""label"": ""Graphics""}, {""value"": ""24.0"", ""label"": ""Hairdressing""}, {""value"": ""25.0"", ""label"": ""Beauty therapy""}, {""value"": ""26.0"", ""label"": ""Sociology""}, {""value"": ""27.0"", ""label"": ""Mechanics""}, {""value"": ""28.0"", ""label"": ""Social work""}, {""value"": ""29.0"", ""label"": ""Art and Design (anything mentioning art)""}, {""value"": ""30.0"", ""label"": ""Joinery""}, {""value"": ""31.0"", ""label"": ""Customer service""}, {""value"": ""32.0"", ""label"": ""Painting and decorating""}, {""value"": ""33.0"", ""label"": ""First Aid""}, {""value"": ""34.0"", ""label"": ""Plumbing""}, {""value"": ""35.0"", ""label"": ""No Answer""}, {""value"": ""36.0"", ""label"": ""Other""}]"
216,W7OtherSubYP0b,YP: Main subject studying in this other qualification - Second,numeric,NOMINAL,-999.0 thru -1.0,"[{""value"": ""-91.0"", ""label"": ""Not applicable""}, {""value"": ""-1.0"", ""label"": ""Don't know""}, {""value"": ""1.0"", ""label"": ""Business (studies)""}, {""value"": ""2.0"", ""label"": ""Childcare""}, {""value"": ""3.0"", ""label"": ""Communications""}, {""value"": ""4.0"", ""label"": ""Economics""}, {""value"": ""5.0"", ""label"": ""Engineering""}, {""value"": ""6.0"", ""label"": ""English""}, {""value"": ""7.0"", ""label"": ""Geography""}, {""value"": ""8.0"", ""label"": ""History""}, {""value"": ""9.0"", ""label"": ""It/ict""}, {""value"": ""10.0"", ""label"": ""Languages""}, {""value"": ""11.0"", ""label"": ""Maths""}, {""value"": ""12.0"", ""label"": ""Music""}, {""value"": ""13.0"", ""label"": ""Psychology""}, {""value"": ""14.0"", ""label"": ""Science""}, {""value"": ""15.0"", ""label"": ""Sport (all references)""}, {""value"": ""16.0"", ""label"": ""Travel and tourism""}, {""value"": ""17.0"", ""label"": ""Health and social care""}, {""value"": ""18.0"", ""label"": ""Media related""}, {""value"": ""19.0"", ""label"": ""Any musical instrument""}, {""value"": ""20.0"", ""label"": ""Health and Safety""}, {""value"": ""21.0"", ""label"": ""Animal care - (include animal management)""}, {""value"": ""22.0"", ""label"": ""Electrician - (include electrics here)""}, {""value"": ""23.0"", ""label"": ""Graphics""}, {""value"": ""24.0"", ""label"": ""Hairdressing""}, {""value"": ""25.0"", ""label"": ""Beauty therapy""}, {""value"": ""26.0"", ""label"": ""Sociology""}, {""value"": ""27.0"", ""label"": ""Mechanics""}, {""value"": ""28.0"", ""label"": ""Social work""}, {""value"": ""29.0"", ""label"": ""Art and Design (anything mentioning art)""}, {""value"": ""30.0"", ""label"": ""Joinery""}, {""value"": ""31.0"", ""label"": ""Customer service""}, {""value"": ""32.0"", ""label"": ""Painting and decorating""}, {""value"": ""33.0"", ""label"": ""First Aid""}, {""value"": ""34.0"", ""label"": ""Plumbing""}, {""value"": ""35.0"", ""label"": ""No Answer""}, {""value"": ""36.0"", ""label"": ""Other""}]"
217,W7OtherSubYP0c,YP: Main subject studying in this other qualification - Third,numeric,NOMINAL,-999.0 thru -1.0,"[{""value"": ""-91.0"", ""label"": ""Not applicable""}, {""value"": ""-1.0"", ""label"": ""Don't know""}, {""value"": ""1.0"", ""label"": ""Business (studies)""}, {""value"": ""2.0"", ""label"": ""Childcare""}, {""value"": ""3.0"", ""label"": ""Communications""}, {""value"": ""4.0"", ""label"": ""Economics""}, {""value"": ""5.0"", ""label"": ""Engineering""}, {""value"": ""6.0"", ""label"": ""English""}, {""value"": ""7.0"", ""label"": ""Geography""}, {""value"": ""8.0"", ""label"": ""History""}, {""value"": ""9.0"", ""label"": ""It/ict""}, {""value"": ""10.0"", ""label"": ""Languages""}, {""value"": ""11.0"", ""label"": ""Maths""}, {""value"": ""12.0"", ""label"": ""Music""}, {""value"": ""13.0"", ""label"": ""Psychology""}, {""value"": ""14.0"", ""label"": ""Science""}, {""value"": ""15.0"", ""label"": ""Sport (all references)""}, {""value"": ""16.0"", ""label"": ""Travel and tourism""}, {""value"": ""17.0"", ""label"": ""Health and social care""}, {""value"": ""18.0"", ""label"": ""Media related""}, {""value"": ""19.0"", ""label"": ""Any musical instrument""}, {""value"": ""20.0"", ""label"": ""Health and Safety""}, {""value"": ""21.0"", ""label"": ""Animal care - (include animal management)""}, {""value"": ""22.0"", ""label"": ""Electrician - (include electrics here)""}, {""value"": ""23.0"", ""label"": ""Graphics""}, {""value"": ""24.0"", ""label"": ""Hairdressing""}, {""value"": ""25.0"", ""label"": ""Beauty therapy""}, {""value"": ""26.0"", ""label"": ""Sociology""}, {""value"": ""27.0"", ""label"": ""Mechanics""}, {""value"": ""28.0"", ""label"": ""Social work""}, {""value"": ""29.0"", ""label"": ""Art and Design (anything mentioning art)""}, {""value"": ""30.0"", ""label"": ""Joinery""}, {""value"": ""31.0"", ""label"": ""Customer service""}, {""value"": ""32.0"", ""label"": ""Painting and decorating""}, {""value"": ""33.0"", ""label"": ""First Aid""}, {""value"": ""34.0"", ""label"": ""Plumbing""}, {""value"": ""35.0"", ""label"": ""No Answer""}, {""value"": ""36.0"", ""label"": ""Other""}]"
218,W7OtherSubYP0d,YP: Main subject studying in this other qualification - Fourth,numeric,NOMINAL,-999.0 thru -1.0,"[{""value"": ""-91.0"", ""label"": ""Not applicable""}, {""value"": ""-1.0"", ""label"": ""Don't know""}, {""value"": ""1.0"", ""label"": ""Business (studies)""}, {""value"": ""2.0"", ""label"": ""Childcare""}, {""value"": ""3.0"", ""label"": ""Communications""}, {""value"": ""4.0"", ""label"": ""Economics""}, {""value"": ""5.0"", ""label"": ""Engineering""}, {""value"": ""6.0"", ""label"": ""English""}, {""value"": ""7.0"", ""label"": ""Geography""}, {""value"": ""8.0"", ""label"": ""History""}, {""value"": ""9.0"", ""label"": ""It/ict""}, {""value"": ""10.0"", ""label"": ""Languages""}, {""value"": ""11.0"", ""label"": ""Maths""}, {""value"": ""12.0"", ""label"": ""Music""}, {""value"": ""13.0"", ""label"": ""Psychology""}, {""value"": ""14.0"", ""label"": ""Science""}, {""value"": ""15.0"", ""label"": ""Sport (all references)""}, {""value"": ""16.0"", ""label"": ""Travel and tourism""}, {""value"": ""17.0"", ""label"": ""Health and social care""}, {""value"": ""18.0"", ""label"": ""Media related""}, {""value"": ""19.0"", ""label"": ""Any musical instrument""}, {""value"": ""20.0"", ""label"": ""Health and Safety""}, {""value"": ""21.0"", ""label"": ""Animal care - (include animal management)""}, {""value"": ""22.0"", ""label"": ""Electrician - (include electrics here)""}, {""value"": ""23.0"", ""label"": ""Graphics""}, {""value"": ""24.0"", ""label"": ""Hairdressing""}, {""value"": ""25.0"", ""label"": ""Beauty therapy""}, {""value"": ""26.0"", ""label"": ""Sociology""}, {""value"": ""27.0"", ""label"": ""Mechanics""}, {""value"": ""28.0"", ""label"": ""Social work""}, {""value"": ""29.0"", ""label"": ""Art and Design (anything mentioning art)""}, {""value"": ""30.0"", ""label"": ""Joinery""}, {""value"": ""31.0"", ""label"": ""Customer service""}, {""value"": ""32.0"", ""label"": ""Painting and decorating""}, {""value"": ""33.0"", ""label"": ""First Aid""}, {""value"": ""34.0"", ""label"": ""Plumbing""}, {""value"": ""35.0"", ""label"": ""No Answer""}, {""value"": ""36.0"", ""label"": ""Other""}]"
219,W7OtherSubYP0e,YP: Main subject studying in this other qualification - Fifth,numeric,NOMINAL,-999.0 thru -1.0,"[{""value"": ""-91.0"", ""label"": ""Not applicable""}, {""value"": ""-1.0"", ""label"": ""Don't know""}, {""value"": ""1.0"", ""label"": ""Business (studies)""}, {""value"": ""2.0"", ""label"": ""Childcare""}, {""value"": ""3.0"", ""label"": ""Communications""}, {""value"": ""4.0"", ""label"": ""Economics""}, {""value"": ""5.0"", ""label"": ""Engineering""}, {""value"": ""6.0"", ""label"": ""English""}, {""value"": ""7.0"", ""label"": ""Geography""}, {""value"": ""8.0"", ""label"": ""History""}, {""value"": ""9.0"", ""label"": ""It/ict""}, {""value"": ""10.0"", ""label"": ""Languages""}, {""value"": ""11.0"", ""label"": ""Maths""}, {""value"": ""12.0"", ""label"": ""Music""}, {""value"": ""13.0"", ""label"": ""Psychology""}, {""value"": ""14.0"", ""label"": ""Science""}, {""value"": ""15.0"", ""label"": ""Sport (all references)""}, {""value"": ""16.0"", ""label"": ""Travel and tourism""}, {""value"": ""17.0"", ""label"": ""Health and social care""}, {""value"": ""18.0"", ""label"": ""Media related""}, {""value"": ""19.0"", ""label"": ""Any musical instrument""}, {""value"": ""20.0"", ""label"": ""Health and Safety""}, {""value"": ""21.0"", ""label"": ""Animal care - (include animal management)""}, {""value"": ""22.0"", ""label"": ""Electrician - (include electrics here)""}, {""value"": ""23.0"", ""label"": ""Graphics""}, {""value"": ""24.0"", ""label"": ""Hairdressing""}, {""value"": ""25.0"", ""label"": ""Beauty therapy""}, {""value"": ""26.0"", ""label"": ""Sociology""}, {""value"": ""27.0"", ""label"": ""Mechanics""}, {""value"": ""28.0"", ""label"": ""Social work""}, {""value"": ""29.0"", ""label"": ""Art and Design (anything mentioning art)""}, {""value"": ""30.0"", ""label"": ""Joinery""}, {""value"": ""31.0"", ""label"": ""Customer service""}, {""value"": ""32.0"", ""label"": ""Painting and decorating""}, {""value"": ""33.0"", ""label"": ""First Aid""}, {""value"": ""34.0"", ""label"": ""Plumbing""}, {""value"": ""35.0"", ""label"": ""No Answer""}, {""value"": ""36.0"", ""label"": ""Other""}]"
220,W7IfVocYP0a,"YP: Whether technical, vocational or work related qualification - First",numeric,NOMINAL,-999.0 thru -1.0,"[{""value"": ""-91.0"", ""label"": ""Not applicable""}, {""value"": ""-1.0"", ""label"": ""Don't know""}, {""value"": ""0.0"", ""label"": ""Not mentioned""}, {""value"": ""1.0"", ""label"": ""Mentioned""}]"
221,W7IfVocYP0b,"YP: Whether technical, vocational or work related qualification - Second",numeric,NOMINAL,-999.0 thru -1.0,"[{""value"": ""-91.0"", ""label"": ""Not applicable""}, {""value"": ""-1.0"", ""label"": ""Don't know""}, {""value"": ""0.0"", ""label"": ""Not mentioned""}, {""value"": ""1.0"", ""label"": ""Mentioned""}]"
222,W7IfVocYP0c,"YP: Whether technical, vocational or work related qualification - Third",numeric,NOMINAL,-999.0 thru -1.0,"[{""value"": ""-91.0"", ""label"": ""Not applicable""}, {""value"": ""-1.0"", ""label"": ""Don't know""}, {""value"": ""0.0"", ""label"": ""Not mentioned""}, {""value"": ""1.0"", ""label"": ""Mentioned""}]"
223,W7IfVocYP0d,"YP: Whether technical, vocational or work related qualification - Fourth",numeric,NOMINAL,-999.0 thru -1.0,"[{""value"": ""-91.0"", ""label"": ""Not applicable""}, {""value"": ""-1.0"", ""label"": ""Don't know""}, {""value"": ""0.0"", ""label"": ""Not mentioned""}, {""value"": ""1.0"", ""label"": ""Mentioned""}]"
224,W7IfVocYP0e,"YP: Whether technical, vocational or work related qualification - Fifth",numeric,NOMINAL,-999.0 thru -1.0,"[{""value"": ""-91.0"", ""label"": ""Not applicable""}, {""value"": ""-1.0"", ""label"": ""Don't know""}, {""value"": ""0.0"", ""label"": ""Not mentioned""}, {""value"": ""1.0"", ""label"": ""Mentioned""}]"
225,W7OtherEqYP0a,YP: NVQ equivalent of other qualification - First,numeric,NOMINAL,-999.0 thru -1.0,"[{""value"": ""-91.0"", ""label"": ""Not applicable""}, {""value"": ""-1.0"", ""label"": ""Don't know""}, {""value"": ""1.0"", ""label"": ""Level 1""}, {""value"": ""2.0"", ""label"": ""Level 2""}, {""value"": ""3.0"", ""label"": ""Level 3""}]"
226,W7OtherEqYP0b,YP: NVQ equivalent of other qualification - Second,numeric,NOMINAL,-999.0 thru -1.0,"[{""value"": ""-91.0"", ""label"": ""Not applicable""}, {""value"": ""-1.0"", ""label"": ""Don't know""}, {""value"": ""1.0"", ""label"": ""Level 1""}, {""value"": ""2.0"", ""label"": ""Level 2""}, {""value"": ""3.0"", ""label"": ""Level 3""}]"
227,W7OtherEqYP0c,YP: NVQ equivalent of other qualification - Third,numeric,NOMINAL,-999.0 thru -1.0,"[{""value"": ""-91.0"", ""label"": ""Not applicable""}, {""value"": ""-1.0"", ""label"": ""Don't know""}, {""value"": ""1.0"", ""label"": ""Level 1""}, {""value"": ""2.0"", ""label"": ""Level 2""}, {""value"": ""3.0"", ""label"": ""Level 3""}]"
228,W7OtherEqYP0d,YP: NVQ equivalent of other qualification - Fourth,numeric,NOMINAL,-999.0 thru -1.0,"[{""value"": ""-91.0"", ""label"": ""Not applicable""}, {""value"": ""-1.0"", ""label"": ""Don't know""}, {""value"": ""1.0"", ""label"": ""Level 1""}, {""value"": ""2.0"", ""label"": ""Level 2""}, {""value"": ""3.0"", ""label"": ""Level 3""}]"
229,W7OtherEqYP0e,YP: NVQ equivalent of other qualification - Fifth,numeric,NOMINAL,-999.0 thru -1.0,"[{""value"": ""-91.0"", ""label"": ""Not applicable""}, {""value"": ""-1.0"", ""label"": ""Don't know""}, {""value"": ""1.0"", ""label"": ""Level 1""}, {""value"": ""2.0"", ""label"": ""Level 2""}, {""value"": ""3.0"", ""label"": ""Level 3""}]"
230,W7AlevUniYP,YP: Whether doing qualifications to apply to university,numeric,NOMINAL,-999.0 thru -1.0,"[{""value"": ""-92.0"", ""label"": ""Refused""}, {""value"": ""-91.0"", ""label"": ""Not applicable""}, {""value"": ""-1.0"", ""label"": ""Don't know""}, {""value"": ""1.0"", ""label"": ""Yes""}, {""value"": ""2.0"", ""label"": ""No""}]"
231,W7NEETillYP,YP: Whether disability prevents job search or study,numeric,NOMINAL,-999.0 thru -1.0,"[{""value"": ""-92.0"", ""label"": ""Refused""}, {""value"": ""-91.0"", ""label"": ""Not applicable""}, {""value"": ""-1.0"", ""label"": ""Don't know""}, {""value"": ""1.0"", ""label"": ""Yes""}, {""value"": ""2.0"", ""label"": ""No""}]"
232,W7NEETStatYP0a,YP: NEET statements - I am currently having a break from study,numeric,NOMINAL,-999.0 thru -1.0,"[{""value"": ""-91.0"", ""label"": ""Not applicable""}, {""value"": ""-1.0"", ""label"": ""Don't know""}, {""value"": ""0.0"", ""label"": ""Not mentioned""}, {""value"": ""1.0"", ""label"": ""Mentioned""}]"
233,W7NEETStatYP0b,YP: NEET statements - I need more qualifications and skills before I can get a job or a place on a course or in training,numeric,NOMINAL,-999.0 thru -1.0,"[{""value"": ""-91.0"", ""label"": ""Not applicable""}, {""value"": ""-1.0"", ""label"": ""Don't know""}, {""value"": ""0.0"", ""label"": ""Not mentioned""}, {""value"": ""1.0"", ""label"": ""Mentioned""}]"
234,W7NEETStatYP0c,YP: NEET statements - I've been looking for a job but I haven't yet found one that suits me,numeric,NOMINAL,-999.0 thru -1.0,"[{""value"": ""-91.0"", ""label"": ""Not applicable""}, {""value"": ""-1.0"", ""label"": ""Don't know""}, {""value"": ""0.0"", ""label"": ""Not mentioned""}, {""value"": ""1.0"", ""label"": ""Mentioned""}]"
235,W7NEETStatYP0d,YP: NEET statements - I've been looking for a course but I haven't yet found one that suits me,numeric,NOMINAL,-999.0 thru -1.0,"[{""value"": ""-91.0"", ""label"": ""Not applicable""}, {""value"": ""-1.0"", ""label"": ""Don't know""}, {""value"": ""0.0"", ""label"": ""Not mentioned""}, {""value"": ""1.0"", ""label"": ""Mentioned""}]"
236,W7NEETStatYP0e,"YP: NEET statements - I am happy not to be in education, employment or training",numeric,NOMINAL,-999.0 thru -1.0,"[{""value"": ""-91.0"", ""label"": ""Not applicable""}, {""value"": ""-1.0"", ""label"": ""Don't know""}, {""value"": ""0.0"", ""label"": ""Not mentioned""}, {""value"": ""1.0"", ""label"": ""Mentioned""}]"
237,W7NEETStatYP0f,YP: NEET statements - I am currently looking after my child(ren),numeric,NOMINAL,-999.0 thru -1.0,"[{""value"": ""-91.0"", ""label"": ""Not applicable""}, {""value"": ""-1.0"", ""label"": ""Don't know""}, {""value"": ""0.0"", ""label"": ""Not mentioned""}, {""value"": ""1.0"", ""label"": ""Mentioned""}]"
238,W7NEETStatYP0g,"YP: NEET statements - I am currently looking after someone else for example children who are not mine, relatives or other adults",numeric,NOMINAL,-999.0 thru -1.0,"[{""value"": ""-91.0"", ""label"": ""Not applicable""}, {""value"": ""-1.0"", ""label"": ""Don't know""}, {""value"": ""0.0"", ""label"": ""Not mentioned""}, {""value"": ""1.0"", ""label"": ""Mentioned""}]"
239,W7NEETStatYP0h,YP: NEET statements - I found school work difficult so I didn't want to stay in education,numeric,NOMINAL,-999.0 thru -1.0,"[{""value"": ""-91.0"", ""label"": ""Not applicable""}, {""value"": ""-1.0"", ""label"": ""Don't know""}, {""value"": ""0.0"", ""label"": ""Not mentioned""}, {""value"": ""1.0"", ""label"": ""Mentioned""}]"
240,W7NEETStatYP0i,YP: NEET statements - I'm pregnant,numeric,NOMINAL,-999.0 thru -1.0,"[{""value"": ""-91.0"", ""label"": ""Not applicable""}, {""value"": ""-1.0"", ""label"": ""Don't know""}, {""value"": ""0.0"", ""label"": ""Not mentioned""}, {""value"": ""1.0"", ""label"": ""Mentioned""}]"
241,W7NEETDifYP0a,YP: Difficulty working statements - There aren't any jobs available that I am qualified for,numeric,NOMINAL,-999.0 thru -1.0,"[{""value"": ""-92.0"", ""label"": ""Refused""}, {""value"": ""-91.0"", ""label"": ""Not applicable""}, {""value"": ""-1.0"", ""label"": ""Don't know""}, {""value"": ""0.0"", ""label"": ""Not mentioned""}, {""value"": ""1.0"", ""label"": ""Mentioned""}]"
242,W7NEETDifYP0b,YP: Difficulty working statements - There aren't any jobs available that I'd be prepared to do,numeric,NOMINAL,-999.0 thru -1.0,"[{""value"": ""-92.0"", ""label"": ""Refused""}, {""value"": ""-91.0"", ""label"": ""Not applicable""}, {""value"": ""-1.0"", ""label"": ""Don't know""}, {""value"": ""0.0"", ""label"": ""Not mentioned""}, {""value"": ""1.0"", ""label"": ""Mentioned""}]"
243,W7NEETDifYP0c,YP: Difficulty working statements - I'm unlikely to get job because of my age,numeric,NOMINAL,-999.0 thru -1.0,"[{""value"": ""-92.0"", ""label"": ""Refused""}, {""value"": ""-91.0"", ""label"": ""Not applicable""}, {""value"": ""-1.0"", ""label"": ""Don't know""}, {""value"": ""0.0"", ""label"": ""Not mentioned""}, {""value"": ""1.0"", ""label"": ""Mentioned""}]"
244,W7NEETDifYP0d,YP: Difficulty working statements - I'm unlikely to get a job because of my health problems/ disability,numeric,NOMINAL,-999.0 thru -1.0,"[{""value"": ""-92.0"", ""label"": ""Refused""}, {""value"": ""-91.0"", ""label"": ""Not applicable""}, {""value"": ""-1.0"", ""label"": ""Don't know""}, {""value"": ""0.0"", ""label"": ""Not mentioned""}, {""value"": ""1.0"", ""label"": ""Mentioned""}]"
245,W7NEETDifYP0e,YP: Difficulty working statements - I'm unlikely to get a job because I lack relevant experience,numeric,NOMINAL,-999.0 thru -1.0,"[{""value"": ""-92.0"", ""label"": ""Refused""}, {""value"": ""-91.0"", ""label"": ""Not applicable""}, {""value"": ""-1.0"", ""label"": ""Don't know""}, {""value"": ""0.0"", ""label"": ""Not mentioned""}, {""value"": ""1.0"", ""label"": ""Mentioned""}]"
246,W7NEETDifYP0f,YP: Difficulty working statements - Applying for jobs or the thought of starting a job makes me anxious or nervous,numeric,NOMINAL,-999.0 thru -1.0,"[{""value"": ""-92.0"", ""label"": ""Refused""}, {""value"": ""-91.0"", ""label"": ""Not applicable""}, {""value"": ""-1.0"", ""label"": ""Don't know""}, {""value"": ""0.0"", ""label"": ""Not mentioned""}, {""value"": ""1.0"", ""label"": ""Mentioned""}]"
247,W7NEETDifYP0g,YP: Difficulty working statements - I think I would be worse off financially if I started to work,numeric,NOMINAL,-999.0 thru -1.0,"[{""value"": ""-92.0"", ""label"": ""Refused""}, {""value"": ""-91.0"", ""label"": ""Not applicable""}, {""value"": ""-1.0"", ""label"": ""Don't know""}, {""value"": ""0.0"", ""label"": ""Not mentioned""}, {""value"": ""1.0"", ""label"": ""Mentioned""}]"
248,W7NEETDifYP0h,YP: Difficulty working statements - Travelling to work would be difficult for me,numeric,NOMINAL,-999.0 thru -1.0,"[{""value"": ""-92.0"", ""label"": ""Refused""}, {""value"": ""-91.0"", ""label"": ""Not applicable""}, {""value"": ""-1.0"", ""label"": ""Don't know""}, {""value"": ""0.0"", ""label"": ""Not mentioned""}, {""value"": ""1.0"", ""label"": ""Mentioned""}]"
249,W7NEETDifYP0i,YP: Difficulty working statements - I need to be very flexible with the hours I work,numeric,NOMINAL,-999.0 thru -1.0,"[{""value"": ""-92.0"", ""label"": ""Refused""}, {""value"": ""-91.0"", ""label"": ""Not applicable""}, {""value"": ""-1.0"", ""label"": ""Don't know""}, {""value"": ""0.0"", ""label"": ""Not mentioned""}, {""value"": ""1.0"", ""label"": ""Mentioned""}]"
250,W7NEETDifYP0j,YP: Difficulty working statements - I can't afford childcare while I am at work,numeric,NOMINAL,-999.0 thru -1.0,"[{""value"": ""-92.0"", ""label"": ""Refused""}, {""value"": ""-91.0"", ""label"": ""Not applicable""}, {""value"": ""-1.0"", ""label"": ""Don't know""}, {""value"": ""0.0"", ""label"": ""Not mentioned""}, {""value"": ""1.0"", ""label"": ""Mentioned""}]"
251,W7NEETDifYP0k,YP: Difficulty working statements - I don't know how to look for work,numeric,NOMINAL,-999.0 thru -1.0,"[{""value"": ""-92.0"", ""label"": ""Refused""}, {""value"": ""-91.0"", ""label"": ""Not applicable""}, {""value"": ""-1.0"", ""label"": ""Don't know""}, {""value"": ""0.0"", ""label"": ""Not mentioned""}, {""value"": ""1.0"", ""label"": ""Mentioned""}]"
252,W7NEETDifOYP,YP: Whether anything makes it difficult to find a job,numeric,NOMINAL,-999.0 thru -1.0,"[{""value"": ""-997.0"", ""label"": ""Problem with script""}, {""value"": ""-91.0"", ""label"": ""Not applicable""}, {""value"": ""-1.0"", ""label"": ""Don't know""}, {""value"": ""1.0"", ""label"": ""Yes""}, {""value"": ""2.0"", ""label"": ""No""}]"
253,W7NEETDifO2YP,YP: Main other thing that makes it difficult to find a job,numeric,NOMINAL,-999.0 thru -1.0,"[{""value"": ""-92.0"", ""label"": ""Refused""}, {""value"": ""-91.0"", ""label"": ""Not applicable""}, {""value"": ""-1.0"", ""label"": ""Don't know""}, {""value"": ""1.0"", ""label"": ""Have my own children / pregnant""}, {""value"": ""2.0"", ""label"": ""Lack of experience""}, {""value"": ""3.0"", ""label"": ""Lack of confidence""}, {""value"": ""4.0"", ""label"": ""Lack of qualifications/ academic ability""}, {""value"": ""5.0"", ""label"": ""Area I live in/high unemployment in local area""}, {""value"": ""6.0"", ""label"": ""Caring responsibilities (not own children)""}, {""value"": ""7.0"", ""label"": ""My age""}, {""value"": ""8.0"", ""label"": ""Disability/health/mental health problems""}, {""value"": ""9.0"", ""label"": ""My race/ethnic origin""}, {""value"": ""10.0"", ""label"": ""Did not enjoy experience of school""}, {""value"": ""11.0"", ""label"": ""Cannot afford it - funding no longer available""}, {""value"": ""12.0"", ""label"": ""Lack of information regarding options available""}, {""value"": ""13.0"", ""label"": ""Need/want more money than is available for training courses""}, {""value"": ""14.0"", ""label"": ""No jobs/places available/too much competition for places""}, {""value"": ""15.0"", ""label"": ""Transport problems""}, {""value"": ""16.0"", ""label"": ""Immigrants taking jobs""}, {""value"": ""17.0"", ""label"": ""Current economic climate/economic recession""}, {""value"": ""18.0"", ""label"": ""Other""}, {""value"": ""19.0"", ""label"": ""Don't want one""}]"
254,W7NEETDifMYP,YP: Main thing of statements mentioned that makes it difficult to find job,numeric,NOMINAL,-999.0 thru -1.0,"[{""value"": ""-92.0"", ""label"": ""Refused""}, {""value"": ""-91.0"", ""label"": ""Not applicable""}, {""value"": ""-1.0"", ""label"": ""Don't know""}, {""value"": ""1.0"", ""label"": ""There aren't any jobs availablethat I am qualified for""}, {""value"": ""2.0"", ""label"": ""There aren't any jobs available that I'd be prepared to do""}, {""value"": ""3.0"", ""label"": ""I'm unlikely to get a job because of my age""}, {""value"": ""4.0"", ""label"": ""I'm unlikely to get a job because of my health problems/disa""}, {""value"": ""5.0"", ""label"": ""I'm unlikely to get a job because I lack relevant experience""}, {""value"": ""6.0"", ""label"": ""Applying for jobs or the thought of starting a job makes me""}, {""value"": ""7.0"", ""label"": ""I think I would be worse off financially if I started to wor""}, {""value"": ""8.0"", ""label"": ""Travelling to work would be difficult for me""}, {""value"": ""9.0"", ""label"": ""I need to be very flexible with the hours I work""}, {""value"": ""10.0"", ""label"": ""I can't afford childcare while I'm at work""}, {""value"": ""11.0"", ""label"": ""I don't know how to look for work""}]"
255,W7NEETDifM2YP,YP: Admin: Main thing that makes it difficult to find job - combined response,numeric,NOMINAL,-999.0 thru -1.0,"[{""value"": ""-92.0"", ""label"": ""Refused""}, {""value"": ""-91.0"", ""label"": ""Not applicable""}, {""value"": ""-1.0"", ""label"": ""Don't know""}, {""value"": ""1.0"", ""label"": ""There aren't any jobs availablethat I am qualified for""}, {""value"": ""2.0"", ""label"": ""There aren't any jobs available that I'd be prepared to do""}, {""value"": ""3.0"", ""label"": ""I'm unlikely to get a job because of my age""}, {""value"": ""4.0"", ""label"": ""I'm unlikely to get a job because of my health problems/disa""}, {""value"": ""5.0"", ""label"": ""I'm unlikely to get a job because I lack relevant experience""}, {""value"": ""6.0"", ""label"": ""Applying for jobs or the thought of starting a job makes me""}, {""value"": ""7.0"", ""label"": ""I think I would be worse off financially if I started to wor""}, {""value"": ""8.0"", ""label"": ""Travelling to work would be difficult for me""}, {""value"": ""9.0"", ""label"": ""I need to be very flexible with the hours I work""}, {""value"": ""10.0"", ""label"": ""I can't afford childcare while I'm at work""}, {""value"": ""11.0"", ""label"": ""I don't know how to look for work""}]"
256,W7NEET2YP,YP: Whether anything makes it difficult to find a place in education,numeric,NOMINAL,-999.0 thru -1.0,"[{""value"": ""-92.0"", ""label"": ""Refused""}, {""value"": ""-91.0"", ""label"": ""Not applicable""}, {""value"": ""-1.0"", ""label"": ""Don't know""}, {""value"": ""1.0"", ""label"": ""Yes""}, {""value"": ""2.0"", ""label"": ""No""}]"
257,W7NEETProb2YP,YP: Main thing that makes it difficult to find a place on a course,numeric,NOMINAL,-999.0 thru -1.0,"[{""value"": ""-92.0"", ""label"": ""Refused""}, {""value"": ""-91.0"", ""label"": ""Not applicable""}, {""value"": ""-1.0"", ""label"": ""Don't know""}, {""value"": ""1.0"", ""label"": ""Have my own children / pregnant""}, {""value"": ""2.0"", ""label"": ""Lack of experience""}, {""value"": ""3.0"", ""label"": ""Lack of confidence""}, {""value"": ""4.0"", ""label"": ""Lack of qualifications/ academic ability""}, {""value"": ""5.0"", ""label"": ""Area I live in/high unemployment in local area""}, {""value"": ""6.0"", ""label"": ""Caring responsibilities (not own children)""}, {""value"": ""7.0"", ""label"": ""My age""}, {""value"": ""8.0"", ""label"": ""Disability/health/mental health problems""}, {""value"": ""9.0"", ""label"": ""My race/ethnic origin""}, {""value"": ""10.0"", ""label"": ""Did not enjoy experience of school""}, {""value"": ""11.0"", ""label"": ""Cannot afford it - funding no longer available""}, {""value"": ""12.0"", ""label"": ""Lack of information regarding options available""}, {""value"": ""13.0"", ""label"": ""Need/want more money than is available for training courses""}, {""value"": ""14.0"", ""label"": ""No jobs/places available/too much competition for places""}, {""value"": ""15.0"", ""label"": ""Transport problems""}, {""value"": ""16.0"", ""label"": ""Immigrants taking jobs""}, {""value"": ""17.0"", ""label"": ""Current economic climate/economic recession""}, {""value"": ""18.0"", ""label"": ""Other""}, {""value"": ""19.0"", ""label"": ""Don't want one""}]"
258,W7NEET3YP,YP: Whether anything makes it difficult to find a training place,numeric,NOMINAL,-999.0 thru -1.0,"[{""value"": ""-92.0"", ""label"": ""Refused""}, {""value"": ""-91.0"", ""label"": ""Not applicable""}, {""value"": ""-1.0"", ""label"": ""Don't know""}, {""value"": ""1.0"", ""label"": ""Yes""}, {""value"": ""2.0"", ""label"": ""No""}]"
259,W7NEETProb3YP,YP: Main thing that makes it difficult to find a training place,numeric,NOMINAL,-999.0 thru -1.0,"[{""value"": ""-92.0"", ""label"": ""Refused""}, {""value"": ""-91.0"", ""label"": ""Not applicable""}, {""value"": ""-1.0"", ""label"": ""Don't know""}, {""value"": ""1.0"", ""label"": ""Have my own children / pregnant""}, {""value"": ""2.0"", ""label"": ""Lack of experience""}, {""value"": ""3.0"", ""label"": ""Lack of confidence""}, {""value"": ""4.0"", ""label"": ""Lack of qualifications/ academic ability""}, {""value"": ""5.0"", ""label"": ""Area I live in/high unemployment in local area""}, {""value"": ""6.0"", ""label"": ""Caring responsibilities (not own children)""}, {""value"": ""7.0"", ""label"": ""My age""}, {""value"": ""8.0"", ""label"": ""Disability/health/mental health problems""}, {""value"": ""9.0"", ""label"": ""My race/ethnic origin""}, {""value"": ""10.0"", ""label"": ""Did not enjoy experience of school""}, {""value"": ""11.0"", ""label"": ""Cannot afford it - funding no longer available""}, {""value"": ""12.0"", ""label"": ""Lack of information regarding options available""}, {""value"": ""13.0"", ""label"": ""Need/want more money than is available for training courses""}, {""value"": ""14.0"", ""label"": ""No jobs/places available/too much competition for places""}, {""value"": ""15.0"", ""label"": ""Transport problems""}, {""value"": ""16.0"", ""label"": ""Immigrants taking jobs""}, {""value"": ""17.0"", ""label"": ""Current economic climate/economic recession""}, {""value"": ""18.0"", ""label"": ""Other""}, {""value"": ""19.0"", ""label"": ""Don't want one""}]"
260,W7NEETSpokeYP0a,YP: Whether spoken to this type of adviser in last four weeks - A youth worker,numeric,NOMINAL,-999.0 thru -1.0,"[{""value"": ""-92.0"", ""label"": ""Refused""}, {""value"": ""-91.0"", ""label"": ""Not applicable""}, {""value"": ""-1.0"", ""label"": ""Don't know""}, {""value"": ""0.0"", ""label"": ""Not mentioned""}, {""value"": ""1.0"", ""label"": ""Mentioned""}]"
261,W7NEETSpokeYP0b,YP: Whether spoken to this type of adviser in last four weeks - A Connexions Personal adviser,numeric,NOMINAL,-999.0 thru -1.0,"[{""value"": ""-92.0"", ""label"": ""Refused""}, {""value"": ""-91.0"", ""label"": ""Not applicable""}, {""value"": ""-1.0"", ""label"": ""Don't know""}, {""value"": ""0.0"", ""label"": ""Not mentioned""}, {""value"": ""1.0"", ""label"": ""Mentioned""}]"
262,W7NEETSpokeYP0c,YP: Whether spoken to this type of adviser in last four weeks - A Careers adviser or careers tutor,numeric,NOMINAL,-999.0 thru -1.0,"[{""value"": ""-92.0"", ""label"": ""Refused""}, {""value"": ""-91.0"", ""label"": ""Not applicable""}, {""value"": ""-1.0"", ""label"": ""Don't know""}, {""value"": ""0.0"", ""label"": ""Not mentioned""}, {""value"": ""1.0"", ""label"": ""Mentioned""}]"
263,W7NEETSpokeYP0d,YP: Whether spoken to this type of adviser in last four weeks - A Jobcentre Plus adviser,numeric,NOMINAL,-999.0 thru -1.0,"[{""value"": ""-92.0"", ""label"": ""Refused""}, {""value"": ""-91.0"", ""label"": ""Not applicable""}, {""value"": ""-1.0"", ""label"": ""Don't know""}, {""value"": ""0.0"", ""label"": ""Not mentioned""}, {""value"": ""1.0"", ""label"": ""Mentioned""}]"
264,W7JobFYP,YP: Whether would like a paid job in the future,numeric,NOMINAL,-999.0 thru -1.0,"[{""value"": ""-91.0"", ""label"": ""Not applicable""}, {""value"": ""-1.0"", ""label"": ""Don't know""}, {""value"": ""1.0"", ""label"": ""Yes""}, {""value"": ""2.0"", ""label"": ""No""}]"
265,W7JbApplyYP,YP: Whether applied for any jobs in the last four weeks,numeric,NOMINAL,-999.0 thru -1.0,"[{""value"": ""-91.0"", ""label"": ""Not applicable""}, {""value"": ""-1.0"", ""label"": ""Don't know""}, {""value"": ""1.0"", ""label"": ""Yes""}, {""value"": ""2.0"", ""label"": ""No""}]"
266,W7AskIntYP,YP: Whether asked to interview for any jobs applied to,numeric,NOMINAL,-999.0 thru -1.0,"[{""value"": ""-92.0"", ""label"": ""Refused""}, {""value"": ""-91.0"", ""label"": ""Not applicable""}, {""value"": ""-1.0"", ""label"": ""Don't know""}, {""value"": ""1.0"", ""label"": ""Yes""}, {""value"": ""2.0"", ""label"": ""No""}]"
267,W7JobOffYP,YP: Whether offered a job as a result of applications,numeric,NOMINAL,-999.0 thru -1.0,"[{""value"": ""-92.0"", ""label"": ""Refused""}, {""value"": ""-91.0"", ""label"": ""Not applicable""}, {""value"": ""-1.0"", ""label"": ""Don't know""}, {""value"": ""1.0"", ""label"": ""Yes""}, {""value"": ""2.0"", ""label"": ""No""}, {""value"": ""3.0"", ""label"": ""Waiting for result of application""}]"
268,W7JobEverLYP,YP: Whether think will ever look for paid work,numeric,NOMINAL,-999.0 thru -1.0,"[{""value"": ""-92.0"", ""label"": ""Refused""}, {""value"": ""-91.0"", ""label"": ""Not applicable""}, {""value"": ""-1.0"", ""label"": ""Don't know""}, {""value"": ""1.0"", ""label"": ""Yes""}, {""value"": ""2.0"", ""label"": ""No""}]"
269,W7LookJobYP,YP: How long before start looking for paid work,numeric,NOMINAL,-999.0 thru -1.0,"[{""value"": ""-91.0"", ""label"": ""Not applicable""}, {""value"": ""-1.0"", ""label"": ""Don't know""}, {""value"": ""1.0"", ""label"": ""Next six months""}, {""value"": ""2.0"", ""label"": ""Next 12 months""}, {""value"": ""3.0"", ""label"": ""Next 2 years""}, {""value"": ""4.0"", ""label"": ""Next five years""}, {""value"": ""5.0"", ""label"": ""Depends (please specify)""}]"
270,W7NEET12aYP,YP: Main thing likely to be doing in 12 months time,numeric,NOMINAL,-999.0 thru -1.0,"[{""value"": ""-92.0"", ""label"": ""Refused""}, {""value"": ""-91.0"", ""label"": ""Not applicable""}, {""value"": ""-1.0"", ""label"": ""Don't know""}, {""value"": ""1.0"", ""label"": ""Studying full time for a qualification""}, {""value"": ""2.0"", ""label"": ""In a full-time job (30 or more hours per week)""}, {""value"": ""3.0"", ""label"": ""In an Apprenticeship or similar type of training""}, {""value"": ""4.0"", ""label"": ""or something else""}]"
271,W7NEET12bYP,YP: Main other thing most likely to be doing in 12 months time,numeric,NOMINAL,-999.0 thru -1.0,"[{""value"": ""-92.0"", ""label"": ""Refused""}, {""value"": ""-91.0"", ""label"": ""Not applicable""}, {""value"": ""-1.0"", ""label"": ""Don't know""}, {""value"": ""1.0"", ""label"": ""Looking for work or unemployed""}, {""value"": ""2.0"", ""label"": ""Looking after the home or family full-time""}, {""value"": ""3.0"", ""label"": ""Taking a break from study or work""}, {""value"": ""4.0"", ""label"": ""Part time work""}, {""value"": ""5.0"", ""label"": ""Part time study AND part time work""}, {""value"": ""6.0"", ""label"": ""Other""}]"
272,W7AppExpYP0a,YP: Rating of aspects of Apprenticeship - Pay,numeric,NOMINAL,-999.0 thru -1.0,"[{""value"": ""-91.0"", ""label"": ""Not applicable""}, {""value"": ""-1.0"", ""label"": ""Don't know""}, {""value"": ""1.0"", ""label"": ""Very good""}, {""value"": ""2.0"", ""label"": ""Good""}, {""value"": ""3.0"", ""label"": ""Fair""}, {""value"": ""4.0"", ""label"": ""Poor""}]"
273,W7AppExpYP0b,YP: Rating of aspects of Apprenticeship - Quality of training,numeric,NOMINAL,-999.0 thru -1.0,"[{""value"": ""-91.0"", ""label"": ""Not applicable""}, {""value"": ""-1.0"", ""label"": ""Don't know""}, {""value"": ""1.0"", ""label"": ""Very good""}, {""value"": ""2.0"", ""label"": ""Good""}, {""value"": ""3.0"", ""label"": ""Fair""}, {""value"": ""4.0"", ""label"": ""Poor""}]"
274,W7AppExpYP0c,YP: Rating of aspects of Apprenticeship - Course meets expectations,numeric,NOMINAL,-999.0 thru -1.0,"[{""value"": ""-91.0"", ""label"": ""Not applicable""}, {""value"": ""-1.0"", ""label"": ""Don't know""}, {""value"": ""1.0"", ""label"": ""Very good""}, {""value"": ""2.0"", ""label"": ""Good""}, {""value"": ""3.0"", ""label"": ""Fair""}, {""value"": ""4.0"", ""label"": ""Poor""}]"
275,W7AppImpYP,YP: Whether any improvements could be made to Apprenticeship,numeric,NOMINAL,-999.0 thru -1.0,"[{""value"": ""-91.0"", ""label"": ""Not applicable""}, {""value"": ""-1.0"", ""label"": ""Don't know""}, {""value"": ""1.0"", ""label"": ""Yes""}, {""value"": ""2.0"", ""label"": ""No""}]"
276,W7AppImp2YP0a,YP: What improvements could be made to Apprenticeship - Better quality of teaching,numeric,NOMINAL,-999.0 thru -1.0,"[{""value"": ""-92.0"", ""label"": ""Refused""}, {""value"": ""-91.0"", ""label"": ""Not applicable""}, {""value"": ""-1.0"", ""label"": ""Don't know""}, {""value"": ""0.0"", ""label"": ""Not mentioned""}, {""value"": ""1.0"", ""label"": ""Mentioned""}]"
277,W7AppImp2YP0b,YP: What improvements could be made to Apprenticeship - Less paperwork,numeric,NOMINAL,-999.0 thru -1.0,"[{""value"": ""-92.0"", ""label"": ""Refused""}, {""value"": ""-91.0"", ""label"": ""Not applicable""}, {""value"": ""-1.0"", ""label"": ""Don't know""}, {""value"": ""0.0"", ""label"": ""Not mentioned""}, {""value"": ""1.0"", ""label"": ""Mentioned""}]"
278,W7AppImp2YP0c,YP: What improvements could be made to Apprenticeship - More contact time with tutors,numeric,NOMINAL,-999.0 thru -1.0,"[{""value"": ""-92.0"", ""label"": ""Refused""}, {""value"": ""-91.0"", ""label"": ""Not applicable""}, {""value"": ""-1.0"", ""label"": ""Don't know""}, {""value"": ""0.0"", ""label"": ""Not mentioned""}, {""value"": ""1.0"", ""label"": ""Mentioned""}]"
279,W7AppImp2YP0d,YP: What improvements could be made to Apprenticeship - More intensive / challenging training in the classroom,numeric,NOMINAL,-999.0 thru -1.0,"[{""value"": ""-92.0"", ""label"": ""Refused""}, {""value"": ""-91.0"", ""label"": ""Not applicable""}, {""value"": ""-1.0"", ""label"": ""Don't know""}, {""value"": ""0.0"", ""label"": ""Not mentioned""}, {""value"": ""1.0"", ""label"": ""Mentioned""}]"
280,W7AppImp2YP0e,YP: What improvements could be made to Apprenticeship - More intensive / challenging training in the work place,numeric,NOMINAL,-999.0 thru -1.0,"[{""value"": ""-92.0"", ""label"": ""Refused""}, {""value"": ""-91.0"", ""label"": ""Not applicable""}, {""value"": ""-1.0"", ""label"": ""Don't know""}, {""value"": ""0.0"", ""label"": ""Not mentioned""}, {""value"": ""1.0"", ""label"": ""Mentioned""}]"
281,W7AppImp2YP0f,YP: What improvements could be made to Apprenticeship - More money,numeric,NOMINAL,-999.0 thru -1.0,"[{""value"": ""-92.0"", ""label"": ""Refused""}, {""value"": ""-91.0"", ""label"": ""Not applicable""}, {""value"": ""-1.0"", ""label"": ""Don't know""}, {""value"": ""0.0"", ""label"": ""Not mentioned""}, {""value"": ""1.0"", ""label"": ""Mentioned""}]"
282,W7AppImp2YP0g,YP: What improvements could be made to Apprenticeship - More one-on-one time with assessors,numeric,NOMINAL,-999.0 thru -1.0,"[{""value"": ""-92.0"", ""label"": ""Refused""}, {""value"": ""-91.0"", ""label"": ""Not applicable""}, {""value"": ""-1.0"", ""label"": ""Don't know""}, {""value"": ""0.0"", ""label"": ""Not mentioned""}, {""value"": ""1.0"", ""label"": ""Mentioned""}]"
283,W7AppImp2YP0h,YP: What improvements could be made to Apprenticeship - More intensive/challenging training (no further detail given),numeric,NOMINAL,-999.0 thru -1.0,"[{""value"": ""-92.0"", ""label"": ""Refused""}, {""value"": ""-91.0"", ""label"": ""Not applicable""}, {""value"": ""-1.0"", ""label"": ""Don't know""}, {""value"": ""0.0"", ""label"": ""Not mentioned""}, {""value"": ""1.0"", ""label"": ""Mentioned""}]"
284,W7AppImp2YP0i,YP: What improvements could be made to Apprenticeship - More time to complete course/study/complete coursework,numeric,NOMINAL,-999.0 thru -1.0,"[{""value"": ""-92.0"", ""label"": ""Refused""}, {""value"": ""-91.0"", ""label"": ""Not applicable""}, {""value"": ""-1.0"", ""label"": ""Don't know""}, {""value"": ""0.0"", ""label"": ""Not mentioned""}, {""value"": ""1.0"", ""label"": ""Mentioned""}]"
285,W7AppImp2YP0j,YP: What improvements could be made to Apprenticeship - Better organisation/structure,numeric,NOMINAL,-999.0 thru -1.0,"[{""value"": ""-92.0"", ""label"": ""Refused""}, {""value"": ""-91.0"", ""label"": ""Not applicable""}, {""value"": ""-1.0"", ""label"": ""Don't know""}, {""value"": ""0.0"", ""label"": ""Not mentioned""}, {""value"": ""1.0"", ""label"": ""Mentioned""}]"
286,W7AppImp2YP0k,YP: What improvements could be made to Apprenticeship - Other,numeric,NOMINAL,-999.0 thru -1.0,"[{""value"": ""-92.0"", ""label"": ""Refused""}, {""value"": ""-91.0"", ""label"": ""Not applicable""}, {""value"": ""-1.0"", ""label"": ""Don't know""}, {""value"": ""0.0"", ""label"": ""Not mentioned""}, {""value"": ""1.0"", ""label"": ""Mentioned""}]"
287,W7AppImp2YP0l,YP: What improvements could be made to Apprenticeship - No Answer,numeric,NOMINAL,-999.0 thru -1.0,"[{""value"": ""-92.0"", ""label"": ""Refused""}, {""value"": ""-91.0"", ""label"": ""Not applicable""}, {""value"": ""-1.0"", ""label"": ""Don't know""}, {""value"": ""0.0"", ""label"": ""Not mentioned""}, {""value"": ""1.0"", ""label"": ""Mentioned""}]"
288,W7AppImp2YP0m,YP: What improvements could be made to Apprenticeship - Don't know,numeric,NOMINAL,-999.0 thru -1.0,"[{""value"": ""-92.0"", ""label"": ""Refused""}, {""value"": ""-91.0"", ""label"": ""Not applicable""}, {""value"": ""-1.0"", ""label"": ""Don't know""}, {""value"": ""0.0"", ""label"": ""Not mentioned""}, {""value"": ""1.0"", ""label"": ""Mentioned""}]"
289,W7AppComYP,YP: Confidence in completing Apprenticeship,numeric,NOMINAL,-999.0 thru -1.0,"[{""value"": ""-91.0"", ""label"": ""Not applicable""}, {""value"": ""-1.0"", ""label"": ""Don't know""}, {""value"": ""1.0"", ""label"": ""Very confident""}, {""value"": ""2.0"", ""label"": ""Fairly confident""}, {""value"": ""3.0"", ""label"": ""Not very confident""}, {""value"": ""4.0"", ""label"": ""Not at all confident""}]"
290,W7AppReaYP0a,YP: Reasons for doing Apprenticeship - It allows me to keep my options about the future open,numeric,NOMINAL,-999.0 thru -1.0,"[{""value"": ""-91.0"", ""label"": ""Not applicable""}, {""value"": ""-1.0"", ""label"": ""Don't know""}, {""value"": ""1.0"", ""label"": ""Strongly agree""}, {""value"": ""2.0"", ""label"": ""Agree""}, {""value"": ""3.0"", ""label"": ""Disagree""}, {""value"": ""4.0"", ""label"": ""Strongly disagree""}]"
291,W7AppReaYP0b,YP: Reasons for doing Apprenticeship - I wanted to do something practical rather than academic,numeric,NOMINAL,-999.0 thru -1.0,"[{""value"": ""-91.0"", ""label"": ""Not applicable""}, {""value"": ""-1.0"", ""label"": ""Don't know""}, {""value"": ""1.0"", ""label"": ""Strongly agree""}, {""value"": ""2.0"", ""label"": ""Agree""}, {""value"": ""3.0"", ""label"": ""Disagree""}, {""value"": ""4.0"", ""label"": ""Strongly disagree""}]"
292,W7AppReaYP0c,YP: Reasons for doing Apprenticeship - I liked the idea of getting a job and doing training at the same time,numeric,NOMINAL,-999.0 thru -1.0,"[{""value"": ""-91.0"", ""label"": ""Not applicable""}, {""value"": ""-1.0"", ""label"": ""Don't know""}, {""value"": ""1.0"", ""label"": ""Strongly agree""}, {""value"": ""2.0"", ""label"": ""Agree""}, {""value"": ""3.0"", ""label"": ""Disagree""}, {""value"": ""4.0"", ""label"": ""Strongly disagree""}]"
293,W7AppReaYP0d,YP: Reasons for doing Apprenticeship - It provides good pay prospects for the future,numeric,NOMINAL,-999.0 thru -1.0,"[{""value"": ""-91.0"", ""label"": ""Not applicable""}, {""value"": ""-1.0"", ""label"": ""Don't know""}, {""value"": ""1.0"", ""label"": ""Strongly agree""}, {""value"": ""2.0"", ""label"": ""Agree""}, {""value"": ""3.0"", ""label"": ""Disagree""}, {""value"": ""4.0"", ""label"": ""Strongly disagree""}]"
294,W7AppReaYP0e,YP: Reasons for doing Apprenticeship - I have good career prospects on completing the course,numeric,NOMINAL,-999.0 thru -1.0,"[{""value"": ""-91.0"", ""label"": ""Not applicable""}, {""value"": ""-1.0"", ""label"": ""Don't know""}, {""value"": ""1.0"", ""label"": ""Strongly agree""}, {""value"": ""2.0"", ""label"": ""Agree""}, {""value"": ""3.0"", ""label"": ""Disagree""}, {""value"": ""4.0"", ""label"": ""Strongly disagree""}]"
295,W7AppReaYP0f,YP: Reasons for doing Apprenticeship - It provides the qualifications you need to enter certain occupations,numeric,NOMINAL,-999.0 thru -1.0,"[{""value"": ""-91.0"", ""label"": ""Not applicable""}, {""value"": ""-1.0"", ""label"": ""Don't know""}, {""value"": ""1.0"", ""label"": ""Strongly agree""}, {""value"": ""2.0"", ""label"": ""Agree""}, {""value"": ""3.0"", ""label"": ""Disagree""}, {""value"": ""4.0"", ""label"": ""Strongly disagree""}]"
296,W7AppReaYP0g,YP: Reasons for doing Apprenticeship - It is a well recognised qualification,numeric,NOMINAL,-999.0 thru -1.0,"[{""value"": ""-91.0"", ""label"": ""Not applicable""}, {""value"": ""-1.0"", ""label"": ""Don't know""}, {""value"": ""1.0"", ""label"": ""Strongly agree""}, {""value"": ""2.0"", ""label"": ""Agree""}, {""value"": ""3.0"", ""label"": ""Disagree""}, {""value"": ""4.0"", ""label"": ""Strongly disagree""}]"
297,W7AppReaYP0h,YP: Reasons for doing Apprenticeship - I need to earn money whilst training,numeric,NOMINAL,-999.0 thru -1.0,"[{""value"": ""-91.0"", ""label"": ""Not applicable""}, {""value"": ""-1.0"", ""label"": ""Don't know""}, {""value"": ""1.0"", ""label"": ""Strongly agree""}, {""value"": ""2.0"", ""label"": ""Agree""}, {""value"": ""3.0"", ""label"": ""Disagree""}, {""value"": ""4.0"", ""label"": ""Strongly disagree""}]"
298,W7AppFindYP0a,YP: How first found out about Apprenticeship - Local media,numeric,NOMINAL,-999.0 thru -1.0,"[{""value"": ""-92.0"", ""label"": ""Refused""}, {""value"": ""-91.0"", ""label"": ""Not applicable""}, {""value"": ""-1.0"", ""label"": ""Don't know""}, {""value"": ""0.0"", ""label"": ""Not mentioned""}, {""value"": ""1.0"", ""label"": ""Mentioned""}]"
299,W7AppFindYP0b,YP: How first found out about Apprenticeship - Connexions,numeric,NOMINAL,-999.0 thru -1.0,"[{""value"": ""-92.0"", ""label"": ""Refused""}, {""value"": ""-91.0"", ""label"": ""Not applicable""}, {""value"": ""-1.0"", ""label"": ""Don't know""}, {""value"": ""0.0"", ""label"": ""Not mentioned""}, {""value"": ""1.0"", ""label"": ""Mentioned""}]"
300,W7AppFindYP0c,YP: How first found out about Apprenticeship - From an employer / through work,numeric,NOMINAL,-999.0 thru -1.0,"[{""value"": ""-92.0"", ""label"": ""Refused""}, {""value"": ""-91.0"", ""label"": ""Not applicable""}, {""value"": ""-1.0"", ""label"": ""Don't know""}, {""value"": ""0.0"", ""label"": ""Not mentioned""}, {""value"": ""1.0"", ""label"": ""Mentioned""}]"
301,W7AppFindYP0d,"YP: How first found out about Apprenticeship - Personal connections (family, friends or associates)",numeric,NOMINAL,-999.0 thru -1.0,"[{""value"": ""-92.0"", ""label"": ""Refused""}, {""value"": ""-91.0"", ""label"": ""Not applicable""}, {""value"": ""-1.0"", ""label"": ""Don't know""}, {""value"": ""0.0"", ""label"": ""Not mentioned""}, {""value"": ""1.0"", ""label"": ""Mentioned""}]"
302,W7AppFindYP0e,YP: How first found out about Apprenticeship - Through an agency,numeric,NOMINAL,-999.0 thru -1.0,"[{""value"": ""-92.0"", ""label"": ""Refused""}, {""value"": ""-91.0"", ""label"": ""Not applicable""}, {""value"": ""-1.0"", ""label"": ""Don't know""}, {""value"": ""0.0"", ""label"": ""Not mentioned""}, {""value"": ""1.0"", ""label"": ""Mentioned""}]"
303,W7AppFindYP0f,YP: How first found out about Apprenticeship - Through college,numeric,NOMINAL,-999.0 thru -1.0,"[{""value"": ""-92.0"", ""label"": ""Refused""}, {""value"": ""-91.0"", ""label"": ""Not applicable""}, {""value"": ""-1.0"", ""label"": ""Don't know""}, {""value"": ""0.0"", ""label"": ""Not mentioned""}, {""value"": ""1.0"", ""label"": ""Mentioned""}]"
304,W7AppFindYP0g,YP: How first found out about Apprenticeship - Through school,numeric,NOMINAL,-999.0 thru -1.0,"[{""value"": ""-92.0"", ""label"": ""Refused""}, {""value"": ""-91.0"", ""label"": ""Not applicable""}, {""value"": ""-1.0"", ""label"": ""Don't know""}, {""value"": ""0.0"", ""label"": ""Not mentioned""}, {""value"": ""1.0"", ""label"": ""Mentioned""}]"
305,W7AppFindYP0h,YP: How first found out about Apprenticeship - Used the internet,numeric,NOMINAL,-999.0 thru -1.0,"[{""value"": ""-92.0"", ""label"": ""Refused""}, {""value"": ""-91.0"", ""label"": ""Not applicable""}, {""value"": ""-1.0"", ""label"": ""Don't know""}, {""value"": ""0.0"", ""label"": ""Not mentioned""}, {""value"": ""1.0"", ""label"": ""Mentioned""}]"
306,W7AppFindYP0i,YP: How first found out about Apprenticeship - Jobcentre Plus,numeric,NOMINAL,-999.0 thru -1.0,"[{""value"": ""-92.0"", ""label"": ""Refused""}, {""value"": ""-91.0"", ""label"": ""Not applicable""}, {""value"": ""-1.0"", ""label"": ""Don't know""}, {""value"": ""0.0"", ""label"": ""Not mentioned""}, {""value"": ""1.0"", ""label"": ""Mentioned""}]"
307,W7AppFindYP0j,YP: How first found out about Apprenticeship - Other,numeric,NOMINAL,-999.0 thru -1.0,"[{""value"": ""-92.0"", ""label"": ""Refused""}, {""value"": ""-91.0"", ""label"": ""Not applicable""}, {""value"": ""-1.0"", ""label"": ""Don't know""}, {""value"": ""0.0"", ""label"": ""Not mentioned""}, {""value"": ""1.0"", ""label"": ""Mentioned""}]"
308,W7AppFindYP0k,YP: How first found out about Apprenticeship - No Answer,numeric,NOMINAL,-999.0 thru -1.0,"[{""value"": ""-92.0"", ""label"": ""Refused""}, {""value"": ""-91.0"", ""label"": ""Not applicable""}, {""value"": ""-1.0"", ""label"": ""Don't know""}, {""value"": ""0.0"", ""label"": ""Not mentioned""}, {""value"": ""1.0"", ""label"": ""Mentioned""}]"
309,W7AppFindYP0l,YP: How first found out about Apprenticeship - Don't know,numeric,NOMINAL,-999.0 thru -1.0,"[{""value"": ""-92.0"", ""label"": ""Refused""}, {""value"": ""-91.0"", ""label"": ""Not applicable""}, {""value"": ""-1.0"", ""label"": ""Don't know""}, {""value"": ""0.0"", ""label"": ""Not mentioned""}, {""value"": ""1.0"", ""label"": ""Mentioned""}]"
310,W7AppOthYP0a,YP: Whether considering other things at same time as Apprenticeship - Getting a job without an apprenticeship,numeric,NOMINAL,-999.0 thru -1.0,"[{""value"": ""-92.0"", ""label"": ""Refused""}, {""value"": ""-91.0"", ""label"": ""Not applicable""}, {""value"": ""-1.0"", ""label"": ""Don't know""}, {""value"": ""0.0"", ""label"": ""Not mentioned""}, {""value"": ""1.0"", ""label"": ""Mentioned""}]"
311,W7AppOthYP0b,YP: Whether considering other things at same time as Apprenticeship - Going to university,numeric,NOMINAL,-999.0 thru -1.0,"[{""value"": ""-92.0"", ""label"": ""Refused""}, {""value"": ""-91.0"", ""label"": ""Not applicable""}, {""value"": ""-1.0"", ""label"": ""Don't know""}, {""value"": ""0.0"", ""label"": ""Not mentioned""}, {""value"": ""1.0"", ""label"": ""Mentioned""}]"
312,W7AppOthYP0c,YP: Whether considering other things at same time as Apprenticeship - Another higher education course,numeric,NOMINAL,-999.0 thru -1.0,"[{""value"": ""-92.0"", ""label"": ""Refused""}, {""value"": ""-91.0"", ""label"": ""Not applicable""}, {""value"": ""-1.0"", ""label"": ""Don't know""}, {""value"": ""0.0"", ""label"": ""Not mentioned""}, {""value"": ""1.0"", ""label"": ""Mentioned""}]"
313,W7AppOthYP0d,YP: Whether considering other things at same time as Apprenticeship - Retaking GCSEs,numeric,NOMINAL,-999.0 thru -1.0,"[{""value"": ""-92.0"", ""label"": ""Refused""}, {""value"": ""-91.0"", ""label"": ""Not applicable""}, {""value"": ""-1.0"", ""label"": ""Don't know""}, {""value"": ""0.0"", ""label"": ""Not mentioned""}, {""value"": ""1.0"", ""label"": ""Mentioned""}]"
314,W7AppOthYP0e,YP: Whether considering other things at same time as Apprenticeship - A different vocational course,numeric,NOMINAL,-999.0 thru -1.0,"[{""value"": ""-92.0"", ""label"": ""Refused""}, {""value"": ""-91.0"", ""label"": ""Not applicable""}, {""value"": ""-1.0"", ""label"": ""Don't know""}, {""value"": ""0.0"", ""label"": ""Not mentioned""}, {""value"": ""1.0"", ""label"": ""Mentioned""}]"
315,W7AppOthYP0f,YP: Whether considering other things at same time as Apprenticeship - Another training course,numeric,NOMINAL,-999.0 thru -1.0,"[{""value"": ""-92.0"", ""label"": ""Refused""}, {""value"": ""-91.0"", ""label"": ""Not applicable""}, {""value"": ""-1.0"", ""label"": ""Don't know""}, {""value"": ""0.0"", ""label"": ""Not mentioned""}, {""value"": ""1.0"", ""label"": ""Mentioned""}]"
316,W7AppOthYP0g,YP: Whether considering other things at same time as Apprenticeship - Other,numeric,NOMINAL,-999.0 thru -1.0,"[{""value"": ""-92.0"", ""label"": ""Refused""}, {""value"": ""-91.0"", ""label"": ""Not applicable""}, {""value"": ""-1.0"", ""label"": ""Don't know""}, {""value"": ""0.0"", ""label"": ""Not mentioned""}, {""value"": ""1.0"", ""label"": ""Mentioned""}]"
317,W7AppFirstYP,YP: Whether Apprenticeship was first choice,numeric,NOMINAL,-999.0 thru -1.0,"[{""value"": ""-91.0"", ""label"": ""Not applicable""}, {""value"": ""-1.0"", ""label"": ""Don't know""}, {""value"": ""1.0"", ""label"": ""Yes""}, {""value"": ""2.0"", ""label"": ""No""}]"
318,W7AppFirst2YP,YP: Activity that was respondent's first choice over an Apprenticeship,numeric,NOMINAL,-999.0 thru -1.0,"[{""value"": ""-91.0"", ""label"": ""Not applicable""}, {""value"": ""-1.0"", ""label"": ""Don't know""}, {""value"": ""1.0"", ""label"": ""Getting a job without an apprenticeship""}, {""value"": ""2.0"", ""label"": ""Going to university""}, {""value"": ""3.0"", ""label"": ""Doing any other Higher Education course""}, {""value"": ""4.0"", ""label"": ""Retaking GCSEs""}, {""value"": ""5.0"", ""label"": ""Doing a different vocational course""}, {""value"": ""6.0"", ""label"": ""Any other training course""}, {""value"": ""7.0"", ""label"": ""Something else""}]"
319,W7AppLearnYP,YP: Whether prefer learning in workplace or at school/college,numeric,NOMINAL,-999.0 thru -1.0,"[{""value"": ""-91.0"", ""label"": ""Not applicable""}, {""value"": ""1.0"", ""label"": ""Prefer learning in the workplace""}, {""value"": ""2.0"", ""label"": ""Prefer learning at school or college""}, {""value"": ""3.0"", ""label"": ""No preference""}]"
320,W7IfPaidYP,YP: Whether gets regular payment for training,numeric,NOMINAL,-999.0 thru -1.0,"[{""value"": ""-91.0"", ""label"": ""Not applicable""}, {""value"": ""-1.0"", ""label"": ""Don't know""}, {""value"": ""1.0"", ""label"": ""Yes""}, {""value"": ""2.0"", ""label"": ""No""}]"
321,W7IfWagesYP0a,YP: Type of payment received for training - Regular wages or salary by an employer,numeric,NOMINAL,-999.0 thru -1.0,"[{""value"": ""-92.0"", ""label"": ""Refused""}, {""value"": ""-91.0"", ""label"": ""Not applicable""}, {""value"": ""-1.0"", ""label"": ""Don't know""}, {""value"": ""0.0"", ""label"": ""Not mentioned""}, {""value"": ""1.0"", ""label"": ""Mentioned""}]"
322,W7IfWagesYP0b,YP: Type of payment received for training - A training allowance of some kind,numeric,NOMINAL,-999.0 thru -1.0,"[{""value"": ""-92.0"", ""label"": ""Refused""}, {""value"": ""-91.0"", ""label"": ""Not applicable""}, {""value"": ""-1.0"", ""label"": ""Don't know""}, {""value"": ""0.0"", ""label"": ""Not mentioned""}, {""value"": ""1.0"", ""label"": ""Mentioned""}]"
323,W7IfWagesYP0c,YP: Type of payment received for training - Something else,numeric,NOMINAL,-999.0 thru -1.0,"[{""value"": ""-92.0"", ""label"": ""Refused""}, {""value"": ""-91.0"", ""label"": ""Not applicable""}, {""value"": ""-1.0"", ""label"": ""Don't know""}, {""value"": ""0.0"", ""label"": ""Not mentioned""}, {""value"": ""1.0"", ""label"": ""Mentioned""}]"
324,W7Fixhr2YP,YP: Whether paid on fixed hourly basis for training/Apprenticeship,numeric,NOMINAL,-999.0 thru -1.0,"[{""value"": ""-91.0"", ""label"": ""Not applicable""}, {""value"": ""-1.0"", ""label"": ""Don't know""}, {""value"": ""1.0"", ""label"": ""Yes""}, {""value"": ""2.0"", ""label"": ""No""}]"
325,W7DFixra2YP,DV: YP Fixed hourly rate for training/Apprenticeship (top-coded),numeric,SCALE,-999.0 thru -1.0,"[{""value"": ""-92.0"", ""label"": ""Refused""}, {""value"": ""-91.0"", ""label"": ""Not applicable""}, {""value"": ""-1.0"", ""label"": ""Don't know""}, {""value"": ""10.0"", ""label"": ""10 or above""}]"
326,W7Fixrachk2YP,YP: Check on hourly rate for training/Apprenticeship,numeric,NOMINAL,-999.0 thru -1.0,"[{""value"": ""-91.0"", ""label"": ""Not applicable""}, {""value"": ""1.0"", ""label"": ""Yes""}, {""value"": ""2.0"", ""label"": ""No""}]"
327,W7DPay2YP,DV: YP Take home pay for training/Apprenticeship (top-coded),numeric,SCALE,-999.0 thru -1.0,"[{""value"": ""-92.0"", ""label"": ""Refused""}, {""value"": ""-91.0"", ""label"": ""Not applicable""}, {""value"": ""-1.0"", ""label"": ""Don't know""}, {""value"": ""1000.0"", ""label"": ""1000 or above""}]"
328,W7Period2YP,YP: Period covered for take home pay for training/Apprenticeship,numeric,NOMINAL,-999.0 thru -1.0,"[{""value"": ""-92.0"", ""label"": ""Refused""}, {""value"": ""-91.0"", ""label"": ""Not applicable""}, {""value"": ""-1.0"", ""label"": ""Don't know""}, {""value"": ""1.0"", ""label"": ""One week""}, {""value"": ""2.0"", ""label"": ""Two weeks""}, {""value"": ""3.0"", ""label"": ""Three weeks""}, {""value"": ""4.0"", ""label"": ""Four weeks""}, {""value"": ""5.0"", ""label"": ""Calendar month""}, {""value"": ""6.0"", ""label"": ""Two calendar months""}, {""value"": ""7.0"", ""label"": ""Eight times a year""}, {""value"": ""8.0"", ""label"": ""Nine times a year""}, {""value"": ""9.0"", ""label"": ""Ten times a year""}, {""value"": ""10.0"", ""label"": ""Three months/ 13 weeks""}, {""value"": ""11.0"", ""label"": ""Six months/ 26 weeks""}, {""value"": ""12.0"", ""label"": ""One year/ 12 months/ 52 weeks""}, {""value"": ""13.0"", ""label"": ""Less than one week""}, {""value"": ""14.0"", ""label"": ""One off lump sum""}, {""value"": ""15.0"", ""label"": ""None of these""}]"
329,W7PayChk2YP,YP: Check on take home pay for training/Apprenticeship,numeric,NOMINAL,-999.0 thru -1.0,"[{""value"": ""-91.0"", ""label"": ""Not applicable""}, {""value"": ""1.0"", ""label"": ""Yes""}, {""value"": ""2.0"", ""label"": ""No""}]"
330,W7AppPay4YP,YP: Whether will continue working for current employer after completing Apprenticeship,numeric,NOMINAL,-999.0 thru -1.0,"[{""value"": ""-91.0"", ""label"": ""Not applicable""}, {""value"": ""-1.0"", ""label"": ""Don't know""}, {""value"": ""1.0"", ""label"": ""Continue working for your current employer""}, {""value"": ""2.0"", ""label"": ""Work in the same field but for a different employer""}, {""value"": ""3.0"", ""label"": ""Or do something else?""}]"
331,W7HECheckYP,YP: Whether still studying for HE qualification not being completed at university,numeric,NOMINAL,-999.0 thru -1.0,"[{""value"": ""-92.0"", ""label"": ""Refused""}, {""value"": ""-91.0"", ""label"": ""Not applicable""}, {""value"": ""-1.0"", ""label"": ""Don't know""}, {""value"": ""1.0"", ""label"": ""Yes""}, {""value"": ""2.0"", ""label"": ""No""}]"
332,W7HETermYP,YP: Whether university/college academic year has finished,numeric,NOMINAL,-999.0 thru -1.0,"[{""value"": ""-91.0"", ""label"": ""Not applicable""}, {""value"": ""-1.0"", ""label"": ""Don't know""}, {""value"": ""1.0"", ""label"": ""Yes""}, {""value"": ""2.0"", ""label"": ""No""}]"
333,W7HEInstSameYP,YP: Whether same HE Institution as at last interview,numeric,NOMINAL,-999.0 thru -1.0,"[{""value"": ""-91.0"", ""label"": ""Not applicable""}, {""value"": ""1.0"", ""label"": ""Yes""}, {""value"": ""2.0"", ""label"": ""No""}, {""value"": ""3.0"", ""label"": ""No – this wasn't the university I was at last year""}]"
334,W7HEQualSameYP,YP: Whether same HE Qualification as at last interview,numeric,NOMINAL,-999.0 thru -1.0,"[{""value"": ""-91.0"", ""label"": ""Not applicable""}, {""value"": ""1.0"", ""label"": ""Yes""}, {""value"": ""2.0"", ""label"": ""No""}]"
335,W7HESubSameYP,YP: Whether same HE subject as at last interview,numeric,NOMINAL,-999.0 thru -1.0,"[{""value"": ""-91.0"", ""label"": ""Not applicable""}, {""value"": ""1.0"", ""label"": ""Yes""}, {""value"": ""2.0"", ""label"": ""No""}]"
336,W7HEFullSameYP,YP: Whether same study type (full/part time) as at last interview,numeric,NOMINAL,-999.0 thru -1.0,"[{""value"": ""-91.0"", ""label"": ""Not applicable""}, {""value"": ""1.0"", ""label"": ""Yes""}, {""value"": ""2.0"", ""label"": ""No""}]"
337,W7HEQual2YP,YP: Higher Education qualification studying for (new/changed study only),numeric,NOMINAL,-999.0 thru -1.0,"[{""value"": ""-91.0"", ""label"": ""Not applicable""}, {""value"": ""-1.0"", ""label"": ""Don't know""}, {""value"": ""1.0"", ""label"": ""Degree""}, {""value"": ""2.0"", ""label"": ""Foundation Degree""}, {""value"": ""3.0"", ""label"": ""Teacher Training (BEd or BA/BSc with QTS)""}, {""value"": ""4.0"", ""label"": ""Diploma in Higher Education""}, {""value"": ""5.0"", ""label"": ""HND""}, {""value"": ""6.0"", ""label"": ""HNC""}, {""value"": ""7.0"", ""label"": ""RSA or OCR Higher Diploma""}, {""value"": ""8.0"", ""label"": ""NVQ level 4 or 5""}, {""value"": ""9.0"", ""label"": ""Certificate in Higher Education""}, {""value"": ""10.0"", ""label"": ""Something else""}]"
338,W7HESubYP,YP: Subject(s) currently studying (new/changed study only),numeric,NOMINAL,-999.0 thru -1.0,"[{""value"": ""-91.0"", ""label"": ""Not applicable""}, {""value"": ""-1.0"", ""label"": ""Don't know""}, {""value"": ""1.0"", ""label"": ""Pre-clinical Medicine""}, {""value"": ""2.0"", ""label"": ""Pre-clinical Dentistry""}, {""value"": ""3.0"", ""label"": ""Clinical Medicine""}, {""value"": ""4.0"", ""label"": ""Clinical Dentistry""}, {""value"": ""5.0"", ""label"": ""Others in Medicine and Dentistry""}, {""value"": ""6.0"", ""label"": ""Anatomy, Physiology and Pathology""}, {""value"": ""7.0"", ""label"": ""Pharmacology, Toxicology and Pharmacy""}, {""value"": ""8.0"", ""label"": ""Complementary Medicine""}, {""value"": ""9.0"", ""label"": ""Nutrition""}, {""value"": ""10.0"", ""label"": ""Ophthalmics""}, {""value"": ""11.0"", ""label"": ""Aural and Oral Sciences""}, {""value"": ""12.0"", ""label"": ""Nursing""}, {""value"": ""13.0"", ""label"": ""Medical Technology""}, {""value"": ""14.0"", ""label"": ""Others in Subjects allied to Medicine""}, {""value"": ""15.0"", ""label"": ""Biology""}, {""value"": ""16.0"", ""label"": ""Botany""}, {""value"": ""17.0"", ""label"": ""Zoology""}, {""value"": ""18.0"", ""label"": ""Genetics""}, {""value"": ""19.0"", ""label"": ""Microbiology""}, {""value"": ""20.0"", ""label"": ""Sports Science""}, {""value"": ""21.0"", ""label"": ""Molecular Biology, Biophysics and Biochemistry""}, {""value"": ""22.0"", ""label"": ""Psychology""}, {""value"": ""23.0"", ""label"": ""Others in Biological Sciences""}, {""value"": ""24.0"", ""label"": ""Pre-clinical Veterinary Medicine""}, {""value"": ""25.0"", ""label"": ""Clinical Veterinary Medicine and Dentistry""}, {""value"": ""26.0"", ""label"": ""Animal Science""}, {""value"": ""27.0"", ""label"": ""Agriculture""}, {""value"": ""28.0"", ""label"": ""Forestry""}, {""value"": ""29.0"", ""label"": ""Food and Beverage Studies""}, {""value"": ""30.0"", ""label"": ""Agricultural Sciences""}, {""value"": ""31.0"", ""label"": ""Others in Veterinary Sciences, Agriculture and related subje""}, {""value"": ""32.0"", ""label"": ""Chemistry""}, {""value"": ""33.0"", ""label"": ""Materials Science""}, {""value"": ""34.0"", ""label"": ""Physics""}, {""value"": ""35.0"", ""label"": ""Forensic and Archaeological Science""}, {""value"": ""36.0"", ""label"": ""Astronomy""}, {""value"": ""37.0"", ""label"": ""Geology""}, {""value"": ""38.0"", ""label"": ""Ocean Sciences""}, {""value"": ""39.0"", ""label"": ""Physical and Terrestrial Geographical and Environmental Scie""}, {""value"": ""40.0"", ""label"": ""Others in Physical Sciences""}, {""value"": ""41.0"", ""label"": ""Mathematics""}, {""value"": ""42.0"", ""label"": ""Operational Research""}, {""value"": ""43.0"", ""label"": ""Statistics""}, {""value"": ""44.0"", ""label"": ""Computer Science""}, {""value"": ""45.0"", ""label"": ""Information Systems""}, {""value"": ""46.0"", ""label"": ""Software Engineering""}, {""value"": ""47.0"", ""label"": ""Artificial Intelligence""}, {""value"": ""48.0"", ""label"": ""Others in Mathematical and Computing Sciences""}, {""value"": ""49.0"", ""label"": ""General Engineering""}, {""value"": ""50.0"", ""label"": ""Civil Engineering""}, {""value"": ""51.0"", ""label"": ""Mechanical Engineering""}, {""value"": ""52.0"", ""label"": ""Aerospace Engineering""}, {""value"": ""53.0"", ""label"": ""Naval Architecture""}, {""value"": ""54.0"", ""label"": ""Electronic and Electrical Engineering""}, {""value"": ""55.0"", ""label"": ""Production and Manufacturing Engineering""}, {""value"": ""56.0"", ""label"": ""Chemical, Process and Energy Engineering""}, {""value"": ""57.0"", ""label"": ""Others in Engineering""}, {""value"": ""58.0"", ""label"": ""Minerals Technology""}, {""value"": ""59.0"", ""label"": ""Metallurgy""}, {""value"": ""60.0"", ""label"": ""Ceramics and Glasses""}, {""value"": ""61.0"", ""label"": ""Polymers and Textiles""}, {""value"": ""62.0"", ""label"": ""Materials Technology not otherwise specified""}, {""value"": ""63.0"", ""label"": ""Maritime Technology""}, {""value"": ""64.0"", ""label"": ""Industrial Biotechnology""}, {""value"": ""65.0"", ""label"": ""Others in Technology""}, {""value"": ""66.0"", ""label"": ""Architecture""}, {""value"": ""67.0"", ""label"": ""Building""}, {""value"": ""68.0"", ""label"": ""Landscape Design""}, {""value"": ""69.0"", ""label"": ""Planning (Urban, Rural and Regional)""}, {""value"": ""70.0"", ""label"": ""Others in Architecture, Building and Planning""}, {""value"": ""71.0"", ""label"": ""Economics""}, {""value"": ""72.0"", ""label"": ""Politics""}, {""value"": ""73.0"", ""label"": ""Sociology""}, {""value"": ""74.0"", ""label"": ""Social Policy""}, {""value"": ""75.0"", ""label"": ""Social Work""}, {""value"": ""76.0"", ""label"": ""Anthropology""}, {""value"": ""77.0"", ""label"": ""Human and Social geography""}, {""value"": ""78.0"", ""label"": ""Others in Social Studies""}, {""value"": ""79.0"", ""label"": ""Law by area""}, {""value"": ""80.0"", ""label"": ""Law by topic""}, {""value"": ""81.0"", ""label"": ""Other in Law""}, {""value"": ""82.0"", ""label"": ""Business Studies""}, {""value"": ""83.0"", ""label"": ""Management Studies""}, {""value"": ""84.0"", ""label"": ""Finance""}, {""value"": ""85.0"", ""label"": ""Accounting""}, {""value"": ""86.0"", ""label"": ""Marketing""}, {""value"": ""87.0"", ""label"": ""Human Resource Management""}, {""value"": ""88.0"", ""label"": ""Office skills""}, {""value"": ""89.0"", ""label"": ""Tourism, Transport and Travel""}, {""value"": ""90.0"", ""label"": ""Others in Business and Administrative Studies""}, {""value"": ""91.0"", ""label"": ""Information Services""}, {""value"": ""92.0"", ""label"": ""Publicity Studies""}, {""value"": ""93.0"", ""label"": ""Media Studies""}, {""value"": ""94.0"", ""label"": ""Publishing""}, {""value"": ""95.0"", ""label"": ""Journalism""}, {""value"": ""96.0"", ""label"": ""Others in Mass Communications and Documentation""}, {""value"": ""97.0"", ""label"": ""Linguistics""}, {""value"": ""98.0"", ""label"": ""Comparative Literary Studies""}, {""value"": ""99.0"", ""label"": ""English Studies""}, {""value"": ""100.0"", ""label"": ""Ancient Language Studies""}, {""value"": ""101.0"", ""label"": ""Celtic Studies""}, {""value"": ""102.0"", ""label"": ""Latin Studies""}, {""value"": ""103.0"", ""label"": ""Classical Greek Studies""}, {""value"": ""104.0"", ""label"": ""Classical Studies""}, {""value"": ""105.0"", ""label"": ""Others in Linguistics, Classics and related subjects""}, {""value"": ""106.0"", ""label"": ""French Studies""}, {""value"": ""107.0"", ""label"": ""German Studies""}, {""value"": ""108.0"", ""label"": ""Italian Studies""}, {""value"": ""109.0"", ""label"": ""Spanish Studies""}, {""value"": ""110.0"", ""label"": ""Portuguese Studies""}, {""value"": ""111.0"", ""label"": ""Scandinavian Studies""}, {""value"": ""112.0"", ""label"": ""Russian and East European Studies""}, {""value"": ""113.0"", ""label"": ""Others in European Languages, Literature and related subject""}, {""value"": ""114.0"", ""label"": ""Chinese Studies""}, {""value"": ""115.0"", ""label"": ""Japanese Studies""}, {""value"": ""116.0"", ""label"": ""South Asian Studies""}, {""value"": ""117.0"", ""label"": ""Other Asian Studies""}, {""value"": ""118.0"", ""label"": ""African Studies""}, {""value"": ""119.0"", ""label"": ""Modern Middle Eastern Studies""}, {""value"": ""120.0"", ""label"": ""American Studies""}, {""value"": ""121.0"", ""label"": ""Australasian Studies""}, {""value"": ""122.0"", ""label"": ""Others in Eastern, Asiatic, African, American and Australasi""}, {""value"": ""123.0"", ""label"": ""History by period""}, {""value"": ""124.0"", ""label"": ""History by area""}, {""value"": ""125.0"", ""label"": ""History by topic""}, {""value"": ""126.0"", ""label"": ""Archaeology""}, {""value"": ""127.0"", ""label"": ""Philosophy""}, {""value"": ""128.0"", ""label"": ""Theology and Religious Studies""}, {""value"": ""129.0"", ""label"": ""Others in Historical and Philosophical studies""}, {""value"": ""130.0"", ""label"": ""Fine Art""}, {""value"": ""131.0"", ""label"": ""Design Studies""}, {""value"": ""132.0"", ""label"": ""Music""}, {""value"": ""133.0"", ""label"": ""Drama""}, {""value"": ""134.0"", ""label"": ""Dance""}, {""value"": ""135.0"", ""label"": ""Cinematics and Photography""}, {""value"": ""136.0"", ""label"": ""Crafts""}, {""value"": ""137.0"", ""label"": ""Imaginative Writing""}, {""value"": ""138.0"", ""label"": ""Others in Creative Arts and Design""}, {""value"": ""139.0"", ""label"": ""Training Teachers""}, {""value"": ""140.0"", ""label"": ""Research and Study skills in Education""}, {""value"": ""141.0"", ""label"": ""Academic Studies in Education""}, {""value"": ""142.0"", ""label"": ""Others in Education""}, {""value"": ""143.0"", ""label"": ""Subject not specified""}, {""value"": ""144.0"", ""label"": ""No Answer""}, {""value"": ""145.0"", ""label"": ""Other""}]"
339,W7HEFullYP,YP: Whether doing a full or part time course (new/changed study only),numeric,NOMINAL,-999.0 thru -1.0,"[{""value"": ""-91.0"", ""label"": ""Not applicable""}, {""value"": ""-1.0"", ""label"": ""Don't know""}, {""value"": ""1.0"", ""label"": ""Full time course""}, {""value"": ""2.0"", ""label"": ""Part time course""}]"
340,W7HEHomeYP,YP: Whether lives at home during term-time,numeric,NOMINAL,-999.0 thru -1.0,"[{""value"": ""-91.0"", ""label"": ""Not applicable""}, {""value"": ""-1.0"", ""label"": ""Don't know""}, {""value"": ""1.0"", ""label"": ""Yes""}, {""value"": ""2.0"", ""label"": ""No""}]"
341,W7HEHomeWYP0a,YP: Main reasons live at home with parents/guardians - To save money,numeric,NOMINAL,-999.0 thru -1.0,"[{""value"": ""-91.0"", ""label"": ""Not applicable""}, {""value"": ""-1.0"", ""label"": ""Dont know""}, {""value"": ""0.0"", ""label"": ""Not mentioned""}, {""value"": ""1.0"", ""label"": ""Mentioned""}]"
342,W7HEHomeWYP0b,YP: Main reasons live at home with parents/guardians - To be near friends,numeric,NOMINAL,-999.0 thru -1.0,"[{""value"": ""-91.0"", ""label"": ""Not applicable""}, {""value"": ""-1.0"", ""label"": ""Dont know""}, {""value"": ""0.0"", ""label"": ""Not mentioned""}, {""value"": ""1.0"", ""label"": ""Mentioned""}]"
343,W7HEHomeWYP0c,YP: Main reasons live at home with parents/guardians - To live with family,numeric,NOMINAL,-999.0 thru -1.0,"[{""value"": ""-91.0"", ""label"": ""Not applicable""}, {""value"": ""-1.0"", ""label"": ""Dont know""}, {""value"": ""0.0"", ""label"": ""Not mentioned""}, {""value"": ""1.0"", ""label"": ""Mentioned""}]"
344,W7HEHomeWYP0d,YP: Main reasons live at home with parents/guardians - To be near a partner,numeric,NOMINAL,-999.0 thru -1.0,"[{""value"": ""-91.0"", ""label"": ""Not applicable""}, {""value"": ""0.0"", ""label"": ""Not mentioned""}, {""value"": ""1.0"", ""label"": ""Mentioned""}]"
345,W7HEHomeWYP0e,YP: Main reasons live at home with parents/guardians - Did not need to move - university is close to home,numeric,NOMINAL,-999.0 thru -1.0,"[{""value"": ""-91.0"", ""label"": ""Not applicable""}, {""value"": ""0.0"", ""label"": ""Not mentioned""}, {""value"": ""1.0"", ""label"": ""Mentioned""}]"
346,W7HEHomeWYP0f,YP: Main reasons live at home with parents/guardians - To keep a job,numeric,NOMINAL,-999.0 thru -1.0,"[{""value"": ""-91.0"", ""label"": ""Not applicable""}, {""value"": ""0.0"", ""label"": ""Not mentioned""}, {""value"": ""1.0"", ""label"": ""Mentioned""}]"
347,W7HEHomeWYP0g,YP: Main reasons live at home with parents/guardians - More convenient,numeric,NOMINAL,-999.0 thru -1.0,"[{""value"": ""-91.0"", ""label"": ""Not applicable""}, {""value"": ""0.0"", ""label"": ""Not mentioned""}, {""value"": ""1.0"", ""label"": ""Mentioned""}]"
348,W7HEHomeWYP0h,YP: Main reasons live at home with parents/guardians - Suitable accommodation not available,numeric,NOMINAL,-999.0 thru -1.0,"[{""value"": ""-91.0"", ""label"": ""Not applicable""}, {""value"": ""0.0"", ""label"": ""Not mentioned""}, {""value"": ""1.0"", ""label"": ""Mentioned""}]"
349,W7HEHomeWYP0i,YP: Main reasons live at home with parents/guardians - To care for a family member,numeric,NOMINAL,-999.0 thru -1.0,"[{""value"": ""-91.0"", ""label"": ""Not applicable""}, {""value"": ""0.0"", ""label"": ""Not mentioned""}, {""value"": ""1.0"", ""label"": ""Mentioned""}]"
350,W7HEHomeWYP0j,YP: Main reasons live at home with parents/guardians - Not allowed to move,numeric,NOMINAL,-999.0 thru -1.0,"[{""value"": ""-91.0"", ""label"": ""Not applicable""}, {""value"": ""0.0"", ""label"": ""Not mentioned""}, {""value"": ""1.0"", ""label"": ""Mentioned""}]"
351,W7HEHomeWYP0k,YP: Main reasons live at home with parents/guardians - Because of sports/hobby commitments,numeric,NOMINAL,-999.0 thru -1.0,"[{""value"": ""-91.0"", ""label"": ""Not applicable""}, {""value"": ""0.0"", ""label"": ""Not mentioned""}, {""value"": ""1.0"", ""label"": ""Mentioned""}]"
352,W7HEHomeWYP0l,YP: Main reasons live at home with parents/guardians - Health reasons,numeric,NOMINAL,-999.0 thru -1.0,"[{""value"": ""-91.0"", ""label"": ""Not applicable""}, {""value"": ""0.0"", ""label"": ""Not mentioned""}, {""value"": ""1.0"", ""label"": ""Mentioned""}]"
353,W7HEHomeWYP0m,YP: Main reasons live at home with parents/guardians - Cultural reasons,numeric,NOMINAL,-999.0 thru -1.0,"[{""value"": ""-91.0"", ""label"": ""Not applicable""}, {""value"": ""0.0"", ""label"": ""Not mentioned""}, {""value"": ""1.0"", ""label"": ""Mentioned""}]"
354,W7HEHomeWYP0n,YP: Main reasons live at home with parents/guardians - For some other reason,numeric,NOMINAL,-999.0 thru -1.0,"[{""value"": ""-91.0"", ""label"": ""Not applicable""}, {""value"": ""0.0"", ""label"": ""Not mentioned""}, {""value"": ""1.0"", ""label"": ""Mentioned""}]"
355,W7HEHomeWYP0o,YP: Main reasons live at home with parents/guardians - Don't know,numeric,NOMINAL,-999.0 thru -1.0,"[{""value"": ""-91.0"", ""label"": ""Not applicable""}, {""value"": ""0.0"", ""label"": ""Not mentioned""}, {""value"": ""1.0"", ""label"": ""Mentioned""}]"
356,W7HEHomeWYP0p,YP: Main reasons live at home with parents/guardians - Refused,numeric,NOMINAL,-999.0 thru -1.0,"[{""value"": ""-91.0"", ""label"": ""Not applicable""}, {""value"": ""0.0"", ""label"": ""Not mentioned""}, {""value"": ""1.0"", ""label"": ""Mentioned""}]"
357,W7InstPrefYP,YP: Whether current institution was first choice (new/changed study only),numeric,NOMINAL,-999.0 thru -1.0,"[{""value"": ""-91.0"", ""label"": ""Not applicable""}, {""value"": ""-1.0"", ""label"": ""Don't know""}, {""value"": ""1.0"", ""label"": ""Yes""}, {""value"": ""2.0"", ""label"": ""No""}]"
358,W7InstPrefNoYP0a,YP: Why did not end up going to your first choice of institution - Did not get an offer,numeric,NOMINAL,-999.0 thru -1.0,"[{""value"": ""-91.0"", ""label"": ""Not applicable""}, {""value"": ""0.0"", ""label"": ""Not mentioned""}, {""value"": ""1.0"", ""label"": ""Mentioned""}]"
359,W7InstPrefNoYP0b,YP: Why did not end up going to your first choice of institution - Did not get required grades/points,numeric,NOMINAL,-999.0 thru -1.0,"[{""value"": ""-91.0"", ""label"": ""Not applicable""}, {""value"": ""0.0"", ""label"": ""Not mentioned""}, {""value"": ""1.0"", ""label"": ""Mentioned""}]"
360,W7InstPrefNoYP0c,YP: Why did not end up going to your first choice of institution - Administrative errors resulted in application being rejected,numeric,NOMINAL,-999.0 thru -1.0,"[{""value"": ""-91.0"", ""label"": ""Not applicable""}, {""value"": ""0.0"", ""label"": ""Not mentioned""}, {""value"": ""1.0"", ""label"": ""Mentioned""}]"
361,W7InstPrefNoYP0d,YP: Why did not end up going to your first choice of institution - Changed mind - wanted to do a different course,numeric,NOMINAL,-999.0 thru -1.0,"[{""value"": ""-91.0"", ""label"": ""Not applicable""}, {""value"": ""0.0"", ""label"": ""Not mentioned""}, {""value"": ""1.0"", ""label"": ""Mentioned""}]"
362,W7InstPrefNoYP0e,YP: Why did not end up going to your first choice of institution - Changed mind - wanted to go to a different university,numeric,NOMINAL,-999.0 thru -1.0,"[{""value"": ""-91.0"", ""label"": ""Not applicable""}, {""value"": ""0.0"", ""label"": ""Not mentioned""}, {""value"": ""1.0"", ""label"": ""Mentioned""}]"
363,W7InstPrefNoYP0f,YP: Why did not end up going to your first choice of institution - Family circumstances,numeric,NOMINAL,-999.0 thru -1.0,"[{""value"": ""-91.0"", ""label"": ""Not applicable""}, {""value"": ""0.0"", ""label"": ""Not mentioned""}, {""value"": ""1.0"", ""label"": ""Mentioned""}]"
364,W7InstPrefNoYP0g,YP: Why did not end up going to your first choice of institution - Financial reasons,numeric,NOMINAL,-999.0 thru -1.0,"[{""value"": ""-91.0"", ""label"": ""Not applicable""}, {""value"": ""0.0"", ""label"": ""Not mentioned""}, {""value"": ""1.0"", ""label"": ""Mentioned""}]"
365,W7InstPrefNoYP0h,YP: Why did not end up going to your first choice of institution - Wanted to live at home,numeric,NOMINAL,-999.0 thru -1.0,"[{""value"": ""-91.0"", ""label"": ""Not applicable""}, {""value"": ""0.0"", ""label"": ""Not mentioned""}, {""value"": ""1.0"", ""label"": ""Mentioned""}]"
366,W7InstPrefNoYP0i,YP: Why did not end up going to your first choice of institution - The course was changed/cancelled,numeric,NOMINAL,-999.0 thru -1.0,"[{""value"": ""-91.0"", ""label"": ""Not applicable""}, {""value"": ""0.0"", ""label"": ""Not mentioned""}, {""value"": ""1.0"", ""label"": ""Mentioned""}]"
367,W7InstPrefNoYP0j,YP: Why did not end up going to your first choice of institution - Don't know,numeric,NOMINAL,-999.0 thru -1.0,"[{""value"": ""-91.0"", ""label"": ""Not applicable""}, {""value"": ""0.0"", ""label"": ""Not mentioned""}, {""value"": ""1.0"", ""label"": ""Mentioned""}]"
368,W7InstPrefNoYP0k,YP: Why did not end up going to your first choice of institution - Other,numeric,NOMINAL,-999.0 thru -1.0,"[{""value"": ""-91.0"", ""label"": ""Not applicable""}, {""value"": ""0.0"", ""label"": ""Not mentioned""}, {""value"": ""1.0"", ""label"": ""Mentioned""}]"
369,W7InstPrefNoYP0l,YP: Why did not end up going to your first choice of institution - Refused,numeric,NOMINAL,-999.0 thru -1.0,"[{""value"": ""-91.0"", ""label"": ""Not applicable""}, {""value"": ""0.0"", ""label"": ""Not mentioned""}, {""value"": ""1.0"", ""label"": ""Mentioned""}]"
370,W7SubPrefYP,YP: Whether current subject was first choice (new/changed study only),numeric,NOMINAL,-999.0 thru -1.0,"[{""value"": ""-91.0"", ""label"": ""Not applicable""}, {""value"": ""-1.0"", ""label"": ""Don't know""}, {""value"": ""1.0"", ""label"": ""Yes""}, {""value"": ""2.0"", ""label"": ""No""}]"
371,W7SubPref2YP,YP: First choice of subject,numeric,NOMINAL,-999.0 thru -1.0,"[{""value"": ""-91.0"", ""label"": ""Not applicable""}, {""value"": ""-1.0"", ""label"": ""Don't know""}, {""value"": ""1.0"", ""label"": ""Pre-clinical Medicine""}, {""value"": ""2.0"", ""label"": ""Pre-clinical Dentistry""}, {""value"": ""3.0"", ""label"": ""Clinical Medicine""}, {""value"": ""4.0"", ""label"": ""Clinical Dentistry""}, {""value"": ""5.0"", ""label"": ""Others in Medicine and Dentistry""}, {""value"": ""6.0"", ""label"": ""Anatomy, Physiology and Pathology""}, {""value"": ""7.0"", ""label"": ""Pharmacology, Toxicology and Pharmacy""}, {""value"": ""8.0"", ""label"": ""Complementary Medicine""}, {""value"": ""9.0"", ""label"": ""Nutrition""}, {""value"": ""10.0"", ""label"": ""Ophthalmics""}, {""value"": ""11.0"", ""label"": ""Aural and Oral Sciences""}, {""value"": ""12.0"", ""label"": ""Nursing""}, {""value"": ""13.0"", ""label"": ""Medical Technology""}, {""value"": ""14.0"", ""label"": ""Others in Subjects allied to Medicine""}, {""value"": ""15.0"", ""label"": ""Biology""}, {""value"": ""16.0"", ""label"": ""Botany""}, {""value"": ""17.0"", ""label"": ""Zoology""}, {""value"": ""18.0"", ""label"": ""Genetics""}, {""value"": ""19.0"", ""label"": ""Microbiology""}, {""value"": ""20.0"", ""label"": ""Sports Science""}, {""value"": ""21.0"", ""label"": ""Molecular Biology, Biophysics and Biochemistry""}, {""value"": ""22.0"", ""label"": ""Psychology""}, {""value"": ""23.0"", ""label"": ""Others in Biological Sciences""}, {""value"": ""24.0"", ""label"": ""Pre-clinical Veterinary Medicine""}, {""value"": ""25.0"", ""label"": ""Clinical Veterinary Medicine and Dentistry""}, {""value"": ""26.0"", ""label"": ""Animal Science""}, {""value"": ""27.0"", ""label"": ""Agriculture""}, {""value"": ""28.0"", ""label"": ""Forestry""}, {""value"": ""29.0"", ""label"": ""Food and Beverage Studies""}, {""value"": ""30.0"", ""label"": ""Agricultural Sciences""}, {""value"": ""31.0"", ""label"": ""Others in Veterinary Sciences, Agriculture and related subje""}, {""value"": ""32.0"", ""label"": ""Chemistry""}, {""value"": ""33.0"", ""label"": ""Materials Science""}, {""value"": ""34.0"", ""label"": ""Physics""}, {""value"": ""35.0"", ""label"": ""Forensic and Archaeological Science""}, {""value"": ""36.0"", ""label"": ""Astronomy""}, {""value"": ""37.0"", ""label"": ""Geology""}, {""value"": ""38.0"", ""label"": ""Ocean Sciences""}, {""value"": ""39.0"", ""label"": ""Physical and Terrestrial Geographical and Environmental Scie""}, {""value"": ""40.0"", ""label"": ""Others in Physical Sciences""}, {""value"": ""41.0"", ""label"": ""Mathematics""}, {""value"": ""42.0"", ""label"": ""Operational Research""}, {""value"": ""43.0"", ""label"": ""Statistics""}, {""value"": ""44.0"", ""label"": ""Computer Science""}, {""value"": ""45.0"", ""label"": ""Information Systems""}, {""value"": ""46.0"", ""label"": ""Software Engineering""}, {""value"": ""47.0"", ""label"": ""Artificial Intelligence""}, {""value"": ""48.0"", ""label"": ""Others in Mathematical and Computing Sciences""}, {""value"": ""49.0"", ""label"": ""General Engineering""}, {""value"": ""50.0"", ""label"": ""Civil Engineering""}, {""value"": ""51.0"", ""label"": ""Mechanical Engineering""}, {""value"": ""52.0"", ""label"": ""Aerospace Engineering""}, {""value"": ""53.0"", ""label"": ""Naval Architecture""}, {""value"": ""54.0"", ""label"": ""Electronic and Electrical Engineering""}, {""value"": ""55.0"", ""label"": ""Production and Manufacturing Engineering""}, {""value"": ""56.0"", ""label"": ""Chemical, Process and Energy Engineering""}, {""value"": ""57.0"", ""label"": ""Others in Engineering""}, {""value"": ""58.0"", ""label"": ""Minerals Technology""}, {""value"": ""59.0"", ""label"": ""Metallurgy""}, {""value"": ""60.0"", ""label"": ""Ceramics and Glasses""}, {""value"": ""61.0"", ""label"": ""Polymers and Textiles""}, {""value"": ""62.0"", ""label"": ""Materials Technology not otherwise specified""}, {""value"": ""63.0"", ""label"": ""Maritime Technology""}, {""value"": ""64.0"", ""label"": ""Industrial Biotechnology""}, {""value"": ""65.0"", ""label"": ""Others in Technology""}, {""value"": ""66.0"", ""label"": ""Architecture""}, {""value"": ""67.0"", ""label"": ""Building""}, {""value"": ""68.0"", ""label"": ""Landscape Design""}, {""value"": ""69.0"", ""label"": ""Planning (Urban, Rural and Regional)""}, {""value"": ""70.0"", ""label"": ""Others in Architecture, Building and Planning""}, {""value"": ""71.0"", ""label"": ""Economics""}, {""value"": ""72.0"", ""label"": ""Politics""}, {""value"": ""73.0"", ""label"": ""Sociology""}, {""value"": ""74.0"", ""label"": ""Social Policy""}, {""value"": ""75.0"", ""label"": ""Social Work""}, {""value"": ""76.0"", ""label"": ""Anthropology""}, {""value"": ""77.0"", ""label"": ""Human and Social geography""}, {""value"": ""78.0"", ""label"": ""Others in Social Studies""}, {""value"": ""79.0"", ""label"": ""Law by area""}, {""value"": ""80.0"", ""label"": ""Law by topic""}, {""value"": ""81.0"", ""label"": ""Other in Law""}, {""value"": ""82.0"", ""label"": ""Business Studies""}, {""value"": ""83.0"", ""label"": ""Management Studies""}, {""value"": ""84.0"", ""label"": ""Finance""}, {""value"": ""85.0"", ""label"": ""Accounting""}, {""value"": ""86.0"", ""label"": ""Marketing""}, {""value"": ""87.0"", ""label"": ""Human Resource Management""}, {""value"": ""88.0"", ""label"": ""Office skills""}, {""value"": ""89.0"", ""label"": ""Tourism, Transport and Travel""}, {""value"": ""90.0"", ""label"": ""Others in Business and Administrative Studies""}, {""value"": ""91.0"", ""label"": ""Information Services""}, {""value"": ""92.0"", ""label"": ""Publicity Studies""}, {""value"": ""93.0"", ""label"": ""Media Studies""}, {""value"": ""94.0"", ""label"": ""Publishing""}, {""value"": ""95.0"", ""label"": ""Journalism""}, {""value"": ""96.0"", ""label"": ""Others in Mass Communications and Documentation""}, {""value"": ""97.0"", ""label"": ""Linguistics""}, {""value"": ""98.0"", ""label"": ""Comparative Literary Studies""}, {""value"": ""99.0"", ""label"": ""English Studies""}, {""value"": ""100.0"", ""label"": ""Ancient Language Studies""}, {""value"": ""101.0"", ""label"": ""Celtic Studies""}, {""value"": ""102.0"", ""label"": ""Latin Studies""}, {""value"": ""103.0"", ""label"": ""Classical Greek Studies""}, {""value"": ""104.0"", ""label"": ""Classical Studies""}, {""value"": ""105.0"", ""label"": ""Others in Linguistics, Classics and related subjects""}, {""value"": ""106.0"", ""label"": ""French Studies""}, {""value"": ""107.0"", ""label"": ""German Studies""}, {""value"": ""108.0"", ""label"": ""Italian Studies""}, {""value"": ""109.0"", ""label"": ""Spanish Studies""}, {""value"": ""110.0"", ""label"": ""Portuguese Studies""}, {""value"": ""111.0"", ""label"": ""Scandinavian Studies""}, {""value"": ""112.0"", ""label"": ""Russian and East European Studies""}, {""value"": ""113.0"", ""label"": ""Others in European Languages, Literature and related subject""}, {""value"": ""114.0"", ""label"": ""Chinese Studies""}, {""value"": ""115.0"", ""label"": ""Japanese Studies""}, {""value"": ""116.0"", ""label"": ""South Asian Studies""}, {""value"": ""117.0"", ""label"": ""Other Asian Studies""}, {""value"": ""118.0"", ""label"": ""African Studies""}, {""value"": ""119.0"", ""label"": ""Modern Middle Eastern Studies""}, {""value"": ""120.0"", ""label"": ""American Studies""}, {""value"": ""121.0"", ""label"": ""Australasian Studies""}, {""value"": ""122.0"", ""label"": ""Others in Eastern, Asiatic, African, American and Australasi""}, {""value"": ""123.0"", ""label"": ""History by period""}, {""value"": ""124.0"", ""label"": ""History by area""}, {""value"": ""125.0"", ""label"": ""History by topic""}, {""value"": ""126.0"", ""label"": ""Archaeology""}, {""value"": ""127.0"", ""label"": ""Philosophy""}, {""value"": ""128.0"", ""label"": ""Theology and Religious Studies""}, {""value"": ""129.0"", ""label"": ""Others in Historical and Philosophical studies""}, {""value"": ""130.0"", ""label"": ""Fine Art""}, {""value"": ""131.0"", ""label"": ""Design Studies""}, {""value"": ""132.0"", ""label"": ""Music""}, {""value"": ""133.0"", ""label"": ""Drama""}, {""value"": ""134.0"", ""label"": ""Dance""}, {""value"": ""135.0"", ""label"": ""Cinematics and Photography""}, {""value"": ""136.0"", ""label"": ""Crafts""}, {""value"": ""137.0"", ""label"": ""Imaginative Writing""}, {""value"": ""138.0"", ""label"": ""Others in Creative Arts and Design""}, {""value"": ""139.0"", ""label"": ""Training Teachers""}, {""value"": ""140.0"", ""label"": ""Research and Study skills in Education""}, {""value"": ""141.0"", ""label"": ""Academic Studies in Education""}, {""value"": ""142.0"", ""label"": ""Others in Education""}, {""value"": ""143.0"", ""label"": ""Subject not specified""}, {""value"": ""144.0"", ""label"": ""No Answer""}, {""value"": ""145.0"", ""label"": ""Other""}]"
372,W7SubPrefNoYP,YP: What is the main reason you are not doing your first choice of subject,numeric,NOMINAL,-999.0 thru -1.0,"[{""value"": ""-92.0"", ""label"": ""Refused""}, {""value"": ""-91.0"", ""label"": ""Not applicable""}, {""value"": ""-1.0"", ""label"": ""Don't know""}, {""value"": ""1.0"", ""label"": ""Did not get an offer""}, {""value"": ""2.0"", ""label"": ""Did not get the required grades/points""}, {""value"": ""3.0"", ""label"": ""Changed mind""}, {""value"": ""4.0"", ""label"": ""Something else""}]"
373,W7GradebetYP,YP: Whether grades/points were better than those in offer from institution,numeric,NOMINAL,-999.0 thru -1.0,"[{""value"": ""-91.0"", ""label"": ""Not applicable""}, {""value"": ""-1.0"", ""label"": ""Don't Know""}, {""value"": ""1.0"", ""label"": ""The same as those in your offer""}, {""value"": ""2.0"", ""label"": ""Better than those in your offer""}, {""value"": ""3.0"", ""label"": ""Worse than those in your offer""}, {""value"": ""4.0"", ""label"": ""Already knew grades before applied""}]"
374,W7JobEnd2YP,YP: Whether has a particular job in mind for after university/college,numeric,NOMINAL,-999.0 thru -1.0,"[{""value"": ""-91.0"", ""label"": ""Not applicable""}, {""value"": ""-1.0"", ""label"": ""Don't know""}, {""value"": ""1.0"", ""label"": ""Yes""}, {""value"": ""2.0"", ""label"": ""No""}]"
375,W7HEweighYP,YP: Higher Education statements (new study only) - Weighed up financial cost against long-term benefits,numeric,NOMINAL,-999.0 thru -1.0,"[{""value"": ""-91.0"", ""label"": ""Not applicable""}, {""value"": ""-1.0"", ""label"": ""Don't know""}, {""value"": ""1.0"", ""label"": ""Strongly agree""}, {""value"": ""2.0"", ""label"": ""Agree""}, {""value"": ""3.0"", ""label"": ""Disagree""}, {""value"": ""4.0"", ""label"": ""Strongly disagree""}]"
376,W7HEelseYP,YP: Higher Education statements (new study only) - Went to university/college because I wasn't sure what else to do,numeric,NOMINAL,-999.0 thru -1.0,"[{""value"": ""-91.0"", ""label"": ""Not applicable""}, {""value"": ""-1.0"", ""label"": ""Don't know""}, {""value"": ""1.0"", ""label"": ""Strongly agree""}, {""value"": ""2.0"", ""label"": ""Agree""}, {""value"": ""3.0"", ""label"": ""Disagree""}, {""value"": ""4.0"", ""label"": ""Strongly disagree""}]"
377,W7UnibetYP,YP: Whether university/college has been better or worse than expected (new study only),numeric,NOMINAL,-999.0 thru -1.0,"[{""value"": ""-91.0"", ""label"": ""Not applicable""}, {""value"": ""-1.0"", ""label"": ""Don't know""}, {""value"": ""1.0"", ""label"": ""Better than you thought""}, {""value"": ""2.0"", ""label"": ""Worse than you thought""}, {""value"": ""3.0"", ""label"": ""About the same as you thought""}]"
378,W7UnipictYP,YP: How accurate picture of university/college was (new study only),numeric,NOMINAL,-999.0 thru -1.0,"[{""value"": ""-91.0"", ""label"": ""Not applicable""}, {""value"": ""-1.0"", ""label"": ""Don't know""}, {""value"": ""1.0"", ""label"": ""Accurate""}, {""value"": ""2.0"", ""label"": ""Fairly accurate""}, {""value"": ""3.0"", ""label"": ""Not very accurate""}, {""value"": ""4.0"", ""label"": ""Not at all accurate""}]"
379,W7Unipict2YP0a,YP: Difference to picture of HE life - Academically easier than anticipated,numeric,NOMINAL,-999.0 thru -1.0,"[{""value"": ""-91.0"", ""label"": ""Not applicable""}, {""value"": ""0.0"", ""label"": ""Not mentioned""}, {""value"": ""1.0"", ""label"": ""Mentioned""}]"
380,W7Unipict2YP0b,YP: Difference to picture of HE life - Academically harder than anticipated,numeric,NOMINAL,-999.0 thru -1.0,"[{""value"": ""-91.0"", ""label"": ""Not applicable""}, {""value"": ""0.0"", ""label"": ""Not mentioned""}, {""value"": ""1.0"", ""label"": ""Mentioned""}]"
381,W7Unipict2YP0c,YP: Difference to picture of HE life - Being away from home more challenging than expected,numeric,NOMINAL,-999.0 thru -1.0,"[{""value"": ""-91.0"", ""label"": ""Not applicable""}, {""value"": ""0.0"", ""label"": ""Not mentioned""}, {""value"": ""1.0"", ""label"": ""Mentioned""}]"
382,W7Unipict2YP0d,YP: Difference to picture of HE life - Easier to manage financially,numeric,NOMINAL,-999.0 thru -1.0,"[{""value"": ""-91.0"", ""label"": ""Not applicable""}, {""value"": ""0.0"", ""label"": ""Not mentioned""}, {""value"": ""1.0"", ""label"": ""Mentioned""}]"
383,W7Unipict2YP0e,YP: Difference to picture of HE life - Easier to socialise/social life better than expected,numeric,NOMINAL,-999.0 thru -1.0,"[{""value"": ""-91.0"", ""label"": ""Not applicable""}, {""value"": ""0.0"", ""label"": ""Not mentioned""}, {""value"": ""1.0"", ""label"": ""Mentioned""}]"
384,W7Unipict2YP0f,YP: Difference to picture of HE life - Found time management / self-motivation challenging,numeric,NOMINAL,-999.0 thru -1.0,"[{""value"": ""-91.0"", ""label"": ""Not applicable""}, {""value"": ""0.0"", ""label"": ""Not mentioned""}, {""value"": ""1.0"", ""label"": ""Mentioned""}]"
385,W7Unipict2YP0g,YP: Difference to picture of HE life - Harder to manage financially,numeric,NOMINAL,-999.0 thru -1.0,"[{""value"": ""-91.0"", ""label"": ""Not applicable""}, {""value"": ""0.0"", ""label"": ""Not mentioned""}, {""value"": ""1.0"", ""label"": ""Mentioned""}]"
386,W7Unipict2YP0h,YP: Difference to picture of HE life - Harder to socialise/social life worse than expected,numeric,NOMINAL,-999.0 thru -1.0,"[{""value"": ""-91.0"", ""label"": ""Not applicable""}, {""value"": ""0.0"", ""label"": ""Not mentioned""}, {""value"": ""1.0"", ""label"": ""Mentioned""}]"
387,W7Unipict2YP0i,YP: Difference to picture of HE life - Less contact time with tutors than expected,numeric,NOMINAL,-999.0 thru -1.0,"[{""value"": ""-91.0"", ""label"": ""Not applicable""}, {""value"": ""0.0"", ""label"": ""Not mentioned""}, {""value"": ""1.0"", ""label"": ""Mentioned""}]"
388,W7Unipict2YP0j,YP: Difference to picture of HE life - Being away from home less challenging than expected,numeric,NOMINAL,-999.0 thru -1.0,"[{""value"": ""-91.0"", ""label"": ""Not applicable""}, {""value"": ""0.0"", ""label"": ""Not mentioned""}, {""value"": ""1.0"", ""label"": ""Mentioned""}]"
389,W7Unipict2YP0k,YP: Difference to picture of HE life - Better experience than expected,numeric,NOMINAL,-999.0 thru -1.0,"[{""value"": ""-91.0"", ""label"": ""Not applicable""}, {""value"": ""0.0"", ""label"": ""Not mentioned""}, {""value"": ""1.0"", ""label"": ""Mentioned""}]"
390,W7Unipict2YP0l,YP: Difference to picture of HE life - Social life (no additional detail given),numeric,NOMINAL,-999.0 thru -1.0,"[{""value"": ""-91.0"", ""label"": ""Not applicable""}, {""value"": ""0.0"", ""label"": ""Not mentioned""}, {""value"": ""1.0"", ""label"": ""Mentioned""}]"
391,W7Unipict2YP0m,YP: Difference to picture of HE life - The teaching/lectures in general,numeric,NOMINAL,-999.0 thru -1.0,"[{""value"": ""-91.0"", ""label"": ""Not applicable""}, {""value"": ""0.0"", ""label"": ""Not mentioned""}, {""value"": ""1.0"", ""label"": ""Mentioned""}]"
392,W7Unipict2YP0n,YP: Difference to picture of HE life - The environment/facilities,numeric,NOMINAL,-999.0 thru -1.0,"[{""value"": ""-91.0"", ""label"": ""Not applicable""}, {""value"": ""0.0"", ""label"": ""Not mentioned""}, {""value"": ""1.0"", ""label"": ""Mentioned""}]"
393,W7Unipict2YP0o,YP: Difference to picture of HE life - Other,numeric,NOMINAL,-999.0 thru -1.0,"[{""value"": ""-91.0"", ""label"": ""Not applicable""}, {""value"": ""0.0"", ""label"": ""Not mentioned""}, {""value"": ""1.0"", ""label"": ""Mentioned""}]"
394,W7Unipict2YP0p,YP: Difference to picture of HE life - Don't know,numeric,NOMINAL,-999.0 thru -1.0,"[{""value"": ""-91.0"", ""label"": ""Not applicable""}, {""value"": ""0.0"", ""label"": ""Not mentioned""}, {""value"": ""1.0"", ""label"": ""Mentioned""}]"
395,W7Unipict2YP0q,YP: Difference to picture of HE life - Refused,numeric,NOMINAL,-999.0 thru -1.0,"[{""value"": ""-91.0"", ""label"": ""Not applicable""}, {""value"": ""0.0"", ""label"": ""Not mentioned""}, {""value"": ""1.0"", ""label"": ""Mentioned""}]"
396,W7DecisYP,YP: Whether made right decision going to university/college,numeric,NOMINAL,-999.0 thru -1.0,"[{""value"": ""-91.0"", ""label"": ""Not applicable""}, {""value"": ""-1.0"", ""label"": ""Don't know""}, {""value"": ""1.0"", ""label"": ""Definitely the right decision""}, {""value"": ""2.0"", ""label"": ""Probably the right decision""}, {""value"": ""3.0"", ""label"": ""Probably the wrong decision""}, {""value"": ""4.0"", ""label"": ""Definitely the wrong decision""}]"
397,W7PdwrkYP0a,YP: Whether done any paid work since starting university/college - in Christmas holidays,numeric,NOMINAL,-999.0 thru -1.0,"[{""value"": ""-92.0"", ""label"": ""Refused""}, {""value"": ""-91.0"", ""label"": ""Not applicable""}, {""value"": ""-1.0"", ""label"": ""Don't know""}, {""value"": ""1.0"", ""label"": ""Yes""}, {""value"": ""2.0"", ""label"": ""No""}]"
398,W7PdwrkYP0b,YP: Whether done any paid work since starting university/college - in Easter holidays,numeric,NOMINAL,-999.0 thru -1.0,"[{""value"": ""-92.0"", ""label"": ""Refused""}, {""value"": ""-91.0"", ""label"": ""Not applicable""}, {""value"": ""-1.0"", ""label"": ""Don't know""}, {""value"": ""1.0"", ""label"": ""Yes""}, {""value"": ""2.0"", ""label"": ""No""}]"
399,W7PdwrkYP0c,YP: Whether done any paid work since starting university/college - in term time,numeric,NOMINAL,-999.0 thru -1.0,"[{""value"": ""-92.0"", ""label"": ""Refused""}, {""value"": ""-91.0"", ""label"": ""Not applicable""}, {""value"": ""-1.0"", ""label"": ""Don't know""}, {""value"": ""1.0"", ""label"": ""Yes""}, {""value"": ""2.0"", ""label"": ""No""}]"
400,W7WrkregYP,YP: Whether worked most weeks during term time,numeric,NOMINAL,-999.0 thru -1.0,"[{""value"": ""-91.0"", ""label"": ""Not applicable""}, {""value"": ""-1.0"", ""label"": ""Don't know""}, {""value"": ""1.0"", ""label"": ""Yes""}, {""value"": ""2.0"", ""label"": ""No""}]"
401,W7DWrkHrs1YP,DV: YP Average number of working hours per week - in Christmas holidays (top-coded),numeric,SCALE,-999.0 thru -1.0,"[{""value"": ""-92.0"", ""label"": ""Refused""}, {""value"": ""-91.0"", ""label"": ""Not applicable""}, {""value"": ""-1.0"", ""label"": ""Don't know""}, {""value"": ""50.0"", ""label"": ""50 or above""}]"
402,W7WHrsChk1YP,YP: Check on number of working hours - in Christmas holidays,numeric,NOMINAL,-999.0 thru -1.0,"[{""value"": ""-91.0"", ""label"": ""Not applicable""}, {""value"": ""1.0"", ""label"": ""Yes""}, {""value"": ""2.0"", ""label"": ""No""}]"
403,W7Avr21YP,YP: Average number of working hours per week - in Christmas holidays (Estimate),numeric,NOMINAL,-999.0 thru -1.0,"[{""value"": ""-91.0"", ""label"": ""Not applicable""}, {""value"": ""-1.0"", ""label"": ""Don't know""}, {""value"": ""1.0"", ""label"": ""Less than 8 hours a week""}, {""value"": ""2.0"", ""label"": ""between 8 and 16 hours""}, {""value"": ""3.0"", ""label"": ""between 17 and 30 hours""}, {""value"": ""4.0"", ""label"": ""Or more than 30 hours a week?""}]"
404,W7DWrkHrs2YP,DV: YP Average number of working hours per week - in Easter holidays (top-coded),numeric,SCALE,-999.0 thru -1.0,"[{""value"": ""-92.0"", ""label"": ""Refused""}, {""value"": ""-91.0"", ""label"": ""Not applicable""}, {""value"": ""-1.0"", ""label"": ""Don't know""}, {""value"": ""60.0"", ""label"": ""60 or above""}]"
405,W7WHrsChk2YP,YP: Check on number of working hours - in Easter holidays,numeric,NOMINAL,-999.0 thru -1.0,"[{""value"": ""-91.0"", ""label"": ""Not applicable""}, {""value"": ""1.0"", ""label"": ""Yes""}, {""value"": ""2.0"", ""label"": ""No""}]"
406,W7Avr22YP,YP: Average number of working hours per week - in Easter holidays (Estimate),numeric,NOMINAL,-999.0 thru -1.0,"[{""value"": ""-91.0"", ""label"": ""Not applicable""}, {""value"": ""-1.0"", ""label"": ""Don't know""}, {""value"": ""1.0"", ""label"": ""Less than 8 hours a week""}, {""value"": ""2.0"", ""label"": ""between 8 and 16 hours""}, {""value"": ""3.0"", ""label"": ""between 17 and 30 hours""}, {""value"": ""4.0"", ""label"": ""Or more than 30 hours a week?""}]"
407,W7DWrkHrs3YP,DV: YP Average number of working hours per week - in term time (top-coded),numeric,SCALE,-999.0 thru -1.0,"[{""value"": ""-92.0"", ""label"": ""Refused""}, {""value"": ""-91.0"", ""label"": ""Not applicable""}, {""value"": ""-1.0"", ""label"": ""Don't know""}, {""value"": ""50.0"", ""label"": ""50 or above""}]"
408,W7WHrsChk3YP,YP: Check on number of working hours - in term time,numeric,NOMINAL,-999.0 thru -1.0,"[{""value"": ""-91.0"", ""label"": ""Not applicable""}, {""value"": ""1.0"", ""label"": ""Yes""}, {""value"": ""2.0"", ""label"": ""No""}]"
409,W7Avr23YP,YP: Average number of working hours per week - in term time (Estimate),numeric,NOMINAL,-999.0 thru -1.0,"[{""value"": ""-91.0"", ""label"": ""Not applicable""}, {""value"": ""-1.0"", ""label"": ""Don't know""}, {""value"": ""1.0"", ""label"": ""Less than 8 hours a week""}, {""value"": ""2.0"", ""label"": ""between 8 and 16 hours""}, {""value"": ""3.0"", ""label"": ""between 17 and 30 hours""}, {""value"": ""4.0"", ""label"": ""Or more than 30 hours a week?""}]"
410,W7PtwrkYP,YP: Whether found working interferes with studying at all,numeric,NOMINAL,-999.0 thru -1.0,"[{""value"": ""-91.0"", ""label"": ""Not applicable""}, {""value"": ""-1.0"", ""label"": ""Don't know""}, {""value"": ""1.0"", ""label"": ""Yes""}, {""value"": ""2.0"", ""label"": ""No""}]"
411,W7Vacwrk3YP,YP: Whether intends to get a paid job during summer break,numeric,NOMINAL,-999.0 thru -1.0,"[{""value"": ""-91.0"", ""label"": ""Not applicable""}, {""value"": ""-1.0"", ""label"": ""Don't know""}, {""value"": ""1.0"", ""label"": ""Yes""}, {""value"": ""2.0"", ""label"": ""No""}]"
412,W7StuLoanYP0a,YP: Whether receive loan from Student Loans Company - Maintenance loan,numeric,NOMINAL,-999.0 thru -1.0,"[{""value"": ""-91.0"", ""label"": ""Not applicable""}, {""value"": ""-1.0"", ""label"": ""Don't know""}, {""value"": ""0.0"", ""label"": ""Not mentioned""}, {""value"": ""1.0"", ""label"": ""Mentioned""}]"
413,W7StuLoanYP0b,YP: Whether receive loan from Student Loans Company - Tuition fees loan,numeric,NOMINAL,-999.0 thru -1.0,"[{""value"": ""-91.0"", ""label"": ""Not applicable""}, {""value"": ""-1.0"", ""label"": ""Don't know""}, {""value"": ""0.0"", ""label"": ""Not mentioned""}, {""value"": ""1.0"", ""label"": ""Mentioned""}]"
414,W7GrantRecYP0a,YP: Whether receives help with university costs - A Grant,numeric,NOMINAL,-999.0 thru -1.0,"[{""value"": ""-92.0"", ""label"": ""Refused""}, {""value"": ""-91.0"", ""label"": ""Not applicable""}, {""value"": ""-1.0"", ""label"": ""Don't know""}, {""value"": ""0.0"", ""label"": ""Not mentioned""}, {""value"": ""1.0"", ""label"": ""Mentioned""}]"
415,W7GrantRecYP0b,YP: Whether receives help with university costs - A Bursary,numeric,NOMINAL,-999.0 thru -1.0,"[{""value"": ""-92.0"", ""label"": ""Refused""}, {""value"": ""-91.0"", ""label"": ""Not applicable""}, {""value"": ""-1.0"", ""label"": ""Don't know""}, {""value"": ""0.0"", ""label"": ""Not mentioned""}, {""value"": ""1.0"", ""label"": ""Mentioned""}]"
416,W7GrantRecYP0c,YP: Whether receives help with university costs - A Scholarship,numeric,NOMINAL,-999.0 thru -1.0,"[{""value"": ""-92.0"", ""label"": ""Refused""}, {""value"": ""-91.0"", ""label"": ""Not applicable""}, {""value"": ""-1.0"", ""label"": ""Don't know""}, {""value"": ""0.0"", ""label"": ""Not mentioned""}, {""value"": ""1.0"", ""label"": ""Mentioned""}]"
417,W7FundstudYP0a,YP: Methods used to pay for fees and living expenses other than grants and bursaries - Borrowing money from a bank or similar organisation,numeric,NOMINAL,-999.0 thru -1.0,"[{""value"": ""-92.0"", ""label"": ""Refused""}, {""value"": ""-91.0"", ""label"": ""Not applicable""}, {""value"": ""-1.0"", ""label"": ""Don't know""}, {""value"": ""0.0"", ""label"": ""Not mentioned""}, {""value"": ""1.0"", ""label"": ""Mentioned""}]"
418,W7FundstudYP0b,YP: Methods used to pay for fees and living expenses other than grants and bursaries - Sponsorship or financial support from an employer,numeric,NOMINAL,-999.0 thru -1.0,"[{""value"": ""-92.0"", ""label"": ""Refused""}, {""value"": ""-91.0"", ""label"": ""Not applicable""}, {""value"": ""-1.0"", ""label"": ""Don't know""}, {""value"": ""0.0"", ""label"": ""Not mentioned""}, {""value"": ""1.0"", ""label"": ""Mentioned""}]"
419,W7FundstudYP0c,YP: Methods used to pay for fees and living expenses other than grants and bursaries - Doing paid work during term time,numeric,NOMINAL,-999.0 thru -1.0,"[{""value"": ""-92.0"", ""label"": ""Refused""}, {""value"": ""-91.0"", ""label"": ""Not applicable""}, {""value"": ""-1.0"", ""label"": ""Don't know""}, {""value"": ""0.0"", ""label"": ""Not mentioned""}, {""value"": ""1.0"", ""label"": ""Mentioned""}]"
420,W7FundstudYP0d,YP: Methods used to pay for fees and living expenses other than grants and bursaries - Doing paid work during the holidays,numeric,NOMINAL,-999.0 thru -1.0,"[{""value"": ""-92.0"", ""label"": ""Refused""}, {""value"": ""-91.0"", ""label"": ""Not applicable""}, {""value"": ""-1.0"", ""label"": ""Don't know""}, {""value"": ""0.0"", ""label"": ""Not mentioned""}, {""value"": ""1.0"", ""label"": ""Mentioned""}]"
421,W7FundstudYP0e,YP: Methods used to pay for fees and living expenses other than grants and bursaries - Money from parents or other family members,numeric,NOMINAL,-999.0 thru -1.0,"[{""value"": ""-92.0"", ""label"": ""Refused""}, {""value"": ""-91.0"", ""label"": ""Not applicable""}, {""value"": ""-1.0"", ""label"": ""Don't know""}, {""value"": ""0.0"", ""label"": ""Not mentioned""}, {""value"": ""1.0"", ""label"": ""Mentioned""}]"
422,W7FundstudYP0f,YP: Methods used to pay for fees and living expenses other than grants and bursaries - Money from friends,numeric,NOMINAL,-999.0 thru -1.0,"[{""value"": ""-92.0"", ""label"": ""Refused""}, {""value"": ""-91.0"", ""label"": ""Not applicable""}, {""value"": ""-1.0"", ""label"": ""Don't know""}, {""value"": ""0.0"", ""label"": ""Not mentioned""}, {""value"": ""1.0"", ""label"": ""Mentioned""}]"
423,W7FundstudYP0g,YP: Methods used to pay for fees and living expenses other than grants and bursaries - Your own savings,numeric,NOMINAL,-999.0 thru -1.0,"[{""value"": ""-92.0"", ""label"": ""Refused""}, {""value"": ""-91.0"", ""label"": ""Not applicable""}, {""value"": ""-1.0"", ""label"": ""Don't know""}, {""value"": ""0.0"", ""label"": ""Not mentioned""}, {""value"": ""1.0"", ""label"": ""Mentioned""}]"
424,W7FundstudYP0h,YP: Methods used to pay for fees and living expenses other than grants and bursaries - Parental support,numeric,NOMINAL,-999.0 thru -1.0,"[{""value"": ""-92.0"", ""label"": ""Refused""}, {""value"": ""-91.0"", ""label"": ""Not applicable""}, {""value"": ""-1.0"", ""label"": ""Don't know""}, {""value"": ""0.0"", ""label"": ""Not mentioned""}, {""value"": ""1.0"", ""label"": ""Mentioned""}]"
425,W7FundstudYP0k,YP: Methods used to pay for fees and living expenses other than grants and bursaries - Other Answer,numeric,NOMINAL,-999.0 thru -1.0,"[{""value"": ""-92.0"", ""label"": ""Refused""}, {""value"": ""-91.0"", ""label"": ""Not applicable""}, {""value"": ""-1.0"", ""label"": ""Don't know""}, {""value"": ""0.0"", ""label"": ""Not mentioned""}, {""value"": ""1.0"", ""label"": ""Mentioned""}]"
426,W7FundstudYP0i,YP: Methods used to pay for fees and living expenses other than grants and bursaries - Bursary (no further detail),numeric,NOMINAL,-999.0 thru -1.0,"[{""value"": ""-92.0"", ""label"": ""Refused""}, {""value"": ""-91.0"", ""label"": ""Not applicable""}, {""value"": ""-1.0"", ""label"": ""Don't know""}, {""value"": ""0.0"", ""label"": ""Not mentioned""}, {""value"": ""1.0"", ""label"": ""Mentioned""}]"
427,W7FundstudYP0j,YP: Methods used to pay for fees and living expenses other than grants and bursaries - Student loan (no further detail),numeric,NOMINAL,-999.0 thru -1.0,"[{""value"": ""-92.0"", ""label"": ""Refused""}, {""value"": ""-91.0"", ""label"": ""Not applicable""}, {""value"": ""-1.0"", ""label"": ""Don't know""}, {""value"": ""0.0"", ""label"": ""Not mentioned""}, {""value"": ""1.0"", ""label"": ""Mentioned""}]"
428,W7DifFYP,YP: How well managed finances at university/college,numeric,NOMINAL,-999.0 thru -1.0,"[{""value"": ""-91.0"", ""label"": ""Not applicable""}, {""value"": ""-1.0"", ""label"": ""Don't know""}, {""value"": ""1.0"", ""label"": ""Very well""}, {""value"": ""2.0"", ""label"": ""Quite well""}, {""value"": ""3.0"", ""label"": ""Not very well""}, {""value"": ""4.0"", ""label"": ""Not at all well""}]"
429,W7HEApplyYP,YP: Whether applied for a university course for this year or next year,numeric,NOMINAL,-999.0 thru -1.0,"[{""value"": ""-91.0"", ""label"": ""Not applicable""}, {""value"": ""-1.0"", ""label"": ""Don't know""}, {""value"": ""1.0"", ""label"": ""Yes""}, {""value"": ""2.0"", ""label"": ""No""}]"
430,W7OffersYP,YP: Whether received any university offers yet,numeric,NOMINAL,-999.0 thru -1.0,"[{""value"": ""-91.0"", ""label"": ""Not applicable""}, {""value"": ""-1.0"", ""label"": ""Don't know""}, {""value"": ""1.0"", ""label"": ""Yes""}, {""value"": ""2.0"", ""label"": ""No""}]"
431,W7AcceptYP,YP: Whether accepted any university offers yet,numeric,NOMINAL,-999.0 thru -1.0,"[{""value"": ""-91.0"", ""label"": ""Not applicable""}, {""value"": ""-1.0"", ""label"": ""Don't know""}, {""value"": ""1.0"", ""label"": ""Yes""}, {""value"": ""2.0"", ""label"": ""No""}]"
432,W7GapYrYP,YP: Whether currently on a gap year,numeric,NOMINAL,-999.0 thru -1.0,"[{""value"": ""-91.0"", ""label"": ""Not applicable""}, {""value"": ""-1.0"", ""label"": ""Don't know""}, {""value"": ""1.0"", ""label"": ""Yes""}, {""value"": ""2.0"", ""label"": ""No""}]"
433,W7NowgapYP0a,YP: Things been doing on gap year so far - Travelling,numeric,NOMINAL,-999.0 thru -1.0,"[{""value"": ""-92.0"", ""label"": ""Refused""}, {""value"": ""-91.0"", ""label"": ""Not applicable""}, {""value"": ""-1.0"", ""label"": ""Don't know""}, {""value"": ""0.0"", ""label"": ""Not mentioned""}, {""value"": ""1.0"", ""label"": ""Mentioned""}]"
434,W7NowgapYP0b,YP: Things been doing on gap year so far - Working abroad,numeric,NOMINAL,-999.0 thru -1.0,"[{""value"": ""-92.0"", ""label"": ""Refused""}, {""value"": ""-91.0"", ""label"": ""Not applicable""}, {""value"": ""-1.0"", ""label"": ""Don't know""}, {""value"": ""0.0"", ""label"": ""Not mentioned""}, {""value"": ""1.0"", ""label"": ""Mentioned""}]"
435,W7NowgapYP0c,YP: Things been doing on gap year so far - Working in Britain,numeric,NOMINAL,-999.0 thru -1.0,"[{""value"": ""-92.0"", ""label"": ""Refused""}, {""value"": ""-91.0"", ""label"": ""Not applicable""}, {""value"": ""-1.0"", ""label"": ""Don't know""}, {""value"": ""0.0"", ""label"": ""Not mentioned""}, {""value"": ""1.0"", ""label"": ""Mentioned""}]"
436,W7NowgapYP0d,YP: Things been doing on gap year so far - Volunteering in Britain,numeric,NOMINAL,-999.0 thru -1.0,"[{""value"": ""-92.0"", ""label"": ""Refused""}, {""value"": ""-91.0"", ""label"": ""Not applicable""}, {""value"": ""-1.0"", ""label"": ""Don't know""}, {""value"": ""0.0"", ""label"": ""Not mentioned""}, {""value"": ""1.0"", ""label"": ""Mentioned""}]"
437,W7NowgapYP0e,YP: Things been doing on gap year so far - Volunteering abroad,numeric,NOMINAL,-999.0 thru -1.0,"[{""value"": ""-92.0"", ""label"": ""Refused""}, {""value"": ""-91.0"", ""label"": ""Not applicable""}, {""value"": ""-1.0"", ""label"": ""Don't know""}, {""value"": ""0.0"", ""label"": ""Not mentioned""}, {""value"": ""1.0"", ""label"": ""Mentioned""}]"
438,W7NowgapYP0f,YP: Things been doing on gap year so far - Doing training,numeric,NOMINAL,-999.0 thru -1.0,"[{""value"": ""-92.0"", ""label"": ""Refused""}, {""value"": ""-91.0"", ""label"": ""Not applicable""}, {""value"": ""-1.0"", ""label"": ""Don't know""}, {""value"": ""0.0"", ""label"": ""Not mentioned""}, {""value"": ""1.0"", ""label"": ""Mentioned""}]"
439,W7NowgapYP0g,YP: Things been doing on gap year so far - Re-taking examinations,numeric,NOMINAL,-999.0 thru -1.0,"[{""value"": ""-92.0"", ""label"": ""Refused""}, {""value"": ""-91.0"", ""label"": ""Not applicable""}, {""value"": ""-1.0"", ""label"": ""Don't know""}, {""value"": ""0.0"", ""label"": ""Not mentioned""}, {""value"": ""1.0"", ""label"": ""Mentioned""}]"
440,W7GapdecYP,YP: When decided wanted to take gap year,numeric,NOMINAL,-999.0 thru -1.0,"[{""value"": ""-91.0"", ""label"": ""Not applicable""}, {""value"": ""-1.0"", ""label"": ""Don't know""}, {""value"": ""1.0"", ""label"": ""Before your A level results (or equivalent)""}, {""value"": ""2.0"", ""label"": ""After your A level results (or equivalent)""}]"
441,W7IAGIntroYP0a,YP: Who spoken to for IAG about future in last 12 months - Friends and relatives,numeric,NOMINAL,-999.0 thru -1.0,"[{""value"": ""-91.0"", ""label"": ""Not applicable""}, {""value"": ""-1.0"", ""label"": ""Don't know""}, {""value"": ""0.0"", ""label"": ""Not mentioned""}, {""value"": ""1.0"", ""label"": ""Mentioned""}]"
442,W7IAGIntroYP0b,YP: Who spoken to for IAG about future in last 12 months - Teachers/lecturers/tutors,numeric,NOMINAL,-999.0 thru -1.0,"[{""value"": ""-91.0"", ""label"": ""Not applicable""}, {""value"": ""-1.0"", ""label"": ""Don't know""}, {""value"": ""0.0"", ""label"": ""Not mentioned""}, {""value"": ""1.0"", ""label"": ""Mentioned""}]"
443,W7IAGIntroYP0c,YP: Who spoken to for IAG about future in last 12 months - Connexions,numeric,NOMINAL,-999.0 thru -1.0,"[{""value"": ""-91.0"", ""label"": ""Not applicable""}, {""value"": ""-1.0"", ""label"": ""Don't know""}, {""value"": ""0.0"", ""label"": ""Not mentioned""}, {""value"": ""1.0"", ""label"": ""Mentioned""}]"
444,W7IAGIntro2YP0a,YP: Who spoken to for IAG about future in last 12 months - DirectGov,numeric,NOMINAL,-999.0 thru -1.0,"[{""value"": ""-91.0"", ""label"": ""Not applicable""}, {""value"": ""-1.0"", ""label"": ""Don't know""}, {""value"": ""0.0"", ""label"": ""Not mentioned""}, {""value"": ""1.0"", ""label"": ""Mentioned""}]"
445,W7IAGIntro2YP0b,YP: Who spoken to for IAG about future in last 12 months - National Apprenticeship Service,numeric,NOMINAL,-999.0 thru -1.0,"[{""value"": ""-91.0"", ""label"": ""Not applicable""}, {""value"": ""-1.0"", ""label"": ""Don't know""}, {""value"": ""0.0"", ""label"": ""Not mentioned""}, {""value"": ""1.0"", ""label"": ""Mentioned""}]"
446,W7IAGIntro2YP0c,YP: Who spoken to for IAG about future in last 12 months - Jobcentre Plus advisor,numeric,NOMINAL,-999.0 thru -1.0,"[{""value"": ""-91.0"", ""label"": ""Not applicable""}, {""value"": ""-1.0"", ""label"": ""Don't know""}, {""value"": ""0.0"", ""label"": ""Not mentioned""}, {""value"": ""1.0"", ""label"": ""Mentioned""}]"
447,W7IAGIntro2YP0d,YP: Who spoken to for IAG about future in last 12 months - Anyone else,numeric,NOMINAL,-999.0 thru -1.0,"[{""value"": ""-91.0"", ""label"": ""Not applicable""}, {""value"": ""-1.0"", ""label"": ""Don't know""}, {""value"": ""0.0"", ""label"": ""Not mentioned""}, {""value"": ""1.0"", ""label"": ""Mentioned""}]"
448,W7ConnexTypeYP0a,YP: Ways in which sought advice from Connexions - In person,numeric,NOMINAL,-999.0 thru -1.0,"[{""value"": ""-92.0"", ""label"": ""Refused""}, {""value"": ""-91.0"", ""label"": ""Not applicable""}, {""value"": ""-1.0"", ""label"": ""Don't know""}, {""value"": ""0.0"", ""label"": ""Not mentioned""}, {""value"": ""1.0"", ""label"": ""Mentioned""}]"
449,W7ConnexTypeYP0b,YP: Ways in which sought advice from Connexions - Over the telephone,numeric,NOMINAL,-999.0 thru -1.0,"[{""value"": ""-92.0"", ""label"": ""Refused""}, {""value"": ""-91.0"", ""label"": ""Not applicable""}, {""value"": ""-1.0"", ""label"": ""Don't know""}, {""value"": ""0.0"", ""label"": ""Not mentioned""}, {""value"": ""1.0"", ""label"": ""Mentioned""}]"
450,W7ConnexTypeYP0c,YP: Ways in which sought advice from Connexions - Connexions website,numeric,NOMINAL,-999.0 thru -1.0,"[{""value"": ""-92.0"", ""label"": ""Refused""}, {""value"": ""-91.0"", ""label"": ""Not applicable""}, {""value"": ""-1.0"", ""label"": ""Don't know""}, {""value"": ""0.0"", ""label"": ""Not mentioned""}, {""value"": ""1.0"", ""label"": ""Mentioned""}]"
451,W7IAGUsefulYP,YP: Which source of IAG was most useful,numeric,NOMINAL,-999.0 thru -1.0,"[{""value"": ""-92.0"", ""label"": ""Refused""}, {""value"": ""-91.0"", ""label"": ""Not applicable""}, {""value"": ""-1.0"", ""label"": ""Don't know""}, {""value"": ""1.0"", ""label"": ""Friends and relatives""}, {""value"": ""2.0"", ""label"": ""Teachers/lecturers/tutors""}, {""value"": ""3.0"", ""label"": ""Connexions""}, {""value"": ""4.0"", ""label"": ""DirectGov""}, {""value"": ""5.0"", ""label"": ""National Apprenticeship Service""}, {""value"": ""6.0"", ""label"": ""Jobcentre Plus advisor""}, {""value"": ""7.0"", ""label"": ""Employer/ work colleagues""}, {""value"": ""8.0"", ""label"": ""Internet/ other websites""}, {""value"": ""9.0"", ""label"": ""Professionals in the field interested in""}, {""value"": ""10.0"", ""label"": ""Careers advisers/ student support services""}, {""value"": ""11.0"", ""label"": ""Counsellors""}, {""value"": ""12.0"", ""label"": ""UCAS/ Prospective universities""}, {""value"": ""13.0"", ""label"": ""Other""}]"
452,W7IAGAmountYP,YP: Whether amount of IAG received was right,numeric,NOMINAL,-999.0 thru -1.0,"[{""value"": ""-92.0"", ""label"": ""Refused""}, {""value"": ""-91.0"", ""label"": ""Not applicable""}, {""value"": ""-1.0"", ""label"": ""Don't know""}, {""value"": ""1.0"", ""label"": ""Too much""}, {""value"": ""2.0"", ""label"": ""About right""}, {""value"": ""3.0"", ""label"": ""Too little""}]"
453,W7IAGTimingYP,YP: Whether IAG received came at the right time,numeric,NOMINAL,-999.0 thru -1.0,"[{""value"": ""-92.0"", ""label"": ""Refused""}, {""value"": ""-91.0"", ""label"": ""Not applicable""}, {""value"": ""-1.0"", ""label"": ""Don't know""}, {""value"": ""1.0"", ""label"": ""Too early""}, {""value"": ""2.0"", ""label"": ""At about the right time""}, {""value"": ""3.0"", ""label"": ""Too late""}]"
454,W7IAGSuitableYP,YP: Whether IAG received was suitable for needs,numeric,NOMINAL,-999.0 thru -1.0,"[{""value"": ""-92.0"", ""label"": ""Refused""}, {""value"": ""-91.0"", ""label"": ""Not applicable""}, {""value"": ""-1.0"", ""label"": ""Don't know""}, {""value"": ""1.0"", ""label"": ""Yes""}, {""value"": ""2.0"", ""label"": ""No""}]"
455,W7IAGSuitableNoYP0a,YP: Reasons why IAG was not suitable - Advice given was too general,numeric,NOMINAL,-999.0 thru -1.0,"[{""value"": ""-91.0"", ""label"": ""Not applicable""}, {""value"": ""0.0"", ""label"": ""Not mentioned""}, {""value"": ""1.0"", ""label"": ""Mentioned""}]"
456,W7IAGSuitableNoYP0b,YP: Reasons why IAG was not suitable - Advice too focused on going to university / staying in education,numeric,NOMINAL,-999.0 thru -1.0,"[{""value"": ""-91.0"", ""label"": ""Not applicable""}, {""value"": ""0.0"", ""label"": ""Not mentioned""}, {""value"": ""1.0"", ""label"": ""Mentioned""}]"
457,W7IAGSuitableNoYP0c,YP: Reasons why IAG was not suitable - Advice too focused on those leaving education,numeric,NOMINAL,-999.0 thru -1.0,"[{""value"": ""-91.0"", ""label"": ""Not applicable""}, {""value"": ""0.0"", ""label"": ""Not mentioned""}, {""value"": ""1.0"", ""label"": ""Mentioned""}]"
458,W7IAGSuitableNoYP0d,YP: Reasons why IAG was not suitable - Could not gain sufficient access to advice and guidance,numeric,NOMINAL,-999.0 thru -1.0,"[{""value"": ""-91.0"", ""label"": ""Not applicable""}, {""value"": ""0.0"", ""label"": ""Not mentioned""}, {""value"": ""1.0"", ""label"": ""Mentioned""}]"
459,W7IAGSuitableNoYP0e,YP: Reasons why IAG was not suitable - Advice came too late,numeric,NOMINAL,-999.0 thru -1.0,"[{""value"": ""-91.0"", ""label"": ""Not applicable""}, {""value"": ""0.0"", ""label"": ""Not mentioned""}, {""value"": ""1.0"", ""label"": ""Mentioned""}]"
460,W7IAGSuitableNoYP0f,YP: Reasons why IAG was not suitable - Did not understand the advice given,numeric,NOMINAL,-999.0 thru -1.0,"[{""value"": ""-91.0"", ""label"": ""Not applicable""}, {""value"": ""0.0"", ""label"": ""Not mentioned""}, {""value"": ""1.0"", ""label"": ""Mentioned""}]"
461,W7IAGSuitableNoYP0g,YP: Reasons why IAG was not suitable - Lack of advisor knowledge / information given was incorrect,numeric,NOMINAL,-999.0 thru -1.0,"[{""value"": ""-91.0"", ""label"": ""Not applicable""}, {""value"": ""0.0"", ""label"": ""Not mentioned""}, {""value"": ""1.0"", ""label"": ""Mentioned""}]"
462,W7IAGSuitableNoYP0h,YP: Reasons why IAG was not suitable - The advise given did not appeal / was not relevant,numeric,NOMINAL,-999.0 thru -1.0,"[{""value"": ""-91.0"", ""label"": ""Not applicable""}, {""value"": ""0.0"", ""label"": ""Not mentioned""}, {""value"": ""1.0"", ""label"": ""Mentioned""}]"
463,W7IAGSuitableNoYP0i,YP: Reasons why IAG was not suitable - Advice given was not helpful (no further detail given),numeric,NOMINAL,-999.0 thru -1.0,"[{""value"": ""-91.0"", ""label"": ""Not applicable""}, {""value"": ""0.0"", ""label"": ""Not mentioned""}, {""value"": ""1.0"", ""label"": ""Mentioned""}]"
464,W7IAGSuitableNoYP0j,YP: Reasons why IAG was not suitable - Don't know,numeric,NOMINAL,-999.0 thru -1.0,"[{""value"": ""-91.0"", ""label"": ""Not applicable""}, {""value"": ""0.0"", ""label"": ""Not mentioned""}, {""value"": ""1.0"", ""label"": ""Mentioned""}]"
465,W7IAGSuitableNoYP0k,YP: Reasons why IAG was not suitable - Other,numeric,NOMINAL,-999.0 thru -1.0,"[{""value"": ""-91.0"", ""label"": ""Not applicable""}, {""value"": ""0.0"", ""label"": ""Not mentioned""}, {""value"": ""1.0"", ""label"": ""Mentioned""}]"
466,W7IAGSuitableNoYP0l,YP: Reasons why IAG was not suitable - Refused,numeric,NOMINAL,-999.0 thru -1.0,"[{""value"": ""-91.0"", ""label"": ""Not applicable""}, {""value"": ""0.0"", ""label"": ""Not mentioned""}, {""value"": ""1.0"", ""label"": ""Mentioned""}]"
467,W7IAGEduTYP0a,YP: Whether told about educational possibilities when spoke to teachers/lecturers/tutors - Training opportunities,numeric,NOMINAL,-999.0 thru -1.0,"[{""value"": ""-91.0"", ""label"": ""Not applicable""}, {""value"": ""-1.0"", ""label"": ""Don't know""}, {""value"": ""0.0"", ""label"": ""Not mentioned""}, {""value"": ""1.0"", ""label"": ""Mentioned""}]"
468,W7IAGEduTYP0b,YP: Whether told about educational possibilities when spoke to teachers/lecturers/tutors - Employment opportunities,numeric,NOMINAL,-999.0 thru -1.0,"[{""value"": ""-91.0"", ""label"": ""Not applicable""}, {""value"": ""-1.0"", ""label"": ""Don't know""}, {""value"": ""0.0"", ""label"": ""Not mentioned""}, {""value"": ""1.0"", ""label"": ""Mentioned""}]"
469,W7IAGEduTYP0c,YP: Whether told about educational possibilities when spoke to teachers/lecturers/tutors - Apprenticeships,numeric,NOMINAL,-999.0 thru -1.0,"[{""value"": ""-91.0"", ""label"": ""Not applicable""}, {""value"": ""-1.0"", ""label"": ""Don't know""}, {""value"": ""0.0"", ""label"": ""Not mentioned""}, {""value"": ""1.0"", ""label"": ""Mentioned""}]"
470,W7IAGEduTYP0d,YP: Whether told about educational possibilities when spoke to teachers/lecturers/tutors - Going to or staying on at college,numeric,NOMINAL,-999.0 thru -1.0,"[{""value"": ""-91.0"", ""label"": ""Not applicable""}, {""value"": ""-1.0"", ""label"": ""Don't know""}, {""value"": ""0.0"", ""label"": ""Not mentioned""}, {""value"": ""1.0"", ""label"": ""Mentioned""}]"
471,W7IAGEduTYP0e,YP: Whether told about educational possibilities when spoke to teachers/lecturers/tutors - Going to or staying on at university,numeric,NOMINAL,-999.0 thru -1.0,"[{""value"": ""-91.0"", ""label"": ""Not applicable""}, {""value"": ""-1.0"", ""label"": ""Don't know""}, {""value"": ""0.0"", ""label"": ""Not mentioned""}, {""value"": ""1.0"", ""label"": ""Mentioned""}]"
472,W7IAGEduCYP0a,YP: Whether told about educational possibilities when spoke to Connexions - Training opportunities,numeric,NOMINAL,-999.0 thru -1.0,"[{""value"": ""-91.0"", ""label"": ""Not applicable""}, {""value"": ""-1.0"", ""label"": ""Don't know""}, {""value"": ""0.0"", ""label"": ""Not mentioned""}, {""value"": ""1.0"", ""label"": ""Mentioned""}]"
473,W7IAGEduCYP0b,YP: Whether told about educational possibilities when spoke to Connexions - Employment opportunities,numeric,NOMINAL,-999.0 thru -1.0,"[{""value"": ""-91.0"", ""label"": ""Not applicable""}, {""value"": ""-1.0"", ""label"": ""Don't know""}, {""value"": ""0.0"", ""label"": ""Not mentioned""}, {""value"": ""1.0"", ""label"": ""Mentioned""}]"
474,W7IAGEduCYP0c,YP: Whether told about educational possibilities when spoke to Connexions - Apprenticeships,numeric,NOMINAL,-999.0 thru -1.0,"[{""value"": ""-91.0"", ""label"": ""Not applicable""}, {""value"": ""-1.0"", ""label"": ""Don't know""}, {""value"": ""0.0"", ""label"": ""Not mentioned""}, {""value"": ""1.0"", ""label"": ""Mentioned""}]"
475,W7IAGEduCYP0d,YP: Whether told about educational possibilities when spoke to Connexions - Going to or staying on at college,numeric,NOMINAL,-999.0 thru -1.0,"[{""value"": ""-91.0"", ""label"": ""Not applicable""}, {""value"": ""-1.0"", ""label"": ""Don't know""}, {""value"": ""0.0"", ""label"": ""Not mentioned""}, {""value"": ""1.0"", ""label"": ""Mentioned""}]"
476,W7IAGEduCYP0e,YP: Whether told about educational possibilities when spoke to Connexions - Going to or staying on at university,numeric,NOMINAL,-999.0 thru -1.0,"[{""value"": ""-91.0"", ""label"": ""Not applicable""}, {""value"": ""-1.0"", ""label"": ""Don't know""}, {""value"": ""0.0"", ""label"": ""Not mentioned""}, {""value"": ""1.0"", ""label"": ""Mentioned""}]"
477,W7IAGEduJYP0a,YP: Whether told about educational possibilities when spoke to Jobcentre Plus advisor - Training opportunities,numeric,NOMINAL,-999.0 thru -1.0,"[{""value"": ""-91.0"", ""label"": ""Not applicable""}, {""value"": ""-1.0"", ""label"": ""Don't know""}, {""value"": ""0.0"", ""label"": ""Not mentioned""}, {""value"": ""1.0"", ""label"": ""Mentioned""}]"
478,W7IAGEduJYP0b,YP: Whether told about educational possibilities when spoke to Jobcentre Plus advisor - Employment opportunities,numeric,NOMINAL,-999.0 thru -1.0,"[{""value"": ""-91.0"", ""label"": ""Not applicable""}, {""value"": ""-1.0"", ""label"": ""Don't know""}, {""value"": ""0.0"", ""label"": ""Not mentioned""}, {""value"": ""1.0"", ""label"": ""Mentioned""}]"
479,W7IAGEduJYP0c,YP: Whether told about educational possibilities when spoke to Jobcentre Plus advisor - Apprenticeships,numeric,NOMINAL,-999.0 thru -1.0,"[{""value"": ""-91.0"", ""label"": ""Not applicable""}, {""value"": ""-1.0"", ""label"": ""Don't know""}, {""value"": ""0.0"", ""label"": ""Not mentioned""}, {""value"": ""1.0"", ""label"": ""Mentioned""}]"
480,W7IAGEduJYP0d,YP: Whether told about educational possibilities when spoke to Jobcentre Plus advisor - Going to or staying on at college,numeric,NOMINAL,-999.0 thru -1.0,"[{""value"": ""-91.0"", ""label"": ""Not applicable""}, {""value"": ""-1.0"", ""label"": ""Don't know""}, {""value"": ""0.0"", ""label"": ""Not mentioned""}, {""value"": ""1.0"", ""label"": ""Mentioned""}]"
481,W7IAGEduJYP0e,YP: Whether told about educational possibilities when spoke to Jobcentre Plus advisor - Going to or staying on at university,numeric,NOMINAL,-999.0 thru -1.0,"[{""value"": ""-91.0"", ""label"": ""Not applicable""}, {""value"": ""-1.0"", ""label"": ""Don't know""}, {""value"": ""0.0"", ""label"": ""Not mentioned""}, {""value"": ""1.0"", ""label"": ""Mentioned""}]"
482,W7IAGPressureYP,YP: Whether felt encouraged or pressured into doing something that was not suitable by a Jobcentre Plus advisor,numeric,NOMINAL,-999.0 thru -1.0,"[{""value"": ""-92.0"", ""label"": ""Refused""}, {""value"": ""-91.0"", ""label"": ""Not applicable""}, {""value"": ""-1.0"", ""label"": ""Don't know""}, {""value"": ""1.0"", ""label"": ""Yes""}, {""value"": ""2.0"", ""label"": ""No""}]"
483,W7IAGFollowYP,YP: Whether took the encouraged/pressured advice that was felt not suitable from Jobcentre Plus advisor,numeric,NOMINAL,-999.0 thru -1.0,"[{""value"": ""-92.0"", ""label"": ""Refused""}, {""value"": ""-91.0"", ""label"": ""Not applicable""}, {""value"": ""-1.0"", ""label"": ""Don't know""}, {""value"": ""1.0"", ""label"": ""Yes""}, {""value"": ""2.0"", ""label"": ""No""}]"
484,W7IAGBackYP,YP: Whether the encouraged/pressured advice that was felt not suitable from Jobcentre Plus advisor was later felt to be suitable,numeric,NOMINAL,-999.0 thru -1.0,"[{""value"": ""-92.0"", ""label"": ""Refused""}, {""value"": ""-91.0"", ""label"": ""Not applicable""}, {""value"": ""-1.0"", ""label"": ""Don't know""}, {""value"": ""1.0"", ""label"": ""Yes""}, {""value"": ""2.0"", ""label"": ""No""}]"
485,W7IAGKnowYP,YP: Whether know who to go to if needed IAG about future planning (if not received IAG in last 12 months),numeric,NOMINAL,-999.0 thru -1.0,"[{""value"": ""-91.0"", ""label"": ""Not applicable""}, {""value"": ""-1.0"", ""label"": ""Don't know""}, {""value"": ""1.0"", ""label"": ""Yes""}, {""value"": ""2.0"", ""label"": ""No""}]"
486,W7IAGWhereYP0a,YP: Who would go to if needed IAG about future planning - Friends and relatives,numeric,NOMINAL,-999.0 thru -1.0,"[{""value"": ""-91.0"", ""label"": ""Not applicable""}, {""value"": ""0.0"", ""label"": ""Not mentioned""}, {""value"": ""1.0"", ""label"": ""Mentioned""}]"
487,W7IAGWhereYP0b,YP: Who would go to if needed IAG about future planning - Teachers/lecturers/tutors,numeric,NOMINAL,-999.0 thru -1.0,"[{""value"": ""-91.0"", ""label"": ""Not applicable""}, {""value"": ""0.0"", ""label"": ""Not mentioned""}, {""value"": ""1.0"", ""label"": ""Mentioned""}]"
488,W7IAGWhereYP0c,YP: Who would go to if needed IAG about future planning - Connexions,numeric,NOMINAL,-999.0 thru -1.0,"[{""value"": ""-91.0"", ""label"": ""Not applicable""}, {""value"": ""0.0"", ""label"": ""Not mentioned""}, {""value"": ""1.0"", ""label"": ""Mentioned""}]"
489,W7IAGWhereYP0d,YP: Who would go to if needed IAG about future planning - Apprenticeship website,numeric,NOMINAL,-999.0 thru -1.0,"[{""value"": ""-91.0"", ""label"": ""Not applicable""}, {""value"": ""0.0"", ""label"": ""Not mentioned""}, {""value"": ""1.0"", ""label"": ""Mentioned""}]"
490,W7IAGWhereYP0e,YP: Who would go to if needed IAG about future planning - DirectGov,numeric,NOMINAL,-999.0 thru -1.0,"[{""value"": ""-91.0"", ""label"": ""Not applicable""}, {""value"": ""0.0"", ""label"": ""Not mentioned""}, {""value"": ""1.0"", ""label"": ""Mentioned""}]"
491,W7IAGWhereYP0f,YP: Who would go to if needed IAG about future planning - National Apprenticeship Service,numeric,NOMINAL,-999.0 thru -1.0,"[{""value"": ""-91.0"", ""label"": ""Not applicable""}, {""value"": ""0.0"", ""label"": ""Not mentioned""}, {""value"": ""1.0"", ""label"": ""Mentioned""}]"
492,W7IAGWhereYP0g,YP: Who would go to if needed IAG about future planning - Jobcentre Plus advisor,numeric,NOMINAL,-999.0 thru -1.0,"[{""value"": ""-91.0"", ""label"": ""Not applicable""}, {""value"": ""0.0"", ""label"": ""Not mentioned""}, {""value"": ""1.0"", ""label"": ""Mentioned""}]"
493,W7IAGWhereYP0h,YP: Who would go to if needed IAG about future planning - Employer/ work colleagues,numeric,NOMINAL,-999.0 thru -1.0,"[{""value"": ""-91.0"", ""label"": ""Not applicable""}, {""value"": ""0.0"", ""label"": ""Not mentioned""}, {""value"": ""1.0"", ""label"": ""Mentioned""}]"
494,W7IAGWhereYP0i,YP: Who would go to if needed IAG about future planning - Internet/ other websites,numeric,NOMINAL,-999.0 thru -1.0,"[{""value"": ""-91.0"", ""label"": ""Not applicable""}, {""value"": ""0.0"", ""label"": ""Not mentioned""}, {""value"": ""1.0"", ""label"": ""Mentioned""}]"
495,W7IAGWhereYP0j,YP: Who would go to if needed IAG about future planning - Professionals in the field interested in (include specific mentions of professionals eg. photographers),numeric,NOMINAL,-999.0 thru -1.0,"[{""value"": ""-91.0"", ""label"": ""Not applicable""}, {""value"": ""0.0"", ""label"": ""Not mentioned""}, {""value"": ""1.0"", ""label"": ""Mentioned""}]"
496,W7IAGWhereYP0k,YP: Who would go to if needed IAG about future planning - Careers advisers/ student support services,numeric,NOMINAL,-999.0 thru -1.0,"[{""value"": ""-91.0"", ""label"": ""Not applicable""}, {""value"": ""0.0"", ""label"": ""Not mentioned""}, {""value"": ""1.0"", ""label"": ""Mentioned""}]"
497,W7IAGWhereYP0l,YP: Who would go to if needed IAG about future planning - Counsellors,numeric,NOMINAL,-999.0 thru -1.0,"[{""value"": ""-91.0"", ""label"": ""Not applicable""}, {""value"": ""0.0"", ""label"": ""Not mentioned""}, {""value"": ""1.0"", ""label"": ""Mentioned""}]"
498,W7IAGWhereYP0m,YP: Who would go to if needed IAG about future planning - UCAS/ Prospective universities,numeric,NOMINAL,-999.0 thru -1.0,"[{""value"": ""-91.0"", ""label"": ""Not applicable""}, {""value"": ""0.0"", ""label"": ""Not mentioned""}, {""value"": ""1.0"", ""label"": ""Mentioned""}]"
499,W7IAGWhereYP0n,YP: Who would go to if needed IAG about future planning - Other Answer,numeric,NOMINAL,-999.0 thru -1.0,"[{""value"": ""-91.0"", ""label"": ""Not applicable""}, {""value"": ""0.0"", ""label"": ""Not mentioned""}, {""value"": ""1.0"", ""label"": ""Mentioned""}]"
500,W7IAGWhereYP0o,YP: Who would go to if needed IAG about future planning - Don't know,numeric,NOMINAL,-999.0 thru -1.0,"[{""value"": ""-91.0"", ""label"": ""Not applicable""}, {""value"": ""0.0"", ""label"": ""Not mentioned""}, {""value"": ""1.0"", ""label"": ""Mentioned""}]"
501,W7PaystatYP0a,YP: Work and pay statements - Benefits give a more stable income than trying to earn a wage,numeric,NOMINAL,-999.0 thru -1.0,"[{""value"": ""-92.0"", ""label"": ""Refused""}, {""value"": ""-91.0"", ""label"": ""Not applicable""}, {""value"": ""-1.0"", ""label"": ""Don't know""}, {""value"": ""1.0"", ""label"": ""Strongly agree""}, {""value"": ""2.0"", ""label"": ""Agree""}, {""value"": ""3.0"", ""label"": ""Disagree""}, {""value"": ""4.0"", ""label"": ""Strongly disagree""}]"
502,W7PaystatYP0b,YP: Work and pay statements - Some people earn more on benefits than they do working,numeric,NOMINAL,-999.0 thru -1.0,"[{""value"": ""-92.0"", ""label"": ""Refused""}, {""value"": ""-91.0"", ""label"": ""Not applicable""}, {""value"": ""-1.0"", ""label"": ""Don't know""}, {""value"": ""1.0"", ""label"": ""Strongly agree""}, {""value"": ""2.0"", ""label"": ""Agree""}, {""value"": ""3.0"", ""label"": ""Disagree""}, {""value"": ""4.0"", ""label"": ""Strongly disagree""}]"
503,W7PaystatYP0c,YP: Work and pay statements - Having a job is the best way to be an independent person,numeric,NOMINAL,-999.0 thru -1.0,"[{""value"": ""-92.0"", ""label"": ""Refused""}, {""value"": ""-91.0"", ""label"": ""Not applicable""}, {""value"": ""-1.0"", ""label"": ""Don't know""}, {""value"": ""1.0"", ""label"": ""Strongly agree""}, {""value"": ""2.0"", ""label"": ""Agree""}, {""value"": ""3.0"", ""label"": ""Disagree""}, {""value"": ""4.0"", ""label"": ""Strongly disagree""}]"
504,W7PaystatYP0d,YP: Work and pay statements - Once you have a job it is important to hang on to it even if you don't really like it,numeric,NOMINAL,-999.0 thru -1.0,"[{""value"": ""-92.0"", ""label"": ""Refused""}, {""value"": ""-91.0"", ""label"": ""Not applicable""}, {""value"": ""-1.0"", ""label"": ""Don't know""}, {""value"": ""1.0"", ""label"": ""Strongly agree""}, {""value"": ""2.0"", ""label"": ""Agree""}, {""value"": ""3.0"", ""label"": ""Disagree""}, {""value"": ""4.0"", ""label"": ""Strongly disagree""}]"
505,W7PaystatYP0e,YP: Work and pay statements - If I didn't like a job I'd pack it in even if I didn't have another one to go to,numeric,NOMINAL,-999.0 thru -1.0,"[{""value"": ""-92.0"", ""label"": ""Refused""}, {""value"": ""-91.0"", ""label"": ""Not applicable""}, {""value"": ""-1.0"", ""label"": ""Don't know""}, {""value"": ""1.0"", ""label"": ""Strongly agree""}, {""value"": ""2.0"", ""label"": ""Agree""}, {""value"": ""3.0"", ""label"": ""Disagree""}, {""value"": ""4.0"", ""label"": ""Strongly disagree""}]"
506,W7PaystatYP0f,YP: Work and pay statements - Having almost any job is better than being unemployed,numeric,NOMINAL,-999.0 thru -1.0,"[{""value"": ""-92.0"", ""label"": ""Refused""}, {""value"": ""-91.0"", ""label"": ""Not applicable""}, {""value"": ""-1.0"", ""label"": ""Don't know""}, {""value"": ""1.0"", ""label"": ""Strongly agree""}, {""value"": ""2.0"", ""label"": ""Agree""}, {""value"": ""3.0"", ""label"": ""Disagree""}, {""value"": ""4.0"", ""label"": ""Strongly disagree""}]"
507,W7PaystatYP0g,YP: Work and pay statements - Women with young children should never work full time,numeric,NOMINAL,-999.0 thru -1.0,"[{""value"": ""-92.0"", ""label"": ""Refused""}, {""value"": ""-91.0"", ""label"": ""Not applicable""}, {""value"": ""-1.0"", ""label"": ""Don't know""}, {""value"": ""1.0"", ""label"": ""Strongly agree""}, {""value"": ""2.0"", ""label"": ""Agree""}, {""value"": ""3.0"", ""label"": ""Disagree""}, {""value"": ""4.0"", ""label"": ""Strongly disagree""}]"
508,W7Pla16YP,YP: Work and pay statements - Having a job that leads somewhere is important,numeric,NOMINAL,-999.0 thru -1.0,"[{""value"": ""-91.0"", ""label"": ""Not applicable""}, {""value"": ""-1.0"", ""label"": ""Don't know""}, {""value"": ""1.0"", ""label"": ""Strongly agree""}, {""value"": ""2.0"", ""label"": ""Agree""}, {""value"": ""3.0"", ""label"": ""Disagree""}, {""value"": ""4.0"", ""label"": ""Strongly disagree""}]"
509,W7QuaHelpYP,YP: Statements about the future - To have a job where I help other people,numeric,NOMINAL,-999.0 thru -1.0,"[{""value"": ""-91.0"", ""label"": ""Not applicable""}, {""value"": ""-1.0"", ""label"": ""Don't know""}, {""value"": ""1.0"", ""label"": ""Matters a lot to me""}, {""value"": ""2.0"", ""label"": ""Matters a little to me""}, {""value"": ""3.0"", ""label"": ""Doesn't matter""}]"
510,W7QuaWageYP,YP: Statements about the future - To have a job which pays well,numeric,NOMINAL,-999.0 thru -1.0,"[{""value"": ""-998.0"", ""label"": ""Missing data - Question not asked""}, {""value"": ""-91.0"", ""label"": ""Not applicable""}, {""value"": ""-1.0"", ""label"": ""Don't know""}, {""value"": ""1.0"", ""label"": ""Matters a lot to me""}, {""value"": ""2.0"", ""label"": ""Matters a little to me""}, {""value"": ""3.0"", ""label"": ""Doesn't matter""}]"
511,W7QuaWorkYP,YP: Statements about the future - To be my own boss/have my own business,numeric,NOMINAL,-999.0 thru -1.0,"[{""value"": ""-91.0"", ""label"": ""Not applicable""}, {""value"": ""-1.0"", ""label"": ""Don't know""}, {""value"": ""1.0"", ""label"": ""Matters a lot to me""}, {""value"": ""2.0"", ""label"": ""Matters a little to me""}, {""value"": ""3.0"", ""label"": ""Doesn't matter""}]"
512,W7QuaVarYP,YP: Statements about the future - To have a job that's interesting and not routine,numeric,NOMINAL,-999.0 thru -1.0,"[{""value"": ""-91.0"", ""label"": ""Not applicable""}, {""value"": ""-1.0"", ""label"": ""Don't know""}, {""value"": ""1.0"", ""label"": ""Matters a lot to me""}, {""value"": ""2.0"", ""label"": ""Matters a little to me""}, {""value"": ""3.0"", ""label"": ""Doesn't matter""}]"
513,W7QuaPromYP,YP: Statements about the future - To have a job where I can get promoted and get ahead,numeric,NOMINAL,-999.0 thru -1.0,"[{""value"": ""-91.0"", ""label"": ""Not applicable""}, {""value"": ""-1.0"", ""label"": ""Don't know""}, {""value"": ""1.0"", ""label"": ""Matters a lot to me""}, {""value"": ""2.0"", ""label"": ""Matters a little to me""}, {""value"": ""3.0"", ""label"": ""Doesn't matter""}]"
514,W7QuaHourYP,YP: Statements about the future - To have a job with regular hours,numeric,NOMINAL,-999.0 thru -1.0,"[{""value"": ""-91.0"", ""label"": ""Not applicable""}, {""value"": ""-1.0"", ""label"": ""Don't know""}, {""value"": ""1.0"", ""label"": ""Matters a lot to me""}, {""value"": ""2.0"", ""label"": ""Matters a little to me""}, {""value"": ""3.0"", ""label"": ""Doesn't matter""}]"
515,W7ImpJobYP,YP: Statements about the future - Having a job or career in the future is important to me,numeric,NOMINAL,-999.0 thru -1.0,"[{""value"": ""-91.0"", ""label"": ""Not applicable""}, {""value"": ""-1.0"", ""label"": ""Don't know""}, {""value"": ""1.0"", ""label"": ""Strongly agree""}, {""value"": ""2.0"", ""label"": ""Agree""}, {""value"": ""3.0"", ""label"": ""Disagree""}, {""value"": ""4.0"", ""label"": ""Strongly disagree""}]"
516,W7ImpFamYP0b,YP: Statements about the future - Raising a family in the future is important to me,numeric,NOMINAL,-999.0 thru -1.0,"[{""value"": ""-91.0"", ""label"": ""Not applicable""}, {""value"": ""-1.0"", ""label"": ""Don't know""}, {""value"": ""1.0"", ""label"": ""Strongly agree""}, {""value"": ""2.0"", ""label"": ""Agree""}, {""value"": ""3.0"", ""label"": ""Disagree""}, {""value"": ""4.0"", ""label"": ""Strongly disagree""}]"
517,W7ImpFamYP0a,YP: Statements about the future - Studying to gain qualifications is important to me,numeric,NOMINAL,-999.0 thru -1.0,"[{""value"": ""-91.0"", ""label"": ""Not applicable""}, {""value"": ""-1.0"", ""label"": ""Don't know""}, {""value"": ""1.0"", ""label"": ""Strongly agree""}, {""value"": ""2.0"", ""label"": ""Agree""}, {""value"": ""3.0"", ""label"": ""Disagree""}, {""value"": ""4.0"", ""label"": ""Strongly disagree""}]"
518,W7NextYearYP,YP: Statements about the future - I don't really think much about what I might be doing in a few years time,numeric,NOMINAL,-999.0 thru -1.0,"[{""value"": ""-91.0"", ""label"": ""Not applicable""}, {""value"": ""-1.0"", ""label"": ""Don't know""}, {""value"": ""1.0"", ""label"": ""Strongly agree""}, {""value"": ""2.0"", ""label"": ""Agree""}, {""value"": ""3.0"", ""label"": ""Disagree""}, {""value"": ""4.0"", ""label"": ""Strongly disagree""}]"
519,W7DonateYP,YP: Whether donate to charity / good causes,numeric,NOMINAL,-999.0 thru -1.0,"[{""value"": ""-92.0"", ""label"": ""Refused""}, {""value"": ""-91.0"", ""label"": ""Not applicable""}, {""value"": ""-1.0"", ""label"": ""Don't know""}, {""value"": ""1.0"", ""label"": ""Yes""}, {""value"": ""2.0"", ""label"": ""No""}]"
520,W7VolunteerOYP,YP: Whether provided unpaid help in last 12 months (other than donating money),numeric,NOMINAL,-999.0 thru -1.0,"[{""value"": ""-92.0"", ""label"": ""Refused""}, {""value"": ""-91.0"", ""label"": ""Not applicable""}, {""value"": ""-1.0"", ""label"": ""Don't know""}, {""value"": ""1.0"", ""label"": ""Yes""}, {""value"": ""2.0"", ""label"": ""No""}]"
521,W7VolunteerOOYP0a,YP: Way(s) have given unpaid help in last 12 months - Donated money/ Sponsored people,numeric,NOMINAL,-999.0 thru -1.0,"[{""value"": ""-91.0"", ""label"": ""Not applicable""}, {""value"": ""0.0"", ""label"": ""Not mentioned""}, {""value"": ""1.0"", ""label"": ""Mentioned""}]"
522,W7VolunteerOOYP0b,YP: Way(s) have given unpaid help in last 12 months - Youth/ social groups,numeric,NOMINAL,-999.0 thru -1.0,"[{""value"": ""-91.0"", ""label"": ""Not applicable""}, {""value"": ""0.0"", ""label"": ""Not mentioned""}, {""value"": ""1.0"", ""label"": ""Mentioned""}]"
523,W7VolunteerOOYP0c,YP: Way(s) have given unpaid help in last 12 months - Sports/ exercise,numeric,NOMINAL,-999.0 thru -1.0,"[{""value"": ""-91.0"", ""label"": ""Not applicable""}, {""value"": ""0.0"", ""label"": ""Not mentioned""}, {""value"": ""1.0"", ""label"": ""Mentioned""}]"
524,W7VolunteerOOYP0d,YP: Way(s) have given unpaid help in last 12 months - Religion,numeric,NOMINAL,-999.0 thru -1.0,"[{""value"": ""-91.0"", ""label"": ""Not applicable""}, {""value"": ""0.0"", ""label"": ""Not mentioned""}, {""value"": ""1.0"", ""label"": ""Mentioned""}]"
525,W7VolunteerOOYP0e,YP: Way(s) have given unpaid help in last 12 months - Hobbies/ arts,numeric,NOMINAL,-999.0 thru -1.0,"[{""value"": ""-91.0"", ""label"": ""Not applicable""}, {""value"": ""0.0"", ""label"": ""Not mentioned""}, {""value"": ""1.0"", ""label"": ""Mentioned""}]"
526,W7VolunteerOOYP0f,YP: Way(s) have given unpaid help in last 12 months - Children (school based),numeric,NOMINAL,-999.0 thru -1.0,"[{""value"": ""-91.0"", ""label"": ""Not applicable""}, {""value"": ""0.0"", ""label"": ""Not mentioned""}, {""value"": ""1.0"", ""label"": ""Mentioned""}]"
527,W7VolunteerOOYP0g,YP: Way(s) have given unpaid help in last 12 months - Children (not school based),numeric,NOMINAL,-999.0 thru -1.0,"[{""value"": ""-91.0"", ""label"": ""Not applicable""}, {""value"": ""0.0"", ""label"": ""Not mentioned""}, {""value"": ""1.0"", ""label"": ""Mentioned""}]"
528,W7VolunteerOOYP0h,YP: Way(s) have given unpaid help in last 12 months - School- not related to children,numeric,NOMINAL,-999.0 thru -1.0,"[{""value"": ""-91.0"", ""label"": ""Not applicable""}, {""value"": ""0.0"", ""label"": ""Not mentioned""}, {""value"": ""1.0"", ""label"": ""Mentioned""}]"
529,W7VolunteerOOYP0i,"YP: Way(s) have given unpaid help in last 12 months - Elderly, health, disability and welfare",numeric,NOMINAL,-999.0 thru -1.0,"[{""value"": ""-91.0"", ""label"": ""Not applicable""}, {""value"": ""0.0"", ""label"": ""Not mentioned""}, {""value"": ""1.0"", ""label"": ""Mentioned""}]"
530,W7VolunteerOOYP0j,YP: Way(s) have given unpaid help in last 12 months - Local community/ neighbourhood,numeric,NOMINAL,-999.0 thru -1.0,"[{""value"": ""-91.0"", ""label"": ""Not applicable""}, {""value"": ""0.0"", ""label"": ""Not mentioned""}, {""value"": ""1.0"", ""label"": ""Mentioned""}]"
531,W7VolunteerOOYP0k,YP: Way(s) have given unpaid help in last 12 months - Politics,numeric,NOMINAL,-999.0 thru -1.0,"[{""value"": ""-91.0"", ""label"": ""Not applicable""}, {""value"": ""0.0"", ""label"": ""Not mentioned""}, {""value"": ""1.0"", ""label"": ""Mentioned""}]"
532,W7VolunteerOOYP0l,YP: Way(s) have given unpaid help in last 12 months - Environment/ animals,numeric,NOMINAL,-999.0 thru -1.0,"[{""value"": ""-91.0"", ""label"": ""Not applicable""}, {""value"": ""0.0"", ""label"": ""Not mentioned""}, {""value"": ""1.0"", ""label"": ""Mentioned""}]"
533,W7VolunteerOOYP0m,YP: Way(s) have given unpaid help in last 12 months - Justice and human rights,numeric,NOMINAL,-999.0 thru -1.0,"[{""value"": ""-91.0"", ""label"": ""Not applicable""}, {""value"": ""0.0"", ""label"": ""Not mentioned""}, {""value"": ""1.0"", ""label"": ""Mentioned""}]"
534,W7VolunteerOOYP0n,YP: Way(s) have given unpaid help in last 12 months - Uniformed services,numeric,NOMINAL,-999.0 thru -1.0,"[{""value"": ""-91.0"", ""label"": ""Not applicable""}, {""value"": ""0.0"", ""label"": ""Not mentioned""}, {""value"": ""1.0"", ""label"": ""Mentioned""}]"
535,W7VolunteerOOYP0o,"YP: Way(s) have given unpaid help in last 12 months - Help relatives (due to ill health, disability or frailty)",numeric,NOMINAL,-999.0 thru -1.0,"[{""value"": ""-91.0"", ""label"": ""Not applicable""}, {""value"": ""0.0"", ""label"": ""Not mentioned""}, {""value"": ""1.0"", ""label"": ""Mentioned""}]"
536,W7VolunteerOOYP0p,"YP: Way(s) have given unpaid help in last 12 months - Help relatives (not related to ill-health, disability or frailty)",numeric,NOMINAL,-999.0 thru -1.0,"[{""value"": ""-91.0"", ""label"": ""Not applicable""}, {""value"": ""0.0"", ""label"": ""Not mentioned""}, {""value"": ""1.0"", ""label"": ""Mentioned""}]"
537,W7VolunteerOOYP0q,"YP: Way(s) have given unpaid help in last 12 months - Help friends and neighbours (due to ill health, disability or frailty)",numeric,NOMINAL,-999.0 thru -1.0,"[{""value"": ""-91.0"", ""label"": ""Not applicable""}, {""value"": ""0.0"", ""label"": ""Not mentioned""}, {""value"": ""1.0"", ""label"": ""Mentioned""}]"
538,W7VolunteerOOYP0r,"YP: Way(s) have given unpaid help in last 12 months - Help friends and neighbours (not related to ill health, disability or frailty)",numeric,NOMINAL,-999.0 thru -1.0,"[{""value"": ""-91.0"", ""label"": ""Not applicable""}, {""value"": ""0.0"", ""label"": ""Not mentioned""}, {""value"": ""1.0"", ""label"": ""Mentioned""}]"
539,W7VolunteerOOYP0s,YP: Way(s) have given unpaid help in last 12 months - Unspecified charity work,numeric,NOMINAL,-999.0 thru -1.0,"[{""value"": ""-91.0"", ""label"": ""Not applicable""}, {""value"": ""0.0"", ""label"": ""Not mentioned""}, {""value"": ""1.0"", ""label"": ""Mentioned""}]"
540,W7VolunteerOOYP0t,YP: Way(s) have given unpaid help in last 12 months - Other,numeric,NOMINAL,-999.0 thru -1.0,"[{""value"": ""-91.0"", ""label"": ""Not applicable""}, {""value"": ""0.0"", ""label"": ""Not mentioned""}, {""value"": ""1.0"", ""label"": ""Mentioned""}]"
541,W7VolunteerOOYP0u,YP: Way(s) have given unpaid help in last 12 months - Refused,numeric,NOMINAL,-999.0 thru -1.0,"[{""value"": ""-91.0"", ""label"": ""Not applicable""}, {""value"": ""0.0"", ""label"": ""Not mentioned""}, {""value"": ""1.0"", ""label"": ""Mentioned""}]"
542,W7VolOFreqYP,YP: Frequency provided unpaid help in last 12 months,numeric,NOMINAL,-999.0 thru -1.0,"[{""value"": ""-91.0"", ""label"": ""Not applicable""}, {""value"": ""-1.0"", ""label"": ""Don't know""}, {""value"": ""1.0"", ""label"": ""Once or twice a week""}, {""value"": ""2.0"", ""label"": ""Once or twice a month""}, {""value"": ""3.0"", ""label"": ""Once every couple of months""}, {""value"": ""4.0"", ""label"": ""Once or twice a year""}, {""value"": ""5.0"", ""label"": ""It was a one-off""}]"
543,W7VlWrkhrsYP,YP: Number of hours usually spent on unpaid help each week,numeric,NOMINAL,-999.0 thru -1.0,"[{""value"": ""-92.0"", ""label"": ""Refused""}, {""value"": ""-91.0"", ""label"": ""Not applicable""}, {""value"": ""-1.0"", ""label"": ""Don't know""}, {""value"": ""1.0"", ""label"": ""Less than 1 hour""}, {""value"": ""2.0"", ""label"": ""1-4 hours""}, {""value"": ""3.0"", ""label"": ""5-9 hours""}, {""value"": ""4.0"", ""label"": ""10-14 hours""}, {""value"": ""5.0"", ""label"": ""15-19 hours""}, {""value"": ""6.0"", ""label"": ""20-34 hours""}, {""value"": ""7.0"", ""label"": ""35 or more hours""}]"
544,W7VolWhyYP0a,YP: Why provides unpaid help - My friends were doing it,numeric,NOMINAL,-999.0 thru -1.0,"[{""value"": ""-91.0"", ""label"": ""Not applicable""}, {""value"": ""1.0"", ""label"": ""Applies""}, {""value"": ""2.0"", ""label"": ""Doesn't apply""}]"
545,W7VolWhyYP0b,YP: Why provides unpaid help - Had the opportunity to do it via my course or job,numeric,NOMINAL,-999.0 thru -1.0,"[{""value"": ""-91.0"", ""label"": ""Not applicable""}, {""value"": ""1.0"", ""label"": ""Applies""}, {""value"": ""2.0"", ""label"": ""Doesn't apply""}]"
546,W7VolWhyYP0c,YP: Why provides unpaid help - Was persuaded or encouraged to do it by somebody or an organisation,numeric,NOMINAL,-999.0 thru -1.0,"[{""value"": ""-91.0"", ""label"": ""Not applicable""}, {""value"": ""1.0"", ""label"": ""Applies""}, {""value"": ""2.0"", ""label"": ""Doesn't apply""}]"
547,W7VolWhyYP0d,YP: Why provides unpaid help - Wanted to meet new people,numeric,NOMINAL,-999.0 thru -1.0,"[{""value"": ""-91.0"", ""label"": ""Not applicable""}, {""value"": ""1.0"", ""label"": ""Applies""}, {""value"": ""2.0"", ""label"": ""Doesn't apply""}]"
548,W7VolWhyYP0e,YP: Why provides unpaid help - It would help me get a job or experience,numeric,NOMINAL,-999.0 thru -1.0,"[{""value"": ""-91.0"", ""label"": ""Not applicable""}, {""value"": ""1.0"", ""label"": ""Applies""}, {""value"": ""2.0"", ""label"": ""Doesn't apply""}]"
549,W7VolWhyYP0f,YP: Why provides unpaid help - Wanted to gain more skills/use existing skills,numeric,NOMINAL,-999.0 thru -1.0,"[{""value"": ""-91.0"", ""label"": ""Not applicable""}, {""value"": ""1.0"", ""label"": ""Applies""}, {""value"": ""2.0"", ""label"": ""Doesn't apply""}]"
550,W7VolWhyYP0g,YP: Why provides unpaid help - It sounded like fun,numeric,NOMINAL,-999.0 thru -1.0,"[{""value"": ""-91.0"", ""label"": ""Not applicable""}, {""value"": ""1.0"", ""label"": ""Applies""}, {""value"": ""2.0"", ""label"": ""Doesn't apply""}]"
551,W7VolWhyYP0h,YP: Why provides unpaid help - Wanted to do my bit for society/make a difference/help people,numeric,NOMINAL,-999.0 thru -1.0,"[{""value"": ""-91.0"", ""label"": ""Not applicable""}, {""value"": ""1.0"", ""label"": ""Applies""}, {""value"": ""2.0"", ""label"": ""Doesn't apply""}]"
552,W7VolWhyYP0i,YP: Why provides unpaid help - To improve my confidence,numeric,NOMINAL,-999.0 thru -1.0,"[{""value"": ""-91.0"", ""label"": ""Not applicable""}, {""value"": ""1.0"", ""label"": ""Applies""}, {""value"": ""2.0"", ""label"": ""Doesn't apply""}]"
553,W7VolWhyYP0j,YP: Why provides unpaid help - I like helping out,numeric,NOMINAL,-999.0 thru -1.0,"[{""value"": ""-91.0"", ""label"": ""Not applicable""}, {""value"": ""1.0"", ""label"": ""Applies""}, {""value"": ""2.0"", ""label"": ""Doesn't apply""}]"
554,W7VolWhyYP0k,YP: Why provides unpaid help - The cause was important to me,numeric,NOMINAL,-999.0 thru -1.0,"[{""value"": ""-91.0"", ""label"": ""Not applicable""}, {""value"": ""1.0"", ""label"": ""Applies""}, {""value"": ""2.0"", ""label"": ""Doesn't apply""}]"
555,W7VolWhyYP0l,YP: Why provides unpaid help - Had some spare time,numeric,NOMINAL,-999.0 thru -1.0,"[{""value"": ""-91.0"", ""label"": ""Not applicable""}, {""value"": ""1.0"", ""label"": ""Applies""}, {""value"": ""2.0"", ""label"": ""Doesn't apply""}]"
556,W7VolWhyYP0m,YP: Why provides unpaid help - Had to do it as part of my college/university course,numeric,NOMINAL,-999.0 thru -1.0,"[{""value"": ""-91.0"", ""label"": ""Not applicable""}, {""value"": ""1.0"", ""label"": ""Applies""}, {""value"": ""2.0"", ""label"": ""Doesn't apply""}]"
557,W7VolWhyYP0n,YP: Why provides unpaid help - Friends/family needed help,numeric,NOMINAL,-999.0 thru -1.0,"[{""value"": ""-91.0"", ""label"": ""Not applicable""}, {""value"": ""1.0"", ""label"": ""Applies""}, {""value"": ""2.0"", ""label"": ""Doesn't apply""}]"
558,W7VolWhyYP0o,YP: Why provides unpaid help - Religious duty,numeric,NOMINAL,-999.0 thru -1.0,"[{""value"": ""-91.0"", ""label"": ""Not applicable""}, {""value"": ""1.0"", ""label"": ""Applies""}, {""value"": ""2.0"", ""label"": ""Doesn't apply""}]"
559,W7VolWhyYP0p,YP: Why provides unpaid help - Other answers,numeric,NOMINAL,-999.0 thru -1.0,"[{""value"": ""-91.0"", ""label"": ""Not applicable""}, {""value"": ""1.0"", ""label"": ""Applies""}, {""value"": ""2.0"", ""label"": ""Doesn't apply""}]"
560,W7VolWhyYP0q,YP: Why provides unpaid help - Refused,numeric,NOMINAL,-999.0 thru -1.0,"[{""value"": ""-91.0"", ""label"": ""Not applicable""}, {""value"": ""1.0"", ""label"": ""Applies""}, {""value"": ""2.0"", ""label"": ""Doesn't apply""}]"
561,W7VolNoYP,YP: Whether would like to spend time giving unpaid help,numeric,NOMINAL,-999.0 thru -1.0,"[{""value"": ""-91.0"", ""label"": ""Not applicable""}, {""value"": ""-1.0"", ""label"": ""Don't know""}, {""value"": ""1.0"", ""label"": ""Yes""}, {""value"": ""2.0"", ""label"": ""No""}]"
562,W7VolNoYYP0a,YP: Why feel would not like to give unpaid help - Do not have enough time,numeric,NOMINAL,-999.0 thru -1.0,"[{""value"": ""-91.0"", ""label"": ""Not applicable""}, {""value"": ""0.0"", ""label"": ""Not mentioned""}, {""value"": ""1.0"", ""label"": ""Mentioned""}]"
563,W7VolNoYYP0b,YP: Why feel would not like to give unpaid help - Do not believe in it,numeric,NOMINAL,-999.0 thru -1.0,"[{""value"": ""-91.0"", ""label"": ""Not applicable""}, {""value"": ""0.0"", ""label"": ""Not mentioned""}, {""value"": ""1.0"", ""label"": ""Mentioned""}]"
564,W7VolNoYYP0c,YP: Why feel would not like to give unpaid help - Had not thought about it,numeric,NOMINAL,-999.0 thru -1.0,"[{""value"": ""-91.0"", ""label"": ""Not applicable""}, {""value"": ""0.0"", ""label"": ""Not mentioned""}, {""value"": ""1.0"", ""label"": ""Mentioned""}]"
565,W7VolNoYYP0d,YP: Why feel would not like to give unpaid help - It does not interest me,numeric,NOMINAL,-999.0 thru -1.0,"[{""value"": ""-91.0"", ""label"": ""Not applicable""}, {""value"": ""0.0"", ""label"": ""Not mentioned""}, {""value"": ""1.0"", ""label"": ""Mentioned""}]"
566,W7VolNoYYP0e,YP: Why feel would not like to give unpaid help - Do not feel motivated to do it,numeric,NOMINAL,-999.0 thru -1.0,"[{""value"": ""-91.0"", ""label"": ""Not applicable""}, {""value"": ""0.0"", ""label"": ""Not mentioned""}, {""value"": ""1.0"", ""label"": ""Mentioned""}]"
567,W7VolNoYYP0f,YP: Why feel would not like to give unpaid help - Cannot afford to give unpaid time,numeric,NOMINAL,-999.0 thru -1.0,"[{""value"": ""-91.0"", ""label"": ""Not applicable""}, {""value"": ""0.0"", ""label"": ""Not mentioned""}, {""value"": ""1.0"", ""label"": ""Mentioned""}]"
568,W7VolNoYYP0g,YP: Why feel would not like to give unpaid help - Have an illness or disability that prevents me from getting involved,numeric,NOMINAL,-999.0 thru -1.0,"[{""value"": ""-91.0"", ""label"": ""Not applicable""}, {""value"": ""0.0"", ""label"": ""Not mentioned""}, {""value"": ""1.0"", ""label"": ""Mentioned""}]"
569,W7VolNoYYP0h,YP: Why feel would not like to give unpaid help - Other,numeric,NOMINAL,-999.0 thru -1.0,"[{""value"": ""-91.0"", ""label"": ""Not applicable""}, {""value"": ""0.0"", ""label"": ""Not mentioned""}, {""value"": ""1.0"", ""label"": ""Mentioned""}]"
570,W7VolNoYYP0i,YP: Why feel would not like to give unpaid help - Refused,numeric,NOMINAL,-999.0 thru -1.0,"[{""value"": ""-91.0"", ""label"": ""Not applicable""}, {""value"": ""0.0"", ""label"": ""Not mentioned""}, {""value"": ""1.0"", ""label"": ""Mentioned""}]"
571,W7VolWantYYP0a,YP: Why do not give unpaid help - Don't have time,numeric,NOMINAL,-999.0 thru -1.0,"[{""value"": ""-91.0"", ""label"": ""Not applicable""}, {""value"": ""1.0"", ""label"": ""Applies""}, {""value"": ""2.0"", ""label"": ""Doesn't apply""}]"
572,W7VolWantYYP0b,YP: Why do not give unpaid help - Don't know any groups that need help,numeric,NOMINAL,-999.0 thru -1.0,"[{""value"": ""-91.0"", ""label"": ""Not applicable""}, {""value"": ""1.0"", ""label"": ""Applies""}, {""value"": ""2.0"", ""label"": ""Doesn't apply""}]"
573,W7VolWantYYP0c,YP: Why do not give unpaid help - Haven't heard of any opportunities to give help,numeric,NOMINAL,-999.0 thru -1.0,"[{""value"": ""-91.0"", ""label"": ""Not applicable""}, {""value"": ""1.0"", ""label"": ""Applies""}, {""value"": ""2.0"", ""label"": ""Doesn't apply""}]"
574,W7VolWantYYP0d,YP: Why do not give unpaid help - Have an illness or disability that prevents me from getting involved,numeric,NOMINAL,-999.0 thru -1.0,"[{""value"": ""-91.0"", ""label"": ""Not applicable""}, {""value"": ""1.0"", ""label"": ""Applies""}, {""value"": ""2.0"", ""label"": ""Doesn't apply""}]"
575,W7VolWantYYP0e,YP: Why do not give unpaid help - Cannot afford to give unpaid time,numeric,NOMINAL,-999.0 thru -1.0,"[{""value"": ""-91.0"", ""label"": ""Not applicable""}, {""value"": ""1.0"", ""label"": ""Applies""}, {""value"": ""2.0"", ""label"": ""Doesn't apply""}]"
576,W7VolWantYYP0f,YP: Why do not give unpaid help - Do not feel motivated to do it,numeric,NOMINAL,-999.0 thru -1.0,"[{""value"": ""-91.0"", ""label"": ""Not applicable""}, {""value"": ""1.0"", ""label"": ""Applies""}, {""value"": ""2.0"", ""label"": ""Doesn't apply""}]"
577,W7VolWantYYP0g,YP: Why do not give unpaid help - Other,numeric,NOMINAL,-999.0 thru -1.0,"[{""value"": ""-91.0"", ""label"": ""Not applicable""}, {""value"": ""1.0"", ""label"": ""Applies""}, {""value"": ""2.0"", ""label"": ""Doesn't apply""}]"
578,W7VolWantYYP0h,YP: Why do not give unpaid help - Refused,numeric,NOMINAL,-999.0 thru -1.0,"[{""value"": ""-91.0"", ""label"": ""Not applicable""}, {""value"": ""1.0"", ""label"": ""Applies""}, {""value"": ""2.0"", ""label"": ""Doesn't apply""}]"
579,W7VolTimeYP0a,YP: Activities that prevent having time to get involved with unpaid help - Studying,numeric,NOMINAL,-999.0 thru -1.0,"[{""value"": ""-91.0"", ""label"": ""Not applicable""}, {""value"": ""0.0"", ""label"": ""Not mentioned""}, {""value"": ""1.0"", ""label"": ""Mentioned""}]"
580,W7VolTimeYP0b,YP: Activities that prevent having time to get involved with unpaid help - Working,numeric,NOMINAL,-999.0 thru -1.0,"[{""value"": ""-91.0"", ""label"": ""Not applicable""}, {""value"": ""0.0"", ""label"": ""Not mentioned""}, {""value"": ""1.0"", ""label"": ""Mentioned""}]"
581,W7VolTimeYP0c,YP: Activities that prevent having time to get involved with unpaid help - Doing sports,numeric,NOMINAL,-999.0 thru -1.0,"[{""value"": ""-91.0"", ""label"": ""Not applicable""}, {""value"": ""0.0"", ""label"": ""Not mentioned""}, {""value"": ""1.0"", ""label"": ""Mentioned""}]"
582,W7VolTimeYP0d,YP: Activities that prevent having time to get involved with unpaid help - Socialising/ social life,numeric,NOMINAL,-999.0 thru -1.0,"[{""value"": ""-91.0"", ""label"": ""Not applicable""}, {""value"": ""0.0"", ""label"": ""Not mentioned""}, {""value"": ""1.0"", ""label"": ""Mentioned""}]"
583,W7VolTimeYP0e,YP: Activities that prevent having time to get involved with unpaid help - Family commitments,numeric,NOMINAL,-999.0 thru -1.0,"[{""value"": ""-91.0"", ""label"": ""Not applicable""}, {""value"": ""0.0"", ""label"": ""Not mentioned""}, {""value"": ""1.0"", ""label"": ""Mentioned""}]"
584,W7VolTimeYP0f,YP: Activities that prevent having time to get involved with unpaid help - Hobbies,numeric,NOMINAL,-999.0 thru -1.0,"[{""value"": ""-91.0"", ""label"": ""Not applicable""}, {""value"": ""0.0"", ""label"": ""Not mentioned""}, {""value"": ""1.0"", ""label"": ""Mentioned""}]"
585,W7VolTimeYP0g,YP: Activities that prevent having time to get involved with unpaid help - Looking for a job/place on a course,numeric,NOMINAL,-999.0 thru -1.0,"[{""value"": ""-91.0"", ""label"": ""Not applicable""}, {""value"": ""0.0"", ""label"": ""Not mentioned""}, {""value"": ""1.0"", ""label"": ""Mentioned""}]"
586,W7VolTimeYP0h,YP: Activities that prevent having time to get involved with unpaid help - Housework,numeric,NOMINAL,-999.0 thru -1.0,"[{""value"": ""-91.0"", ""label"": ""Not applicable""}, {""value"": ""0.0"", ""label"": ""Not mentioned""}, {""value"": ""1.0"", ""label"": ""Mentioned""}]"
587,W7VolTimeYP0i,YP: Activities that prevent having time to get involved with unpaid help - Travelling/commuting,numeric,NOMINAL,-999.0 thru -1.0,"[{""value"": ""-91.0"", ""label"": ""Not applicable""}, {""value"": ""0.0"", ""label"": ""Not mentioned""}, {""value"": ""1.0"", ""label"": ""Mentioned""}]"
588,W7VolTimeYP0j,YP: Activities that prevent having time to get involved with unpaid help - Training/work placement,numeric,NOMINAL,-999.0 thru -1.0,"[{""value"": ""-91.0"", ""label"": ""Not applicable""}, {""value"": ""0.0"", ""label"": ""Not mentioned""}, {""value"": ""1.0"", ""label"": ""Mentioned""}]"
589,W7VolTimeYP0k,YP: Activities that prevent having time to get involved with unpaid help - Other,numeric,NOMINAL,-999.0 thru -1.0,"[{""value"": ""-91.0"", ""label"": ""Not applicable""}, {""value"": ""0.0"", ""label"": ""Not mentioned""}, {""value"": ""1.0"", ""label"": ""Mentioned""}]"
590,W7VolTimeYP0l,YP: Activities that prevent having time to get involved with unpaid help - Don't know,numeric,NOMINAL,-999.0 thru -1.0,"[{""value"": ""-91.0"", ""label"": ""Not applicable""}, {""value"": ""0.0"", ""label"": ""Not mentioned""}, {""value"": ""1.0"", ""label"": ""Mentioned""}]"
591,W7VoteGeneralYP,YP: Whether voted in 2010 General Election,numeric,NOMINAL,-999.0 thru -1.0,"[{""value"": ""-92.0"", ""label"": ""Refused""}, {""value"": ""-91.0"", ""label"": ""Not applicable""}, {""value"": ""-1.0"", ""label"": ""Don't know""}, {""value"": ""1.0"", ""label"": ""Yes, voted""}, {""value"": ""2.0"", ""label"": ""No""}]"
592,W7YNoVoteYP0a,YP: Reasons did not vote in 2010 General Election - Illness,numeric,NOMINAL,-999.0 thru -1.0,"[{""value"": ""-91.0"", ""label"": ""Not applicable""}, {""value"": ""0.0"", ""label"": ""Not mentioned""}, {""value"": ""1.0"", ""label"": ""Mentioned""}]"
593,W7YNoVoteYP0b,YP: Reasons did not vote in 2010 General Election - Administrative errors meant I couldn't vote,numeric,NOMINAL,-999.0 thru -1.0,"[{""value"": ""-91.0"", ""label"": ""Not applicable""}, {""value"": ""0.0"", ""label"": ""Not mentioned""}, {""value"": ""1.0"", ""label"": ""Mentioned""}]"
594,W7YNoVoteYP0c,YP: Reasons did not vote in 2010 General Election - Didn't have time to vote - working,numeric,NOMINAL,-999.0 thru -1.0,"[{""value"": ""-91.0"", ""label"": ""Not applicable""}, {""value"": ""0.0"", ""label"": ""Not mentioned""}, {""value"": ""1.0"", ""label"": ""Mentioned""}]"
595,W7YNoVoteYP0d,YP: Reasons did not vote in 2010 General Election - Didn't have time to vote - exams/ studying,numeric,NOMINAL,-999.0 thru -1.0,"[{""value"": ""-91.0"", ""label"": ""Not applicable""}, {""value"": ""0.0"", ""label"": ""Not mentioned""}, {""value"": ""1.0"", ""label"": ""Mentioned""}]"
596,W7YNoVoteYP0e,YP: Reasons did not vote in 2010 General Election - Didn't have time to vote - other,numeric,NOMINAL,-999.0 thru -1.0,"[{""value"": ""-91.0"", ""label"": ""Not applicable""}, {""value"": ""0.0"", ""label"": ""Not mentioned""}, {""value"": ""1.0"", ""label"": ""Mentioned""}]"
597,W7YNoVoteYP0f,YP: Reasons did not vote in 2010 General Election - Not registered to vote,numeric,NOMINAL,-999.0 thru -1.0,"[{""value"": ""-91.0"", ""label"": ""Not applicable""}, {""value"": ""0.0"", ""label"": ""Not mentioned""}, {""value"": ""1.0"", ""label"": ""Mentioned""}]"
598,W7YNoVoteYP0g,YP: Reasons did not vote in 2010 General Election - Forgot to vote,numeric,NOMINAL,-999.0 thru -1.0,"[{""value"": ""-91.0"", ""label"": ""Not applicable""}, {""value"": ""0.0"", ""label"": ""Not mentioned""}, {""value"": ""1.0"", ""label"": ""Mentioned""}]"
599,W7YNoVoteYP0h,YP: Reasons did not vote in 2010 General Election - Unsure who to vote for so abstained,numeric,NOMINAL,-999.0 thru -1.0,"[{""value"": ""-91.0"", ""label"": ""Not applicable""}, {""value"": ""0.0"", ""label"": ""Not mentioned""}, {""value"": ""1.0"", ""label"": ""Mentioned""}]"
600,W7YNoVoteYP0i,YP: Reasons did not vote in 2010 General Election - Don't care/ Not interested,numeric,NOMINAL,-999.0 thru -1.0,"[{""value"": ""-91.0"", ""label"": ""Not applicable""}, {""value"": ""0.0"", ""label"": ""Not mentioned""}, {""value"": ""1.0"", ""label"": ""Mentioned""}]"
601,W7YNoVoteYP0j,YP: Reasons did not vote in 2010 General Election - Don't want to vote / Don't believe in politics,numeric,NOMINAL,-999.0 thru -1.0,"[{""value"": ""-91.0"", ""label"": ""Not applicable""}, {""value"": ""0.0"", ""label"": ""Not mentioned""}, {""value"": ""1.0"", ""label"": ""Mentioned""}]"
602,W7YNoVoteYP0k,YP: Reasons did not vote in 2010 General Election - Does not understand politics,numeric,NOMINAL,-999.0 thru -1.0,"[{""value"": ""-91.0"", ""label"": ""Not applicable""}, {""value"": ""0.0"", ""label"": ""Not mentioned""}, {""value"": ""1.0"", ""label"": ""Mentioned""}]"
603,W7YNoVoteYP0l,YP: Reasons did not vote in 2010 General Election - Was out of country/ area at the time,numeric,NOMINAL,-999.0 thru -1.0,"[{""value"": ""-91.0"", ""label"": ""Not applicable""}, {""value"": ""0.0"", ""label"": ""Not mentioned""}, {""value"": ""1.0"", ""label"": ""Mentioned""}]"
604,W7YNoVoteYP0m,YP: Reasons did not vote in 2010 General Election - Didn't think vote would count/make a difference,numeric,NOMINAL,-999.0 thru -1.0,"[{""value"": ""-91.0"", ""label"": ""Not applicable""}, {""value"": ""0.0"", ""label"": ""Not mentioned""}, {""value"": ""1.0"", ""label"": ""Mentioned""}]"
605,W7YNoVoteYP0n,YP: Reasons did not vote in 2010 General Election - Didn't know how to vote,numeric,NOMINAL,-999.0 thru -1.0,"[{""value"": ""-91.0"", ""label"": ""Not applicable""}, {""value"": ""0.0"", ""label"": ""Not mentioned""}, {""value"": ""1.0"", ""label"": ""Mentioned""}]"
606,W7YNoVoteYP0o,YP: Reasons did not vote in 2010 General Election - Missed deadline for postal/proxy vote,numeric,NOMINAL,-999.0 thru -1.0,"[{""value"": ""-91.0"", ""label"": ""Not applicable""}, {""value"": ""0.0"", ""label"": ""Not mentioned""}, {""value"": ""1.0"", ""label"": ""Mentioned""}]"
607,W7YNoVoteYP0p,YP: Reasons did not vote in 2010 General Election - Don't know,numeric,NOMINAL,-999.0 thru -1.0,"[{""value"": ""-91.0"", ""label"": ""Not applicable""}, {""value"": ""0.0"", ""label"": ""Not mentioned""}, {""value"": ""1.0"", ""label"": ""Mentioned""}]"
608,W7YNoVoteYP0q,YP: Reasons did not vote in 2010 General Election - Other answers,numeric,NOMINAL,-999.0 thru -1.0,"[{""value"": ""-91.0"", ""label"": ""Not applicable""}, {""value"": ""0.0"", ""label"": ""Not mentioned""}, {""value"": ""1.0"", ""label"": ""Mentioned""}]"
609,W7YNoVoteYP0r,YP: Reasons did not vote in 2010 General Election - Refused,numeric,NOMINAL,-999.0 thru -1.0,"[{""value"": ""-91.0"", ""label"": ""Not applicable""}, {""value"": ""0.0"", ""label"": ""Not mentioned""}, {""value"": ""1.0"", ""label"": ""Mentioned""}]"
610,W7SCompin,Admin: Whether accepted self completion (face to face interviews only),numeric,NOMINAL,-999.0 thru -1.0,"[{""value"": ""-91.0"", ""label"": ""Not applicable""}, {""value"": ""1.0"", ""label"": ""Respondent accepted self-completion""}, {""value"": ""2.0"", ""label"": ""Respondent refused self-completion""}, {""value"": ""3.0"", ""label"": ""Respondent unable to complete self-completion""}]"
611,W7Fat1YP,"YP: Statements about success - If someone is not a success in life, it is usually their own fault",numeric,NOMINAL,-999.0 thru -1.0,"[{""value"": ""-97.0"", ""label"": ""Refused self completion""}, {""value"": ""-92.0"", ""label"": ""Refused""}, {""value"": ""-91.0"", ""label"": ""Not applicable""}, {""value"": ""-1.0"", ""label"": ""Don't know""}, {""value"": ""1.0"", ""label"": ""Strongly agree""}, {""value"": ""2.0"", ""label"": ""Agree""}, {""value"": ""3.0"", ""label"": ""Disagree""}, {""value"": ""4.0"", ""label"": ""Strongly disagree""}]"
612,W7Fat5YP,YP: Statements about success - I can pretty much decide what will happen in my life,numeric,NOMINAL,-999.0 thru -1.0,"[{""value"": ""-97.0"", ""label"": ""Refused self completion""}, {""value"": ""-92.0"", ""label"": ""Refused""}, {""value"": ""-91.0"", ""label"": ""Not applicable""}, {""value"": ""-1.0"", ""label"": ""Don't know""}, {""value"": ""1.0"", ""label"": ""Strongly agree""}, {""value"": ""2.0"", ""label"": ""Agree""}, {""value"": ""3.0"", ""label"": ""Disagree""}, {""value"": ""4.0"", ""label"": ""Strongly disagree""}]"
613,W7Fat7YP,YP: Statements about success - How well you get on in this world is mostly a matter of luck,numeric,NOMINAL,-999.0 thru -1.0,"[{""value"": ""-97.0"", ""label"": ""Refused self completion""}, {""value"": ""-92.0"", ""label"": ""Refused""}, {""value"": ""-91.0"", ""label"": ""Not applicable""}, {""value"": ""-1.0"", ""label"": ""Don't know""}, {""value"": ""1.0"", ""label"": ""Strongly agree""}, {""value"": ""2.0"", ""label"": ""Agree""}, {""value"": ""3.0"", ""label"": ""Disagree""}, {""value"": ""4.0"", ""label"": ""Strongly disagree""}]"
614,W7Fat8YP,YP: Statements about success - If you work hard at something you'll usually succeed,numeric,NOMINAL,-999.0 thru -1.0,"[{""value"": ""-97.0"", ""label"": ""Refused self completion""}, {""value"": ""-92.0"", ""label"": ""Refused""}, {""value"": ""-91.0"", ""label"": ""Not applicable""}, {""value"": ""-1.0"", ""label"": ""Don't know""}, {""value"": ""1.0"", ""label"": ""Strongly agree""}, {""value"": ""2.0"", ""label"": ""Agree""}, {""value"": ""3.0"", ""label"": ""Disagree""}, {""value"": ""4.0"", ""label"": ""Strongly disagree""}]"
615,W7OSatisYP,YP: Whether satisfied with life so far,numeric,NOMINAL,-999.0 thru -1.0,"[{""value"": ""-97.0"", ""label"": ""Refused self completion""}, {""value"": ""-92.0"", ""label"": ""Refused""}, {""value"": ""-91.0"", ""label"": ""Not applicable""}, {""value"": ""-1.0"", ""label"": ""Don't know""}, {""value"": ""1.0"", ""label"": ""Very satisfied""}, {""value"": ""2.0"", ""label"": ""Fairly satisfied""}, {""value"": ""3.0"", ""label"": ""Neither satisfied nor dissatisfied""}, {""value"": ""4.0"", ""label"": ""Fairly dissatisfied""}, {""value"": ""5.0"", ""label"": ""Very dissatisfied""}]"
616,W7AlcEverYP,YP: Whether ever had an alcoholic drink (if no previous positive response),numeric,NOMINAL,-999.0 thru -1.0,"[{""value"": ""-996.0"", ""label"": ""Probelm with feed forward variable""}, {""value"": ""-97.0"", ""label"": ""Refused self completion""}, {""value"": ""-92.0"", ""label"": ""Refused""}, {""value"": ""-91.0"", ""label"": ""Not applicable""}, {""value"": ""-1.0"", ""label"": ""Don't know""}, {""value"": ""1.0"", ""label"": ""Yes""}, {""value"": ""2.0"", ""label"": ""No""}]"
617,W7AlcFreqYP,YP: Frequency of drinking alcohol in the last 12 months,numeric,NOMINAL,-999.0 thru -1.0,"[{""value"": ""-97.0"", ""label"": ""Refused self completion""}, {""value"": ""-92.0"", ""label"": ""Refused""}, {""value"": ""-91.0"", ""label"": ""Not applicable""}, {""value"": ""-1.0"", ""label"": ""Don't know""}, {""value"": ""1.0"", ""label"": ""Almost every day""}, {""value"": ""2.0"", ""label"": ""Five or six days a week""}, {""value"": ""3.0"", ""label"": ""Three or four days a week""}, {""value"": ""4.0"", ""label"": ""Once or twice a week""}, {""value"": ""5.0"", ""label"": ""Once or twice a month""}, {""value"": ""6.0"", ""label"": ""Once every couple of months""}, {""value"": ""7.0"", ""label"": ""Once or twice a year""}, {""value"": ""8.0"", ""label"": ""Not all in the last 12 months?""}]"
618,W7DrunkOftenYP,YP: Frequency of getting drunk,numeric,NOMINAL,-999.0 thru -1.0,"[{""value"": ""-97.0"", ""label"": ""Refused self completion""}, {""value"": ""-92.0"", ""label"": ""Refused""}, {""value"": ""-91.0"", ""label"": ""Not applicable""}, {""value"": ""-1.0"", ""label"": ""Don't know""}, {""value"": ""1.0"", ""label"": ""Every time""}, {""value"": ""2.0"", ""label"": ""Most times""}, {""value"": ""3.0"", ""label"": ""Around half the time""}, {""value"": ""4.0"", ""label"": ""Less than half the time""}, {""value"": ""5.0"", ""label"": ""Rarely""}, {""value"": ""6.0"", ""label"": ""Never""}]"
619,W7DrugYP1YP0a,YP: Whether ever taken drugs - Cannabis,numeric,NOMINAL,-999.0 thru -1.0,"[{""value"": ""-97.0"", ""label"": ""Refused self completion""}, {""value"": ""-92.0"", ""label"": ""Refused""}, {""value"": ""-91.0"", ""label"": ""Not applicable""}, {""value"": ""-1.0"", ""label"": ""Don't know""}, {""value"": ""0.0"", ""label"": ""Not mentioned""}, {""value"": ""1.0"", ""label"": ""Mentioned""}]"
620,W7DrugYP1YP0b,YP: Whether ever taken drugs - Other drugs,numeric,NOMINAL,-999.0 thru -1.0,"[{""value"": ""-97.0"", ""label"": ""Refused self completion""}, {""value"": ""-92.0"", ""label"": ""Refused""}, {""value"": ""-91.0"", ""label"": ""Not applicable""}, {""value"": ""-1.0"", ""label"": ""Don't know""}, {""value"": ""0.0"", ""label"": ""Not mentioned""}, {""value"": ""1.0"", ""label"": ""Mentioned""}]"
621,W7DrugYP2YP0a,YP: Whether taken drugs in last 12 months - Cannabis,numeric,NOMINAL,-999.0 thru -1.0,"[{""value"": ""-97.0"", ""label"": ""Refused self completion""}, {""value"": ""-92.0"", ""label"": ""Refused""}, {""value"": ""-91.0"", ""label"": ""Not applicable""}, {""value"": ""-1.0"", ""label"": ""Don't know""}, {""value"": ""0.0"", ""label"": ""Not mentioned""}, {""value"": ""1.0"", ""label"": ""Mentioned""}]"
622,W7DrugYP2YP0b,YP: Whether taken drugs in last 12 months - Other drugs,numeric,NOMINAL,-999.0 thru -1.0,"[{""value"": ""-97.0"", ""label"": ""Refused self completion""}, {""value"": ""-92.0"", ""label"": ""Refused""}, {""value"": ""-91.0"", ""label"": ""Not applicable""}, {""value"": ""-1.0"", ""label"": ""Don't know""}, {""value"": ""0.0"", ""label"": ""Not mentioned""}, {""value"": ""1.0"", ""label"": ""Mentioned""}]"
623,W7DrugOftenYP0a,YP: Frequency of taking drugs in the last 4 weeks (taken drugs in last 12 months only) - Cannabis,numeric,NOMINAL,-999.0 thru -1.0,"[{""value"": ""-97.0"", ""label"": ""Refused self completion""}, {""value"": ""-92.0"", ""label"": ""Refused""}, {""value"": ""-91.0"", ""label"": ""Not applicable""}, {""value"": ""-1.0"", ""label"": ""Don't know""}, {""value"": ""1.0"", ""label"": ""Not at all""}, {""value"": ""2.0"", ""label"": ""Once""}, {""value"": ""3.0"", ""label"": ""Twice""}, {""value"": ""4.0"", ""label"": ""Three or more times""}]"
624,W7DrugOftenYP0b,YP: Frequency of taking drugs in the last 4 weeks (taken drugs in last 12 months only) - Cocaine,numeric,NOMINAL,-999.0 thru -1.0,"[{""value"": ""-97.0"", ""label"": ""Refused self completion""}, {""value"": ""-92.0"", ""label"": ""Refused""}, {""value"": ""-91.0"", ""label"": ""Not applicable""}, {""value"": ""-1.0"", ""label"": ""Don't know""}, {""value"": ""1.0"", ""label"": ""Not at all""}, {""value"": ""2.0"", ""label"": ""Once""}, {""value"": ""3.0"", ""label"": ""Twice""}, {""value"": ""4.0"", ""label"": ""Three or more times""}]"
625,W7DrugOftenYP0c,YP: Frequency of taking drugs in the last 4 weeks (taken drugs in last 12 months only) - Acid or LSD,numeric,NOMINAL,-999.0 thru -1.0,"[{""value"": ""-97.0"", ""label"": ""Refused self completion""}, {""value"": ""-92.0"", ""label"": ""Refused""}, {""value"": ""-91.0"", ""label"": ""Not applicable""}, {""value"": ""-1.0"", ""label"": ""Don't know""}, {""value"": ""1.0"", ""label"": ""Not at all""}, {""value"": ""2.0"", ""label"": ""Once""}, {""value"": ""3.0"", ""label"": ""Twice""}, {""value"": ""4.0"", ""label"": ""Three or more times""}]"
626,W7DrugOftenYP0d,YP: Frequency of taking drugs in the last 4 weeks (taken drugs in last 12 months only) - Ecstasy,numeric,NOMINAL,-999.0 thru -1.0,"[{""value"": ""-97.0"", ""label"": ""Refused self completion""}, {""value"": ""-92.0"", ""label"": ""Refused""}, {""value"": ""-91.0"", ""label"": ""Not applicable""}, {""value"": ""-1.0"", ""label"": ""Don't know""}, {""value"": ""1.0"", ""label"": ""Not at all""}, {""value"": ""2.0"", ""label"": ""Once""}, {""value"": ""3.0"", ""label"": ""Twice""}, {""value"": ""4.0"", ""label"": ""Three or more times""}]"
627,W7DrugOftenYP0e,YP: Frequency of taking drugs in the last 4 weeks (taken drugs in last 12 months only) - Heroin,numeric,NOMINAL,-999.0 thru -1.0,"[{""value"": ""-97.0"", ""label"": ""Refused self completion""}, {""value"": ""-92.0"", ""label"": ""Refused""}, {""value"": ""-91.0"", ""label"": ""Not applicable""}, {""value"": ""-1.0"", ""label"": ""Don't know""}, {""value"": ""1.0"", ""label"": ""Not at all""}, {""value"": ""2.0"", ""label"": ""Once""}, {""value"": ""3.0"", ""label"": ""Twice""}, {""value"": ""4.0"", ""label"": ""Three or more times""}]"
628,W7DrugOftenYP0f,YP: Frequency of taking drugs in the last 4 weeks (taken drugs in last 12 months only) - Crack,numeric,NOMINAL,-999.0 thru -1.0,"[{""value"": ""-97.0"", ""label"": ""Refused self completion""}, {""value"": ""-92.0"", ""label"": ""Refused""}, {""value"": ""-91.0"", ""label"": ""Not applicable""}, {""value"": ""-1.0"", ""label"": ""Don't know""}, {""value"": ""1.0"", ""label"": ""Not at all""}, {""value"": ""2.0"", ""label"": ""Once""}, {""value"": ""3.0"", ""label"": ""Twice""}, {""value"": ""4.0"", ""label"": ""Three or more times""}]"
629,W7DrugOftenYP0g,YP: Frequency of taking drugs in the last 4 weeks (taken drugs in last 12 months only) - Speed or Amphetamines,numeric,NOMINAL,-999.0 thru -1.0,"[{""value"": ""-97.0"", ""label"": ""Refused self completion""}, {""value"": ""-92.0"", ""label"": ""Refused""}, {""value"": ""-91.0"", ""label"": ""Not applicable""}, {""value"": ""-1.0"", ""label"": ""Don't know""}, {""value"": ""1.0"", ""label"": ""Not at all""}, {""value"": ""2.0"", ""label"": ""Once""}, {""value"": ""3.0"", ""label"": ""Twice""}, {""value"": ""4.0"", ""label"": ""Three or more times""}]"
630,W7DrugOftenYP0h,YP: Frequency of taking drugs in the last 4 weeks (taken drugs in last 12 months only) - Ketamine,numeric,NOMINAL,-999.0 thru -1.0,"[{""value"": ""-97.0"", ""label"": ""Refused self completion""}, {""value"": ""-92.0"", ""label"": ""Refused""}, {""value"": ""-91.0"", ""label"": ""Not applicable""}, {""value"": ""-1.0"", ""label"": ""Don't know""}, {""value"": ""1.0"", ""label"": ""Not at all""}, {""value"": ""2.0"", ""label"": ""Once""}, {""value"": ""3.0"", ""label"": ""Twice""}, {""value"": ""4.0"", ""label"": ""Three or more times""}]"
631,W7DrugOftenYP0i,YP: Frequency of taking drugs in the last 4 weeks (taken drugs in last 12 months only) - Mephedrone,numeric,NOMINAL,-999.0 thru -1.0,"[{""value"": ""-97.0"", ""label"": ""Refused self completion""}, {""value"": ""-92.0"", ""label"": ""Refused""}, {""value"": ""-91.0"", ""label"": ""Not applicable""}, {""value"": ""-1.0"", ""label"": ""Don't know""}, {""value"": ""1.0"", ""label"": ""Not at all""}, {""value"": ""2.0"", ""label"": ""Once""}, {""value"": ""3.0"", ""label"": ""Twice""}, {""value"": ""4.0"", ""label"": ""Three or more times""}]"
632,W7BullyTypeYP0a,YP: Type of bullying experienced in last 12 months during work/study/training - Verbal abuse,numeric,NOMINAL,-999.0 thru -1.0,"[{""value"": ""-97.0"", ""label"": ""Refused self completion""}, {""value"": ""-92.0"", ""label"": ""Refused""}, {""value"": ""-91.0"", ""label"": ""Not applicable""}, {""value"": ""1.0"", ""label"": ""Every day""}, {""value"": ""2.0"", ""label"": ""A few times a week""}, {""value"": ""3.0"", ""label"": ""Once or twice a week""}, {""value"": ""4.0"", ""label"": ""Once every two weeks""}, {""value"": ""5.0"", ""label"": ""Once a month""}, {""value"": ""6.0"", ""label"": ""Less often than this""}, {""value"": ""7.0"", ""label"": ""It varies""}, {""value"": ""8.0"", ""label"": ""Never""}]"
633,W7BullyTypeYP0b,YP: Type of bullying experienced in last 12 months during work/study/training - Emotional abuse,numeric,NOMINAL,-999.0 thru -1.0,"[{""value"": ""-97.0"", ""label"": ""Refused self completion""}, {""value"": ""-92.0"", ""label"": ""Refused""}, {""value"": ""-91.0"", ""label"": ""Not applicable""}, {""value"": ""1.0"", ""label"": ""Every day""}, {""value"": ""2.0"", ""label"": ""A few times a week""}, {""value"": ""3.0"", ""label"": ""Once or twice a week""}, {""value"": ""4.0"", ""label"": ""Once every two weeks""}, {""value"": ""5.0"", ""label"": ""Once a month""}, {""value"": ""6.0"", ""label"": ""Less often than this""}, {""value"": ""7.0"", ""label"": ""It varies""}, {""value"": ""8.0"", ""label"": ""Never""}]"
634,W7BullyTypeYP0c,YP: Type of bullying experienced in last 12 months during work/study/training - Physical abuse,numeric,NOMINAL,-999.0 thru -1.0,"[{""value"": ""-97.0"", ""label"": ""Refused self completion""}, {""value"": ""-92.0"", ""label"": ""Refused""}, {""value"": ""-91.0"", ""label"": ""Not applicable""}, {""value"": ""1.0"", ""label"": ""Every day""}, {""value"": ""2.0"", ""label"": ""A few times a week""}, {""value"": ""3.0"", ""label"": ""Once or twice a week""}, {""value"": ""4.0"", ""label"": ""Once every two weeks""}, {""value"": ""5.0"", ""label"": ""Once a month""}, {""value"": ""6.0"", ""label"": ""Less often than this""}, {""value"": ""7.0"", ""label"": ""It varies""}, {""value"": ""8.0"", ""label"": ""Never""}]"
635,W7BullyTypeYP0d,YP: Type of bullying experienced in last 12 months during work/study/training - Harassed or bothered by mobile phone or email,numeric,NOMINAL,-999.0 thru -1.0,"[{""value"": ""-97.0"", ""label"": ""Refused self completion""}, {""value"": ""-92.0"", ""label"": ""Refused""}, {""value"": ""-91.0"", ""label"": ""Not applicable""}, {""value"": ""1.0"", ""label"": ""Every day""}, {""value"": ""2.0"", ""label"": ""A few times a week""}, {""value"": ""3.0"", ""label"": ""Once or twice a week""}, {""value"": ""4.0"", ""label"": ""Once every two weeks""}, {""value"": ""5.0"", ""label"": ""Once a month""}, {""value"": ""6.0"", ""label"": ""Less often than this""}, {""value"": ""7.0"", ""label"": ""It varies""}, {""value"": ""8.0"", ""label"": ""Never""}]"
636,W7BullyTypeYP0e,"YP: Type of bullying experienced in last 12 months during work/study/training - Pictures / Rumours spread via phone, email or internet",numeric,NOMINAL,-999.0 thru -1.0,"[{""value"": ""-97.0"", ""label"": ""Refused self completion""}, {""value"": ""-92.0"", ""label"": ""Refused""}, {""value"": ""-91.0"", ""label"": ""Not applicable""}, {""value"": ""1.0"", ""label"": ""Every day""}, {""value"": ""2.0"", ""label"": ""A few times a week""}, {""value"": ""3.0"", ""label"": ""Once or twice a week""}, {""value"": ""4.0"", ""label"": ""Once every two weeks""}, {""value"": ""5.0"", ""label"": ""Once a month""}, {""value"": ""6.0"", ""label"": ""Less often than this""}, {""value"": ""7.0"", ""label"": ""It varies""}, {""value"": ""8.0"", ""label"": ""Never""}]"
637,W7BullyTypeYP0f,YP: Type of bullying experienced in last 12 months during work/study/training - Theft,numeric,NOMINAL,-999.0 thru -1.0,"[{""value"": ""-97.0"", ""label"": ""Refused self completion""}, {""value"": ""-92.0"", ""label"": ""Refused""}, {""value"": ""-91.0"", ""label"": ""Not applicable""}, {""value"": ""1.0"", ""label"": ""Every day""}, {""value"": ""2.0"", ""label"": ""A few times a week""}, {""value"": ""3.0"", ""label"": ""Once or twice a week""}, {""value"": ""4.0"", ""label"": ""Once every two weeks""}, {""value"": ""5.0"", ""label"": ""Once a month""}, {""value"": ""6.0"", ""label"": ""Less often than this""}, {""value"": ""7.0"", ""label"": ""It varies""}, {""value"": ""8.0"", ""label"": ""Never""}]"
638,W7BullyDiscriminationYP,"YP: Whether bullying was motivated by racism, sexism, ageism, discrimination due to disability or sexual orientation",numeric,NOMINAL,-999.0 thru -1.0,"[{""value"": ""-997.0"", ""label"": ""Problem with script""}, {""value"": ""-97.0"", ""label"": ""Refused self completion""}, {""value"": ""-92.0"", ""label"": ""Refused""}, {""value"": ""-91.0"", ""label"": ""Not applicable""}, {""value"": ""-1.0"", ""label"": ""Don't know""}, {""value"": ""1.0"", ""label"": ""Yes""}, {""value"": ""2.0"", ""label"": ""No""}]"
639,W7BullyMotivationYP0a,YP: What bullying was motivated by - Racism,numeric,NOMINAL,-999.0 thru -1.0,"[{""value"": ""-97.0"", ""label"": ""Refused self completion""}, {""value"": ""-92.0"", ""label"": ""Refused""}, {""value"": ""-91.0"", ""label"": ""Not applicable""}, {""value"": ""-1.0"", ""label"": ""Don't know""}, {""value"": ""0.0"", ""label"": ""Not mentioned""}, {""value"": ""1.0"", ""label"": ""Mentioned""}]"
640,W7BullyMotivationYP0b,YP: What bullying was motivated by - Sexism,numeric,NOMINAL,-999.0 thru -1.0,"[{""value"": ""-97.0"", ""label"": ""Refused self completion""}, {""value"": ""-92.0"", ""label"": ""Refused""}, {""value"": ""-91.0"", ""label"": ""Not applicable""}, {""value"": ""-1.0"", ""label"": ""Don't know""}, {""value"": ""0.0"", ""label"": ""Not mentioned""}, {""value"": ""1.0"", ""label"": ""Mentioned""}]"
641,W7BullyMotivationYP0c,YP: What bullying was motivated by - Sexual orientation,numeric,NOMINAL,-999.0 thru -1.0,"[{""value"": ""-97.0"", ""label"": ""Refused self completion""}, {""value"": ""-92.0"", ""label"": ""Refused""}, {""value"": ""-91.0"", ""label"": ""Not applicable""}, {""value"": ""-1.0"", ""label"": ""Don't know""}, {""value"": ""0.0"", ""label"": ""Not mentioned""}, {""value"": ""1.0"", ""label"": ""Mentioned""}]"
642,W7BullyMotivationYP0d,YP: What bullying was motivated by - Ageism,numeric,NOMINAL,-999.0 thru -1.0,"[{""value"": ""-97.0"", ""label"": ""Refused self completion""}, {""value"": ""-92.0"", ""label"": ""Refused""}, {""value"": ""-91.0"", ""label"": ""Not applicable""}, {""value"": ""-1.0"", ""label"": ""Don't know""}, {""value"": ""0.0"", ""label"": ""Not mentioned""}, {""value"": ""1.0"", ""label"": ""Mentioned""}]"
643,W7BullyMotivationYP0e,YP: What bullying was motivated by - Disability discrimination,numeric,NOMINAL,-999.0 thru -1.0,"[{""value"": ""-97.0"", ""label"": ""Refused self completion""}, {""value"": ""-92.0"", ""label"": ""Refused""}, {""value"": ""-91.0"", ""label"": ""Not applicable""}, {""value"": ""-1.0"", ""label"": ""Don't know""}, {""value"": ""0.0"", ""label"": ""Not mentioned""}, {""value"": ""1.0"", ""label"": ""Mentioned""}]"
644,W7BullyConsiderYP,YP: Whether considered any of the types of bullying experienced to be bullying,numeric,NOMINAL,-999.0 thru -1.0,"[{""value"": ""-997.0"", ""label"": ""Problem with script""}, {""value"": ""-97.0"", ""label"": ""Refused self completion""}, {""value"": ""-92.0"", ""label"": ""Refused""}, {""value"": ""-91.0"", ""label"": ""Not applicable""}, {""value"": ""-1.0"", ""label"": ""Don't know""}, {""value"": ""1.0"", ""label"": ""Yes""}, {""value"": ""2.0"", ""label"": ""No""}]"
645,W7FriendNumYP,YP: Number of close friends,numeric,NOMINAL,-999.0 thru -1.0,"[{""value"": ""-97.0"", ""label"": ""Refused self completion""}, {""value"": ""-92.0"", ""label"": ""Refused""}, {""value"": ""-91.0"", ""label"": ""Not applicable""}, {""value"": ""-1.0"", ""label"": ""Don't know""}, {""value"": ""1.0"", ""label"": ""None""}, {""value"": ""2.0"", ""label"": ""1""}, {""value"": ""3.0"", ""label"": ""2 - 3""}, {""value"": ""4.0"", ""label"": ""4 - 5""}, {""value"": ""5.0"", ""label"": ""6 - 9""}, {""value"": ""6.0"", ""label"": ""10 or more""}]"
646,W7RelationshipYP,YP: Whether currently in a relationship (if not married),numeric,NOMINAL,-999.0 thru -1.0,"[{""value"": ""-97.0"", ""label"": ""Refused self completion""}, {""value"": ""-92.0"", ""label"": ""Refused""}, {""value"": ""-91.0"", ""label"": ""Not applicable""}, {""value"": ""-1.0"", ""label"": ""Don't know""}, {""value"": ""1.0"", ""label"": ""Yes""}, {""value"": ""2.0"", ""label"": ""No""}]"
647,W7LivePartnerYP,YP: Whether lives with husband/wife/partner,numeric,NOMINAL,-999.0 thru -1.0,"[{""value"": ""-97.0"", ""label"": ""Refused self completion""}, {""value"": ""-92.0"", ""label"": ""Refused""}, {""value"": ""-91.0"", ""label"": ""Not applicable""}, {""value"": ""-1.0"", ""label"": ""Don't know""}, {""value"": ""1.0"", ""label"": ""Yes""}, {""value"": ""2.0"", ""label"": ""No""}]"
648,W7PrtEmpYP,YP: Whether husband/wife/partner lived with is in employment,numeric,NOMINAL,-999.0 thru -1.0,"[{""value"": ""-97.0"", ""label"": ""Refused self completion""}, {""value"": ""-92.0"", ""label"": ""Refused""}, {""value"": ""-91.0"", ""label"": ""Not applicable""}, {""value"": ""-1.0"", ""label"": ""Don't know""}, {""value"": ""1.0"", ""label"": ""Yes""}, {""value"": ""2.0"", ""label"": ""No""}]"
649,W7RelationshipLengthYP,YP: Length of time been together with husband/wife/partner,numeric,NOMINAL,-999.0 thru -1.0,"[{""value"": ""-97.0"", ""label"": ""Refused self completion""}, {""value"": ""-92.0"", ""label"": ""Refused""}, {""value"": ""-91.0"", ""label"": ""Not applicable""}, {""value"": ""-1.0"", ""label"": ""Don't know""}, {""value"": ""1.0"", ""label"": ""Less than a month""}, {""value"": ""2.0"", ""label"": ""1 - 5 months""}, {""value"": ""3.0"", ""label"": ""6 - 12 months""}, {""value"": ""4.0"", ""label"": ""1 - 2 years""}, {""value"": ""5.0"", ""label"": ""3 - 4 years""}, {""value"": ""6.0"", ""label"": ""Over 5 years""}]"
650,W7FirstComfortYP,YP: Person would turn to first if feeling down,numeric,SCALE,-999.0 thru -1.0,"[{""value"": ""-97.0"", ""label"": ""Refused self completion""}, {""value"": ""-92.0"", ""label"": ""Refused""}, {""value"": ""-91.0"", ""label"": ""Not applicable""}, {""value"": ""-1.0"", ""label"": ""Don't know""}, {""value"": ""1.0"", ""label"": ""Mother""}, {""value"": ""2.0"", ""label"": ""Father""}, {""value"": ""3.0"", ""label"": ""Brother or sister""}, {""value"": ""4.0"", ""label"": ""Another adult relative""}, {""value"": ""5.0"", ""label"": ""Other relative aged under 18""}, {""value"": ""6.0"", ""label"": ""Boyfriend/Girlfriend/Partner""}, {""value"": ""7.0"", ""label"": ""Best friend""}, {""value"": ""8.0"", ""label"": ""Other friend""}, {""value"": ""9.0"", ""label"": ""Someone else""}, {""value"": ""10.0"", ""label"": ""No one""}]"
651,W7SexIntroYP,YP: Whether willing to answer questions on sexual experiences,numeric,NOMINAL,-999.0 thru -1.0,"[{""value"": ""-97.0"", ""label"": ""Refused self completion""}, {""value"": ""-91.0"", ""label"": ""Not applicable""}, {""value"": ""1.0"", ""label"": ""Yes""}, {""value"": ""2.0"", ""label"": ""No""}]"
652,W7SexualityYP,YP: Sexuality,numeric,NOMINAL,-999.0 thru -1.0,"[{""value"": ""-100.0"", ""label"": ""Respondent declined sexual experience questions""}, {""value"": ""-97.0"", ""label"": ""Refused self completion""}, {""value"": ""-92.0"", ""label"": ""Refused""}, {""value"": ""-91.0"", ""label"": ""Not applicable""}, {""value"": ""-1.0"", ""label"": ""Don't know""}, {""value"": ""1.0"", ""label"": ""Heterosexual / Straight""}, {""value"": ""2.0"", ""label"": ""Gay / Lesbian""}, {""value"": ""3.0"", ""label"": ""Bisexual""}, {""value"": ""4.0"", ""label"": ""Other""}]"
653,W7SexTalkYP,YP: Whether found it easy or difficult to discuss sexual matter with parents (if not previously asked),numeric,NOMINAL,-999.0 thru -1.0,"[{""value"": ""-100.0"", ""label"": ""Respondent declined sexual experience questions""}, {""value"": ""-97.0"", ""label"": ""Refused self completion""}, {""value"": ""-92.0"", ""label"": ""Refused""}, {""value"": ""-91.0"", ""label"": ""Not applicable""}, {""value"": ""-1.0"", ""label"": ""Don't know""}, {""value"": ""1.0"", ""label"": ""Easy""}, {""value"": ""2.0"", ""label"": ""Difficult""}, {""value"": ""3.0"", ""label"": ""Did not discuss""}]"
654,W7SexEverYP,YP: Whether ever had sexual intercourse (if no previous positive response),numeric,NOMINAL,-999.0 thru -1.0,"[{""value"": ""-100.0"", ""label"": ""Respondent declined sexual experience questions""}, {""value"": ""-97.0"", ""label"": ""Refused self completion""}, {""value"": ""-92.0"", ""label"": ""Refused""}, {""value"": ""-91.0"", ""label"": ""Not applicable""}, {""value"": ""-1.0"", ""label"": ""Don't know""}, {""value"": ""1.0"", ""label"": ""Yes""}, {""value"": ""2.0"", ""label"": ""No""}]"
655,W7SexSafeOftenYP0a,YP: Forms of contraception used regularly - Condom,numeric,NOMINAL,-999.0 thru -1.0,"[{""value"": ""-100.0"", ""label"": ""Respondent declined sexual experience questions""}, {""value"": ""-97.0"", ""label"": ""Refused self completion""}, {""value"": ""-92.0"", ""label"": ""Refused""}, {""value"": ""-91.0"", ""label"": ""Not applicable""}, {""value"": ""-1.0"", ""label"": ""Don't know""}, {""value"": ""1.0"", ""label"": ""Yes""}, {""value"": ""2.0"", ""label"": ""No""}, {""value"": ""3.0"", ""label"": ""Not applicable (respondent defined)""}]"
656,W7SexSafeOftenYP0b,YP: Forms of contraception used regularly - The Pill,numeric,NOMINAL,-999.0 thru -1.0,"[{""value"": ""-100.0"", ""label"": ""Respondent declined sexual experience questions""}, {""value"": ""-97.0"", ""label"": ""Refused self completion""}, {""value"": ""-92.0"", ""label"": ""Refused""}, {""value"": ""-91.0"", ""label"": ""Not applicable""}, {""value"": ""-1.0"", ""label"": ""Don't know""}, {""value"": ""1.0"", ""label"": ""Yes""}, {""value"": ""2.0"", ""label"": ""No""}, {""value"": ""3.0"", ""label"": ""Not applicable (respondent defined)""}]"
657,W7SexSafeOftenYP0c,YP: Forms of contraception used regularly - Emergency contraception,numeric,NOMINAL,-999.0 thru -1.0,"[{""value"": ""-100.0"", ""label"": ""Respondent declined sexual experience questions""}, {""value"": ""-97.0"", ""label"": ""Refused self completion""}, {""value"": ""-92.0"", ""label"": ""Refused""}, {""value"": ""-91.0"", ""label"": ""Not applicable""}, {""value"": ""-1.0"", ""label"": ""Don't know""}, {""value"": ""1.0"", ""label"": ""Yes""}, {""value"": ""2.0"", ""label"": ""No""}, {""value"": ""3.0"", ""label"": ""Not applicable (respondent defined)""}]"
658,W7SexSafeOftenYP0d,YP: Forms of contraception used regularly - Other,numeric,NOMINAL,-999.0 thru -1.0,"[{""value"": ""-100.0"", ""label"": ""Respondent declined sexual experience questions""}, {""value"": ""-97.0"", ""label"": ""Refused self completion""}, {""value"": ""-92.0"", ""label"": ""Refused""}, {""value"": ""-91.0"", ""label"": ""Not applicable""}, {""value"": ""-1.0"", ""label"": ""Don't know""}, {""value"": ""1.0"", ""label"": ""Yes""}, {""value"": ""2.0"", ""label"": ""No""}, {""value"": ""3.0"", ""label"": ""Not applicable (respondent defined)""}]"
659,W7SexSafeOftenOYP0a,"YP: Forms of contraception used regularly (users of ""Other"" only) - Withdrawal",numeric,NOMINAL,-999.0 thru -1.0,"[{""value"": ""-100.0"", ""label"": ""Respondent declined sexual experience questions""}, {""value"": ""-97.0"", ""label"": ""Refused self completion""}, {""value"": ""-92.0"", ""label"": ""Refused""}, {""value"": ""-91.0"", ""label"": ""Not applicable""}, {""value"": ""-1.0"", ""label"": ""Don't know""}, {""value"": ""1.0"", ""label"": ""Yes""}, {""value"": ""2.0"", ""label"": ""No""}, {""value"": ""3.0"", ""label"": ""Not applicable (respondent defined)""}]"
660,W7SexSafeOftenOYP0b,"YP: Forms of contraception used regularly (users of ""Other"" only) - Safe period",numeric,NOMINAL,-999.0 thru -1.0,"[{""value"": ""-100.0"", ""label"": ""Respondent declined sexual experience questions""}, {""value"": ""-97.0"", ""label"": ""Refused self completion""}, {""value"": ""-92.0"", ""label"": ""Refused""}, {""value"": ""-91.0"", ""label"": ""Not applicable""}, {""value"": ""-1.0"", ""label"": ""Don't know""}, {""value"": ""1.0"", ""label"": ""Yes""}, {""value"": ""2.0"", ""label"": ""No""}, {""value"": ""3.0"", ""label"": ""Not applicable (respondent defined)""}]"
661,W7SexSafeOftenOYP0c,"YP: Forms of contraception used regularly (users of ""Other"" only) - Injectable / depo contraception/ implants",numeric,NOMINAL,-999.0 thru -1.0,"[{""value"": ""-100.0"", ""label"": ""Respondent declined sexual experience questions""}, {""value"": ""-97.0"", ""label"": ""Refused self completion""}, {""value"": ""-92.0"", ""label"": ""Refused""}, {""value"": ""-91.0"", ""label"": ""Not applicable""}, {""value"": ""-1.0"", ""label"": ""Don't know""}, {""value"": ""1.0"", ""label"": ""Yes""}, {""value"": ""2.0"", ""label"": ""No""}, {""value"": ""3.0"", ""label"": ""Not applicable (respondent defined)""}]"
662,W7SexSafeOftenOYP0d,"YP: Forms of contraception used regularly (users of ""Other"" only) - Other (2)",numeric,NOMINAL,-999.0 thru -1.0,"[{""value"": ""-100.0"", ""label"": ""Respondent declined sexual experience questions""}, {""value"": ""-97.0"", ""label"": ""Refused self completion""}, {""value"": ""-92.0"", ""label"": ""Refused""}, {""value"": ""-91.0"", ""label"": ""Not applicable""}, {""value"": ""-1.0"", ""label"": ""Don't know""}, {""value"": ""1.0"", ""label"": ""Yes""}, {""value"": ""2.0"", ""label"": ""No""}, {""value"": ""3.0"", ""label"": ""Not applicable (respondent defined)""}]"
663,W7SexSafeOftenO2YP0a,"YP: Forms of contraception used regularly (users of ""Other (2)"" only) - Cap/ diaphragm",numeric,NOMINAL,-999.0 thru -1.0,"[{""value"": ""-100.0"", ""label"": ""Respondent declined sexual experience questions""}, {""value"": ""-97.0"", ""label"": ""Refused self completion""}, {""value"": ""-92.0"", ""label"": ""Refused""}, {""value"": ""-91.0"", ""label"": ""Not applicable""}, {""value"": ""-1.0"", ""label"": ""Don't know""}, {""value"": ""1.0"", ""label"": ""Yes""}, {""value"": ""2.0"", ""label"": ""No""}, {""value"": ""3.0"", ""label"": ""Not applicable (respondent defined)""}]"
664,W7SexSafeOftenO2YP0b,"YP: Forms of contraception used regularly (users of ""Other (2)"" only) - IUD/ Coil",numeric,NOMINAL,-999.0 thru -1.0,"[{""value"": ""-100.0"", ""label"": ""Respondent declined sexual experience questions""}, {""value"": ""-97.0"", ""label"": ""Refused self completion""}, {""value"": ""-92.0"", ""label"": ""Refused""}, {""value"": ""-91.0"", ""label"": ""Not applicable""}, {""value"": ""-1.0"", ""label"": ""Don't know""}, {""value"": ""1.0"", ""label"": ""Yes""}, {""value"": ""2.0"", ""label"": ""No""}, {""value"": ""3.0"", ""label"": ""Not applicable (respondent defined)""}]"
665,W7SexSafeOftenO2YP0c,"YP: Forms of contraception used regularly (users of ""Other (2)"" only) - Female condom",numeric,NOMINAL,-999.0 thru -1.0,"[{""value"": ""-100.0"", ""label"": ""Respondent declined sexual experience questions""}, {""value"": ""-97.0"", ""label"": ""Refused self completion""}, {""value"": ""-92.0"", ""label"": ""Refused""}, {""value"": ""-91.0"", ""label"": ""Not applicable""}, {""value"": ""-1.0"", ""label"": ""Don't know""}, {""value"": ""1.0"", ""label"": ""Yes""}, {""value"": ""2.0"", ""label"": ""No""}, {""value"": ""3.0"", ""label"": ""Not applicable (respondent defined)""}]"
666,W7SexSafeOftenO2YP0d,"YP: Forms of contraception used regularly (users of ""Other (2)"" only) - Other (3)",numeric,NOMINAL,-999.0 thru -1.0,"[{""value"": ""-100.0"", ""label"": ""Respondent declined sexual experience questions""}, {""value"": ""-97.0"", ""label"": ""Refused self completion""}, {""value"": ""-92.0"", ""label"": ""Refused""}, {""value"": ""-91.0"", ""label"": ""Not applicable""}, {""value"": ""-1.0"", ""label"": ""Don't know""}, {""value"": ""1.0"", ""label"": ""Yes""}, {""value"": ""2.0"", ""label"": ""No""}, {""value"": ""3.0"", ""label"": ""Not applicable (respondent defined)""}]"
667,W7SexSafeEverYP,YP: Whether ever/in last 12 months had sex without using contraception,numeric,NOMINAL,-999.0 thru -1.0,"[{""value"": ""-100.0"", ""label"": ""Respondent declined sexual experience questions""}, {""value"": ""-97.0"", ""label"": ""Refused self completion""}, {""value"": ""-92.0"", ""label"": ""Refused""}, {""value"": ""-91.0"", ""label"": ""Not applicable""}, {""value"": ""-1.0"", ""label"": ""Don't know""}, {""value"": ""1.0"", ""label"": ""Yes""}, {""value"": ""2.0"", ""label"": ""No""}]"
668,W7SexSafeFreqYP,YP: Frequency of having sex without using contraception ever/in last 12 months,numeric,NOMINAL,-999.0 thru -1.0,"[{""value"": ""-100.0"", ""label"": ""Respondent declined sexual experience questions""}, {""value"": ""-97.0"", ""label"": ""Refused self completion""}, {""value"": ""-92.0"", ""label"": ""Refused""}, {""value"": ""-91.0"", ""label"": ""Not applicable""}, {""value"": ""-1.0"", ""label"": ""Don't know""}, {""value"": ""1.0"", ""label"": ""Rarely""}, {""value"": ""2.0"", ""label"": ""Less than half the time""}, {""value"": ""3.0"", ""label"": ""Around half the time""}, {""value"": ""4.0"", ""label"": ""Most times""}, {""value"": ""5.0"", ""label"": ""Always""}]"
669,W7STIEverYP,YP: Whether ever/in last 12 months contracted STI,numeric,NOMINAL,-999.0 thru -1.0,"[{""value"": ""-100.0"", ""label"": ""Respondent declined sexual experience questions""}, {""value"": ""-97.0"", ""label"": ""Refused self completion""}, {""value"": ""-92.0"", ""label"": ""Refused""}, {""value"": ""-91.0"", ""label"": ""Not applicable""}, {""value"": ""-1.0"", ""label"": ""Don't know""}, {""value"": ""1.0"", ""label"": ""Yes""}, {""value"": ""2.0"", ""label"": ""No""}]"
670,W7STITreatYP,YP: Whether received treatment for STI,numeric,NOMINAL,-999.0 thru -1.0,"[{""value"": ""-100.0"", ""label"": ""Respondent declined sexual experience questions""}, {""value"": ""-97.0"", ""label"": ""Refused self completion""}, {""value"": ""-92.0"", ""label"": ""Refused""}, {""value"": ""-91.0"", ""label"": ""Not applicable""}, {""value"": ""-1.0"", ""label"": ""Don't know""}, {""value"": ""1.0"", ""label"": ""Yes""}, {""value"": ""2.0"", ""label"": ""No""}]"
671,W7PregnantEverYP,YP: Whether ever/in last 12 months been pregnant,numeric,NOMINAL,-999.0 thru -1.0,"[{""value"": ""-100.0"", ""label"": ""Respondent declined sexual experience questions""}, {""value"": ""-97.0"", ""label"": ""Refused self completion""}, {""value"": ""-92.0"", ""label"": ""Refused""}, {""value"": ""-91.0"", ""label"": ""Not applicable""}, {""value"": ""-1.0"", ""label"": ""Don't know""}, {""value"": ""1.0"", ""label"": ""Yes""}, {""value"": ""2.0"", ""label"": ""No""}]"
672,W7PregnantCurYP,YP: Whether any pregnancies mentioned were current at time of interview,numeric,NOMINAL,-999.0 thru -1.0,"[{""value"": ""-100.0"", ""label"": ""Respondent declined sexual experience questions""}, {""value"": ""-97.0"", ""label"": ""Refused self completion""}, {""value"": ""-92.0"", ""label"": ""Refused""}, {""value"": ""-91.0"", ""label"": ""Not applicable""}, {""value"": ""-1.0"", ""label"": ""Don't know""}, {""value"": ""1.0"", ""label"": ""Yes""}, {""value"": ""2.0"", ""label"": ""No""}]"
673,W7OwnchiYP,YP: Whether has own children (if not stated elsewhere),numeric,NOMINAL,-999.0 thru -1.0,"[{""value"": ""-92.0"", ""label"": ""Refused""}, {""value"": ""-91.0"", ""label"": ""Not applicable""}, {""value"": ""-1.0"", ""label"": ""Don't know""}, {""value"": ""1.0"", ""label"": ""Yes""}, {""value"": ""2.0"", ""label"": ""No""}]"
674,W7ChilivYP,YP: Whether children live with young person (if not stated elsewhere),numeric,NOMINAL,-999.0 thru -1.0,"[{""value"": ""-92.0"", ""label"": ""Refused""}, {""value"": ""-91.0"", ""label"": ""Not applicable""}, {""value"": ""1.0"", ""label"": ""Yes""}, {""value"": ""2.0"", ""label"": ""No""}]"
675,W7CIntroYP0a,YP: Types of childcare used for own child(ren) - A nursery school or nursery class,numeric,NOMINAL,-999.0 thru -1.0,"[{""value"": ""-91.0"", ""label"": ""Not applicable""}, {""value"": ""-1.0"", ""label"": ""Don't know""}, {""value"": ""0.0"", ""label"": ""Not mentioned""}, {""value"": ""1.0"", ""label"": ""Mentioned""}]"
676,W7CIntroYP0b,YP: Types of childcare used for own child(ren) - A day nursery or crèche,numeric,NOMINAL,-999.0 thru -1.0,"[{""value"": ""-91.0"", ""label"": ""Not applicable""}, {""value"": ""-1.0"", ""label"": ""Don't know""}, {""value"": ""0.0"", ""label"": ""Not mentioned""}, {""value"": ""1.0"", ""label"": ""Mentioned""}]"
677,W7CIntroYP0c,YP: Types of childcare used for own child(ren) - A playgroup or pre-school,numeric,NOMINAL,-999.0 thru -1.0,"[{""value"": ""-91.0"", ""label"": ""Not applicable""}, {""value"": ""-1.0"", ""label"": ""Don't know""}, {""value"": ""0.0"", ""label"": ""Not mentioned""}, {""value"": ""1.0"", ""label"": ""Mentioned""}]"
678,W7CIntroYP0d,YP: Types of childcare used for own child(ren) - A childminder,numeric,NOMINAL,-999.0 thru -1.0,"[{""value"": ""-91.0"", ""label"": ""Not applicable""}, {""value"": ""-1.0"", ""label"": ""Don't know""}, {""value"": ""0.0"", ""label"": ""Not mentioned""}, {""value"": ""1.0"", ""label"": ""Mentioned""}]"
679,W7CIntroYP0e,YP: Types of childcare used for own child(ren) - A baby-sitter who comes to the home,numeric,NOMINAL,-999.0 thru -1.0,"[{""value"": ""-91.0"", ""label"": ""Not applicable""}, {""value"": ""-1.0"", ""label"": ""Don't know""}, {""value"": ""0.0"", ""label"": ""Not mentioned""}, {""value"": ""1.0"", ""label"": ""Mentioned""}]"
680,W7CIntroYP0f,YP: Types of childcare used for own child(ren) - Your ex-partner/the child's non resident parent,numeric,NOMINAL,-999.0 thru -1.0,"[{""value"": ""-91.0"", ""label"": ""Not applicable""}, {""value"": ""-1.0"", ""label"": ""Don't know""}, {""value"": ""0.0"", ""label"": ""Not mentioned""}, {""value"": ""1.0"", ""label"": ""Mentioned""}]"
681,W7CIntroYP0g,YP: Types of childcare used for own child(ren) - The child's grandparent(s),numeric,NOMINAL,-999.0 thru -1.0,"[{""value"": ""-91.0"", ""label"": ""Not applicable""}, {""value"": ""-1.0"", ""label"": ""Don't know""}, {""value"": ""0.0"", ""label"": ""Not mentioned""}, {""value"": ""1.0"", ""label"": ""Mentioned""}]"
682,W7CIntroYP0h,YP: Types of childcare used for own child(ren) - Another relative,numeric,NOMINAL,-999.0 thru -1.0,"[{""value"": ""-91.0"", ""label"": ""Not applicable""}, {""value"": ""-1.0"", ""label"": ""Don't know""}, {""value"": ""0.0"", ""label"": ""Not mentioned""}, {""value"": ""1.0"", ""label"": ""Mentioned""}]"
683,W7CIntroYP0i,YP: Types of childcare used for own child(ren) - A friend or neighbour,numeric,NOMINAL,-999.0 thru -1.0,"[{""value"": ""-91.0"", ""label"": ""Not applicable""}, {""value"": ""-1.0"", ""label"": ""Don't know""}, {""value"": ""0.0"", ""label"": ""Not mentioned""}, {""value"": ""1.0"", ""label"": ""Mentioned""}]"
684,W7CIntroYP0j,YP: Types of childcare used for own child(ren) - Any other type of childcare,numeric,NOMINAL,-999.0 thru -1.0,"[{""value"": ""-91.0"", ""label"": ""Not applicable""}, {""value"": ""-1.0"", ""label"": ""Don't know""}, {""value"": ""0.0"", ""label"": ""Not mentioned""}, {""value"": ""1.0"", ""label"": ""Mentioned""}]"
685,W7Ir2YP0a,YP: Reasons for choosing this childcare - Quality of provision,numeric,NOMINAL,-999.0 thru -1.0,"[{""value"": ""-92.0"", ""label"": ""Refused""}, {""value"": ""-91.0"", ""label"": ""Not applicable""}, {""value"": ""0.0"", ""label"": ""Not mentioned""}, {""value"": ""1.0"", ""label"": ""Mentioned""}]"
686,W7Ir2YP0b,YP: Reasons for choosing this childcare - Location,numeric,NOMINAL,-999.0 thru -1.0,"[{""value"": ""-92.0"", ""label"": ""Refused""}, {""value"": ""-91.0"", ""label"": ""Not applicable""}, {""value"": ""0.0"", ""label"": ""Not mentioned""}, {""value"": ""1.0"", ""label"": ""Mentioned""}]"
687,W7Ir2YP0c,YP: Reasons for choosing this childcare - Availability,numeric,NOMINAL,-999.0 thru -1.0,"[{""value"": ""-92.0"", ""label"": ""Refused""}, {""value"": ""-91.0"", ""label"": ""Not applicable""}, {""value"": ""0.0"", ""label"": ""Not mentioned""}, {""value"": ""1.0"", ""label"": ""Mentioned""}]"
688,W7Ir2YP0d,YP: Reasons for choosing this childcare - Cost,numeric,NOMINAL,-999.0 thru -1.0,"[{""value"": ""-92.0"", ""label"": ""Refused""}, {""value"": ""-91.0"", ""label"": ""Not applicable""}, {""value"": ""0.0"", ""label"": ""Not mentioned""}, {""value"": ""1.0"", ""label"": ""Mentioned""}]"
689,W7Ir2YP0e,YP: Reasons for choosing this childcare - Trust,numeric,NOMINAL,-999.0 thru -1.0,"[{""value"": ""-92.0"", ""label"": ""Refused""}, {""value"": ""-91.0"", ""label"": ""Not applicable""}, {""value"": ""0.0"", ""label"": ""Not mentioned""}, {""value"": ""1.0"", ""label"": ""Mentioned""}]"
690,W7Ir2YP0f,YP: Reasons for choosing this childcare - Other reasons,numeric,NOMINAL,-999.0 thru -1.0,"[{""value"": ""-92.0"", ""label"": ""Refused""}, {""value"": ""-91.0"", ""label"": ""Not applicable""}, {""value"": ""0.0"", ""label"": ""Not mentioned""}, {""value"": ""1.0"", ""label"": ""Mentioned""}]"
691,W7Ir2YP0g,YP: Reasons for choosing this childcare - Don't know,numeric,NOMINAL,-999.0 thru -1.0,"[{""value"": ""-92.0"", ""label"": ""Refused""}, {""value"": ""-91.0"", ""label"": ""Not applicable""}, {""value"": ""0.0"", ""label"": ""Not mentioned""}, {""value"": ""1.0"", ""label"": ""Mentioned""}]"
692,W7Ir2YP0h,YP: Reasons for choosing this childcare - Refused,numeric,NOMINAL,-999.0 thru -1.0,"[{""value"": ""-92.0"", ""label"": ""Refused""}, {""value"": ""-91.0"", ""label"": ""Not applicable""}, {""value"": ""0.0"", ""label"": ""Not mentioned""}, {""value"": ""1.0"", ""label"": ""Mentioned""}]"
693,W7Info2YP,YP: Whether amount of information available about childcare is right (users of childcare only),numeric,NOMINAL,-999.0 thru -1.0,"[{""value"": ""-91.0"", ""label"": ""Not applicable""}, {""value"": ""-1.0"", ""label"": ""Don't know""}, {""value"": ""1.0"", ""label"": ""About right""}, {""value"": ""2.0"", ""label"": ""Too much""}, {""value"": ""3.0"", ""label"": ""Too little""}]"
694,W7CCknowlYP,YP: Amount known about childcare provided in local area,numeric,NOMINAL,-999.0 thru -1.0,"[{""value"": ""-91.0"", ""label"": ""Not applicable""}, {""value"": ""-1.0"", ""label"": ""Don't know""}, {""value"": ""1.0"", ""label"": ""A great deal""}, {""value"": ""2.0"", ""label"": ""A fair amount""}, {""value"": ""3.0"", ""label"": ""A little bit""}, {""value"": ""4.0"", ""label"": ""Or nothing at all?""}]"
695,W7CCQualYP,YP: Opinions on local area childcare provision (where known about) - Quality,numeric,NOMINAL,-999.0 thru -1.0,"[{""value"": ""-91.0"", ""label"": ""Not applicable""}, {""value"": ""-1.0"", ""label"": ""Don't know""}, {""value"": ""1.0"", ""label"": ""Very good""}, {""value"": ""2.0"", ""label"": ""Fairly good""}, {""value"": ""3.0"", ""label"": ""Fairly poor""}, {""value"": ""4.0"", ""label"": ""Very poor""}]"
696,W7CCcostYP,YP: Opinions on local area childcare provision (where known about) - Affordability,numeric,NOMINAL,-999.0 thru -1.0,"[{""value"": ""-91.0"", ""label"": ""Not applicable""}, {""value"": ""-1.0"", ""label"": ""Don't know""}, {""value"": ""1.0"", ""label"": ""Very affordable""}, {""value"": ""2.0"", ""label"": ""Fairly affordable""}, {""value"": ""3.0"", ""label"": ""Not very affordable""}, {""value"": ""4.0"", ""label"": ""Not at all affordable""}]"
697,W7TakecareofYP,YP: Whether regularly takes care of children in own home (if not stated elsewhere),numeric,NOMINAL,-999.0 thru -1.0,"[{""value"": ""-92.0"", ""label"": ""Refused""}, {""value"": ""-91.0"", ""label"": ""Not applicable""}, {""value"": ""-1.0"", ""label"": ""Don't know""}, {""value"": ""1.0"", ""label"": ""Yes""}, {""value"": ""2.0"", ""label"": ""No""}]"
698,W7ChildRelYP0a,YP: Relationship to child(ren) taken care of in own home - Brother/ sister,numeric,NOMINAL,-999.0 thru -1.0,"[{""value"": ""-92.0"", ""label"": ""Refused""}, {""value"": ""-91.0"", ""label"": ""Not applicable""}, {""value"": ""-1.0"", ""label"": ""Don't know""}, {""value"": ""0.0"", ""label"": ""Not mentioned""}, {""value"": ""1.0"", ""label"": ""Mentioned""}]"
699,W7ChildRelYP0b,YP: Relationship to child(ren) taken care of in own home - Child of other family member,numeric,NOMINAL,-999.0 thru -1.0,"[{""value"": ""-92.0"", ""label"": ""Refused""}, {""value"": ""-91.0"", ""label"": ""Not applicable""}, {""value"": ""-1.0"", ""label"": ""Don't know""}, {""value"": ""0.0"", ""label"": ""Not mentioned""}, {""value"": ""1.0"", ""label"": ""Mentioned""}]"
700,W7ChildRelYP0c,YP: Relationship to child(ren) taken care of in own home - Other,numeric,NOMINAL,-999.0 thru -1.0,"[{""value"": ""-92.0"", ""label"": ""Refused""}, {""value"": ""-91.0"", ""label"": ""Not applicable""}, {""value"": ""-1.0"", ""label"": ""Don't know""}, {""value"": ""0.0"", ""label"": ""Not mentioned""}, {""value"": ""1.0"", ""label"": ""Mentioned""}]"
701,W7ChildoutYP,YP: Whether regularly take care of children outside of home without being paid,numeric,NOMINAL,-999.0 thru -1.0,"[{""value"": ""-92.0"", ""label"": ""Refused""}, {""value"": ""-91.0"", ""label"": ""Not applicable""}, {""value"": ""-1.0"", ""label"": ""Don't know""}, {""value"": ""1.0"", ""label"": ""Yes""}, {""value"": ""2.0"", ""label"": ""No""}]"
702,W7CaringYP,"YP: Whether regularly looks after ill, disable or elderly adult relatives or friends without being paid",numeric,NOMINAL,-999.0 thru -1.0,"[{""value"": ""-92.0"", ""label"": ""Refused""}, {""value"": ""-91.0"", ""label"": ""Not applicable""}, {""value"": ""-1.0"", ""label"": ""Don't know""}, {""value"": ""1.0"", ""label"": ""Yes""}, {""value"": ""2.0"", ""label"": ""No""}]"
703,W7Hous12YP,YP: Tenure,numeric,NOMINAL,-999.0 thru -1.0,"[{""value"": ""-92.0"", ""label"": ""Refused""}, {""value"": ""-91.0"", ""label"": ""Not applicable""}, {""value"": ""-1.0"", ""label"": ""Don't know""}, {""value"": ""1.0"", ""label"": ""Owned""}, {""value"": ""2.0"", ""label"": ""Rented""}, {""value"": ""3.0"", ""label"": ""Something else""}]"
704,W7Hous12bYP,YP: Way in which accommodation is owned,numeric,NOMINAL,-999.0 thru -1.0,"[{""value"": ""-92.0"", ""label"": ""Refused""}, {""value"": ""-91.0"", ""label"": ""Not applicable""}, {""value"": ""-1.0"", ""label"": ""Don't know""}, {""value"": ""1.0"", ""label"": ""Owned outright""}, {""value"": ""2.0"", ""label"": ""Being bought on a mortgage/ bank loan""}, {""value"": ""3.0"", ""label"": ""Shared ownership (you own and rent the property)""}, {""value"": ""4.0"", ""label"": ""Some other arrangement""}]"
705,W7Hous12cYP,YP: Way in which accommodation is rented,numeric,NOMINAL,-999.0 thru -1.0,"[{""value"": ""-92.0"", ""label"": ""Refused""}, {""value"": ""-91.0"", ""label"": ""Not applicable""}, {""value"": ""-1.0"", ""label"": ""Don't know""}, {""value"": ""1.0"", ""label"": ""Rented from a Council or New town""}, {""value"": ""2.0"", ""label"": ""Rented from a Housing Association""}, {""value"": ""3.0"", ""label"": ""Rented privately""}, {""value"": ""4.0"", ""label"": ""Rent free""}, {""value"": ""5.0"", ""label"": ""Some other arrangement""}]"
706,W7DlicenceYP,YP: Whether currently hold a driving licence,numeric,NOMINAL,-999.0 thru -1.0,"[{""value"": ""-92.0"", ""label"": ""Refused""}, {""value"": ""-91.0"", ""label"": ""Not applicable""}, {""value"": ""-1.0"", ""label"": ""Don't know""}, {""value"": ""1.0"", ""label"": ""Yes""}, {""value"": ""2.0"", ""label"": ""No""}]"
707,W7OwnCarYP,YP: Whether have own vehicle (driving licence holders only),numeric,NOMINAL,-999.0 thru -1.0,"[{""value"": ""-92.0"", ""label"": ""Refused""}, {""value"": ""-91.0"", ""label"": ""Not applicable""}, {""value"": ""-1.0"", ""label"": ""Don't know""}, {""value"": ""1.0"", ""label"": ""Yes""}, {""value"": ""2.0"", ""label"": ""No""}]"
708,W7AccCarYP,YP: Whether has use of a vehicle that is not own (driving licence holders without own vehicle only),numeric,NOMINAL,-999.0 thru -1.0,"[{""value"": ""-92.0"", ""label"": ""Refused""}, {""value"": ""-91.0"", ""label"": ""Not applicable""}, {""value"": ""-1.0"", ""label"": ""Don't know""}, {""value"": ""1.0"", ""label"": ""Yes""}, {""value"": ""2.0"", ""label"": ""No""}]"
709,W7BenftsYP0a,"YP: State benefits or Tax Credits currently claiming - Unemployment related benefits, or National Insurance Credits",numeric,NOMINAL,-999.0 thru -1.0,"[{""value"": ""-92.0"", ""label"": ""Refused""}, {""value"": ""-91.0"", ""label"": ""Not applicable""}, {""value"": ""-1.0"", ""label"": ""Don't know""}, {""value"": ""0.0"", ""label"": ""Not mentioned""}, {""value"": ""1.0"", ""label"": ""Mentioned""}]"
710,W7BenftsYP0b,YP: State benefits or Tax Credits currently claiming - Income Support (not as an unemployed person),numeric,NOMINAL,-999.0 thru -1.0,"[{""value"": ""-92.0"", ""label"": ""Refused""}, {""value"": ""-91.0"", ""label"": ""Not applicable""}, {""value"": ""-1.0"", ""label"": ""Don't know""}, {""value"": ""0.0"", ""label"": ""Not mentioned""}, {""value"": ""1.0"", ""label"": ""Mentioned""}]"
711,W7BenftsYP0c,YP: State benefits or Tax Credits currently claiming - Sickness or disability benefits,numeric,NOMINAL,-999.0 thru -1.0,"[{""value"": ""-92.0"", ""label"": ""Refused""}, {""value"": ""-91.0"", ""label"": ""Not applicable""}, {""value"": ""-1.0"", ""label"": ""Don't know""}, {""value"": ""0.0"", ""label"": ""Not mentioned""}, {""value"": ""1.0"", ""label"": ""Mentioned""}]"
712,W7BenftsYP0d,YP: State benefits or Tax Credits currently claiming - Family related benefits (excluding Child Benefit and Tax Credits),numeric,NOMINAL,-999.0 thru -1.0,"[{""value"": ""-92.0"", ""label"": ""Refused""}, {""value"": ""-91.0"", ""label"": ""Not applicable""}, {""value"": ""-1.0"", ""label"": ""Don't know""}, {""value"": ""0.0"", ""label"": ""Not mentioned""}, {""value"": ""1.0"", ""label"": ""Mentioned""}]"
713,W7BenftsYP0e,YP: State benefits or Tax Credits currently claiming - Child Benefit for your own children (only asked of respondents with new children sinc w6),numeric,NOMINAL,-999.0 thru -1.0,"[{""value"": ""-92.0"", ""label"": ""Refused""}, {""value"": ""-91.0"", ""label"": ""Not applicable""}, {""value"": ""-1.0"", ""label"": ""Don't know""}, {""value"": ""0.0"", ""label"": ""Not mentioned""}, {""value"": ""1.0"", ""label"": ""Mentioned""}]"
714,W7Benfts0e,DV: State benefits or allowances currently claiming - Child Benefit for your own children (includes w6 for respondents with children at w6),numeric,NOMINAL,-999.0 thru -1.0,"[{""value"": ""-92.0"", ""label"": ""Refused""}, {""value"": ""-91.0"", ""label"": ""Not applicable""}, {""value"": ""-1.0"", ""label"": ""Don't know""}, {""value"": ""0.0"", ""label"": ""Not mentioned""}, {""value"": ""1.0"", ""label"": ""Mentioned""}]"
715,W7BenftsYP0f,YP: State benefits or Tax Credits currently claiming - Carer's Allowance,numeric,NOMINAL,-999.0 thru -1.0,"[{""value"": ""-92.0"", ""label"": ""Refused""}, {""value"": ""-91.0"", ""label"": ""Not applicable""}, {""value"": ""-1.0"", ""label"": ""Don't know""}, {""value"": ""0.0"", ""label"": ""Not mentioned""}, {""value"": ""1.0"", ""label"": ""Mentioned""}]"
716,W7BenftsYP0g,YP: State benefits or Tax Credits currently claiming - Housing Benefit or Council Tax Benefit,numeric,NOMINAL,-999.0 thru -1.0,"[{""value"": ""-92.0"", ""label"": ""Refused""}, {""value"": ""-91.0"", ""label"": ""Not applicable""}, {""value"": ""-1.0"", ""label"": ""Don't know""}, {""value"": ""0.0"", ""label"": ""Not mentioned""}, {""value"": ""1.0"", ""label"": ""Mentioned""}]"
717,W7BenftsYP0h,YP: State benefits or Tax Credits currently claiming - Tax Credits,numeric,NOMINAL,-999.0 thru -1.0,"[{""value"": ""-92.0"", ""label"": ""Refused""}, {""value"": ""-91.0"", ""label"": ""Not applicable""}, {""value"": ""-1.0"", ""label"": ""Don't know""}, {""value"": ""0.0"", ""label"": ""Not mentioned""}, {""value"": ""1.0"", ""label"": ""Mentioned""}]"
718,W7BenftsYP0i,YP: State benefits or Tax Credits currently claiming - Education Maintenance Allowance (not a state benefit or tax credit),numeric,NOMINAL,-999.0 thru -1.0,"[{""value"": ""-92.0"", ""label"": ""Refused""}, {""value"": ""-91.0"", ""label"": ""Not applicable""}, {""value"": ""-1.0"", ""label"": ""Don't know""}, {""value"": ""0.0"", ""label"": ""Not mentioned""}, {""value"": ""1.0"", ""label"": ""Mentioned""}]"
719,W7BenftsYP0j,YP: State benefits or Tax Credits currently claiming - Student loan,numeric,NOMINAL,-999.0 thru -1.0,"[{""value"": ""-92.0"", ""label"": ""Refused""}, {""value"": ""-91.0"", ""label"": ""Not applicable""}, {""value"": ""-1.0"", ""label"": ""Don't know""}, {""value"": ""0.0"", ""label"": ""Not mentioned""}, {""value"": ""1.0"", ""label"": ""Mentioned""}]"
720,W7BenftsYP0k,YP: State benefits or Tax Credits currently claiming - Other,numeric,NOMINAL,-999.0 thru -1.0,"[{""value"": ""-92.0"", ""label"": ""Refused""}, {""value"": ""-91.0"", ""label"": ""Not applicable""}, {""value"": ""-1.0"", ""label"": ""Don't know""}, {""value"": ""0.0"", ""label"": ""Not mentioned""}, {""value"": ""1.0"", ""label"": ""Mentioned""}]"
721,W7UnEmBenYP0a,YP: Type of unemployment benefit claiming - Job Seeker's Allowance,numeric,NOMINAL,-999.0 thru -1.0,"[{""value"": ""-997.0"", ""label"": ""Script error - Free text response not routed to supplementary question""}, {""value"": ""-92.0"", ""label"": ""Refused""}, {""value"": ""-91.0"", ""label"": ""Not applicable""}, {""value"": ""-1.0"", ""label"": ""Don't know""}, {""value"": ""0.0"", ""label"": ""Not mentioned""}, {""value"": ""1.0"", ""label"": ""Mentioned""}]"
722,W7UnEmBenYP0b,YP: Type of unemployment benefit claiming - National Insurance Credits,numeric,NOMINAL,-999.0 thru -1.0,"[{""value"": ""-997.0"", ""label"": ""Script error - Free text response not routed to supplementary question""}, {""value"": ""-92.0"", ""label"": ""Refused""}, {""value"": ""-91.0"", ""label"": ""Not applicable""}, {""value"": ""-1.0"", ""label"": ""Don't know""}, {""value"": ""0.0"", ""label"": ""Not mentioned""}, {""value"": ""1.0"", ""label"": ""Mentioned""}]"
723,W7JSATypYP0a,YP: Type of Job Seeker's Allowance - Contributory,numeric,NOMINAL,-999.0 thru -1.0,"[{""value"": ""-92.0"", ""label"": ""Refused""}, {""value"": ""-91.0"", ""label"": ""Not applicable""}, {""value"": ""-1.0"", ""label"": ""Don't know""}, {""value"": ""0.0"", ""label"": ""Not mentioned""}, {""value"": ""1.0"", ""label"": ""Mentioned""}]"
724,W7JSATypYP0b,YP: Type of Job Seeker's Allowance - Income based,numeric,NOMINAL,-999.0 thru -1.0,"[{""value"": ""-92.0"", ""label"": ""Refused""}, {""value"": ""-91.0"", ""label"": ""Not applicable""}, {""value"": ""-1.0"", ""label"": ""Don't know""}, {""value"": ""0.0"", ""label"": ""Not mentioned""}, {""value"": ""1.0"", ""label"": ""Mentioned""}]"
725,W7IncSupYP0a,YP: Type of Income Support claimed - Sick person,numeric,NOMINAL,-999.0 thru -1.0,"[{""value"": ""-997.0"", ""label"": ""Script error - Free text response not routed to supplementary question""}, {""value"": ""-92.0"", ""label"": ""Refused""}, {""value"": ""-91.0"", ""label"": ""Not applicable""}, {""value"": ""-1.0"", ""label"": ""Don't know""}, {""value"": ""0.0"", ""label"": ""Not mentioned""}, {""value"": ""1.0"", ""label"": ""Mentioned""}]"
726,W7IncSupYP0b,YP: Type of Income Support claimed - Lone parent,numeric,NOMINAL,-999.0 thru -1.0,"[{""value"": ""-997.0"", ""label"": ""Script error - Free text response not routed to supplementary question""}, {""value"": ""-92.0"", ""label"": ""Refused""}, {""value"": ""-91.0"", ""label"": ""Not applicable""}, {""value"": ""-1.0"", ""label"": ""Don't know""}, {""value"": ""0.0"", ""label"": ""Not mentioned""}, {""value"": ""1.0"", ""label"": ""Mentioned""}]"
727,W7IncSupYP0c,YP: Type of Income Support claimed - Other,numeric,NOMINAL,-999.0 thru -1.0,"[{""value"": ""-997.0"", ""label"": ""Script error - Free text response not routed to supplementary question""}, {""value"": ""-92.0"", ""label"": ""Refused""}, {""value"": ""-91.0"", ""label"": ""Not applicable""}, {""value"": ""-1.0"", ""label"": ""Don't know""}, {""value"": ""0.0"", ""label"": ""Not mentioned""}, {""value"": ""1.0"", ""label"": ""Mentioned""}]"
728,W7SkDsBnYP0a,YP: Type of sickness or disability benefits claiming - Incapacity Benefit or Employment and Support Allowance,numeric,NOMINAL,-999.0 thru -1.0,"[{""value"": ""-997.0"", ""label"": ""Script error - Free text response not routed to supplementary question""}, {""value"": ""-92.0"", ""label"": ""Refused""}, {""value"": ""-91.0"", ""label"": ""Not applicable""}, {""value"": ""-1.0"", ""label"": ""Don't know""}, {""value"": ""0.0"", ""label"": ""Not mentioned""}, {""value"": ""1.0"", ""label"": ""Mentioned""}]"
729,W7SkDsBnYP0b,YP: Type of sickness or disability benefits claiming - Severe Disability Allowance,numeric,NOMINAL,-999.0 thru -1.0,"[{""value"": ""-997.0"", ""label"": ""Script error - Free text response not routed to supplementary question""}, {""value"": ""-92.0"", ""label"": ""Refused""}, {""value"": ""-91.0"", ""label"": ""Not applicable""}, {""value"": ""-1.0"", ""label"": ""Don't know""}, {""value"": ""0.0"", ""label"": ""Not mentioned""}, {""value"": ""1.0"", ""label"": ""Mentioned""}]"
730,W7SkDsBnYP0c,YP: Type of sickness or disability benefits claiming - Statutory Sick Pay,numeric,NOMINAL,-999.0 thru -1.0,"[{""value"": ""-997.0"", ""label"": ""Script error - Free text response not routed to supplementary question""}, {""value"": ""-92.0"", ""label"": ""Refused""}, {""value"": ""-91.0"", ""label"": ""Not applicable""}, {""value"": ""-1.0"", ""label"": ""Don't know""}, {""value"": ""0.0"", ""label"": ""Not mentioned""}, {""value"": ""1.0"", ""label"": ""Mentioned""}]"
731,W7SkDsBnYP0d,YP: Type of sickness or disability benefits claiming - Invalid Care Allowance,numeric,NOMINAL,-999.0 thru -1.0,"[{""value"": ""-997.0"", ""label"": ""Script error - Free text response not routed to supplementary question""}, {""value"": ""-92.0"", ""label"": ""Refused""}, {""value"": ""-91.0"", ""label"": ""Not applicable""}, {""value"": ""-1.0"", ""label"": ""Don't know""}, {""value"": ""0.0"", ""label"": ""Not mentioned""}, {""value"": ""1.0"", ""label"": ""Mentioned""}]"
732,W7SkDsBnYP0e,YP: Type of sickness or disability benefits claiming - Disability Living Allowance,numeric,NOMINAL,-999.0 thru -1.0,"[{""value"": ""-997.0"", ""label"": ""Script error - Free text response not routed to supplementary question""}, {""value"": ""-92.0"", ""label"": ""Refused""}, {""value"": ""-91.0"", ""label"": ""Not applicable""}, {""value"": ""-1.0"", ""label"": ""Don't know""}, {""value"": ""0.0"", ""label"": ""Not mentioned""}, {""value"": ""1.0"", ""label"": ""Mentioned""}]"
733,W7SkDsBnYP0f,YP: Type of sickness or disability benefits claiming - Attendance Allowance,numeric,NOMINAL,-999.0 thru -1.0,"[{""value"": ""-997.0"", ""label"": ""Script error - Free text response not routed to supplementary question""}, {""value"": ""-92.0"", ""label"": ""Refused""}, {""value"": ""-91.0"", ""label"": ""Not applicable""}, {""value"": ""-1.0"", ""label"": ""Don't know""}, {""value"": ""0.0"", ""label"": ""Not mentioned""}, {""value"": ""1.0"", ""label"": ""Mentioned""}]"
734,W7SkDsBnYP0g,YP: Type of sickness or disability benefits claiming - Industrial Injury Disablement Benefit,numeric,NOMINAL,-999.0 thru -1.0,"[{""value"": ""-997.0"", ""label"": ""Script error - Free text response not routed to supplementary question""}, {""value"": ""-92.0"", ""label"": ""Refused""}, {""value"": ""-91.0"", ""label"": ""Not applicable""}, {""value"": ""-1.0"", ""label"": ""Don't know""}, {""value"": ""0.0"", ""label"": ""Not mentioned""}, {""value"": ""1.0"", ""label"": ""Mentioned""}]"
735,W7FamilyYP0a,YP: Type of family benefits claimed - Guardian's Allowance,numeric,NOMINAL,-999.0 thru -1.0,"[{""value"": ""-997.0"", ""label"": ""Script error - Free text response not routed to supplementary question""}, {""value"": ""-92.0"", ""label"": ""Refused""}, {""value"": ""-91.0"", ""label"": ""Not applicable""}, {""value"": ""-1.0"", ""label"": ""Don't know""}, {""value"": ""0.0"", ""label"": ""Not mentioned""}, {""value"": ""1.0"", ""label"": ""Mentioned""}]"
736,W7FamilyYP0b,YP: Type of family benefits claimed - Maternity Allowance,numeric,NOMINAL,-999.0 thru -1.0,"[{""value"": ""-997.0"", ""label"": ""Script error - Free text response not routed to supplementary question""}, {""value"": ""-92.0"", ""label"": ""Refused""}, {""value"": ""-91.0"", ""label"": ""Not applicable""}, {""value"": ""-1.0"", ""label"": ""Don't know""}, {""value"": ""0.0"", ""label"": ""Not mentioned""}, {""value"": ""1.0"", ""label"": ""Mentioned""}]"
737,W7FamilyYP0c,YP: Type of family benefits claimed - Statutory Maternity Pay,numeric,NOMINAL,-999.0 thru -1.0,"[{""value"": ""-997.0"", ""label"": ""Script error - Free text response not routed to supplementary question""}, {""value"": ""-92.0"", ""label"": ""Refused""}, {""value"": ""-91.0"", ""label"": ""Not applicable""}, {""value"": ""-1.0"", ""label"": ""Don't know""}, {""value"": ""0.0"", ""label"": ""Not mentioned""}, {""value"": ""1.0"", ""label"": ""Mentioned""}]"
738,W7HsingYP0a,YP: Type of housing benefits claimed - Housing Benefit,numeric,NOMINAL,-999.0 thru -1.0,"[{""value"": ""-92.0"", ""label"": ""Refused""}, {""value"": ""-91.0"", ""label"": ""Not applicable""}, {""value"": ""-1.0"", ""label"": ""Don't know""}, {""value"": ""0.0"", ""label"": ""Not mentioned""}, {""value"": ""1.0"", ""label"": ""Mentioned""}]"
739,W7HsingYP0b,YP: Type of housing benefits claimed - Council Tax Benefit,numeric,NOMINAL,-999.0 thru -1.0,"[{""value"": ""-92.0"", ""label"": ""Refused""}, {""value"": ""-91.0"", ""label"": ""Not applicable""}, {""value"": ""-1.0"", ""label"": ""Don't know""}, {""value"": ""0.0"", ""label"": ""Not mentioned""}, {""value"": ""1.0"", ""label"": ""Mentioned""}]"
740,W7CCTCYP,YP: Whether tax credit includes a childcare element,numeric,NOMINAL,-999.0 thru -1.0,"[{""value"": ""-997.0"", ""label"": ""Script error - Free text response not routed to supplementary question""}, {""value"": ""-92.0"", ""label"": ""Refused""}, {""value"": ""-91.0"", ""label"": ""Not applicable""}, {""value"": ""-1.0"", ""label"": ""Don't know""}, {""value"": ""1.0"", ""label"": ""Yes""}, {""value"": ""2.0"", ""label"": ""No""}]"
741,W7JSACheckYP,YP: Check to confirm definitely not receiving any benefits currently,numeric,NOMINAL,-999.0 thru -1.0,"[{""value"": ""-92.0"", ""label"": ""Refused""}, {""value"": ""-91.0"", ""label"": ""Not applicable""}, {""value"": ""-1.0"", ""label"": ""Don't know""}, {""value"": ""1.0"", ""label"": ""Not receiving these benefits""}, {""value"": ""2.0"", ""label"": ""I am receiving these benefits""}, {""value"": ""3.0"", ""label"": ""I am not currently unemployed""}]"
742,W7JSACheck1YP0a,YP: Why not currently receiving any unemployment benefits - Applied but not yet receiving,numeric,SCALE,-999.0 thru -1.0,"[{""value"": ""-91.0"", ""label"": ""Not applicable""}, {""value"": ""0.0"", ""label"": ""Not mentioned""}, {""value"": ""1.0"", ""label"": ""Mentioned""}]"
743,W7JSACheck1YP0b,YP: Why not currently receiving any unemployment benefits - Not eligible for benefits because I am in full time education,numeric,SCALE,-999.0 thru -1.0,"[{""value"": ""-91.0"", ""label"": ""Not applicable""}, {""value"": ""0.0"", ""label"": ""Not mentioned""}, {""value"": ""1.0"", ""label"": ""Mentioned""}]"
744,W7JSACheck1YP0c,YP: Why not currently receiving any unemployment benefits - Not eligible for benefits because partner in full time work,numeric,SCALE,-999.0 thru -1.0,"[{""value"": ""-91.0"", ""label"": ""Not applicable""}, {""value"": ""0.0"", ""label"": ""Not mentioned""}, {""value"": ""1.0"", ""label"": ""Mentioned""}]"
745,W7JSACheck1YP0d,YP: Why not currently receiving any unemployment benefits - Don't know how to claim benefits,numeric,SCALE,-999.0 thru -1.0,"[{""value"": ""-91.0"", ""label"": ""Not applicable""}, {""value"": ""0.0"", ""label"": ""Not mentioned""}, {""value"": ""1.0"", ""label"": ""Mentioned""}]"
746,W7JSACheck1YP0e,YP: Why not currently receiving any unemployment benefits - Don't want to claim benefits,numeric,SCALE,-999.0 thru -1.0,"[{""value"": ""-91.0"", ""label"": ""Not applicable""}, {""value"": ""0.0"", ""label"": ""Not mentioned""}, {""value"": ""1.0"", ""label"": ""Mentioned""}]"
747,W7JSACheck1YP0f,YP: Why not currently receiving any unemployment benefits - Have not applied yet,numeric,SCALE,-999.0 thru -1.0,"[{""value"": ""-91.0"", ""label"": ""Not applicable""}, {""value"": ""0.0"", ""label"": ""Not mentioned""}, {""value"": ""1.0"", ""label"": ""Mentioned""}]"
748,W7JSACheck1YP0g,YP: Why not currently receiving any unemployment benefits - Other,numeric,SCALE,-999.0 thru -1.0,"[{""value"": ""-91.0"", ""label"": ""Not applicable""}, {""value"": ""0.0"", ""label"": ""Not mentioned""}, {""value"": ""1.0"", ""label"": ""Mentioned""}]"
749,W7JSACheck1YP0h,YP: Why not currently receiving any unemployment benefits - Don't know,numeric,SCALE,-999.0 thru -1.0,"[{""value"": ""-91.0"", ""label"": ""Not applicable""}, {""value"": ""0.0"", ""label"": ""Not mentioned""}, {""value"": ""1.0"", ""label"": ""Mentioned""}]"
750,W7JSACheck1YP0i,YP: Why not currently receiving any unemployment benefits - Refused,numeric,SCALE,-999.0 thru -1.0,"[{""value"": ""-91.0"", ""label"": ""Not applicable""}, {""value"": ""0.0"", ""label"": ""Not mentioned""}, {""value"": ""1.0"", ""label"": ""Mentioned""}]"
751,W7IncomeSourcesYP0a,YP: Other sources of income - Student loans (HE study only),numeric,NOMINAL,-999.0 thru -1.0,"[{""value"": ""-92.0"", ""label"": ""Refused""}, {""value"": ""-91.0"", ""label"": ""Not applicable""}, {""value"": ""-1.0"", ""label"": ""Don't know""}, {""value"": ""0.0"", ""label"": ""Not mentioned""}, {""value"": ""1.0"", ""label"": ""Mentioned""}]"
752,W7IncomeSourcesYP0b,YP: Other sources of income - Money from parents that they do not expect you to pay back,numeric,NOMINAL,-999.0 thru -1.0,"[{""value"": ""-92.0"", ""label"": ""Refused""}, {""value"": ""-91.0"", ""label"": ""Not applicable""}, {""value"": ""-1.0"", ""label"": ""Don't know""}, {""value"": ""0.0"", ""label"": ""Not mentioned""}, {""value"": ""1.0"", ""label"": ""Mentioned""}]"
753,W7IncomeSourcesYP0c,YP: Other sources of income - Bank loans/ Overdrafts/ Credit cards,numeric,NOMINAL,-999.0 thru -1.0,"[{""value"": ""-92.0"", ""label"": ""Refused""}, {""value"": ""-91.0"", ""label"": ""Not applicable""}, {""value"": ""-1.0"", ""label"": ""Don't know""}, {""value"": ""0.0"", ""label"": ""Not mentioned""}, {""value"": ""1.0"", ""label"": ""Mentioned""}]"
754,W7IncomeSourcesYP0d,YP: Other sources of income - Informal loans from parents or other family members,numeric,NOMINAL,-999.0 thru -1.0,"[{""value"": ""-92.0"", ""label"": ""Refused""}, {""value"": ""-91.0"", ""label"": ""Not applicable""}, {""value"": ""-1.0"", ""label"": ""Don't know""}, {""value"": ""0.0"", ""label"": ""Not mentioned""}, {""value"": ""1.0"", ""label"": ""Mentioned""}]"
755,W7IncomeSourcesYP0e,YP: Other sources of income - Informal loans from friends,numeric,NOMINAL,-999.0 thru -1.0,"[{""value"": ""-92.0"", ""label"": ""Refused""}, {""value"": ""-91.0"", ""label"": ""Not applicable""}, {""value"": ""-1.0"", ""label"": ""Don't know""}, {""value"": ""0.0"", ""label"": ""Not mentioned""}, {""value"": ""1.0"", ""label"": ""Mentioned""}]"
756,W7IncomeSourcesYP0f,YP: Other sources of income - Bursary/grant/scholarship,numeric,NOMINAL,-999.0 thru -1.0,"[{""value"": ""-92.0"", ""label"": ""Refused""}, {""value"": ""-91.0"", ""label"": ""Not applicable""}, {""value"": ""-1.0"", ""label"": ""Don't know""}, {""value"": ""0.0"", ""label"": ""Not mentioned""}, {""value"": ""1.0"", ""label"": ""Mentioned""}]"
757,W7IncomeSourcesYP0g,YP: Other sources of income - Personal savings,numeric,NOMINAL,-999.0 thru -1.0,"[{""value"": ""-92.0"", ""label"": ""Refused""}, {""value"": ""-91.0"", ""label"": ""Not applicable""}, {""value"": ""-1.0"", ""label"": ""Don't know""}, {""value"": ""0.0"", ""label"": ""Not mentioned""}, {""value"": ""1.0"", ""label"": ""Mentioned""}]"
758,W7IncomeSourcesYP0h,YP: Other sources of income - Support from partner,numeric,NOMINAL,-999.0 thru -1.0,"[{""value"": ""-92.0"", ""label"": ""Refused""}, {""value"": ""-91.0"", ""label"": ""Not applicable""}, {""value"": ""-1.0"", ""label"": ""Don't know""}, {""value"": ""0.0"", ""label"": ""Not mentioned""}, {""value"": ""1.0"", ""label"": ""Mentioned""}]"
759,W7IncomeSourcesYP0i,YP: Other sources of income - Working,numeric,NOMINAL,-999.0 thru -1.0,"[{""value"": ""-92.0"", ""label"": ""Refused""}, {""value"": ""-91.0"", ""label"": ""Not applicable""}, {""value"": ""-1.0"", ""label"": ""Don't know""}, {""value"": ""0.0"", ""label"": ""Not mentioned""}, {""value"": ""1.0"", ""label"": ""Mentioned""}]"
760,W7IncomeSourcesYP0j,YP: Other sources of income - Other,numeric,NOMINAL,-999.0 thru -1.0,"[{""value"": ""-92.0"", ""label"": ""Refused""}, {""value"": ""-91.0"", ""label"": ""Not applicable""}, {""value"": ""-1.0"", ""label"": ""Don't know""}, {""value"": ""0.0"", ""label"": ""Not mentioned""}, {""value"": ""1.0"", ""label"": ""Mentioned""}]"
761,W7IntMonth,Admin: Interview month,numeric,SCALE,-999.0 thru -1.0,"[{""value"": ""5.0"", ""label"": ""May 2010""}, {""value"": ""6.0"", ""label"": ""June 2010""}, {""value"": ""7.0"", ""label"": ""July 2010""}, {""value"": ""8.0"", ""label"": ""August 2010""}, {""value"": ""9.0"", ""label"": ""September 2010""}, {""value"": ""10.0"", ""label"": ""October 2010""}]"
762,W7Als,DV: Number of A/A2/AS levels being studied at Wave 7,numeric,NOMINAL,-999.0 thru -1.0,"[{""value"": ""-91.0"", ""label"": ""Not applicable""}, {""value"": ""-1.0"", ""label"": ""Don't know""}, {""value"": ""1.0"", ""label"": ""1""}, {""value"": ""2.0"", ""label"": ""2+""}]"
763,W7GCSE,DV: Number of GCSEs studied at Wave 7,numeric,NOMINAL,-999.0 thru -1.0,"[{""value"": ""-91.0"", ""label"": ""Not applicable""}, {""value"": ""-1.0"", ""label"": ""Don't know""}, {""value"": ""1.0"", ""label"": ""1-4""}, {""value"": ""2.0"", ""label"": ""5+""}]"
764,W7ACQNo,DV: Highest academic qualification studied at Wave 7,numeric,NOMINAL,-999.0 thru -1.0,"[{""value"": ""-94.0"", ""label"": ""Insufficient detail""}, {""value"": ""-91.0"", ""label"": ""Not applicable""}, {""value"": ""1.0"", ""label"": ""1-4 GCSE""}, {""value"": ""2.0"", ""label"": ""5+ GCSE""}, {""value"": ""3.0"", ""label"": ""1 A/AS""}, {""value"": ""4.0"", ""label"": ""2+ A/AS""}, {""value"": ""5.0"", ""label"": ""First/Other Degree""}, {""value"": ""6.0"", ""label"": ""Other - HE""}, {""value"": ""7.0"", ""label"": ""Other - qualifications below HE""}]"
765,W7NVQ,DV: Highest NVQ studied regardless of whether full/units in Wave 7,numeric,NOMINAL,-999.0 thru -1.0,"[{""value"": ""-91.0"", ""label"": ""Not applicable""}, {""value"": ""-1.0"", ""label"": ""Level unknown""}, {""value"": ""1.0"", ""label"": ""Level 1""}, {""value"": ""2.0"", ""label"": ""Level 2""}, {""value"": ""3.0"", ""label"": ""Level 3""}, {""value"": ""4.0"", ""label"": ""Level 4""}, {""value"": ""5.0"", ""label"": ""Level 5""}]"
766,W7NVQf,DV: Highest full NVQ studied at Wave 7,numeric,NOMINAL,-999.0 thru -1.0,"[{""value"": ""-91.0"", ""label"": ""Not applicable""}, {""value"": ""-1.0"", ""label"": ""Level unknown""}, {""value"": ""1.0"", ""label"": ""Level 1""}, {""value"": ""2.0"", ""label"": ""Level 2""}, {""value"": ""3.0"", ""label"": ""Level 3""}, {""value"": ""4.0"", ""label"": ""Level 4""}, {""value"": ""5.0"", ""label"": ""Level 5""}]"
767,W7NVQp,DV: Highest part NVQ studied at Wave 7,numeric,NOMINAL,-999.0 thru -1.0,"[{""value"": ""-91.0"", ""label"": ""Not applicable""}, {""value"": ""-1.0"", ""label"": ""Level unknown""}, {""value"": ""1.0"", ""label"": ""Level 1""}, {""value"": ""2.0"", ""label"": ""Level 2""}, {""value"": ""3.0"", ""label"": ""Level 3""}, {""value"": ""4.0"", ""label"": ""Level 4""}, {""value"": ""5.0"", ""label"": ""Level 5""}]"
768,W7NVQu,DV: Highest NVQ studied where full/units is unknown at Wave 7,numeric,NOMINAL,-999.0 thru -1.0,"[{""value"": ""-91.0"", ""label"": ""Not applicable""}, {""value"": ""-1.0"", ""label"": ""Level unknown""}, {""value"": ""1.0"", ""label"": ""Level 1""}, {""value"": ""2.0"", ""label"": ""Level 2""}, {""value"": ""3.0"", ""label"": ""Level 3""}, {""value"": ""4.0"", ""label"": ""Level 4""}, {""value"": ""5.0"", ""label"": ""Level 5""}]"
769,W7OthVoQ,DV: Highest vocational NVQ equivalent being studied at Wave 7,numeric,NOMINAL,-999.0 thru -1.0,"[{""value"": ""-91.0"", ""label"": ""Not applicable""}, {""value"": ""-1.0"", ""label"": ""Level unknown""}, {""value"": ""1.0"", ""label"": ""Level 1""}, {""value"": ""2.0"", ""label"": ""Level 2""}, {""value"": ""3.0"", ""label"": ""Level 3""}, {""value"": ""4.0"", ""label"": ""Other HE""}]"
770,W7AVCE,DV: Highest GCE Applied A level being studied for at Wave 7,numeric,NOMINAL,-999.0 thru -1.0,"[{""value"": ""-91.0"", ""label"": ""Not applicable""}, {""value"": ""-1.0"", ""label"": ""Level/Units unknown""}, {""value"": ""1.0"", ""label"": ""AS Level AVCE (3 units)""}, {""value"": ""2.0"", ""label"": ""A Level AVCE (6 units)""}, {""value"": ""3.0"", ""label"": ""Double Award AVCE (12 Units)""}]"
771,W7VoQNo,DV: Highest full vocational qualification sought at Wave 7,numeric,NOMINAL,-999.0 thru -1.0,"[{""value"": ""-94.0"", ""label"": ""Insufficient information""}, {""value"": ""-91.0"", ""label"": ""Not applicable""}, {""value"": ""-1.0"", ""label"": ""Level unknown""}, {""value"": ""1.0"", ""label"": ""Level 1""}, {""value"": ""2.0"", ""label"": ""Level 2""}, {""value"": ""3.0"", ""label"": ""Level 3""}, {""value"": ""4.0"", ""label"": ""Level 4""}, {""value"": ""5.0"", ""label"": ""Level 5""}, {""value"": ""6.0"", ""label"": ""Other HE""}]"
772,W7VoQNoX,DV: Highest vocational qualification sought regardless of whether full / units at Wave 7,numeric,NOMINAL,-999.0 thru -1.0,"[{""value"": ""-94.0"", ""label"": ""Insufficient information""}, {""value"": ""-91.0"", ""label"": ""Not applicable""}, {""value"": ""-1.0"", ""label"": ""Level unknown""}, {""value"": ""1.0"", ""label"": ""Level 1""}, {""value"": ""2.0"", ""label"": ""Level 2""}, {""value"": ""3.0"", ""label"": ""Level 3""}, {""value"": ""4.0"", ""label"": ""Level 4""}, {""value"": ""5.0"", ""label"": ""Level 5""}, {""value"": ""6.0"", ""label"": ""Other HE""}]"
773,W7SAim,DV: Main study aim at Wave 7,numeric,NOMINAL,-999.0 thru -1.0,"[{""value"": ""-94.0"", ""label"": ""Insufficient information""}, {""value"": ""-91.0"", ""label"": ""Not applicable (not studying)""}, {""value"": ""1.0"", ""label"": ""NVQ 1""}, {""value"": ""2.0"", ""label"": ""Other level 1""}, {""value"": ""3.0"", ""label"": ""NVQ 2""}, {""value"": ""4.0"", ""label"": ""GCSE""}, {""value"": ""5.0"", ""label"": ""Other level 2""}, {""value"": ""6.0"", ""label"": ""NVQ 3""}, {""value"": ""7.0"", ""label"": ""A/AS""}, {""value"": ""8.0"", ""label"": ""AVCE""}, {""value"": ""9.0"", ""label"": ""Other level 3""}, {""value"": ""10.0"", ""label"": ""NVQ 4""}, {""value"": ""11.0"", ""label"": ""First/Other Degree""}, {""value"": ""12.0"", ""label"": ""Other HE""}, {""value"": ""13.0"", ""label"": ""NVQ 5""}, {""value"": ""14.0"", ""label"": ""Other (level unknown)""}]"
774,W7SAim2,DV: Level of Main Study Aim at Wave 7,numeric,NOMINAL,-999.0 thru -1.0,"[{""value"": ""-94.0"", ""label"": ""Insufficient information""}, {""value"": ""-91.0"", ""label"": ""Not applicable (not studying)""}, {""value"": ""1.0"", ""label"": ""Level 1""}, {""value"": ""2.0"", ""label"": ""Level 2""}, {""value"": ""3.0"", ""label"": ""Level 3""}, {""value"": ""4.0"", ""label"": ""Level 4""}, {""value"": ""5.0"", ""label"": ""Level 5""}, {""value"": ""6.0"", ""label"": ""Level unknown / Study not related to Levels""}]"
775,W7HEFlag,DV: Flag indicating whether YP in HE,numeric,NOMINAL,-999.0 thru -1.0,"[{""value"": ""-92.0"", ""label"": ""Refused""}, {""value"": ""-1.0"", ""label"": ""Don't know""}, {""value"": ""1.0"", ""label"": ""In HE""}, {""value"": ""2.0"", ""label"": ""Not in HE""}]"
776,W7HEFlag2,DV: Flag indicating whether YP in Higher Education Aged 19 - Includes future applicants,numeric,NOMINAL,-999.0 thru -1.0,"[{""value"": ""-92.0"", ""label"": ""Refused""}, {""value"": ""-1.0"", ""label"": ""Don't know""}, {""value"": ""1.0"", ""label"": ""In HE""}, {""value"": ""2.0"", ""label"": ""Accepted HE offer to start in 2010 or 2011""}, {""value"": ""3.0"", ""label"": ""Applied for HE to start in 2010 or 2011 but awaiting offer""}, {""value"": ""4.0"", ""label"": ""Not Applying to HE""}]"
777,W7HESubGroup,DV: Subject studying in Higher Education (grouped),numeric,NOMINAL,-999.0 thru -1.0,"[{""value"": ""-91.0"", ""label"": ""Not applicable""}, {""value"": ""-1.0"", ""label"": ""Don't know""}, {""value"": ""1.0"", ""label"": ""Medicine and dentistry""}, {""value"": ""2.0"", ""label"": ""Subjects allied to medicine""}, {""value"": ""3.0"", ""label"": ""Biological sciences""}, {""value"": ""4.0"", ""label"": ""Veterinary sciences, agriculture and related subjects""}, {""value"": ""5.0"", ""label"": ""Physical sciences""}, {""value"": ""6.0"", ""label"": ""Mathematical and computer sciences""}, {""value"": ""7.0"", ""label"": ""Engineering""}, {""value"": ""8.0"", ""label"": ""Technologies""}, {""value"": ""9.0"", ""label"": ""Architecture, building and planning""}, {""value"": ""10.0"", ""label"": ""Social studies""}, {""value"": ""11.0"", ""label"": ""Law""}, {""value"": ""12.0"", ""label"": ""Business and adminstrative studies""}, {""value"": ""13.0"", ""label"": ""Mass communications and documentation""}, {""value"": ""14.0"", ""label"": ""Linguistics, classics and related subjects""}, {""value"": ""15.0"", ""label"": ""European languages, literature and related subjects""}, {""value"": ""16.0"", ""label"": ""Eastern, Asiatic, African, American and Australasian languages, literature and related subjects""}, {""value"": ""17.0"", ""label"": ""Historical and Philosophical studies""}, {""value"": ""18.0"", ""label"": ""Creative arts and design""}, {""value"": ""19.0"", ""label"": ""Education""}, {""value"": ""20.0"", ""label"": ""Other""}]"
778,W7HEQualComb,DV: Higher Education Qualification Being Studied at 19,numeric,NOMINAL,-999.0 thru -1.0,"[{""value"": ""-91.0"", ""label"": ""Not applicable""}, {""value"": ""-1.0"", ""label"": ""Don't know""}, {""value"": ""1.0"", ""label"": ""Degree""}, {""value"": ""2.0"", ""label"": ""Foundation Degree""}, {""value"": ""3.0"", ""label"": ""Teacher training (BEd or BA/BSc with QTS)""}, {""value"": ""4.0"", ""label"": ""Diploma in Higher Education""}, {""value"": ""5.0"", ""label"": ""HND/HNC/RSA or OCR Higher Diploma/NVQ Level 4 or 5/Certificate in Higher Education/Other""}]"
779,W7HEInstType,DV: Prestige of University studying at,numeric,NOMINAL,-999.0 thru -1.0,"[{""value"": ""-92.0"", ""label"": ""Refused""}, {""value"": ""-91.0"", ""label"": ""Not at University""}, {""value"": ""-1.0"", ""label"": ""Don't know""}, {""value"": ""1.0"", ""label"": ""Oxbridge""}, {""value"": ""2.0"", ""label"": ""Russell Group (excluding Oxbridge)""}, {""value"": ""3.0"", ""label"": ""All other Universities""}]"
780,W7Oxbridge,DV: Attendance flag for The University of Cambridge and The University of Oxford,numeric,NOMINAL,-999.0 thru -1.0,"[{""value"": ""-92.0"", ""label"": ""Refused""}, {""value"": ""-91.0"", ""label"": ""Not applicable""}, {""value"": ""-1.0"", ""label"": ""Don't know""}, {""value"": ""1.0"", ""label"": ""Attending""}, {""value"": ""2.0"", ""label"": ""Other HE Institution""}]"
781,W7Russell,DV: Attendance flag for Russell Group Universities,numeric,NOMINAL,-999.0 thru -1.0,"[{""value"": ""-92.0"", ""label"": ""Refused""}, {""value"": ""-91.0"", ""label"": ""Not applicable""}, {""value"": ""-1.0"", ""label"": ""Don't know""}, {""value"": ""1.0"", ""label"": ""Attending""}, {""value"": ""2.0"", ""label"": ""Other HE Institution""}]"
782,W7FEFlag,DV: Flag indicating whether YP studying in a Further Education institution aged 19,numeric,NOMINAL,-999.0 thru -1.0,"[{""value"": ""-92.0"", ""label"": ""Refused""}, {""value"": ""-1.0"", ""label"": ""Don't know""}, {""value"": ""1.0"", ""label"": ""In FE""}, {""value"": ""2.0"", ""label"": ""Not in FE""}]"
783,W7AppEver,"DV: Flag indicating whether YP ever been in an Apprenticeship age 16,17,18 or 19",numeric,NOMINAL,-999.0 thru -1.0,"[{""value"": ""-92.0"", ""label"": ""Refused""}, {""value"": ""-91.0"", ""label"": ""Never been in an Apprenticeship""}, {""value"": ""-1.0"", ""label"": ""Don't know""}, {""value"": ""1.0"", ""label"": ""Been in an Apprenticeship""}]"
784,W7NEETMainJ,DV: Main reason given for NEET YP not finding a job,numeric,NOMINAL,-999.0 thru -1.0,"[{""value"": ""-997.0"", ""label"": ""Problem with script""}, {""value"": ""-91.0"", ""label"": ""Not applicable""}, {""value"": ""-1.0"", ""label"": ""Don't know""}, {""value"": ""0.0"", ""label"": ""Nothing makes it difficult""}, {""value"": ""1.0"", ""label"": ""Not qualified for available jobs""}, {""value"": ""2.0"", ""label"": ""Not prepared to do available jobs""}, {""value"": ""3.0"", ""label"": ""Age makes getting a job unlikely""}, {""value"": ""4.0"", ""label"": ""Health problems/disability makes getting a job unlikely""}, {""value"": ""5.0"", ""label"": ""Lack of relevant experience makes getting a job unlikely""}, {""value"": ""6.0"", ""label"": ""Anxious or nervous about applying for/starting new jobs""}, {""value"": ""7.0"", ""label"": ""Believe would be financially worse off if working""}, {""value"": ""8.0"", ""label"": ""Travelling to work would be difficult""}, {""value"": ""9.0"", ""label"": ""Need to work very flexible hours""}, {""value"": ""10.0"", ""label"": ""Pregnant or looking after children""}, {""value"": ""11.0"", ""label"": ""No jobs available or too much competition""}, {""value"": ""12.0"", ""label"": ""Current economic climate/recession""}, {""value"": ""13.0"", ""label"": ""Can't afford childcare""}, {""value"": ""14.0"", ""label"": ""Don't know how to look for work""}, {""value"": ""15.0"", ""label"": ""Other reason""}]"
785,W7NEETMainFTE,DV: Main reason given for NEET YP not finding FTE,numeric,NOMINAL,-999.0 thru -1.0,"[{""value"": ""-92.0"", ""label"": ""Refused""}, {""value"": ""-91.0"", ""label"": ""Not applicable""}, {""value"": ""-1.0"", ""label"": ""Don't know""}, {""value"": ""0.0"", ""label"": ""Nothing makes it difficult""}, {""value"": ""1.0"", ""label"": ""Not qualified""}, {""value"": ""3.0"", ""label"": ""Age""}, {""value"": ""4.0"", ""label"": ""Health problems/disability""}, {""value"": ""5.0"", ""label"": ""Lack of experience""}, {""value"": ""7.0"", ""label"": ""Lacking confidence""}, {""value"": ""9.0"", ""label"": ""Cannot afford/insufficient funding""}, {""value"": ""10.0"", ""label"": ""Pregnant or looking after children""}, {""value"": ""11.0"", ""label"": ""No places available or too much competition""}, {""value"": ""12.0"", ""label"": ""Not interested in FTE""}, {""value"": ""15.0"", ""label"": ""Other reason""}]"
786,W7NEETMainT,DV: Main reason given for NEET YP not finding training,numeric,NOMINAL,-999.0 thru -1.0,"[{""value"": ""-92.0"", ""label"": ""Refused""}, {""value"": ""-91.0"", ""label"": ""Not applicable""}, {""value"": ""-1.0"", ""label"": ""Don't know""}, {""value"": ""0.0"", ""label"": ""Nothing makes it difficult""}, {""value"": ""1.0"", ""label"": ""Not qualified""}, {""value"": ""3.0"", ""label"": ""Age""}, {""value"": ""4.0"", ""label"": ""Health problems/disability""}, {""value"": ""5.0"", ""label"": ""Lack of experience""}, {""value"": ""8.0"", ""label"": ""Problems with transport""}, {""value"": ""9.0"", ""label"": ""Cannot afford/insufficient funding""}, {""value"": ""10.0"", ""label"": ""Pregnant or looking after children""}, {""value"": ""11.0"", ""label"": ""No places available or too much competition""}, {""value"": ""12.0"", ""label"": ""Not interested in training""}, {""value"": ""13.0"", ""label"": ""Lack of information on available options""}, {""value"": ""15.0"", ""label"": ""Other reason""}]"
787,W7SexAge2,DV: Age (grouped) first had sexual intercourse,numeric,NOMINAL,-999.0 thru -1.0,"[{""value"": ""-100.0"", ""label"": ""Respondent declined sexual experience questions""}, {""value"": ""-97.0"", ""label"": ""Declined self completion""}, {""value"": ""-92.0"", ""label"": ""Refused""}, {""value"": ""-91.0"", ""label"": ""Not applicable""}, {""value"": ""-1.0"", ""label"": ""Don't know""}, {""value"": ""14.0"", ""label"": ""Age 14 and under""}, {""value"": ""15.0"", ""label"": ""Age 15""}, {""value"": ""16.0"", ""label"": ""Age 16""}, {""value"": ""17.0"", ""label"": ""Age 17""}, {""value"": ""18.0"", ""label"": ""Age 18""}, {""value"": ""19.0"", ""label"": ""Age 19+""}]"
788,W7SexSafeEver2,DV: Whether ever not had safe sex at age 19,numeric,NOMINAL,-999.0 thru -1.0,"[{""value"": ""-100.0"", ""label"": ""Respondent declined sexual experience questions""}, {""value"": ""-97.0"", ""label"": ""Declined self completion""}, {""value"": ""-92.0"", ""label"": ""Refused""}, {""value"": ""-91.0"", ""label"": ""Not applicable""}, {""value"": ""-1.0"", ""label"": ""Don't know""}, {""value"": ""1.0"", ""label"": ""Yes""}, {""value"": ""2.0"", ""label"": ""Never""}]"
789,W7SexEver2,DV: Whether ever had sex,numeric,NOMINAL,-999.0 thru -1.0,"[{""value"": ""-100.0"", ""label"": ""Respondent declined sexual experience questions""}, {""value"": ""-97.0"", ""label"": ""Declined self completion""}, {""value"": ""-92.0"", ""label"": ""Refused""}, {""value"": ""-91.0"", ""label"": ""Not applicable""}, {""value"": ""-1.0"", ""label"": ""Don't know""}, {""value"": ""1.0"", ""label"": ""Yes""}, {""value"": ""2.0"", ""label"": ""Never""}]"
790,W7PregnantEverWomen,DV: Whether ever been pregnant (all women),numeric,NOMINAL,-999.0 thru -1.0,"[{""value"": ""-100.0"", ""label"": ""Respondent declined sexual experience questions""}, {""value"": ""-97.0"", ""label"": ""Declined self completion""}, {""value"": ""-94.0"", ""label"": ""Insufficient Information - YP recorded as female at W6 and male at W7""}, {""value"": ""-92.0"", ""label"": ""Refused""}, {""value"": ""-91.0"", ""label"": ""Not applicable""}, {""value"": ""-1.0"", ""label"": ""Don't know""}, {""value"": ""1.0"", ""label"": ""Yes""}, {""value"": ""2.0"", ""label"": ""No""}]"
791,W7OwnChi2,DV: Whether has own child,numeric,NOMINAL,-999.0 thru -1.0,"[{""value"": ""-997.0"", ""label"": ""Script error (respondent not routed to ownchi)""}, {""value"": ""-100.0"", ""label"": ""Respondent declined sexual experience questions""}, {""value"": ""-97.0"", ""label"": ""Declined self completion""}, {""value"": ""-94.0"", ""label"": ""Insufficient information""}, {""value"": ""-92.0"", ""label"": ""Refused""}, {""value"": ""-91.0"", ""label"": ""Not applicable""}, {""value"": ""-1.0"", ""label"": ""Don't know""}, {""value"": ""1.0"", ""label"": ""Yes""}, {""value"": ""2.0"", ""label"": ""No""}]"
792,W7ChiLiv2,DV: Whether own child living with YP,numeric,NOMINAL,-999.0 thru -1.0,"[{""value"": ""-100.0"", ""label"": ""Respondent declined sexual experience questions""}, {""value"": ""-97.0"", ""label"": ""Declined self completion""}, {""value"": ""-94.0"", ""label"": ""Insufficient information""}, {""value"": ""-92.0"", ""label"": ""Refused""}, {""value"": ""-91.0"", ""label"": ""Not applicable""}, {""value"": ""-1.0"", ""label"": ""Don't know""}, {""value"": ""1.0"", ""label"": ""Yes""}, {""value"": ""2.0"", ""label"": ""No""}]"
793,W7Condom,DV: Forms of contraception most regularly used - Condom,numeric,NOMINAL,-999.0 thru -1.0,"[{""value"": ""-100.0"", ""label"": ""Respondent declined sexual experience questions""}, {""value"": ""-97.0"", ""label"": ""Respondent declined self completion""}, {""value"": ""-92.0"", ""label"": ""Refused""}, {""value"": ""-91.0"", ""label"": ""Not applicable""}, {""value"": ""-1.0"", ""label"": ""Don't know""}, {""value"": ""1.0"", ""label"": ""Yes""}, {""value"": ""2.0"", ""label"": ""No""}, {""value"": ""3.0"", ""label"": ""Not applicable (respondent defined)""}]"
794,W7Pill,DV: Forms of contraception most regularly used - Pill,numeric,NOMINAL,-999.0 thru -1.0,"[{""value"": ""-100.0"", ""label"": ""Respondent declined sexual experience questions""}, {""value"": ""-97.0"", ""label"": ""Respondent declined self completion""}, {""value"": ""-92.0"", ""label"": ""Refused""}, {""value"": ""-91.0"", ""label"": ""Not applicable""}, {""value"": ""-1.0"", ""label"": ""Don't know""}, {""value"": ""1.0"", ""label"": ""Yes""}, {""value"": ""2.0"", ""label"": ""No""}, {""value"": ""3.0"", ""label"": ""Not applicable (respondent defined)""}]"
795,W7EmergencyContra,DV: Forms of contraception most regularly used - Emergency contraception,numeric,NOMINAL,-999.0 thru -1.0,"[{""value"": ""-100.0"", ""label"": ""Respondent declined sexual experience questions""}, {""value"": ""-97.0"", ""label"": ""Respondent declined self completion""}, {""value"": ""-92.0"", ""label"": ""Refused""}, {""value"": ""-91.0"", ""label"": ""Not applicable""}, {""value"": ""-1.0"", ""label"": ""Don't know""}, {""value"": ""1.0"", ""label"": ""Yes""}, {""value"": ""2.0"", ""label"": ""No""}, {""value"": ""3.0"", ""label"": ""Not applicable (respondent defined)""}]"
796,W7Withdrawal,DV: Forms of contraception most regularly used - Withdrawal,numeric,NOMINAL,-999.0 thru -1.0,"[{""value"": ""-100.0"", ""label"": ""Respondent declined sexual experience questions""}, {""value"": ""-97.0"", ""label"": ""Respondent declined self completion""}, {""value"": ""-92.0"", ""label"": ""Refused""}, {""value"": ""-91.0"", ""label"": ""Not applicable""}, {""value"": ""-3.0"", ""label"": ""No (Doesn't use other forms of contraception)""}, {""value"": ""-1.0"", ""label"": ""Don't know""}, {""value"": ""1.0"", ""label"": ""Yes""}, {""value"": ""2.0"", ""label"": ""No""}, {""value"": ""3.0"", ""label"": ""Not applicable (respondent defined)""}]"
797,W7SafePeriod,DV: Forms of contraception most regularly used - Safe period,numeric,NOMINAL,-999.0 thru -1.0,"[{""value"": ""-100.0"", ""label"": ""Respondent declined sexual experience questions""}, {""value"": ""-97.0"", ""label"": ""Respondent declined self completion""}, {""value"": ""-92.0"", ""label"": ""Refused""}, {""value"": ""-91.0"", ""label"": ""Not applicable""}, {""value"": ""-3.0"", ""label"": ""No (Doesn't use other forms of contraception)""}, {""value"": ""-1.0"", ""label"": ""Don't know""}, {""value"": ""1.0"", ""label"": ""Yes""}, {""value"": ""2.0"", ""label"": ""No""}, {""value"": ""3.0"", ""label"": ""Not applicable (respondent defined)""}]"
798,W7InjectableDepo,DV: Forms of contraception most regularly used - Injectable/depo contraception/implants,numeric,NOMINAL,-999.0 thru -1.0,"[{""value"": ""-100.0"", ""label"": ""Respondent declined sexual experience questions""}, {""value"": ""-97.0"", ""label"": ""Respondent declined self completion""}, {""value"": ""-92.0"", ""label"": ""Refused""}, {""value"": ""-91.0"", ""label"": ""Not applicable""}, {""value"": ""-3.0"", ""label"": ""No (Doesn't use other forms of contraception)""}, {""value"": ""-1.0"", ""label"": ""Don't know""}, {""value"": ""1.0"", ""label"": ""Yes""}, {""value"": ""2.0"", ""label"": ""No""}, {""value"": ""3.0"", ""label"": ""Not applicable (respondent defined)""}]"
799,W7CapDiaphragm,DV: Forms of contraception most regularly used - Cap/diaphragm,numeric,NOMINAL,-999.0 thru -1.0,"[{""value"": ""-100.0"", ""label"": ""Respondent declined sexual experience questions""}, {""value"": ""-97.0"", ""label"": ""Respondent declined self completion""}, {""value"": ""-92.0"", ""label"": ""Refused""}, {""value"": ""-91.0"", ""label"": ""Not applicable""}, {""value"": ""-3.0"", ""label"": ""No (Doesn't use other forms of contraception)""}, {""value"": ""-1.0"", ""label"": ""Don't know""}, {""value"": ""1.0"", ""label"": ""Yes""}, {""value"": ""2.0"", ""label"": ""No""}, {""value"": ""3.0"", ""label"": ""Not applicable (respondent defined)""}]"
800,W7IUDCoil,DV: Forms of contraception most regularly used - IUD/coil,numeric,NOMINAL,-999.0 thru -1.0,"[{""value"": ""-100.0"", ""label"": ""Respondent declined sexual experience questions""}, {""value"": ""-97.0"", ""label"": ""Respondent declined self completion""}, {""value"": ""-92.0"", ""label"": ""Refused""}, {""value"": ""-91.0"", ""label"": ""Not applicable""}, {""value"": ""-3.0"", ""label"": ""No (Doesn't use other forms of contraception)""}, {""value"": ""-1.0"", ""label"": ""Don't know""}, {""value"": ""1.0"", ""label"": ""Yes""}, {""value"": ""2.0"", ""label"": ""No""}, {""value"": ""3.0"", ""label"": ""Not applicable (respondent defined)""}]"
801,W7FemaleCondom,DV: Forms of contraception most regularly used - Female condom,numeric,NOMINAL,-999.0 thru -1.0,"[{""value"": ""-100.0"", ""label"": ""Respondent declined sexual experience questions""}, {""value"": ""-97.0"", ""label"": ""Respondent declined self completion""}, {""value"": ""-92.0"", ""label"": ""Refused""}, {""value"": ""-91.0"", ""label"": ""Not applicable""}, {""value"": ""-3.0"", ""label"": ""No (Doesn't use other forms of contraception)""}, {""value"": ""-1.0"", ""label"": ""Don't know""}, {""value"": ""1.0"", ""label"": ""Yes""}, {""value"": ""2.0"", ""label"": ""No""}, {""value"": ""3.0"", ""label"": ""Not applicable (respondent defined)""}]"
802,W7OtherContra,DV: Forms of contraception most regularly used - Other,numeric,NOMINAL,-999.0 thru -1.0,"[{""value"": ""-100.0"", ""label"": ""Respondent declined sexual experience questions""}, {""value"": ""-97.0"", ""label"": ""Respondent declined self completion""}, {""value"": ""-92.0"", ""label"": ""Refused""}, {""value"": ""-91.0"", ""label"": ""Not applicable""}, {""value"": ""-3.0"", ""label"": ""No (Doesn't use other forms of contraception)""}, {""value"": ""-1.0"", ""label"": ""Don't know""}, {""value"": ""1.0"", ""label"": ""Yes""}, {""value"": ""2.0"", ""label"": ""No""}, {""value"": ""3.0"", ""label"": ""Not applicable (respondent defined)""}]"
803,W7CanEver,DV: Whether YP has ever tried cannabis,numeric,NOMINAL,-999.0 thru -1.0,"[{""value"": ""-94.0"", ""label"": ""Insufficient information""}, {""value"": ""-91.0"", ""label"": ""Not applicable""}, {""value"": ""1.0"", ""label"": ""Yes""}, {""value"": ""2.0"", ""label"": ""No""}]"
804,W7AlcEverTried,DV: Whether YP has ever had proper alcoholic drink,numeric,NOMINAL,-999.0 thru -1.0,"[{""value"": ""-94.0"", ""label"": ""Insufficient information""}, {""value"": ""-91.0"", ""label"": ""Not applicable""}, {""value"": ""1.0"", ""label"": ""Yes""}, {""value"": ""2.0"", ""label"": ""No""}]"
805,W7Cannabis,DV: Taken cannabis in the past 4 weeks,numeric,NOMINAL,-999.0 thru -1.0,"[{""value"": ""-97.0"", ""label"": ""Refused self-completion""}, {""value"": ""-92.0"", ""label"": ""Refused""}, {""value"": ""-91.0"", ""label"": ""Not Applicable""}, {""value"": ""-1.0"", ""label"": ""Don't know""}, {""value"": ""0.0"", ""label"": ""No""}, {""value"": ""1.0"", ""label"": ""At least once""}]"
806,W7Cocaine,DV: Taken cocaine in the past 4 weeks,numeric,NOMINAL,-999.0 thru -1.0,"[{""value"": ""-97.0"", ""label"": ""Refused self-completion""}, {""value"": ""-92.0"", ""label"": ""Refused""}, {""value"": ""-91.0"", ""label"": ""Not Applicable""}, {""value"": ""-1.0"", ""label"": ""Don't know""}, {""value"": ""0.0"", ""label"": ""No""}, {""value"": ""1.0"", ""label"": ""At least once""}]"
807,W7AcidLSD,DV: Taken acid / LSD in the past 4 weeks,numeric,NOMINAL,-999.0 thru -1.0,"[{""value"": ""-97.0"", ""label"": ""Refused self-completion""}, {""value"": ""-92.0"", ""label"": ""Refused""}, {""value"": ""-91.0"", ""label"": ""Not Applicable""}, {""value"": ""-1.0"", ""label"": ""Don't know""}, {""value"": ""0.0"", ""label"": ""No""}, {""value"": ""1.0"", ""label"": ""At least once""}]"
808,W7Ecstasy,DV: Taken ecstasy in the past 4 weeks,numeric,NOMINAL,-999.0 thru -1.0,"[{""value"": ""-97.0"", ""label"": ""Refused self-completion""}, {""value"": ""-92.0"", ""label"": ""Refused""}, {""value"": ""-91.0"", ""label"": ""Not Applicable""}, {""value"": ""-1.0"", ""label"": ""Don't know""}, {""value"": ""0.0"", ""label"": ""No""}, {""value"": ""1.0"", ""label"": ""At least once""}]"
809,W7Heroin,DV: Taken heroin in the past 4 weeks,numeric,NOMINAL,-999.0 thru -1.0,"[{""value"": ""-97.0"", ""label"": ""Refused self-completion""}, {""value"": ""-92.0"", ""label"": ""Refused""}, {""value"": ""-91.0"", ""label"": ""Not Applicable""}, {""value"": ""-1.0"", ""label"": ""Don't know""}, {""value"": ""0.0"", ""label"": ""No""}, {""value"": ""1.0"", ""label"": ""At least once""}]"
810,W7Crack,DV: Taken crack in the past 4 weeks,numeric,NOMINAL,-999.0 thru -1.0,"[{""value"": ""-97.0"", ""label"": ""Refused self-completion""}, {""value"": ""-92.0"", ""label"": ""Refused""}, {""value"": ""-91.0"", ""label"": ""Not Applicable""}, {""value"": ""-1.0"", ""label"": ""Don't know""}, {""value"": ""0.0"", ""label"": ""No""}, {""value"": ""1.0"", ""label"": ""At least once""}]"
811,W7SpeedAmphetamines,DV: Taken speed / amphetamines in the past 4 weeks,numeric,NOMINAL,-999.0 thru -1.0,"[{""value"": ""-97.0"", ""label"": ""Refused self-completion""}, {""value"": ""-92.0"", ""label"": ""Refused""}, {""value"": ""-91.0"", ""label"": ""Not Applicable""}, {""value"": ""-1.0"", ""label"": ""Don't know""}, {""value"": ""0.0"", ""label"": ""No""}, {""value"": ""1.0"", ""label"": ""At least once""}]"
812,W7Ketamine,DV: Taken ketamine in the past 4 weeks,numeric,NOMINAL,-999.0 thru -1.0,"[{""value"": ""-97.0"", ""label"": ""Refused self-completion""}, {""value"": ""-92.0"", ""label"": ""Refused""}, {""value"": ""-91.0"", ""label"": ""Not Applicable""}, {""value"": ""-1.0"", ""label"": ""Don't know""}, {""value"": ""0.0"", ""label"": ""No""}, {""value"": ""1.0"", ""label"": ""At least once""}]"
813,W7Mephedrone,DV: Taken Mephedrone in the past 4 weeks,numeric,NOMINAL,-999.0 thru -1.0,"[{""value"": ""-97.0"", ""label"": ""Refused self-completion""}, {""value"": ""-92.0"", ""label"": ""Refused""}, {""value"": ""-91.0"", ""label"": ""Not Applicable""}, {""value"": ""-1.0"", ""label"": ""Don't know""}, {""value"": ""0.0"", ""label"": ""No""}, {""value"": ""1.0"", ""label"": ""At least once""}]"
814,W7YNoVote,DV: Reasons for not voting combined,numeric,NOMINAL,-999.0 thru -1.0,"[{""value"": ""-92.0"", ""label"": ""Refused""}, {""value"": ""-91.0"", ""label"": ""Not applicable""}, {""value"": ""-1.0"", ""label"": ""Don't know""}, {""value"": ""1.0"", ""label"": ""Illness""}, {""value"": ""2.0"", ""label"": ""Adminstrative errors""}, {""value"": ""3.0"", ""label"": ""Didn't have time - work""}, {""value"": ""4.0"", ""label"": ""Didn't have time - exams/study""}, {""value"": ""5.0"", ""label"": ""Didn't have time - other""}, {""value"": ""6.0"", ""label"": ""Not registered""}, {""value"": ""7.0"", ""label"": ""Forgot""}, {""value"": ""8.0"", ""label"": ""Unsure who to vote for so abstained""}, {""value"": ""9.0"", ""label"": ""Don't care/not interested""}, {""value"": ""10.0"", ""label"": ""Don't want to/Don't believe in politics""}, {""value"": ""11.0"", ""label"": ""Do not understand politics""}, {""value"": ""12.0"", ""label"": ""Out of country/area at the time""}, {""value"": ""13.0"", ""label"": ""Didn't think vote would count/make a difference""}, {""value"": ""14.0"", ""label"": ""Don't know how""}, {""value"": ""15.0"", ""label"": ""Missed postal/proxy deadline""}, {""value"": ""17.0"", ""label"": ""Other reasons""}, {""value"": ""19.0"", ""label"": ""Multiple reasons""}]"
815,W7Disabv1,DV: Health problem or disability at Wave 7,numeric,NOMINAL,-999.0 thru -1.0,"[{""value"": ""-92.0"", ""label"": ""Refused""}, {""value"": ""-1.0"", ""label"": ""Dont Know""}, {""value"": ""1.0"", ""label"": ""Yes""}, {""value"": ""2.0"", ""label"": ""No""}]"
816,W7SicB,DV: SIC code of current job - banded,numeric,NOMINAL,-999.0 thru -1.0,"[{""value"": ""-97.0"", ""label"": ""Unable to classify""}, {""value"": ""-91.0"", ""label"": ""Not applicable""}, {""value"": ""1.0"", ""label"": ""Agriculture, Forestry and Fishing""}, {""value"": ""2.0"", ""label"": ""Mining and Quarrying""}, {""value"": ""3.0"", ""label"": ""Manufacturing""}, {""value"": ""4.0"", ""label"": ""Electricity, Gas, Steam and Air Conditioning Supply""}, {""value"": ""5.0"", ""label"": ""Water Supply; Sewerage, Waste Management and Remediation Activities""}, {""value"": ""6.0"", ""label"": ""Construction""}, {""value"": ""7.0"", ""label"": ""Wholesale and Retail Trade; Repair of Motor Vehicles and Motorcycles""}, {""value"": ""8.0"", ""label"": ""Transport and Storage""}, {""value"": ""9.0"", ""label"": ""Accomodation and Food Service Activities""}, {""value"": ""10.0"", ""label"": ""Information and Communication""}, {""value"": ""11.0"", ""label"": ""Financial and Insurance Activities""}, {""value"": ""12.0"", ""label"": ""Real estate activities""}, {""value"": ""13.0"", ""label"": ""Professional, Scientific and Technical Activities""}, {""value"": ""14.0"", ""label"": ""Administrative and Support Service Activities""}, {""value"": ""15.0"", ""label"": ""Public Administration and Defence; Compulsory Social Security""}, {""value"": ""16.0"", ""label"": ""Education""}, {""value"": ""17.0"", ""label"": ""Human Health and Social Work Activities""}, {""value"": ""18.0"", ""label"": ""Arts, Entertainment and Recreation""}, {""value"": ""19.0"", ""label"": ""Other Service Activities""}, {""value"": ""20.0"", ""label"": ""Activities of Households as Employers; Undifferentiated Goods-and Services-Producing Activities of Households for Own Us""}, {""value"": ""21.0"", ""label"": ""Activities of Extra-territorial Organisations and Bodies""}]"
817,W7JobEndSICB,DV: SIC code of job in mind after university/college - banded,numeric,NOMINAL,-999.0 thru -1.0,"[{""value"": ""-97.0"", ""label"": ""Unable to classify""}, {""value"": ""-91.0"", ""label"": ""Not applicable""}, {""value"": ""1.0"", ""label"": ""Agriculture, Forestry and Fishing""}, {""value"": ""2.0"", ""label"": ""Mining and Quarrying""}, {""value"": ""3.0"", ""label"": ""Manufacturing""}, {""value"": ""4.0"", ""label"": ""Electricity, Gas, Steam and Air Conditioning Supply""}, {""value"": ""5.0"", ""label"": ""Water Supply; Sewerage, Waste Management and Remediation Activities""}, {""value"": ""6.0"", ""label"": ""Construction""}, {""value"": ""7.0"", ""label"": ""Wholesale and Retail Trade; Repair of Motor Vehicles and Motorcycles""}, {""value"": ""8.0"", ""label"": ""Transport and Storage""}, {""value"": ""9.0"", ""label"": ""Accomodation and Food Service Activities""}, {""value"": ""10.0"", ""label"": ""Information and Communication""}, {""value"": ""11.0"", ""label"": ""Financial and Insurance Activities""}, {""value"": ""12.0"", ""label"": ""Real estate activities""}, {""value"": ""13.0"", ""label"": ""Professional, Scientific and Technical Activities""}, {""value"": ""14.0"", ""label"": ""Administrative and Support Service Activities""}, {""value"": ""15.0"", ""label"": ""Public Administration and Defence; Compulsory Social Security""}, {""value"": ""16.0"", ""label"": ""Education""}, {""value"": ""17.0"", ""label"": ""Human Health and Social Work Activities""}, {""value"": ""18.0"", ""label"": ""Arts, Entertainment and Recreation""}, {""value"": ""19.0"", ""label"": ""Other Service Activities""}, {""value"": ""20.0"", ""label"": ""Activities of Households as Employers; Undifferentiated Goods-and Services-Producing Activities of Households for Own Us""}, {""value"": ""21.0"", ""label"": ""Activities of Extra-territorial Organisations and Bodies""}]"
818,W7SocB,DV: SOC code of current job - banded,numeric,NOMINAL,-999.0 thru -1.0,"[{""value"": ""-97.0"", ""label"": ""Unable to classify""}, {""value"": ""-91.0"", ""label"": ""Not applicable""}, {""value"": ""1.0"", ""label"": ""Managers and Senior Officials""}, {""value"": ""2.0"", ""label"": ""Professional Occupations""}, {""value"": ""3.0"", ""label"": ""Associate Professional and Technical Occupations""}, {""value"": ""4.0"", ""label"": ""Administrative and Secretarial Occupations""}, {""value"": ""5.0"", ""label"": ""Skilled Trades Occupations""}, {""value"": ""6.0"", ""label"": ""Personal Service Occupations""}, {""value"": ""7.0"", ""label"": ""Sales and Customer Service Occupations""}, {""value"": ""8.0"", ""label"": ""Process, Plant, and Machine Operatives""}, {""value"": ""9.0"", ""label"": ""Elementary Occupations""}]"
819,W7JobEndSOCB,DV: SOC code of job in mind after university/college - banded,numeric,NOMINAL,-999.0 thru -1.0,"[{""value"": ""-97.0"", ""label"": ""Unable to classify""}, {""value"": ""-91.0"", ""label"": ""Not applicable""}, {""value"": ""1.0"", ""label"": ""Managers and Senior Officials""}, {""value"": ""2.0"", ""label"": ""Professional Occupations""}, {""value"": ""3.0"", ""label"": ""Associate Professional and Technical Occupations""}, {""value"": ""4.0"", ""label"": ""Administrative and Secretarial Occupations""}, {""value"": ""5.0"", ""label"": ""Skilled Trades Occupations""}, {""value"": ""6.0"", ""label"": ""Personal Service Occupations""}, {""value"": ""7.0"", ""label"": ""Sales and Customer Service Occupations""}, {""value"": ""8.0"", ""label"": ""Process, Plant, and Machine Operatives""}, {""value"": ""9.0"", ""label"": ""Elementary Occupations""}]"
820,W7Empsz,DV: Employment status/size of organisation for young person,numeric,NOMINAL,-999.0 thru -1.0,"[{""value"": ""-94.0"", ""label"": ""Insufficient Information""}, {""value"": ""-91.0"", ""label"": ""Not applicable""}, {""value"": ""1.0"", ""label"": ""Employers - Large Organisations""}, {""value"": ""2.0"", ""label"": ""Employers - Small Organisations""}, {""value"": ""3.0"", ""label"": ""Self Employed - no employees""}, {""value"": ""4.0"", ""label"": ""Managers - Large Organisations""}, {""value"": ""5.0"", ""label"": ""Managers - Small Organisations""}, {""value"": ""6.0"", ""label"": ""Supervisors""}, {""value"": ""7.0"", ""label"": ""Other Employees""}]"
821,W7NSSEC,DV: NS-SEC class for young person,numeric,NOMINAL,-999.0 thru -1.0,"[{""value"": ""-94.0"", ""label"": ""Insufficient information""}, {""value"": ""-91.0"", ""label"": ""Not applicable (Full-time students)""}, {""value"": ""1.0"", ""label"": ""Higher managerial and higher professional occupations""}, {""value"": ""2.0"", ""label"": ""Lower managerial and lower professional occupations""}, {""value"": ""3.0"", ""label"": ""Intermediate occupations""}, {""value"": ""4.0"", ""label"": ""Employers in small organisations and own account workers""}, {""value"": ""5.0"", ""label"": ""Lower supervisory and lower technical occupations""}, {""value"": ""6.0"", ""label"": ""Semi-routine occupations""}, {""value"": ""7.0"", ""label"": ""Routine occupations""}, {""value"": ""8.0"", ""label"": ""Never worked and long-term unemployed""}]"
822,W7NSSECCat,Admin: NS-SEC operational category for young person,numeric,NOMINAL,-999.0 thru -1.0,"[{""value"": ""-91.0"", ""label"": ""Not applicable""}, {""value"": ""1.0"", ""label"": ""Employers in large organisations""}, {""value"": ""2.0"", ""label"": ""Higher managerial occupations""}, {""value"": ""3.1"", ""label"": ""Higher professional - traditional employees""}, {""value"": ""3.2"", ""label"": ""Higher professional - new employees""}, {""value"": ""3.3"", ""label"": ""Higher professional - traditional self-employed""}, {""value"": ""3.4"", ""label"": ""Higher professional - new self-employed""}, {""value"": ""4.1"", ""label"": ""Lower professional - traditional employees""}, {""value"": ""4.2"", ""label"": ""Lower professional - new employees""}, {""value"": ""4.3"", ""label"": ""Lower professional - traditional self-employed""}, {""value"": ""4.4"", ""label"": ""Lower professional - new self-employed""}, {""value"": ""5.0"", ""label"": ""Lower managerial occupations""}, {""value"": ""6.0"", ""label"": ""Higher supervisory occupations""}, {""value"": ""7.1"", ""label"": ""Intermediate occupations - clerical and administrative""}, {""value"": ""7.2"", ""label"": ""Intermediate occupations - sales and service""}, {""value"": ""7.3"", ""label"": ""Intermediate occupations - technical and auxiliary""}, {""value"": ""7.4"", ""label"": ""Intermediate occupations - engineering""}, {""value"": ""8.1"", ""label"": ""Employers in small organisations (non-professional)""}, {""value"": ""8.2"", ""label"": ""Employers in small organisations (agriculture)""}, {""value"": ""9.1"", ""label"": ""Own account workers (non professional)""}, {""value"": ""9.2"", ""label"": ""Own account workers (agriculture)""}, {""value"": ""10.0"", ""label"": ""Lower supervisory occupations""}, {""value"": ""11.1"", ""label"": ""Lower technical occupations - craft""}, {""value"": ""11.2"", ""label"": ""Lower technical occupations - process operative""}, {""value"": ""12.1"", ""label"": ""Semi routine occupations - sales""}, {""value"": ""12.2"", ""label"": ""Semi routine occupations - services""}, {""value"": ""12.3"", ""label"": ""Semi routine occupations - technical""}, {""value"": ""12.4"", ""label"": ""Semi routine occupations - operative""}, {""value"": ""12.5"", ""label"": ""Semi routine occupations - agricultural""}, {""value"": ""12.6"", ""label"": ""Semi routine occupations - clerical""}, {""value"": ""12.7"", ""label"": ""Semi routine occupations - childcare""}, {""value"": ""13.1"", ""label"": ""Routine occupations - sales and service""}, {""value"": ""13.2"", ""label"": ""Routine occupations - production""}, {""value"": ""13.3"", ""label"": ""Routine occupations - technical""}, {""value"": ""13.4"", ""label"": ""Routine occupations - operative""}, {""value"": ""13.5"", ""label"": ""Routine occupations - agricultural""}, {""value"": ""14.1"", ""label"": ""Never worked""}, {""value"": ""14.2"", ""label"": ""Long-term unemployed""}, {""value"": ""14.3"", ""label"": ""Not working""}, {""value"": ""15.0"", ""label"": ""Full-time students""}, {""value"": ""16.0"", ""label"": ""Occupations not stated or inadequately described""}, {""value"": ""17.0"", ""label"": ""Not classifiable for other reasons""}]"
823,W7DPayHrMain,DV: YP Average hourly pay main job aged 19 (top-coded),numeric,SCALE,-999.0 thru -1.0,"[{""value"": ""-92.0"", ""label"": ""Refused""}, {""value"": ""-91.0"", ""label"": ""Not applicable""}, {""value"": ""-1.0"", ""label"": ""Don't know""}, {""value"": ""40.0"", ""label"": ""40 or above""}]"
824,W7DPayWkMain,DV: YP Average yearly pay main job aged 19 (top-coded),numeric,SCALE,-999.0 thru -1.0,"[{""value"": ""-92.0"", ""label"": ""Refused""}, {""value"": ""-91.0"", ""label"": ""Not applicable""}, {""value"": ""-1.0"", ""label"": ""Don't know""}, {""value"": ""1000.0"", ""label"": ""1000 or above""}]"
825,W7DPayYrMain,DV: YP Average weekly pay main job aged 19 (top-coded),numeric,SCALE,-999.0 thru -1.0,"[{""value"": ""-92.0"", ""label"": ""Refused""}, {""value"": ""-91.0"", ""label"": ""Not applicable""}, {""value"": ""-1.0"", ""label"": ""Don't know""}, {""value"": ""50000.0"", ""label"": ""50000 or above""}]"
826,W7DPayHrAll,DV: YP Average hourly pay all jobs aged 19 (top-coded),numeric,SCALE,-999.0 thru -1.0,"[{""value"": ""-92.0"", ""label"": ""Refused""}, {""value"": ""-91.0"", ""label"": ""Not applicable""}, {""value"": ""-1.0"", ""label"": ""Don't know""}, {""value"": ""40.0"", ""label"": ""40 or above""}]"
827,W7DPayWkAll,DV: YP Average weekly pay all jobs aged 19 (top-coded),numeric,SCALE,-999.0 thru -1.0,"[{""value"": ""-92.0"", ""label"": ""Refused""}, {""value"": ""-91.0"", ""label"": ""Not applicable""}, {""value"": ""-1.0"", ""label"": ""Don't know""}, {""value"": ""1500.0"", ""label"": ""1500 or above""}]"
828,W7DPayYrAll,DV: YP Average yearly pay all jobs aged 19 (top-coded),numeric,SCALE,-999.0 thru -1.0,"[{""value"": ""-92.0"", ""label"": ""Refused""}, {""value"": ""-91.0"", ""label"": ""Not applicable""}, {""value"": ""-1.0"", ""label"": ""Don't know""}, {""value"": ""70000.0"", ""label"": ""70000 or above""}]"
829,W7PayHrMain_Banded,DV: Average hourly pay main job aged 19 banded,numeric,NOMINAL,-999.0 thru -1.0,"[{""value"": ""-92.0"", ""label"": ""Refused""}, {""value"": ""-91.0"", ""label"": ""Not applicable""}, {""value"": ""-1.0"", ""label"": ""Don't know""}, {""value"": ""1.0"", ""label"": ""£0.00 - £4.99""}, {""value"": ""2.0"", ""label"": ""£5.00 - £9.99""}, {""value"": ""3.0"", ""label"": ""£10.00 - £14.99""}, {""value"": ""4.0"", ""label"": ""£15.00 - £19.99""}, {""value"": ""5.0"", ""label"": ""Greater than £19.99""}]"
830,W7PayWkMain_Banded,DV: Average weekly pay main job aged 19 banded,numeric,NOMINAL,-999.0 thru -1.0,"[{""value"": ""-92.0"", ""label"": ""Refused""}, {""value"": ""-91.0"", ""label"": ""Not applicable""}, {""value"": ""-1.0"", ""label"": ""Don't know""}, {""value"": ""1.0"", ""label"": ""£0.00 - £30.99""}, {""value"": ""2.0"", ""label"": ""£31.00 - £60.99""}, {""value"": ""3.0"", ""label"": ""£61.00 - £100.99""}, {""value"": ""4.0"", ""label"": ""£101.00 - £200.99""}, {""value"": ""5.0"", ""label"": ""£201.00 - £300.99""}, {""value"": ""6.0"", ""label"": ""£301.00 - £400.99""}, {""value"": ""7.0"", ""label"": ""Greater than £400.99""}]"
831,W7PayYrMain_Banded,DV: Average yearly pay main job aged 19 banded,numeric,NOMINAL,-999.0 thru -1.0,"[{""value"": ""-92.0"", ""label"": ""Refused""}, {""value"": ""-91.0"", ""label"": ""Not applicable""}, {""value"": ""-1.0"", ""label"": ""Don't know""}, {""value"": ""1.0"", ""label"": ""£0.00 - £4,999.99""}, {""value"": ""2.0"", ""label"": ""£5,000.00 - £9,999.99""}, {""value"": ""3.0"", ""label"": ""£10,000.00 - £14,999.99""}, {""value"": ""4.0"", ""label"": ""£15,000.00 - £19,999.99""}, {""value"": ""5.0"", ""label"": ""£20,000.00 - £24,999.99""}, {""value"": ""6.0"", ""label"": ""£25,000.00 - £29,999.99""}, {""value"": ""7.0"", ""label"": ""Greater than £29,999.99""}]"
832,W7PayHrAll_Banded,DV: Average hourly pay all jobs aged 19 banded,numeric,NOMINAL,-999.0 thru -1.0,"[{""value"": ""-92.0"", ""label"": ""Refused""}, {""value"": ""-91.0"", ""label"": ""Not applicable""}, {""value"": ""-1.0"", ""label"": ""Don't know""}, {""value"": ""1.0"", ""label"": ""£0.00 - £4.99""}, {""value"": ""2.0"", ""label"": ""£5.00 - £9.99""}, {""value"": ""3.0"", ""label"": ""£10.00 - £14.99""}, {""value"": ""4.0"", ""label"": ""£15.00 - £19.99""}, {""value"": ""5.0"", ""label"": ""Greater than £19.99""}]"
833,W7PayWkAll_Banded,DV: Average weekly pay all jobs aged 19 banded,numeric,NOMINAL,-999.0 thru -1.0,"[{""value"": ""-92.0"", ""label"": ""Refused""}, {""value"": ""-91.0"", ""label"": ""Not applicable""}, {""value"": ""-1.0"", ""label"": ""Don't know""}, {""value"": ""1.0"", ""label"": ""£0.00 - £30.99""}, {""value"": ""2.0"", ""label"": ""£31.00 - £60.99""}, {""value"": ""3.0"", ""label"": ""£61.00 - £100.99""}, {""value"": ""4.0"", ""label"": ""£101.00 - £200.99""}, {""value"": ""5.0"", ""label"": ""£201.00 - £300.99""}, {""value"": ""6.0"", ""label"": ""£301.00 - £400.99""}, {""value"": ""7.0"", ""label"": ""Greater than £400.99""}]"
834,W7PayYrAll_Banded,DV: Average yearly pay all jobs aged 19 banded,numeric,NOMINAL,-999.0 thru -1.0,"[{""value"": ""-92.0"", ""label"": ""Refused""}, {""value"": ""-91.0"", ""label"": ""Not applicable""}, {""value"": ""-1.0"", ""label"": ""Don't know""}, {""value"": ""1.0"", ""label"": ""£0.00 - £4,999.99""}, {""value"": ""2.0"", ""label"": ""£5,000.00 - £9,999.99""}, {""value"": ""3.0"", ""label"": ""£10,000.00 - £14,999.99""}, {""value"": ""4.0"", ""label"": ""£15,000.00 - £19,999.99""}, {""value"": ""5.0"", ""label"": ""£20,000.00 - £24,999.99""}, {""value"": ""6.0"", ""label"": ""£25,000.00 - £29,999.99""}, {""value"": ""7.0"", ""label"": ""Greater than £29,999.99""}]"
835,W7NMWMain,DV: Whether earning less than National Minimum Wage in main job (rate for interview period was £4.83 01/10/2009 to 01/10/2010),numeric,NOMINAL,-999.0 thru -1.0,"[{""value"": ""-92.0"", ""label"": ""Refused""}, {""value"": ""-91.0"", ""label"": ""Not applicable""}, {""value"": ""-1.0"", ""label"": ""Don't know""}, {""value"": ""1.0"", ""label"": ""Pay < NMW (£4.83)""}, {""value"": ""2.0"", ""label"": ""Pay >= NMW (£4.83)""}]"
836,W7Benefts_flag,DV: Benefits claimed at Wave 7,numeric,NOMINAL,-999.0 thru -1.0,"[{""value"": ""-92.0"", ""label"": ""Refused""}, {""value"": ""-91.0"", ""label"": ""Not applicable""}, {""value"": ""1.0"", ""label"": ""Claiming""}, {""value"": ""2.0"", ""label"": ""Not claiming""}]"
837,W7Benefts_flag2,DV: Benefits claimed at Wave 7 (Including extra split),numeric,NOMINAL,-999.0 thru -1.0,"[{""value"": ""-92.0"", ""label"": ""Refused""}, {""value"": ""-91.0"", ""label"": ""Not applicable""}, {""value"": ""1.0"", ""label"": ""Unemployment related benefits (including JSA) or NI Credits""}, {""value"": ""2.0"", ""label"": ""Other benefits""}, {""value"": ""3.0"", ""label"": ""None""}]"
838,W7IAGUseful2,DV: Most useful source of IAG,numeric,NOMINAL,-999.0 thru -1.0,"[{""value"": ""-92.0"", ""label"": ""Refused""}, {""value"": ""-1.0"", ""label"": ""Don't know""}, {""value"": ""0.0"", ""label"": ""No IAG used in past 12 months""}, {""value"": ""1.0"", ""label"": ""Friends and relatives""}, {""value"": ""2.0"", ""label"": ""Teachers/lecturers/tutors""}, {""value"": ""3.0"", ""label"": ""Connexions""}, {""value"": ""4.0"", ""label"": ""DirectGov""}, {""value"": ""5.0"", ""label"": ""National Apprenticeship Service""}, {""value"": ""6.0"", ""label"": ""Jobcentre plus advisor""}, {""value"": ""7.0"", ""label"": ""Professionals in field interested in""}, {""value"": ""8.0"", ""label"": ""Careers advisors/student support services""}, {""value"": ""9.0"", ""label"": ""Other""}]"
839,W7FinAct54_B11,DV: Main Activity June 2009 - Bulletin 11,numeric,NOMINAL,-999.0 thru -1.0,"[{""value"": ""-94.0"", ""label"": ""Insufficient information""}, {""value"": ""1.0"", ""label"": ""Education""}, {""value"": ""4.0"", ""label"": ""Employed""}, {""value"": ""5.0"", ""label"": ""Apprenticeship/training""}, {""value"": ""6.0"", ""label"": ""Unemployed/Inactive (NEET)""}]"
840,W7FinAct55_B11,DV: Main Activity July 2009 - Bulletin 11,numeric,NOMINAL,-999.0 thru -1.0,"[{""value"": ""-94.0"", ""label"": ""Insufficient information""}, {""value"": ""1.0"", ""label"": ""Education""}, {""value"": ""4.0"", ""label"": ""Employed""}, {""value"": ""5.0"", ""label"": ""Apprenticeship/training""}, {""value"": ""6.0"", ""label"": ""Unemployed/Inactive (NEET)""}]"
841,W7FinAct56_B11,DV: Main Activity August 2009 - Bulletin 11,numeric,NOMINAL,-999.0 thru -1.0,"[{""value"": ""-94.0"", ""label"": ""Insufficient information""}, {""value"": ""1.0"", ""label"": ""Education""}, {""value"": ""4.0"", ""label"": ""Employed""}, {""value"": ""5.0"", ""label"": ""Apprenticeship/training""}, {""value"": ""6.0"", ""label"": ""Unemployed/Inactive (NEET)""}]"
842,W7FinAct57_B11,DV: Main Activity September 2009 - Bulletin 11,numeric,NOMINAL,-999.0 thru -1.0,"[{""value"": ""-94.0"", ""label"": ""Insufficient information""}, {""value"": ""1.0"", ""label"": ""Education""}, {""value"": ""4.0"", ""label"": ""Employed""}, {""value"": ""5.0"", ""label"": ""Apprenticeship/training""}, {""value"": ""6.0"", ""label"": ""Unemployed/Inactive (NEET)""}]"
843,W7FinAct58_B11,DV: Main Activity October 2009 - Bulletin 11,numeric,NOMINAL,-999.0 thru -1.0,"[{""value"": ""-94.0"", ""label"": ""Insufficient information""}, {""value"": ""1.0"", ""label"": ""Education""}, {""value"": ""4.0"", ""label"": ""Employed""}, {""value"": ""5.0"", ""label"": ""Apprenticeship/training""}, {""value"": ""6.0"", ""label"": ""Unemployed/Inactive (NEET)""}]"
844,W7FinAct59_B11,DV: Main Activity November 2009 - Bulletin 11,numeric,NOMINAL,-999.0 thru -1.0,"[{""value"": ""-94.0"", ""label"": ""Insufficient information""}, {""value"": ""1.0"", ""label"": ""Education""}, {""value"": ""4.0"", ""label"": ""Employed""}, {""value"": ""5.0"", ""label"": ""Apprenticeship/training""}, {""value"": ""6.0"", ""label"": ""Unemployed/Inactive (NEET)""}]"
845,W7FinAct60_B11,DV: Main Activity December 2009 - Bulletin 11,numeric,NOMINAL,-999.0 thru -1.0,"[{""value"": ""-94.0"", ""label"": ""Insufficient information""}, {""value"": ""1.0"", ""label"": ""Education""}, {""value"": ""4.0"", ""label"": ""Employed""}, {""value"": ""5.0"", ""label"": ""Apprenticeship/training""}, {""value"": ""6.0"", ""label"": ""Unemployed/Inactive (NEET)""}]"
846,W7FinAct61_B11,DV: Main Activity January 2010 - Bulletin 11,numeric,NOMINAL,-999.0 thru -1.0,"[{""value"": ""-94.0"", ""label"": ""Insufficient information""}, {""value"": ""1.0"", ""label"": ""Education""}, {""value"": ""4.0"", ""label"": ""Employed""}, {""value"": ""5.0"", ""label"": ""Apprenticeship/training""}, {""value"": ""6.0"", ""label"": ""Unemployed/Inactive (NEET)""}]"
847,W7FinAct62_B11,DV: Main Activity February 2010 - Bulletin 11,numeric,NOMINAL,-999.0 thru -1.0,"[{""value"": ""-94.0"", ""label"": ""Insufficient information""}, {""value"": ""1.0"", ""label"": ""Education""}, {""value"": ""4.0"", ""label"": ""Employed""}, {""value"": ""5.0"", ""label"": ""Apprenticeship/training""}, {""value"": ""6.0"", ""label"": ""Unemployed/Inactive (NEET)""}]"
848,W7FinAct63_B11,DV: Main Activity March 2010 - Bulletin 11,numeric,NOMINAL,-999.0 thru -1.0,"[{""value"": ""-94.0"", ""label"": ""Insufficient information""}, {""value"": ""1.0"", ""label"": ""Education""}, {""value"": ""4.0"", ""label"": ""Employed""}, {""value"": ""5.0"", ""label"": ""Apprenticeship/training""}, {""value"": ""6.0"", ""label"": ""Unemployed/Inactive (NEET)""}]"
849,W7FinAct64_B11,DV: Main Activity April 2010 - Bulletin 11,numeric,NOMINAL,-999.0 thru -1.0,"[{""value"": ""-94.0"", ""label"": ""Insufficient information""}, {""value"": ""1.0"", ""label"": ""Education""}, {""value"": ""4.0"", ""label"": ""Employed""}, {""value"": ""5.0"", ""label"": ""Apprenticeship/training""}, {""value"": ""6.0"", ""label"": ""Unemployed/Inactive (NEET)""}]"
850,W7FinAct65_B11,DV: Main Activity May 2010 - Bulletin 11 (Main Activity at 19),numeric,NOMINAL,-999.0 thru -1.0,"[{""value"": ""-94.0"", ""label"": ""Insufficient information""}, {""value"": ""1.0"", ""label"": ""Education""}, {""value"": ""4.0"", ""label"": ""Employed""}, {""value"": ""5.0"", ""label"": ""Apprenticeship/training""}, {""value"": ""6.0"", ""label"": ""Unemployed/Inactive (NEET)""}]"
