pos,variable,variable_label,variable_type,measurement_level,spss_user_missing_values,value_labels_json
1,NSID,NSID - cohort member identifier,NA,NA,NA,[]
2,W4Weight_MAIN_BOOST,Weight: Cross-sectional weight for main and boost sample respondents,numeric,SCALE,-999.0 thru -1.0,"[{""value"": ""-91.0"", ""label"": ""Not applicable""}]"
3,W4Weight_MAIN,Weight: Longitudinal weight for W1 to W4 respondents,numeric,SCALE,-999.0 thru -1.0,"[{""value"": ""-91.0"", ""label"": ""Not applicable""}]"
4,SampPSU,Sampling: School (primary sampling unit),numeric,SCALE,-999.0 thru -1.0,"[{""value"": ""-91.0"", ""label"": ""Not applicable""}]"
5,SampStratum,Sampling: Stratum,numeric,SCALE,-999.0 thru -1.0,"[{""value"": ""-91.0"", ""label"": ""Not applicable""}]"
6,W4Boost,Admin: Whether this is a boost respondent,numeric,NOMINAL,-999.0 thru -1.0,"[{""value"": ""1.0"", ""label"": ""Yes""}, {""value"": ""2.0"", ""label"": ""No""}]"
7,W4intmonth,Admin: Month of W4 interview,numeric,SCALE,-999.0 thru -1.0,"[{""value"": ""-999.0"", ""label"": ""Missing information""}, {""value"": ""6.0"", ""label"": ""June""}, {""value"": ""7.0"", ""label"": ""July""}, {""value"": ""8.0"", ""label"": ""August""}, {""value"": ""9.0"", ""label"": ""September""}, {""value"": ""10.0"", ""label"": ""October""}]"
8,W4intyear,Admin: Year of W4 interview,numeric,SCALE,-999.0 thru -1.0,"[{""value"": ""-999.0"", ""label"": ""Missing information""}]"
9,W4InSchoolMP,MP: What YP is currently doing,numeric,NOMINAL,-999.0 thru -1.0,"[{""value"": ""-996.0"", ""label"": ""No Parent in household""}, {""value"": ""-99.0"", ""label"": ""MP not interviewed""}, {""value"": ""-92.0"", ""label"": ""Refused""}, {""value"": ""-91.0"", ""label"": ""Not applicable""}, {""value"": ""-1.0"", ""label"": ""Don't know""}, {""value"": ""1.0"", ""label"": ""Doing A levels or a similar course at a school or college""}, {""value"": ""2.0"", ""label"": ""Doing an Apprenticeship or other type of training course""}, {""value"": ""3.0"", ""label"": ""In a full-time paid job""}, {""value"": ""4.0"", ""label"": ""Something else""}]"
10,W4SENMP,MP: Whether YP ever identified as having special educational needs,numeric,NOMINAL,-999.0 thru -1.0,"[{""value"": ""-996.0"", ""label"": ""No Parent in household""}, {""value"": ""-99.0"", ""label"": ""MP not interviewed""}, {""value"": ""-92.0"", ""label"": ""Refused""}, {""value"": ""-91.0"", ""label"": ""Not applicable""}, {""value"": ""-1.0"", ""label"": ""Don't know""}, {""value"": ""1.0"", ""label"": ""Yes""}, {""value"": ""2.0"", ""label"": ""No""}]"
11,W4SENageMP,MP: Age of YP when first identified as having special educational needs,numeric,SCALE,-999.0 thru -1.0,"[{""value"": ""-996.0"", ""label"": ""No Parent in household""}, {""value"": ""-99.0"", ""label"": ""MP not interviewed""}, {""value"": ""-92.0"", ""label"": ""Refused""}, {""value"": ""-91.0"", ""label"": ""Not applicable""}, {""value"": ""-1.0"", ""label"": ""Don't know""}]"
12,W4SENcurrMP,MP: Whether YP currently thought to have special educational needs,numeric,NOMINAL,-999.0 thru -1.0,"[{""value"": ""-996.0"", ""label"": ""No Parent in household""}, {""value"": ""-99.0"", ""label"": ""MP not interviewed""}, {""value"": ""-92.0"", ""label"": ""Refused""}, {""value"": ""-91.0"", ""label"": ""Not applicable""}, {""value"": ""-1.0"", ""label"": ""Don't know""}, {""value"": ""1.0"", ""label"": ""Yes""}, {""value"": ""2.0"", ""label"": ""No""}]"
13,W4STATEDMP,MP: Whether YP has ever been given statement of needs,numeric,NOMINAL,-999.0 thru -1.0,"[{""value"": ""-996.0"", ""label"": ""No Parent in household""}, {""value"": ""-99.0"", ""label"": ""MP not interviewed""}, {""value"": ""-92.0"", ""label"": ""Refused""}, {""value"": ""-91.0"", ""label"": ""Not applicable""}, {""value"": ""-1.0"", ""label"": ""Don't know""}, {""value"": ""1.0"", ""label"": ""Yes, GOT statement""}, {""value"": ""2.0"", ""label"": ""Yes, AWAITING statement""}, {""value"": ""3.0"", ""label"": ""No, not statemented""}]"
14,W4STATED2MP,MP: Whether YP currently has statement of needs,numeric,NOMINAL,-999.0 thru -1.0,"[{""value"": ""-996.0"", ""label"": ""No Parent in household""}, {""value"": ""-99.0"", ""label"": ""MP not interviewed""}, {""value"": ""-92.0"", ""label"": ""Refused""}, {""value"": ""-91.0"", ""label"": ""Not applicable""}, {""value"": ""-1.0"", ""label"": ""Don't know""}, {""value"": ""1.0"", ""label"": ""Yes, current statement""}, {""value"": ""2.0"", ""label"": ""No current statement""}]"
15,W4SENcurr2MP,MP: Satisfaction with how school dealt with YP special needs in Year 11,numeric,ORDINAL,-999.0 thru -1.0,"[{""value"": ""-996.0"", ""label"": ""No Parent in household""}, {""value"": ""-99.0"", ""label"": ""MP not interviewed""}, {""value"": ""-92.0"", ""label"": ""Refused""}, {""value"": ""-91.0"", ""label"": ""Not applicable""}, {""value"": ""-1.0"", ""label"": ""Don't know""}, {""value"": ""1.0"", ""label"": ""Very satisfied""}, {""value"": ""2.0"", ""label"": ""Fairly satisfied""}, {""value"": ""3.0"", ""label"": ""Not very satisfied""}, {""value"": ""4.0"", ""label"": ""Not at all satisfied""}]"
16,W4SENTranMP,MP: Whether transition plan has been drawn up for YP,numeric,NOMINAL,-999.0 thru -1.0,"[{""value"": ""-996.0"", ""label"": ""No Parent in household""}, {""value"": ""-99.0"", ""label"": ""MP not interviewed""}, {""value"": ""-92.0"", ""label"": ""Refused""}, {""value"": ""-91.0"", ""label"": ""Not applicable""}, {""value"": ""-1.0"", ""label"": ""Don't know""}, {""value"": ""1.0"", ""label"": ""Yes""}, {""value"": ""2.0"", ""label"": ""No""}]"
17,W4TranAftMP,MP: What transition plan suggests YP should do after Year 11,numeric,NOMINAL,-999.0 thru -1.0,"[{""value"": ""-996.0"", ""label"": ""No Parent in household""}, {""value"": ""-99.0"", ""label"": ""MP not interviewed""}, {""value"": ""-92.0"", ""label"": ""Refused""}, {""value"": ""-91.0"", ""label"": ""Not applicable""}, {""value"": ""-1.0"", ""label"": ""Don't know""}, {""value"": ""1.0"", ""label"": ""Stay on in full time education""}, {""value"": ""2.0"", ""label"": ""Leave full time education""}, {""value"": ""3.0"", ""label"": ""(SPONTANEOUS ONLY) Does not currently have a transition plan""}]"
18,W4TranStaMP0a,MP: Type of education suggested for YP : A levels/ AS levels/ A2s,numeric,NOMINAL,-999.0 thru -1.0,"[{""value"": ""-996.0"", ""label"": ""No Parent in household""}, {""value"": ""-99.0"", ""label"": ""MP not interviewed""}, {""value"": ""-92.0"", ""label"": ""Refused""}, {""value"": ""-91.0"", ""label"": ""Not applicable""}, {""value"": ""-1.0"", ""label"": ""Don't know""}, {""value"": ""0.0"", ""label"": ""Not mentioned""}, {""value"": ""1.0"", ""label"": ""Mentioned""}]"
19,W4TranStaMP0b,MP: Type of education suggested for YP : NVQs,numeric,NOMINAL,-999.0 thru -1.0,"[{""value"": ""-996.0"", ""label"": ""No Parent in household""}, {""value"": ""-99.0"", ""label"": ""MP not interviewed""}, {""value"": ""-92.0"", ""label"": ""Refused""}, {""value"": ""-91.0"", ""label"": ""Not applicable""}, {""value"": ""-1.0"", ""label"": ""Don't know""}, {""value"": ""0.0"", ""label"": ""Not mentioned""}, {""value"": ""1.0"", ""label"": ""Mentioned""}]"
20,W4TranStaMP0c,MP: Type of education suggested for YP : Something else,numeric,NOMINAL,-999.0 thru -1.0,"[{""value"": ""-996.0"", ""label"": ""No Parent in household""}, {""value"": ""-99.0"", ""label"": ""MP not interviewed""}, {""value"": ""-92.0"", ""label"": ""Refused""}, {""value"": ""-91.0"", ""label"": ""Not applicable""}, {""value"": ""-1.0"", ""label"": ""Don't know""}, {""value"": ""0.0"", ""label"": ""Not mentioned""}, {""value"": ""1.0"", ""label"": ""Mentioned""}]"
21,W4TranLeaMP,MP: What transition plan suggest YP should do when they leave school after Year 11,numeric,NOMINAL,-999.0 thru -1.0,"[{""value"": ""-996.0"", ""label"": ""No Parent in household""}, {""value"": ""-99.0"", ""label"": ""MP not interviewed""}, {""value"": ""-92.0"", ""label"": ""Refused""}, {""value"": ""-91.0"", ""label"": ""Not applicable""}, {""value"": ""-1.0"", ""label"": ""Don't know""}, {""value"": ""0.0"", ""label"": ""Not mentioned""}, {""value"": ""1.0"", ""label"": ""Mentioned""}]"
22,W4Parasp2MP,MP: What MP wanted YP to do when reached school leaving age,numeric,NOMINAL,-999.0 thru -1.0,"[{""value"": ""-996.0"", ""label"": ""No Parent in household""}, {""value"": ""-99.0"", ""label"": ""MP not interviewed""}, {""value"": ""-92.0"", ""label"": ""Refused""}, {""value"": ""-91.0"", ""label"": ""Not applicable""}, {""value"": ""-1.0"", ""label"": ""Don't know""}, {""value"": ""1.0"", ""label"": ""Continue in full time education""}, {""value"": ""2.0"", ""label"": ""Start learning a trade / Get a place on a training course""}, {""value"": ""3.0"", ""label"": ""Start an apprenticeship""}, {""value"": ""4.0"", ""label"": ""Get a full-time paid job (either as an employee or self-empl""}, {""value"": ""5.0"", ""label"": ""Something else?""}]"
23,W4JobDiscMP,MP: Whether MP talked to YP about YP staying on in full-time education,numeric,NOMINAL,-999.0 thru -1.0,"[{""value"": ""-996.0"", ""label"": ""No Parent in household""}, {""value"": ""-99.0"", ""label"": ""MP not interviewed""}, {""value"": ""-92.0"", ""label"": ""Refused""}, {""value"": ""-91.0"", ""label"": ""Not applicable""}, {""value"": ""-1.0"", ""label"": ""Don't know""}, {""value"": ""1.0"", ""label"": ""Yes""}, {""value"": ""2.0"", ""label"": ""No""}]"
24,W4ScomAdiMP,Admin: Interviewer code whether MP accepted self-completion section,numeric,NOMINAL,-999.0 thru -1.0,"[{""value"": ""-996.0"", ""label"": ""No Parent in household""}, {""value"": ""-99.0"", ""label"": ""MP not interviewed""}, {""value"": ""-96.0"", ""label"": ""MP using interpreter""}, {""value"": ""-92.0"", ""label"": ""Refused""}, {""value"": ""-91.0"", ""label"": ""Not applicable""}, {""value"": ""-1.0"", ""label"": ""Don't know""}, {""value"": ""1.0"", ""label"": ""Respondent accepted self-completion""}, {""value"": ""2.0"", ""label"": ""Respondent refused self-completion""}, {""value"": ""3.0"", ""label"": ""Interviewer will administer self-completion (SPONTANEOUS)""}]"
25,W4ServSSMP,MP: Whether MP has ever been in contact with social services about YP's behaviour,numeric,NOMINAL,-999.0 thru -1.0,"[{""value"": ""-996.0"", ""label"": ""No parent in household""}, {""value"": ""-99.0"", ""label"": ""MP not interviewed""}, {""value"": ""-97.0"", ""label"": ""MP refused self completion""}, {""value"": ""-96.0"", ""label"": ""MP using interpreter""}, {""value"": ""-92.0"", ""label"": ""Refused""}, {""value"": ""-91.0"", ""label"": ""Not applicable""}, {""value"": ""-1.0"", ""label"": ""Don't know""}, {""value"": ""1.0"", ""label"": ""Yes""}, {""value"": ""2.0"", ""label"": ""No""}]"
26,W4ServSS14MP,MP: Whether MP been in contact with social services about YP's behaviour in the last 3 years,numeric,NOMINAL,-999.0 thru -1.0,"[{""value"": ""-996.0"", ""label"": ""No parent in household""}, {""value"": ""-99.0"", ""label"": ""MP not interviewed""}, {""value"": ""-97.0"", ""label"": ""MP refused self completion""}, {""value"": ""-96.0"", ""label"": ""MP using interpreter""}, {""value"": ""-92.0"", ""label"": ""Refused""}, {""value"": ""-91.0"", ""label"": ""Not applicable""}, {""value"": ""-1.0"", ""label"": ""Don't know""}, {""value"": ""1.0"", ""label"": ""Yes""}, {""value"": ""2.0"", ""label"": ""No""}]"
27,W4ServEWMP,MP: Whether MP ever been in contact with educational welfare services about YP's behaviour,numeric,NOMINAL,-999.0 thru -1.0,"[{""value"": ""-996.0"", ""label"": ""No parent in household""}, {""value"": ""-99.0"", ""label"": ""MP not interviewed""}, {""value"": ""-97.0"", ""label"": ""MP refused self completion""}, {""value"": ""-96.0"", ""label"": ""MP using interpreter""}, {""value"": ""-92.0"", ""label"": ""Refused""}, {""value"": ""-91.0"", ""label"": ""Not applicable""}, {""value"": ""-1.0"", ""label"": ""Don't know""}, {""value"": ""1.0"", ""label"": ""Yes""}, {""value"": ""2.0"", ""label"": ""No""}]"
28,W4ServEW14MP,MP: Whether MP been in contact with educational welfare services about YP's behaviour in the last 3 years,numeric,NOMINAL,-999.0 thru -1.0,"[{""value"": ""-996.0"", ""label"": ""No parent in household""}, {""value"": ""-99.0"", ""label"": ""MP not interviewed""}, {""value"": ""-97.0"", ""label"": ""MP refused self completion""}, {""value"": ""-96.0"", ""label"": ""MP using interpreter""}, {""value"": ""-92.0"", ""label"": ""Refused""}, {""value"": ""-91.0"", ""label"": ""Not applicable""}, {""value"": ""-1.0"", ""label"": ""Don't know""}, {""value"": ""1.0"", ""label"": ""Yes""}, {""value"": ""2.0"", ""label"": ""No""}]"
29,W4ServOthMP,MP: Whether MP been in contact with any other similar services about YP's behaviour,numeric,NOMINAL,-999.0 thru -1.0,"[{""value"": ""-996.0"", ""label"": ""No parent in household""}, {""value"": ""-99.0"", ""label"": ""MP not interviewed""}, {""value"": ""-97.0"", ""label"": ""MP refused self completion""}, {""value"": ""-96.0"", ""label"": ""MP using interpreter""}, {""value"": ""-92.0"", ""label"": ""Refused""}, {""value"": ""-91.0"", ""label"": ""Not applicable""}, {""value"": ""-1.0"", ""label"": ""Don't know""}, {""value"": ""1.0"", ""label"": ""Yes""}, {""value"": ""2.0"", ""label"": ""No""}]"
30,W4ServOth14MP,MP: Whether MP been in contact with any other similar services about YP's behaviour in the last 3 years,numeric,NOMINAL,-999.0 thru -1.0,"[{""value"": ""-996.0"", ""label"": ""No parent in household""}, {""value"": ""-99.0"", ""label"": ""MP not interviewed""}, {""value"": ""-97.0"", ""label"": ""MP refused self completion""}, {""value"": ""-96.0"", ""label"": ""MP using interpreter""}, {""value"": ""-92.0"", ""label"": ""Refused""}, {""value"": ""-91.0"", ""label"": ""Not applicable""}, {""value"": ""-1.0"", ""label"": ""Don't know""}, {""value"": ""1.0"", ""label"": ""Yes""}, {""value"": ""2.0"", ""label"": ""No""}]"
31,W4SchContMP,MP: Whether any of YP's schools contacted them about YP's behaviour,numeric,NOMINAL,-999.0 thru -1.0,"[{""value"": ""-996.0"", ""label"": ""No parent in household""}, {""value"": ""-99.0"", ""label"": ""MP not interviewed""}, {""value"": ""-97.0"", ""label"": ""MP refused self completion""}, {""value"": ""-96.0"", ""label"": ""MP using interpreter""}, {""value"": ""-92.0"", ""label"": ""Refused""}, {""value"": ""-91.0"", ""label"": ""Not applicable""}, {""value"": ""-1.0"", ""label"": ""Don't know""}, {""value"": ""1.0"", ""label"": ""Yes""}, {""value"": ""2.0"", ""label"": ""No""}]"
32,W4Abs3mEMP,MP: Whether child has been off school continuously for 3 months or more since the age 5,numeric,NOMINAL,-999.0 thru -1.0,"[{""value"": ""-996.0"", ""label"": ""No parent in household""}, {""value"": ""-99.0"", ""label"": ""MP not interviewed""}, {""value"": ""-97.0"", ""label"": ""MP refused self completion""}, {""value"": ""-96.0"", ""label"": ""MP using interpreter""}, {""value"": ""-92.0"", ""label"": ""Refused""}, {""value"": ""-91.0"", ""label"": ""Not applicable""}, {""value"": ""-1.0"", ""label"": ""Don't know""}, {""value"": ""1.0"", ""label"": ""Yes""}, {""value"": ""2.0"", ""label"": ""No""}]"
33,W4Abs3mNMP,MP: Number of times YP been off school for 3 months or more since the age of 5,numeric,SCALE,-999.0 thru -1.0,"[{""value"": ""-996.0"", ""label"": ""No parent in household""}, {""value"": ""-99.0"", ""label"": ""MP not interviewed""}, {""value"": ""-97.0"", ""label"": ""MP refused self completion""}, {""value"": ""-96.0"", ""label"": ""MP using interpreter""}, {""value"": ""-92.0"", ""label"": ""Refused""}, {""value"": ""-91.0"", ""label"": ""Not applicable""}, {""value"": ""-1.0"", ""label"": ""Don't know""}]"
34,W4EvercarMP0a,MP: Whether YP has ever been in the following care arrangements : Never been in care,numeric,NOMINAL,-999.0 thru -1.0,"[{""value"": ""-996.0"", ""label"": ""No parent in household""}, {""value"": ""-99.0"", ""label"": ""MP not interviewed""}, {""value"": ""-97.0"", ""label"": ""MP refused self completion""}, {""value"": ""-96.0"", ""label"": ""MP using interpreter""}, {""value"": ""-92.0"", ""label"": ""Refused""}, {""value"": ""-91.0"", ""label"": ""Not applicable""}, {""value"": ""-1.0"", ""label"": ""Don't know""}, {""value"": ""0.0"", ""label"": ""Not mentioned""}, {""value"": ""1.0"", ""label"": ""Mentioned""}]"
35,W4EvercarMP0b,MP: Whether YP has ever been in the following care arrangements : With foster parents,numeric,NOMINAL,-999.0 thru -1.0,"[{""value"": ""-996.0"", ""label"": ""No parent in household""}, {""value"": ""-99.0"", ""label"": ""MP not interviewed""}, {""value"": ""-97.0"", ""label"": ""MP refused self completion""}, {""value"": ""-96.0"", ""label"": ""MP using interpreter""}, {""value"": ""-92.0"", ""label"": ""Refused""}, {""value"": ""-91.0"", ""label"": ""Not applicable""}, {""value"": ""-1.0"", ""label"": ""Don't know""}, {""value"": ""0.0"", ""label"": ""Not mentioned""}, {""value"": ""1.0"", ""label"": ""Mentioned""}]"
36,W4EvercarMP0c,MP: Whether YP has ever been in the following care arrangements : In a young people's home,numeric,NOMINAL,-999.0 thru -1.0,"[{""value"": ""-996.0"", ""label"": ""No parent in household""}, {""value"": ""-99.0"", ""label"": ""MP not interviewed""}, {""value"": ""-97.0"", ""label"": ""MP refused self completion""}, {""value"": ""-96.0"", ""label"": ""MP using interpreter""}, {""value"": ""-92.0"", ""label"": ""Refused""}, {""value"": ""-91.0"", ""label"": ""Not applicable""}, {""value"": ""-1.0"", ""label"": ""Don't know""}, {""value"": ""0.0"", ""label"": ""Not mentioned""}, {""value"": ""1.0"", ""label"": ""Mentioned""}]"
37,W4EvercarMP0d,"MP: Whether YP has ever been in the following care arrangements : In local authority care, but remaining with own parents",numeric,NOMINAL,-999.0 thru -1.0,"[{""value"": ""-996.0"", ""label"": ""No parent in household""}, {""value"": ""-99.0"", ""label"": ""MP not interviewed""}, {""value"": ""-97.0"", ""label"": ""MP refused self completion""}, {""value"": ""-96.0"", ""label"": ""MP using interpreter""}, {""value"": ""-92.0"", ""label"": ""Refused""}, {""value"": ""-91.0"", ""label"": ""Not applicable""}, {""value"": ""-1.0"", ""label"": ""Don't know""}, {""value"": ""0.0"", ""label"": ""Not mentioned""}, {""value"": ""1.0"", ""label"": ""Mentioned""}]"
38,W4EvercarMP0e,MP: Whether YP has ever been in the following care arrangements : Placed for adoption,numeric,NOMINAL,-999.0 thru -1.0,"[{""value"": ""-996.0"", ""label"": ""No parent in household""}, {""value"": ""-99.0"", ""label"": ""MP not interviewed""}, {""value"": ""-97.0"", ""label"": ""MP refused self completion""}, {""value"": ""-96.0"", ""label"": ""MP using interpreter""}, {""value"": ""-92.0"", ""label"": ""Refused""}, {""value"": ""-91.0"", ""label"": ""Not applicable""}, {""value"": ""-1.0"", ""label"": ""Don't know""}, {""value"": ""0.0"", ""label"": ""Not mentioned""}, {""value"": ""1.0"", ""label"": ""Mentioned""}]"
39,W4EvercarMP0f,MP: Whether YP has ever been in the following care arrangements : In local authority care in some other arrangement,numeric,NOMINAL,-999.0 thru -1.0,"[{""value"": ""-996.0"", ""label"": ""No parent in household""}, {""value"": ""-99.0"", ""label"": ""MP not interviewed""}, {""value"": ""-97.0"", ""label"": ""MP refused self completion""}, {""value"": ""-96.0"", ""label"": ""MP using interpreter""}, {""value"": ""-92.0"", ""label"": ""Refused""}, {""value"": ""-91.0"", ""label"": ""Not applicable""}, {""value"": ""-1.0"", ""label"": ""Don't know""}, {""value"": ""0.0"", ""label"": ""Not mentioned""}, {""value"": ""1.0"", ""label"": ""Mentioned""}]"
40,W4EvercarMP0g,MP: Whether YP has ever been in these care arrangements : Don't know,numeric,NOMINAL,-999.0 thru -1.0,"[{""value"": ""-996.0"", ""label"": ""No parent in household""}, {""value"": ""-99.0"", ""label"": ""MP not interviewed""}, {""value"": ""-97.0"", ""label"": ""MP refused self completion""}, {""value"": ""-96.0"", ""label"": ""MP using interpreter""}, {""value"": ""-92.0"", ""label"": ""Refused""}, {""value"": ""-91.0"", ""label"": ""Not applicable""}, {""value"": ""-1.0"", ""label"": ""Don't know""}, {""value"": ""0.0"", ""label"": ""Not mentioned""}, {""value"": ""1.0"", ""label"": ""Mentioned""}]"
41,W4EvercarMP0h,MP: Whether YP has ever been in these care arrangements : Don't want to answer,numeric,NOMINAL,-999.0 thru -1.0,"[{""value"": ""-996.0"", ""label"": ""No parent in household""}, {""value"": ""-99.0"", ""label"": ""MP not interviewed""}, {""value"": ""-97.0"", ""label"": ""MP refused self completion""}, {""value"": ""-96.0"", ""label"": ""MP using interpreter""}, {""value"": ""-92.0"", ""label"": ""Refused""}, {""value"": ""-91.0"", ""label"": ""Not applicable""}, {""value"": ""-1.0"", ""label"": ""Don't know""}, {""value"": ""0.0"", ""label"": ""Not mentioned""}, {""value"": ""1.0"", ""label"": ""Mentioned""}]"
42,W4WhencarMP,MP: Number of times YP has been in care since birth,numeric,SCALE,-999.0 thru -1.0,"[{""value"": ""-996.0"", ""label"": ""No parent in household""}, {""value"": ""-99.0"", ""label"": ""MP not interviewed""}, {""value"": ""-97.0"", ""label"": ""MP refused self completion""}, {""value"": ""-96.0"", ""label"": ""MP using interpreter""}, {""value"": ""-92.0"", ""label"": ""Refused""}, {""value"": ""-91.0"", ""label"": ""Not applicable""}, {""value"": ""-1.0"", ""label"": ""Don't know""}]"
43,W4MontCar1MP,MP: Longest period of time YP has spent in care (years),numeric,SCALE,-999.0 thru -1.0,"[{""value"": ""-996.0"", ""label"": ""No parent in household""}, {""value"": ""-99.0"", ""label"": ""MP not interviewed""}, {""value"": ""-97.0"", ""label"": ""MP refused self completion""}, {""value"": ""-96.0"", ""label"": ""MP using interpreter""}, {""value"": ""-92.0"", ""label"": ""Refused""}, {""value"": ""-91.0"", ""label"": ""Not applicable""}, {""value"": ""-1.0"", ""label"": ""Don't know""}]"
44,W4MontCar2MP,MP: Longest period of time YP has spent in care (months),numeric,SCALE,-999.0 thru -1.0,"[{""value"": ""-997.0"", ""label"": ""Script error""}, {""value"": ""-996.0"", ""label"": ""No parent in household""}, {""value"": ""-99.0"", ""label"": ""MP not interviewed""}, {""value"": ""-97.0"", ""label"": ""MP refused self completion""}, {""value"": ""-96.0"", ""label"": ""MP using interpreter""}, {""value"": ""-92.0"", ""label"": ""Refused""}, {""value"": ""-91.0"", ""label"": ""Not applicable""}, {""value"": ""-1.0"", ""label"": ""Don't know""}]"
45,W4NowcareMP,MP: Whether YP is currently in care,numeric,NOMINAL,-999.0 thru -1.0,"[{""value"": ""-996.0"", ""label"": ""No parent in household""}, {""value"": ""-99.0"", ""label"": ""MP not interviewed""}, {""value"": ""-97.0"", ""label"": ""MP refused self completion""}, {""value"": ""-96.0"", ""label"": ""MP using interpreter""}, {""value"": ""-92.0"", ""label"": ""Refused""}, {""value"": ""-91.0"", ""label"": ""Not applicable""}, {""value"": ""-1.0"", ""label"": ""Don't know""}, {""value"": ""1.0"", ""label"": ""Yes""}, {""value"": ""2.0"", ""label"": ""No""}]"
46,W4NowcarYMP,MP: Year YP entered care arrangements on this occasion,numeric,SCALE,-999.0 thru -1.0,"[{""value"": ""-996.0"", ""label"": ""No parent in household""}, {""value"": ""-99.0"", ""label"": ""MP not interviewed""}, {""value"": ""-97.0"", ""label"": ""MP refused self completion""}, {""value"": ""-96.0"", ""label"": ""MP using interpreter""}, {""value"": ""-92.0"", ""label"": ""Refused""}, {""value"": ""-91.0"", ""label"": ""Not applicable""}, {""value"": ""-1.0"", ""label"": ""Don't know""}, {""value"": ""1.0"", ""label"": ""2007""}, {""value"": ""2.0"", ""label"": ""2006""}, {""value"": ""3.0"", ""label"": ""2005""}, {""value"": ""4.0"", ""label"": ""2004""}, {""value"": ""5.0"", ""label"": ""2003""}, {""value"": ""6.0"", ""label"": ""2002""}, {""value"": ""7.0"", ""label"": ""2001""}, {""value"": ""8.0"", ""label"": ""2000""}, {""value"": ""9.0"", ""label"": ""1999""}, {""value"": ""10.0"", ""label"": ""1998""}, {""value"": ""11.0"", ""label"": ""1997""}, {""value"": ""12.0"", ""label"": ""1996""}, {""value"": ""13.0"", ""label"": ""1995""}, {""value"": ""14.0"", ""label"": ""1994""}, {""value"": ""15.0"", ""label"": ""1993""}, {""value"": ""16.0"", ""label"": ""1992""}, {""value"": ""17.0"", ""label"": ""1991""}, {""value"": ""18.0"", ""label"": ""1990""}, {""value"": ""19.0"", ""label"": ""1989""}, {""value"": ""20.0"", ""label"": ""1988""}]"
47,W4NowcarMMP,MP: Month YP entered care arrangements on this occasion,numeric,SCALE,-999.0 thru -1.0,"[{""value"": ""-996.0"", ""label"": ""No parent in household""}, {""value"": ""-99.0"", ""label"": ""MP not interviewed""}, {""value"": ""-97.0"", ""label"": ""MP refused self completion""}, {""value"": ""-96.0"", ""label"": ""MP using interpreter""}, {""value"": ""-92.0"", ""label"": ""Refused""}, {""value"": ""-91.0"", ""label"": ""Not applicable""}, {""value"": ""-1.0"", ""label"": ""Don't know""}, {""value"": ""1.0"", ""label"": ""January""}, {""value"": ""2.0"", ""label"": ""February""}, {""value"": ""3.0"", ""label"": ""March""}, {""value"": ""4.0"", ""label"": ""April""}, {""value"": ""5.0"", ""label"": ""May""}, {""value"": ""6.0"", ""label"": ""June""}, {""value"": ""7.0"", ""label"": ""July""}, {""value"": ""8.0"", ""label"": ""August""}, {""value"": ""9.0"", ""label"": ""September""}, {""value"": ""10.0"", ""label"": ""October""}, {""value"": ""11.0"", ""label"": ""November""}, {""value"": ""12.0"", ""label"": ""December""}]"
48,W4Police1MP,MP: Whether police ever got in touch because of something YP had done,numeric,NOMINAL,-999.0 thru -1.0,"[{""value"": ""-996.0"", ""label"": ""No parent in household""}, {""value"": ""-99.0"", ""label"": ""MP not interviewed""}, {""value"": ""-97.0"", ""label"": ""MP refused self completion""}, {""value"": ""-96.0"", ""label"": ""MP using interpreter""}, {""value"": ""-92.0"", ""label"": ""Refused""}, {""value"": ""-91.0"", ""label"": ""Not applicable""}, {""value"": ""-1.0"", ""label"": ""Don't know""}, {""value"": ""1.0"", ""label"": ""Yes, in last three years""}, {""value"": ""2.0"", ""label"": ""No""}, {""value"": ""3.0"", ""label"": ""Not in the last three years""}]"
49,W4Police2MP,"MP: Number of times police have contacted MP or partner because of something YP had done, in last 3 years",numeric,SCALE,-999.0 thru -1.0,"[{""value"": ""-996.0"", ""label"": ""No parent in household""}, {""value"": ""-99.0"", ""label"": ""MP not interviewed""}, {""value"": ""-97.0"", ""label"": ""MP refused self completion""}, {""value"": ""-96.0"", ""label"": ""MP using interpreter""}, {""value"": ""-92.0"", ""label"": ""Refused""}, {""value"": ""-91.0"", ""label"": ""Not applicable""}, {""value"": ""-1.0"", ""label"": ""Don't know""}]"
50,W4WhoPreMP0a,Admin: Who else present during MP section: No-one else present,numeric,NOMINAL,-999.0 thru -1.0,"[{""value"": ""-996.0"", ""label"": ""No Parent in household""}, {""value"": ""-99.0"", ""label"": ""MP not interviewed""}, {""value"": ""-92.0"", ""label"": ""Refused""}, {""value"": ""-91.0"", ""label"": ""Not applicable""}, {""value"": ""-1.0"", ""label"": ""Don't know""}, {""value"": ""0.0"", ""label"": ""Not mentioned""}, {""value"": ""1.0"", ""label"": ""Mentioned""}]"
51,W4WhoPreMP0b,"Admin: Who else present during MP section: Respondent's partner, husband, wife",numeric,NOMINAL,-999.0 thru -1.0,"[{""value"": ""-996.0"", ""label"": ""No Parent in household""}, {""value"": ""-99.0"", ""label"": ""MP not interviewed""}, {""value"": ""-92.0"", ""label"": ""Refused""}, {""value"": ""-91.0"", ""label"": ""Not applicable""}, {""value"": ""-1.0"", ""label"": ""Don't know""}, {""value"": ""0.0"", ""label"": ""Not mentioned""}, {""value"": ""1.0"", ""label"": ""Mentioned""}]"
52,W4WhoPreMP0c,Admin: Who else present during MP section: Sampled young person,numeric,NOMINAL,-999.0 thru -1.0,"[{""value"": ""-996.0"", ""label"": ""No Parent in household""}, {""value"": ""-99.0"", ""label"": ""MP not interviewed""}, {""value"": ""-92.0"", ""label"": ""Refused""}, {""value"": ""-91.0"", ""label"": ""Not applicable""}, {""value"": ""-1.0"", ""label"": ""Don't know""}, {""value"": ""0.0"", ""label"": ""Not mentioned""}, {""value"": ""1.0"", ""label"": ""Mentioned""}]"
53,W4WhoPreMP0d,Admin: Who else present during MP section: Other adult living in household,numeric,NOMINAL,-999.0 thru -1.0,"[{""value"": ""-996.0"", ""label"": ""No Parent in household""}, {""value"": ""-99.0"", ""label"": ""MP not interviewed""}, {""value"": ""-92.0"", ""label"": ""Refused""}, {""value"": ""-91.0"", ""label"": ""Not applicable""}, {""value"": ""-1.0"", ""label"": ""Don't know""}, {""value"": ""0.0"", ""label"": ""Not mentioned""}, {""value"": ""1.0"", ""label"": ""Mentioned""}]"
54,W4WhoPreMP0e,Admin: Who else present during MP section: Other young person living in household,numeric,NOMINAL,-999.0 thru -1.0,"[{""value"": ""-996.0"", ""label"": ""No Parent in household""}, {""value"": ""-99.0"", ""label"": ""MP not interviewed""}, {""value"": ""-92.0"", ""label"": ""Refused""}, {""value"": ""-91.0"", ""label"": ""Not applicable""}, {""value"": ""-1.0"", ""label"": ""Don't know""}, {""value"": ""0.0"", ""label"": ""Not mentioned""}, {""value"": ""1.0"", ""label"": ""Mentioned""}]"
55,W4WhoPreMP0f,Admin: Who else present during MP section: Other adult/young person not living in household,numeric,NOMINAL,-999.0 thru -1.0,"[{""value"": ""-996.0"", ""label"": ""No Parent in household""}, {""value"": ""-99.0"", ""label"": ""MP not interviewed""}, {""value"": ""-92.0"", ""label"": ""Refused""}, {""value"": ""-91.0"", ""label"": ""Not applicable""}, {""value"": ""-1.0"", ""label"": ""Don't know""}, {""value"": ""0.0"", ""label"": ""Not mentioned""}, {""value"": ""1.0"", ""label"": ""Mentioned""}]"
56,W4SexYP,Admin: Interviewer code sex of YP,numeric,NOMINAL,-999.0 thru -1.0,"[{""value"": ""-99.0"", ""label"": ""YP not interviewed""}, {""value"": ""-92.0"", ""label"": ""Refused""}, {""value"": ""-91.0"", ""label"": ""Not applicable""}, {""value"": ""-1.0"", ""label"": ""Don't know""}, {""value"": ""1.0"", ""label"": ""Male""}, {""value"": ""2.0"", ""label"": ""Female""}]"
57,W4YelevenYP,YP: Whether YP found year 11 enjoyable,numeric,ORDINAL,-999.0 thru -1.0,"[{""value"": ""-99.0"", ""label"": ""YP not interviewed""}, {""value"": ""-92.0"", ""label"": ""Refused""}, {""value"": ""-91.0"", ""label"": ""Not applicable""}, {""value"": ""-1.0"", ""label"": ""Don't know""}, {""value"": ""1.0"", ""label"": ""Very enjoyable""}, {""value"": ""2.0"", ""label"": ""Quite enjoyable""}, {""value"": ""3.0"", ""label"": ""Not very enjoyable""}, {""value"": ""4.0"", ""label"": ""Not at all enjoyable""}]"
58,W4School1YP,YP: YP Agreement with statement : Most of the time I found Year 11 boring,numeric,ORDINAL,-999.0 thru -1.0,"[{""value"": ""-99.0"", ""label"": ""YP not interviewed""}, {""value"": ""-92.0"", ""label"": ""Refused""}, {""value"": ""-91.0"", ""label"": ""Not applicable""}, {""value"": ""-1.0"", ""label"": ""Don't know""}, {""value"": ""1.0"", ""label"": ""Strongly agree""}, {""value"": ""2.0"", ""label"": ""Agree""}, {""value"": ""3.0"", ""label"": ""Disagree""}, {""value"": ""4.0"", ""label"": ""Strongly disagree""}]"
59,W4School2YP,YP: YP Agreement with statement : School has helped give me confidence to make decisions,numeric,ORDINAL,-999.0 thru -1.0,"[{""value"": ""-99.0"", ""label"": ""YP not interviewed""}, {""value"": ""-92.0"", ""label"": ""Refused""}, {""value"": ""-91.0"", ""label"": ""Not applicable""}, {""value"": ""-1.0"", ""label"": ""Don't know""}, {""value"": ""1.0"", ""label"": ""Strongly agree""}, {""value"": ""2.0"", ""label"": ""Agree""}, {""value"": ""3.0"", ""label"": ""Disagree""}, {""value"": ""4.0"", ""label"": ""Strongly disagree""}]"
60,W4School3YP,YP: YP Agreement with statement : School has done little to prepare me for when I leave school,numeric,ORDINAL,-999.0 thru -1.0,"[{""value"": ""-99.0"", ""label"": ""YP not interviewed""}, {""value"": ""-92.0"", ""label"": ""Refused""}, {""value"": ""-91.0"", ""label"": ""Not applicable""}, {""value"": ""-1.0"", ""label"": ""Don't know""}, {""value"": ""1.0"", ""label"": ""Strongly agree""}, {""value"": ""2.0"", ""label"": ""Agree""}, {""value"": ""3.0"", ""label"": ""Disagree""}, {""value"": ""4.0"", ""label"": ""Strongly disagree""}]"
61,W4School4YP,YP: YP Agreement with statement : School has taught me things which would be useful in a job,numeric,ORDINAL,-999.0 thru -1.0,"[{""value"": ""-99.0"", ""label"": ""YP not interviewed""}, {""value"": ""-92.0"", ""label"": ""Refused""}, {""value"": ""-91.0"", ""label"": ""Not applicable""}, {""value"": ""-1.0"", ""label"": ""Don't know""}, {""value"": ""1.0"", ""label"": ""Strongly agree""}, {""value"": ""2.0"", ""label"": ""Agree""}, {""value"": ""3.0"", ""label"": ""Disagree""}, {""value"": ""4.0"", ""label"": ""Strongly disagree""}]"
62,W4School5YP,YP: YP Agreement with statement : My school work in Year 11 was usually worth doing,numeric,ORDINAL,-999.0 thru -1.0,"[{""value"": ""-99.0"", ""label"": ""YP not interviewed""}, {""value"": ""-92.0"", ""label"": ""Refused""}, {""value"": ""-91.0"", ""label"": ""Not applicable""}, {""value"": ""-1.0"", ""label"": ""Don't know""}, {""value"": ""1.0"", ""label"": ""Strongly agree""}, {""value"": ""2.0"", ""label"": ""Agree""}, {""value"": ""3.0"", ""label"": ""Disagree""}, {""value"": ""4.0"", ""label"": ""Strongly disagree""}]"
63,W4TlkFamYP0a,YP: Whether YP talked to family and friends about whether or not to stay in FTE after Year 11 : Parent(s),numeric,NOMINAL,-999.0 thru -1.0,"[{""value"": ""-99.0"", ""label"": ""YP not interviewed""}, {""value"": ""-92.0"", ""label"": ""Refused""}, {""value"": ""-91.0"", ""label"": ""Not applicable""}, {""value"": ""-1.0"", ""label"": ""Don't know""}, {""value"": ""0.0"", ""label"": ""Not mentioned""}, {""value"": ""1.0"", ""label"": ""Mentioned""}]"
64,W4TlkFamYP0b,YP: Whether YP talked to family and friends about whether or not to stay in FTE after Year 11 : Older brother or sister(s),numeric,NOMINAL,-999.0 thru -1.0,"[{""value"": ""-99.0"", ""label"": ""YP not interviewed""}, {""value"": ""-92.0"", ""label"": ""Refused""}, {""value"": ""-91.0"", ""label"": ""Not applicable""}, {""value"": ""-1.0"", ""label"": ""Don't know""}, {""value"": ""0.0"", ""label"": ""Not mentioned""}, {""value"": ""1.0"", ""label"": ""Mentioned""}]"
65,W4TlkFamYP0c,YP: Whether YP talked to family and friends about whether or not to stay in FTE after Year 11 : Other family member(s),numeric,NOMINAL,-999.0 thru -1.0,"[{""value"": ""-99.0"", ""label"": ""YP not interviewed""}, {""value"": ""-92.0"", ""label"": ""Refused""}, {""value"": ""-91.0"", ""label"": ""Not applicable""}, {""value"": ""-1.0"", ""label"": ""Don't know""}, {""value"": ""0.0"", ""label"": ""Not mentioned""}, {""value"": ""1.0"", ""label"": ""Mentioned""}]"
66,W4TlkFamYP0d,YP: Whether YP talked to family and friends about whether or not to stay in FTE after Year 11 : Friend(s),numeric,NOMINAL,-999.0 thru -1.0,"[{""value"": ""-99.0"", ""label"": ""YP not interviewed""}, {""value"": ""-92.0"", ""label"": ""Refused""}, {""value"": ""-91.0"", ""label"": ""Not applicable""}, {""value"": ""-1.0"", ""label"": ""Don't know""}, {""value"": ""0.0"", ""label"": ""Not mentioned""}, {""value"": ""1.0"", ""label"": ""Mentioned""}]"
67,W4TlkFamYP0e,YP: Whether YP talked to family and friends about whether or not to stay in FTE after Year 11 : No answer,numeric,NOMINAL,-999.0 thru -1.0,"[{""value"": ""-99.0"", ""label"": ""YP not interviewed""}, {""value"": ""-92.0"", ""label"": ""Refused""}, {""value"": ""-91.0"", ""label"": ""Not applicable""}, {""value"": ""-1.0"", ""label"": ""Don't know""}, {""value"": ""0.0"", ""label"": ""Not mentioned""}, {""value"": ""1.0"", ""label"": ""Mentioned""}]"
68,W4TlkFamYP0f,YP: Whether YP talked to family and friends about whether or not to stay in FTE after Year 11 : Don't know,numeric,NOMINAL,-999.0 thru -1.0,"[{""value"": ""-99.0"", ""label"": ""YP not interviewed""}, {""value"": ""-92.0"", ""label"": ""Refused""}, {""value"": ""-91.0"", ""label"": ""Not applicable""}, {""value"": ""-1.0"", ""label"": ""Don't know""}, {""value"": ""0.0"", ""label"": ""Not mentioned""}, {""value"": ""1.0"", ""label"": ""Mentioned""}]"
69,W4AdFam2YP0a,YP: Whether family member/friend told YP that they should stay on in FTE : Parent(s),numeric,NOMINAL,-999.0 thru -1.0,"[{""value"": ""-99.0"", ""label"": ""YP not interviewed""}, {""value"": ""-92.0"", ""label"": ""Refused""}, {""value"": ""-91.0"", ""label"": ""Not applicable""}, {""value"": ""-1.0"", ""label"": ""Don't know""}, {""value"": ""0.0"", ""label"": ""Not mentioned""}, {""value"": ""1.0"", ""label"": ""Mentioned""}]"
70,W4AdFam2YP0b,YP: Whether family member/friend told YP that they should stay on in FTE : Older brother or sister(s),numeric,NOMINAL,-999.0 thru -1.0,"[{""value"": ""-99.0"", ""label"": ""YP not interviewed""}, {""value"": ""-92.0"", ""label"": ""Refused""}, {""value"": ""-91.0"", ""label"": ""Not applicable""}, {""value"": ""-1.0"", ""label"": ""Don't know""}, {""value"": ""0.0"", ""label"": ""Not mentioned""}, {""value"": ""1.0"", ""label"": ""Mentioned""}]"
71,W4AdFam2YP0c,YP: Whether family member/friend told YP that they should stay on in FTE : Other family member(s),numeric,NOMINAL,-999.0 thru -1.0,"[{""value"": ""-99.0"", ""label"": ""YP not interviewed""}, {""value"": ""-92.0"", ""label"": ""Refused""}, {""value"": ""-91.0"", ""label"": ""Not applicable""}, {""value"": ""-1.0"", ""label"": ""Don't know""}, {""value"": ""0.0"", ""label"": ""Not mentioned""}, {""value"": ""1.0"", ""label"": ""Mentioned""}]"
72,W4AdFam2YP0d,YP: Whether family member/friend told YP that they should stay on in FTE : Friend(s),numeric,NOMINAL,-999.0 thru -1.0,"[{""value"": ""-99.0"", ""label"": ""YP not interviewed""}, {""value"": ""-92.0"", ""label"": ""Refused""}, {""value"": ""-91.0"", ""label"": ""Not applicable""}, {""value"": ""-1.0"", ""label"": ""Don't know""}, {""value"": ""0.0"", ""label"": ""Not mentioned""}, {""value"": ""1.0"", ""label"": ""Mentioned""}]"
73,W4AdFam2YP0e,YP: Whether family member/friend told YP that they should stay on in FTE : No answer,numeric,NOMINAL,-999.0 thru -1.0,"[{""value"": ""-99.0"", ""label"": ""YP not interviewed""}, {""value"": ""-92.0"", ""label"": ""Refused""}, {""value"": ""-91.0"", ""label"": ""Not applicable""}, {""value"": ""-1.0"", ""label"": ""Don't know""}, {""value"": ""0.0"", ""label"": ""Not mentioned""}, {""value"": ""1.0"", ""label"": ""Mentioned""}]"
74,W4AdFamYP0a,YP: Whether family member/friend influenced YP's decision whether to stay on in FTE : Parent(s),numeric,NOMINAL,-999.0 thru -1.0,"[{""value"": ""-99.0"", ""label"": ""YP not interviewed""}, {""value"": ""-92.0"", ""label"": ""Refused""}, {""value"": ""-91.0"", ""label"": ""Not applicable""}, {""value"": ""-1.0"", ""label"": ""Don't know""}, {""value"": ""0.0"", ""label"": ""Not mentioned""}, {""value"": ""1.0"", ""label"": ""Mentioned""}]"
75,W4AdFamYP0b,YP: Whether family member/friend influenced YP's decision whether to stay on in FTE : Older brother or sister(s),numeric,NOMINAL,-999.0 thru -1.0,"[{""value"": ""-99.0"", ""label"": ""YP not interviewed""}, {""value"": ""-92.0"", ""label"": ""Refused""}, {""value"": ""-91.0"", ""label"": ""Not applicable""}, {""value"": ""-1.0"", ""label"": ""Don't know""}, {""value"": ""0.0"", ""label"": ""Not mentioned""}, {""value"": ""1.0"", ""label"": ""Mentioned""}]"
76,W4AdFamYP0c,YP: Whether family member/friend influenced YP's decision whether to stay on in FTE : Other family member(s),numeric,NOMINAL,-999.0 thru -1.0,"[{""value"": ""-99.0"", ""label"": ""YP not interviewed""}, {""value"": ""-92.0"", ""label"": ""Refused""}, {""value"": ""-91.0"", ""label"": ""Not applicable""}, {""value"": ""-1.0"", ""label"": ""Don't know""}, {""value"": ""0.0"", ""label"": ""Not mentioned""}, {""value"": ""1.0"", ""label"": ""Mentioned""}]"
77,W4AdFamYP0d,YP: Whether family member/friend influenced YP's decision whether to stay on in FTE : Friend(s),numeric,NOMINAL,-999.0 thru -1.0,"[{""value"": ""-99.0"", ""label"": ""YP not interviewed""}, {""value"": ""-92.0"", ""label"": ""Refused""}, {""value"": ""-91.0"", ""label"": ""Not applicable""}, {""value"": ""-1.0"", ""label"": ""Don't know""}, {""value"": ""0.0"", ""label"": ""Not mentioned""}, {""value"": ""1.0"", ""label"": ""Mentioned""}]"
78,W4AdFamYP0e,YP: Whether family member/friend influenced YP's decision whether to stay on in FTE : No answer,numeric,NOMINAL,-999.0 thru -1.0,"[{""value"": ""-99.0"", ""label"": ""YP not interviewed""}, {""value"": ""-92.0"", ""label"": ""Refused""}, {""value"": ""-91.0"", ""label"": ""Not applicable""}, {""value"": ""-1.0"", ""label"": ""Don't know""}, {""value"": ""0.0"", ""label"": ""Not mentioned""}, {""value"": ""1.0"", ""label"": ""Mentioned""}]"
79,W4AdFamYP0f,YP: Whether family member/friend influenced YP's decision whether to stay on in FTE : Don't know,numeric,NOMINAL,-999.0 thru -1.0,"[{""value"": ""-99.0"", ""label"": ""YP not interviewed""}, {""value"": ""-92.0"", ""label"": ""Refused""}, {""value"": ""-91.0"", ""label"": ""Not applicable""}, {""value"": ""-1.0"", ""label"": ""Don't know""}, {""value"": ""0.0"", ""label"": ""Not mentioned""}, {""value"": ""1.0"", ""label"": ""Mentioned""}]"
80,W4TlkTeacYP0a,YP: Whether YP talked to teachers/careers advisors about staying in FTE : A careers adviser/teacher at your school,numeric,NOMINAL,-999.0 thru -1.0,"[{""value"": ""-99.0"", ""label"": ""YP not interviewed""}, {""value"": ""-92.0"", ""label"": ""Refused""}, {""value"": ""-91.0"", ""label"": ""Not applicable""}, {""value"": ""-1.0"", ""label"": ""Don't know""}, {""value"": ""0.0"", ""label"": ""Not mentioned""}, {""value"": ""1.0"", ""label"": ""Mentioned""}]"
81,W4TlkTeacYP0b,YP: Whether YP talked to teachers/careers advisors about staying in FTE : Other teachers at your school,numeric,NOMINAL,-999.0 thru -1.0,"[{""value"": ""-99.0"", ""label"": ""YP not interviewed""}, {""value"": ""-92.0"", ""label"": ""Refused""}, {""value"": ""-91.0"", ""label"": ""Not applicable""}, {""value"": ""-1.0"", ""label"": ""Don't know""}, {""value"": ""0.0"", ""label"": ""Not mentioned""}, {""value"": ""1.0"", ""label"": ""Mentioned""}]"
82,W4TlkTeacYP0c,YP: Whether YP talked to teachers/careers advisors about staying in FTE : A Connexions Personal Adviser,numeric,NOMINAL,-999.0 thru -1.0,"[{""value"": ""-99.0"", ""label"": ""YP not interviewed""}, {""value"": ""-92.0"", ""label"": ""Refused""}, {""value"": ""-91.0"", ""label"": ""Not applicable""}, {""value"": ""-1.0"", ""label"": ""Don't know""}, {""value"": ""0.0"", ""label"": ""Not mentioned""}, {""value"": ""1.0"", ""label"": ""Mentioned""}]"
83,W4TlkTeacYP0d,YP: Whether YP talked to teachers/careers advisors about staying in FTE : Someone else at Connexions,numeric,NOMINAL,-999.0 thru -1.0,"[{""value"": ""-99.0"", ""label"": ""YP not interviewed""}, {""value"": ""-92.0"", ""label"": ""Refused""}, {""value"": ""-91.0"", ""label"": ""Not applicable""}, {""value"": ""-1.0"", ""label"": ""Don't know""}, {""value"": ""0.0"", ""label"": ""Not mentioned""}, {""value"": ""1.0"", ""label"": ""Mentioned""}]"
84,W4TlkTeacYP0e,YP: Whether YP talked to teachers/careers advisors about staying in FTE : Someone else,numeric,NOMINAL,-999.0 thru -1.0,"[{""value"": ""-99.0"", ""label"": ""YP not interviewed""}, {""value"": ""-92.0"", ""label"": ""Refused""}, {""value"": ""-91.0"", ""label"": ""Not applicable""}, {""value"": ""-1.0"", ""label"": ""Don't know""}, {""value"": ""0.0"", ""label"": ""Not mentioned""}, {""value"": ""1.0"", ""label"": ""Mentioned""}]"
85,W4TlkTeacYP0f,YP: Whether YP talked to teachers/careers advisors about staying in FTE : Other,numeric,NOMINAL,-999.0 thru -1.0,"[{""value"": ""-99.0"", ""label"": ""YP not interviewed""}, {""value"": ""-92.0"", ""label"": ""Refused""}, {""value"": ""-91.0"", ""label"": ""Not applicable""}, {""value"": ""-1.0"", ""label"": ""Don't know""}, {""value"": ""0.0"", ""label"": ""Not mentioned""}, {""value"": ""1.0"", ""label"": ""Mentioned""}]"
86,W4TlkTeacYP0g,YP: Whether YP talked to teachers/careers advisors about staying in FTE : Don't know,numeric,NOMINAL,-999.0 thru -1.0,"[{""value"": ""-99.0"", ""label"": ""YP not interviewed""}, {""value"": ""-92.0"", ""label"": ""Refused""}, {""value"": ""-91.0"", ""label"": ""Not applicable""}, {""value"": ""-1.0"", ""label"": ""Don't know""}, {""value"": ""0.0"", ""label"": ""Not mentioned""}, {""value"": ""1.0"", ""label"": ""Mentioned""}]"
87,W4TlkTeacYP0h,YP: Whether YP talked to teachers/careers advisors about staying in FTE : No answer,numeric,NOMINAL,-999.0 thru -1.0,"[{""value"": ""-99.0"", ""label"": ""YP not interviewed""}, {""value"": ""-92.0"", ""label"": ""Refused""}, {""value"": ""-91.0"", ""label"": ""Not applicable""}, {""value"": ""-1.0"", ""label"": ""Don't know""}, {""value"": ""0.0"", ""label"": ""Not mentioned""}, {""value"": ""1.0"", ""label"": ""Mentioned""}]"
88,W4AdTeac2YP0a,YP: Whether teacher/careers advisor told YP that they should stay on in FTE : A careers adviser at school,numeric,NOMINAL,-999.0 thru -1.0,"[{""value"": ""-99.0"", ""label"": ""YP not interviewed""}, {""value"": ""-92.0"", ""label"": ""Refused""}, {""value"": ""-91.0"", ""label"": ""Not applicable""}, {""value"": ""-1.0"", ""label"": ""Don't know""}, {""value"": ""0.0"", ""label"": ""Not mentioned""}, {""value"": ""1.0"", ""label"": ""Mentioned""}]"
89,W4AdTeac2YP0b,YP: Whether teacher/careers advisor told YP that they should stay on in FTE : Other teachers at your school,numeric,NOMINAL,-999.0 thru -1.0,"[{""value"": ""-99.0"", ""label"": ""YP not interviewed""}, {""value"": ""-92.0"", ""label"": ""Refused""}, {""value"": ""-91.0"", ""label"": ""Not applicable""}, {""value"": ""-1.0"", ""label"": ""Don't know""}, {""value"": ""0.0"", ""label"": ""Not mentioned""}, {""value"": ""1.0"", ""label"": ""Mentioned""}]"
90,W4AdTeac2YP0c,YP: Whether teacher/careers advisor told YP that they should stay on in FTE : A Connexions Personal Adviser,numeric,NOMINAL,-999.0 thru -1.0,"[{""value"": ""-99.0"", ""label"": ""YP not interviewed""}, {""value"": ""-92.0"", ""label"": ""Refused""}, {""value"": ""-91.0"", ""label"": ""Not applicable""}, {""value"": ""-1.0"", ""label"": ""Don't know""}, {""value"": ""0.0"", ""label"": ""Not mentioned""}, {""value"": ""1.0"", ""label"": ""Mentioned""}]"
91,W4AdTeac2YP0d,YP: Whether teacher/careers advisor told YP that they should stay on in FTE : Someone else at Connexions,numeric,NOMINAL,-999.0 thru -1.0,"[{""value"": ""-99.0"", ""label"": ""YP not interviewed""}, {""value"": ""-92.0"", ""label"": ""Refused""}, {""value"": ""-91.0"", ""label"": ""Not applicable""}, {""value"": ""-1.0"", ""label"": ""Don't know""}, {""value"": ""0.0"", ""label"": ""Not mentioned""}, {""value"": ""1.0"", ""label"": ""Mentioned""}]"
92,W4AdTeac2YP0e,YP: Whether teacher/careers advisor told YP that they should stay on in FTE : Someone else,numeric,NOMINAL,-999.0 thru -1.0,"[{""value"": ""-99.0"", ""label"": ""YP not interviewed""}, {""value"": ""-92.0"", ""label"": ""Refused""}, {""value"": ""-91.0"", ""label"": ""Not applicable""}, {""value"": ""-1.0"", ""label"": ""Don't know""}, {""value"": ""0.0"", ""label"": ""Not mentioned""}, {""value"": ""1.0"", ""label"": ""Mentioned""}]"
93,W4AdTeac2YP0f,YP: Whether teacher/careers advisor told YP that they should stay on in FTE : Other,numeric,NOMINAL,-999.0 thru -1.0,"[{""value"": ""-99.0"", ""label"": ""YP not interviewed""}, {""value"": ""-92.0"", ""label"": ""Refused""}, {""value"": ""-91.0"", ""label"": ""Not applicable""}, {""value"": ""-1.0"", ""label"": ""Don't know""}, {""value"": ""0.0"", ""label"": ""Not mentioned""}, {""value"": ""1.0"", ""label"": ""Mentioned""}]"
94,W4AdTeac2YP0g,YP: Whether teacher/careers advisor told YP that they should stay on in FTE : Don't know,numeric,NOMINAL,-999.0 thru -1.0,"[{""value"": ""-99.0"", ""label"": ""YP not interviewed""}, {""value"": ""-92.0"", ""label"": ""Refused""}, {""value"": ""-91.0"", ""label"": ""Not applicable""}, {""value"": ""-1.0"", ""label"": ""Don't know""}, {""value"": ""0.0"", ""label"": ""Not mentioned""}, {""value"": ""1.0"", ""label"": ""Mentioned""}]"
95,W4AdTeac2YP0h,YP: Whether teacher/careers advisor told YP that they should stay on in FTE : No answer,numeric,NOMINAL,-999.0 thru -1.0,"[{""value"": ""-99.0"", ""label"": ""YP not interviewed""}, {""value"": ""-92.0"", ""label"": ""Refused""}, {""value"": ""-91.0"", ""label"": ""Not applicable""}, {""value"": ""-1.0"", ""label"": ""Don't know""}, {""value"": ""0.0"", ""label"": ""Not mentioned""}, {""value"": ""1.0"", ""label"": ""Mentioned""}]"
96,W4AdTeacYP0a,YP: Whether teacher/careers advisor influenced YPs decision whether to stay on in FTE : A careers adviser at school,numeric,NOMINAL,-999.0 thru -1.0,"[{""value"": ""-99.0"", ""label"": ""YP not interviewed""}, {""value"": ""-92.0"", ""label"": ""Refused""}, {""value"": ""-91.0"", ""label"": ""Not applicable""}, {""value"": ""-1.0"", ""label"": ""Don't know""}, {""value"": ""0.0"", ""label"": ""Not mentioned""}, {""value"": ""1.0"", ""label"": ""Mentioned""}]"
97,W4AdTeacYP0b,YP: Whether teacher/careers advisor influenced YP's decision whether to stay on in FTE : Other teachers at your school,numeric,NOMINAL,-999.0 thru -1.0,"[{""value"": ""-99.0"", ""label"": ""YP not interviewed""}, {""value"": ""-92.0"", ""label"": ""Refused""}, {""value"": ""-91.0"", ""label"": ""Not applicable""}, {""value"": ""-1.0"", ""label"": ""Don't know""}, {""value"": ""0.0"", ""label"": ""Not mentioned""}, {""value"": ""1.0"", ""label"": ""Mentioned""}]"
98,W4AdTeacYP0c,YP: Whether teacher/careers advisor influenced YP's decision whether to stay on in FTE : A Connexions Personal Adviser,numeric,NOMINAL,-999.0 thru -1.0,"[{""value"": ""-99.0"", ""label"": ""YP not interviewed""}, {""value"": ""-92.0"", ""label"": ""Refused""}, {""value"": ""-91.0"", ""label"": ""Not applicable""}, {""value"": ""-1.0"", ""label"": ""Don't know""}, {""value"": ""0.0"", ""label"": ""Not mentioned""}, {""value"": ""1.0"", ""label"": ""Mentioned""}]"
99,W4AdTeacYP0d,YP: Whether teacher/careers advisor influenced YP's decision whether to stay on in FTE : Someone else at Connexions,numeric,NOMINAL,-999.0 thru -1.0,"[{""value"": ""-99.0"", ""label"": ""YP not interviewed""}, {""value"": ""-92.0"", ""label"": ""Refused""}, {""value"": ""-91.0"", ""label"": ""Not applicable""}, {""value"": ""-1.0"", ""label"": ""Don't know""}, {""value"": ""0.0"", ""label"": ""Not mentioned""}, {""value"": ""1.0"", ""label"": ""Mentioned""}]"
100,W4AdTeacYP0e,YP: Whether teacher/careers advisor influenced YP's decision whether to stay on in FTE : Someone else,numeric,NOMINAL,-999.0 thru -1.0,"[{""value"": ""-99.0"", ""label"": ""YP not interviewed""}, {""value"": ""-92.0"", ""label"": ""Refused""}, {""value"": ""-91.0"", ""label"": ""Not applicable""}, {""value"": ""-1.0"", ""label"": ""Don't know""}, {""value"": ""0.0"", ""label"": ""Not mentioned""}, {""value"": ""1.0"", ""label"": ""Mentioned""}]"
101,W4AdTeacYP0f,YP: Whether teacher/careers advisor influenced YP's decision whether to stay on in FTE : Other,numeric,NOMINAL,-999.0 thru -1.0,"[{""value"": ""-99.0"", ""label"": ""YP not interviewed""}, {""value"": ""-92.0"", ""label"": ""Refused""}, {""value"": ""-91.0"", ""label"": ""Not applicable""}, {""value"": ""-1.0"", ""label"": ""Don't know""}, {""value"": ""0.0"", ""label"": ""Not mentioned""}, {""value"": ""1.0"", ""label"": ""Mentioned""}]"
102,W4AdTeacYP0g,YP: Whether teacher/careers advisor influenced YP's decision whether to stay on in FTE : Don't know,numeric,NOMINAL,-999.0 thru -1.0,"[{""value"": ""-99.0"", ""label"": ""YP not interviewed""}, {""value"": ""-92.0"", ""label"": ""Refused""}, {""value"": ""-91.0"", ""label"": ""Not applicable""}, {""value"": ""-1.0"", ""label"": ""Don't know""}, {""value"": ""0.0"", ""label"": ""Not mentioned""}, {""value"": ""1.0"", ""label"": ""Mentioned""}]"
103,W4AdTeacYP0h,YP: Whether teacher/careers advisor influenced YP's decision whether to stay on in FTE : No answer,numeric,NOMINAL,-999.0 thru -1.0,"[{""value"": ""-99.0"", ""label"": ""YP not interviewed""}, {""value"": ""-92.0"", ""label"": ""Refused""}, {""value"": ""-91.0"", ""label"": ""Not applicable""}, {""value"": ""-1.0"", ""label"": ""Don't know""}, {""value"": ""0.0"", ""label"": ""Not mentioned""}, {""value"": ""1.0"", ""label"": ""Mentioned""}]"
104,W4TlkTAppYP0a,YP: Whether YP talked to teacher/careers advisors about possibility of an apprenticeship : A careers adviser at school,numeric,NOMINAL,-999.0 thru -1.0,"[{""value"": ""-99.0"", ""label"": ""YP not interviewed""}, {""value"": ""-92.0"", ""label"": ""Refused""}, {""value"": ""-91.0"", ""label"": ""Not applicable""}, {""value"": ""-1.0"", ""label"": ""Don't know""}, {""value"": ""0.0"", ""label"": ""Not mentioned""}, {""value"": ""1.0"", ""label"": ""Mentioned""}]"
105,W4TlkTAppYP0b,YP: Whether YP talked to teacher/careers advisors about possibility of an apprenticeship : Other teachers at your school,numeric,NOMINAL,-999.0 thru -1.0,"[{""value"": ""-99.0"", ""label"": ""YP not interviewed""}, {""value"": ""-92.0"", ""label"": ""Refused""}, {""value"": ""-91.0"", ""label"": ""Not applicable""}, {""value"": ""-1.0"", ""label"": ""Don't know""}, {""value"": ""0.0"", ""label"": ""Not mentioned""}, {""value"": ""1.0"", ""label"": ""Mentioned""}]"
106,W4TlkTAppYP0c,YP: Whether YP talked to teacher/careers advisors about possibility of an apprenticeship : A Connexions Personal Adviser,numeric,NOMINAL,-999.0 thru -1.0,"[{""value"": ""-99.0"", ""label"": ""YP not interviewed""}, {""value"": ""-92.0"", ""label"": ""Refused""}, {""value"": ""-91.0"", ""label"": ""Not applicable""}, {""value"": ""-1.0"", ""label"": ""Don't know""}, {""value"": ""0.0"", ""label"": ""Not mentioned""}, {""value"": ""1.0"", ""label"": ""Mentioned""}]"
107,W4TlkTAppYP0d,YP: Whether YP talked to teacher/careers advisors about possibility of an apprenticeship : Someone else at Connexions,numeric,NOMINAL,-999.0 thru -1.0,"[{""value"": ""-99.0"", ""label"": ""YP not interviewed""}, {""value"": ""-92.0"", ""label"": ""Refused""}, {""value"": ""-91.0"", ""label"": ""Not applicable""}, {""value"": ""-1.0"", ""label"": ""Don't know""}, {""value"": ""0.0"", ""label"": ""Not mentioned""}, {""value"": ""1.0"", ""label"": ""Mentioned""}]"
108,W4TlkTAppYP0e,YP: Whether YP talked to teacher/careers advisors about possibility of an apprenticeship : Someone else,numeric,NOMINAL,-999.0 thru -1.0,"[{""value"": ""-99.0"", ""label"": ""YP not interviewed""}, {""value"": ""-92.0"", ""label"": ""Refused""}, {""value"": ""-91.0"", ""label"": ""Not applicable""}, {""value"": ""-1.0"", ""label"": ""Don't know""}, {""value"": ""0.0"", ""label"": ""Not mentioned""}, {""value"": ""1.0"", ""label"": ""Mentioned""}]"
109,W4TlkTAppYP0f,YP: Whether YP talked to teacher/careers advisors about possibility of an apprenticeship : Other,numeric,NOMINAL,-999.0 thru -1.0,"[{""value"": ""-99.0"", ""label"": ""YP not interviewed""}, {""value"": ""-92.0"", ""label"": ""Refused""}, {""value"": ""-91.0"", ""label"": ""Not applicable""}, {""value"": ""-1.0"", ""label"": ""Don't know""}, {""value"": ""0.0"", ""label"": ""Not mentioned""}, {""value"": ""1.0"", ""label"": ""Mentioned""}]"
110,W4TlkTAppYP0g,YP: Whether YP talked to teacher/careers advisors about possibility of an apprenticeship : Don't know,numeric,NOMINAL,-999.0 thru -1.0,"[{""value"": ""-99.0"", ""label"": ""YP not interviewed""}, {""value"": ""-92.0"", ""label"": ""Refused""}, {""value"": ""-91.0"", ""label"": ""Not applicable""}, {""value"": ""-1.0"", ""label"": ""Don't know""}, {""value"": ""0.0"", ""label"": ""Not mentioned""}, {""value"": ""1.0"", ""label"": ""Mentioned""}]"
111,W4TlkTAppYP0h,YP: Whether YP talked to teacher/careers advisors about possibility of an apprenticeship : No answer,numeric,NOMINAL,-999.0 thru -1.0,"[{""value"": ""-99.0"", ""label"": ""YP not interviewed""}, {""value"": ""-92.0"", ""label"": ""Refused""}, {""value"": ""-91.0"", ""label"": ""Not applicable""}, {""value"": ""-1.0"", ""label"": ""Don't know""}, {""value"": ""0.0"", ""label"": ""Not mentioned""}, {""value"": ""1.0"", ""label"": ""Mentioned""}]"
112,W4AdApp2YP0a,YP: Whether teacher/careers advisor told YP that they should get an apprenticeship : A careers adviser at school,numeric,NOMINAL,-999.0 thru -1.0,"[{""value"": ""-99.0"", ""label"": ""YP not interviewed""}, {""value"": ""-92.0"", ""label"": ""Refused""}, {""value"": ""-91.0"", ""label"": ""Not applicable""}, {""value"": ""-1.0"", ""label"": ""Don't know""}, {""value"": ""0.0"", ""label"": ""Not mentioned""}, {""value"": ""1.0"", ""label"": ""Mentioned""}]"
113,W4AdApp2YP0b,YP: Whether teacher/careers advisor told YP that they should get an apprenticeship : Other teachers at your school,numeric,NOMINAL,-999.0 thru -1.0,"[{""value"": ""-99.0"", ""label"": ""YP not interviewed""}, {""value"": ""-92.0"", ""label"": ""Refused""}, {""value"": ""-91.0"", ""label"": ""Not applicable""}, {""value"": ""-1.0"", ""label"": ""Don't know""}, {""value"": ""0.0"", ""label"": ""Not mentioned""}, {""value"": ""1.0"", ""label"": ""Mentioned""}]"
114,W4AdApp2YP0c,YP: Whether teacher/careers advisor told YP that they should get an apprenticeship : A Connexions Personal Adviser,numeric,NOMINAL,-999.0 thru -1.0,"[{""value"": ""-99.0"", ""label"": ""YP not interviewed""}, {""value"": ""-92.0"", ""label"": ""Refused""}, {""value"": ""-91.0"", ""label"": ""Not applicable""}, {""value"": ""-1.0"", ""label"": ""Don't know""}, {""value"": ""0.0"", ""label"": ""Not mentioned""}, {""value"": ""1.0"", ""label"": ""Mentioned""}]"
115,W4AdApp2YP0d,YP: Whether teacher/careers advisor told YP that they should get an apprenticeship : Someone else at Connexions,numeric,NOMINAL,-999.0 thru -1.0,"[{""value"": ""-99.0"", ""label"": ""YP not interviewed""}, {""value"": ""-92.0"", ""label"": ""Refused""}, {""value"": ""-91.0"", ""label"": ""Not applicable""}, {""value"": ""-1.0"", ""label"": ""Don't know""}, {""value"": ""0.0"", ""label"": ""Not mentioned""}, {""value"": ""1.0"", ""label"": ""Mentioned""}]"
116,W4AdApp2YP0e,YP: Whether teacher/careers advisor told YP that they should get an apprenticeship : Someone else,numeric,NOMINAL,-999.0 thru -1.0,"[{""value"": ""-99.0"", ""label"": ""YP not interviewed""}, {""value"": ""-92.0"", ""label"": ""Refused""}, {""value"": ""-91.0"", ""label"": ""Not applicable""}, {""value"": ""-1.0"", ""label"": ""Don't know""}, {""value"": ""0.0"", ""label"": ""Not mentioned""}, {""value"": ""1.0"", ""label"": ""Mentioned""}]"
117,W4AdApp2YP0f,YP: Whether teacher/careers advisor told YP that they should get an apprenticeship : Other,numeric,NOMINAL,-999.0 thru -1.0,"[{""value"": ""-99.0"", ""label"": ""YP not interviewed""}, {""value"": ""-92.0"", ""label"": ""Refused""}, {""value"": ""-91.0"", ""label"": ""Not applicable""}, {""value"": ""-1.0"", ""label"": ""Don't know""}, {""value"": ""0.0"", ""label"": ""Not mentioned""}, {""value"": ""1.0"", ""label"": ""Mentioned""}]"
118,W4AdApp2YP0g,YP: Whether teacher/careers advisor told YP that they should get an apprenticeship : Don't know,numeric,NOMINAL,-999.0 thru -1.0,"[{""value"": ""-99.0"", ""label"": ""YP not interviewed""}, {""value"": ""-92.0"", ""label"": ""Refused""}, {""value"": ""-91.0"", ""label"": ""Not applicable""}, {""value"": ""-1.0"", ""label"": ""Don't know""}, {""value"": ""0.0"", ""label"": ""Not mentioned""}, {""value"": ""1.0"", ""label"": ""Mentioned""}]"
119,W4AdApp2YP0h,YP: Whether teacher/careers advisor told YP that they should get an apprenticeship : No answer,numeric,NOMINAL,-999.0 thru -1.0,"[{""value"": ""-99.0"", ""label"": ""YP not interviewed""}, {""value"": ""-92.0"", ""label"": ""Refused""}, {""value"": ""-91.0"", ""label"": ""Not applicable""}, {""value"": ""-1.0"", ""label"": ""Don't know""}, {""value"": ""0.0"", ""label"": ""Not mentioned""}, {""value"": ""1.0"", ""label"": ""Mentioned""}]"
120,W4AdAppYP0a,YP: Whether teacher/careers advisor influenced YPs decision about apprenticeship : A careers adviser at school,numeric,NOMINAL,-999.0 thru -1.0,"[{""value"": ""-99.0"", ""label"": ""YP not interviewed""}, {""value"": ""-92.0"", ""label"": ""Refused""}, {""value"": ""-91.0"", ""label"": ""Not applicable""}, {""value"": ""-1.0"", ""label"": ""Don't know""}, {""value"": ""0.0"", ""label"": ""Not mentioned""}, {""value"": ""1.0"", ""label"": ""Mentioned""}]"
121,W4AdAppYP0b,YP: Whether teacher/careers advisor influenced YP's decision about apprenticeship : Other teachers at your school,numeric,NOMINAL,-999.0 thru -1.0,"[{""value"": ""-99.0"", ""label"": ""YP not interviewed""}, {""value"": ""-92.0"", ""label"": ""Refused""}, {""value"": ""-91.0"", ""label"": ""Not applicable""}, {""value"": ""-1.0"", ""label"": ""Don't know""}, {""value"": ""0.0"", ""label"": ""Not mentioned""}, {""value"": ""1.0"", ""label"": ""Mentioned""}]"
122,W4AdAppYP0c,YP: Whether teacher/careers advisor influenced YP's decision about apprenticeship : A Connexions Personal Adviser,numeric,NOMINAL,-999.0 thru -1.0,"[{""value"": ""-99.0"", ""label"": ""YP not interviewed""}, {""value"": ""-92.0"", ""label"": ""Refused""}, {""value"": ""-91.0"", ""label"": ""Not applicable""}, {""value"": ""-1.0"", ""label"": ""Don't know""}, {""value"": ""0.0"", ""label"": ""Not mentioned""}, {""value"": ""1.0"", ""label"": ""Mentioned""}]"
123,W4AdAppYP0d,YP: Whether teacher/careers advisor influenced YP's decision about apprenticeship : Someone else at Connexions,numeric,NOMINAL,-999.0 thru -1.0,"[{""value"": ""-99.0"", ""label"": ""YP not interviewed""}, {""value"": ""-92.0"", ""label"": ""Refused""}, {""value"": ""-91.0"", ""label"": ""Not applicable""}, {""value"": ""-1.0"", ""label"": ""Don't know""}, {""value"": ""0.0"", ""label"": ""Not mentioned""}, {""value"": ""1.0"", ""label"": ""Mentioned""}]"
124,W4AdAppYP0e,YP: Whether teacher/careers advisor influenced YP's decision about apprenticeship : Someone else,numeric,NOMINAL,-999.0 thru -1.0,"[{""value"": ""-99.0"", ""label"": ""YP not interviewed""}, {""value"": ""-92.0"", ""label"": ""Refused""}, {""value"": ""-91.0"", ""label"": ""Not applicable""}, {""value"": ""-1.0"", ""label"": ""Don't know""}, {""value"": ""0.0"", ""label"": ""Not mentioned""}, {""value"": ""1.0"", ""label"": ""Mentioned""}]"
125,W4AdAppYP0f,YP: Whether teacher/careers advisor influenced YP's decision about apprenticeship : Other,numeric,NOMINAL,-999.0 thru -1.0,"[{""value"": ""-99.0"", ""label"": ""YP not interviewed""}, {""value"": ""-92.0"", ""label"": ""Refused""}, {""value"": ""-91.0"", ""label"": ""Not applicable""}, {""value"": ""-1.0"", ""label"": ""Don't know""}, {""value"": ""0.0"", ""label"": ""Not mentioned""}, {""value"": ""1.0"", ""label"": ""Mentioned""}]"
126,W4AdAppYP0g,YP: Whether teacher/careers advisor influenced YP's decision about apprenticeship : Don't know,numeric,NOMINAL,-999.0 thru -1.0,"[{""value"": ""-99.0"", ""label"": ""YP not interviewed""}, {""value"": ""-92.0"", ""label"": ""Refused""}, {""value"": ""-91.0"", ""label"": ""Not applicable""}, {""value"": ""-1.0"", ""label"": ""Don't know""}, {""value"": ""0.0"", ""label"": ""Not mentioned""}, {""value"": ""1.0"", ""label"": ""Mentioned""}]"
127,W4AdAppYP0h,YP: Whether teacher/careers advisor influenced YP's decision about apprenticeship : No answer,numeric,NOMINAL,-999.0 thru -1.0,"[{""value"": ""-99.0"", ""label"": ""YP not interviewed""}, {""value"": ""-92.0"", ""label"": ""Refused""}, {""value"": ""-91.0"", ""label"": ""Not applicable""}, {""value"": ""-1.0"", ""label"": ""Don't know""}, {""value"": ""0.0"", ""label"": ""Not mentioned""}, {""value"": ""1.0"", ""label"": ""Mentioned""}]"
128,W4MainActYP,YP: Current main activity of YP (first options),numeric,NOMINAL,-999.0 thru -1.0,"[{""value"": ""-99.0"", ""label"": ""YP not interviewed""}, {""value"": ""-92.0"", ""label"": ""Refused""}, {""value"": ""-91.0"", ""label"": ""Not applicable""}, {""value"": ""-1.0"", ""label"": ""Don't know""}, {""value"": ""1.0"", ""label"": ""Going to a school or college full time""}, {""value"": ""2.0"", ""label"": ""In full-time paid work (30 or more hours a week)""}, {""value"": ""3.0"", ""label"": ""Spending part of the week at a college, part of it with an e""}, {""value"": ""4.0"", ""label"": ""On a training course or Apprenticeship""}, {""value"": ""5.0"", ""label"": ""Something else""}]"
129,W4MainAct2YP,YP: Current main activity of YP (second options) :,numeric,NOMINAL,-999.0 thru -1.0,"[{""value"": ""-99.0"", ""label"": ""YP not interviewed""}, {""value"": ""-92.0"", ""label"": ""Refused""}, {""value"": ""-91.0"", ""label"": ""Not applicable""}, {""value"": ""-1.0"", ""label"": ""Don't know""}, {""value"": ""1.0"", ""label"": ""Unemployed/looking for work""}, {""value"": ""2.0"", ""label"": ""Looking after home or family full-time""}, {""value"": ""3.0"", ""label"": ""In part-time job""}, {""value"": ""4.0"", ""label"": ""Other""}]"
130,W4TrainPlan3YP,YP: Whether YP's training or apprenticeship is part of full or part time job,numeric,NOMINAL,-999.0 thru -1.0,"[{""value"": ""-99.0"", ""label"": ""YP not interviewed""}, {""value"": ""-92.0"", ""label"": ""Refused""}, {""value"": ""-91.0"", ""label"": ""Not applicable""}, {""value"": ""-1.0"", ""label"": ""Don't know""}, {""value"": ""1.0"", ""label"": ""Full time job""}, {""value"": ""2.0"", ""label"": ""Part time job""}, {""value"": ""3.0"", ""label"": ""Not part of any job""}]"
131,W4TrainLoc1YP,YP: Whether YP's Apprenticeship is a full time course at college,numeric,NOMINAL,-999.0 thru -1.0,"[{""value"": ""-99.0"", ""label"": ""YP not interviewed""}, {""value"": ""-92.0"", ""label"": ""Refused""}, {""value"": ""-91.0"", ""label"": ""Not applicable""}, {""value"": ""-1.0"", ""label"": ""Don't know""}, {""value"": ""1.0"", ""label"": ""Yes""}, {""value"": ""2.0"", ""label"": ""No""}]"
132,W4TrainLoc2YP,YP: Whether YP's Apprenticeship involves periods of study at college or training centre,numeric,NOMINAL,-999.0 thru -1.0,"[{""value"": ""-99.0"", ""label"": ""YP not interviewed""}, {""value"": ""-92.0"", ""label"": ""Refused""}, {""value"": ""-91.0"", ""label"": ""Not applicable""}, {""value"": ""-1.0"", ""label"": ""Don't know""}, {""value"": ""1.0"", ""label"": ""Yes""}, {""value"": ""2.0"", ""label"": ""No""}]"
133,W4HarmChkYP,YP: Whether YP is in any kind of paid employment,numeric,NOMINAL,-999.0 thru -1.0,"[{""value"": ""-99.0"", ""label"": ""YP not interviewed""}, {""value"": ""-92.0"", ""label"": ""Refused""}, {""value"": ""-91.0"", ""label"": ""Not applicable""}, {""value"": ""-1.0"", ""label"": ""Don't know""}, {""value"": ""1.0"", ""label"": ""Yes""}, {""value"": ""2.0"", ""label"": ""No""}]"
134,W4OldSkuleYP,YP: Whether YP is in same school as year 11,numeric,NOMINAL,-999.0 thru -1.0,"[{""value"": ""-99.0"", ""label"": ""YP not interviewed""}, {""value"": ""-92.0"", ""label"": ""Refused""}, {""value"": ""-91.0"", ""label"": ""Not applicable""}, {""value"": ""-1.0"", ""label"": ""Don't know""}, {""value"": ""1.0"", ""label"": ""Yes""}, {""value"": ""2.0"", ""label"": ""No""}]"
135,W4ResPSfinYYP0a,YP: Reasons why YP left last school : It did not have a 6th form,numeric,NOMINAL,-999.0 thru -1.0,"[{""value"": ""-99.0"", ""label"": ""YP not interviewed""}, {""value"": ""-92.0"", ""label"": ""Refused""}, {""value"": ""-91.0"", ""label"": ""Not applicable""}, {""value"": ""-1.0"", ""label"": ""Don't know""}, {""value"": ""0.0"", ""label"": ""Not mentioned""}, {""value"": ""1.0"", ""label"": ""Mentioned""}]"
136,W4ResPSfinYYP0b,YP: Reasons why YP left last school : It didn't offer the courses YP wanted to do,numeric,NOMINAL,-999.0 thru -1.0,"[{""value"": ""-99.0"", ""label"": ""YP not interviewed""}, {""value"": ""-92.0"", ""label"": ""Refused""}, {""value"": ""-91.0"", ""label"": ""Not applicable""}, {""value"": ""-1.0"", ""label"": ""Don't know""}, {""value"": ""0.0"", ""label"": ""Not mentioned""}, {""value"": ""1.0"", ""label"": ""Mentioned""}]"
137,W4ResPSfinYYP0c,YP: Reasons why YP left last school : YP's parents wanted them to change school,numeric,NOMINAL,-999.0 thru -1.0,"[{""value"": ""-99.0"", ""label"": ""YP not interviewed""}, {""value"": ""-92.0"", ""label"": ""Refused""}, {""value"": ""-91.0"", ""label"": ""Not applicable""}, {""value"": ""-1.0"", ""label"": ""Don't know""}, {""value"": ""0.0"", ""label"": ""Not mentioned""}, {""value"": ""1.0"", ""label"": ""Mentioned""}]"
138,W4ResPSfinYYP0d,YP: Reasons why YP left last school : YP wanted to study at a 6th form college,numeric,NOMINAL,-999.0 thru -1.0,"[{""value"": ""-99.0"", ""label"": ""YP not interviewed""}, {""value"": ""-92.0"", ""label"": ""Refused""}, {""value"": ""-91.0"", ""label"": ""Not applicable""}, {""value"": ""-1.0"", ""label"": ""Don't know""}, {""value"": ""0.0"", ""label"": ""Not mentioned""}, {""value"": ""1.0"", ""label"": ""Mentioned""}]"
139,W4ResPSfinYYP0e,YP: Reasons why YP left last school : YP wanted to go to an FE college,numeric,NOMINAL,-999.0 thru -1.0,"[{""value"": ""-99.0"", ""label"": ""YP not interviewed""}, {""value"": ""-92.0"", ""label"": ""Refused""}, {""value"": ""-91.0"", ""label"": ""Not applicable""}, {""value"": ""-1.0"", ""label"": ""Don't know""}, {""value"": ""0.0"", ""label"": ""Not mentioned""}, {""value"": ""1.0"", ""label"": ""Mentioned""}]"
140,W4ResPSfinYYP0f,YP: Reasons why YP left last school : Other reason,numeric,NOMINAL,-999.0 thru -1.0,"[{""value"": ""-99.0"", ""label"": ""YP not interviewed""}, {""value"": ""-92.0"", ""label"": ""Refused""}, {""value"": ""-91.0"", ""label"": ""Not applicable""}, {""value"": ""-1.0"", ""label"": ""Don't know""}, {""value"": ""0.0"", ""label"": ""Not mentioned""}, {""value"": ""1.0"", ""label"": ""Mentioned""}]"
141,W4ResPSfinYYP0g,YP: Reasons why YP left last school : Refusal,numeric,NOMINAL,-999.0 thru -1.0,"[{""value"": ""-99.0"", ""label"": ""YP not interviewed""}, {""value"": ""-92.0"", ""label"": ""Refused""}, {""value"": ""-91.0"", ""label"": ""Not applicable""}, {""value"": ""-1.0"", ""label"": ""Don't know""}, {""value"": ""0.0"", ""label"": ""Not mentioned""}, {""value"": ""1.0"", ""label"": ""Mentioned""}]"
142,W4ResPSfinYYP0h,YP: Reasons why YP left last school : Don't know,numeric,NOMINAL,-999.0 thru -1.0,"[{""value"": ""-99.0"", ""label"": ""YP not interviewed""}, {""value"": ""-92.0"", ""label"": ""Refused""}, {""value"": ""-91.0"", ""label"": ""Not applicable""}, {""value"": ""-1.0"", ""label"": ""Don't know""}, {""value"": ""0.0"", ""label"": ""Not mentioned""}, {""value"": ""1.0"", ""label"": ""Mentioned""}]"
143,W4ResParYP0a,YP: Parents' reasons for wanting YP to change school : Exam results were bad at my old school,numeric,NOMINAL,-999.0 thru -1.0,"[{""value"": ""-99.0"", ""label"": ""YP not interviewed""}, {""value"": ""-92.0"", ""label"": ""Refused""}, {""value"": ""-91.0"", ""label"": ""Not applicable""}, {""value"": ""-1.0"", ""label"": ""Don't know""}, {""value"": ""0.0"", ""label"": ""Not mentioned""}, {""value"": ""1.0"", ""label"": ""Mentioned""}]"
144,W4ResParYP0b,YP: Parents' reasons for wanting YP to change school : The teaching wasn't good enough at my old school,numeric,NOMINAL,-999.0 thru -1.0,"[{""value"": ""-99.0"", ""label"": ""YP not interviewed""}, {""value"": ""-92.0"", ""label"": ""Refused""}, {""value"": ""-91.0"", ""label"": ""Not applicable""}, {""value"": ""-1.0"", ""label"": ""Don't know""}, {""value"": ""0.0"", ""label"": ""Not mentioned""}, {""value"": ""1.0"", ""label"": ""Mentioned""}]"
145,W4ResParYP0c,YP: Parents' reasons for wanting YP to change school : There were discipline problems with other pupils there,numeric,NOMINAL,-999.0 thru -1.0,"[{""value"": ""-99.0"", ""label"": ""YP not interviewed""}, {""value"": ""-92.0"", ""label"": ""Refused""}, {""value"": ""-91.0"", ""label"": ""Not applicable""}, {""value"": ""-1.0"", ""label"": ""Don't know""}, {""value"": ""0.0"", ""label"": ""Not mentioned""}, {""value"": ""1.0"", ""label"": ""Mentioned""}]"
146,W4ResParYP0d,YP: Parents' reasons for wanting YP to change school : There was bullying there,numeric,NOMINAL,-999.0 thru -1.0,"[{""value"": ""-99.0"", ""label"": ""YP not interviewed""}, {""value"": ""-92.0"", ""label"": ""Refused""}, {""value"": ""-91.0"", ""label"": ""Not applicable""}, {""value"": ""-1.0"", ""label"": ""Don't know""}, {""value"": ""0.0"", ""label"": ""Not mentioned""}, {""value"": ""1.0"", ""label"": ""Mentioned""}]"
147,W4ResParYP0e,YP: Parents' reasons for wanting YP to change school : Financial reasons,numeric,NOMINAL,-999.0 thru -1.0,"[{""value"": ""-99.0"", ""label"": ""YP not interviewed""}, {""value"": ""-92.0"", ""label"": ""Refused""}, {""value"": ""-91.0"", ""label"": ""Not applicable""}, {""value"": ""-1.0"", ""label"": ""Don't know""}, {""value"": ""0.0"", ""label"": ""Not mentioned""}, {""value"": ""1.0"", ""label"": ""Mentioned""}]"
148,W4ResParYP0f,YP: Parents' reasons for wanting YP to change school : Or for another reason,numeric,NOMINAL,-999.0 thru -1.0,"[{""value"": ""-99.0"", ""label"": ""YP not interviewed""}, {""value"": ""-92.0"", ""label"": ""Refused""}, {""value"": ""-91.0"", ""label"": ""Not applicable""}, {""value"": ""-1.0"", ""label"": ""Don't know""}, {""value"": ""0.0"", ""label"": ""Not mentioned""}, {""value"": ""1.0"", ""label"": ""Mentioned""}]"
149,W4ScollegeYP,YP: Type of educational institution YP attends,numeric,NOMINAL,-999.0 thru -1.0,"[{""value"": ""-99.0"", ""label"": ""YP not interviewed""}, {""value"": ""-92.0"", ""label"": ""Refused""}, {""value"": ""-91.0"", ""label"": ""Not applicable""}, {""value"": ""-1.0"", ""label"": ""Don't know""}, {""value"": ""1.0"", ""label"": ""School - Maintained""}, {""value"": ""2.0"", ""label"": ""School - Independent""}, {""value"": ""3.0"", ""label"": ""Sixth Form College""}, {""value"": ""4.0"", ""label"": ""General FE/Tertiary College""}, {""value"": ""5.0"", ""label"": ""Academies/City Technology College""}, {""value"": ""6.0"", ""label"": ""Agricultural/Horticultural College""}, {""value"": ""7.0"", ""label"": ""Art, Design and Performing Arts College""}, {""value"": ""8.0"", ""label"": ""Other""}, {""value"": ""9.0"", ""label"": ""No Answer""}]"
150,W4JobColYP,YP: Whether YP goes to college as part of normal working week if in job,numeric,NOMINAL,-999.0 thru -1.0,"[{""value"": ""-99.0"", ""label"": ""YP not interviewed""}, {""value"": ""-92.0"", ""label"": ""Refused""}, {""value"": ""-91.0"", ""label"": ""Not applicable""}, {""value"": ""-1.0"", ""label"": ""Don't know""}, {""value"": ""1.0"", ""label"": ""Yes""}, {""value"": ""2.0"", ""label"": ""No""}]"
151,W4PartimeYP,YP: Whether YP's part time course and part time employment are part of the same course or Apprenticeship,numeric,NOMINAL,-999.0 thru -1.0,"[{""value"": ""-99.0"", ""label"": ""YP not interviewed""}, {""value"": ""-92.0"", ""label"": ""Refused""}, {""value"": ""-91.0"", ""label"": ""Not applicable""}, {""value"": ""-1.0"", ""label"": ""Don't know""}, {""value"": ""1.0"", ""label"": ""Part of the same""}, {""value"": ""2.0"", ""label"": ""Separate""}]"
152,W4WhichIsYP,YP: Which activity is the YP's main activity,numeric,NOMINAL,-999.0 thru -1.0,"[{""value"": ""-99.0"", ""label"": ""YP not interviewed""}, {""value"": ""-92.0"", ""label"": ""Refused""}, {""value"": ""-91.0"", ""label"": ""Not applicable""}, {""value"": ""-1.0"", ""label"": ""Don't know""}, {""value"": ""1.0"", ""label"": ""Part time college course""}, {""value"": ""2.0"", ""label"": ""Part time work""}]"
153,W4E2EYP,YP: Whether YP is on a E2E programme,numeric,NOMINAL,-999.0 thru -1.0,"[{""value"": ""-99.0"", ""label"": ""YP not interviewed""}, {""value"": ""-92.0"", ""label"": ""Refused""}, {""value"": ""-91.0"", ""label"": ""Not applicable""}, {""value"": ""-1.0"", ""label"": ""Don't know""}, {""value"": ""1.0"", ""label"": ""Yes""}, {""value"": ""2.0"", ""label"": ""No""}]"
154,W4Apprent1YP,YP: Whether YP had heard of Apprenticeships before today,numeric,NOMINAL,-999.0 thru -1.0,"[{""value"": ""-99.0"", ""label"": ""YP not interviewed""}, {""value"": ""-92.0"", ""label"": ""Refused""}, {""value"": ""-91.0"", ""label"": ""Not applicable""}, {""value"": ""-1.0"", ""label"": ""Don't know""}, {""value"": ""1.0"", ""label"": ""Yes""}, {""value"": ""2.0"", ""label"": ""No""}]"
155,W4Apprent2YP,YP: Whether YP is currently doing an apprenticeship,numeric,NOMINAL,-999.0 thru -1.0,"[{""value"": ""-99.0"", ""label"": ""YP not interviewed""}, {""value"": ""-92.0"", ""label"": ""Refused""}, {""value"": ""-91.0"", ""label"": ""Not applicable""}, {""value"": ""-1.0"", ""label"": ""Don't know""}, {""value"": ""1.0"", ""label"": ""Yes""}, {""value"": ""2.0"", ""label"": ""No""}]"
156,W4OnJobTYP,YP: Whether YP has received on the job training in the last 4 weeks,numeric,NOMINAL,-999.0 thru -1.0,"[{""value"": ""-99.0"", ""label"": ""YP not interviewed""}, {""value"": ""-92.0"", ""label"": ""Refused""}, {""value"": ""-91.0"", ""label"": ""Not applicable""}, {""value"": ""-1.0"", ""label"": ""Don't know""}, {""value"": ""1.0"", ""label"": ""Yes""}, {""value"": ""2.0"", ""label"": ""No""}]"
157,W4OffJobTYP0a,YP: Training YP has received in the past 4 weeks (away from usual place of work) : College or training centre,numeric,NOMINAL,-999.0 thru -1.0,"[{""value"": ""-997.0"", ""label"": ""Script error""}, {""value"": ""-99.0"", ""label"": ""YP not interviewed""}, {""value"": ""-92.0"", ""label"": ""Refused""}, {""value"": ""-91.0"", ""label"": ""Not applicable""}, {""value"": ""-1.0"", ""label"": ""Don't know""}, {""value"": ""0.0"", ""label"": ""Not mentioned""}, {""value"": ""1.0"", ""label"": ""Mentioned""}]"
158,W4OffJobTYP0b,YP: Training YP has received in the past 4 weeks (away from usual place of work) : At my employers premises,numeric,NOMINAL,-999.0 thru -1.0,"[{""value"": ""-997.0"", ""label"": ""Script error""}, {""value"": ""-99.0"", ""label"": ""YP not interviewed""}, {""value"": ""-92.0"", ""label"": ""Refused""}, {""value"": ""-91.0"", ""label"": ""Not applicable""}, {""value"": ""-1.0"", ""label"": ""Don't know""}, {""value"": ""0.0"", ""label"": ""Not mentioned""}, {""value"": ""1.0"", ""label"": ""Mentioned""}]"
159,W4OffJobTYP0c,YP: Training YP has received in the past 4 weeks (away from usual place of work) : At a separate training centre run by my employer,numeric,NOMINAL,-999.0 thru -1.0,"[{""value"": ""-997.0"", ""label"": ""Script error""}, {""value"": ""-99.0"", ""label"": ""YP not interviewed""}, {""value"": ""-92.0"", ""label"": ""Refused""}, {""value"": ""-91.0"", ""label"": ""Not applicable""}, {""value"": ""-1.0"", ""label"": ""Don't know""}, {""value"": ""0.0"", ""label"": ""Not mentioned""}, {""value"": ""1.0"", ""label"": ""Mentioned""}]"
160,W4OffJobTYP0d,YP: Training YP has received in the past 4 weeks (away from usual place of work) : Other,numeric,NOMINAL,-999.0 thru -1.0,"[{""value"": ""-997.0"", ""label"": ""Script error""}, {""value"": ""-99.0"", ""label"": ""YP not interviewed""}, {""value"": ""-92.0"", ""label"": ""Refused""}, {""value"": ""-91.0"", ""label"": ""Not applicable""}, {""value"": ""-1.0"", ""label"": ""Don't know""}, {""value"": ""0.0"", ""label"": ""Not mentioned""}, {""value"": ""1.0"", ""label"": ""Mentioned""}]"
161,W4OffJobTYP0e,YP: Training YP has received in the past 4 weeks (away from usual place of work) : No answer,numeric,NOMINAL,-999.0 thru -1.0,"[{""value"": ""-997.0"", ""label"": ""Script error""}, {""value"": ""-99.0"", ""label"": ""YP not interviewed""}, {""value"": ""-92.0"", ""label"": ""Refused""}, {""value"": ""-91.0"", ""label"": ""Not applicable""}, {""value"": ""-1.0"", ""label"": ""Don't know""}, {""value"": ""0.0"", ""label"": ""Not mentioned""}, {""value"": ""1.0"", ""label"": ""Mentioned""}]"
162,W4OffJobTYP0f,YP: Training YP has received in the past 4 weeks (away from usual place of work) : Don't know,numeric,NOMINAL,-999.0 thru -1.0,"[{""value"": ""-997.0"", ""label"": ""Script error""}, {""value"": ""-99.0"", ""label"": ""YP not interviewed""}, {""value"": ""-92.0"", ""label"": ""Refused""}, {""value"": ""-91.0"", ""label"": ""Not applicable""}, {""value"": ""-1.0"", ""label"": ""Don't know""}, {""value"": ""0.0"", ""label"": ""Not mentioned""}, {""value"": ""1.0"", ""label"": ""Mentioned""}]"
163,W4PrtWkHrsYP,YP: Number of hours YP spent (on average) at employers work place,numeric,SCALE,-999.0 thru -1.0,"[{""value"": ""-99.0"", ""label"": ""YP not interviewed""}, {""value"": ""-92.0"", ""label"": ""Refused""}, {""value"": ""-91.0"", ""label"": ""Not applicable""}, {""value"": ""-1.0"", ""label"": ""Don't know""}]"
164,W4IfNotedYP0a,YP: Main reason YP left full-time school/college : Found school difficult,numeric,NOMINAL,-999.0 thru -1.0,"[{""value"": ""-997.0"", ""label"": ""Script error""}, {""value"": ""-99.0"", ""label"": ""YP not interviewed""}, {""value"": ""-92.0"", ""label"": ""Refused""}, {""value"": ""-91.0"", ""label"": ""Not applicable""}, {""value"": ""-1.0"", ""label"": ""Don't know""}, {""value"": ""0.0"", ""label"": ""Not mentioned""}, {""value"": ""1.0"", ""label"": ""Mentioned""}]"
165,W4IfNotedYP0b,YP: Main reason YP left full-time school/college : Wanted to do an Apprenticeship/learn a trade,numeric,NOMINAL,-999.0 thru -1.0,"[{""value"": ""-997.0"", ""label"": ""Script error""}, {""value"": ""-99.0"", ""label"": ""YP not interviewed""}, {""value"": ""-92.0"", ""label"": ""Refused""}, {""value"": ""-91.0"", ""label"": ""Not applicable""}, {""value"": ""-1.0"", ""label"": ""Don't know""}, {""value"": ""0.0"", ""label"": ""Not mentioned""}, {""value"": ""1.0"", ""label"": ""Mentioned""}]"
166,W4IfNotedYP0c,YP: Main reason YP left full-time school/college : Did not like/enjoy school/found school boring,numeric,NOMINAL,-999.0 thru -1.0,"[{""value"": ""-997.0"", ""label"": ""Script error""}, {""value"": ""-99.0"", ""label"": ""YP not interviewed""}, {""value"": ""-92.0"", ""label"": ""Refused""}, {""value"": ""-91.0"", ""label"": ""Not applicable""}, {""value"": ""-1.0"", ""label"": ""Don't know""}, {""value"": ""0.0"", ""label"": ""Not mentioned""}, {""value"": ""1.0"", ""label"": ""Mentioned""}]"
167,W4IfNotedYP0d,YP: Main reason YP left full-time school/college : Wanted to get a job/start working/earning money,numeric,NOMINAL,-999.0 thru -1.0,"[{""value"": ""-997.0"", ""label"": ""Script error""}, {""value"": ""-99.0"", ""label"": ""YP not interviewed""}, {""value"": ""-92.0"", ""label"": ""Refused""}, {""value"": ""-91.0"", ""label"": ""Not applicable""}, {""value"": ""-1.0"", ""label"": ""Don't know""}, {""value"": ""0.0"", ""label"": ""Not mentioned""}, {""value"": ""1.0"", ""label"": ""Mentioned""}]"
168,W4IfNotedYP0e,YP: Main reason YP left full-time school/college : Wanted to work part time and study part time,numeric,NOMINAL,-999.0 thru -1.0,"[{""value"": ""-997.0"", ""label"": ""Script error""}, {""value"": ""-99.0"", ""label"": ""YP not interviewed""}, {""value"": ""-92.0"", ""label"": ""Refused""}, {""value"": ""-91.0"", ""label"": ""Not applicable""}, {""value"": ""-1.0"", ""label"": ""Don't know""}, {""value"": ""0.0"", ""label"": ""Not mentioned""}, {""value"": ""1.0"", ""label"": ""Mentioned""}]"
169,W4IfNotedYP0f,YP: Main reason YP left full-time school/college : Bullied,numeric,NOMINAL,-999.0 thru -1.0,"[{""value"": ""-997.0"", ""label"": ""Script error""}, {""value"": ""-99.0"", ""label"": ""YP not interviewed""}, {""value"": ""-92.0"", ""label"": ""Refused""}, {""value"": ""-91.0"", ""label"": ""Not applicable""}, {""value"": ""-1.0"", ""label"": ""Don't know""}, {""value"": ""0.0"", ""label"": ""Not mentioned""}, {""value"": ""1.0"", ""label"": ""Mentioned""}]"
170,W4IfNotedYP0g,YP: Main reason YP left full-time school/college : Expelled/permanently excluded/was asked to leave,numeric,NOMINAL,-999.0 thru -1.0,"[{""value"": ""-997.0"", ""label"": ""Script error""}, {""value"": ""-99.0"", ""label"": ""YP not interviewed""}, {""value"": ""-92.0"", ""label"": ""Refused""}, {""value"": ""-91.0"", ""label"": ""Not applicable""}, {""value"": ""-1.0"", ""label"": ""Don't know""}, {""value"": ""0.0"", ""label"": ""Not mentioned""}, {""value"": ""1.0"", ""label"": ""Mentioned""}]"
171,W4IfNotedYP0h,YP: Main reason YP left full-time school/college : Started/left to go to college,numeric,NOMINAL,-999.0 thru -1.0,"[{""value"": ""-997.0"", ""label"": ""Script error""}, {""value"": ""-99.0"", ""label"": ""YP not interviewed""}, {""value"": ""-92.0"", ""label"": ""Refused""}, {""value"": ""-91.0"", ""label"": ""Not applicable""}, {""value"": ""-1.0"", ""label"": ""Don't know""}, {""value"": ""0.0"", ""label"": ""Not mentioned""}, {""value"": ""1.0"", ""label"": ""Mentioned""}]"
172,W4IfNotedYP0i,YP: Main reason YP left full-time school/college : Course was full/no places left,numeric,NOMINAL,-999.0 thru -1.0,"[{""value"": ""-997.0"", ""label"": ""Script error""}, {""value"": ""-99.0"", ""label"": ""YP not interviewed""}, {""value"": ""-92.0"", ""label"": ""Refused""}, {""value"": ""-91.0"", ""label"": ""Not applicable""}, {""value"": ""-1.0"", ""label"": ""Don't know""}, {""value"": ""0.0"", ""label"": ""Not mentioned""}, {""value"": ""1.0"", ""label"": ""Mentioned""}]"
173,W4IfNotedYP0j,YP: Main reason YP left full-time school/college : Didn't get grades required,numeric,NOMINAL,-999.0 thru -1.0,"[{""value"": ""-997.0"", ""label"": ""Script error""}, {""value"": ""-99.0"", ""label"": ""YP not interviewed""}, {""value"": ""-92.0"", ""label"": ""Refused""}, {""value"": ""-91.0"", ""label"": ""Not applicable""}, {""value"": ""-1.0"", ""label"": ""Don't know""}, {""value"": ""0.0"", ""label"": ""Not mentioned""}, {""value"": ""1.0"", ""label"": ""Mentioned""}]"
174,W4IfNotedYP0k,YP: Main reason YP left full-time school/college : Wanted a break/rest,numeric,NOMINAL,-999.0 thru -1.0,"[{""value"": ""-997.0"", ""label"": ""Script error""}, {""value"": ""-99.0"", ""label"": ""YP not interviewed""}, {""value"": ""-92.0"", ""label"": ""Refused""}, {""value"": ""-91.0"", ""label"": ""Not applicable""}, {""value"": ""-1.0"", ""label"": ""Don't know""}, {""value"": ""0.0"", ""label"": ""Not mentioned""}, {""value"": ""1.0"", ""label"": ""Mentioned""}]"
175,W4IfNotedYP0l,YP: Main reason YP left full-time school/college : Pregnant/having a baby,numeric,NOMINAL,-999.0 thru -1.0,"[{""value"": ""-997.0"", ""label"": ""Script error""}, {""value"": ""-99.0"", ""label"": ""YP not interviewed""}, {""value"": ""-92.0"", ""label"": ""Refused""}, {""value"": ""-91.0"", ""label"": ""Not applicable""}, {""value"": ""-1.0"", ""label"": ""Don't know""}, {""value"": ""0.0"", ""label"": ""Not mentioned""}, {""value"": ""1.0"", ""label"": ""Mentioned""}]"
176,W4IfNotedYP0m,YP: Main reason YP left full-time school/college : Medical reasons,numeric,NOMINAL,-999.0 thru -1.0,"[{""value"": ""-997.0"", ""label"": ""Script error""}, {""value"": ""-99.0"", ""label"": ""YP not interviewed""}, {""value"": ""-92.0"", ""label"": ""Refused""}, {""value"": ""-91.0"", ""label"": ""Not applicable""}, {""value"": ""-1.0"", ""label"": ""Don't know""}, {""value"": ""0.0"", ""label"": ""Not mentioned""}, {""value"": ""1.0"", ""label"": ""Mentioned""}]"
177,W4IfNotedYP0n,YP: Main reason YP left full-time school/college : Family problems,numeric,NOMINAL,-999.0 thru -1.0,"[{""value"": ""-997.0"", ""label"": ""Script error""}, {""value"": ""-99.0"", ""label"": ""YP not interviewed""}, {""value"": ""-92.0"", ""label"": ""Refused""}, {""value"": ""-91.0"", ""label"": ""Not applicable""}, {""value"": ""-1.0"", ""label"": ""Don't know""}, {""value"": ""0.0"", ""label"": ""Not mentioned""}, {""value"": ""1.0"", ""label"": ""Mentioned""}]"
178,W4IfNotedYP0o,YP: Main reason YP left full-time school/college : Personal problems,numeric,NOMINAL,-999.0 thru -1.0,"[{""value"": ""-997.0"", ""label"": ""Script error""}, {""value"": ""-99.0"", ""label"": ""YP not interviewed""}, {""value"": ""-92.0"", ""label"": ""Refused""}, {""value"": ""-91.0"", ""label"": ""Not applicable""}, {""value"": ""-1.0"", ""label"": ""Don't know""}, {""value"": ""0.0"", ""label"": ""Not mentioned""}, {""value"": ""1.0"", ""label"": ""Mentioned""}]"
179,W4IfNotedYP0p,YP: Main reason YP left full-time school/college : School/course finished,numeric,NOMINAL,-999.0 thru -1.0,"[{""value"": ""-997.0"", ""label"": ""Script error""}, {""value"": ""-99.0"", ""label"": ""YP not interviewed""}, {""value"": ""-92.0"", ""label"": ""Refused""}, {""value"": ""-91.0"", ""label"": ""Not applicable""}, {""value"": ""-1.0"", ""label"": ""Don't know""}, {""value"": ""0.0"", ""label"": ""Not mentioned""}, {""value"": ""1.0"", ""label"": ""Mentioned""}]"
180,W4IfNotedYP0q,YP: Main reason YP left full-time school/college : Other,numeric,NOMINAL,-999.0 thru -1.0,"[{""value"": ""-997.0"", ""label"": ""Script error""}, {""value"": ""-99.0"", ""label"": ""YP not interviewed""}, {""value"": ""-92.0"", ""label"": ""Refused""}, {""value"": ""-91.0"", ""label"": ""Not applicable""}, {""value"": ""-1.0"", ""label"": ""Don't know""}, {""value"": ""0.0"", ""label"": ""Not mentioned""}, {""value"": ""1.0"", ""label"": ""Mentioned""}]"
181,W4IfNotedYP0r,YP: Main reason YP left full-time school/college : No Answer,numeric,NOMINAL,-999.0 thru -1.0,"[{""value"": ""-997.0"", ""label"": ""Script error""}, {""value"": ""-99.0"", ""label"": ""YP not interviewed""}, {""value"": ""-92.0"", ""label"": ""Refused""}, {""value"": ""-91.0"", ""label"": ""Not applicable""}, {""value"": ""-1.0"", ""label"": ""Don't know""}, {""value"": ""0.0"", ""label"": ""Not mentioned""}, {""value"": ""1.0"", ""label"": ""Mentioned""}]"
182,W4IfNotedYP0s,YP: Main reason YP left full-time school/college : Don't know,numeric,NOMINAL,-999.0 thru -1.0,"[{""value"": ""-997.0"", ""label"": ""Script error""}, {""value"": ""-99.0"", ""label"": ""YP not interviewed""}, {""value"": ""-92.0"", ""label"": ""Refused""}, {""value"": ""-91.0"", ""label"": ""Not applicable""}, {""value"": ""-1.0"", ""label"": ""Don't know""}, {""value"": ""0.0"", ""label"": ""Not mentioned""}, {""value"": ""1.0"", ""label"": ""Mentioned""}]"
183,W4AndWhichYP,YP: Most important factor in YP deciding to leave full time school or college,numeric,NOMINAL,-999.0 thru -1.0,"[{""value"": ""-997.0"", ""label"": ""Script error""}, {""value"": ""-99.0"", ""label"": ""YP not interviewed""}, {""value"": ""-92.0"", ""label"": ""Refused""}, {""value"": ""-91.0"", ""label"": ""Not applicable""}, {""value"": ""-1.0"", ""label"": ""Don't know""}, {""value"": ""1.0"", ""label"": ""Found school difficult""}, {""value"": ""2.0"", ""label"": ""Wanted to do an Apprenticeship/learn a trade""}, {""value"": ""3.0"", ""label"": ""Did not like/enjoy school/found school boring""}, {""value"": ""4.0"", ""label"": ""Wanted to get a job/start working/earning money""}, {""value"": ""5.0"", ""label"": ""Wanted to work part time and study part time""}, {""value"": ""6.0"", ""label"": ""Other""}]"
184,W4SocYP,Admin: YP's SOC Code (2 digits),numeric,SCALE,-999.0 thru -1.0,"[{""value"": ""-99.0"", ""label"": ""YP not interviewed""}, {""value"": ""-94.0"", ""label"": ""Insufficient information""}, {""value"": ""-91.0"", ""label"": ""Not applicable""}]"
185,W4EmployYP,YP: Whether YP employee or self employed,numeric,NOMINAL,-999.0 thru -1.0,"[{""value"": ""-99.0"", ""label"": ""YP not interviewed""}, {""value"": ""-92.0"", ""label"": ""Refused""}, {""value"": ""-91.0"", ""label"": ""Not applicable""}, {""value"": ""-1.0"", ""label"": ""Don't know""}, {""value"": ""1.0"", ""label"": ""Employee""}, {""value"": ""2.0"", ""label"": ""Self-Employed""}]"
186,W4Wrk10YP,YP: Whether YP has formal supervisory responsibility,numeric,NOMINAL,-999.0 thru -1.0,"[{""value"": ""-99.0"", ""label"": ""YP not interviewed""}, {""value"": ""-92.0"", ""label"": ""Refused""}, {""value"": ""-91.0"", ""label"": ""Not applicable""}, {""value"": ""-1.0"", ""label"": ""Don't know""}, {""value"": ""1.0"", ""label"": ""Yes""}, {""value"": ""2.0"", ""label"": ""No""}]"
187,W4Wrk11YP,YP: Number of employees at YP's workplace,numeric,NOMINAL,-999.0 thru -1.0,"[{""value"": ""-99.0"", ""label"": ""YP not interviewed""}, {""value"": ""-92.0"", ""label"": ""Refused""}, {""value"": ""-91.0"", ""label"": ""Not applicable""}, {""value"": ""-1.0"", ""label"": ""Don't know""}, {""value"": ""1.0"", ""label"": ""1 - 24""}, {""value"": ""2.0"", ""label"": ""25 - 499""}, {""value"": ""3.0"", ""label"": ""500 or more""}]"
188,W4Wrk11YPb,YP: Fewer or more than 25 people at YP workplace,numeric,NOMINAL,-999.0 thru -1.0,"[{""value"": ""-99.0"", ""label"": ""YP not interviewed""}, {""value"": ""-92.0"", ""label"": ""Refused""}, {""value"": ""-91.0"", ""label"": ""Not applicable""}, {""value"": ""-1.0"", ""label"": ""Don't know""}, {""value"": ""1.0"", ""label"": ""Fewer than 25""}, {""value"": ""2.0"", ""label"": ""More than 25""}]"
189,W4Wrk12YP,YP: Number of people YP employs,numeric,NOMINAL,-999.0 thru -1.0,"[{""value"": ""-99.0"", ""label"": ""YP not interviewed""}, {""value"": ""-92.0"", ""label"": ""Refused""}, {""value"": ""-91.0"", ""label"": ""Not applicable""}, {""value"": ""-1.0"", ""label"": ""Don't know""}, {""value"": ""1.0"", ""label"": ""None""}, {""value"": ""2.0"", ""label"": ""1 - 24""}, {""value"": ""3.0"", ""label"": ""25 - 499""}, {""value"": ""4.0"", ""label"": ""500 or more""}]"
190,W4IfPaidYP,YP: Whether YP receives regular payments for training/apprenticeship,numeric,NOMINAL,-999.0 thru -1.0,"[{""value"": ""-99.0"", ""label"": ""YP not interviewed""}, {""value"": ""-92.0"", ""label"": ""Refused""}, {""value"": ""-91.0"", ""label"": ""Not applicable""}, {""value"": ""-1.0"", ""label"": ""Don't know""}, {""value"": ""1.0"", ""label"": ""Yes""}, {""value"": ""2.0"", ""label"": ""No""}]"
191,W4IfWagesYP0a,YP: Payment method YP: Regular wages or salary by an employer,numeric,NOMINAL,-999.0 thru -1.0,"[{""value"": ""-99.0"", ""label"": ""YP not interviewed""}, {""value"": ""-92.0"", ""label"": ""Refused""}, {""value"": ""-91.0"", ""label"": ""Not applicable""}, {""value"": ""-1.0"", ""label"": ""Don't know""}, {""value"": ""0.0"", ""label"": ""Not mentioned""}, {""value"": ""1.0"", ""label"": ""Mentioned""}]"
192,W4IfWagesYP0b,YP: Payment method YP: A training allowance of some kind,numeric,NOMINAL,-999.0 thru -1.0,"[{""value"": ""-99.0"", ""label"": ""YP not interviewed""}, {""value"": ""-92.0"", ""label"": ""Refused""}, {""value"": ""-91.0"", ""label"": ""Not applicable""}, {""value"": ""-1.0"", ""label"": ""Don't know""}, {""value"": ""0.0"", ""label"": ""Not mentioned""}, {""value"": ""1.0"", ""label"": ""Mentioned""}]"
193,W4IfWagesYP0c,YP: Payment method YP: Education Maintenance Allowance or EMA,numeric,NOMINAL,-999.0 thru -1.0,"[{""value"": ""-99.0"", ""label"": ""YP not interviewed""}, {""value"": ""-92.0"", ""label"": ""Refused""}, {""value"": ""-91.0"", ""label"": ""Not applicable""}, {""value"": ""-1.0"", ""label"": ""Don't know""}, {""value"": ""0.0"", ""label"": ""Not mentioned""}, {""value"": ""1.0"", ""label"": ""Mentioned""}]"
194,W4IfWagesYP0d,YP: Payment method YP: Other (specify),numeric,NOMINAL,-999.0 thru -1.0,"[{""value"": ""-99.0"", ""label"": ""YP not interviewed""}, {""value"": ""-92.0"", ""label"": ""Refused""}, {""value"": ""-91.0"", ""label"": ""Not applicable""}, {""value"": ""-1.0"", ""label"": ""Don't know""}, {""value"": ""0.0"", ""label"": ""Not mentioned""}, {""value"": ""1.0"", ""label"": ""Mentioned""}]"
195,W4IfWagesYP0e,YP: Payment method YP: Don't know,numeric,NOMINAL,-999.0 thru -1.0,"[{""value"": ""-99.0"", ""label"": ""YP not interviewed""}, {""value"": ""-92.0"", ""label"": ""Refused""}, {""value"": ""-91.0"", ""label"": ""Not applicable""}, {""value"": ""-1.0"", ""label"": ""Don't know""}, {""value"": ""0.0"", ""label"": ""Not mentioned""}, {""value"": ""1.0"", ""label"": ""Mentioned""}]"
196,W4FixhrYP,YP: Whether YP paid on an hourly basis,numeric,NOMINAL,-999.0 thru -1.0,"[{""value"": ""-997.0"", ""label"": ""Script error""}, {""value"": ""-99.0"", ""label"": ""YP not interviewed""}, {""value"": ""-92.0"", ""label"": ""Refused""}, {""value"": ""-91.0"", ""label"": ""Not applicable""}, {""value"": ""-1.0"", ""label"": ""Don't know""}, {""value"": ""1.0"", ""label"": ""Yes""}, {""value"": ""2.0"", ""label"": ""No""}]"
197,W4FixraYP,YP: Hourly rate YP - Pounds,numeric,SCALE,-999.0 thru -1.0,"[{""value"": ""-99.0"", ""label"": ""YP not interviewed""}, {""value"": ""-92.0"", ""label"": ""Refused""}, {""value"": ""-91.0"", ""label"": ""Not applicable""}, {""value"": ""-1.0"", ""label"": ""Don't know""}]"
198,W4Fixra2YP,YP: Hourly rate YP - Pence,numeric,SCALE,-999.0 thru -1.0,"[{""value"": ""-99.0"", ""label"": ""YP not interviewed""}, {""value"": ""-92.0"", ""label"": ""Refused""}, {""value"": ""-91.0"", ""label"": ""Not applicable""}, {""value"": ""-1.0"", ""label"": ""Don't know""}]"
199,W4Pay1YP,"YP: YP's take-home pay, last time paid (£)",numeric,SCALE,-999.0 thru -1.0,"[{""value"": ""-99.0"", ""label"": ""YP not interviewed""}, {""value"": ""-92.0"", ""label"": ""Refused""}, {""value"": ""-91.0"", ""label"": ""Not applicable""}, {""value"": ""-1.0"", ""label"": ""Don't know""}]"
200,W4Period1YP,YP: Time period covered for YP's pay,numeric,NOMINAL,-999.0 thru -1.0,"[{""value"": ""-99.0"", ""label"": ""YP not interviewed""}, {""value"": ""-92.0"", ""label"": ""Refused""}, {""value"": ""-91.0"", ""label"": ""Not applicable""}, {""value"": ""-1.0"", ""label"": ""Don't know""}, {""value"": ""1.0"", ""label"": ""One week""}, {""value"": ""2.0"", ""label"": ""Two weeks""}, {""value"": ""3.0"", ""label"": ""Three weeks""}, {""value"": ""4.0"", ""label"": ""Four weeks""}, {""value"": ""5.0"", ""label"": ""Calendar month""}, {""value"": ""6.0"", ""label"": ""Two calendar months""}, {""value"": ""7.0"", ""label"": ""Eight times a year""}, {""value"": ""8.0"", ""label"": ""Nine times a year""}, {""value"": ""9.0"", ""label"": ""Ten times a year""}, {""value"": ""10.0"", ""label"": ""Three months/13 weeks""}, {""value"": ""11.0"", ""label"": ""Six months/26 weeks""}, {""value"": ""12.0"", ""label"": ""One year/12 months/52 weeks""}, {""value"": ""13.0"", ""label"": ""Less than one week""}, {""value"": ""14.0"", ""label"": ""One off lump sum""}, {""value"": ""15.0"", ""label"": ""No answer""}]"
201,W4Hours1YP,YP: Number of hours YP usually works each week,numeric,SCALE,-999.0 thru -1.0,"[{""value"": ""-99.0"", ""label"": ""YP not interviewed""}, {""value"": ""-92.0"", ""label"": ""Refused""}, {""value"": ""-91.0"", ""label"": ""Not applicable""}, {""value"": ""-1.0"", ""label"": ""Don't know""}]"
202,W4SepChckYP,YP: Whether YP's current activity started before October 2006,numeric,NOMINAL,-999.0 thru -1.0,"[{""value"": ""-99.0"", ""label"": ""YP not interviewed""}, {""value"": ""-92.0"", ""label"": ""Refused""}, {""value"": ""-91.0"", ""label"": ""Not applicable""}, {""value"": ""-1.0"", ""label"": ""Don't know""}, {""value"": ""1.0"", ""label"": ""Yes""}, {""value"": ""2.0"", ""label"": ""No""}]"
203,W4ActStYYP,YP: Year YP's current activity started,numeric,SCALE,-999.0 thru -1.0,"[{""value"": ""-99.0"", ""label"": ""YP not interviewed""}, {""value"": ""-92.0"", ""label"": ""Refused""}, {""value"": ""-91.0"", ""label"": ""Not applicable""}, {""value"": ""-1.0"", ""label"": ""Don't know""}, {""value"": ""1.0"", ""label"": ""2006""}, {""value"": ""2.0"", ""label"": ""2007""}]"
204,W4ActStMYP,YP: Month YPs current activity started,numeric,SCALE,-999.0 thru -1.0,"[{""value"": ""-99.0"", ""label"": ""YP not interviewed""}, {""value"": ""-92.0"", ""label"": ""Refused""}, {""value"": ""-91.0"", ""label"": ""Not applicable""}, {""value"": ""-1.0"", ""label"": ""Don't know""}, {""value"": ""1.0"", ""label"": ""January""}, {""value"": ""2.0"", ""label"": ""February""}, {""value"": ""3.0"", ""label"": ""March""}, {""value"": ""4.0"", ""label"": ""April""}, {""value"": ""5.0"", ""label"": ""May""}, {""value"": ""6.0"", ""label"": ""June""}, {""value"": ""7.0"", ""label"": ""July""}, {""value"": ""8.0"", ""label"": ""August""}, {""value"": ""9.0"", ""label"": ""September""}, {""value"": ""10.0"", ""label"": ""October""}, {""value"": ""11.0"", ""label"": ""November""}, {""value"": ""12.0"", ""label"": ""December""}]"
205,W4ExamChkYP,YP: Whether YP doing school or college course which will lead to a qualification,numeric,NOMINAL,-999.0 thru -1.0,"[{""value"": ""-99.0"", ""label"": ""YP not interviewed""}, {""value"": ""-92.0"", ""label"": ""Refused""}, {""value"": ""-91.0"", ""label"": ""Not applicable""}, {""value"": ""-1.0"", ""label"": ""Don't know""}, {""value"": ""1.0"", ""label"": ""Yes""}, {""value"": ""2.0"", ""label"": ""No""}]"
206,W4AcademicYP0a,YP: Whether YP studying for : A levels/AS Levels/ A2s,numeric,NOMINAL,-999.0 thru -1.0,"[{""value"": ""-99.0"", ""label"": ""YP not interviewed""}, {""value"": ""-92.0"", ""label"": ""Refused""}, {""value"": ""-91.0"", ""label"": ""Not applicable""}, {""value"": ""-1.0"", ""label"": ""Don't know""}, {""value"": ""0.0"", ""label"": ""Not mentioned""}, {""value"": ""1.0"", ""label"": ""Mentioned""}]"
207,W4AcademicYP0b,YP: Whether YP studying for : AVCEs (formerly Vocational A Level),numeric,NOMINAL,-999.0 thru -1.0,"[{""value"": ""-99.0"", ""label"": ""YP not interviewed""}, {""value"": ""-92.0"", ""label"": ""Refused""}, {""value"": ""-91.0"", ""label"": ""Not applicable""}, {""value"": ""-1.0"", ""label"": ""Don't know""}, {""value"": ""0.0"", ""label"": ""Not mentioned""}, {""value"": ""1.0"", ""label"": ""Mentioned""}]"
208,W4AcademicYP0c,YP: Whether YP studying for : GCSEs,numeric,NOMINAL,-999.0 thru -1.0,"[{""value"": ""-99.0"", ""label"": ""YP not interviewed""}, {""value"": ""-92.0"", ""label"": ""Refused""}, {""value"": ""-91.0"", ""label"": ""Not applicable""}, {""value"": ""-1.0"", ""label"": ""Don't know""}, {""value"": ""0.0"", ""label"": ""Not mentioned""}, {""value"": ""1.0"", ""label"": ""Mentioned""}]"
209,W4AcademicYP0d,YP: Whether YP studying for : Some other qualification,numeric,NOMINAL,-999.0 thru -1.0,"[{""value"": ""-99.0"", ""label"": ""YP not interviewed""}, {""value"": ""-92.0"", ""label"": ""Refused""}, {""value"": ""-91.0"", ""label"": ""Not applicable""}, {""value"": ""-1.0"", ""label"": ""Don't know""}, {""value"": ""0.0"", ""label"": ""Not mentioned""}, {""value"": ""1.0"", ""label"": ""Mentioned""}]"
210,W4AcademicYP0e,YP: Whether YP studying for : No answer,numeric,NOMINAL,-999.0 thru -1.0,"[{""value"": ""-99.0"", ""label"": ""YP not interviewed""}, {""value"": ""-92.0"", ""label"": ""Refused""}, {""value"": ""-91.0"", ""label"": ""Not applicable""}, {""value"": ""-1.0"", ""label"": ""Don't know""}, {""value"": ""0.0"", ""label"": ""Not mentioned""}, {""value"": ""1.0"", ""label"": ""Mentioned""}]"
211,W4AcademicYP0f,YP: Whether YP studying for : Don't know,numeric,NOMINAL,-999.0 thru -1.0,"[{""value"": ""-99.0"", ""label"": ""YP not interviewed""}, {""value"": ""-92.0"", ""label"": ""Refused""}, {""value"": ""-91.0"", ""label"": ""Not applicable""}, {""value"": ""-1.0"", ""label"": ""Don't know""}, {""value"": ""0.0"", ""label"": ""Not mentioned""}, {""value"": ""1.0"", ""label"": ""Mentioned""}]"
212,W4AlevNoYP,YP: Number of A levels YP has been studying for since September 2006,numeric,SCALE,-999.0 thru -1.0,"[{""value"": ""-99.0"", ""label"": ""YP not interviewed""}, {""value"": ""-92.0"", ""label"": ""Refused""}, {""value"": ""-91.0"", ""label"": ""Not applicable""}, {""value"": ""-1.0"", ""label"": ""Don't know""}]"
213,W4AVCENoYP,YP: Number of AVCEs YP has been studying for since September 2006,numeric,SCALE,-999.0 thru -1.0,"[{""value"": ""-99.0"", ""label"": ""YP not interviewed""}, {""value"": ""-92.0"", ""label"": ""Refused""}, {""value"": ""-91.0"", ""label"": ""Not applicable""}, {""value"": ""-1.0"", ""label"": ""Don't know""}]"
214,W4AVCEUniYP0a,YP: Type of YP AVCE : AS level or 3 units,numeric,ORDINAL,-999.0 thru -1.0,"[{""value"": ""-99.0"", ""label"": ""YP not interviewed""}, {""value"": ""-92.0"", ""label"": ""Refused""}, {""value"": ""-91.0"", ""label"": ""Not applicable""}, {""value"": ""-1.0"", ""label"": ""Don't know""}, {""value"": ""1.0"", ""label"": ""AS level or 3 units""}, {""value"": ""2.0"", ""label"": ""A level or 6 units""}, {""value"": ""3.0"", ""label"": ""Double award or 12 units""}]"
215,W4AVCEUniYP0b,YP: Type of YP AVCE : A level or 6 units,numeric,ORDINAL,-999.0 thru -1.0,"[{""value"": ""-99.0"", ""label"": ""YP not interviewed""}, {""value"": ""-92.0"", ""label"": ""Refused""}, {""value"": ""-91.0"", ""label"": ""Not applicable""}, {""value"": ""-1.0"", ""label"": ""Don't know""}, {""value"": ""1.0"", ""label"": ""AS level or 3 units""}, {""value"": ""2.0"", ""label"": ""A level or 6 units""}, {""value"": ""3.0"", ""label"": ""Double award or 12 units""}]"
216,W4AVCEUniYP0c,YP: Type of YP AVCE : Double award or 12 units,numeric,ORDINAL,-999.0 thru -1.0,"[{""value"": ""-99.0"", ""label"": ""YP not interviewed""}, {""value"": ""-92.0"", ""label"": ""Refused""}, {""value"": ""-91.0"", ""label"": ""Not applicable""}, {""value"": ""-1.0"", ""label"": ""Don't know""}, {""value"": ""1.0"", ""label"": ""AS level or 3 units""}, {""value"": ""2.0"", ""label"": ""A level or 6 units""}, {""value"": ""3.0"", ""label"": ""Double award or 12 units""}]"
217,W4GCSENoYP,YP: Number of GSCEs YP studied for since September 2006,numeric,SCALE,-999.0 thru -1.0,"[{""value"": ""-99.0"", ""label"": ""YP not interviewed""}, {""value"": ""-92.0"", ""label"": ""Refused""}, {""value"": ""-91.0"", ""label"": ""Not applicable""}, {""value"": ""-1.0"", ""label"": ""Don't know""}]"
218,W4OthQchk1YP,YP: Whether YP currently studying for any more qualifications at all,numeric,NOMINAL,-999.0 thru -1.0,"[{""value"": ""-99.0"", ""label"": ""YP not interviewed""}, {""value"": ""-92.0"", ""label"": ""Refused""}, {""value"": ""-91.0"", ""label"": ""Not applicable""}, {""value"": ""-1.0"", ""label"": ""Don't know""}, {""value"": ""1.0"", ""label"": ""Yes""}, {""value"": ""2.0"", ""label"": ""No""}]"
219,W4VocationalYP0a,YP: Whether YP currently studying for : Key Skills qualification,numeric,NOMINAL,-999.0 thru -1.0,"[{""value"": ""-99.0"", ""label"": ""YP not interviewed""}, {""value"": ""-92.0"", ""label"": ""Refused""}, {""value"": ""-91.0"", ""label"": ""Not applicable""}, {""value"": ""-1.0"", ""label"": ""Don't know""}, {""value"": ""0.0"", ""label"": ""Not mentioned""}, {""value"": ""1.0"", ""label"": ""Mentioned""}]"
220,W4VocationalYP0b,YP: Whether YP currently studying for : Basic Skills qualification,numeric,NOMINAL,-999.0 thru -1.0,"[{""value"": ""-99.0"", ""label"": ""YP not interviewed""}, {""value"": ""-92.0"", ""label"": ""Refused""}, {""value"": ""-91.0"", ""label"": ""Not applicable""}, {""value"": ""-1.0"", ""label"": ""Don't know""}, {""value"": ""0.0"", ""label"": ""Not mentioned""}, {""value"": ""1.0"", ""label"": ""Mentioned""}]"
221,W4VocationalYP0c,YP: Whether YP currently studying for : Foundation or intermediate GNVQs,numeric,NOMINAL,-999.0 thru -1.0,"[{""value"": ""-99.0"", ""label"": ""YP not interviewed""}, {""value"": ""-92.0"", ""label"": ""Refused""}, {""value"": ""-91.0"", ""label"": ""Not applicable""}, {""value"": ""-1.0"", ""label"": ""Don't know""}, {""value"": ""0.0"", ""label"": ""Not mentioned""}, {""value"": ""1.0"", ""label"": ""Mentioned""}]"
222,W4VocationalYP0d,YP: Whether YP currently studying for : NVQs,numeric,NOMINAL,-999.0 thru -1.0,"[{""value"": ""-99.0"", ""label"": ""YP not interviewed""}, {""value"": ""-92.0"", ""label"": ""Refused""}, {""value"": ""-91.0"", ""label"": ""Not applicable""}, {""value"": ""-1.0"", ""label"": ""Don't know""}, {""value"": ""0.0"", ""label"": ""Not mentioned""}, {""value"": ""1.0"", ""label"": ""Mentioned""}]"
223,W4VocationalYP0e,"YP: Whether YP currently studying for : Edexcel, BTEC or LQL qualifications (NOT A / AS / A2 Levels)",numeric,NOMINAL,-999.0 thru -1.0,"[{""value"": ""-99.0"", ""label"": ""YP not interviewed""}, {""value"": ""-92.0"", ""label"": ""Refused""}, {""value"": ""-91.0"", ""label"": ""Not applicable""}, {""value"": ""-1.0"", ""label"": ""Don't know""}, {""value"": ""0.0"", ""label"": ""Not mentioned""}, {""value"": ""1.0"", ""label"": ""Mentioned""}]"
224,W4VocationalYP0f,YP: Whether YP currently studying for : OCR qualifications (NOT A / AS / A2 Levels),numeric,NOMINAL,-999.0 thru -1.0,"[{""value"": ""-99.0"", ""label"": ""YP not interviewed""}, {""value"": ""-92.0"", ""label"": ""Refused""}, {""value"": ""-91.0"", ""label"": ""Not applicable""}, {""value"": ""-1.0"", ""label"": ""Don't know""}, {""value"": ""0.0"", ""label"": ""Not mentioned""}, {""value"": ""1.0"", ""label"": ""Mentioned""}]"
225,W4VocationalYP0g,YP: Whether YP currently studying for : City and Guilds,numeric,NOMINAL,-999.0 thru -1.0,"[{""value"": ""-99.0"", ""label"": ""YP not interviewed""}, {""value"": ""-92.0"", ""label"": ""Refused""}, {""value"": ""-91.0"", ""label"": ""Not applicable""}, {""value"": ""-1.0"", ""label"": ""Don't know""}, {""value"": ""0.0"", ""label"": ""Not mentioned""}, {""value"": ""1.0"", ""label"": ""Mentioned""}]"
226,W4VocationalYP0h,YP: Whether YP currently studying for : Something else,numeric,NOMINAL,-999.0 thru -1.0,"[{""value"": ""-99.0"", ""label"": ""YP not interviewed""}, {""value"": ""-92.0"", ""label"": ""Refused""}, {""value"": ""-91.0"", ""label"": ""Not applicable""}, {""value"": ""-1.0"", ""label"": ""Don't know""}, {""value"": ""0.0"", ""label"": ""Not mentioned""}, {""value"": ""1.0"", ""label"": ""Mentioned""}]"
227,W4VocationalYP0i,YP: Whether YP currently studying for : No answer,numeric,NOMINAL,-999.0 thru -1.0,"[{""value"": ""-99.0"", ""label"": ""YP not interviewed""}, {""value"": ""-92.0"", ""label"": ""Refused""}, {""value"": ""-91.0"", ""label"": ""Not applicable""}, {""value"": ""-1.0"", ""label"": ""Don't know""}, {""value"": ""0.0"", ""label"": ""Not mentioned""}, {""value"": ""1.0"", ""label"": ""Mentioned""}]"
228,W4VocationalYP0j,YP: Whether YP currently studying for : Don't know,numeric,NOMINAL,-999.0 thru -1.0,"[{""value"": ""-99.0"", ""label"": ""YP not interviewed""}, {""value"": ""-92.0"", ""label"": ""Refused""}, {""value"": ""-91.0"", ""label"": ""Not applicable""}, {""value"": ""-1.0"", ""label"": ""Don't know""}, {""value"": ""0.0"", ""label"": ""Not mentioned""}, {""value"": ""1.0"", ""label"": ""Mentioned""}]"
229,W4BasicSkillYP0a,YP: Which basic skills YP studying for : Literacy,numeric,NOMINAL,-999.0 thru -1.0,"[{""value"": ""-99.0"", ""label"": ""YP not interviewed""}, {""value"": ""-92.0"", ""label"": ""Refused""}, {""value"": ""-91.0"", ""label"": ""Not applicable""}, {""value"": ""-1.0"", ""label"": ""Don't know""}, {""value"": ""0.0"", ""label"": ""Not mentioned""}, {""value"": ""1.0"", ""label"": ""Mentioned""}]"
230,W4BasicSkillYP0b,YP: Which basic skills YP studying for : Language / ESOL (English for Speakers of Other Languages),numeric,NOMINAL,-999.0 thru -1.0,"[{""value"": ""-99.0"", ""label"": ""YP not interviewed""}, {""value"": ""-92.0"", ""label"": ""Refused""}, {""value"": ""-91.0"", ""label"": ""Not applicable""}, {""value"": ""-1.0"", ""label"": ""Don't know""}, {""value"": ""0.0"", ""label"": ""Not mentioned""}, {""value"": ""1.0"", ""label"": ""Mentioned""}]"
231,W4BasicSkillYP0c,YP: Which basic skills YP studying for : Numeracy,numeric,NOMINAL,-999.0 thru -1.0,"[{""value"": ""-99.0"", ""label"": ""YP not interviewed""}, {""value"": ""-92.0"", ""label"": ""Refused""}, {""value"": ""-91.0"", ""label"": ""Not applicable""}, {""value"": ""-1.0"", ""label"": ""Don't know""}, {""value"": ""0.0"", ""label"": ""Not mentioned""}, {""value"": ""1.0"", ""label"": ""Mentioned""}]"
232,W4BasicSkillYP0d,YP: Which basic skills YP studying for : No answer,numeric,NOMINAL,-999.0 thru -1.0,"[{""value"": ""-99.0"", ""label"": ""YP not interviewed""}, {""value"": ""-92.0"", ""label"": ""Refused""}, {""value"": ""-91.0"", ""label"": ""Not applicable""}, {""value"": ""-1.0"", ""label"": ""Don't know""}, {""value"": ""0.0"", ""label"": ""Not mentioned""}, {""value"": ""1.0"", ""label"": ""Mentioned""}]"
233,W4BasicSkillYP0e,YP: Which basic skills YP studying for : Don't know,numeric,NOMINAL,-999.0 thru -1.0,"[{""value"": ""-99.0"", ""label"": ""YP not interviewed""}, {""value"": ""-92.0"", ""label"": ""Refused""}, {""value"": ""-91.0"", ""label"": ""Not applicable""}, {""value"": ""-1.0"", ""label"": ""Don't know""}, {""value"": ""0.0"", ""label"": ""Not mentioned""}, {""value"": ""1.0"", ""label"": ""Mentioned""}]"
234,W4KeySkillYP0a,YP: Which key skills YP studying for : Communication,numeric,NOMINAL,-999.0 thru -1.0,"[{""value"": ""-99.0"", ""label"": ""YP not interviewed""}, {""value"": ""-92.0"", ""label"": ""Refused""}, {""value"": ""-91.0"", ""label"": ""Not applicable""}, {""value"": ""-1.0"", ""label"": ""Don't know""}, {""value"": ""0.0"", ""label"": ""Not mentioned""}, {""value"": ""1.0"", ""label"": ""Mentioned""}]"
235,W4KeySkillYP0b,YP: Which key skills YP studying for : Application of Number,numeric,NOMINAL,-999.0 thru -1.0,"[{""value"": ""-99.0"", ""label"": ""YP not interviewed""}, {""value"": ""-92.0"", ""label"": ""Refused""}, {""value"": ""-91.0"", ""label"": ""Not applicable""}, {""value"": ""-1.0"", ""label"": ""Don't know""}, {""value"": ""0.0"", ""label"": ""Not mentioned""}, {""value"": ""1.0"", ""label"": ""Mentioned""}]"
236,W4KeySkillYP0c,YP: Which key skills YP studying for : Information Technology (IT),numeric,NOMINAL,-999.0 thru -1.0,"[{""value"": ""-99.0"", ""label"": ""YP not interviewed""}, {""value"": ""-92.0"", ""label"": ""Refused""}, {""value"": ""-91.0"", ""label"": ""Not applicable""}, {""value"": ""-1.0"", ""label"": ""Don't know""}, {""value"": ""0.0"", ""label"": ""Not mentioned""}, {""value"": ""1.0"", ""label"": ""Mentioned""}]"
237,W4KeySkillYP0d,YP: Which key skills YP studying for : Working with Others,numeric,NOMINAL,-999.0 thru -1.0,"[{""value"": ""-99.0"", ""label"": ""YP not interviewed""}, {""value"": ""-92.0"", ""label"": ""Refused""}, {""value"": ""-91.0"", ""label"": ""Not applicable""}, {""value"": ""-1.0"", ""label"": ""Don't know""}, {""value"": ""0.0"", ""label"": ""Not mentioned""}, {""value"": ""1.0"", ""label"": ""Mentioned""}]"
238,W4KeySkillYP0e,YP: Which key skills YP studying for : Improving own Learning and Performance,numeric,NOMINAL,-999.0 thru -1.0,"[{""value"": ""-99.0"", ""label"": ""YP not interviewed""}, {""value"": ""-92.0"", ""label"": ""Refused""}, {""value"": ""-91.0"", ""label"": ""Not applicable""}, {""value"": ""-1.0"", ""label"": ""Don't know""}, {""value"": ""0.0"", ""label"": ""Not mentioned""}, {""value"": ""1.0"", ""label"": ""Mentioned""}]"
239,W4KeySkillYP0f,YP: Which key skills YP studying for : Problem Solving,numeric,NOMINAL,-999.0 thru -1.0,"[{""value"": ""-99.0"", ""label"": ""YP not interviewed""}, {""value"": ""-92.0"", ""label"": ""Refused""}, {""value"": ""-91.0"", ""label"": ""Not applicable""}, {""value"": ""-1.0"", ""label"": ""Don't know""}, {""value"": ""0.0"", ""label"": ""Not mentioned""}, {""value"": ""1.0"", ""label"": ""Mentioned""}]"
240,W4KeySkillYP0g,YP: Which key skills YP studying for : No answer,numeric,NOMINAL,-999.0 thru -1.0,"[{""value"": ""-99.0"", ""label"": ""YP not interviewed""}, {""value"": ""-92.0"", ""label"": ""Refused""}, {""value"": ""-91.0"", ""label"": ""Not applicable""}, {""value"": ""-1.0"", ""label"": ""Don't know""}, {""value"": ""0.0"", ""label"": ""Not mentioned""}, {""value"": ""1.0"", ""label"": ""Mentioned""}]"
241,W4KeySkillYP0h,YP: Which key skills YP studying for : Don't know,numeric,NOMINAL,-999.0 thru -1.0,"[{""value"": ""-99.0"", ""label"": ""YP not interviewed""}, {""value"": ""-92.0"", ""label"": ""Refused""}, {""value"": ""-91.0"", ""label"": ""Not applicable""}, {""value"": ""-1.0"", ""label"": ""Don't know""}, {""value"": ""0.0"", ""label"": ""Not mentioned""}, {""value"": ""1.0"", ""label"": ""Mentioned""}]"
242,W4KSLevYP0a,YP: Level of key skill YP studying for : Communication,numeric,NOMINAL,-999.0 thru -1.0,"[{""value"": ""-99.0"", ""label"": ""YP not interviewed""}, {""value"": ""-92.0"", ""label"": ""Refused""}, {""value"": ""-91.0"", ""label"": ""Not applicable""}, {""value"": ""-1.0"", ""label"": ""Don't know""}, {""value"": ""1.0"", ""label"": ""Level 1""}, {""value"": ""2.0"", ""label"": ""Level 2""}, {""value"": ""3.0"", ""label"": ""Level 3""}]"
243,W4KSLevYP0b,YP: Level of key skill YP studying for : Application of Number,numeric,NOMINAL,-999.0 thru -1.0,"[{""value"": ""-99.0"", ""label"": ""YP not interviewed""}, {""value"": ""-92.0"", ""label"": ""Refused""}, {""value"": ""-91.0"", ""label"": ""Not applicable""}, {""value"": ""-1.0"", ""label"": ""Don't know""}, {""value"": ""1.0"", ""label"": ""Level 1""}, {""value"": ""2.0"", ""label"": ""Level 2""}, {""value"": ""3.0"", ""label"": ""Level 3""}]"
244,W4KSLevYP0c,YP: Level of key skill YP studying for : Information Technology (IT),numeric,NOMINAL,-999.0 thru -1.0,"[{""value"": ""-99.0"", ""label"": ""YP not interviewed""}, {""value"": ""-92.0"", ""label"": ""Refused""}, {""value"": ""-91.0"", ""label"": ""Not applicable""}, {""value"": ""-1.0"", ""label"": ""Don't know""}, {""value"": ""1.0"", ""label"": ""Level 1""}, {""value"": ""2.0"", ""label"": ""Level 2""}, {""value"": ""3.0"", ""label"": ""Level 3""}]"
245,W4KSLevYP0d,YP: Level of key skill YP studying for : Working with Others,numeric,NOMINAL,-999.0 thru -1.0,"[{""value"": ""-99.0"", ""label"": ""YP not interviewed""}, {""value"": ""-92.0"", ""label"": ""Refused""}, {""value"": ""-91.0"", ""label"": ""Not applicable""}, {""value"": ""-1.0"", ""label"": ""Don't know""}, {""value"": ""1.0"", ""label"": ""Level 1""}, {""value"": ""2.0"", ""label"": ""Level 2""}, {""value"": ""3.0"", ""label"": ""Level 3""}]"
246,W4KSLevYP0e,YP: Level of key skill YP studying for : Improving own Learning and Performance,numeric,NOMINAL,-999.0 thru -1.0,"[{""value"": ""-99.0"", ""label"": ""YP not interviewed""}, {""value"": ""-92.0"", ""label"": ""Refused""}, {""value"": ""-91.0"", ""label"": ""Not applicable""}, {""value"": ""-1.0"", ""label"": ""Don't know""}, {""value"": ""1.0"", ""label"": ""Level 1""}, {""value"": ""2.0"", ""label"": ""Level 2""}, {""value"": ""3.0"", ""label"": ""Level 3""}]"
247,W4KSLevYP0f,YP: Level of key skill YP studying for : Problem Solving,numeric,NOMINAL,-999.0 thru -1.0,"[{""value"": ""-99.0"", ""label"": ""YP not interviewed""}, {""value"": ""-92.0"", ""label"": ""Refused""}, {""value"": ""-91.0"", ""label"": ""Not applicable""}, {""value"": ""-1.0"", ""label"": ""Don't know""}, {""value"": ""1.0"", ""label"": ""Level 1""}, {""value"": ""2.0"", ""label"": ""Level 2""}, {""value"": ""3.0"", ""label"": ""Level 3""}]"
248,W4GNVQNoYP,YP: Number of GNVQs YP studying for,numeric,SCALE,-999.0 thru -1.0,"[{""value"": ""-99.0"", ""label"": ""YP not interviewed""}, {""value"": ""-92.0"", ""label"": ""Refused""}, {""value"": ""-91.0"", ""label"": ""Not applicable""}, {""value"": ""-1.0"", ""label"": ""Don't know""}]"
249,W4GNVQSubYP0a,YP: GNVQ subject (YP's first subject),numeric,NOMINAL,-999.0 thru -1.0,"[{""value"": ""-99.0"", ""label"": ""YP not interviewed""}, {""value"": ""-92.0"", ""label"": ""Refused""}, {""value"": ""-91.0"", ""label"": ""Not applicable""}, {""value"": ""-1.0"", ""label"": ""Don't know""}, {""value"": ""1.0"", ""label"": ""Art and Design""}, {""value"": ""2.0"", ""label"": ""Business""}, {""value"": ""3.0"", ""label"": ""Construction""}, {""value"": ""4.0"", ""label"": ""Engineering""}, {""value"": ""5.0"", ""label"": ""French""}, {""value"": ""6.0"", ""label"": ""German""}, {""value"": ""7.0"", ""label"": ""Health and Social Care""}, {""value"": ""8.0"", ""label"": ""Hospitality and Catering""}, {""value"": ""9.0"", ""label"": ""Information Technology""}, {""value"": ""10.0"", ""label"": ""Land and Environment""}, {""value"": ""11.0"", ""label"": ""Leisure and Recreation""}, {""value"": ""12.0"", ""label"": ""Leisure and Tourism""}, {""value"": ""13.0"", ""label"": ""Management Studies""}, {""value"": ""14.0"", ""label"": ""Manufacturing""}, {""value"": ""15.0"", ""label"": ""Media: Communication and Production""}, {""value"": ""16.0"", ""label"": ""Performing Arts""}, {""value"": ""17.0"", ""label"": ""Retail and Distribution""}, {""value"": ""18.0"", ""label"": ""Science""}, {""value"": ""19.0"", ""label"": ""Spanish""}, {""value"": ""20.0"", ""label"": ""Travel and tourism""}, {""value"": ""21.0"", ""label"": ""Other (specify)""}]"
250,W4GNVQSubYP0b,YP: GNVQ subject (YP's second subject),numeric,NOMINAL,-999.0 thru -1.0,"[{""value"": ""-99.0"", ""label"": ""YP not interviewed""}, {""value"": ""-92.0"", ""label"": ""Refused""}, {""value"": ""-91.0"", ""label"": ""Not applicable""}, {""value"": ""-1.0"", ""label"": ""Don't know""}, {""value"": ""1.0"", ""label"": ""Art and Design""}, {""value"": ""2.0"", ""label"": ""Business""}, {""value"": ""3.0"", ""label"": ""Construction""}, {""value"": ""4.0"", ""label"": ""Engineering""}, {""value"": ""5.0"", ""label"": ""French""}, {""value"": ""6.0"", ""label"": ""German""}, {""value"": ""7.0"", ""label"": ""Health and Social Care""}, {""value"": ""8.0"", ""label"": ""Hospitality and Catering""}, {""value"": ""9.0"", ""label"": ""Information Technology""}, {""value"": ""10.0"", ""label"": ""Land and Environment""}, {""value"": ""11.0"", ""label"": ""Leisure and Recreation""}, {""value"": ""12.0"", ""label"": ""Leisure and Tourism""}, {""value"": ""13.0"", ""label"": ""Management Studies""}, {""value"": ""14.0"", ""label"": ""Manufacturing""}, {""value"": ""15.0"", ""label"": ""Media: Communication and Production""}, {""value"": ""16.0"", ""label"": ""Performing Arts""}, {""value"": ""17.0"", ""label"": ""Retail and Distribution""}, {""value"": ""18.0"", ""label"": ""Science""}, {""value"": ""19.0"", ""label"": ""Spanish""}, {""value"": ""20.0"", ""label"": ""Travel and tourism""}, {""value"": ""21.0"", ""label"": ""Other (specify)""}]"
251,W4GNVQSubYP0c,YP: GNVQ subject (YP's third subject),numeric,NOMINAL,-999.0 thru -1.0,"[{""value"": ""-99.0"", ""label"": ""YP not interviewed""}, {""value"": ""-92.0"", ""label"": ""Refused""}, {""value"": ""-91.0"", ""label"": ""Not applicable""}, {""value"": ""-1.0"", ""label"": ""Don't know""}, {""value"": ""1.0"", ""label"": ""Art and Design""}, {""value"": ""2.0"", ""label"": ""Business""}, {""value"": ""3.0"", ""label"": ""Construction""}, {""value"": ""4.0"", ""label"": ""Engineering""}, {""value"": ""5.0"", ""label"": ""French""}, {""value"": ""6.0"", ""label"": ""German""}, {""value"": ""7.0"", ""label"": ""Health and Social Care""}, {""value"": ""8.0"", ""label"": ""Hospitality and Catering""}, {""value"": ""9.0"", ""label"": ""Information Technology""}, {""value"": ""10.0"", ""label"": ""Land and Environment""}, {""value"": ""11.0"", ""label"": ""Leisure and Recreation""}, {""value"": ""12.0"", ""label"": ""Leisure and Tourism""}, {""value"": ""13.0"", ""label"": ""Management Studies""}, {""value"": ""14.0"", ""label"": ""Manufacturing""}, {""value"": ""15.0"", ""label"": ""Media: Communication and Production""}, {""value"": ""16.0"", ""label"": ""Performing Arts""}, {""value"": ""17.0"", ""label"": ""Retail and Distribution""}, {""value"": ""18.0"", ""label"": ""Science""}, {""value"": ""19.0"", ""label"": ""Spanish""}, {""value"": ""20.0"", ""label"": ""Travel and tourism""}, {""value"": ""21.0"", ""label"": ""Other (specify)""}]"
252,W4GNVQLevYP0a,YP: GNVQ level (YP's first subject),numeric,ORDINAL,-999.0 thru -1.0,"[{""value"": ""-99.0"", ""label"": ""YP not interviewed""}, {""value"": ""-92.0"", ""label"": ""Refused""}, {""value"": ""-91.0"", ""label"": ""Not applicable""}, {""value"": ""-1.0"", ""label"": ""Don't know""}, {""value"": ""1.0"", ""label"": ""Foundation GNVQ""}, {""value"": ""2.0"", ""label"": ""Intermediate GNVQ""}]"
253,W4GNVQLevYP0b,YP: GNVQ level (YP's second subject),numeric,ORDINAL,-999.0 thru -1.0,"[{""value"": ""-99.0"", ""label"": ""YP not interviewed""}, {""value"": ""-92.0"", ""label"": ""Refused""}, {""value"": ""-91.0"", ""label"": ""Not applicable""}, {""value"": ""-1.0"", ""label"": ""Don't know""}, {""value"": ""1.0"", ""label"": ""Foundation GNVQ""}, {""value"": ""2.0"", ""label"": ""Intermediate GNVQ""}]"
254,W4GNVQLevYP0c,YP: GNVQ level (YP's third subject),numeric,ORDINAL,-999.0 thru -1.0,"[{""value"": ""-99.0"", ""label"": ""YP not interviewed""}, {""value"": ""-92.0"", ""label"": ""Refused""}, {""value"": ""-91.0"", ""label"": ""Not applicable""}, {""value"": ""-1.0"", ""label"": ""Don't know""}, {""value"": ""1.0"", ""label"": ""Foundation GNVQ""}, {""value"": ""2.0"", ""label"": ""Intermediate GNVQ""}]"
255,W4GNVQFullYP0a,YP: GNVQ award YP studying for (first subject),numeric,ORDINAL,-999.0 thru -1.0,"[{""value"": ""-99.0"", ""label"": ""YP not interviewed""}, {""value"": ""-92.0"", ""label"": ""Refused""}, {""value"": ""-91.0"", ""label"": ""Not applicable""}, {""value"": ""-1.0"", ""label"": ""Don't know""}, {""value"": ""1.0"", ""label"": ""Full award""}, {""value"": ""2.0"", ""label"": ""Part 1 only""}]"
256,W4GNVQFullYP0b,YP: GNVQ award YP studying for (second subject),numeric,ORDINAL,-999.0 thru -1.0,"[{""value"": ""-99.0"", ""label"": ""YP not interviewed""}, {""value"": ""-92.0"", ""label"": ""Refused""}, {""value"": ""-91.0"", ""label"": ""Not applicable""}, {""value"": ""-1.0"", ""label"": ""Don't know""}, {""value"": ""1.0"", ""label"": ""Full award""}, {""value"": ""2.0"", ""label"": ""Part 1 only""}]"
257,W4GNVQFullYP0c,YP: GNVQ award YP studying for (third subject),numeric,ORDINAL,-999.0 thru -1.0,"[{""value"": ""-99.0"", ""label"": ""YP not interviewed""}, {""value"": ""-92.0"", ""label"": ""Refused""}, {""value"": ""-91.0"", ""label"": ""Not applicable""}, {""value"": ""-1.0"", ""label"": ""Don't know""}, {""value"": ""1.0"", ""label"": ""Full award""}, {""value"": ""2.0"", ""label"": ""Part 1 only""}]"
258,W4NVQNoYP,YP: Number of NVQs YP studying for,numeric,SCALE,-999.0 thru -1.0,"[{""value"": ""-99.0"", ""label"": ""YP not interviewed""}, {""value"": ""-92.0"", ""label"": ""Refused""}, {""value"": ""-91.0"", ""label"": ""Not applicable""}, {""value"": ""-1.0"", ""label"": ""Don't know""}]"
259,W4NVQFullYP0a,YP: Whether YP studying for NVQ full award or not (first subject),numeric,ORDINAL,-999.0 thru -1.0,"[{""value"": ""-99.0"", ""label"": ""YP not interviewed""}, {""value"": ""-92.0"", ""label"": ""Refused""}, {""value"": ""-91.0"", ""label"": ""Not applicable""}, {""value"": ""-1.0"", ""label"": ""Don't know""}, {""value"": ""1.0"", ""label"": ""Full Award""}, {""value"": ""2.0"", ""label"": ""Certain units only""}]"
260,W4NVQFullYP0b,YP: Whether YP studying for NVQ full award or not (second subject),numeric,ORDINAL,-999.0 thru -1.0,"[{""value"": ""-99.0"", ""label"": ""YP not interviewed""}, {""value"": ""-92.0"", ""label"": ""Refused""}, {""value"": ""-91.0"", ""label"": ""Not applicable""}, {""value"": ""-1.0"", ""label"": ""Don't know""}, {""value"": ""1.0"", ""label"": ""Full Award""}, {""value"": ""2.0"", ""label"": ""Certain units only""}]"
261,W4NVQFullYP0c,YP: Whether YP studying for NVQ full award or not (third subject) :,numeric,ORDINAL,-999.0 thru -1.0,"[{""value"": ""-99.0"", ""label"": ""YP not interviewed""}, {""value"": ""-92.0"", ""label"": ""Refused""}, {""value"": ""-91.0"", ""label"": ""Not applicable""}, {""value"": ""-1.0"", ""label"": ""Don't know""}, {""value"": ""1.0"", ""label"": ""Full Award""}, {""value"": ""2.0"", ""label"": ""Certain units only""}]"
262,W4NVQSubYP0a,YP: Main NVQ subject (YP's first subject),numeric,NOMINAL,-999.0 thru -1.0,"[{""value"": ""-99.0"", ""label"": ""YP not interviewed""}, {""value"": ""-92.0"", ""label"": ""Refused""}, {""value"": ""-91.0"", ""label"": ""Not applicable""}, {""value"": ""-1.0"", ""label"": ""Don't know""}, {""value"": ""1.0"", ""label"": ""Beauty therapy""}, {""value"": ""2.0"", ""label"": ""Business""}, {""value"": ""3.0"", ""label"": ""Catering Services""}, {""value"": ""4.0"", ""label"": ""Child care services""}, {""value"": ""5.0"", ""label"": ""Engineering""}, {""value"": ""6.0"", ""label"": ""IT""}, {""value"": ""7.0"", ""label"": ""Vehicle maintenance/repair""}, {""value"": ""8.0"", ""label"": ""Accountancy""}, {""value"": ""9.0"", ""label"": ""Animal care""}, {""value"": ""10.0"", ""label"": ""Bricklaying""}, {""value"": ""11.0"", ""label"": ""Carpentry & joinery""}, {""value"": ""12.0"", ""label"": ""Construction""}, {""value"": ""13.0"", ""label"": ""Customer service""}, {""value"": ""14.0"", ""label"": ""Electronics/electrical engineering""}, {""value"": ""15.0"", ""label"": ""English""}, {""value"": ""16.0"", ""label"": ""Sports and recreation""}, {""value"": ""17.0"", ""label"": ""Hairdressing""}, {""value"": ""18.0"", ""label"": ""Health & social care""}, {""value"": ""19.0"", ""label"": ""Maths""}, {""value"": ""20.0"", ""label"": ""Painting & decorating""}, {""value"": ""21.0"", ""label"": ""Plumbing""}, {""value"": ""22.0"", ""label"": ""Public service""}, {""value"": ""23.0"", ""label"": ""Travel and tourism""}, {""value"": ""24.0"", ""label"": ""Horse care/managment""}, {""value"": ""25.0"", ""label"": ""Retail""}, {""value"": ""26.0"", ""label"": ""Other""}, {""value"": ""27.0"", ""label"": ""No Answer""}, {""value"": ""29.0"", ""label"": ""Multi-coded""}]"
263,W4NVQSubYP0b,YP: Main NVQ subject (YP's second subject),numeric,NOMINAL,-999.0 thru -1.0,"[{""value"": ""-99.0"", ""label"": ""YP not interviewed""}, {""value"": ""-92.0"", ""label"": ""Refused""}, {""value"": ""-91.0"", ""label"": ""Not applicable""}, {""value"": ""-1.0"", ""label"": ""Don't know""}, {""value"": ""1.0"", ""label"": ""Beauty therapy""}, {""value"": ""2.0"", ""label"": ""Business""}, {""value"": ""3.0"", ""label"": ""Catering Services""}, {""value"": ""4.0"", ""label"": ""Child care services""}, {""value"": ""5.0"", ""label"": ""Engineering""}, {""value"": ""6.0"", ""label"": ""IT""}, {""value"": ""7.0"", ""label"": ""Vehicle maintenance/repair""}, {""value"": ""8.0"", ""label"": ""Accountancy""}, {""value"": ""9.0"", ""label"": ""Animal care""}, {""value"": ""10.0"", ""label"": ""Bricklaying""}, {""value"": ""11.0"", ""label"": ""Carpentry & joinery""}, {""value"": ""12.0"", ""label"": ""Construction""}, {""value"": ""13.0"", ""label"": ""Customer service""}, {""value"": ""14.0"", ""label"": ""Electronics/electrical engineering""}, {""value"": ""15.0"", ""label"": ""English""}, {""value"": ""16.0"", ""label"": ""Sports and recreation""}, {""value"": ""17.0"", ""label"": ""Hairdressing""}, {""value"": ""18.0"", ""label"": ""Health & social care""}, {""value"": ""19.0"", ""label"": ""Maths""}, {""value"": ""20.0"", ""label"": ""Painting & decorating""}, {""value"": ""21.0"", ""label"": ""Plumbing""}, {""value"": ""22.0"", ""label"": ""Public service""}, {""value"": ""23.0"", ""label"": ""Travel and tourism""}, {""value"": ""24.0"", ""label"": ""Horse care/managment""}, {""value"": ""25.0"", ""label"": ""Retail""}, {""value"": ""26.0"", ""label"": ""Other""}, {""value"": ""27.0"", ""label"": ""No Answer""}, {""value"": ""29.0"", ""label"": ""Multi-coded""}]"
264,W4NVQSubYP0c,YP: Main NVQ subject (YP's third subject),numeric,NOMINAL,-999.0 thru -1.0,"[{""value"": ""-99.0"", ""label"": ""YP not interviewed""}, {""value"": ""-92.0"", ""label"": ""Refused""}, {""value"": ""-91.0"", ""label"": ""Not applicable""}, {""value"": ""-1.0"", ""label"": ""Don't know""}, {""value"": ""1.0"", ""label"": ""Beauty therapy""}, {""value"": ""2.0"", ""label"": ""Business""}, {""value"": ""3.0"", ""label"": ""Catering Services""}, {""value"": ""4.0"", ""label"": ""Child care services""}, {""value"": ""5.0"", ""label"": ""Engineering""}, {""value"": ""6.0"", ""label"": ""IT""}, {""value"": ""7.0"", ""label"": ""Vehicle maintenance/repair""}, {""value"": ""8.0"", ""label"": ""Accountancy""}, {""value"": ""9.0"", ""label"": ""Animal care""}, {""value"": ""10.0"", ""label"": ""Bricklaying""}, {""value"": ""11.0"", ""label"": ""Carpentry & joinery""}, {""value"": ""12.0"", ""label"": ""Construction""}, {""value"": ""13.0"", ""label"": ""Customer service""}, {""value"": ""14.0"", ""label"": ""Electronics/electrical engineering""}, {""value"": ""15.0"", ""label"": ""English""}, {""value"": ""16.0"", ""label"": ""Sports and recreation""}, {""value"": ""17.0"", ""label"": ""Hairdressing""}, {""value"": ""18.0"", ""label"": ""Health & social care""}, {""value"": ""19.0"", ""label"": ""Maths""}, {""value"": ""20.0"", ""label"": ""Painting & decorating""}, {""value"": ""21.0"", ""label"": ""Plumbing""}, {""value"": ""22.0"", ""label"": ""Public service""}, {""value"": ""23.0"", ""label"": ""Travel and tourism""}, {""value"": ""24.0"", ""label"": ""Horse care/managment""}, {""value"": ""25.0"", ""label"": ""Retail""}, {""value"": ""26.0"", ""label"": ""Other""}, {""value"": ""27.0"", ""label"": ""No Answer""}]"
265,W4NVQLevYP0a,YP: GNVQ Level (YP's first subject),numeric,ORDINAL,-999.0 thru -1.0,"[{""value"": ""-99.0"", ""label"": ""YP not interviewed""}, {""value"": ""-92.0"", ""label"": ""Refused""}, {""value"": ""-91.0"", ""label"": ""Not applicable""}, {""value"": ""-1.0"", ""label"": ""Don't know""}, {""value"": ""1.0"", ""label"": ""Level 1""}, {""value"": ""2.0"", ""label"": ""Level 2""}, {""value"": ""3.0"", ""label"": ""Level 3""}]"
266,W4NVQLevYP0b,YP: GNVQ Level (YP's second subject),numeric,ORDINAL,-999.0 thru -1.0,"[{""value"": ""-99.0"", ""label"": ""YP not interviewed""}, {""value"": ""-92.0"", ""label"": ""Refused""}, {""value"": ""-91.0"", ""label"": ""Not applicable""}, {""value"": ""-1.0"", ""label"": ""Don't know""}, {""value"": ""1.0"", ""label"": ""Level 1""}, {""value"": ""2.0"", ""label"": ""Level 2""}, {""value"": ""3.0"", ""label"": ""Level 3""}]"
267,W4NVQLevYP0c,YP: GNVQ Level (YP's third subject),numeric,ORDINAL,-999.0 thru -1.0,"[{""value"": ""-99.0"", ""label"": ""YP not interviewed""}, {""value"": ""-92.0"", ""label"": ""Refused""}, {""value"": ""-91.0"", ""label"": ""Not applicable""}, {""value"": ""-1.0"", ""label"": ""Don't know""}, {""value"": ""1.0"", ""label"": ""Level 1""}, {""value"": ""2.0"", ""label"": ""Level 2""}, {""value"": ""3.0"", ""label"": ""Level 3""}]"
268,W4EdExNoYP,"YP: Number of Edexcel, BTEC or LQL YP is studying for",numeric,SCALE,-999.0 thru -1.0,"[{""value"": ""-99.0"", ""label"": ""YP not interviewed""}, {""value"": ""-92.0"", ""label"": ""Refused""}, {""value"": ""-91.0"", ""label"": ""Not applicable""}, {""value"": ""-1.0"", ""label"": ""Don't know""}]"
269,W4EdExSubYP0a,"YP: Edexcel, BTEC or LQL subject YP studying for (first subject)",numeric,NOMINAL,-999.0 thru -1.0,"[{""value"": ""-99.0"", ""label"": ""YP not interviewed""}, {""value"": ""-92.0"", ""label"": ""Refused""}, {""value"": ""-91.0"", ""label"": ""Not applicable""}, {""value"": ""-1.0"", ""label"": ""Don't know""}, {""value"": ""1.0"", ""label"": ""Animal care / management""}, {""value"": ""2.0"", ""label"": ""Art & design""}, {""value"": ""3.0"", ""label"": ""Beauty therapy""}, {""value"": ""4.0"", ""label"": ""Business (studies)""}, {""value"": ""5.0"", ""label"": ""Child care (early years)""}, {""value"": ""6.0"", ""label"": ""Construction""}, {""value"": ""7.0"", ""label"": ""Dance""}, {""value"": ""8.0"", ""label"": ""Drama""}, {""value"": ""9.0"", ""label"": ""Electrical engineering""}, {""value"": ""10.0"", ""label"": ""Engineering (no detail)""}, {""value"": ""11.0"", ""label"": ""English/english language/english literature""}, {""value"": ""12.0"", ""label"": ""Fashion (& clothing design)""}, {""value"": ""13.0"", ""label"": ""Forensic science""}, {""value"": ""14.0"", ""label"": ""Graphics""}, {""value"": ""15.0"", ""label"": ""Health and social care""}, {""value"": ""16.0"", ""label"": ""IT / ICT""}, {""value"": ""17.0"", ""label"": ""Maths""}, {""value"": ""18.0"", ""label"": ""Media (studies)""}, {""value"": ""19.0"", ""label"": ""Motor vehicles/motor sport""}, {""value"": ""20.0"", ""label"": ""Multi media""}, {""value"": ""21.0"", ""label"": ""Music""}, {""value"": ""22.0"", ""label"": ""Performing arts""}, {""value"": ""23.0"", ""label"": ""Photography""}, {""value"": ""24.0"", ""label"": ""Public services""}, {""value"": ""25.0"", ""label"": ""(Applied) science""}, {""value"": ""26.0"", ""label"": ""Sports""}, {""value"": ""27.0"", ""label"": ""Travel & tourism""}, {""value"": ""28.0"", ""label"": ""Care (general)""}, {""value"": ""29.0"", ""label"": ""Performing Arts (Dance)""}, {""value"": ""30.0"", ""label"": ""Other""}, {""value"": ""31.0"", ""label"": ""No Answer""}, {""value"": ""33.0"", ""label"": ""Multi-coded""}]"
270,W4EdExSubYP0b,"YP: Edexcel, BTEC or LQL subject YP studying for (second subject)",numeric,NOMINAL,-999.0 thru -1.0,"[{""value"": ""-99.0"", ""label"": ""YP not interviewed""}, {""value"": ""-92.0"", ""label"": ""Refused""}, {""value"": ""-91.0"", ""label"": ""Not applicable""}, {""value"": ""-1.0"", ""label"": ""Don't know""}, {""value"": ""1.0"", ""label"": ""Animal care / management""}, {""value"": ""2.0"", ""label"": ""Art & design""}, {""value"": ""3.0"", ""label"": ""Beauty therapy""}, {""value"": ""4.0"", ""label"": ""Business (studies)""}, {""value"": ""5.0"", ""label"": ""Child care (early years)""}, {""value"": ""6.0"", ""label"": ""Construction""}, {""value"": ""7.0"", ""label"": ""Dance""}, {""value"": ""8.0"", ""label"": ""Drama""}, {""value"": ""9.0"", ""label"": ""Electrical engineering""}, {""value"": ""10.0"", ""label"": ""Engineering (no detail)""}, {""value"": ""11.0"", ""label"": ""English/english language/english literature""}, {""value"": ""12.0"", ""label"": ""Fashion (& clothing design)""}, {""value"": ""13.0"", ""label"": ""Forensic science""}, {""value"": ""14.0"", ""label"": ""Graphics""}, {""value"": ""15.0"", ""label"": ""Health and social care""}, {""value"": ""16.0"", ""label"": ""IT / ICT""}, {""value"": ""17.0"", ""label"": ""Maths""}, {""value"": ""18.0"", ""label"": ""Media (studies)""}, {""value"": ""19.0"", ""label"": ""Motor vehicles/motor sport""}, {""value"": ""20.0"", ""label"": ""Multi media""}, {""value"": ""21.0"", ""label"": ""Music""}, {""value"": ""22.0"", ""label"": ""Performing arts""}, {""value"": ""23.0"", ""label"": ""Photography""}, {""value"": ""24.0"", ""label"": ""Public services""}, {""value"": ""25.0"", ""label"": ""(Applied) science""}, {""value"": ""26.0"", ""label"": ""Sports""}, {""value"": ""27.0"", ""label"": ""Travel & tourism""}, {""value"": ""28.0"", ""label"": ""Care (general)""}, {""value"": ""29.0"", ""label"": ""Performing Arts (Dance)""}, {""value"": ""30.0"", ""label"": ""Other""}, {""value"": ""31.0"", ""label"": ""No Answer""}]"
271,W4EdExSubYP0c,"YP: Edexcel, BTEC or LQL subject YP studying for (third subject)",numeric,NOMINAL,-999.0 thru -1.0,"[{""value"": ""-99.0"", ""label"": ""YP not interviewed""}, {""value"": ""-92.0"", ""label"": ""Refused""}, {""value"": ""-91.0"", ""label"": ""Not applicable""}, {""value"": ""-1.0"", ""label"": ""Don't know""}, {""value"": ""1.0"", ""label"": ""Animal care / management""}, {""value"": ""2.0"", ""label"": ""Art & design""}, {""value"": ""3.0"", ""label"": ""Beauty therapy""}, {""value"": ""4.0"", ""label"": ""Business (studies)""}, {""value"": ""5.0"", ""label"": ""Child care (early years)""}, {""value"": ""6.0"", ""label"": ""Construction""}, {""value"": ""7.0"", ""label"": ""Dance""}, {""value"": ""8.0"", ""label"": ""Drama""}, {""value"": ""9.0"", ""label"": ""Electrical engineering""}, {""value"": ""10.0"", ""label"": ""Engineering (no detail)""}, {""value"": ""11.0"", ""label"": ""English/english language/english literature""}, {""value"": ""12.0"", ""label"": ""Fashion (& clothing design)""}, {""value"": ""13.0"", ""label"": ""Forensic science""}, {""value"": ""14.0"", ""label"": ""Graphics""}, {""value"": ""15.0"", ""label"": ""Health and social care""}, {""value"": ""16.0"", ""label"": ""IT / ICT""}, {""value"": ""17.0"", ""label"": ""Maths""}, {""value"": ""18.0"", ""label"": ""Media (studies)""}, {""value"": ""19.0"", ""label"": ""Motor vehicles/motor sport""}, {""value"": ""20.0"", ""label"": ""Multi media""}, {""value"": ""21.0"", ""label"": ""Music""}, {""value"": ""22.0"", ""label"": ""Performing arts""}, {""value"": ""23.0"", ""label"": ""Photography""}, {""value"": ""24.0"", ""label"": ""Public services""}, {""value"": ""25.0"", ""label"": ""(Applied) science""}, {""value"": ""26.0"", ""label"": ""Sports""}, {""value"": ""27.0"", ""label"": ""Travel & tourism""}, {""value"": ""28.0"", ""label"": ""Care (general)""}, {""value"": ""29.0"", ""label"": ""Performing Arts (Dance)""}, {""value"": ""30.0"", ""label"": ""Other""}, {""value"": ""31.0"", ""label"": ""No Answer""}]"
272,W4EdExSubYP0d,"YP: Edexcel, BTEC or LQL subject YP studying for (fourth subject)",numeric,NOMINAL,-999.0 thru -1.0,"[{""value"": ""-99.0"", ""label"": ""YP not interviewed""}, {""value"": ""-92.0"", ""label"": ""Refused""}, {""value"": ""-91.0"", ""label"": ""Not applicable""}, {""value"": ""-1.0"", ""label"": ""Don't know""}, {""value"": ""1.0"", ""label"": ""Animal care / management""}, {""value"": ""2.0"", ""label"": ""Art & design""}, {""value"": ""3.0"", ""label"": ""Beauty therapy""}, {""value"": ""4.0"", ""label"": ""Business (studies)""}, {""value"": ""5.0"", ""label"": ""Child care (early years)""}, {""value"": ""6.0"", ""label"": ""Construction""}, {""value"": ""7.0"", ""label"": ""Dance""}, {""value"": ""8.0"", ""label"": ""Drama""}, {""value"": ""9.0"", ""label"": ""Electrical engineering""}, {""value"": ""10.0"", ""label"": ""Engineering (no detail)""}, {""value"": ""11.0"", ""label"": ""English/english language/english literature""}, {""value"": ""12.0"", ""label"": ""Fashion (& clothing design)""}, {""value"": ""13.0"", ""label"": ""Forensic science""}, {""value"": ""14.0"", ""label"": ""Graphics""}, {""value"": ""15.0"", ""label"": ""Health and social care""}, {""value"": ""16.0"", ""label"": ""IT / ICT""}, {""value"": ""17.0"", ""label"": ""Maths""}, {""value"": ""18.0"", ""label"": ""Media (studies)""}, {""value"": ""19.0"", ""label"": ""Motor vehicles/motor sport""}, {""value"": ""20.0"", ""label"": ""Multi media""}, {""value"": ""21.0"", ""label"": ""Music""}, {""value"": ""22.0"", ""label"": ""Performing arts""}, {""value"": ""23.0"", ""label"": ""Photography""}, {""value"": ""24.0"", ""label"": ""Public services""}, {""value"": ""25.0"", ""label"": ""(Applied) science""}, {""value"": ""26.0"", ""label"": ""Sports""}, {""value"": ""27.0"", ""label"": ""Travel & tourism""}, {""value"": ""28.0"", ""label"": ""Care (general)""}, {""value"": ""29.0"", ""label"": ""Performing Arts (Dance)""}, {""value"": ""30.0"", ""label"": ""Other""}, {""value"": ""31.0"", ""label"": ""No Answer""}]"
273,W4EdExLevYP0a,"YP: Edexcel, BTEC or LQL level YP studying for (first subject)",numeric,NOMINAL,-999.0 thru -1.0,"[{""value"": ""-99.0"", ""label"": ""YP not interviewed""}, {""value"": ""-92.0"", ""label"": ""Refused""}, {""value"": ""-91.0"", ""label"": ""Not applicable""}, {""value"": ""-1.0"", ""label"": ""Don't know""}, {""value"": ""1.0"", ""label"": ""First Certificate""}, {""value"": ""2.0"", ""label"": ""First or General Diploma""}, {""value"": ""3.0"", ""label"": ""National Certificate or Diploma""}, {""value"": ""4.0"", ""label"": ""Other Edexcel, BTEC or LQL""}]"
274,W4EdExLevYP0b,"YP: Edexcel, BTEC or LQL level YP studying for (second subject)",numeric,NOMINAL,-999.0 thru -1.0,"[{""value"": ""-99.0"", ""label"": ""YP not interviewed""}, {""value"": ""-92.0"", ""label"": ""Refused""}, {""value"": ""-91.0"", ""label"": ""Not applicable""}, {""value"": ""-1.0"", ""label"": ""Don't know""}, {""value"": ""1.0"", ""label"": ""First Certificate""}, {""value"": ""2.0"", ""label"": ""First or General Diploma""}, {""value"": ""3.0"", ""label"": ""National Certificate or Diploma""}, {""value"": ""4.0"", ""label"": ""Other Edexcel, BTEC or LQL""}]"
275,W4EdExLevYP0c,"YP: Edexcel, BTEC or LQL level YP studying for (third subject)",numeric,NOMINAL,-999.0 thru -1.0,"[{""value"": ""-99.0"", ""label"": ""YP not interviewed""}, {""value"": ""-92.0"", ""label"": ""Refused""}, {""value"": ""-91.0"", ""label"": ""Not applicable""}, {""value"": ""-1.0"", ""label"": ""Don't know""}, {""value"": ""1.0"", ""label"": ""First Certificate""}, {""value"": ""2.0"", ""label"": ""First or General Diploma""}, {""value"": ""3.0"", ""label"": ""National Certificate or Diploma""}, {""value"": ""4.0"", ""label"": ""Other Edexcel, BTEC or LQL""}]"
276,W4EdExLevYP0d,"YP: Edexcel, BTEC or LQL level YP studying for (fourth subject)",numeric,NOMINAL,-999.0 thru -1.0,"[{""value"": ""-99.0"", ""label"": ""YP not interviewed""}, {""value"": ""-92.0"", ""label"": ""Refused""}, {""value"": ""-91.0"", ""label"": ""Not applicable""}, {""value"": ""-1.0"", ""label"": ""Don't know""}, {""value"": ""1.0"", ""label"": ""First Certificate""}, {""value"": ""2.0"", ""label"": ""First or General Diploma""}, {""value"": ""3.0"", ""label"": ""National Certificate or Diploma""}, {""value"": ""4.0"", ""label"": ""Other Edexcel, BTEC or LQL""}]"
277,W4EdExEqYP0a,"YP: NVQ equivalent of Edexcel, BTEC or LQL subject (YP's first subject)",numeric,ORDINAL,-999.0 thru -1.0,"[{""value"": ""-99.0"", ""label"": ""YP not interviewed""}, {""value"": ""-92.0"", ""label"": ""Refused""}, {""value"": ""-91.0"", ""label"": ""Not applicable""}, {""value"": ""-1.0"", ""label"": ""Don't know""}, {""value"": ""1.0"", ""label"": ""Level 1""}, {""value"": ""2.0"", ""label"": ""Level 2""}, {""value"": ""3.0"", ""label"": ""Level 3""}]"
278,W4EdExEqYP0b,"YP: NVQ equivalent of Edexcel, BTEC or LQL subject (YP's second subject)",numeric,ORDINAL,-999.0 thru -1.0,"[{""value"": ""-99.0"", ""label"": ""YP not interviewed""}, {""value"": ""-92.0"", ""label"": ""Refused""}, {""value"": ""-91.0"", ""label"": ""Not applicable""}, {""value"": ""-1.0"", ""label"": ""Don't know""}, {""value"": ""1.0"", ""label"": ""Level 1""}, {""value"": ""2.0"", ""label"": ""Level 2""}, {""value"": ""3.0"", ""label"": ""Level 3""}]"
279,W4EdExEqYP0c,"YP: NVQ equivalent of Edexcel, BTEC or LQL subject (YP's third subject)",numeric,ORDINAL,-999.0 thru -1.0,"[{""value"": ""-99.0"", ""label"": ""YP not interviewed""}, {""value"": ""-92.0"", ""label"": ""Refused""}, {""value"": ""-91.0"", ""label"": ""Not applicable""}, {""value"": ""-1.0"", ""label"": ""Don't know""}, {""value"": ""1.0"", ""label"": ""Level 1""}, {""value"": ""2.0"", ""label"": ""Level 2""}, {""value"": ""3.0"", ""label"": ""Level 3""}]"
280,W4OCRNoYP,YP: Number of OCR qualifications YP studying for,numeric,SCALE,-999.0 thru -1.0,"[{""value"": ""-99.0"", ""label"": ""YP not interviewed""}, {""value"": ""-92.0"", ""label"": ""Refused""}, {""value"": ""-91.0"", ""label"": ""Not applicable""}, {""value"": ""-1.0"", ""label"": ""Don't know""}]"
281,W4OCRSubYP0a,YP: OCR subject YP studying for (first subject),numeric,NOMINAL,-999.0 thru -1.0,"[{""value"": ""-99.0"", ""label"": ""YP not interviewed""}, {""value"": ""-92.0"", ""label"": ""Refused""}, {""value"": ""-91.0"", ""label"": ""Not applicable""}, {""value"": ""-1.0"", ""label"": ""Don't know""}, {""value"": ""1.0"", ""label"": ""Adult learning""}, {""value"": ""2.0"", ""label"": ""Any language""}, {""value"": ""3.0"", ""label"": ""Business (studies)""}, {""value"": ""4.0"", ""label"": ""Childcare""}, {""value"": ""5.0"", ""label"": ""Clait""}, {""value"": ""6.0"", ""label"": ""Electrics""}, {""value"": ""7.0"", ""label"": ""English""}, {""value"": ""8.0"", ""label"": ""IT/ICT""}, {""value"": ""9.0"", ""label"": ""Maths""}, {""value"": ""10.0"", ""label"": ""Media""}, {""value"": ""11.0"", ""label"": ""Science""}, {""value"": ""12.0"", ""label"": ""Health and social care""}, {""value"": ""13.0"", ""label"": ""Sports""}, {""value"": ""14.0"", ""label"": ""Health and Safety""}, {""value"": ""15.0"", ""label"": ""Art and Design""}, {""value"": ""16.0"", ""label"": ""History""}, {""value"": ""17.0"", ""label"": ""Typing/word processing""}, {""value"": ""18.0"", ""label"": ""Other answers""}, {""value"": ""19.0"", ""label"": ""No Answer""}, {""value"": ""21.0"", ""label"": ""Multi-coded""}]"
282,W4OCRSubYP0b,YP: OCR subject YP studying for (second subject),numeric,NOMINAL,-999.0 thru -1.0,"[{""value"": ""-99.0"", ""label"": ""YP not interviewed""}, {""value"": ""-92.0"", ""label"": ""Refused""}, {""value"": ""-91.0"", ""label"": ""Not applicable""}, {""value"": ""-1.0"", ""label"": ""Don't know""}, {""value"": ""1.0"", ""label"": ""Adult learning""}, {""value"": ""2.0"", ""label"": ""Any language""}, {""value"": ""3.0"", ""label"": ""Business (studies)""}, {""value"": ""4.0"", ""label"": ""Childcare""}, {""value"": ""5.0"", ""label"": ""Clait""}, {""value"": ""6.0"", ""label"": ""Electrics""}, {""value"": ""7.0"", ""label"": ""English""}, {""value"": ""8.0"", ""label"": ""IT/ICT""}, {""value"": ""9.0"", ""label"": ""Maths""}, {""value"": ""10.0"", ""label"": ""Media""}, {""value"": ""11.0"", ""label"": ""Science""}, {""value"": ""12.0"", ""label"": ""Health and social care""}, {""value"": ""13.0"", ""label"": ""Sports""}, {""value"": ""14.0"", ""label"": ""Health and Safety""}, {""value"": ""15.0"", ""label"": ""Art and Design""}, {""value"": ""16.0"", ""label"": ""History""}, {""value"": ""17.0"", ""label"": ""Typing/word processing""}, {""value"": ""18.0"", ""label"": ""Other answers""}, {""value"": ""19.0"", ""label"": ""No Answer""}]"
283,W4OCRSubYP0c,YP: OCR subject YP studying for (third subject),numeric,NOMINAL,-999.0 thru -1.0,"[{""value"": ""-99.0"", ""label"": ""YP not interviewed""}, {""value"": ""-92.0"", ""label"": ""Refused""}, {""value"": ""-91.0"", ""label"": ""Not applicable""}, {""value"": ""-1.0"", ""label"": ""Don't know""}, {""value"": ""1.0"", ""label"": ""Adult learning""}, {""value"": ""2.0"", ""label"": ""Any language""}, {""value"": ""3.0"", ""label"": ""Business (studies)""}, {""value"": ""4.0"", ""label"": ""Childcare""}, {""value"": ""5.0"", ""label"": ""Clait""}, {""value"": ""6.0"", ""label"": ""Electrics""}, {""value"": ""7.0"", ""label"": ""English""}, {""value"": ""8.0"", ""label"": ""IT/ICT""}, {""value"": ""9.0"", ""label"": ""Maths""}, {""value"": ""10.0"", ""label"": ""Media""}, {""value"": ""11.0"", ""label"": ""Science""}, {""value"": ""12.0"", ""label"": ""Health and social care""}, {""value"": ""13.0"", ""label"": ""Sports""}, {""value"": ""14.0"", ""label"": ""Health and Safety""}, {""value"": ""15.0"", ""label"": ""Art and Design""}, {""value"": ""16.0"", ""label"": ""History""}, {""value"": ""17.0"", ""label"": ""Typing/word processing""}, {""value"": ""18.0"", ""label"": ""Other answers""}, {""value"": ""19.0"", ""label"": ""No Answer""}]"
284,W4OCRSubYP0d,YP: OCR subject YP studying for (fourth subject),numeric,NOMINAL,-999.0 thru -1.0,"[{""value"": ""-99.0"", ""label"": ""YP not interviewed""}, {""value"": ""-92.0"", ""label"": ""Refused""}, {""value"": ""-91.0"", ""label"": ""Not applicable""}, {""value"": ""-1.0"", ""label"": ""Don't know""}, {""value"": ""1.0"", ""label"": ""Adult learning""}, {""value"": ""2.0"", ""label"": ""Any language""}, {""value"": ""3.0"", ""label"": ""Business (studies)""}, {""value"": ""4.0"", ""label"": ""Childcare""}, {""value"": ""5.0"", ""label"": ""Clait""}, {""value"": ""6.0"", ""label"": ""Electrics""}, {""value"": ""7.0"", ""label"": ""English""}, {""value"": ""8.0"", ""label"": ""IT/ICT""}, {""value"": ""9.0"", ""label"": ""Maths""}, {""value"": ""10.0"", ""label"": ""Media""}, {""value"": ""11.0"", ""label"": ""Science""}, {""value"": ""12.0"", ""label"": ""Health and social care""}, {""value"": ""13.0"", ""label"": ""Sports""}, {""value"": ""14.0"", ""label"": ""Health and Safety""}, {""value"": ""15.0"", ""label"": ""Art and Design""}, {""value"": ""16.0"", ""label"": ""History""}, {""value"": ""17.0"", ""label"": ""Typing/word processing""}, {""value"": ""18.0"", ""label"": ""Other answers""}, {""value"": ""19.0"", ""label"": ""No Answer""}]"
285,W4OCRLevYP0a,YP: OCR level YP studying for (first subject),numeric,NOMINAL,-999.0 thru -1.0,"[{""value"": ""-99.0"", ""label"": ""YP not interviewed""}, {""value"": ""-92.0"", ""label"": ""Refused""}, {""value"": ""-91.0"", ""label"": ""Not applicable""}, {""value"": ""-1.0"", ""label"": ""Don't know""}, {""value"": ""1.0"", ""label"": ""Certificate""}, {""value"": ""2.0"", ""label"": ""First Diploma""}, {""value"": ""3.0"", ""label"": ""Advanced Diploma""}, {""value"": ""4.0"", ""label"": ""Other type of OCR qualification""}]"
286,W4OCRLevYP0b,YP: OCR level YP studying for (second subject),numeric,NOMINAL,-999.0 thru -1.0,"[{""value"": ""-99.0"", ""label"": ""YP not interviewed""}, {""value"": ""-92.0"", ""label"": ""Refused""}, {""value"": ""-91.0"", ""label"": ""Not applicable""}, {""value"": ""-1.0"", ""label"": ""Don't know""}, {""value"": ""1.0"", ""label"": ""Certificate""}, {""value"": ""2.0"", ""label"": ""First Diploma""}, {""value"": ""3.0"", ""label"": ""Advanced Diploma""}, {""value"": ""4.0"", ""label"": ""Other type of OCR qualification""}]"
287,W4OCRLevYP0c,YP: OCR level YP studying for (third subject),numeric,NOMINAL,-999.0 thru -1.0,"[{""value"": ""-99.0"", ""label"": ""YP not interviewed""}, {""value"": ""-92.0"", ""label"": ""Refused""}, {""value"": ""-91.0"", ""label"": ""Not applicable""}, {""value"": ""-1.0"", ""label"": ""Don't know""}, {""value"": ""1.0"", ""label"": ""Certificate""}, {""value"": ""2.0"", ""label"": ""First Diploma""}, {""value"": ""3.0"", ""label"": ""Advanced Diploma""}, {""value"": ""4.0"", ""label"": ""Other type of OCR qualification""}]"
288,W4OCRLevYP0d,YP: OCR level YP studying for (fourth subject),numeric,NOMINAL,-999.0 thru -1.0,"[{""value"": ""-99.0"", ""label"": ""YP not interviewed""}, {""value"": ""-92.0"", ""label"": ""Refused""}, {""value"": ""-91.0"", ""label"": ""Not applicable""}, {""value"": ""-1.0"", ""label"": ""Don't know""}, {""value"": ""1.0"", ""label"": ""Certificate""}, {""value"": ""2.0"", ""label"": ""First Diploma""}, {""value"": ""3.0"", ""label"": ""Advanced Diploma""}, {""value"": ""4.0"", ""label"": ""Other type of OCR qualification""}]"
289,W4OCREqYP0a,YP: NVQ equivalent of OCR subject (YP's first subject),numeric,ORDINAL,-999.0 thru -1.0,"[{""value"": ""-99.0"", ""label"": ""YP not interviewed""}, {""value"": ""-92.0"", ""label"": ""Refused""}, {""value"": ""-91.0"", ""label"": ""Not applicable""}, {""value"": ""-1.0"", ""label"": ""Don't know""}, {""value"": ""1.0"", ""label"": ""Level 1""}, {""value"": ""2.0"", ""label"": ""Level 2""}, {""value"": ""3.0"", ""label"": ""Level 3""}]"
290,W4OCREqYP0b,YP: NVQ equivalent of OCR subject (YP's second subject),numeric,ORDINAL,-999.0 thru -1.0,"[{""value"": ""-99.0"", ""label"": ""YP not interviewed""}, {""value"": ""-92.0"", ""label"": ""Refused""}, {""value"": ""-91.0"", ""label"": ""Not applicable""}, {""value"": ""-1.0"", ""label"": ""Don't know""}, {""value"": ""1.0"", ""label"": ""Level 1""}, {""value"": ""2.0"", ""label"": ""Level 2""}, {""value"": ""3.0"", ""label"": ""Level 3""}]"
291,W4OCREqYP0c,YP: NVQ equivalent of OCR subject (YP's third subject),numeric,ORDINAL,-999.0 thru -1.0,"[{""value"": ""-99.0"", ""label"": ""YP not interviewed""}, {""value"": ""-92.0"", ""label"": ""Refused""}, {""value"": ""-91.0"", ""label"": ""Not applicable""}, {""value"": ""-1.0"", ""label"": ""Don't know""}, {""value"": ""1.0"", ""label"": ""Level 1""}, {""value"": ""2.0"", ""label"": ""Level 2""}, {""value"": ""3.0"", ""label"": ""Level 3""}]"
292,W4CityNoYP,YP: Number of City and Guilds qualifications YP studying for,numeric,SCALE,-999.0 thru -1.0,"[{""value"": ""-99.0"", ""label"": ""YP not interviewed""}, {""value"": ""-92.0"", ""label"": ""Refused""}, {""value"": ""-91.0"", ""label"": ""Not applicable""}, {""value"": ""-1.0"", ""label"": ""Don't know""}]"
293,W4CitySubYP0a,YP: City and Guilds subject YP studying for (first subject),numeric,NOMINAL,-999.0 thru -1.0,"[{""value"": ""-99.0"", ""label"": ""YP not interviewed""}, {""value"": ""-92.0"", ""label"": ""Refused""}, {""value"": ""-91.0"", ""label"": ""Not applicable""}, {""value"": ""-1.0"", ""label"": ""Don't know""}, {""value"": ""1.0"", ""label"": ""Application of numbers""}, {""value"": ""2.0"", ""label"": ""Beauty therapy""}, {""value"": ""3.0"", ""label"": ""Bricklaying""}, {""value"": ""4.0"", ""label"": ""Business (studies)""}, {""value"": ""5.0"", ""label"": ""Carpentry and joinery""}, {""value"": ""6.0"", ""label"": ""Car mechanic / vehicle repair""}, {""value"": ""7.0"", ""label"": ""Catering""}, {""value"": ""8.0"", ""label"": ""Childcare""}, {""value"": ""9.0"", ""label"": ""Communication""}, {""value"": ""10.0"", ""label"": ""Construction""}, {""value"": ""11.0"", ""label"": ""Electrical installation/electronics""}, {""value"": ""12.0"", ""label"": ""Engineering (general)""}, {""value"": ""13.0"", ""label"": ""English""}, {""value"": ""14.0"", ""label"": ""Hairdressing""}, {""value"": ""15.0"", ""label"": ""Health and safety""}, {""value"": ""16.0"", ""label"": ""IT/ICT""}, {""value"": ""17.0"", ""label"": ""Literacy""}, {""value"": ""18.0"", ""label"": ""Maths""}, {""value"": ""19.0"", ""label"": ""Mechanics (no detail)""}, {""value"": ""20.0"", ""label"": ""Mechanical engineering""}, {""value"": ""21.0"", ""label"": ""Painting and decorating""}, {""value"": ""22.0"", ""label"": ""Plumbing""}, {""value"": ""23.0"", ""label"": ""Welding""}, {""value"": ""24.0"", ""label"": ""Other""}, {""value"": ""25.0"", ""label"": ""No Answer""}]"
294,W4CitySubYP0b,YP: City and Guilds subject YP studying for (second subject),numeric,NOMINAL,-999.0 thru -1.0,"[{""value"": ""-99.0"", ""label"": ""YP not interviewed""}, {""value"": ""-92.0"", ""label"": ""Refused""}, {""value"": ""-91.0"", ""label"": ""Not applicable""}, {""value"": ""-1.0"", ""label"": ""Don't know""}, {""value"": ""1.0"", ""label"": ""Application of numbers""}, {""value"": ""2.0"", ""label"": ""Beauty therapy""}, {""value"": ""3.0"", ""label"": ""Bricklaying""}, {""value"": ""4.0"", ""label"": ""Business (studies)""}, {""value"": ""5.0"", ""label"": ""Carpentry and joinery""}, {""value"": ""6.0"", ""label"": ""Car mechanic / vehicle repair""}, {""value"": ""7.0"", ""label"": ""Catering""}, {""value"": ""8.0"", ""label"": ""Childcare""}, {""value"": ""9.0"", ""label"": ""Communication""}, {""value"": ""10.0"", ""label"": ""Construction""}, {""value"": ""11.0"", ""label"": ""Electrical installation/electronics""}, {""value"": ""12.0"", ""label"": ""Engineering (general)""}, {""value"": ""13.0"", ""label"": ""English""}, {""value"": ""14.0"", ""label"": ""Hairdressing""}, {""value"": ""15.0"", ""label"": ""Health and safety""}, {""value"": ""16.0"", ""label"": ""IT/ICT""}, {""value"": ""17.0"", ""label"": ""Literacy""}, {""value"": ""18.0"", ""label"": ""Maths""}, {""value"": ""19.0"", ""label"": ""Mechanics (no detail)""}, {""value"": ""20.0"", ""label"": ""Mechanical engineering""}, {""value"": ""21.0"", ""label"": ""Painting and decorating""}, {""value"": ""22.0"", ""label"": ""Plumbing""}, {""value"": ""23.0"", ""label"": ""Welding""}, {""value"": ""24.0"", ""label"": ""Other""}, {""value"": ""25.0"", ""label"": ""No Answer""}, {""value"": ""27.0"", ""label"": ""Multi-coded""}]"
295,W4CitySubYP0c,YP: City and Guilds subject YP studying for (third subject),numeric,NOMINAL,-999.0 thru -1.0,"[{""value"": ""-99.0"", ""label"": ""YP not interviewed""}, {""value"": ""-92.0"", ""label"": ""Refused""}, {""value"": ""-91.0"", ""label"": ""Not applicable""}, {""value"": ""-1.0"", ""label"": ""Don't know""}, {""value"": ""1.0"", ""label"": ""Application of numbers""}, {""value"": ""2.0"", ""label"": ""Beauty therapy""}, {""value"": ""3.0"", ""label"": ""Bricklaying""}, {""value"": ""4.0"", ""label"": ""Business (studies)""}, {""value"": ""5.0"", ""label"": ""Carpentry and joinery""}, {""value"": ""6.0"", ""label"": ""Car mechanic / vehicle repair""}, {""value"": ""7.0"", ""label"": ""Catering""}, {""value"": ""8.0"", ""label"": ""Childcare""}, {""value"": ""9.0"", ""label"": ""Communication""}, {""value"": ""10.0"", ""label"": ""Construction""}, {""value"": ""11.0"", ""label"": ""Electrical installation/electronics""}, {""value"": ""12.0"", ""label"": ""Engineering (general)""}, {""value"": ""13.0"", ""label"": ""English""}, {""value"": ""14.0"", ""label"": ""Hairdressing""}, {""value"": ""15.0"", ""label"": ""Health and safety""}, {""value"": ""16.0"", ""label"": ""IT/ICT""}, {""value"": ""17.0"", ""label"": ""Literacy""}, {""value"": ""18.0"", ""label"": ""Maths""}, {""value"": ""19.0"", ""label"": ""Mechanics (no detail)""}, {""value"": ""20.0"", ""label"": ""Mechanical engineering""}, {""value"": ""21.0"", ""label"": ""Painting and decorating""}, {""value"": ""22.0"", ""label"": ""Plumbing""}, {""value"": ""23.0"", ""label"": ""Welding""}, {""value"": ""24.0"", ""label"": ""Other""}, {""value"": ""25.0"", ""label"": ""No Answer""}]"
296,W4CitySubYP0d,YP: City and Guilds subject YP studying for (fourth subject),numeric,NOMINAL,-999.0 thru -1.0,"[{""value"": ""-99.0"", ""label"": ""YP not interviewed""}, {""value"": ""-92.0"", ""label"": ""Refused""}, {""value"": ""-91.0"", ""label"": ""Not applicable""}, {""value"": ""-1.0"", ""label"": ""Don't know""}, {""value"": ""1.0"", ""label"": ""Application of numbers""}, {""value"": ""2.0"", ""label"": ""Beauty therapy""}, {""value"": ""3.0"", ""label"": ""Bricklaying""}, {""value"": ""4.0"", ""label"": ""Business (studies)""}, {""value"": ""5.0"", ""label"": ""Carpentry and joinery""}, {""value"": ""6.0"", ""label"": ""Car mechanic / vehicle repair""}, {""value"": ""7.0"", ""label"": ""Catering""}, {""value"": ""8.0"", ""label"": ""Childcare""}, {""value"": ""9.0"", ""label"": ""Communication""}, {""value"": ""10.0"", ""label"": ""Construction""}, {""value"": ""11.0"", ""label"": ""Electrical installation/electronics""}, {""value"": ""12.0"", ""label"": ""Engineering (general)""}, {""value"": ""13.0"", ""label"": ""English""}, {""value"": ""14.0"", ""label"": ""Hairdressing""}, {""value"": ""15.0"", ""label"": ""Health and safety""}, {""value"": ""16.0"", ""label"": ""IT/ICT""}, {""value"": ""17.0"", ""label"": ""Literacy""}, {""value"": ""18.0"", ""label"": ""Maths""}, {""value"": ""19.0"", ""label"": ""Mechanics (no detail)""}, {""value"": ""20.0"", ""label"": ""Mechanical engineering""}, {""value"": ""21.0"", ""label"": ""Painting and decorating""}, {""value"": ""22.0"", ""label"": ""Plumbing""}, {""value"": ""23.0"", ""label"": ""Welding""}, {""value"": ""24.0"", ""label"": ""Other""}, {""value"": ""25.0"", ""label"": ""No Answer""}, {""value"": ""27.0"", ""label"": ""Multi-coded""}]"
297,W4CityLevYP0a,YP: City and Guilds level YP studying for (first subject),numeric,NOMINAL,-999.0 thru -1.0,"[{""value"": ""-99.0"", ""label"": ""YP not interviewed""}, {""value"": ""-92.0"", ""label"": ""Refused""}, {""value"": ""-91.0"", ""label"": ""Not applicable""}, {""value"": ""-1.0"", ""label"": ""Don't know""}, {""value"": ""1.0"", ""label"": ""Level 1 or Part 1""}, {""value"": ""2.0"", ""label"": ""Level 2, Part 2, Craft or Intermediate""}, {""value"": ""3.0"", ""label"": ""Level 3, Part 3 or Final or Advanced Craft""}, {""value"": ""4.0"", ""label"": ""Other type of City and Guilds""}]"
298,W4CityLevYP0b,YP: City and Guilds level YP studying for (second subject),numeric,NOMINAL,-999.0 thru -1.0,"[{""value"": ""-99.0"", ""label"": ""YP not interviewed""}, {""value"": ""-92.0"", ""label"": ""Refused""}, {""value"": ""-91.0"", ""label"": ""Not applicable""}, {""value"": ""-1.0"", ""label"": ""Don't know""}, {""value"": ""1.0"", ""label"": ""Level 1 or Part 1""}, {""value"": ""2.0"", ""label"": ""Level 2, Part 2, Craft or Intermediate""}, {""value"": ""3.0"", ""label"": ""Level 3, Part 3 or Final or Advanced Craft""}, {""value"": ""4.0"", ""label"": ""Other type of City and Guilds""}]"
299,W4CityLevYP0c,YP: City and Guilds level YP studying for (third subject),numeric,NOMINAL,-999.0 thru -1.0,"[{""value"": ""-99.0"", ""label"": ""YP not interviewed""}, {""value"": ""-92.0"", ""label"": ""Refused""}, {""value"": ""-91.0"", ""label"": ""Not applicable""}, {""value"": ""-1.0"", ""label"": ""Don't know""}, {""value"": ""1.0"", ""label"": ""Level 1 or Part 1""}, {""value"": ""2.0"", ""label"": ""Level 2, Part 2, Craft or Intermediate""}, {""value"": ""3.0"", ""label"": ""Level 3, Part 3 or Final or Advanced Craft""}, {""value"": ""4.0"", ""label"": ""Other type of City and Guilds""}]"
300,W4CityLevYP0d,YP: City and Guilds level YP studying for (fourth subject),numeric,NOMINAL,-999.0 thru -1.0,"[{""value"": ""-99.0"", ""label"": ""YP not interviewed""}, {""value"": ""-92.0"", ""label"": ""Refused""}, {""value"": ""-91.0"", ""label"": ""Not applicable""}, {""value"": ""-1.0"", ""label"": ""Don't know""}, {""value"": ""1.0"", ""label"": ""Level 1 or Part 1""}, {""value"": ""2.0"", ""label"": ""Level 2, Part 2, Craft or Intermediate""}, {""value"": ""3.0"", ""label"": ""Level 3, Part 3 or Final or Advanced Craft""}, {""value"": ""4.0"", ""label"": ""Other type of City and Guilds""}]"
301,W4CityEqYP0a,YP: NVQ equivalent of City and Guilds subject (YP's first subject),numeric,ORDINAL,-999.0 thru -1.0,"[{""value"": ""-99.0"", ""label"": ""YP not interviewed""}, {""value"": ""-92.0"", ""label"": ""Refused""}, {""value"": ""-91.0"", ""label"": ""Not applicable""}, {""value"": ""-1.0"", ""label"": ""Don't know""}, {""value"": ""1.0"", ""label"": ""Level 1""}, {""value"": ""2.0"", ""label"": ""Level 2""}, {""value"": ""3.0"", ""label"": ""Level 3""}]"
302,W4CityEqYP0b,YP: NVQ equivalent of City and Guilds subject (YP's second subject),numeric,ORDINAL,-999.0 thru -1.0,"[{""value"": ""-99.0"", ""label"": ""YP not interviewed""}, {""value"": ""-92.0"", ""label"": ""Refused""}, {""value"": ""-91.0"", ""label"": ""Not applicable""}, {""value"": ""-1.0"", ""label"": ""Don't know""}, {""value"": ""1.0"", ""label"": ""Level 1""}, {""value"": ""2.0"", ""label"": ""Level 2""}, {""value"": ""3.0"", ""label"": ""Level 3""}]"
303,W4OthQchk2YP,YP: Whether YP is studying for any more qualifications at all (Apart from Vocational mentioned),numeric,NOMINAL,-999.0 thru -1.0,"[{""value"": ""-99.0"", ""label"": ""YP not interviewed""}, {""value"": ""-92.0"", ""label"": ""Refused""}, {""value"": ""-91.0"", ""label"": ""Not applicable""}, {""value"": ""-1.0"", ""label"": ""Don't know""}, {""value"": ""1.0"", ""label"": ""Yes""}, {""value"": ""2.0"", ""label"": ""No""}]"
304,W4IfOtherYP,YP: Whether YP is studying for any more qualifications at all (not yet mentioned),numeric,NOMINAL,-999.0 thru -1.0,"[{""value"": ""-997.0"", ""label"": ""Script error""}, {""value"": ""-99.0"", ""label"": ""YP not interviewed""}, {""value"": ""-92.0"", ""label"": ""Refused""}, {""value"": ""-91.0"", ""label"": ""Not applicable""}, {""value"": ""-1.0"", ""label"": ""Don't know""}, {""value"": ""1.0"", ""label"": ""Yes""}, {""value"": ""2.0"", ""label"": ""No""}]"
305,W4OtherNoYP,YP: Number of other qualifications YP is currently studying for,numeric,SCALE,-999.0 thru -1.0,"[{""value"": ""-99.0"", ""label"": ""YP not interviewed""}, {""value"": ""-92.0"", ""label"": ""Refused""}, {""value"": ""-91.0"", ""label"": ""Not applicable""}, {""value"": ""-1.0"", ""label"": ""Don't know""}]"
306,W4OtherTypYP0a,YP: Other qualification YP is studying for (first qualification),numeric,NOMINAL,-999.0 thru -1.0,"[{""value"": ""-99.0"", ""label"": ""YP not interviewed""}, {""value"": ""-92.0"", ""label"": ""Refused""}, {""value"": ""-91.0"", ""label"": ""Not applicable""}, {""value"": ""-1.0"", ""label"": ""Don't know""}, {""value"": ""1.0"", ""label"": ""International Baccalaureate""}, {""value"": ""2.0"", ""label"": ""A level""}, {""value"": ""3.0"", ""label"": ""AS level""}, {""value"": ""4.0"", ""label"": ""B TEC""}, {""value"": ""5.0"", ""label"": ""City and guilds""}, {""value"": ""6.0"", ""label"": ""Diploma""}, {""value"": ""7.0"", ""label"": ""GCSE""}, {""value"": ""8.0"", ""label"": ""GNVQ""}, {""value"": ""9.0"", ""label"": ""Key skills""}, {""value"": ""10.0"", ""label"": ""NVQ""}, {""value"": ""11.0"", ""label"": ""NCR""}, {""value"": ""12.0"", ""label"": ""NSA""}, {""value"": ""13.0"", ""label"": ""Music/instrument grade/standard""}, {""value"": ""14.0"", ""label"": ""ICT""}, {""value"": ""15.0"", ""label"": ""Duke of Edinburgh""}, {""value"": ""16.0"", ""label"": ""First aid""}, {""value"": ""17.0"", ""label"": ""Basic Skills""}, {""value"": ""18.0"", ""label"": ""CSLA""}, {""value"": ""19.0"", ""label"": ""ASDAN""}, {""value"": ""20.0"", ""label"": ""ECDL""}, {""value"": ""21.0"", ""label"": ""Any Coaching qualification-(include any mention of coachin""}, {""value"": ""22.0"", ""label"": ""CLAIT""}, {""value"": ""23.0"", ""label"": ""HNC""}, {""value"": ""24.0"", ""label"": ""ABRSM""}, {""value"": ""25.0"", ""label"": ""Other""}, {""value"": ""26.0"", ""label"": ""No Answer""}, {""value"": ""28.0"", ""label"": ""Multi-coded""}]"
307,W4OtherTypYP0b,YP: Other qualification YP is studying for (second qualification),numeric,NOMINAL,-999.0 thru -1.0,"[{""value"": ""-99.0"", ""label"": ""YP not interviewed""}, {""value"": ""-92.0"", ""label"": ""Refused""}, {""value"": ""-91.0"", ""label"": ""Not applicable""}, {""value"": ""-1.0"", ""label"": ""Don't know""}, {""value"": ""1.0"", ""label"": ""International Baccalaureate""}, {""value"": ""2.0"", ""label"": ""A level""}, {""value"": ""3.0"", ""label"": ""AS level""}, {""value"": ""4.0"", ""label"": ""B TEC""}, {""value"": ""5.0"", ""label"": ""City and guilds""}, {""value"": ""6.0"", ""label"": ""Diploma""}, {""value"": ""7.0"", ""label"": ""GCSE""}, {""value"": ""8.0"", ""label"": ""GNVQ""}, {""value"": ""9.0"", ""label"": ""Key skills""}, {""value"": ""10.0"", ""label"": ""NVQ""}, {""value"": ""11.0"", ""label"": ""NCR""}, {""value"": ""12.0"", ""label"": ""NSA""}, {""value"": ""13.0"", ""label"": ""Music/instrument grade/standard""}, {""value"": ""14.0"", ""label"": ""ICT""}, {""value"": ""15.0"", ""label"": ""Duke of Edinburgh""}, {""value"": ""16.0"", ""label"": ""First aid""}, {""value"": ""17.0"", ""label"": ""Basic Skills""}, {""value"": ""18.0"", ""label"": ""CSLA""}, {""value"": ""19.0"", ""label"": ""ASDAN""}, {""value"": ""20.0"", ""label"": ""ECDL""}, {""value"": ""21.0"", ""label"": ""Any Coaching qualification-(include any mention of coachin""}, {""value"": ""22.0"", ""label"": ""CLAIT""}, {""value"": ""23.0"", ""label"": ""HNC""}, {""value"": ""24.0"", ""label"": ""ABRSM""}, {""value"": ""25.0"", ""label"": ""Other""}, {""value"": ""26.0"", ""label"": ""No Answer""}]"
308,W4OtherTypYP0c,YP: Other qualification YP is studying for (third qualification),numeric,NOMINAL,-999.0 thru -1.0,"[{""value"": ""-99.0"", ""label"": ""YP not interviewed""}, {""value"": ""-92.0"", ""label"": ""Refused""}, {""value"": ""-91.0"", ""label"": ""Not applicable""}, {""value"": ""-1.0"", ""label"": ""Don't know""}, {""value"": ""1.0"", ""label"": ""International Baccalaureate""}, {""value"": ""2.0"", ""label"": ""A level""}, {""value"": ""3.0"", ""label"": ""AS level""}, {""value"": ""4.0"", ""label"": ""B TEC""}, {""value"": ""5.0"", ""label"": ""City and guilds""}, {""value"": ""6.0"", ""label"": ""Diploma""}, {""value"": ""7.0"", ""label"": ""GCSE""}, {""value"": ""8.0"", ""label"": ""GNVQ""}, {""value"": ""9.0"", ""label"": ""Key skills""}, {""value"": ""10.0"", ""label"": ""NVQ""}, {""value"": ""11.0"", ""label"": ""NCR""}, {""value"": ""12.0"", ""label"": ""NSA""}, {""value"": ""13.0"", ""label"": ""Music/instrument grade/standard""}, {""value"": ""14.0"", ""label"": ""ICT""}, {""value"": ""15.0"", ""label"": ""Duke of Edinburgh""}, {""value"": ""16.0"", ""label"": ""First aid""}, {""value"": ""17.0"", ""label"": ""Basic Skills""}, {""value"": ""18.0"", ""label"": ""CSLA""}, {""value"": ""19.0"", ""label"": ""ASDAN""}, {""value"": ""20.0"", ""label"": ""ECDL""}, {""value"": ""21.0"", ""label"": ""Any Coaching qualification-(include any mention of coachin""}, {""value"": ""22.0"", ""label"": ""CLAIT""}, {""value"": ""23.0"", ""label"": ""HNC""}, {""value"": ""24.0"", ""label"": ""ABRSM""}, {""value"": ""25.0"", ""label"": ""Other""}, {""value"": ""26.0"", ""label"": ""No Answer""}]"
309,W4OtherTypYP0d,YP: Other qualification YP is studying for (fourth qualification),numeric,NOMINAL,-999.0 thru -1.0,"[{""value"": ""-99.0"", ""label"": ""YP not interviewed""}, {""value"": ""-92.0"", ""label"": ""Refused""}, {""value"": ""-91.0"", ""label"": ""Not applicable""}, {""value"": ""-1.0"", ""label"": ""Don't know""}, {""value"": ""1.0"", ""label"": ""International Baccalaureate""}, {""value"": ""2.0"", ""label"": ""A level""}, {""value"": ""3.0"", ""label"": ""AS level""}, {""value"": ""4.0"", ""label"": ""B TEC""}, {""value"": ""5.0"", ""label"": ""City and guilds""}, {""value"": ""6.0"", ""label"": ""Diploma""}, {""value"": ""7.0"", ""label"": ""GCSE""}, {""value"": ""8.0"", ""label"": ""GNVQ""}, {""value"": ""9.0"", ""label"": ""Key skills""}, {""value"": ""10.0"", ""label"": ""NVQ""}, {""value"": ""11.0"", ""label"": ""NCR""}, {""value"": ""12.0"", ""label"": ""NSA""}, {""value"": ""13.0"", ""label"": ""Music/instrument grade/standard""}, {""value"": ""14.0"", ""label"": ""ICT""}, {""value"": ""15.0"", ""label"": ""Duke of Edinburgh""}, {""value"": ""16.0"", ""label"": ""First aid""}, {""value"": ""17.0"", ""label"": ""Basic Skills""}, {""value"": ""18.0"", ""label"": ""CSLA""}, {""value"": ""19.0"", ""label"": ""ASDAN""}, {""value"": ""20.0"", ""label"": ""ECDL""}, {""value"": ""21.0"", ""label"": ""Any Coaching qualification-(include any mention of coachin""}, {""value"": ""22.0"", ""label"": ""CLAIT""}, {""value"": ""23.0"", ""label"": ""HNC""}, {""value"": ""24.0"", ""label"": ""ABRSM""}, {""value"": ""25.0"", ""label"": ""Other""}, {""value"": ""26.0"", ""label"": ""No Answer""}]"
310,W4OtherTypYP0e,YP: Other qualification YP is studying for (fifth qualification),numeric,NOMINAL,-999.0 thru -1.0,"[{""value"": ""-99.0"", ""label"": ""YP not interviewed""}, {""value"": ""-92.0"", ""label"": ""Refused""}, {""value"": ""-91.0"", ""label"": ""Not applicable""}, {""value"": ""-1.0"", ""label"": ""Don't know""}, {""value"": ""1.0"", ""label"": ""International Baccalaureate""}, {""value"": ""2.0"", ""label"": ""A level""}, {""value"": ""3.0"", ""label"": ""AS level""}, {""value"": ""4.0"", ""label"": ""B TEC""}, {""value"": ""5.0"", ""label"": ""City and guilds""}, {""value"": ""6.0"", ""label"": ""Diploma""}, {""value"": ""7.0"", ""label"": ""GCSE""}, {""value"": ""8.0"", ""label"": ""GNVQ""}, {""value"": ""9.0"", ""label"": ""Key skills""}, {""value"": ""10.0"", ""label"": ""NVQ""}, {""value"": ""11.0"", ""label"": ""NCR""}, {""value"": ""12.0"", ""label"": ""NSA""}, {""value"": ""13.0"", ""label"": ""Music/instrument grade/standard""}, {""value"": ""14.0"", ""label"": ""ICT""}, {""value"": ""15.0"", ""label"": ""Duke of Edinburgh""}, {""value"": ""16.0"", ""label"": ""First aid""}, {""value"": ""17.0"", ""label"": ""Basic Skills""}, {""value"": ""18.0"", ""label"": ""CSLA""}, {""value"": ""19.0"", ""label"": ""ASDAN""}, {""value"": ""20.0"", ""label"": ""ECDL""}, {""value"": ""21.0"", ""label"": ""Any Coaching qualification-(include any mention of coachin""}, {""value"": ""22.0"", ""label"": ""CLAIT""}, {""value"": ""23.0"", ""label"": ""HNC""}, {""value"": ""24.0"", ""label"": ""ABRSM""}, {""value"": ""25.0"", ""label"": ""Other""}, {""value"": ""26.0"", ""label"": ""No Answer""}]"
311,W4OtherSub1YP0a,YP: Main subject(s) of other qualification YP is studying (first) : Business (studies),numeric,NOMINAL,-999.0 thru -1.0,"[{""value"": ""-99.0"", ""label"": ""YP not interviewed""}, {""value"": ""-92.0"", ""label"": ""Refused""}, {""value"": ""-91.0"", ""label"": ""Not applicable""}, {""value"": ""-1.0"", ""label"": ""Don't know""}, {""value"": ""0.0"", ""label"": ""Not mentioned""}, {""value"": ""1.0"", ""label"": ""Mentioned""}]"
312,W4OtherSub1YP0b,YP: Main subject(s) of other qualification YP is studying (first) : Childcare,numeric,NOMINAL,-999.0 thru -1.0,"[{""value"": ""-99.0"", ""label"": ""YP not interviewed""}, {""value"": ""-92.0"", ""label"": ""Refused""}, {""value"": ""-91.0"", ""label"": ""Not applicable""}, {""value"": ""-1.0"", ""label"": ""Don't know""}, {""value"": ""0.0"", ""label"": ""Not mentioned""}, {""value"": ""1.0"", ""label"": ""Mentioned""}]"
313,W4OtherSub1YP0c,YP: Main subject(s) of other qualification YP is studying (first) : Communications,numeric,NOMINAL,-999.0 thru -1.0,"[{""value"": ""-99.0"", ""label"": ""YP not interviewed""}, {""value"": ""-92.0"", ""label"": ""Refused""}, {""value"": ""-91.0"", ""label"": ""Not applicable""}, {""value"": ""-1.0"", ""label"": ""Don't know""}, {""value"": ""0.0"", ""label"": ""Not mentioned""}, {""value"": ""1.0"", ""label"": ""Mentioned""}]"
314,W4OtherSub1YP0d,YP: Main subject(s) of other qualification YP is studying (first) : Economics,numeric,NOMINAL,-999.0 thru -1.0,"[{""value"": ""-99.0"", ""label"": ""YP not interviewed""}, {""value"": ""-92.0"", ""label"": ""Refused""}, {""value"": ""-91.0"", ""label"": ""Not applicable""}, {""value"": ""-1.0"", ""label"": ""Don't know""}, {""value"": ""0.0"", ""label"": ""Not mentioned""}, {""value"": ""1.0"", ""label"": ""Mentioned""}]"
315,W4OtherSub1YP0e,YP: Main subject(s) of other qualification YP is studying (first) : Engineering,numeric,NOMINAL,-999.0 thru -1.0,"[{""value"": ""-99.0"", ""label"": ""YP not interviewed""}, {""value"": ""-92.0"", ""label"": ""Refused""}, {""value"": ""-91.0"", ""label"": ""Not applicable""}, {""value"": ""-1.0"", ""label"": ""Don't know""}, {""value"": ""0.0"", ""label"": ""Not mentioned""}, {""value"": ""1.0"", ""label"": ""Mentioned""}]"
316,W4OtherSub1YP0f,YP: Main subject(s) of other qualification YP is studying (first) : English,numeric,NOMINAL,-999.0 thru -1.0,"[{""value"": ""-99.0"", ""label"": ""YP not interviewed""}, {""value"": ""-92.0"", ""label"": ""Refused""}, {""value"": ""-91.0"", ""label"": ""Not applicable""}, {""value"": ""-1.0"", ""label"": ""Don't know""}, {""value"": ""0.0"", ""label"": ""Not mentioned""}, {""value"": ""1.0"", ""label"": ""Mentioned""}]"
317,W4OtherSub1YP0g,YP: Main subject(s) of other qualification YP is studying (first) : Geography,numeric,NOMINAL,-999.0 thru -1.0,"[{""value"": ""-99.0"", ""label"": ""YP not interviewed""}, {""value"": ""-92.0"", ""label"": ""Refused""}, {""value"": ""-91.0"", ""label"": ""Not applicable""}, {""value"": ""-1.0"", ""label"": ""Don't know""}, {""value"": ""0.0"", ""label"": ""Not mentioned""}, {""value"": ""1.0"", ""label"": ""Mentioned""}]"
318,W4OtherSub1YP0h,YP: Main subject(s) of other qualification YP is studying (first) : History,numeric,NOMINAL,-999.0 thru -1.0,"[{""value"": ""-99.0"", ""label"": ""YP not interviewed""}, {""value"": ""-92.0"", ""label"": ""Refused""}, {""value"": ""-91.0"", ""label"": ""Not applicable""}, {""value"": ""-1.0"", ""label"": ""Don't know""}, {""value"": ""0.0"", ""label"": ""Not mentioned""}, {""value"": ""1.0"", ""label"": ""Mentioned""}]"
319,W4OtherSub1YP0i,YP: Main subject(s) of other qualification YP is studying (first) : IT/ICT,numeric,NOMINAL,-999.0 thru -1.0,"[{""value"": ""-99.0"", ""label"": ""YP not interviewed""}, {""value"": ""-92.0"", ""label"": ""Refused""}, {""value"": ""-91.0"", ""label"": ""Not applicable""}, {""value"": ""-1.0"", ""label"": ""Don't know""}, {""value"": ""0.0"", ""label"": ""Not mentioned""}, {""value"": ""1.0"", ""label"": ""Mentioned""}]"
320,W4OtherSub1YP0j,YP: Main subject(s) of other qualification YP is studying (first) : Languages,numeric,NOMINAL,-999.0 thru -1.0,"[{""value"": ""-99.0"", ""label"": ""YP not interviewed""}, {""value"": ""-92.0"", ""label"": ""Refused""}, {""value"": ""-91.0"", ""label"": ""Not applicable""}, {""value"": ""-1.0"", ""label"": ""Don't know""}, {""value"": ""0.0"", ""label"": ""Not mentioned""}, {""value"": ""1.0"", ""label"": ""Mentioned""}]"
321,W4OtherSub1YP0k,YP: Main subject(s) of other qualification YP is studying (first) : Maths,numeric,NOMINAL,-999.0 thru -1.0,"[{""value"": ""-99.0"", ""label"": ""YP not interviewed""}, {""value"": ""-92.0"", ""label"": ""Refused""}, {""value"": ""-91.0"", ""label"": ""Not applicable""}, {""value"": ""-1.0"", ""label"": ""Don't know""}, {""value"": ""0.0"", ""label"": ""Not mentioned""}, {""value"": ""1.0"", ""label"": ""Mentioned""}]"
322,W4OtherSub1YP0l,YP: Main subject(s) of other qualification YP is studying (first) : Music,numeric,NOMINAL,-999.0 thru -1.0,"[{""value"": ""-99.0"", ""label"": ""YP not interviewed""}, {""value"": ""-92.0"", ""label"": ""Refused""}, {""value"": ""-91.0"", ""label"": ""Not applicable""}, {""value"": ""-1.0"", ""label"": ""Don't know""}, {""value"": ""0.0"", ""label"": ""Not mentioned""}, {""value"": ""1.0"", ""label"": ""Mentioned""}]"
323,W4OtherSub1YP0m,YP: Main subject(s) of other qualification YP is studying (first) : Psychology,numeric,NOMINAL,-999.0 thru -1.0,"[{""value"": ""-99.0"", ""label"": ""YP not interviewed""}, {""value"": ""-92.0"", ""label"": ""Refused""}, {""value"": ""-91.0"", ""label"": ""Not applicable""}, {""value"": ""-1.0"", ""label"": ""Don't know""}, {""value"": ""0.0"", ""label"": ""Not mentioned""}, {""value"": ""1.0"", ""label"": ""Mentioned""}]"
324,W4OtherSub1YP0n,YP: Main subject(s) of other qualification YP is studying (first) : Science,numeric,NOMINAL,-999.0 thru -1.0,"[{""value"": ""-99.0"", ""label"": ""YP not interviewed""}, {""value"": ""-92.0"", ""label"": ""Refused""}, {""value"": ""-91.0"", ""label"": ""Not applicable""}, {""value"": ""-1.0"", ""label"": ""Don't know""}, {""value"": ""0.0"", ""label"": ""Not mentioned""}, {""value"": ""1.0"", ""label"": ""Mentioned""}]"
325,W4OtherSub1YP0o,YP: Main subject(s) of other qualification YP is studying (first) : Sport (all references),numeric,NOMINAL,-999.0 thru -1.0,"[{""value"": ""-99.0"", ""label"": ""YP not interviewed""}, {""value"": ""-92.0"", ""label"": ""Refused""}, {""value"": ""-91.0"", ""label"": ""Not applicable""}, {""value"": ""-1.0"", ""label"": ""Don't know""}, {""value"": ""0.0"", ""label"": ""Not mentioned""}, {""value"": ""1.0"", ""label"": ""Mentioned""}]"
326,W4OtherSub1YP0p,YP: Main subject(s) of other qualification YP is studying (first) : Travel and tourism,numeric,NOMINAL,-999.0 thru -1.0,"[{""value"": ""-99.0"", ""label"": ""YP not interviewed""}, {""value"": ""-92.0"", ""label"": ""Refused""}, {""value"": ""-91.0"", ""label"": ""Not applicable""}, {""value"": ""-1.0"", ""label"": ""Don't know""}, {""value"": ""0.0"", ""label"": ""Not mentioned""}, {""value"": ""1.0"", ""label"": ""Mentioned""}]"
327,W4OtherSub1YP0q,YP: Main subject(s) of other qualification YP is studying (first) : Health and social care,numeric,NOMINAL,-999.0 thru -1.0,"[{""value"": ""-99.0"", ""label"": ""YP not interviewed""}, {""value"": ""-92.0"", ""label"": ""Refused""}, {""value"": ""-91.0"", ""label"": ""Not applicable""}, {""value"": ""-1.0"", ""label"": ""Don't know""}, {""value"": ""0.0"", ""label"": ""Not mentioned""}, {""value"": ""1.0"", ""label"": ""Mentioned""}]"
328,W4OtherSub1YP0r,YP: Main subject(s) of other qualification YP is studying (first) : Media related,numeric,NOMINAL,-999.0 thru -1.0,"[{""value"": ""-99.0"", ""label"": ""YP not interviewed""}, {""value"": ""-92.0"", ""label"": ""Refused""}, {""value"": ""-91.0"", ""label"": ""Not applicable""}, {""value"": ""-1.0"", ""label"": ""Don't know""}, {""value"": ""0.0"", ""label"": ""Not mentioned""}, {""value"": ""1.0"", ""label"": ""Mentioned""}]"
329,W4OtherSub1YP0s,YP: Main subject(s) of other qualification YP is studying (first) : Any musical instrument,numeric,NOMINAL,-999.0 thru -1.0,"[{""value"": ""-99.0"", ""label"": ""YP not interviewed""}, {""value"": ""-92.0"", ""label"": ""Refused""}, {""value"": ""-91.0"", ""label"": ""Not applicable""}, {""value"": ""-1.0"", ""label"": ""Don't know""}, {""value"": ""0.0"", ""label"": ""Not mentioned""}, {""value"": ""1.0"", ""label"": ""Mentioned""}]"
330,W4OtherSub1YP0t,YP: Main subject(s) of other qualification YP is studying (first) : Health and Safety,numeric,NOMINAL,-999.0 thru -1.0,"[{""value"": ""-99.0"", ""label"": ""YP not interviewed""}, {""value"": ""-92.0"", ""label"": ""Refused""}, {""value"": ""-91.0"", ""label"": ""Not applicable""}, {""value"": ""-1.0"", ""label"": ""Don't know""}, {""value"": ""0.0"", ""label"": ""Not mentioned""}, {""value"": ""1.0"", ""label"": ""Mentioned""}]"
331,W4OtherSub1YP0u,YP: Main subject(s) of other qualification YP is studying (first) : Animal care (include animal management),numeric,NOMINAL,-999.0 thru -1.0,"[{""value"": ""-99.0"", ""label"": ""YP not interviewed""}, {""value"": ""-92.0"", ""label"": ""Refused""}, {""value"": ""-91.0"", ""label"": ""Not applicable""}, {""value"": ""-1.0"", ""label"": ""Don't know""}, {""value"": ""0.0"", ""label"": ""Not mentioned""}, {""value"": ""1.0"", ""label"": ""Mentioned""}]"
332,W4OtherSub1YP0v,YP: Main subject(s) of other qualification YP is studying (first) : Electrician (include electrics here),numeric,NOMINAL,-999.0 thru -1.0,"[{""value"": ""-99.0"", ""label"": ""YP not interviewed""}, {""value"": ""-92.0"", ""label"": ""Refused""}, {""value"": ""-91.0"", ""label"": ""Not applicable""}, {""value"": ""-1.0"", ""label"": ""Don't know""}, {""value"": ""0.0"", ""label"": ""Not mentioned""}, {""value"": ""1.0"", ""label"": ""Mentioned""}]"
333,W4OtherSub1YP0w,YP: Main subject(s) of other qualification YP is studying (first) : Graphics,numeric,NOMINAL,-999.0 thru -1.0,"[{""value"": ""-99.0"", ""label"": ""YP not interviewed""}, {""value"": ""-92.0"", ""label"": ""Refused""}, {""value"": ""-91.0"", ""label"": ""Not applicable""}, {""value"": ""-1.0"", ""label"": ""Don't know""}, {""value"": ""0.0"", ""label"": ""Not mentioned""}, {""value"": ""1.0"", ""label"": ""Mentioned""}]"
334,W4OtherSub1YP0x,YP: Main subject(s) of other qualification YP is studying (first) : Hairdressing,numeric,NOMINAL,-999.0 thru -1.0,"[{""value"": ""-99.0"", ""label"": ""YP not interviewed""}, {""value"": ""-92.0"", ""label"": ""Refused""}, {""value"": ""-91.0"", ""label"": ""Not applicable""}, {""value"": ""-1.0"", ""label"": ""Don't know""}, {""value"": ""0.0"", ""label"": ""Not mentioned""}, {""value"": ""1.0"", ""label"": ""Mentioned""}]"
335,W4OtherSub1YP0y,YP: Main subject(s) of other qualification YP is studying (first) : Beauty therapy,numeric,NOMINAL,-999.0 thru -1.0,"[{""value"": ""-99.0"", ""label"": ""YP not interviewed""}, {""value"": ""-92.0"", ""label"": ""Refused""}, {""value"": ""-91.0"", ""label"": ""Not applicable""}, {""value"": ""-1.0"", ""label"": ""Don't know""}, {""value"": ""0.0"", ""label"": ""Not mentioned""}, {""value"": ""1.0"", ""label"": ""Mentioned""}]"
336,W4OtherSub1YP0z,YP: Main subject(s) of other qualification YP is studying (first) : Sociology,numeric,NOMINAL,-999.0 thru -1.0,"[{""value"": ""-99.0"", ""label"": ""YP not interviewed""}, {""value"": ""-92.0"", ""label"": ""Refused""}, {""value"": ""-91.0"", ""label"": ""Not applicable""}, {""value"": ""-1.0"", ""label"": ""Don't know""}, {""value"": ""0.0"", ""label"": ""Not mentioned""}, {""value"": ""1.0"", ""label"": ""Mentioned""}]"
337,W4OtherSub1YPaa,YP: Main subject(s) of other qualification YP is studying (first) : Mechanics,numeric,NOMINAL,-999.0 thru -1.0,"[{""value"": ""-99.0"", ""label"": ""YP not interviewed""}, {""value"": ""-92.0"", ""label"": ""Refused""}, {""value"": ""-91.0"", ""label"": ""Not applicable""}, {""value"": ""-1.0"", ""label"": ""Don't know""}, {""value"": ""0.0"", ""label"": ""Not mentioned""}, {""value"": ""1.0"", ""label"": ""Mentioned""}]"
338,W4OtherSub1YPab,YP: Main subject(s) of other qualification YP is studying (first) : Social work,numeric,NOMINAL,-999.0 thru -1.0,"[{""value"": ""-99.0"", ""label"": ""YP not interviewed""}, {""value"": ""-92.0"", ""label"": ""Refused""}, {""value"": ""-91.0"", ""label"": ""Not applicable""}, {""value"": ""-1.0"", ""label"": ""Don't know""}, {""value"": ""0.0"", ""label"": ""Not mentioned""}, {""value"": ""1.0"", ""label"": ""Mentioned""}]"
339,W4OtherSub1YPac,YP: Main subject(s) of other qualification YP is studying (first) : Art and Design (anything mentioning art),numeric,NOMINAL,-999.0 thru -1.0,"[{""value"": ""-99.0"", ""label"": ""YP not interviewed""}, {""value"": ""-92.0"", ""label"": ""Refused""}, {""value"": ""-91.0"", ""label"": ""Not applicable""}, {""value"": ""-1.0"", ""label"": ""Don't know""}, {""value"": ""0.0"", ""label"": ""Not mentioned""}, {""value"": ""1.0"", ""label"": ""Mentioned""}]"
340,W4OtherSub1YPad,YP: Main subject(s) of other qualification YP is studying (first) : Joinery,numeric,NOMINAL,-999.0 thru -1.0,"[{""value"": ""-99.0"", ""label"": ""YP not interviewed""}, {""value"": ""-92.0"", ""label"": ""Refused""}, {""value"": ""-91.0"", ""label"": ""Not applicable""}, {""value"": ""-1.0"", ""label"": ""Don't know""}, {""value"": ""0.0"", ""label"": ""Not mentioned""}, {""value"": ""1.0"", ""label"": ""Mentioned""}]"
341,W4OtherSub1YPae,YP: Main subject(s) of other qualification YP is studying (first) : Customer service,numeric,NOMINAL,-999.0 thru -1.0,"[{""value"": ""-99.0"", ""label"": ""YP not interviewed""}, {""value"": ""-92.0"", ""label"": ""Refused""}, {""value"": ""-91.0"", ""label"": ""Not applicable""}, {""value"": ""-1.0"", ""label"": ""Don't know""}, {""value"": ""0.0"", ""label"": ""Not mentioned""}, {""value"": ""1.0"", ""label"": ""Mentioned""}]"
342,W4OtherSub1YPaf,YP: Main subject(s) of other qualification YP is studying (first) : Painting and decorating,numeric,NOMINAL,-999.0 thru -1.0,"[{""value"": ""-99.0"", ""label"": ""YP not interviewed""}, {""value"": ""-92.0"", ""label"": ""Refused""}, {""value"": ""-91.0"", ""label"": ""Not applicable""}, {""value"": ""-1.0"", ""label"": ""Don't know""}, {""value"": ""0.0"", ""label"": ""Not mentioned""}, {""value"": ""1.0"", ""label"": ""Mentioned""}]"
343,W4OtherSub1YPag,YP: Main subject(s) of other qualification YP is studying (first) : First Aid,numeric,NOMINAL,-999.0 thru -1.0,"[{""value"": ""-99.0"", ""label"": ""YP not interviewed""}, {""value"": ""-92.0"", ""label"": ""Refused""}, {""value"": ""-91.0"", ""label"": ""Not applicable""}, {""value"": ""-1.0"", ""label"": ""Don't know""}, {""value"": ""0.0"", ""label"": ""Not mentioned""}, {""value"": ""1.0"", ""label"": ""Mentioned""}]"
344,W4OtherSub1YPah,YP: Main subject(s) of other qualification YP is studying (first) : Plumbing,numeric,NOMINAL,-999.0 thru -1.0,"[{""value"": ""-99.0"", ""label"": ""YP not interviewed""}, {""value"": ""-92.0"", ""label"": ""Refused""}, {""value"": ""-91.0"", ""label"": ""Not applicable""}, {""value"": ""-1.0"", ""label"": ""Don't know""}, {""value"": ""0.0"", ""label"": ""Not mentioned""}, {""value"": ""1.0"", ""label"": ""Mentioned""}]"
345,W4OtherSub1YPai,YP: Main subject(s) of other qualification YP is studying (first) : Other answers,numeric,NOMINAL,-999.0 thru -1.0,"[{""value"": ""-99.0"", ""label"": ""YP not interviewed""}, {""value"": ""-92.0"", ""label"": ""Refused""}, {""value"": ""-91.0"", ""label"": ""Not applicable""}, {""value"": ""-1.0"", ""label"": ""Don't know""}, {""value"": ""0.0"", ""label"": ""Not mentioned""}, {""value"": ""1.0"", ""label"": ""Mentioned""}]"
346,W4OtherSub1YPaj,YP: Main subject(s) of other qualification YP is studying (first) : No Answer,numeric,NOMINAL,-999.0 thru -1.0,"[{""value"": ""-99.0"", ""label"": ""YP not interviewed""}, {""value"": ""-92.0"", ""label"": ""Refused""}, {""value"": ""-91.0"", ""label"": ""Not applicable""}, {""value"": ""-1.0"", ""label"": ""Don't know""}, {""value"": ""0.0"", ""label"": ""Not mentioned""}, {""value"": ""1.0"", ""label"": ""Mentioned""}]"
347,W4OtherSub1YPak,YP: Main subject(s) of other qualification YP is studying (first) : Don't know,numeric,NOMINAL,-999.0 thru -1.0,"[{""value"": ""-99.0"", ""label"": ""YP not interviewed""}, {""value"": ""-92.0"", ""label"": ""Refused""}, {""value"": ""-91.0"", ""label"": ""Not applicable""}, {""value"": ""-1.0"", ""label"": ""Don't know""}, {""value"": ""0.0"", ""label"": ""Not mentioned""}, {""value"": ""1.0"", ""label"": ""Mentioned""}]"
348,W4OtherSub2YP0a,YP: Main subject(s) of other qualification YP is studying (second) : Business (studies),numeric,NOMINAL,-999.0 thru -1.0,"[{""value"": ""-99.0"", ""label"": ""YP not interviewed""}, {""value"": ""-92.0"", ""label"": ""Refused""}, {""value"": ""-91.0"", ""label"": ""Not applicable""}, {""value"": ""-1.0"", ""label"": ""Don't know""}, {""value"": ""0.0"", ""label"": ""Not mentioned""}, {""value"": ""1.0"", ""label"": ""Mentioned""}]"
349,W4OtherSub2YP0b,YP: Main subject(s) of other qualification YP is studying (second) : Childcare,numeric,NOMINAL,-999.0 thru -1.0,"[{""value"": ""-99.0"", ""label"": ""YP not interviewed""}, {""value"": ""-92.0"", ""label"": ""Refused""}, {""value"": ""-91.0"", ""label"": ""Not applicable""}, {""value"": ""-1.0"", ""label"": ""Don't know""}, {""value"": ""0.0"", ""label"": ""Not mentioned""}, {""value"": ""1.0"", ""label"": ""Mentioned""}]"
350,W4OtherSub2YP0c,YP: Main subject(s) of other qualification YP is studying (second) : Communications,numeric,NOMINAL,-999.0 thru -1.0,"[{""value"": ""-99.0"", ""label"": ""YP not interviewed""}, {""value"": ""-92.0"", ""label"": ""Refused""}, {""value"": ""-91.0"", ""label"": ""Not applicable""}, {""value"": ""-1.0"", ""label"": ""Don't know""}, {""value"": ""0.0"", ""label"": ""Not mentioned""}, {""value"": ""1.0"", ""label"": ""Mentioned""}]"
351,W4OtherSub2YP0d,YP: Main subject(s) of other qualification YP is studying (second) : Economics,numeric,NOMINAL,-999.0 thru -1.0,"[{""value"": ""-99.0"", ""label"": ""YP not interviewed""}, {""value"": ""-92.0"", ""label"": ""Refused""}, {""value"": ""-91.0"", ""label"": ""Not applicable""}, {""value"": ""-1.0"", ""label"": ""Don't know""}, {""value"": ""0.0"", ""label"": ""Not mentioned""}, {""value"": ""1.0"", ""label"": ""Mentioned""}]"
352,W4OtherSub2YP0e,YP: Main subject(s) of other qualification YP is studying (second) : Engineering,numeric,NOMINAL,-999.0 thru -1.0,"[{""value"": ""-99.0"", ""label"": ""YP not interviewed""}, {""value"": ""-92.0"", ""label"": ""Refused""}, {""value"": ""-91.0"", ""label"": ""Not applicable""}, {""value"": ""-1.0"", ""label"": ""Don't know""}, {""value"": ""0.0"", ""label"": ""Not mentioned""}, {""value"": ""1.0"", ""label"": ""Mentioned""}]"
353,W4OtherSub2YP0f,YP: Main subject(s) of other qualification YP is studying (second) : English,numeric,NOMINAL,-999.0 thru -1.0,"[{""value"": ""-99.0"", ""label"": ""YP not interviewed""}, {""value"": ""-92.0"", ""label"": ""Refused""}, {""value"": ""-91.0"", ""label"": ""Not applicable""}, {""value"": ""-1.0"", ""label"": ""Don't know""}, {""value"": ""0.0"", ""label"": ""Not mentioned""}, {""value"": ""1.0"", ""label"": ""Mentioned""}]"
354,W4OtherSub2YP0g,YP: Main subject(s) of other qualification YP is studying (second) : Geography,numeric,NOMINAL,-999.0 thru -1.0,"[{""value"": ""-99.0"", ""label"": ""YP not interviewed""}, {""value"": ""-92.0"", ""label"": ""Refused""}, {""value"": ""-91.0"", ""label"": ""Not applicable""}, {""value"": ""-1.0"", ""label"": ""Don't know""}, {""value"": ""0.0"", ""label"": ""Not mentioned""}, {""value"": ""1.0"", ""label"": ""Mentioned""}]"
355,W4OtherSub2YP0h,YP: Main subject(s) of other qualification YP is studying (second) : History,numeric,NOMINAL,-999.0 thru -1.0,"[{""value"": ""-99.0"", ""label"": ""YP not interviewed""}, {""value"": ""-92.0"", ""label"": ""Refused""}, {""value"": ""-91.0"", ""label"": ""Not applicable""}, {""value"": ""-1.0"", ""label"": ""Don't know""}, {""value"": ""0.0"", ""label"": ""Not mentioned""}, {""value"": ""1.0"", ""label"": ""Mentioned""}]"
356,W4OtherSub2YP0i,YP: Main subject(s) of other qualification YP is studying (second) : IT/ICT,numeric,NOMINAL,-999.0 thru -1.0,"[{""value"": ""-99.0"", ""label"": ""YP not interviewed""}, {""value"": ""-92.0"", ""label"": ""Refused""}, {""value"": ""-91.0"", ""label"": ""Not applicable""}, {""value"": ""-1.0"", ""label"": ""Don't know""}, {""value"": ""0.0"", ""label"": ""Not mentioned""}, {""value"": ""1.0"", ""label"": ""Mentioned""}]"
357,W4OtherSub2YP0j,YP: Main subject(s) of other qualification YP is studying (second) : Languages,numeric,NOMINAL,-999.0 thru -1.0,"[{""value"": ""-99.0"", ""label"": ""YP not interviewed""}, {""value"": ""-92.0"", ""label"": ""Refused""}, {""value"": ""-91.0"", ""label"": ""Not applicable""}, {""value"": ""-1.0"", ""label"": ""Don't know""}, {""value"": ""0.0"", ""label"": ""Not mentioned""}, {""value"": ""1.0"", ""label"": ""Mentioned""}]"
358,W4OtherSub2YP0k,YP: Main subject(s) of other qualification YP is studying (second) : Maths,numeric,NOMINAL,-999.0 thru -1.0,"[{""value"": ""-99.0"", ""label"": ""YP not interviewed""}, {""value"": ""-92.0"", ""label"": ""Refused""}, {""value"": ""-91.0"", ""label"": ""Not applicable""}, {""value"": ""-1.0"", ""label"": ""Don't know""}, {""value"": ""0.0"", ""label"": ""Not mentioned""}, {""value"": ""1.0"", ""label"": ""Mentioned""}]"
359,W4OtherSub2YP0l,YP: Main subject(s) of other qualification YP is studying (second) : Music,numeric,NOMINAL,-999.0 thru -1.0,"[{""value"": ""-99.0"", ""label"": ""YP not interviewed""}, {""value"": ""-92.0"", ""label"": ""Refused""}, {""value"": ""-91.0"", ""label"": ""Not applicable""}, {""value"": ""-1.0"", ""label"": ""Don't know""}, {""value"": ""0.0"", ""label"": ""Not mentioned""}, {""value"": ""1.0"", ""label"": ""Mentioned""}]"
360,W4OtherSub2YP0m,YP: Main subject(s) of other qualification YP is studying (second) : Psychology,numeric,NOMINAL,-999.0 thru -1.0,"[{""value"": ""-99.0"", ""label"": ""YP not interviewed""}, {""value"": ""-92.0"", ""label"": ""Refused""}, {""value"": ""-91.0"", ""label"": ""Not applicable""}, {""value"": ""-1.0"", ""label"": ""Don't know""}, {""value"": ""0.0"", ""label"": ""Not mentioned""}, {""value"": ""1.0"", ""label"": ""Mentioned""}]"
361,W4OtherSub2YP0n,YP: Main subject(s) of other qualification YP is studying (second) : Science,numeric,NOMINAL,-999.0 thru -1.0,"[{""value"": ""-99.0"", ""label"": ""YP not interviewed""}, {""value"": ""-92.0"", ""label"": ""Refused""}, {""value"": ""-91.0"", ""label"": ""Not applicable""}, {""value"": ""-1.0"", ""label"": ""Don't know""}, {""value"": ""0.0"", ""label"": ""Not mentioned""}, {""value"": ""1.0"", ""label"": ""Mentioned""}]"
362,W4OtherSub2YP0o,YP: Main subject(s) of other qualification YP is studying (second) : Sport (all references),numeric,NOMINAL,-999.0 thru -1.0,"[{""value"": ""-99.0"", ""label"": ""YP not interviewed""}, {""value"": ""-92.0"", ""label"": ""Refused""}, {""value"": ""-91.0"", ""label"": ""Not applicable""}, {""value"": ""-1.0"", ""label"": ""Don't know""}, {""value"": ""0.0"", ""label"": ""Not mentioned""}, {""value"": ""1.0"", ""label"": ""Mentioned""}]"
363,W4OtherSub2YP0p,YP: Main subject(s) of other qualification YP is studying (second) : Travel and tourism,numeric,NOMINAL,-999.0 thru -1.0,"[{""value"": ""-99.0"", ""label"": ""YP not interviewed""}, {""value"": ""-92.0"", ""label"": ""Refused""}, {""value"": ""-91.0"", ""label"": ""Not applicable""}, {""value"": ""-1.0"", ""label"": ""Don't know""}, {""value"": ""0.0"", ""label"": ""Not mentioned""}, {""value"": ""1.0"", ""label"": ""Mentioned""}]"
364,W4OtherSub2YP0q,YP: Main subject(s) of other qualification YP is studying (second) : Health and social care,numeric,NOMINAL,-999.0 thru -1.0,"[{""value"": ""-99.0"", ""label"": ""YP not interviewed""}, {""value"": ""-92.0"", ""label"": ""Refused""}, {""value"": ""-91.0"", ""label"": ""Not applicable""}, {""value"": ""-1.0"", ""label"": ""Don't know""}, {""value"": ""0.0"", ""label"": ""Not mentioned""}, {""value"": ""1.0"", ""label"": ""Mentioned""}]"
365,W4OtherSub2YP0r,YP: Main subject(s) of other qualification YP is studying (second) : Media related,numeric,NOMINAL,-999.0 thru -1.0,"[{""value"": ""-99.0"", ""label"": ""YP not interviewed""}, {""value"": ""-92.0"", ""label"": ""Refused""}, {""value"": ""-91.0"", ""label"": ""Not applicable""}, {""value"": ""-1.0"", ""label"": ""Don't know""}, {""value"": ""0.0"", ""label"": ""Not mentioned""}, {""value"": ""1.0"", ""label"": ""Mentioned""}]"
366,W4OtherSub2YP0s,YP: Main subject(s) of other qualification YP is studying (second) : Any musical instrument,numeric,NOMINAL,-999.0 thru -1.0,"[{""value"": ""-99.0"", ""label"": ""YP not interviewed""}, {""value"": ""-92.0"", ""label"": ""Refused""}, {""value"": ""-91.0"", ""label"": ""Not applicable""}, {""value"": ""-1.0"", ""label"": ""Don't know""}, {""value"": ""0.0"", ""label"": ""Not mentioned""}, {""value"": ""1.0"", ""label"": ""Mentioned""}]"
367,W4OtherSub2YP0t,YP: Main subject(s) of other qualification YP is studying (second) : Health and Safety,numeric,NOMINAL,-999.0 thru -1.0,"[{""value"": ""-99.0"", ""label"": ""YP not interviewed""}, {""value"": ""-92.0"", ""label"": ""Refused""}, {""value"": ""-91.0"", ""label"": ""Not applicable""}, {""value"": ""-1.0"", ""label"": ""Don't know""}, {""value"": ""0.0"", ""label"": ""Not mentioned""}, {""value"": ""1.0"", ""label"": ""Mentioned""}]"
368,W4OtherSub2YP0u,YP: Main subject(s) of other qualification YP is studying (second) : Animal care (include animal management),numeric,NOMINAL,-999.0 thru -1.0,"[{""value"": ""-99.0"", ""label"": ""YP not interviewed""}, {""value"": ""-92.0"", ""label"": ""Refused""}, {""value"": ""-91.0"", ""label"": ""Not applicable""}, {""value"": ""-1.0"", ""label"": ""Don't know""}, {""value"": ""0.0"", ""label"": ""Not mentioned""}, {""value"": ""1.0"", ""label"": ""Mentioned""}]"
369,W4OtherSub2YP0v,YP: Main subject(s) of other qualification YP is studying (second) : Electrician (include electrics here),numeric,NOMINAL,-999.0 thru -1.0,"[{""value"": ""-99.0"", ""label"": ""YP not interviewed""}, {""value"": ""-92.0"", ""label"": ""Refused""}, {""value"": ""-91.0"", ""label"": ""Not applicable""}, {""value"": ""-1.0"", ""label"": ""Don't know""}, {""value"": ""0.0"", ""label"": ""Not mentioned""}, {""value"": ""1.0"", ""label"": ""Mentioned""}]"
370,W4OtherSub2YP0w,YP: Main subject(s) of other qualification YP is studying (second) : Graphics,numeric,NOMINAL,-999.0 thru -1.0,"[{""value"": ""-99.0"", ""label"": ""YP not interviewed""}, {""value"": ""-92.0"", ""label"": ""Refused""}, {""value"": ""-91.0"", ""label"": ""Not applicable""}, {""value"": ""-1.0"", ""label"": ""Don't know""}, {""value"": ""0.0"", ""label"": ""Not mentioned""}, {""value"": ""1.0"", ""label"": ""Mentioned""}]"
371,W4OtherSub2YP0x,YP: Main subject(s) of other qualification YP is studying (second) : Hairdressing,numeric,NOMINAL,-999.0 thru -1.0,"[{""value"": ""-99.0"", ""label"": ""YP not interviewed""}, {""value"": ""-92.0"", ""label"": ""Refused""}, {""value"": ""-91.0"", ""label"": ""Not applicable""}, {""value"": ""-1.0"", ""label"": ""Don't know""}, {""value"": ""0.0"", ""label"": ""Not mentioned""}, {""value"": ""1.0"", ""label"": ""Mentioned""}]"
372,W4OtherSub2YP0y,YP: Main subject(s) of other qualification YP is studying (second) : Beauty therapy,numeric,NOMINAL,-999.0 thru -1.0,"[{""value"": ""-99.0"", ""label"": ""YP not interviewed""}, {""value"": ""-92.0"", ""label"": ""Refused""}, {""value"": ""-91.0"", ""label"": ""Not applicable""}, {""value"": ""-1.0"", ""label"": ""Don't know""}, {""value"": ""0.0"", ""label"": ""Not mentioned""}, {""value"": ""1.0"", ""label"": ""Mentioned""}]"
373,W4OtherSub2YP0z,YP: Main subject(s) of other qualification YP is studying (second) : Sociology,numeric,NOMINAL,-999.0 thru -1.0,"[{""value"": ""-99.0"", ""label"": ""YP not interviewed""}, {""value"": ""-92.0"", ""label"": ""Refused""}, {""value"": ""-91.0"", ""label"": ""Not applicable""}, {""value"": ""-1.0"", ""label"": ""Don't know""}, {""value"": ""0.0"", ""label"": ""Not mentioned""}, {""value"": ""1.0"", ""label"": ""Mentioned""}]"
374,W4OtherSub2YPaa,YP: Main subject(s) of other qualification YP is studying (second) : Mechanics,numeric,NOMINAL,-999.0 thru -1.0,"[{""value"": ""-99.0"", ""label"": ""YP not interviewed""}, {""value"": ""-92.0"", ""label"": ""Refused""}, {""value"": ""-91.0"", ""label"": ""Not applicable""}, {""value"": ""-1.0"", ""label"": ""Don't know""}, {""value"": ""0.0"", ""label"": ""Not mentioned""}, {""value"": ""1.0"", ""label"": ""Mentioned""}]"
375,W4OtherSub2YPab,YP: Main subject(s) of other qualification YP is studying (second) : Social work,numeric,NOMINAL,-999.0 thru -1.0,"[{""value"": ""-99.0"", ""label"": ""YP not interviewed""}, {""value"": ""-92.0"", ""label"": ""Refused""}, {""value"": ""-91.0"", ""label"": ""Not applicable""}, {""value"": ""-1.0"", ""label"": ""Don't know""}, {""value"": ""0.0"", ""label"": ""Not mentioned""}, {""value"": ""1.0"", ""label"": ""Mentioned""}]"
376,W4OtherSub2YPac,YP: Main subject(s) of other qualification YP is studying (second) : Art and Design (anything mentioning art),numeric,NOMINAL,-999.0 thru -1.0,"[{""value"": ""-99.0"", ""label"": ""YP not interviewed""}, {""value"": ""-92.0"", ""label"": ""Refused""}, {""value"": ""-91.0"", ""label"": ""Not applicable""}, {""value"": ""-1.0"", ""label"": ""Don't know""}, {""value"": ""0.0"", ""label"": ""Not mentioned""}, {""value"": ""1.0"", ""label"": ""Mentioned""}]"
377,W4OtherSub2YPad,YP: Main subject(s) of other qualification YP is studying (second) : Joinery,numeric,NOMINAL,-999.0 thru -1.0,"[{""value"": ""-99.0"", ""label"": ""YP not interviewed""}, {""value"": ""-92.0"", ""label"": ""Refused""}, {""value"": ""-91.0"", ""label"": ""Not applicable""}, {""value"": ""-1.0"", ""label"": ""Don't know""}, {""value"": ""0.0"", ""label"": ""Not mentioned""}, {""value"": ""1.0"", ""label"": ""Mentioned""}]"
378,W4OtherSub2YPae,YP: Main subject(s) of other qualification YP is studying (second) : Customer service,numeric,NOMINAL,-999.0 thru -1.0,"[{""value"": ""-99.0"", ""label"": ""YP not interviewed""}, {""value"": ""-92.0"", ""label"": ""Refused""}, {""value"": ""-91.0"", ""label"": ""Not applicable""}, {""value"": ""-1.0"", ""label"": ""Don't know""}, {""value"": ""0.0"", ""label"": ""Not mentioned""}, {""value"": ""1.0"", ""label"": ""Mentioned""}]"
379,W4OtherSub2YPaf,YP: Main subject(s) of other qualification YP is studying (second) : Painting and decorating,numeric,NOMINAL,-999.0 thru -1.0,"[{""value"": ""-99.0"", ""label"": ""YP not interviewed""}, {""value"": ""-92.0"", ""label"": ""Refused""}, {""value"": ""-91.0"", ""label"": ""Not applicable""}, {""value"": ""-1.0"", ""label"": ""Don't know""}, {""value"": ""0.0"", ""label"": ""Not mentioned""}, {""value"": ""1.0"", ""label"": ""Mentioned""}]"
380,W4OtherSub2YPag,YP: Main subject(s) of other qualification YP is studying (second) : First Aid,numeric,NOMINAL,-999.0 thru -1.0,"[{""value"": ""-99.0"", ""label"": ""YP not interviewed""}, {""value"": ""-92.0"", ""label"": ""Refused""}, {""value"": ""-91.0"", ""label"": ""Not applicable""}, {""value"": ""-1.0"", ""label"": ""Don't know""}, {""value"": ""0.0"", ""label"": ""Not mentioned""}, {""value"": ""1.0"", ""label"": ""Mentioned""}]"
381,W4OtherSub2YPah,YP: Main subject(s) of other qualification YP is studying (second) : Plumbing,numeric,NOMINAL,-999.0 thru -1.0,"[{""value"": ""-99.0"", ""label"": ""YP not interviewed""}, {""value"": ""-92.0"", ""label"": ""Refused""}, {""value"": ""-91.0"", ""label"": ""Not applicable""}, {""value"": ""-1.0"", ""label"": ""Don't know""}, {""value"": ""0.0"", ""label"": ""Not mentioned""}, {""value"": ""1.0"", ""label"": ""Mentioned""}]"
382,W4OtherSub2YPai,YP: Main subject(s) of other qualification YP is studying (second) : Other answers,numeric,NOMINAL,-999.0 thru -1.0,"[{""value"": ""-99.0"", ""label"": ""YP not interviewed""}, {""value"": ""-92.0"", ""label"": ""Refused""}, {""value"": ""-91.0"", ""label"": ""Not applicable""}, {""value"": ""-1.0"", ""label"": ""Don't know""}, {""value"": ""0.0"", ""label"": ""Not mentioned""}, {""value"": ""1.0"", ""label"": ""Mentioned""}]"
383,W4OtherSub2YPaj,YP: Main subject(s) of other qualification YP is studying (second) : No Answer,numeric,NOMINAL,-999.0 thru -1.0,"[{""value"": ""-99.0"", ""label"": ""YP not interviewed""}, {""value"": ""-92.0"", ""label"": ""Refused""}, {""value"": ""-91.0"", ""label"": ""Not applicable""}, {""value"": ""-1.0"", ""label"": ""Don't know""}, {""value"": ""0.0"", ""label"": ""Not mentioned""}, {""value"": ""1.0"", ""label"": ""Mentioned""}]"
384,W4OtherSub2YPak,YP: Main subject(s) of other qualification YP is studying (second) : Don't know,numeric,NOMINAL,-999.0 thru -1.0,"[{""value"": ""-99.0"", ""label"": ""YP not interviewed""}, {""value"": ""-92.0"", ""label"": ""Refused""}, {""value"": ""-91.0"", ""label"": ""Not applicable""}, {""value"": ""-1.0"", ""label"": ""Don't know""}, {""value"": ""0.0"", ""label"": ""Not mentioned""}, {""value"": ""1.0"", ""label"": ""Mentioned""}]"
385,W4OtherSub3YP0a,YP: Main subject(s) of other qualification YP is studying (third) : Business (studies),numeric,NOMINAL,-999.0 thru -1.0,"[{""value"": ""-99.0"", ""label"": ""YP not interviewed""}, {""value"": ""-92.0"", ""label"": ""Refused""}, {""value"": ""-91.0"", ""label"": ""Not applicable""}, {""value"": ""-1.0"", ""label"": ""Don't know""}, {""value"": ""0.0"", ""label"": ""Not mentioned""}, {""value"": ""1.0"", ""label"": ""Mentioned""}]"
386,W4OtherSub3YP0b,YP: Main subject(s) of other qualification YP is studying (third) : Childcare,numeric,NOMINAL,-999.0 thru -1.0,"[{""value"": ""-99.0"", ""label"": ""YP not interviewed""}, {""value"": ""-92.0"", ""label"": ""Refused""}, {""value"": ""-91.0"", ""label"": ""Not applicable""}, {""value"": ""-1.0"", ""label"": ""Don't know""}, {""value"": ""0.0"", ""label"": ""Not mentioned""}, {""value"": ""1.0"", ""label"": ""Mentioned""}]"
387,W4OtherSub3YP0c,YP: Main subject(s) of other qualification YP is studying (third) : Communications,numeric,NOMINAL,-999.0 thru -1.0,"[{""value"": ""-99.0"", ""label"": ""YP not interviewed""}, {""value"": ""-92.0"", ""label"": ""Refused""}, {""value"": ""-91.0"", ""label"": ""Not applicable""}, {""value"": ""-1.0"", ""label"": ""Don't know""}, {""value"": ""0.0"", ""label"": ""Not mentioned""}, {""value"": ""1.0"", ""label"": ""Mentioned""}]"
388,W4OtherSub3YP0d,YP: Main subject(s) of other qualification YP is studying (third) : Economics,numeric,NOMINAL,-999.0 thru -1.0,"[{""value"": ""-99.0"", ""label"": ""YP not interviewed""}, {""value"": ""-92.0"", ""label"": ""Refused""}, {""value"": ""-91.0"", ""label"": ""Not applicable""}, {""value"": ""-1.0"", ""label"": ""Don't know""}, {""value"": ""0.0"", ""label"": ""Not mentioned""}, {""value"": ""1.0"", ""label"": ""Mentioned""}]"
389,W4OtherSub3YP0e,YP: Main subject(s) of other qualification YP is studying (third) : Engineering,numeric,NOMINAL,-999.0 thru -1.0,"[{""value"": ""-99.0"", ""label"": ""YP not interviewed""}, {""value"": ""-92.0"", ""label"": ""Refused""}, {""value"": ""-91.0"", ""label"": ""Not applicable""}, {""value"": ""-1.0"", ""label"": ""Don't know""}, {""value"": ""0.0"", ""label"": ""Not mentioned""}, {""value"": ""1.0"", ""label"": ""Mentioned""}]"
390,W4OtherSub3YP0f,YP: Main subject(s) of other qualification YP is studying (third) : English,numeric,NOMINAL,-999.0 thru -1.0,"[{""value"": ""-99.0"", ""label"": ""YP not interviewed""}, {""value"": ""-92.0"", ""label"": ""Refused""}, {""value"": ""-91.0"", ""label"": ""Not applicable""}, {""value"": ""-1.0"", ""label"": ""Don't know""}, {""value"": ""0.0"", ""label"": ""Not mentioned""}, {""value"": ""1.0"", ""label"": ""Mentioned""}]"
391,W4OtherSub3YP0g,YP: Main subject(s) of other qualification YP is studying (third) : Geography,numeric,NOMINAL,-999.0 thru -1.0,"[{""value"": ""-99.0"", ""label"": ""YP not interviewed""}, {""value"": ""-92.0"", ""label"": ""Refused""}, {""value"": ""-91.0"", ""label"": ""Not applicable""}, {""value"": ""-1.0"", ""label"": ""Don't know""}, {""value"": ""0.0"", ""label"": ""Not mentioned""}, {""value"": ""1.0"", ""label"": ""Mentioned""}]"
392,W4OtherSub3YP0h,YP: Main subject(s) of other qualification YP is studying (third) : History,numeric,NOMINAL,-999.0 thru -1.0,"[{""value"": ""-99.0"", ""label"": ""YP not interviewed""}, {""value"": ""-92.0"", ""label"": ""Refused""}, {""value"": ""-91.0"", ""label"": ""Not applicable""}, {""value"": ""-1.0"", ""label"": ""Don't know""}, {""value"": ""0.0"", ""label"": ""Not mentioned""}, {""value"": ""1.0"", ""label"": ""Mentioned""}]"
393,W4OtherSub3YP0i,YP: Main subject(s) of other qualification YP is studying (third) : IT/ICT,numeric,NOMINAL,-999.0 thru -1.0,"[{""value"": ""-99.0"", ""label"": ""YP not interviewed""}, {""value"": ""-92.0"", ""label"": ""Refused""}, {""value"": ""-91.0"", ""label"": ""Not applicable""}, {""value"": ""-1.0"", ""label"": ""Don't know""}, {""value"": ""0.0"", ""label"": ""Not mentioned""}, {""value"": ""1.0"", ""label"": ""Mentioned""}]"
394,W4OtherSub3YP0j,YP: Main subject(s) of other qualification YP is studying (third) : Languages,numeric,NOMINAL,-999.0 thru -1.0,"[{""value"": ""-99.0"", ""label"": ""YP not interviewed""}, {""value"": ""-92.0"", ""label"": ""Refused""}, {""value"": ""-91.0"", ""label"": ""Not applicable""}, {""value"": ""-1.0"", ""label"": ""Don't know""}, {""value"": ""0.0"", ""label"": ""Not mentioned""}, {""value"": ""1.0"", ""label"": ""Mentioned""}]"
395,W4OtherSub3YP0k,YP: Main subject(s) of other qualification YP is studying (third) : Maths,numeric,NOMINAL,-999.0 thru -1.0,"[{""value"": ""-99.0"", ""label"": ""YP not interviewed""}, {""value"": ""-92.0"", ""label"": ""Refused""}, {""value"": ""-91.0"", ""label"": ""Not applicable""}, {""value"": ""-1.0"", ""label"": ""Don't know""}, {""value"": ""0.0"", ""label"": ""Not mentioned""}, {""value"": ""1.0"", ""label"": ""Mentioned""}]"
396,W4OtherSub3YP0l,YP: Main subject(s) of other qualification YP is studying (third) : Music,numeric,NOMINAL,-999.0 thru -1.0,"[{""value"": ""-99.0"", ""label"": ""YP not interviewed""}, {""value"": ""-92.0"", ""label"": ""Refused""}, {""value"": ""-91.0"", ""label"": ""Not applicable""}, {""value"": ""-1.0"", ""label"": ""Don't know""}, {""value"": ""0.0"", ""label"": ""Not mentioned""}, {""value"": ""1.0"", ""label"": ""Mentioned""}]"
397,W4OtherSub3YP0m,YP: Main subject(s) of other qualification YP is studying (third) : Psychology,numeric,NOMINAL,-999.0 thru -1.0,"[{""value"": ""-99.0"", ""label"": ""YP not interviewed""}, {""value"": ""-92.0"", ""label"": ""Refused""}, {""value"": ""-91.0"", ""label"": ""Not applicable""}, {""value"": ""-1.0"", ""label"": ""Don't know""}, {""value"": ""0.0"", ""label"": ""Not mentioned""}, {""value"": ""1.0"", ""label"": ""Mentioned""}]"
398,W4OtherSub3YP0n,YP: Main subject(s) of other qualification YP is studying (third) : Science,numeric,NOMINAL,-999.0 thru -1.0,"[{""value"": ""-99.0"", ""label"": ""YP not interviewed""}, {""value"": ""-92.0"", ""label"": ""Refused""}, {""value"": ""-91.0"", ""label"": ""Not applicable""}, {""value"": ""-1.0"", ""label"": ""Don't know""}, {""value"": ""0.0"", ""label"": ""Not mentioned""}, {""value"": ""1.0"", ""label"": ""Mentioned""}]"
399,W4OtherSub3YP0o,YP: Main subject(s) of other qualification YP is studying (third) : Sport (all references),numeric,NOMINAL,-999.0 thru -1.0,"[{""value"": ""-99.0"", ""label"": ""YP not interviewed""}, {""value"": ""-92.0"", ""label"": ""Refused""}, {""value"": ""-91.0"", ""label"": ""Not applicable""}, {""value"": ""-1.0"", ""label"": ""Don't know""}, {""value"": ""0.0"", ""label"": ""Not mentioned""}, {""value"": ""1.0"", ""label"": ""Mentioned""}]"
400,W4OtherSub3YP0p,YP: Main subject(s) of other qualification YP is studying (third) : Travel and tourism,numeric,NOMINAL,-999.0 thru -1.0,"[{""value"": ""-99.0"", ""label"": ""YP not interviewed""}, {""value"": ""-92.0"", ""label"": ""Refused""}, {""value"": ""-91.0"", ""label"": ""Not applicable""}, {""value"": ""-1.0"", ""label"": ""Don't know""}, {""value"": ""0.0"", ""label"": ""Not mentioned""}, {""value"": ""1.0"", ""label"": ""Mentioned""}]"
401,W4OtherSub3YP0q,YP: Main subject(s) of other qualification YP is studying (third) : Health and social care,numeric,NOMINAL,-999.0 thru -1.0,"[{""value"": ""-99.0"", ""label"": ""YP not interviewed""}, {""value"": ""-92.0"", ""label"": ""Refused""}, {""value"": ""-91.0"", ""label"": ""Not applicable""}, {""value"": ""-1.0"", ""label"": ""Don't know""}, {""value"": ""0.0"", ""label"": ""Not mentioned""}, {""value"": ""1.0"", ""label"": ""Mentioned""}]"
402,W4OtherSub3YP0r,YP: Main subject(s) of other qualification YP is studying (third) : Media related,numeric,NOMINAL,-999.0 thru -1.0,"[{""value"": ""-99.0"", ""label"": ""YP not interviewed""}, {""value"": ""-92.0"", ""label"": ""Refused""}, {""value"": ""-91.0"", ""label"": ""Not applicable""}, {""value"": ""-1.0"", ""label"": ""Don't know""}, {""value"": ""0.0"", ""label"": ""Not mentioned""}, {""value"": ""1.0"", ""label"": ""Mentioned""}]"
403,W4OtherSub3YP0s,YP: Main subject(s) of other qualification YP is studying (third) : Any musical instrument,numeric,NOMINAL,-999.0 thru -1.0,"[{""value"": ""-99.0"", ""label"": ""YP not interviewed""}, {""value"": ""-92.0"", ""label"": ""Refused""}, {""value"": ""-91.0"", ""label"": ""Not applicable""}, {""value"": ""-1.0"", ""label"": ""Don't know""}, {""value"": ""0.0"", ""label"": ""Not mentioned""}, {""value"": ""1.0"", ""label"": ""Mentioned""}]"
404,W4OtherSub3YP0t,YP: Main subject(s) of other qualification YP is studying (third) : Health and Safety,numeric,NOMINAL,-999.0 thru -1.0,"[{""value"": ""-99.0"", ""label"": ""YP not interviewed""}, {""value"": ""-92.0"", ""label"": ""Refused""}, {""value"": ""-91.0"", ""label"": ""Not applicable""}, {""value"": ""-1.0"", ""label"": ""Don't know""}, {""value"": ""0.0"", ""label"": ""Not mentioned""}, {""value"": ""1.0"", ""label"": ""Mentioned""}]"
405,W4OtherSub3YP0u,YP: Main subject(s) of other qualification YP is studying (third) : Animal care (include animal management),numeric,NOMINAL,-999.0 thru -1.0,"[{""value"": ""-99.0"", ""label"": ""YP not interviewed""}, {""value"": ""-92.0"", ""label"": ""Refused""}, {""value"": ""-91.0"", ""label"": ""Not applicable""}, {""value"": ""-1.0"", ""label"": ""Don't know""}, {""value"": ""0.0"", ""label"": ""Not mentioned""}, {""value"": ""1.0"", ""label"": ""Mentioned""}]"
406,W4OtherSub3YP0v,YP: Main subject(s) of other qualification YP is studying (third) : Electrician (include electrics here),numeric,NOMINAL,-999.0 thru -1.0,"[{""value"": ""-99.0"", ""label"": ""YP not interviewed""}, {""value"": ""-92.0"", ""label"": ""Refused""}, {""value"": ""-91.0"", ""label"": ""Not applicable""}, {""value"": ""-1.0"", ""label"": ""Don't know""}, {""value"": ""0.0"", ""label"": ""Not mentioned""}, {""value"": ""1.0"", ""label"": ""Mentioned""}]"
407,W4OtherSub3YP0w,YP: Main subject(s) of other qualification YP is studying (third) : Graphics,numeric,NOMINAL,-999.0 thru -1.0,"[{""value"": ""-99.0"", ""label"": ""YP not interviewed""}, {""value"": ""-92.0"", ""label"": ""Refused""}, {""value"": ""-91.0"", ""label"": ""Not applicable""}, {""value"": ""-1.0"", ""label"": ""Don't know""}, {""value"": ""0.0"", ""label"": ""Not mentioned""}, {""value"": ""1.0"", ""label"": ""Mentioned""}]"
408,W4OtherSub3YP0x,YP: Main subject(s) of other qualification YP is studying (third) : Hairdressing,numeric,NOMINAL,-999.0 thru -1.0,"[{""value"": ""-99.0"", ""label"": ""YP not interviewed""}, {""value"": ""-92.0"", ""label"": ""Refused""}, {""value"": ""-91.0"", ""label"": ""Not applicable""}, {""value"": ""-1.0"", ""label"": ""Don't know""}, {""value"": ""0.0"", ""label"": ""Not mentioned""}, {""value"": ""1.0"", ""label"": ""Mentioned""}]"
409,W4OtherSub3YP0y,YP: Main subject(s) of other qualification YP is studying (third) : Beauty therapy,numeric,NOMINAL,-999.0 thru -1.0,"[{""value"": ""-99.0"", ""label"": ""YP not interviewed""}, {""value"": ""-92.0"", ""label"": ""Refused""}, {""value"": ""-91.0"", ""label"": ""Not applicable""}, {""value"": ""-1.0"", ""label"": ""Don't know""}, {""value"": ""0.0"", ""label"": ""Not mentioned""}, {""value"": ""1.0"", ""label"": ""Mentioned""}]"
410,W4OtherSub3YP0z,YP: Main subject(s) of other qualification YP is studying (third) : Sociology,numeric,NOMINAL,-999.0 thru -1.0,"[{""value"": ""-99.0"", ""label"": ""YP not interviewed""}, {""value"": ""-92.0"", ""label"": ""Refused""}, {""value"": ""-91.0"", ""label"": ""Not applicable""}, {""value"": ""-1.0"", ""label"": ""Don't know""}, {""value"": ""0.0"", ""label"": ""Not mentioned""}, {""value"": ""1.0"", ""label"": ""Mentioned""}]"
411,W4OtherSub3YPaa,YP: Main subject(s) of other qualification YP is studying (third) : Mechanics,numeric,NOMINAL,-999.0 thru -1.0,"[{""value"": ""-99.0"", ""label"": ""YP not interviewed""}, {""value"": ""-92.0"", ""label"": ""Refused""}, {""value"": ""-91.0"", ""label"": ""Not applicable""}, {""value"": ""-1.0"", ""label"": ""Don't know""}, {""value"": ""0.0"", ""label"": ""Not mentioned""}, {""value"": ""1.0"", ""label"": ""Mentioned""}]"
412,W4OtherSub3YPab,YP: Main subject(s) of other qualification YP is studying (third) : Social work,numeric,NOMINAL,-999.0 thru -1.0,"[{""value"": ""-99.0"", ""label"": ""YP not interviewed""}, {""value"": ""-92.0"", ""label"": ""Refused""}, {""value"": ""-91.0"", ""label"": ""Not applicable""}, {""value"": ""-1.0"", ""label"": ""Don't know""}, {""value"": ""0.0"", ""label"": ""Not mentioned""}, {""value"": ""1.0"", ""label"": ""Mentioned""}]"
413,W4OtherSub3YPac,YP: Main subject(s) of other qualification YP is studying (third) : Art and Design (anything mentioning art),numeric,NOMINAL,-999.0 thru -1.0,"[{""value"": ""-99.0"", ""label"": ""YP not interviewed""}, {""value"": ""-92.0"", ""label"": ""Refused""}, {""value"": ""-91.0"", ""label"": ""Not applicable""}, {""value"": ""-1.0"", ""label"": ""Don't know""}, {""value"": ""0.0"", ""label"": ""Not mentioned""}, {""value"": ""1.0"", ""label"": ""Mentioned""}]"
414,W4OtherSub3YPad,YP: Main subject(s) of other qualification YP is studying (third) : Joinery,numeric,NOMINAL,-999.0 thru -1.0,"[{""value"": ""-99.0"", ""label"": ""YP not interviewed""}, {""value"": ""-92.0"", ""label"": ""Refused""}, {""value"": ""-91.0"", ""label"": ""Not applicable""}, {""value"": ""-1.0"", ""label"": ""Don't know""}, {""value"": ""0.0"", ""label"": ""Not mentioned""}, {""value"": ""1.0"", ""label"": ""Mentioned""}]"
415,W4OtherSub3YPae,YP: Main subject(s) of other qualification YP is studying (third) : Customer service,numeric,NOMINAL,-999.0 thru -1.0,"[{""value"": ""-99.0"", ""label"": ""YP not interviewed""}, {""value"": ""-92.0"", ""label"": ""Refused""}, {""value"": ""-91.0"", ""label"": ""Not applicable""}, {""value"": ""-1.0"", ""label"": ""Don't know""}, {""value"": ""0.0"", ""label"": ""Not mentioned""}, {""value"": ""1.0"", ""label"": ""Mentioned""}]"
416,W4OtherSub3YPaf,YP: Main subject(s) of other qualification YP is studying (third) : Painting and decorating,numeric,NOMINAL,-999.0 thru -1.0,"[{""value"": ""-99.0"", ""label"": ""YP not interviewed""}, {""value"": ""-92.0"", ""label"": ""Refused""}, {""value"": ""-91.0"", ""label"": ""Not applicable""}, {""value"": ""-1.0"", ""label"": ""Don't know""}, {""value"": ""0.0"", ""label"": ""Not mentioned""}, {""value"": ""1.0"", ""label"": ""Mentioned""}]"
417,W4OtherSub3YPag,YP: Main subject(s) of other qualification YP is studying (third) : First Aid,numeric,NOMINAL,-999.0 thru -1.0,"[{""value"": ""-99.0"", ""label"": ""YP not interviewed""}, {""value"": ""-92.0"", ""label"": ""Refused""}, {""value"": ""-91.0"", ""label"": ""Not applicable""}, {""value"": ""-1.0"", ""label"": ""Don't know""}, {""value"": ""0.0"", ""label"": ""Not mentioned""}, {""value"": ""1.0"", ""label"": ""Mentioned""}]"
418,W4OtherSub3YPah,YP: Main subject(s) of other qualification YP is studying (third) : Plumbing,numeric,NOMINAL,-999.0 thru -1.0,"[{""value"": ""-99.0"", ""label"": ""YP not interviewed""}, {""value"": ""-92.0"", ""label"": ""Refused""}, {""value"": ""-91.0"", ""label"": ""Not applicable""}, {""value"": ""-1.0"", ""label"": ""Don't know""}, {""value"": ""0.0"", ""label"": ""Not mentioned""}, {""value"": ""1.0"", ""label"": ""Mentioned""}]"
419,W4OtherSub3YPai,YP: Main subject(s) of other qualification YP is studying (third) : Other answers,numeric,NOMINAL,-999.0 thru -1.0,"[{""value"": ""-99.0"", ""label"": ""YP not interviewed""}, {""value"": ""-92.0"", ""label"": ""Refused""}, {""value"": ""-91.0"", ""label"": ""Not applicable""}, {""value"": ""-1.0"", ""label"": ""Don't know""}, {""value"": ""0.0"", ""label"": ""Not mentioned""}, {""value"": ""1.0"", ""label"": ""Mentioned""}]"
420,W4OtherSub3YPaj,YP: Main subject(s) of other qualification YP is studying (third) : No Answer,numeric,NOMINAL,-999.0 thru -1.0,"[{""value"": ""-99.0"", ""label"": ""YP not interviewed""}, {""value"": ""-92.0"", ""label"": ""Refused""}, {""value"": ""-91.0"", ""label"": ""Not applicable""}, {""value"": ""-1.0"", ""label"": ""Don't know""}, {""value"": ""0.0"", ""label"": ""Not mentioned""}, {""value"": ""1.0"", ""label"": ""Mentioned""}]"
421,W4OtherSub3YPak,YP: Main subject(s) of other qualification YP is studying (third) : Don't know,numeric,NOMINAL,-999.0 thru -1.0,"[{""value"": ""-99.0"", ""label"": ""YP not interviewed""}, {""value"": ""-92.0"", ""label"": ""Refused""}, {""value"": ""-91.0"", ""label"": ""Not applicable""}, {""value"": ""-1.0"", ""label"": ""Don't know""}, {""value"": ""0.0"", ""label"": ""Not mentioned""}, {""value"": ""1.0"", ""label"": ""Mentioned""}]"
422,W4OtherSub4YP0a,YP: Main subject(s) of other qualification YP is studying (fourth) : Business (studies),numeric,NOMINAL,-999.0 thru -1.0,"[{""value"": ""-99.0"", ""label"": ""YP not interviewed""}, {""value"": ""-92.0"", ""label"": ""Refused""}, {""value"": ""-91.0"", ""label"": ""Not applicable""}, {""value"": ""-1.0"", ""label"": ""Don't know""}, {""value"": ""0.0"", ""label"": ""Not mentioned""}, {""value"": ""1.0"", ""label"": ""Mentioned""}]"
423,W4OtherSub4YP0b,YP: Main subject(s) of other qualification YP is studying (fourth) : Childcare,numeric,NOMINAL,-999.0 thru -1.0,"[{""value"": ""-99.0"", ""label"": ""YP not interviewed""}, {""value"": ""-92.0"", ""label"": ""Refused""}, {""value"": ""-91.0"", ""label"": ""Not applicable""}, {""value"": ""-1.0"", ""label"": ""Don't know""}, {""value"": ""0.0"", ""label"": ""Not mentioned""}, {""value"": ""1.0"", ""label"": ""Mentioned""}]"
424,W4OtherSub4YP0c,YP: Main subject(s) of other qualification YP is studying (fourth) : Communications,numeric,NOMINAL,-999.0 thru -1.0,"[{""value"": ""-99.0"", ""label"": ""YP not interviewed""}, {""value"": ""-92.0"", ""label"": ""Refused""}, {""value"": ""-91.0"", ""label"": ""Not applicable""}, {""value"": ""-1.0"", ""label"": ""Don't know""}, {""value"": ""0.0"", ""label"": ""Not mentioned""}, {""value"": ""1.0"", ""label"": ""Mentioned""}]"
425,W4OtherSub4YP0d,YP: Main subject(s) of other qualification YP is studying (fourth) : Economics,numeric,NOMINAL,-999.0 thru -1.0,"[{""value"": ""-99.0"", ""label"": ""YP not interviewed""}, {""value"": ""-92.0"", ""label"": ""Refused""}, {""value"": ""-91.0"", ""label"": ""Not applicable""}, {""value"": ""-1.0"", ""label"": ""Don't know""}, {""value"": ""0.0"", ""label"": ""Not mentioned""}, {""value"": ""1.0"", ""label"": ""Mentioned""}]"
426,W4OtherSub4YP0e,YP: Main subject(s) of other qualification YP is studying (fourth) : Engineering,numeric,NOMINAL,-999.0 thru -1.0,"[{""value"": ""-99.0"", ""label"": ""YP not interviewed""}, {""value"": ""-92.0"", ""label"": ""Refused""}, {""value"": ""-91.0"", ""label"": ""Not applicable""}, {""value"": ""-1.0"", ""label"": ""Don't know""}, {""value"": ""0.0"", ""label"": ""Not mentioned""}, {""value"": ""1.0"", ""label"": ""Mentioned""}]"
427,W4OtherSub4YP0f,YP: Main subject(s) of other qualification YP is studying (fourth) : English,numeric,NOMINAL,-999.0 thru -1.0,"[{""value"": ""-99.0"", ""label"": ""YP not interviewed""}, {""value"": ""-92.0"", ""label"": ""Refused""}, {""value"": ""-91.0"", ""label"": ""Not applicable""}, {""value"": ""-1.0"", ""label"": ""Don't know""}, {""value"": ""0.0"", ""label"": ""Not mentioned""}, {""value"": ""1.0"", ""label"": ""Mentioned""}]"
428,W4OtherSub4YP0g,YP: Main subject(s) of other qualification YP is studying (fourth) : Geography,numeric,NOMINAL,-999.0 thru -1.0,"[{""value"": ""-99.0"", ""label"": ""YP not interviewed""}, {""value"": ""-92.0"", ""label"": ""Refused""}, {""value"": ""-91.0"", ""label"": ""Not applicable""}, {""value"": ""-1.0"", ""label"": ""Don't know""}, {""value"": ""0.0"", ""label"": ""Not mentioned""}, {""value"": ""1.0"", ""label"": ""Mentioned""}]"
429,W4OtherSub4YP0h,YP: Main subject(s) of other qualification YP is studying (fourth) : History,numeric,NOMINAL,-999.0 thru -1.0,"[{""value"": ""-99.0"", ""label"": ""YP not interviewed""}, {""value"": ""-92.0"", ""label"": ""Refused""}, {""value"": ""-91.0"", ""label"": ""Not applicable""}, {""value"": ""-1.0"", ""label"": ""Don't know""}, {""value"": ""0.0"", ""label"": ""Not mentioned""}, {""value"": ""1.0"", ""label"": ""Mentioned""}]"
430,W4OtherSub4YP0i,YP: Main subject(s) of other qualification YP is studying (fourth) : IT/ICT,numeric,NOMINAL,-999.0 thru -1.0,"[{""value"": ""-99.0"", ""label"": ""YP not interviewed""}, {""value"": ""-92.0"", ""label"": ""Refused""}, {""value"": ""-91.0"", ""label"": ""Not applicable""}, {""value"": ""-1.0"", ""label"": ""Don't know""}, {""value"": ""0.0"", ""label"": ""Not mentioned""}, {""value"": ""1.0"", ""label"": ""Mentioned""}]"
431,W4OtherSub4YP0j,YP: Main subject(s) of other qualification YP is studying (fourth) : Languages,numeric,NOMINAL,-999.0 thru -1.0,"[{""value"": ""-99.0"", ""label"": ""YP not interviewed""}, {""value"": ""-92.0"", ""label"": ""Refused""}, {""value"": ""-91.0"", ""label"": ""Not applicable""}, {""value"": ""-1.0"", ""label"": ""Don't know""}, {""value"": ""0.0"", ""label"": ""Not mentioned""}, {""value"": ""1.0"", ""label"": ""Mentioned""}]"
432,W4OtherSub4YP0k,YP: Main subject(s) of other qualification YP is studying (fourth) : Maths,numeric,NOMINAL,-999.0 thru -1.0,"[{""value"": ""-99.0"", ""label"": ""YP not interviewed""}, {""value"": ""-92.0"", ""label"": ""Refused""}, {""value"": ""-91.0"", ""label"": ""Not applicable""}, {""value"": ""-1.0"", ""label"": ""Don't know""}, {""value"": ""0.0"", ""label"": ""Not mentioned""}, {""value"": ""1.0"", ""label"": ""Mentioned""}]"
433,W4OtherSub4YP0l,YP: Main subject(s) of other qualification YP is studying (fourth) : Music,numeric,NOMINAL,-999.0 thru -1.0,"[{""value"": ""-99.0"", ""label"": ""YP not interviewed""}, {""value"": ""-92.0"", ""label"": ""Refused""}, {""value"": ""-91.0"", ""label"": ""Not applicable""}, {""value"": ""-1.0"", ""label"": ""Don't know""}, {""value"": ""0.0"", ""label"": ""Not mentioned""}, {""value"": ""1.0"", ""label"": ""Mentioned""}]"
434,W4OtherSub4YP0m,YP: Main subject(s) of other qualification YP is studying (fourth) : Psychology,numeric,NOMINAL,-999.0 thru -1.0,"[{""value"": ""-99.0"", ""label"": ""YP not interviewed""}, {""value"": ""-92.0"", ""label"": ""Refused""}, {""value"": ""-91.0"", ""label"": ""Not applicable""}, {""value"": ""-1.0"", ""label"": ""Don't know""}, {""value"": ""0.0"", ""label"": ""Not mentioned""}, {""value"": ""1.0"", ""label"": ""Mentioned""}]"
435,W4OtherSub4YP0n,YP: Main subject(s) of other qualification YP is studying (fourth) : Science,numeric,NOMINAL,-999.0 thru -1.0,"[{""value"": ""-99.0"", ""label"": ""YP not interviewed""}, {""value"": ""-92.0"", ""label"": ""Refused""}, {""value"": ""-91.0"", ""label"": ""Not applicable""}, {""value"": ""-1.0"", ""label"": ""Don't know""}, {""value"": ""0.0"", ""label"": ""Not mentioned""}, {""value"": ""1.0"", ""label"": ""Mentioned""}]"
436,W4OtherSub4YP0o,YP: Main subject(s) of other qualification YP is studying (fourth) : Sport (all references),numeric,NOMINAL,-999.0 thru -1.0,"[{""value"": ""-99.0"", ""label"": ""YP not interviewed""}, {""value"": ""-92.0"", ""label"": ""Refused""}, {""value"": ""-91.0"", ""label"": ""Not applicable""}, {""value"": ""-1.0"", ""label"": ""Don't know""}, {""value"": ""0.0"", ""label"": ""Not mentioned""}, {""value"": ""1.0"", ""label"": ""Mentioned""}]"
437,W4OtherSub4YP0p,YP: Main subject(s) of other qualification YP is studying (fourth) : Travel and tourism,numeric,NOMINAL,-999.0 thru -1.0,"[{""value"": ""-99.0"", ""label"": ""YP not interviewed""}, {""value"": ""-92.0"", ""label"": ""Refused""}, {""value"": ""-91.0"", ""label"": ""Not applicable""}, {""value"": ""-1.0"", ""label"": ""Don't know""}, {""value"": ""0.0"", ""label"": ""Not mentioned""}, {""value"": ""1.0"", ""label"": ""Mentioned""}]"
438,W4OtherSub4YP0q,YP: Main subject(s) of other qualification YP is studying (fourth) : Health and social care,numeric,NOMINAL,-999.0 thru -1.0,"[{""value"": ""-99.0"", ""label"": ""YP not interviewed""}, {""value"": ""-92.0"", ""label"": ""Refused""}, {""value"": ""-91.0"", ""label"": ""Not applicable""}, {""value"": ""-1.0"", ""label"": ""Don't know""}, {""value"": ""0.0"", ""label"": ""Not mentioned""}, {""value"": ""1.0"", ""label"": ""Mentioned""}]"
439,W4OtherSub4YP0r,YP: Main subject(s) of other qualification YP is studying (fourth) : Media related,numeric,NOMINAL,-999.0 thru -1.0,"[{""value"": ""-99.0"", ""label"": ""YP not interviewed""}, {""value"": ""-92.0"", ""label"": ""Refused""}, {""value"": ""-91.0"", ""label"": ""Not applicable""}, {""value"": ""-1.0"", ""label"": ""Don't know""}, {""value"": ""0.0"", ""label"": ""Not mentioned""}, {""value"": ""1.0"", ""label"": ""Mentioned""}]"
440,W4OtherSub4YP0s,YP: Main subject(s) of other qualification YP is studying (fourth) : Any musical instrument,numeric,NOMINAL,-999.0 thru -1.0,"[{""value"": ""-99.0"", ""label"": ""YP not interviewed""}, {""value"": ""-92.0"", ""label"": ""Refused""}, {""value"": ""-91.0"", ""label"": ""Not applicable""}, {""value"": ""-1.0"", ""label"": ""Don't know""}, {""value"": ""0.0"", ""label"": ""Not mentioned""}, {""value"": ""1.0"", ""label"": ""Mentioned""}]"
441,W4OtherSub4YP0t,YP: Main subject(s) of other qualification YP is studying (fourth) : Health and Safety,numeric,NOMINAL,-999.0 thru -1.0,"[{""value"": ""-99.0"", ""label"": ""YP not interviewed""}, {""value"": ""-92.0"", ""label"": ""Refused""}, {""value"": ""-91.0"", ""label"": ""Not applicable""}, {""value"": ""-1.0"", ""label"": ""Don't know""}, {""value"": ""0.0"", ""label"": ""Not mentioned""}, {""value"": ""1.0"", ""label"": ""Mentioned""}]"
442,W4OtherSub4YP0u,YP: Main subject(s) of other qualification YP is studying (fourth) : Animal care (include animal management),numeric,NOMINAL,-999.0 thru -1.0,"[{""value"": ""-99.0"", ""label"": ""YP not interviewed""}, {""value"": ""-92.0"", ""label"": ""Refused""}, {""value"": ""-91.0"", ""label"": ""Not applicable""}, {""value"": ""-1.0"", ""label"": ""Don't know""}, {""value"": ""0.0"", ""label"": ""Not mentioned""}, {""value"": ""1.0"", ""label"": ""Mentioned""}]"
443,W4OtherSub4YP0v,YP: Main subject(s) of other qualification YP is studying (fourth) : Electrician (include electrics here),numeric,NOMINAL,-999.0 thru -1.0,"[{""value"": ""-99.0"", ""label"": ""YP not interviewed""}, {""value"": ""-92.0"", ""label"": ""Refused""}, {""value"": ""-91.0"", ""label"": ""Not applicable""}, {""value"": ""-1.0"", ""label"": ""Don't know""}, {""value"": ""0.0"", ""label"": ""Not mentioned""}, {""value"": ""1.0"", ""label"": ""Mentioned""}]"
444,W4OtherSub4YP0w,YP: Main subject(s) of other qualification YP is studying (fourth) : Graphics,numeric,NOMINAL,-999.0 thru -1.0,"[{""value"": ""-99.0"", ""label"": ""YP not interviewed""}, {""value"": ""-92.0"", ""label"": ""Refused""}, {""value"": ""-91.0"", ""label"": ""Not applicable""}, {""value"": ""-1.0"", ""label"": ""Don't know""}, {""value"": ""0.0"", ""label"": ""Not mentioned""}, {""value"": ""1.0"", ""label"": ""Mentioned""}]"
445,W4OtherSub4YP0x,YP: Main subject(s) of other qualification YP is studying (fourth) : Hairdressing,numeric,NOMINAL,-999.0 thru -1.0,"[{""value"": ""-99.0"", ""label"": ""YP not interviewed""}, {""value"": ""-92.0"", ""label"": ""Refused""}, {""value"": ""-91.0"", ""label"": ""Not applicable""}, {""value"": ""-1.0"", ""label"": ""Don't know""}, {""value"": ""0.0"", ""label"": ""Not mentioned""}, {""value"": ""1.0"", ""label"": ""Mentioned""}]"
446,W4OtherSub4YP0y,YP: Main subject(s) of other qualification YP is studying (fourth) : Beauty therapy,numeric,NOMINAL,-999.0 thru -1.0,"[{""value"": ""-99.0"", ""label"": ""YP not interviewed""}, {""value"": ""-92.0"", ""label"": ""Refused""}, {""value"": ""-91.0"", ""label"": ""Not applicable""}, {""value"": ""-1.0"", ""label"": ""Don't know""}, {""value"": ""0.0"", ""label"": ""Not mentioned""}, {""value"": ""1.0"", ""label"": ""Mentioned""}]"
447,W4OtherSub4YP0z,YP: Main subject(s) of other qualification YP is studying (fourth) : Sociology,numeric,NOMINAL,-999.0 thru -1.0,"[{""value"": ""-99.0"", ""label"": ""YP not interviewed""}, {""value"": ""-92.0"", ""label"": ""Refused""}, {""value"": ""-91.0"", ""label"": ""Not applicable""}, {""value"": ""-1.0"", ""label"": ""Don't know""}, {""value"": ""0.0"", ""label"": ""Not mentioned""}, {""value"": ""1.0"", ""label"": ""Mentioned""}]"
448,W4OtherSub4YPaa,YP: Main subject(s) of other qualification YP is studying (fourth) : Mechanics,numeric,NOMINAL,-999.0 thru -1.0,"[{""value"": ""-99.0"", ""label"": ""YP not interviewed""}, {""value"": ""-92.0"", ""label"": ""Refused""}, {""value"": ""-91.0"", ""label"": ""Not applicable""}, {""value"": ""-1.0"", ""label"": ""Don't know""}, {""value"": ""0.0"", ""label"": ""Not mentioned""}, {""value"": ""1.0"", ""label"": ""Mentioned""}]"
449,W4OtherSub4YPab,YP: Main subject(s) of other qualification YP is studying (fourth) : Social work,numeric,NOMINAL,-999.0 thru -1.0,"[{""value"": ""-99.0"", ""label"": ""YP not interviewed""}, {""value"": ""-92.0"", ""label"": ""Refused""}, {""value"": ""-91.0"", ""label"": ""Not applicable""}, {""value"": ""-1.0"", ""label"": ""Don't know""}, {""value"": ""0.0"", ""label"": ""Not mentioned""}, {""value"": ""1.0"", ""label"": ""Mentioned""}]"
450,W4OtherSub4YPac,YP: Main subject(s) of other qualification YP is studying (fourth) : Art and Design (anything mentioning art),numeric,NOMINAL,-999.0 thru -1.0,"[{""value"": ""-99.0"", ""label"": ""YP not interviewed""}, {""value"": ""-92.0"", ""label"": ""Refused""}, {""value"": ""-91.0"", ""label"": ""Not applicable""}, {""value"": ""-1.0"", ""label"": ""Don't know""}, {""value"": ""0.0"", ""label"": ""Not mentioned""}, {""value"": ""1.0"", ""label"": ""Mentioned""}]"
451,W4OtherSub4YPad,YP: Main subject(s) of other qualification YP is studying (fourth) : Joinery,numeric,NOMINAL,-999.0 thru -1.0,"[{""value"": ""-99.0"", ""label"": ""YP not interviewed""}, {""value"": ""-92.0"", ""label"": ""Refused""}, {""value"": ""-91.0"", ""label"": ""Not applicable""}, {""value"": ""-1.0"", ""label"": ""Don't know""}, {""value"": ""0.0"", ""label"": ""Not mentioned""}, {""value"": ""1.0"", ""label"": ""Mentioned""}]"
452,W4OtherSub4YPae,YP: Main subject(s) of other qualification YP is studying (fourth) : Customer service,numeric,NOMINAL,-999.0 thru -1.0,"[{""value"": ""-99.0"", ""label"": ""YP not interviewed""}, {""value"": ""-92.0"", ""label"": ""Refused""}, {""value"": ""-91.0"", ""label"": ""Not applicable""}, {""value"": ""-1.0"", ""label"": ""Don't know""}, {""value"": ""0.0"", ""label"": ""Not mentioned""}, {""value"": ""1.0"", ""label"": ""Mentioned""}]"
453,W4OtherSub4YPaf,YP: Main subject(s) of other qualification YP is studying (fourth) : Painting and decorating,numeric,NOMINAL,-999.0 thru -1.0,"[{""value"": ""-99.0"", ""label"": ""YP not interviewed""}, {""value"": ""-92.0"", ""label"": ""Refused""}, {""value"": ""-91.0"", ""label"": ""Not applicable""}, {""value"": ""-1.0"", ""label"": ""Don't know""}, {""value"": ""0.0"", ""label"": ""Not mentioned""}, {""value"": ""1.0"", ""label"": ""Mentioned""}]"
454,W4OtherSub4YPag,YP: Main subject(s) of other qualification YP is studying (fourth) : First Aid,numeric,NOMINAL,-999.0 thru -1.0,"[{""value"": ""-99.0"", ""label"": ""YP not interviewed""}, {""value"": ""-92.0"", ""label"": ""Refused""}, {""value"": ""-91.0"", ""label"": ""Not applicable""}, {""value"": ""-1.0"", ""label"": ""Don't know""}, {""value"": ""0.0"", ""label"": ""Not mentioned""}, {""value"": ""1.0"", ""label"": ""Mentioned""}]"
455,W4OtherSub4YPah,YP: Main subject(s) of other qualification YP is studying (fourth) : Plumbing,numeric,NOMINAL,-999.0 thru -1.0,"[{""value"": ""-99.0"", ""label"": ""YP not interviewed""}, {""value"": ""-92.0"", ""label"": ""Refused""}, {""value"": ""-91.0"", ""label"": ""Not applicable""}, {""value"": ""-1.0"", ""label"": ""Don't know""}, {""value"": ""0.0"", ""label"": ""Not mentioned""}, {""value"": ""1.0"", ""label"": ""Mentioned""}]"
456,W4OtherSub4YPai,YP: Main subject(s) of other qualification YP is studying (fourth) : Other answers,numeric,NOMINAL,-999.0 thru -1.0,"[{""value"": ""-99.0"", ""label"": ""YP not interviewed""}, {""value"": ""-92.0"", ""label"": ""Refused""}, {""value"": ""-91.0"", ""label"": ""Not applicable""}, {""value"": ""-1.0"", ""label"": ""Don't know""}, {""value"": ""0.0"", ""label"": ""Not mentioned""}, {""value"": ""1.0"", ""label"": ""Mentioned""}]"
457,W4OtherSub4YPaj,YP: Main subject(s) of other qualification YP is studying (fourth) : No Answer,numeric,NOMINAL,-999.0 thru -1.0,"[{""value"": ""-99.0"", ""label"": ""YP not interviewed""}, {""value"": ""-92.0"", ""label"": ""Refused""}, {""value"": ""-91.0"", ""label"": ""Not applicable""}, {""value"": ""-1.0"", ""label"": ""Don't know""}, {""value"": ""0.0"", ""label"": ""Not mentioned""}, {""value"": ""1.0"", ""label"": ""Mentioned""}]"
458,W4OtherSub4YPak,YP: Main subject(s) of other qualification YP is studying (fourth) : Don't know,numeric,NOMINAL,-999.0 thru -1.0,"[{""value"": ""-99.0"", ""label"": ""YP not interviewed""}, {""value"": ""-92.0"", ""label"": ""Refused""}, {""value"": ""-91.0"", ""label"": ""Not applicable""}, {""value"": ""-1.0"", ""label"": ""Don't know""}, {""value"": ""0.0"", ""label"": ""Not mentioned""}, {""value"": ""1.0"", ""label"": ""Mentioned""}]"
459,W4OtherSub5YP,YP: Main subject(s) of other qualification YP is studying (fifth),numeric,NOMINAL,-999.0 thru -1.0,"[{""value"": ""-99.0"", ""label"": ""YP not interviewed""}, {""value"": ""-92.0"", ""label"": ""Refused""}, {""value"": ""-91.0"", ""label"": ""Not applicable""}, {""value"": ""-1.0"", ""label"": ""Don't know""}, {""value"": ""1.0"", ""label"": ""Business (studies)""}, {""value"": ""2.0"", ""label"": ""Childcare""}, {""value"": ""3.0"", ""label"": ""Communications""}, {""value"": ""4.0"", ""label"": ""Economics""}, {""value"": ""5.0"", ""label"": ""Engineering""}, {""value"": ""6.0"", ""label"": ""English""}, {""value"": ""7.0"", ""label"": ""Geography""}, {""value"": ""8.0"", ""label"": ""History""}, {""value"": ""9.0"", ""label"": ""IT/ICT""}, {""value"": ""10.0"", ""label"": ""Languages""}, {""value"": ""11.0"", ""label"": ""Maths""}, {""value"": ""12.0"", ""label"": ""Music""}, {""value"": ""13.0"", ""label"": ""Psychology""}, {""value"": ""14.0"", ""label"": ""Science""}, {""value"": ""15.0"", ""label"": ""Sport (all references)""}, {""value"": ""16.0"", ""label"": ""Travel and tourism""}, {""value"": ""17.0"", ""label"": ""Health and social care""}, {""value"": ""18.0"", ""label"": ""Media related""}, {""value"": ""19.0"", ""label"": ""Any musical instrument""}, {""value"": ""20.0"", ""label"": ""Health and Safety""}, {""value"": ""21.0"", ""label"": ""Animal care (include animal management)""}, {""value"": ""22.0"", ""label"": ""Electrician (include electrics here)""}, {""value"": ""23.0"", ""label"": ""Graphics""}, {""value"": ""24.0"", ""label"": ""Hairdressing""}, {""value"": ""25.0"", ""label"": ""Beauty therapy""}, {""value"": ""26.0"", ""label"": ""Sociology""}, {""value"": ""27.0"", ""label"": ""Mechanics""}, {""value"": ""28.0"", ""label"": ""Social work""}, {""value"": ""29.0"", ""label"": ""Art and Design(anything mentioning art)""}, {""value"": ""30.0"", ""label"": ""Joinery""}, {""value"": ""31.0"", ""label"": ""Customer service""}, {""value"": ""32.0"", ""label"": ""Painting and decorating""}, {""value"": ""33.0"", ""label"": ""First Aid""}, {""value"": ""34.0"", ""label"": ""Plumbing""}, {""value"": ""35.0"", ""label"": ""Other answers""}, {""value"": ""36.0"", ""label"": ""No Answer""}]"
460,W4IfVocYP0a,"YP: Whether YP's 'other' qualification is technical, vocational or work related (first subject)",numeric,NOMINAL,-999.0 thru -1.0,"[{""value"": ""-99.0"", ""label"": ""YP not interviewed""}, {""value"": ""-92.0"", ""label"": ""Refused""}, {""value"": ""-91.0"", ""label"": ""Not applicable""}, {""value"": ""-1.0"", ""label"": ""Don't know""}, {""value"": ""1.0"", ""label"": ""Yes""}, {""value"": ""2.0"", ""label"": ""No""}]"
461,W4IfVocYP0b,"YP: Whether YP's 'other' qualification is technical, vocational or work related (second subject)",numeric,NOMINAL,-999.0 thru -1.0,"[{""value"": ""-99.0"", ""label"": ""YP not interviewed""}, {""value"": ""-92.0"", ""label"": ""Refused""}, {""value"": ""-91.0"", ""label"": ""Not applicable""}, {""value"": ""-1.0"", ""label"": ""Don't know""}, {""value"": ""1.0"", ""label"": ""Yes""}, {""value"": ""2.0"", ""label"": ""No""}]"
462,W4IfVocYP0c,"YP: Whether YP's 'other' qualification is technical, vocational or work related (third subject)",numeric,NOMINAL,-999.0 thru -1.0,"[{""value"": ""-99.0"", ""label"": ""YP not interviewed""}, {""value"": ""-92.0"", ""label"": ""Refused""}, {""value"": ""-91.0"", ""label"": ""Not applicable""}, {""value"": ""-1.0"", ""label"": ""Don't know""}, {""value"": ""1.0"", ""label"": ""Yes""}, {""value"": ""2.0"", ""label"": ""No""}]"
463,W4IfVocYP0d,"YP: Whether YP's 'other' qualification is technical, vocational or work related (fourth subject)",numeric,NOMINAL,-999.0 thru -1.0,"[{""value"": ""-99.0"", ""label"": ""YP not interviewed""}, {""value"": ""-92.0"", ""label"": ""Refused""}, {""value"": ""-91.0"", ""label"": ""Not applicable""}, {""value"": ""-1.0"", ""label"": ""Don't know""}, {""value"": ""1.0"", ""label"": ""Yes""}, {""value"": ""2.0"", ""label"": ""No""}]"
464,W4IfVocYP0e,"YP: Whether YP's 'other' qualification is technical, vocational or work related (fifth subject)",numeric,NOMINAL,-999.0 thru -1.0,"[{""value"": ""-99.0"", ""label"": ""YP not interviewed""}, {""value"": ""-92.0"", ""label"": ""Refused""}, {""value"": ""-91.0"", ""label"": ""Not applicable""}, {""value"": ""-1.0"", ""label"": ""Don't know""}, {""value"": ""1.0"", ""label"": ""Yes""}, {""value"": ""2.0"", ""label"": ""No""}]"
465,W4OtherEqYP0a,YP: NVQ equivalent of YP's 'other' qualification (first subject),numeric,ORDINAL,-999.0 thru -1.0,"[{""value"": ""-99.0"", ""label"": ""YP not interviewed""}, {""value"": ""-92.0"", ""label"": ""Refused""}, {""value"": ""-91.0"", ""label"": ""Not applicable""}, {""value"": ""-1.0"", ""label"": ""Don't know""}, {""value"": ""1.0"", ""label"": ""Level 1""}, {""value"": ""2.0"", ""label"": ""Level 2""}, {""value"": ""3.0"", ""label"": ""Level 3""}]"
466,W4OtherEqYP0b,YP: NVQ equivalent of YP's 'other' qualification (second subject),numeric,ORDINAL,-999.0 thru -1.0,"[{""value"": ""-99.0"", ""label"": ""YP not interviewed""}, {""value"": ""-92.0"", ""label"": ""Refused""}, {""value"": ""-91.0"", ""label"": ""Not applicable""}, {""value"": ""-1.0"", ""label"": ""Don't know""}, {""value"": ""1.0"", ""label"": ""Level 1""}, {""value"": ""2.0"", ""label"": ""Level 2""}, {""value"": ""3.0"", ""label"": ""Level 3""}]"
467,W4OtherEqYP0c,YP: NVQ equivalent of YP's 'other' qualification (third subject),numeric,ORDINAL,-999.0 thru -1.0,"[{""value"": ""-99.0"", ""label"": ""YP not interviewed""}, {""value"": ""-92.0"", ""label"": ""Refused""}, {""value"": ""-91.0"", ""label"": ""Not applicable""}, {""value"": ""-1.0"", ""label"": ""Don't know""}, {""value"": ""1.0"", ""label"": ""Level 1""}, {""value"": ""2.0"", ""label"": ""Level 2""}, {""value"": ""3.0"", ""label"": ""Level 3""}]"
468,W4OtherEqYP0d,YP: NVQ equivalent of YP's 'other' qualification (fourth subject),numeric,ORDINAL,-999.0 thru -1.0,"[{""value"": ""-99.0"", ""label"": ""YP not interviewed""}, {""value"": ""-92.0"", ""label"": ""Refused""}, {""value"": ""-91.0"", ""label"": ""Not applicable""}, {""value"": ""-1.0"", ""label"": ""Don't know""}, {""value"": ""1.0"", ""label"": ""Level 1""}, {""value"": ""2.0"", ""label"": ""Level 2""}, {""value"": ""3.0"", ""label"": ""Level 3""}]"
469,W4OtherEqYP0e,YP: NVQ equivalent of YP's 'other' qualification (fifth subject),numeric,ORDINAL,-999.0 thru -1.0,"[{""value"": ""-99.0"", ""label"": ""YP not interviewed""}, {""value"": ""-92.0"", ""label"": ""Refused""}, {""value"": ""-91.0"", ""label"": ""Not applicable""}, {""value"": ""-1.0"", ""label"": ""Don't know""}, {""value"": ""1.0"", ""label"": ""Level 1""}, {""value"": ""2.0"", ""label"": ""Level 2""}, {""value"": ""3.0"", ""label"": ""Level 3""}]"
470,W4AlevUniYP,YP: Whether courses are being taken so YP can apply for university course in future,numeric,NOMINAL,-999.0 thru -1.0,"[{""value"": ""-997.0"", ""label"": ""Script error""}, {""value"": ""-99.0"", ""label"": ""YP not interviewed""}, {""value"": ""-92.0"", ""label"": ""Refused""}, {""value"": ""-91.0"", ""label"": ""Not applicable""}, {""value"": ""-1.0"", ""label"": ""Don't know""}, {""value"": ""1.0"", ""label"": ""Yes""}, {""value"": ""2.0"", ""label"": ""No""}]"
471,W4AlevFlagYP,Admin: Whether YP should have been asked W4AlevUni,numeric,SCALE,-999.0 thru -1.0,"[{""value"": ""-99.0"", ""label"": ""YP not interviewed""}, {""value"": ""1.0"", ""label"": ""Should have been asked""}, {""value"": ""2.0"", ""label"": ""Should not have been asked""}]"
472,W4UniSubAYP,YP: Whether YP has decided which subject to study at university,numeric,NOMINAL,-999.0 thru -1.0,"[{""value"": ""-99.0"", ""label"": ""YP not interviewed""}, {""value"": ""-92.0"", ""label"": ""Refused""}, {""value"": ""-91.0"", ""label"": ""Not applicable""}, {""value"": ""-1.0"", ""label"": ""Don't know""}, {""value"": ""1.0"", ""label"": ""Yes""}, {""value"": ""2.0"", ""label"": ""No""}]"
473,W4UniSubBYP0a,YP: Subject YP would like to study at university : Accounting,numeric,NOMINAL,-999.0 thru -1.0,"[{""value"": ""-99.0"", ""label"": ""YP not interviewed""}, {""value"": ""-92.0"", ""label"": ""Refused""}, {""value"": ""-91.0"", ""label"": ""Not applicable""}, {""value"": ""-1.0"", ""label"": ""Don't know""}, {""value"": ""0.0"", ""label"": ""Not mentioned""}, {""value"": ""1.0"", ""label"": ""Mentioned""}]"
474,W4UniSubBYP0b,YP: Subject YP would like to study at university : Actuarial science,numeric,NOMINAL,-999.0 thru -1.0,"[{""value"": ""-99.0"", ""label"": ""YP not interviewed""}, {""value"": ""-92.0"", ""label"": ""Refused""}, {""value"": ""-91.0"", ""label"": ""Not applicable""}, {""value"": ""-1.0"", ""label"": ""Don't know""}, {""value"": ""0.0"", ""label"": ""Not mentioned""}, {""value"": ""1.0"", ""label"": ""Mentioned""}]"
475,W4UniSubBYP0c,YP: Subject YP would like to study at university : Aeronautical/aerospace engineering,numeric,NOMINAL,-999.0 thru -1.0,"[{""value"": ""-99.0"", ""label"": ""YP not interviewed""}, {""value"": ""-92.0"", ""label"": ""Refused""}, {""value"": ""-91.0"", ""label"": ""Not applicable""}, {""value"": ""-1.0"", ""label"": ""Don't know""}, {""value"": ""0.0"", ""label"": ""Not mentioned""}, {""value"": ""1.0"", ""label"": ""Mentioned""}]"
476,W4UniSubBYP0d,YP: Subject YP would like to study at university : Animal care/management,numeric,NOMINAL,-999.0 thru -1.0,"[{""value"": ""-99.0"", ""label"": ""YP not interviewed""}, {""value"": ""-92.0"", ""label"": ""Refused""}, {""value"": ""-91.0"", ""label"": ""Not applicable""}, {""value"": ""-1.0"", ""label"": ""Don't know""}, {""value"": ""0.0"", ""label"": ""Not mentioned""}, {""value"": ""1.0"", ""label"": ""Mentioned""}]"
477,W4UniSubBYP0e,YP: Subject YP would like to study at university : Animation,numeric,NOMINAL,-999.0 thru -1.0,"[{""value"": ""-99.0"", ""label"": ""YP not interviewed""}, {""value"": ""-92.0"", ""label"": ""Refused""}, {""value"": ""-91.0"", ""label"": ""Not applicable""}, {""value"": ""-1.0"", ""label"": ""Don't know""}, {""value"": ""0.0"", ""label"": ""Not mentioned""}, {""value"": ""1.0"", ""label"": ""Mentioned""}]"
478,W4UniSubBYP0f,YP: Subject YP would like to study at university : Anthropology,numeric,NOMINAL,-999.0 thru -1.0,"[{""value"": ""-99.0"", ""label"": ""YP not interviewed""}, {""value"": ""-92.0"", ""label"": ""Refused""}, {""value"": ""-91.0"", ""label"": ""Not applicable""}, {""value"": ""-1.0"", ""label"": ""Don't know""}, {""value"": ""0.0"", ""label"": ""Not mentioned""}, {""value"": ""1.0"", ""label"": ""Mentioned""}]"
479,W4UniSubBYP0g,YP: Subject YP would like to study at university : Archaeology,numeric,NOMINAL,-999.0 thru -1.0,"[{""value"": ""-99.0"", ""label"": ""YP not interviewed""}, {""value"": ""-92.0"", ""label"": ""Refused""}, {""value"": ""-91.0"", ""label"": ""Not applicable""}, {""value"": ""-1.0"", ""label"": ""Don't know""}, {""value"": ""0.0"", ""label"": ""Not mentioned""}, {""value"": ""1.0"", ""label"": ""Mentioned""}]"
480,W4UniSubBYP0h,YP: Subject YP would like to study at university : Architecture,numeric,NOMINAL,-999.0 thru -1.0,"[{""value"": ""-99.0"", ""label"": ""YP not interviewed""}, {""value"": ""-92.0"", ""label"": ""Refused""}, {""value"": ""-91.0"", ""label"": ""Not applicable""}, {""value"": ""-1.0"", ""label"": ""Don't know""}, {""value"": ""0.0"", ""label"": ""Not mentioned""}, {""value"": ""1.0"", ""label"": ""Mentioned""}]"
481,W4UniSubBYP0i,YP: Subject YP would like to study at university : Art and design,numeric,NOMINAL,-999.0 thru -1.0,"[{""value"": ""-99.0"", ""label"": ""YP not interviewed""}, {""value"": ""-92.0"", ""label"": ""Refused""}, {""value"": ""-91.0"", ""label"": ""Not applicable""}, {""value"": ""-1.0"", ""label"": ""Don't know""}, {""value"": ""0.0"", ""label"": ""Not mentioned""}, {""value"": ""1.0"", ""label"": ""Mentioned""}]"
482,W4UniSubBYP0j,YP: Subject YP would like to study at university : Art (no detail),numeric,NOMINAL,-999.0 thru -1.0,"[{""value"": ""-99.0"", ""label"": ""YP not interviewed""}, {""value"": ""-92.0"", ""label"": ""Refused""}, {""value"": ""-91.0"", ""label"": ""Not applicable""}, {""value"": ""-1.0"", ""label"": ""Don't know""}, {""value"": ""0.0"", ""label"": ""Not mentioned""}, {""value"": ""1.0"", ""label"": ""Mentioned""}]"
483,W4UniSubBYP0k,YP: Subject YP would like to study at university : Bio-chemistry,numeric,NOMINAL,-999.0 thru -1.0,"[{""value"": ""-99.0"", ""label"": ""YP not interviewed""}, {""value"": ""-92.0"", ""label"": ""Refused""}, {""value"": ""-91.0"", ""label"": ""Not applicable""}, {""value"": ""-1.0"", ""label"": ""Don't know""}, {""value"": ""0.0"", ""label"": ""Not mentioned""}, {""value"": ""1.0"", ""label"": ""Mentioned""}]"
484,W4UniSubBYP0l,YP: Subject YP would like to study at university : Biology,numeric,NOMINAL,-999.0 thru -1.0,"[{""value"": ""-99.0"", ""label"": ""YP not interviewed""}, {""value"": ""-92.0"", ""label"": ""Refused""}, {""value"": ""-91.0"", ""label"": ""Not applicable""}, {""value"": ""-1.0"", ""label"": ""Don't know""}, {""value"": ""0.0"", ""label"": ""Not mentioned""}, {""value"": ""1.0"", ""label"": ""Mentioned""}]"
485,W4UniSubBYP0m,YP: Subject YP would like to study at university : Bio-medicine/bio-medical (science),numeric,NOMINAL,-999.0 thru -1.0,"[{""value"": ""-99.0"", ""label"": ""YP not interviewed""}, {""value"": ""-92.0"", ""label"": ""Refused""}, {""value"": ""-91.0"", ""label"": ""Not applicable""}, {""value"": ""-1.0"", ""label"": ""Don't know""}, {""value"": ""0.0"", ""label"": ""Not mentioned""}, {""value"": ""1.0"", ""label"": ""Mentioned""}]"
486,W4UniSubBYP0n,YP: Subject YP would like to study at university : Business management,numeric,NOMINAL,-999.0 thru -1.0,"[{""value"": ""-99.0"", ""label"": ""YP not interviewed""}, {""value"": ""-92.0"", ""label"": ""Refused""}, {""value"": ""-91.0"", ""label"": ""Not applicable""}, {""value"": ""-1.0"", ""label"": ""Don't know""}, {""value"": ""0.0"", ""label"": ""Not mentioned""}, {""value"": ""1.0"", ""label"": ""Mentioned""}]"
487,W4UniSubBYP0o,YP: Subject YP would like to study at university : Business (studies),numeric,NOMINAL,-999.0 thru -1.0,"[{""value"": ""-99.0"", ""label"": ""YP not interviewed""}, {""value"": ""-92.0"", ""label"": ""Refused""}, {""value"": ""-91.0"", ""label"": ""Not applicable""}, {""value"": ""-1.0"", ""label"": ""Don't know""}, {""value"": ""0.0"", ""label"": ""Not mentioned""}, {""value"": ""1.0"", ""label"": ""Mentioned""}]"
488,W4UniSubBYP0p,YP: Subject YP would like to study at university : Chemical engineering,numeric,NOMINAL,-999.0 thru -1.0,"[{""value"": ""-99.0"", ""label"": ""YP not interviewed""}, {""value"": ""-92.0"", ""label"": ""Refused""}, {""value"": ""-91.0"", ""label"": ""Not applicable""}, {""value"": ""-1.0"", ""label"": ""Don't know""}, {""value"": ""0.0"", ""label"": ""Not mentioned""}, {""value"": ""1.0"", ""label"": ""Mentioned""}]"
489,W4UniSubBYP0q,YP: Subject YP would like to study at university : Chemistry,numeric,NOMINAL,-999.0 thru -1.0,"[{""value"": ""-99.0"", ""label"": ""YP not interviewed""}, {""value"": ""-92.0"", ""label"": ""Refused""}, {""value"": ""-91.0"", ""label"": ""Not applicable""}, {""value"": ""-1.0"", ""label"": ""Don't know""}, {""value"": ""0.0"", ""label"": ""Not mentioned""}, {""value"": ""1.0"", ""label"": ""Mentioned""}]"
490,W4UniSubBYP0r,YP: Subject YP would like to study at university : Childcare (early years),numeric,NOMINAL,-999.0 thru -1.0,"[{""value"": ""-99.0"", ""label"": ""YP not interviewed""}, {""value"": ""-92.0"", ""label"": ""Refused""}, {""value"": ""-91.0"", ""label"": ""Not applicable""}, {""value"": ""-1.0"", ""label"": ""Don't know""}, {""value"": ""0.0"", ""label"": ""Not mentioned""}, {""value"": ""1.0"", ""label"": ""Mentioned""}]"
491,W4UniSubBYP0s,YP: Subject YP would like to study at university : Civil engineering,numeric,NOMINAL,-999.0 thru -1.0,"[{""value"": ""-99.0"", ""label"": ""YP not interviewed""}, {""value"": ""-92.0"", ""label"": ""Refused""}, {""value"": ""-91.0"", ""label"": ""Not applicable""}, {""value"": ""-1.0"", ""label"": ""Don't know""}, {""value"": ""0.0"", ""label"": ""Not mentioned""}, {""value"": ""1.0"", ""label"": ""Mentioned""}]"
492,W4UniSubBYP0t,YP: Subject YP would like to study at university : Classics,numeric,NOMINAL,-999.0 thru -1.0,"[{""value"": ""-99.0"", ""label"": ""YP not interviewed""}, {""value"": ""-92.0"", ""label"": ""Refused""}, {""value"": ""-91.0"", ""label"": ""Not applicable""}, {""value"": ""-1.0"", ""label"": ""Don't know""}, {""value"": ""0.0"", ""label"": ""Not mentioned""}, {""value"": ""1.0"", ""label"": ""Mentioned""}]"
493,W4UniSubBYP0u,YP: Subject YP would like to study at university : Computer science,numeric,NOMINAL,-999.0 thru -1.0,"[{""value"": ""-99.0"", ""label"": ""YP not interviewed""}, {""value"": ""-92.0"", ""label"": ""Refused""}, {""value"": ""-91.0"", ""label"": ""Not applicable""}, {""value"": ""-1.0"", ""label"": ""Don't know""}, {""value"": ""0.0"", ""label"": ""Not mentioned""}, {""value"": ""1.0"", ""label"": ""Mentioned""}]"
494,W4UniSubBYP0v,YP: Subject YP would like to study at university : Construction,numeric,NOMINAL,-999.0 thru -1.0,"[{""value"": ""-99.0"", ""label"": ""YP not interviewed""}, {""value"": ""-92.0"", ""label"": ""Refused""}, {""value"": ""-91.0"", ""label"": ""Not applicable""}, {""value"": ""-1.0"", ""label"": ""Don't know""}, {""value"": ""0.0"", ""label"": ""Not mentioned""}, {""value"": ""1.0"", ""label"": ""Mentioned""}]"
495,W4UniSubBYP0w,YP: Subject YP would like to study at university : Creative writing,numeric,NOMINAL,-999.0 thru -1.0,"[{""value"": ""-99.0"", ""label"": ""YP not interviewed""}, {""value"": ""-92.0"", ""label"": ""Refused""}, {""value"": ""-91.0"", ""label"": ""Not applicable""}, {""value"": ""-1.0"", ""label"": ""Don't know""}, {""value"": ""0.0"", ""label"": ""Not mentioned""}, {""value"": ""1.0"", ""label"": ""Mentioned""}]"
496,W4UniSubBYP0x,YP: Subject YP would like to study at university : Criminology,numeric,NOMINAL,-999.0 thru -1.0,"[{""value"": ""-99.0"", ""label"": ""YP not interviewed""}, {""value"": ""-92.0"", ""label"": ""Refused""}, {""value"": ""-91.0"", ""label"": ""Not applicable""}, {""value"": ""-1.0"", ""label"": ""Don't know""}, {""value"": ""0.0"", ""label"": ""Not mentioned""}, {""value"": ""1.0"", ""label"": ""Mentioned""}]"
497,W4UniSubBYP0y,YP: Subject YP would like to study at university : Dance,numeric,NOMINAL,-999.0 thru -1.0,"[{""value"": ""-99.0"", ""label"": ""YP not interviewed""}, {""value"": ""-92.0"", ""label"": ""Refused""}, {""value"": ""-91.0"", ""label"": ""Not applicable""}, {""value"": ""-1.0"", ""label"": ""Don't know""}, {""value"": ""0.0"", ""label"": ""Not mentioned""}, {""value"": ""1.0"", ""label"": ""Mentioned""}]"
498,W4UniSubBYP0z,YP: Subject YP would like to study at university : Dentistry,numeric,NOMINAL,-999.0 thru -1.0,"[{""value"": ""-99.0"", ""label"": ""YP not interviewed""}, {""value"": ""-92.0"", ""label"": ""Refused""}, {""value"": ""-91.0"", ""label"": ""Not applicable""}, {""value"": ""-1.0"", ""label"": ""Don't know""}, {""value"": ""0.0"", ""label"": ""Not mentioned""}, {""value"": ""1.0"", ""label"": ""Mentioned""}]"
499,W4UniSubBYPaa,YP: Subject YP would like to study at university : Design (no detail),numeric,NOMINAL,-999.0 thru -1.0,"[{""value"": ""-99.0"", ""label"": ""YP not interviewed""}, {""value"": ""-92.0"", ""label"": ""Refused""}, {""value"": ""-91.0"", ""label"": ""Not applicable""}, {""value"": ""-1.0"", ""label"": ""Don't know""}, {""value"": ""0.0"", ""label"": ""Not mentioned""}, {""value"": ""1.0"", ""label"": ""Mentioned""}]"
500,W4UniSubBYPab,YP: Subject YP would like to study at university : Drama,numeric,NOMINAL,-999.0 thru -1.0,"[{""value"": ""-99.0"", ""label"": ""YP not interviewed""}, {""value"": ""-92.0"", ""label"": ""Refused""}, {""value"": ""-91.0"", ""label"": ""Not applicable""}, {""value"": ""-1.0"", ""label"": ""Don't know""}, {""value"": ""0.0"", ""label"": ""Not mentioned""}, {""value"": ""1.0"", ""label"": ""Mentioned""}]"
501,W4UniSubBYPac,YP: Subject YP would like to study at university : Economics,numeric,NOMINAL,-999.0 thru -1.0,"[{""value"": ""-99.0"", ""label"": ""YP not interviewed""}, {""value"": ""-92.0"", ""label"": ""Refused""}, {""value"": ""-91.0"", ""label"": ""Not applicable""}, {""value"": ""-1.0"", ""label"": ""Don't know""}, {""value"": ""0.0"", ""label"": ""Not mentioned""}, {""value"": ""1.0"", ""label"": ""Mentioned""}]"
502,W4UniSubBYPad,YP: Subject YP would like to study at university : Education (no detail),numeric,NOMINAL,-999.0 thru -1.0,"[{""value"": ""-99.0"", ""label"": ""YP not interviewed""}, {""value"": ""-92.0"", ""label"": ""Refused""}, {""value"": ""-91.0"", ""label"": ""Not applicable""}, {""value"": ""-1.0"", ""label"": ""Don't know""}, {""value"": ""0.0"", ""label"": ""Not mentioned""}, {""value"": ""1.0"", ""label"": ""Mentioned""}]"
503,W4UniSubBYPae,YP: Subject YP would like to study at university : Electrical engineering,numeric,NOMINAL,-999.0 thru -1.0,"[{""value"": ""-99.0"", ""label"": ""YP not interviewed""}, {""value"": ""-92.0"", ""label"": ""Refused""}, {""value"": ""-91.0"", ""label"": ""Not applicable""}, {""value"": ""-1.0"", ""label"": ""Don't know""}, {""value"": ""0.0"", ""label"": ""Not mentioned""}, {""value"": ""1.0"", ""label"": ""Mentioned""}]"
504,W4UniSubBYPaf,YP: Subject YP would like to study at university : Engineering (general),numeric,NOMINAL,-999.0 thru -1.0,"[{""value"": ""-99.0"", ""label"": ""YP not interviewed""}, {""value"": ""-92.0"", ""label"": ""Refused""}, {""value"": ""-91.0"", ""label"": ""Not applicable""}, {""value"": ""-1.0"", ""label"": ""Don't know""}, {""value"": ""0.0"", ""label"": ""Not mentioned""}, {""value"": ""1.0"", ""label"": ""Mentioned""}]"
505,W4UniSubBYPag,YP: Subject YP would like to study at university : English language,numeric,NOMINAL,-999.0 thru -1.0,"[{""value"": ""-99.0"", ""label"": ""YP not interviewed""}, {""value"": ""-92.0"", ""label"": ""Refused""}, {""value"": ""-91.0"", ""label"": ""Not applicable""}, {""value"": ""-1.0"", ""label"": ""Don't know""}, {""value"": ""0.0"", ""label"": ""Not mentioned""}, {""value"": ""1.0"", ""label"": ""Mentioned""}]"
506,W4UniSubBYPah,YP: Subject YP would like to study at university : English literature,numeric,NOMINAL,-999.0 thru -1.0,"[{""value"": ""-99.0"", ""label"": ""YP not interviewed""}, {""value"": ""-92.0"", ""label"": ""Refused""}, {""value"": ""-91.0"", ""label"": ""Not applicable""}, {""value"": ""-1.0"", ""label"": ""Don't know""}, {""value"": ""0.0"", ""label"": ""Not mentioned""}, {""value"": ""1.0"", ""label"": ""Mentioned""}]"
507,W4UniSubBYPai,YP: Subject YP would like to study at university : English (no detail),numeric,NOMINAL,-999.0 thru -1.0,"[{""value"": ""-99.0"", ""label"": ""YP not interviewed""}, {""value"": ""-92.0"", ""label"": ""Refused""}, {""value"": ""-91.0"", ""label"": ""Not applicable""}, {""value"": ""-1.0"", ""label"": ""Don't know""}, {""value"": ""0.0"", ""label"": ""Not mentioned""}, {""value"": ""1.0"", ""label"": ""Mentioned""}]"
508,W4UniSubBYPaj,YP: Subject YP would like to study at university : Events management,numeric,NOMINAL,-999.0 thru -1.0,"[{""value"": ""-99.0"", ""label"": ""YP not interviewed""}, {""value"": ""-92.0"", ""label"": ""Refused""}, {""value"": ""-91.0"", ""label"": ""Not applicable""}, {""value"": ""-1.0"", ""label"": ""Don't know""}, {""value"": ""0.0"", ""label"": ""Not mentioned""}, {""value"": ""1.0"", ""label"": ""Mentioned""}]"
509,W4UniSubBYPak,YP: Subject YP would like to study at university : Fashion (& clothing design),numeric,NOMINAL,-999.0 thru -1.0,"[{""value"": ""-99.0"", ""label"": ""YP not interviewed""}, {""value"": ""-92.0"", ""label"": ""Refused""}, {""value"": ""-91.0"", ""label"": ""Not applicable""}, {""value"": ""-1.0"", ""label"": ""Don't know""}, {""value"": ""0.0"", ""label"": ""Not mentioned""}, {""value"": ""1.0"", ""label"": ""Mentioned""}]"
510,W4UniSubBYPal,YP: Subject YP would like to study at university : Film production,numeric,NOMINAL,-999.0 thru -1.0,"[{""value"": ""-99.0"", ""label"": ""YP not interviewed""}, {""value"": ""-92.0"", ""label"": ""Refused""}, {""value"": ""-91.0"", ""label"": ""Not applicable""}, {""value"": ""-1.0"", ""label"": ""Don't know""}, {""value"": ""0.0"", ""label"": ""Not mentioned""}, {""value"": ""1.0"", ""label"": ""Mentioned""}]"
511,W4UniSubBYPam,YP: Subject YP would like to study at university : Finance,numeric,NOMINAL,-999.0 thru -1.0,"[{""value"": ""-99.0"", ""label"": ""YP not interviewed""}, {""value"": ""-92.0"", ""label"": ""Refused""}, {""value"": ""-91.0"", ""label"": ""Not applicable""}, {""value"": ""-1.0"", ""label"": ""Don't know""}, {""value"": ""0.0"", ""label"": ""Not mentioned""}, {""value"": ""1.0"", ""label"": ""Mentioned""}]"
512,W4UniSubBYPan,YP: Subject YP would like to study at university : Fine arts,numeric,NOMINAL,-999.0 thru -1.0,"[{""value"": ""-99.0"", ""label"": ""YP not interviewed""}, {""value"": ""-92.0"", ""label"": ""Refused""}, {""value"": ""-91.0"", ""label"": ""Not applicable""}, {""value"": ""-1.0"", ""label"": ""Don't know""}, {""value"": ""0.0"", ""label"": ""Not mentioned""}, {""value"": ""1.0"", ""label"": ""Mentioned""}]"
513,W4UniSubBYPao,YP: Subject YP would like to study at university : Forensic (science),numeric,NOMINAL,-999.0 thru -1.0,"[{""value"": ""-99.0"", ""label"": ""YP not interviewed""}, {""value"": ""-92.0"", ""label"": ""Refused""}, {""value"": ""-91.0"", ""label"": ""Not applicable""}, {""value"": ""-1.0"", ""label"": ""Don't know""}, {""value"": ""0.0"", ""label"": ""Not mentioned""}, {""value"": ""1.0"", ""label"": ""Mentioned""}]"
514,W4UniSubBYPap,YP: Subject YP would like to study at university : Geography,numeric,NOMINAL,-999.0 thru -1.0,"[{""value"": ""-99.0"", ""label"": ""YP not interviewed""}, {""value"": ""-92.0"", ""label"": ""Refused""}, {""value"": ""-91.0"", ""label"": ""Not applicable""}, {""value"": ""-1.0"", ""label"": ""Don't know""}, {""value"": ""0.0"", ""label"": ""Not mentioned""}, {""value"": ""1.0"", ""label"": ""Mentioned""}]"
515,W4UniSubBYPaq,YP: Subject YP would like to study at university : Geology,numeric,NOMINAL,-999.0 thru -1.0,"[{""value"": ""-99.0"", ""label"": ""YP not interviewed""}, {""value"": ""-92.0"", ""label"": ""Refused""}, {""value"": ""-91.0"", ""label"": ""Not applicable""}, {""value"": ""-1.0"", ""label"": ""Don't know""}, {""value"": ""0.0"", ""label"": ""Not mentioned""}, {""value"": ""1.0"", ""label"": ""Mentioned""}]"
516,W4UniSubBYPar,YP: Subject YP would like to study at university : German,numeric,NOMINAL,-999.0 thru -1.0,"[{""value"": ""-99.0"", ""label"": ""YP not interviewed""}, {""value"": ""-92.0"", ""label"": ""Refused""}, {""value"": ""-91.0"", ""label"": ""Not applicable""}, {""value"": ""-1.0"", ""label"": ""Don't know""}, {""value"": ""0.0"", ""label"": ""Not mentioned""}, {""value"": ""1.0"", ""label"": ""Mentioned""}]"
517,W4UniSubBYPas,YP: Subject YP would like to study at university : Graphic design,numeric,NOMINAL,-999.0 thru -1.0,"[{""value"": ""-99.0"", ""label"": ""YP not interviewed""}, {""value"": ""-92.0"", ""label"": ""Refused""}, {""value"": ""-91.0"", ""label"": ""Not applicable""}, {""value"": ""-1.0"", ""label"": ""Don't know""}, {""value"": ""0.0"", ""label"": ""Not mentioned""}, {""value"": ""1.0"", ""label"": ""Mentioned""}]"
518,W4UniSubBYPat,YP: Subject YP would like to study at university : Graphics (no detail),numeric,NOMINAL,-999.0 thru -1.0,"[{""value"": ""-99.0"", ""label"": ""YP not interviewed""}, {""value"": ""-92.0"", ""label"": ""Refused""}, {""value"": ""-91.0"", ""label"": ""Not applicable""}, {""value"": ""-1.0"", ""label"": ""Don't know""}, {""value"": ""0.0"", ""label"": ""Not mentioned""}, {""value"": ""1.0"", ""label"": ""Mentioned""}]"
519,W4UniSubBYPau,YP: Subject YP would like to study at university : French,numeric,NOMINAL,-999.0 thru -1.0,"[{""value"": ""-99.0"", ""label"": ""YP not interviewed""}, {""value"": ""-92.0"", ""label"": ""Refused""}, {""value"": ""-91.0"", ""label"": ""Not applicable""}, {""value"": ""-1.0"", ""label"": ""Don't know""}, {""value"": ""0.0"", ""label"": ""Not mentioned""}, {""value"": ""1.0"", ""label"": ""Mentioned""}]"
520,W4UniSubBYPav,YP: Subject YP would like to study at university : Health and social care,numeric,NOMINAL,-999.0 thru -1.0,"[{""value"": ""-99.0"", ""label"": ""YP not interviewed""}, {""value"": ""-92.0"", ""label"": ""Refused""}, {""value"": ""-91.0"", ""label"": ""Not applicable""}, {""value"": ""-1.0"", ""label"": ""Don't know""}, {""value"": ""0.0"", ""label"": ""Not mentioned""}, {""value"": ""1.0"", ""label"": ""Mentioned""}]"
521,W4UniSubBYPaw,YP: Subject YP would like to study at university : History,numeric,NOMINAL,-999.0 thru -1.0,"[{""value"": ""-99.0"", ""label"": ""YP not interviewed""}, {""value"": ""-92.0"", ""label"": ""Refused""}, {""value"": ""-91.0"", ""label"": ""Not applicable""}, {""value"": ""-1.0"", ""label"": ""Don't know""}, {""value"": ""0.0"", ""label"": ""Not mentioned""}, {""value"": ""1.0"", ""label"": ""Mentioned""}]"
522,W4UniSubBYPax,YP: Subject YP would like to study at university : International/european studies,numeric,NOMINAL,-999.0 thru -1.0,"[{""value"": ""-99.0"", ""label"": ""YP not interviewed""}, {""value"": ""-92.0"", ""label"": ""Refused""}, {""value"": ""-91.0"", ""label"": ""Not applicable""}, {""value"": ""-1.0"", ""label"": ""Don't know""}, {""value"": ""0.0"", ""label"": ""Not mentioned""}, {""value"": ""1.0"", ""label"": ""Mentioned""}]"
523,W4UniSubBYPay,YP: Subject YP would like to study at university : IT/ICT,numeric,NOMINAL,-999.0 thru -1.0,"[{""value"": ""-99.0"", ""label"": ""YP not interviewed""}, {""value"": ""-92.0"", ""label"": ""Refused""}, {""value"": ""-91.0"", ""label"": ""Not applicable""}, {""value"": ""-1.0"", ""label"": ""Don't know""}, {""value"": ""0.0"", ""label"": ""Not mentioned""}, {""value"": ""1.0"", ""label"": ""Mentioned""}]"
524,W4UniSubBYPaz,YP: Subject YP would like to study at university : Journalism,numeric,NOMINAL,-999.0 thru -1.0,"[{""value"": ""-99.0"", ""label"": ""YP not interviewed""}, {""value"": ""-92.0"", ""label"": ""Refused""}, {""value"": ""-91.0"", ""label"": ""Not applicable""}, {""value"": ""-1.0"", ""label"": ""Don't know""}, {""value"": ""0.0"", ""label"": ""Not mentioned""}, {""value"": ""1.0"", ""label"": ""Mentioned""}]"
525,W4UniSubBYPba,YP: Subject YP would like to study at university : Law,numeric,NOMINAL,-999.0 thru -1.0,"[{""value"": ""-99.0"", ""label"": ""YP not interviewed""}, {""value"": ""-92.0"", ""label"": ""Refused""}, {""value"": ""-91.0"", ""label"": ""Not applicable""}, {""value"": ""-1.0"", ""label"": ""Don't know""}, {""value"": ""0.0"", ""label"": ""Not mentioned""}, {""value"": ""1.0"", ""label"": ""Mentioned""}]"
526,W4UniSubBYPbb,YP: Subject YP would like to study at university : Marketing,numeric,NOMINAL,-999.0 thru -1.0,"[{""value"": ""-99.0"", ""label"": ""YP not interviewed""}, {""value"": ""-92.0"", ""label"": ""Refused""}, {""value"": ""-91.0"", ""label"": ""Not applicable""}, {""value"": ""-1.0"", ""label"": ""Don't know""}, {""value"": ""0.0"", ""label"": ""Not mentioned""}, {""value"": ""1.0"", ""label"": ""Mentioned""}]"
527,W4UniSubBYPbc,YP: Subject YP would like to study at university : Maths,numeric,NOMINAL,-999.0 thru -1.0,"[{""value"": ""-99.0"", ""label"": ""YP not interviewed""}, {""value"": ""-92.0"", ""label"": ""Refused""}, {""value"": ""-91.0"", ""label"": ""Not applicable""}, {""value"": ""-1.0"", ""label"": ""Don't know""}, {""value"": ""0.0"", ""label"": ""Not mentioned""}, {""value"": ""1.0"", ""label"": ""Mentioned""}]"
528,W4UniSubBYPbd,YP: Subject YP would like to study at university : Mechanical engineering,numeric,NOMINAL,-999.0 thru -1.0,"[{""value"": ""-99.0"", ""label"": ""YP not interviewed""}, {""value"": ""-92.0"", ""label"": ""Refused""}, {""value"": ""-91.0"", ""label"": ""Not applicable""}, {""value"": ""-1.0"", ""label"": ""Don't know""}, {""value"": ""0.0"", ""label"": ""Not mentioned""}, {""value"": ""1.0"", ""label"": ""Mentioned""}]"
529,W4UniSubBYPbe,YP: Subject YP would like to study at university : Media (studies),numeric,NOMINAL,-999.0 thru -1.0,"[{""value"": ""-99.0"", ""label"": ""YP not interviewed""}, {""value"": ""-92.0"", ""label"": ""Refused""}, {""value"": ""-91.0"", ""label"": ""Not applicable""}, {""value"": ""-1.0"", ""label"": ""Don't know""}, {""value"": ""0.0"", ""label"": ""Not mentioned""}, {""value"": ""1.0"", ""label"": ""Mentioned""}]"
530,W4UniSubBYPbf,YP: Subject YP would like to study at university : Medicine,numeric,NOMINAL,-999.0 thru -1.0,"[{""value"": ""-99.0"", ""label"": ""YP not interviewed""}, {""value"": ""-92.0"", ""label"": ""Refused""}, {""value"": ""-91.0"", ""label"": ""Not applicable""}, {""value"": ""-1.0"", ""label"": ""Don't know""}, {""value"": ""0.0"", ""label"": ""Not mentioned""}, {""value"": ""1.0"", ""label"": ""Mentioned""}]"
531,W4UniSubBYPbg,YP: Subject YP would like to study at university : Midwifery,numeric,NOMINAL,-999.0 thru -1.0,"[{""value"": ""-99.0"", ""label"": ""YP not interviewed""}, {""value"": ""-92.0"", ""label"": ""Refused""}, {""value"": ""-91.0"", ""label"": ""Not applicable""}, {""value"": ""-1.0"", ""label"": ""Don't know""}, {""value"": ""0.0"", ""label"": ""Not mentioned""}, {""value"": ""1.0"", ""label"": ""Mentioned""}]"
532,W4UniSubBYPbh,YP: Subject YP would like to study at university : (Modern) languages (no detail),numeric,NOMINAL,-999.0 thru -1.0,"[{""value"": ""-99.0"", ""label"": ""YP not interviewed""}, {""value"": ""-92.0"", ""label"": ""Refused""}, {""value"": ""-91.0"", ""label"": ""Not applicable""}, {""value"": ""-1.0"", ""label"": ""Don't know""}, {""value"": ""0.0"", ""label"": ""Not mentioned""}, {""value"": ""1.0"", ""label"": ""Mentioned""}]"
533,W4UniSubBYPbi,YP: Subject YP would like to study at university : Music,numeric,NOMINAL,-999.0 thru -1.0,"[{""value"": ""-99.0"", ""label"": ""YP not interviewed""}, {""value"": ""-92.0"", ""label"": ""Refused""}, {""value"": ""-91.0"", ""label"": ""Not applicable""}, {""value"": ""-1.0"", ""label"": ""Don't know""}, {""value"": ""0.0"", ""label"": ""Not mentioned""}, {""value"": ""1.0"", ""label"": ""Mentioned""}]"
534,W4UniSubBYPbj,YP: Subject YP would like to study at university : Nursing,numeric,NOMINAL,-999.0 thru -1.0,"[{""value"": ""-99.0"", ""label"": ""YP not interviewed""}, {""value"": ""-92.0"", ""label"": ""Refused""}, {""value"": ""-91.0"", ""label"": ""Not applicable""}, {""value"": ""-1.0"", ""label"": ""Don't know""}, {""value"": ""0.0"", ""label"": ""Not mentioned""}, {""value"": ""1.0"", ""label"": ""Mentioned""}]"
535,W4UniSubBYPbk,YP: Subject YP would like to study at university : Nutrition/diet,numeric,NOMINAL,-999.0 thru -1.0,"[{""value"": ""-99.0"", ""label"": ""YP not interviewed""}, {""value"": ""-92.0"", ""label"": ""Refused""}, {""value"": ""-91.0"", ""label"": ""Not applicable""}, {""value"": ""-1.0"", ""label"": ""Don't know""}, {""value"": ""0.0"", ""label"": ""Not mentioned""}, {""value"": ""1.0"", ""label"": ""Mentioned""}]"
536,W4UniSubBYPbl,YP: Subject YP would like to study at university : Occupational therapy,numeric,NOMINAL,-999.0 thru -1.0,"[{""value"": ""-99.0"", ""label"": ""YP not interviewed""}, {""value"": ""-92.0"", ""label"": ""Refused""}, {""value"": ""-91.0"", ""label"": ""Not applicable""}, {""value"": ""-1.0"", ""label"": ""Don't know""}, {""value"": ""0.0"", ""label"": ""Not mentioned""}, {""value"": ""1.0"", ""label"": ""Mentioned""}]"
537,W4UniSubBYPbm,YP: Subject YP would like to study at university : Optometry,numeric,NOMINAL,-999.0 thru -1.0,"[{""value"": ""-99.0"", ""label"": ""YP not interviewed""}, {""value"": ""-92.0"", ""label"": ""Refused""}, {""value"": ""-91.0"", ""label"": ""Not applicable""}, {""value"": ""-1.0"", ""label"": ""Don't know""}, {""value"": ""0.0"", ""label"": ""Not mentioned""}, {""value"": ""1.0"", ""label"": ""Mentioned""}]"
538,W4UniSubBYPbn,YP: Subject YP would like to study at university : Paramedical (science),numeric,NOMINAL,-999.0 thru -1.0,"[{""value"": ""-99.0"", ""label"": ""YP not interviewed""}, {""value"": ""-92.0"", ""label"": ""Refused""}, {""value"": ""-91.0"", ""label"": ""Not applicable""}, {""value"": ""-1.0"", ""label"": ""Don't know""}, {""value"": ""0.0"", ""label"": ""Not mentioned""}, {""value"": ""1.0"", ""label"": ""Mentioned""}]"
539,W4UniSubBYPbo,YP: Subject YP would like to study at university : PE / physical education,numeric,NOMINAL,-999.0 thru -1.0,"[{""value"": ""-99.0"", ""label"": ""YP not interviewed""}, {""value"": ""-92.0"", ""label"": ""Refused""}, {""value"": ""-91.0"", ""label"": ""Not applicable""}, {""value"": ""-1.0"", ""label"": ""Don't know""}, {""value"": ""0.0"", ""label"": ""Not mentioned""}, {""value"": ""1.0"", ""label"": ""Mentioned""}]"
540,W4UniSubBYPbp,YP: Subject YP would like to study at university : Performing arts,numeric,NOMINAL,-999.0 thru -1.0,"[{""value"": ""-99.0"", ""label"": ""YP not interviewed""}, {""value"": ""-92.0"", ""label"": ""Refused""}, {""value"": ""-91.0"", ""label"": ""Not applicable""}, {""value"": ""-1.0"", ""label"": ""Don't know""}, {""value"": ""0.0"", ""label"": ""Not mentioned""}, {""value"": ""1.0"", ""label"": ""Mentioned""}]"
541,W4UniSubBYPbq,YP: Subject YP would like to study at university : Pharmacy,numeric,NOMINAL,-999.0 thru -1.0,"[{""value"": ""-99.0"", ""label"": ""YP not interviewed""}, {""value"": ""-92.0"", ""label"": ""Refused""}, {""value"": ""-91.0"", ""label"": ""Not applicable""}, {""value"": ""-1.0"", ""label"": ""Don't know""}, {""value"": ""0.0"", ""label"": ""Not mentioned""}, {""value"": ""1.0"", ""label"": ""Mentioned""}]"
542,W4UniSubBYPbr,YP: Subject YP would like to study at university : Philosophy,numeric,NOMINAL,-999.0 thru -1.0,"[{""value"": ""-99.0"", ""label"": ""YP not interviewed""}, {""value"": ""-92.0"", ""label"": ""Refused""}, {""value"": ""-91.0"", ""label"": ""Not applicable""}, {""value"": ""-1.0"", ""label"": ""Don't know""}, {""value"": ""0.0"", ""label"": ""Not mentioned""}, {""value"": ""1.0"", ""label"": ""Mentioned""}]"
543,W4UniSubBYPbs,YP: Subject YP would like to study at university : Photography,numeric,NOMINAL,-999.0 thru -1.0,"[{""value"": ""-99.0"", ""label"": ""YP not interviewed""}, {""value"": ""-92.0"", ""label"": ""Refused""}, {""value"": ""-91.0"", ""label"": ""Not applicable""}, {""value"": ""-1.0"", ""label"": ""Don't know""}, {""value"": ""0.0"", ""label"": ""Not mentioned""}, {""value"": ""1.0"", ""label"": ""Mentioned""}]"
544,W4UniSubBYPbt,YP: Subject YP would like to study at university : Physics,numeric,NOMINAL,-999.0 thru -1.0,"[{""value"": ""-99.0"", ""label"": ""YP not interviewed""}, {""value"": ""-92.0"", ""label"": ""Refused""}, {""value"": ""-91.0"", ""label"": ""Not applicable""}, {""value"": ""-1.0"", ""label"": ""Don't know""}, {""value"": ""0.0"", ""label"": ""Not mentioned""}, {""value"": ""1.0"", ""label"": ""Mentioned""}]"
545,W4UniSubBYPbu,YP: Subject YP would like to study at university : Physiotherapy,numeric,NOMINAL,-999.0 thru -1.0,"[{""value"": ""-99.0"", ""label"": ""YP not interviewed""}, {""value"": ""-92.0"", ""label"": ""Refused""}, {""value"": ""-91.0"", ""label"": ""Not applicable""}, {""value"": ""-1.0"", ""label"": ""Don't know""}, {""value"": ""0.0"", ""label"": ""Not mentioned""}, {""value"": ""1.0"", ""label"": ""Mentioned""}]"
546,W4UniSubBYPbv,YP: Subject YP would like to study at university : Politics,numeric,NOMINAL,-999.0 thru -1.0,"[{""value"": ""-99.0"", ""label"": ""YP not interviewed""}, {""value"": ""-92.0"", ""label"": ""Refused""}, {""value"": ""-91.0"", ""label"": ""Not applicable""}, {""value"": ""-1.0"", ""label"": ""Don't know""}, {""value"": ""0.0"", ""label"": ""Not mentioned""}, {""value"": ""1.0"", ""label"": ""Mentioned""}]"
547,W4UniSubBYPbw,YP: Subject YP would like to study at university : Primary (school) teaching,numeric,NOMINAL,-999.0 thru -1.0,"[{""value"": ""-99.0"", ""label"": ""YP not interviewed""}, {""value"": ""-92.0"", ""label"": ""Refused""}, {""value"": ""-91.0"", ""label"": ""Not applicable""}, {""value"": ""-1.0"", ""label"": ""Don't know""}, {""value"": ""0.0"", ""label"": ""Not mentioned""}, {""value"": ""1.0"", ""label"": ""Mentioned""}]"
548,W4UniSubBYPbx,YP: Subject YP would like to study at university : Psychology,numeric,NOMINAL,-999.0 thru -1.0,"[{""value"": ""-99.0"", ""label"": ""YP not interviewed""}, {""value"": ""-92.0"", ""label"": ""Refused""}, {""value"": ""-91.0"", ""label"": ""Not applicable""}, {""value"": ""-1.0"", ""label"": ""Don't know""}, {""value"": ""0.0"", ""label"": ""Not mentioned""}, {""value"": ""1.0"", ""label"": ""Mentioned""}]"
549,W4UniSubBYPby,YP: Subject YP would like to study at university : (Applied) science,numeric,NOMINAL,-999.0 thru -1.0,"[{""value"": ""-99.0"", ""label"": ""YP not interviewed""}, {""value"": ""-92.0"", ""label"": ""Refused""}, {""value"": ""-91.0"", ""label"": ""Not applicable""}, {""value"": ""-1.0"", ""label"": ""Don't know""}, {""value"": ""0.0"", ""label"": ""Not mentioned""}, {""value"": ""1.0"", ""label"": ""Mentioned""}]"
550,W4UniSubBYPbz,YP: Subject YP would like to study at university : Social work,numeric,NOMINAL,-999.0 thru -1.0,"[{""value"": ""-99.0"", ""label"": ""YP not interviewed""}, {""value"": ""-92.0"", ""label"": ""Refused""}, {""value"": ""-91.0"", ""label"": ""Not applicable""}, {""value"": ""-1.0"", ""label"": ""Don't know""}, {""value"": ""0.0"", ""label"": ""Not mentioned""}, {""value"": ""1.0"", ""label"": ""Mentioned""}]"
551,W4UniSubBYPca,YP: Subject YP would like to study at university : Sociology,numeric,NOMINAL,-999.0 thru -1.0,"[{""value"": ""-99.0"", ""label"": ""YP not interviewed""}, {""value"": ""-92.0"", ""label"": ""Refused""}, {""value"": ""-91.0"", ""label"": ""Not applicable""}, {""value"": ""-1.0"", ""label"": ""Don't know""}, {""value"": ""0.0"", ""label"": ""Not mentioned""}, {""value"": ""1.0"", ""label"": ""Mentioned""}]"
552,W4UniSubBYPcb,YP: Subject YP would like to study at university : Spanish,numeric,NOMINAL,-999.0 thru -1.0,"[{""value"": ""-99.0"", ""label"": ""YP not interviewed""}, {""value"": ""-92.0"", ""label"": ""Refused""}, {""value"": ""-91.0"", ""label"": ""Not applicable""}, {""value"": ""-1.0"", ""label"": ""Don't know""}, {""value"": ""0.0"", ""label"": ""Not mentioned""}, {""value"": ""1.0"", ""label"": ""Mentioned""}]"
553,W4UniSubBYPcc,YP: Subject YP would like to study at university : Sport science,numeric,NOMINAL,-999.0 thru -1.0,"[{""value"": ""-99.0"", ""label"": ""YP not interviewed""}, {""value"": ""-92.0"", ""label"": ""Refused""}, {""value"": ""-91.0"", ""label"": ""Not applicable""}, {""value"": ""-1.0"", ""label"": ""Don't know""}, {""value"": ""0.0"", ""label"": ""Not mentioned""}, {""value"": ""1.0"", ""label"": ""Mentioned""}]"
554,W4UniSubBYPcd,YP: Subject YP would like to study at university : Sport(s) (no detail),numeric,NOMINAL,-999.0 thru -1.0,"[{""value"": ""-99.0"", ""label"": ""YP not interviewed""}, {""value"": ""-92.0"", ""label"": ""Refused""}, {""value"": ""-91.0"", ""label"": ""Not applicable""}, {""value"": ""-1.0"", ""label"": ""Don't know""}, {""value"": ""0.0"", ""label"": ""Not mentioned""}, {""value"": ""1.0"", ""label"": ""Mentioned""}]"
555,W4UniSubBYPce,YP: Subject YP would like to study at university : Surveying/planning/land,numeric,NOMINAL,-999.0 thru -1.0,"[{""value"": ""-99.0"", ""label"": ""YP not interviewed""}, {""value"": ""-92.0"", ""label"": ""Refused""}, {""value"": ""-91.0"", ""label"": ""Not applicable""}, {""value"": ""-1.0"", ""label"": ""Don't know""}, {""value"": ""0.0"", ""label"": ""Not mentioned""}, {""value"": ""1.0"", ""label"": ""Mentioned""}]"
556,W4UniSubBYPcf,YP: Subject YP would like to study at university : Teaching (no detail),numeric,NOMINAL,-999.0 thru -1.0,"[{""value"": ""-99.0"", ""label"": ""YP not interviewed""}, {""value"": ""-92.0"", ""label"": ""Refused""}, {""value"": ""-91.0"", ""label"": ""Not applicable""}, {""value"": ""-1.0"", ""label"": ""Don't know""}, {""value"": ""0.0"", ""label"": ""Not mentioned""}, {""value"": ""1.0"", ""label"": ""Mentioned""}]"
557,W4UniSubBYPcg,YP: Subject YP would like to study at university : Textiles,numeric,NOMINAL,-999.0 thru -1.0,"[{""value"": ""-99.0"", ""label"": ""YP not interviewed""}, {""value"": ""-92.0"", ""label"": ""Refused""}, {""value"": ""-91.0"", ""label"": ""Not applicable""}, {""value"": ""-1.0"", ""label"": ""Don't know""}, {""value"": ""0.0"", ""label"": ""Not mentioned""}, {""value"": ""1.0"", ""label"": ""Mentioned""}]"
558,W4UniSubBYPch,YP: Subject YP would like to study at university : Theatre studies,numeric,NOMINAL,-999.0 thru -1.0,"[{""value"": ""-99.0"", ""label"": ""YP not interviewed""}, {""value"": ""-92.0"", ""label"": ""Refused""}, {""value"": ""-91.0"", ""label"": ""Not applicable""}, {""value"": ""-1.0"", ""label"": ""Don't know""}, {""value"": ""0.0"", ""label"": ""Not mentioned""}, {""value"": ""1.0"", ""label"": ""Mentioned""}]"
559,W4UniSubBYPci,YP: Subject YP would like to study at university : Travel and tourism,numeric,NOMINAL,-999.0 thru -1.0,"[{""value"": ""-99.0"", ""label"": ""YP not interviewed""}, {""value"": ""-92.0"", ""label"": ""Refused""}, {""value"": ""-91.0"", ""label"": ""Not applicable""}, {""value"": ""-1.0"", ""label"": ""Don't know""}, {""value"": ""0.0"", ""label"": ""Not mentioned""}, {""value"": ""1.0"", ""label"": ""Mentioned""}]"
560,W4UniSubBYPcj,YP: Subject YP would like to study at university : Veterinary science,numeric,NOMINAL,-999.0 thru -1.0,"[{""value"": ""-99.0"", ""label"": ""YP not interviewed""}, {""value"": ""-92.0"", ""label"": ""Refused""}, {""value"": ""-91.0"", ""label"": ""Not applicable""}, {""value"": ""-1.0"", ""label"": ""Don't know""}, {""value"": ""0.0"", ""label"": ""Not mentioned""}, {""value"": ""1.0"", ""label"": ""Mentioned""}]"
561,W4UniSubBYPck,YP: Subject YP would like to study at university : Accountancy and finance,numeric,NOMINAL,-999.0 thru -1.0,"[{""value"": ""-99.0"", ""label"": ""YP not interviewed""}, {""value"": ""-92.0"", ""label"": ""Refused""}, {""value"": ""-91.0"", ""label"": ""Not applicable""}, {""value"": ""-1.0"", ""label"": ""Don't know""}, {""value"": ""0.0"", ""label"": ""Not mentioned""}, {""value"": ""1.0"", ""label"": ""Mentioned""}]"
562,W4UniSubBYPcl,YP: Subject YP would like to study at university : Accountancy and business,numeric,NOMINAL,-999.0 thru -1.0,"[{""value"": ""-99.0"", ""label"": ""YP not interviewed""}, {""value"": ""-92.0"", ""label"": ""Refused""}, {""value"": ""-91.0"", ""label"": ""Not applicable""}, {""value"": ""-1.0"", ""label"": ""Don't know""}, {""value"": ""0.0"", ""label"": ""Not mentioned""}, {""value"": ""1.0"", ""label"": ""Mentioned""}]"
563,W4UniSubBYPcm,YP: Subject YP would like to study at university : Accountancy and Marketing,numeric,NOMINAL,-999.0 thru -1.0,"[{""value"": ""-99.0"", ""label"": ""YP not interviewed""}, {""value"": ""-92.0"", ""label"": ""Refused""}, {""value"": ""-91.0"", ""label"": ""Not applicable""}, {""value"": ""-1.0"", ""label"": ""Don't know""}, {""value"": ""0.0"", ""label"": ""Not mentioned""}, {""value"": ""1.0"", ""label"": ""Mentioned""}]"
564,W4UniSubBYPcn,YP: Subject YP would like to study at university : Business and Finance,numeric,NOMINAL,-999.0 thru -1.0,"[{""value"": ""-99.0"", ""label"": ""YP not interviewed""}, {""value"": ""-92.0"", ""label"": ""Refused""}, {""value"": ""-91.0"", ""label"": ""Not applicable""}, {""value"": ""-1.0"", ""label"": ""Don't know""}, {""value"": ""0.0"", ""label"": ""Not mentioned""}, {""value"": ""1.0"", ""label"": ""Mentioned""}]"
565,W4UniSubBYPco,YP: Subject YP would like to study at university : Business and Marketing,numeric,NOMINAL,-999.0 thru -1.0,"[{""value"": ""-99.0"", ""label"": ""YP not interviewed""}, {""value"": ""-92.0"", ""label"": ""Refused""}, {""value"": ""-91.0"", ""label"": ""Not applicable""}, {""value"": ""-1.0"", ""label"": ""Don't know""}, {""value"": ""0.0"", ""label"": ""Not mentioned""}, {""value"": ""1.0"", ""label"": ""Mentioned""}]"
566,W4UniSubBYPcp,YP: Subject YP would like to study at university : Business Economics/Business and Economics,numeric,NOMINAL,-999.0 thru -1.0,"[{""value"": ""-99.0"", ""label"": ""YP not interviewed""}, {""value"": ""-92.0"", ""label"": ""Refused""}, {""value"": ""-91.0"", ""label"": ""Not applicable""}, {""value"": ""-1.0"", ""label"": ""Don't know""}, {""value"": ""0.0"", ""label"": ""Not mentioned""}, {""value"": ""1.0"", ""label"": ""Mentioned""}]"
567,W4UniSubBYPcq,YP: Subject YP would like to study at university : Business and Law,numeric,NOMINAL,-999.0 thru -1.0,"[{""value"": ""-99.0"", ""label"": ""YP not interviewed""}, {""value"": ""-92.0"", ""label"": ""Refused""}, {""value"": ""-91.0"", ""label"": ""Not applicable""}, {""value"": ""-1.0"", ""label"": ""Don't know""}, {""value"": ""0.0"", ""label"": ""Not mentioned""}, {""value"": ""1.0"", ""label"": ""Mentioned""}]"
568,W4UniSubBYPcr,YP: Subject YP would like to study at university : Business Law,numeric,NOMINAL,-999.0 thru -1.0,"[{""value"": ""-99.0"", ""label"": ""YP not interviewed""}, {""value"": ""-92.0"", ""label"": ""Refused""}, {""value"": ""-91.0"", ""label"": ""Not applicable""}, {""value"": ""-1.0"", ""label"": ""Don't know""}, {""value"": ""0.0"", ""label"": ""Not mentioned""}, {""value"": ""1.0"", ""label"": ""Mentioned""}]"
569,W4UniSubBYPcs,YP: Subject YP would like to study at university : Finance and economics,numeric,NOMINAL,-999.0 thru -1.0,"[{""value"": ""-99.0"", ""label"": ""YP not interviewed""}, {""value"": ""-92.0"", ""label"": ""Refused""}, {""value"": ""-91.0"", ""label"": ""Not applicable""}, {""value"": ""-1.0"", ""label"": ""Don't know""}, {""value"": ""0.0"", ""label"": ""Not mentioned""}, {""value"": ""1.0"", ""label"": ""Mentioned""}]"
570,W4UniSubBYPct,YP: Subject YP would like to study at university : Law and economics,numeric,NOMINAL,-999.0 thru -1.0,"[{""value"": ""-99.0"", ""label"": ""YP not interviewed""}, {""value"": ""-92.0"", ""label"": ""Refused""}, {""value"": ""-91.0"", ""label"": ""Not applicable""}, {""value"": ""-1.0"", ""label"": ""Don't know""}, {""value"": ""0.0"", ""label"": ""Not mentioned""}, {""value"": ""1.0"", ""label"": ""Mentioned""}]"
571,W4UniSubBYPcu,YP: Subject YP would like to study at university : Other,numeric,NOMINAL,-999.0 thru -1.0,"[{""value"": ""-99.0"", ""label"": ""YP not interviewed""}, {""value"": ""-92.0"", ""label"": ""Refused""}, {""value"": ""-91.0"", ""label"": ""Not applicable""}, {""value"": ""-1.0"", ""label"": ""Don't know""}, {""value"": ""0.0"", ""label"": ""Not mentioned""}, {""value"": ""1.0"", ""label"": ""Mentioned""}]"
572,W4UniSubBYPcv,YP: Subject YP would like to study at university : No Answer,numeric,NOMINAL,-999.0 thru -1.0,"[{""value"": ""-99.0"", ""label"": ""YP not interviewed""}, {""value"": ""-92.0"", ""label"": ""Refused""}, {""value"": ""-91.0"", ""label"": ""Not applicable""}, {""value"": ""-1.0"", ""label"": ""Don't know""}, {""value"": ""0.0"", ""label"": ""Not mentioned""}, {""value"": ""1.0"", ""label"": ""Mentioned""}]"
573,W4UniSubBYPcw,YP: Subject YP would like to study at university : Don't know,numeric,NOMINAL,-999.0 thru -1.0,"[{""value"": ""-99.0"", ""label"": ""YP not interviewed""}, {""value"": ""-92.0"", ""label"": ""Refused""}, {""value"": ""-91.0"", ""label"": ""Not applicable""}, {""value"": ""-1.0"", ""label"": ""Don't know""}, {""value"": ""0.0"", ""label"": ""Not mentioned""}, {""value"": ""1.0"", ""label"": ""Mentioned""}]"
574,W4UniSubBYPcx,YP: Subject YP would like to study at university : Refusal,numeric,NOMINAL,-999.0 thru -1.0,"[{""value"": ""-99.0"", ""label"": ""YP not interviewed""}, {""value"": ""-92.0"", ""label"": ""Refused""}, {""value"": ""-91.0"", ""label"": ""Not applicable""}, {""value"": ""-1.0"", ""label"": ""Don't know""}, {""value"": ""0.0"", ""label"": ""Not mentioned""}, {""value"": ""1.0"", ""label"": ""Mentioned""}]"
575,W4IfUniYP0a,YP: Reason for YP wanting to do course at university : Qualify for a specific job or profession,numeric,NOMINAL,-999.0 thru -1.0,"[{""value"": ""-99.0"", ""label"": ""YP not interviewed""}, {""value"": ""-92.0"", ""label"": ""Refused""}, {""value"": ""-91.0"", ""label"": ""Not applicable""}, {""value"": ""-1.0"", ""label"": ""Don't know""}, {""value"": ""0.0"", ""label"": ""Not mentioned""}, {""value"": ""1.0"", ""label"": ""Mentioned""}]"
576,W4IfUniYP0b,YP: Reason for YP wanting to do course at university : Get on a training course for a specific job or profession,numeric,NOMINAL,-999.0 thru -1.0,"[{""value"": ""-99.0"", ""label"": ""YP not interviewed""}, {""value"": ""-92.0"", ""label"": ""Refused""}, {""value"": ""-91.0"", ""label"": ""Not applicable""}, {""value"": ""-1.0"", ""label"": ""Don't know""}, {""value"": ""0.0"", ""label"": ""Not mentioned""}, {""value"": ""1.0"", ""label"": ""Mentioned""}]"
577,W4IfUniYP0c,YP: Reason for YP wanting to do course at university : For enjoyment/interest,numeric,NOMINAL,-999.0 thru -1.0,"[{""value"": ""-99.0"", ""label"": ""YP not interviewed""}, {""value"": ""-92.0"", ""label"": ""Refused""}, {""value"": ""-91.0"", ""label"": ""Not applicable""}, {""value"": ""-1.0"", ""label"": ""Don't know""}, {""value"": ""0.0"", ""label"": ""Not mentioned""}, {""value"": ""1.0"", ""label"": ""Mentioned""}]"
578,W4IfUniYP0d,YP: Reason for YP wanting to do course at university : To get qualification/degree,numeric,NOMINAL,-999.0 thru -1.0,"[{""value"": ""-99.0"", ""label"": ""YP not interviewed""}, {""value"": ""-92.0"", ""label"": ""Refused""}, {""value"": ""-91.0"", ""label"": ""Not applicable""}, {""value"": ""-1.0"", ""label"": ""Don't know""}, {""value"": ""0.0"", ""label"": ""Not mentioned""}, {""value"": ""1.0"", ""label"": ""Mentioned""}]"
579,W4IfUniYP0e,YP: Reason for YP wanting to do course at university : To get work/job,numeric,NOMINAL,-999.0 thru -1.0,"[{""value"": ""-99.0"", ""label"": ""YP not interviewed""}, {""value"": ""-92.0"", ""label"": ""Refused""}, {""value"": ""-91.0"", ""label"": ""Not applicable""}, {""value"": ""-1.0"", ""label"": ""Don't know""}, {""value"": ""0.0"", ""label"": ""Not mentioned""}, {""value"": ""1.0"", ""label"": ""Mentioned""}]"
580,W4IfUniYP0f,YP: Reason for YP wanting to do course at university : Other,numeric,NOMINAL,-999.0 thru -1.0,"[{""value"": ""-99.0"", ""label"": ""YP not interviewed""}, {""value"": ""-92.0"", ""label"": ""Refused""}, {""value"": ""-91.0"", ""label"": ""Not applicable""}, {""value"": ""-1.0"", ""label"": ""Don't know""}, {""value"": ""0.0"", ""label"": ""Not mentioned""}, {""value"": ""1.0"", ""label"": ""Mentioned""}]"
581,W4IfUniYP0g,YP: Reason for YP wanting to do course at university : No Answer,numeric,NOMINAL,-999.0 thru -1.0,"[{""value"": ""-99.0"", ""label"": ""YP not interviewed""}, {""value"": ""-92.0"", ""label"": ""Refused""}, {""value"": ""-91.0"", ""label"": ""Not applicable""}, {""value"": ""-1.0"", ""label"": ""Don't know""}, {""value"": ""0.0"", ""label"": ""Not mentioned""}, {""value"": ""1.0"", ""label"": ""Mentioned""}]"
582,W4IfUniYP0h,YP: Reason for YP wanting to do course at university : Don't know,numeric,NOMINAL,-999.0 thru -1.0,"[{""value"": ""-99.0"", ""label"": ""YP not interviewed""}, {""value"": ""-92.0"", ""label"": ""Refused""}, {""value"": ""-91.0"", ""label"": ""Not applicable""}, {""value"": ""-1.0"", ""label"": ""Don't know""}, {""value"": ""0.0"", ""label"": ""Not mentioned""}, {""value"": ""1.0"", ""label"": ""Mentioned""}]"
583,W4IfUniYP0i,YP: Reason for YP wanting to do course at university : Refusal,numeric,NOMINAL,-999.0 thru -1.0,"[{""value"": ""-99.0"", ""label"": ""YP not interviewed""}, {""value"": ""-92.0"", ""label"": ""Refused""}, {""value"": ""-91.0"", ""label"": ""Not applicable""}, {""value"": ""-1.0"", ""label"": ""Don't know""}, {""value"": ""0.0"", ""label"": ""Not mentioned""}, {""value"": ""1.0"", ""label"": ""Mentioned""}]"
584,W4NotUniYP0a,YP: Whether YP doing courses so can : Apply for a specific job or profession,numeric,NOMINAL,-999.0 thru -1.0,"[{""value"": ""-99.0"", ""label"": ""YP not interviewed""}, {""value"": ""-92.0"", ""label"": ""Refused""}, {""value"": ""-91.0"", ""label"": ""Not applicable""}, {""value"": ""-1.0"", ""label"": ""Don't know""}, {""value"": ""0.0"", ""label"": ""Not mentioned""}, {""value"": ""1.0"", ""label"": ""Mentioned""}]"
585,W4NotUniYP0b,YP: Whether YP doing courses so can : Get on a training course for a specific job or profession,numeric,NOMINAL,-999.0 thru -1.0,"[{""value"": ""-99.0"", ""label"": ""YP not interviewed""}, {""value"": ""-92.0"", ""label"": ""Refused""}, {""value"": ""-91.0"", ""label"": ""Not applicable""}, {""value"": ""-1.0"", ""label"": ""Don't know""}, {""value"": ""0.0"", ""label"": ""Not mentioned""}, {""value"": ""1.0"", ""label"": ""Mentioned""}]"
586,W4NotUniYP0c,YP: Whether YP doing courses so can : Other (specify),numeric,NOMINAL,-999.0 thru -1.0,"[{""value"": ""-99.0"", ""label"": ""YP not interviewed""}, {""value"": ""-92.0"", ""label"": ""Refused""}, {""value"": ""-91.0"", ""label"": ""Not applicable""}, {""value"": ""-1.0"", ""label"": ""Don't know""}, {""value"": ""0.0"", ""label"": ""Not mentioned""}, {""value"": ""1.0"", ""label"": ""Mentioned""}]"
587,W4NotUniYP0d,YP: Whether YP doing courses so can : Refusal,numeric,NOMINAL,-999.0 thru -1.0,"[{""value"": ""-99.0"", ""label"": ""YP not interviewed""}, {""value"": ""-92.0"", ""label"": ""Refused""}, {""value"": ""-91.0"", ""label"": ""Not applicable""}, {""value"": ""-1.0"", ""label"": ""Don't know""}, {""value"": ""0.0"", ""label"": ""Not mentioned""}, {""value"": ""1.0"", ""label"": ""Mentioned""}]"
588,W4NotUniYP0e,YP: Whether YP doing courses so can : Don't know,numeric,NOMINAL,-999.0 thru -1.0,"[{""value"": ""-99.0"", ""label"": ""YP not interviewed""}, {""value"": ""-92.0"", ""label"": ""Refused""}, {""value"": ""-91.0"", ""label"": ""Not applicable""}, {""value"": ""-1.0"", ""label"": ""Don't know""}, {""value"": ""0.0"", ""label"": ""Not mentioned""}, {""value"": ""1.0"", ""label"": ""Mentioned""}]"
589,W4NEETStatYP0a,YP: YP agreement with statement : I am currently having a break from study,numeric,NOMINAL,-999.0 thru -1.0,"[{""value"": ""-997.0"", ""label"": ""Script error""}, {""value"": ""-99.0"", ""label"": ""YP not interviewed""}, {""value"": ""-91.0"", ""label"": ""Not applicable""}, {""value"": ""-1.0"", ""label"": ""Don't know""}, {""value"": ""0.0"", ""label"": ""Not mentioned""}, {""value"": ""1.0"", ""label"": ""Mentioned""}]"
590,W4NEETStatYP0b,YP: YP agreement with statement : I need more qualifications and skills before I can get a job or education or training place,numeric,NOMINAL,-999.0 thru -1.0,"[{""value"": ""-997.0"", ""label"": ""Script error""}, {""value"": ""-99.0"", ""label"": ""YP not interviewed""}, {""value"": ""-91.0"", ""label"": ""Not applicable""}, {""value"": ""-1.0"", ""label"": ""Don't know""}, {""value"": ""0.0"", ""label"": ""Not mentioned""}, {""value"": ""1.0"", ""label"": ""Mentioned""}]"
591,W4NEETStatYP0c,YP: YP agreement with statement : I have poor health or a disability,numeric,NOMINAL,-999.0 thru -1.0,"[{""value"": ""-997.0"", ""label"": ""Script error""}, {""value"": ""-99.0"", ""label"": ""YP not interviewed""}, {""value"": ""-91.0"", ""label"": ""Not applicable""}, {""value"": ""-1.0"", ""label"": ""Don't know""}, {""value"": ""0.0"", ""label"": ""Not mentioned""}, {""value"": ""1.0"", ""label"": ""Mentioned""}]"
592,W4NEETStatYP0d,YP: YP agreement with statement : I have family problems,numeric,NOMINAL,-999.0 thru -1.0,"[{""value"": ""-997.0"", ""label"": ""Script error""}, {""value"": ""-99.0"", ""label"": ""YP not interviewed""}, {""value"": ""-91.0"", ""label"": ""Not applicable""}, {""value"": ""-1.0"", ""label"": ""Don't know""}, {""value"": ""0.0"", ""label"": ""Not mentioned""}, {""value"": ""1.0"", ""label"": ""Mentioned""}]"
593,W4NEETStatYP0e,YP: YP agreement with statement : I would find it difficult to travel to work or college because of poor transport where I live,numeric,NOMINAL,-999.0 thru -1.0,"[{""value"": ""-997.0"", ""label"": ""Script error""}, {""value"": ""-99.0"", ""label"": ""YP not interviewed""}, {""value"": ""-91.0"", ""label"": ""Not applicable""}, {""value"": ""-1.0"", ""label"": ""Don't know""}, {""value"": ""0.0"", ""label"": ""Not mentioned""}, {""value"": ""1.0"", ""label"": ""Mentioned""}]"
594,W4NEETStatYP0f,YP: YP agreement with statement : I would be worse off financially in work or on a course,numeric,NOMINAL,-999.0 thru -1.0,"[{""value"": ""-997.0"", ""label"": ""Script error""}, {""value"": ""-99.0"", ""label"": ""YP not interviewed""}, {""value"": ""-91.0"", ""label"": ""Not applicable""}, {""value"": ""-1.0"", ""label"": ""Don't know""}, {""value"": ""0.0"", ""label"": ""Not mentioned""}, {""value"": ""1.0"", ""label"": ""Mentioned""}]"
595,W4NEETStatYP0g,YP: YP agreement with statement : I've been looking for a job or course but I haven't yet found one that suits me,numeric,NOMINAL,-999.0 thru -1.0,"[{""value"": ""-997.0"", ""label"": ""Script error""}, {""value"": ""-99.0"", ""label"": ""YP not interviewed""}, {""value"": ""-91.0"", ""label"": ""Not applicable""}, {""value"": ""-1.0"", ""label"": ""Don't know""}, {""value"": ""0.0"", ""label"": ""Not mentioned""}, {""value"": ""1.0"", ""label"": ""Mentioned""}]"
596,W4NEET12YP,YP: Activity YP thinks they are most likely to be doing in 12 months time,numeric,NOMINAL,-999.0 thru -1.0,"[{""value"": ""-997.0"", ""label"": ""Script error""}, {""value"": ""-99.0"", ""label"": ""YP not interviewed""}, {""value"": ""-92.0"", ""label"": ""Refused""}, {""value"": ""-91.0"", ""label"": ""Not applicable""}, {""value"": ""-1.0"", ""label"": ""Don't know""}, {""value"": ""1.0"", ""label"": ""Looking for work or unemployed""}, {""value"": ""2.0"", ""label"": ""In an Apprenticeship or similar type of training""}, {""value"": ""3.0"", ""label"": ""In a full-time job (30 or more hours per week)""}, {""value"": ""4.0"", ""label"": ""Studying full-time for a qualification""}, {""value"": ""5.0"", ""label"": ""Taking a break from study or work""}, {""value"": ""6.0"", ""label"": ""Looking after the home or family full-time""}, {""value"": ""7.0"", ""label"": ""Other (specify)""}]"
597,W4TrainingYP0a,YP: Whether statement applies for YP : I've got all the qualifications I need for the job I want to do,numeric,NOMINAL,-999.0 thru -1.0,"[{""value"": ""-99.0"", ""label"": ""YP not interviewed""}, {""value"": ""-91.0"", ""label"": ""Not applicable""}, {""value"": ""-1.0"", ""label"": ""Don't know""}, {""value"": ""0.0"", ""label"": ""Not mentioned""}, {""value"": ""1.0"", ""label"": ""Mentioned""}]"
598,W4TrainingYP0b,YP: Whether statement applies for YP : I don't have the spare time right now to do any training,numeric,NOMINAL,-999.0 thru -1.0,"[{""value"": ""-99.0"", ""label"": ""YP not interviewed""}, {""value"": ""-91.0"", ""label"": ""Not applicable""}, {""value"": ""-1.0"", ""label"": ""Don't know""}, {""value"": ""0.0"", ""label"": ""Not mentioned""}, {""value"": ""1.0"", ""label"": ""Mentioned""}]"
599,W4TrainingYP0c,YP: Whether statement applies for YP : I'd like to do training but my employer won't let me,numeric,NOMINAL,-999.0 thru -1.0,"[{""value"": ""-99.0"", ""label"": ""YP not interviewed""}, {""value"": ""-91.0"", ""label"": ""Not applicable""}, {""value"": ""-1.0"", ""label"": ""Don't know""}, {""value"": ""0.0"", ""label"": ""Not mentioned""}, {""value"": ""1.0"", ""label"": ""Mentioned""}]"
600,W4TrainingYP0d,YP: Whether statement applies for YP : I can't afford to do any courses or training,numeric,NOMINAL,-999.0 thru -1.0,"[{""value"": ""-99.0"", ""label"": ""YP not interviewed""}, {""value"": ""-91.0"", ""label"": ""Not applicable""}, {""value"": ""-1.0"", ""label"": ""Don't know""}, {""value"": ""0.0"", ""label"": ""Not mentioned""}, {""value"": ""1.0"", ""label"": ""Mentioned""}]"
601,W4TrainingYP0e,YP: Whether statement applies for YP : I'd like to do training or a course for a qualification but I haven't decided yet what I'd want to do,numeric,NOMINAL,-999.0 thru -1.0,"[{""value"": ""-99.0"", ""label"": ""YP not interviewed""}, {""value"": ""-91.0"", ""label"": ""Not applicable""}, {""value"": ""-1.0"", ""label"": ""Don't know""}, {""value"": ""0.0"", ""label"": ""Not mentioned""}, {""value"": ""1.0"", ""label"": ""Mentioned""}]"
602,W4TrainingYP0f,YP: Whether statement applies for YP : I've been looking for a course or training but I haven't found anything yet that suits me,numeric,NOMINAL,-999.0 thru -1.0,"[{""value"": ""-99.0"", ""label"": ""YP not interviewed""}, {""value"": ""-91.0"", ""label"": ""Not applicable""}, {""value"": ""-1.0"", ""label"": ""Don't know""}, {""value"": ""0.0"", ""label"": ""Not mentioned""}, {""value"": ""1.0"", ""label"": ""Mentioned""}]"
603,W4TrainingYP0g,YP: Whether statement applies for YP : I'd like to do training or a course but I haven't got the qualifications or skills,numeric,NOMINAL,-999.0 thru -1.0,"[{""value"": ""-99.0"", ""label"": ""YP not interviewed""}, {""value"": ""-91.0"", ""label"": ""Not applicable""}, {""value"": ""-1.0"", ""label"": ""Don't know""}, {""value"": ""0.0"", ""label"": ""Not mentioned""}, {""value"": ""1.0"", ""label"": ""Mentioned""}]"
604,W4TrainingYP0h,YP: Whether statement applies for YP : I plan to start a course or get a training place some time in the next 12 months,numeric,NOMINAL,-999.0 thru -1.0,"[{""value"": ""-99.0"", ""label"": ""YP not interviewed""}, {""value"": ""-91.0"", ""label"": ""Not applicable""}, {""value"": ""-1.0"", ""label"": ""Don't know""}, {""value"": ""0.0"", ""label"": ""Not mentioned""}, {""value"": ""1.0"", ""label"": ""Mentioned""}]"
605,W4EMA1YP,YP: Whether YP gets Education maintenance Allowance,numeric,NOMINAL,-999.0 thru -1.0,"[{""value"": ""-997.0"", ""label"": ""Script error""}, {""value"": ""-99.0"", ""label"": ""YP not interviewed""}, {""value"": ""-92.0"", ""label"": ""Refused""}, {""value"": ""-91.0"", ""label"": ""Not applicable""}, {""value"": ""-1.0"", ""label"": ""Don't know""}, {""value"": ""1.0"", ""label"": ""Yes""}, {""value"": ""2.0"", ""label"": ""No""}, {""value"": ""3.0"", ""label"": ""Waiting for result of application""}]"
606,W4EMA2YP,YP: YP's weekly EMA payment (£),numeric,SCALE,-999.0 thru -1.0,"[{""value"": ""-99.0"", ""label"": ""YP not interviewed""}, {""value"": ""-92.0"", ""label"": ""Refused""}, {""value"": ""-91.0"", ""label"": ""Not applicable""}, {""value"": ""-1.0"", ""label"": ""Don't know""}]"
607,W4EMA3YP,YP: Whether YP applied for EMA in past,numeric,NOMINAL,-999.0 thru -1.0,"[{""value"": ""-997.0"", ""label"": ""Script error""}, {""value"": ""-99.0"", ""label"": ""YP not interviewed""}, {""value"": ""-92.0"", ""label"": ""Refused""}, {""value"": ""-91.0"", ""label"": ""Not applicable""}, {""value"": ""-1.0"", ""label"": ""Don't know""}, {""value"": ""1.0"", ""label"": ""Yes""}, {""value"": ""2.0"", ""label"": ""No""}]"
608,W4EMA4YP0a,YP: Reason why YP's EMA application was unsuccessful : Turned down,numeric,NOMINAL,-999.0 thru -1.0,"[{""value"": ""-99.0"", ""label"": ""YP not interviewed""}, {""value"": ""-92.0"", ""label"": ""Refused""}, {""value"": ""-91.0"", ""label"": ""Not applicable""}, {""value"": ""-1.0"", ""label"": ""Don't know""}, {""value"": ""0.0"", ""label"": ""Not mentioned""}, {""value"": ""1.0"", ""label"": ""Mentioned""}]"
609,W4EMA4YP0b,YP: Reason why YP's EMA application was unsuccessful : Completed forms wrong,numeric,NOMINAL,-999.0 thru -1.0,"[{""value"": ""-99.0"", ""label"": ""YP not interviewed""}, {""value"": ""-92.0"", ""label"": ""Refused""}, {""value"": ""-91.0"", ""label"": ""Not applicable""}, {""value"": ""-1.0"", ""label"": ""Don't know""}, {""value"": ""0.0"", ""label"": ""Not mentioned""}, {""value"": ""1.0"", ""label"": ""Mentioned""}]"
610,W4EMA4YP0c,YP: Reason why YP's EMA application was unsuccessful : Did not hear anything/no response received,numeric,NOMINAL,-999.0 thru -1.0,"[{""value"": ""-99.0"", ""label"": ""YP not interviewed""}, {""value"": ""-92.0"", ""label"": ""Refused""}, {""value"": ""-91.0"", ""label"": ""Not applicable""}, {""value"": ""-1.0"", ""label"": ""Don't know""}, {""value"": ""0.0"", ""label"": ""Not mentioned""}, {""value"": ""1.0"", ""label"": ""Mentioned""}]"
611,W4EMA4YP0d,YP: Reason why YP's EMA application was unsuccessful : Income too high in household,numeric,NOMINAL,-999.0 thru -1.0,"[{""value"": ""-99.0"", ""label"": ""YP not interviewed""}, {""value"": ""-92.0"", ""label"": ""Refused""}, {""value"": ""-91.0"", ""label"": ""Not applicable""}, {""value"": ""-1.0"", ""label"": ""Don't know""}, {""value"": ""0.0"", ""label"": ""Not mentioned""}, {""value"": ""1.0"", ""label"": ""Mentioned""}]"
612,W4EMA4YP0e,YP: Reason why YP's EMA application was unsuccessful : Didn't take up/never went to School/College,numeric,NOMINAL,-999.0 thru -1.0,"[{""value"": ""-99.0"", ""label"": ""YP not interviewed""}, {""value"": ""-92.0"", ""label"": ""Refused""}, {""value"": ""-91.0"", ""label"": ""Not applicable""}, {""value"": ""-1.0"", ""label"": ""Don't know""}, {""value"": ""0.0"", ""label"": ""Not mentioned""}, {""value"": ""1.0"", ""label"": ""Mentioned""}]"
613,W4EMA4YP0f,YP: Reason why YP's EMA application was unsuccessful : Left/dropped out of College,numeric,NOMINAL,-999.0 thru -1.0,"[{""value"": ""-99.0"", ""label"": ""YP not interviewed""}, {""value"": ""-92.0"", ""label"": ""Refused""}, {""value"": ""-91.0"", ""label"": ""Not applicable""}, {""value"": ""-1.0"", ""label"": ""Don't know""}, {""value"": ""0.0"", ""label"": ""Not mentioned""}, {""value"": ""1.0"", ""label"": ""Mentioned""}]"
614,W4EMA4YP0g,YP: Reason why YP's EMA application was unsuccessful : Changing course - need to reapply,numeric,NOMINAL,-999.0 thru -1.0,"[{""value"": ""-99.0"", ""label"": ""YP not interviewed""}, {""value"": ""-92.0"", ""label"": ""Refused""}, {""value"": ""-91.0"", ""label"": ""Not applicable""}, {""value"": ""-1.0"", ""label"": ""Don't know""}, {""value"": ""0.0"", ""label"": ""Not mentioned""}, {""value"": ""1.0"", ""label"": ""Mentioned""}]"
615,W4EMA4YP0h,YP: Reason why YP's EMA application was unsuccessful : Working now/at present,numeric,NOMINAL,-999.0 thru -1.0,"[{""value"": ""-99.0"", ""label"": ""YP not interviewed""}, {""value"": ""-92.0"", ""label"": ""Refused""}, {""value"": ""-91.0"", ""label"": ""Not applicable""}, {""value"": ""-1.0"", ""label"": ""Don't know""}, {""value"": ""0.0"", ""label"": ""Not mentioned""}, {""value"": ""1.0"", ""label"": ""Mentioned""}]"
616,W4EMA4YP0i,YP: Reason why YP's EMA application was unsuccessful : Was accepted,numeric,NOMINAL,-999.0 thru -1.0,"[{""value"": ""-99.0"", ""label"": ""YP not interviewed""}, {""value"": ""-92.0"", ""label"": ""Refused""}, {""value"": ""-91.0"", ""label"": ""Not applicable""}, {""value"": ""-1.0"", ""label"": ""Don't know""}, {""value"": ""0.0"", ""label"": ""Not mentioned""}, {""value"": ""1.0"", ""label"": ""Mentioned""}]"
617,W4EMA4YP0j,YP: Reason why YP's EMA application was unsuccessful : Received in the past,numeric,NOMINAL,-999.0 thru -1.0,"[{""value"": ""-99.0"", ""label"": ""YP not interviewed""}, {""value"": ""-92.0"", ""label"": ""Refused""}, {""value"": ""-91.0"", ""label"": ""Not applicable""}, {""value"": ""-1.0"", ""label"": ""Don't know""}, {""value"": ""0.0"", ""label"": ""Not mentioned""}, {""value"": ""1.0"", ""label"": ""Mentioned""}]"
618,W4EMA4YP0k,"YP: Reason why YP's EMA application was unsuccessful : Did get it, but now not entitled to it",numeric,NOMINAL,-999.0 thru -1.0,"[{""value"": ""-99.0"", ""label"": ""YP not interviewed""}, {""value"": ""-92.0"", ""label"": ""Refused""}, {""value"": ""-91.0"", ""label"": ""Not applicable""}, {""value"": ""-1.0"", ""label"": ""Don't know""}, {""value"": ""0.0"", ""label"": ""Not mentioned""}, {""value"": ""1.0"", ""label"": ""Mentioned""}]"
619,W4EMA4YP0l,YP: Reason why YP's EMA application was unsuccessful : Doesn't study enough hours to qualify,numeric,NOMINAL,-999.0 thru -1.0,"[{""value"": ""-99.0"", ""label"": ""YP not interviewed""}, {""value"": ""-92.0"", ""label"": ""Refused""}, {""value"": ""-91.0"", ""label"": ""Not applicable""}, {""value"": ""-1.0"", ""label"": ""Don't know""}, {""value"": ""0.0"", ""label"": ""Not mentioned""}, {""value"": ""1.0"", ""label"": ""Mentioned""}]"
620,W4EMA4YP0m,YP: Reason why YP's EMA application was unsuccessful : Other,numeric,NOMINAL,-999.0 thru -1.0,"[{""value"": ""-99.0"", ""label"": ""YP not interviewed""}, {""value"": ""-92.0"", ""label"": ""Refused""}, {""value"": ""-91.0"", ""label"": ""Not applicable""}, {""value"": ""-1.0"", ""label"": ""Don't know""}, {""value"": ""0.0"", ""label"": ""Not mentioned""}, {""value"": ""1.0"", ""label"": ""Mentioned""}]"
621,W4EMA4YP0n,YP: Reason why YP's EMA application was unsuccessful : No answer,numeric,NOMINAL,-999.0 thru -1.0,"[{""value"": ""-99.0"", ""label"": ""YP not interviewed""}, {""value"": ""-92.0"", ""label"": ""Refused""}, {""value"": ""-91.0"", ""label"": ""Not applicable""}, {""value"": ""-1.0"", ""label"": ""Don't know""}, {""value"": ""0.0"", ""label"": ""Not mentioned""}, {""value"": ""1.0"", ""label"": ""Mentioned""}]"
622,W4EMA4YP0o,YP: Reason why YP's EMA application was unsuccessful : Don't know,numeric,NOMINAL,-999.0 thru -1.0,"[{""value"": ""-99.0"", ""label"": ""YP not interviewed""}, {""value"": ""-92.0"", ""label"": ""Refused""}, {""value"": ""-91.0"", ""label"": ""Not applicable""}, {""value"": ""-1.0"", ""label"": ""Don't know""}, {""value"": ""0.0"", ""label"": ""Not mentioned""}, {""value"": ""1.0"", ""label"": ""Mentioned""}]"
623,W4EMA4YP0p,YP: Reason why YP's EMA application was unsuccessful : Refused,numeric,NOMINAL,-999.0 thru -1.0,"[{""value"": ""-99.0"", ""label"": ""YP not interviewed""}, {""value"": ""-92.0"", ""label"": ""Refused""}, {""value"": ""-91.0"", ""label"": ""Not applicable""}, {""value"": ""-1.0"", ""label"": ""Don't know""}, {""value"": ""0.0"", ""label"": ""Not mentioned""}, {""value"": ""1.0"", ""label"": ""Mentioned""}]"
624,W4EMA4YP0q,YP: Reason why YP's EMA application was unsuccessful : Problems with attendance,numeric,NOMINAL,-999.0 thru -1.0,"[{""value"": ""-99.0"", ""label"": ""YP not interviewed""}, {""value"": ""-92.0"", ""label"": ""Refused""}, {""value"": ""-91.0"", ""label"": ""Not applicable""}, {""value"": ""-1.0"", ""label"": ""Don't know""}, {""value"": ""0.0"", ""label"": ""Not mentioned""}, {""value"": ""1.0"", ""label"": ""Mentioned""}]"
625,W4EMA4YP0r,YP: Reason why YP's EMA application was unsuccessful : Don't have a British passport/haven't been in country for long enough,numeric,NOMINAL,-999.0 thru -1.0,"[{""value"": ""-99.0"", ""label"": ""YP not interviewed""}, {""value"": ""-92.0"", ""label"": ""Refused""}, {""value"": ""-91.0"", ""label"": ""Not applicable""}, {""value"": ""-1.0"", ""label"": ""Don't know""}, {""value"": ""0.0"", ""label"": ""Not mentioned""}, {""value"": ""1.0"", ""label"": ""Mentioned""}]"
626,W4EMA4YP0s,YP: Reason why YP's EMA application was unsuccessful : None/Nothing,numeric,NOMINAL,-999.0 thru -1.0,"[{""value"": ""-99.0"", ""label"": ""YP not interviewed""}, {""value"": ""-92.0"", ""label"": ""Refused""}, {""value"": ""-91.0"", ""label"": ""Not applicable""}, {""value"": ""-1.0"", ""label"": ""Don't know""}, {""value"": ""0.0"", ""label"": ""Not mentioned""}, {""value"": ""1.0"", ""label"": ""Mentioned""}]"
627,W4EMA5YP0a,YP: Reason why YP did not apply for EMA : Household income too high,numeric,NOMINAL,-999.0 thru -1.0,"[{""value"": ""-99.0"", ""label"": ""YP not interviewed""}, {""value"": ""-92.0"", ""label"": ""Refused""}, {""value"": ""-91.0"", ""label"": ""Not applicable""}, {""value"": ""-1.0"", ""label"": ""Don't know""}, {""value"": ""0.0"", ""label"": ""Not mentioned""}, {""value"": ""1.0"", ""label"": ""Mentioned""}]"
628,W4EMA5YP0b,YP: Reason why YP did not apply for EMA : Course/training was not eligible,numeric,NOMINAL,-999.0 thru -1.0,"[{""value"": ""-99.0"", ""label"": ""YP not interviewed""}, {""value"": ""-92.0"", ""label"": ""Refused""}, {""value"": ""-91.0"", ""label"": ""Not applicable""}, {""value"": ""-1.0"", ""label"": ""Don't know""}, {""value"": ""0.0"", ""label"": ""Not mentioned""}, {""value"": ""1.0"", ""label"": ""Mentioned""}]"
629,W4EMA5YP0c,YP: Reason why YP did not apply for EMA : Didn't think I would be eligible (reason not stated),numeric,NOMINAL,-999.0 thru -1.0,"[{""value"": ""-99.0"", ""label"": ""YP not interviewed""}, {""value"": ""-92.0"", ""label"": ""Refused""}, {""value"": ""-91.0"", ""label"": ""Not applicable""}, {""value"": ""-1.0"", ""label"": ""Don't know""}, {""value"": ""0.0"", ""label"": ""Not mentioned""}, {""value"": ""1.0"", ""label"": ""Mentioned""}]"
630,W4EMA5YP0d,YP: Reason why YP did not apply for EMA : Wasn't aware of it/didn't know much about it,numeric,NOMINAL,-999.0 thru -1.0,"[{""value"": ""-99.0"", ""label"": ""YP not interviewed""}, {""value"": ""-92.0"", ""label"": ""Refused""}, {""value"": ""-91.0"", ""label"": ""Not applicable""}, {""value"": ""-1.0"", ""label"": ""Don't know""}, {""value"": ""0.0"", ""label"": ""Not mentioned""}, {""value"": ""1.0"", ""label"": ""Mentioned""}]"
631,W4EMA5YP0e,YP: Reason why YP did not apply for EMA : Didn't plan to continue in education or training,numeric,NOMINAL,-999.0 thru -1.0,"[{""value"": ""-99.0"", ""label"": ""YP not interviewed""}, {""value"": ""-92.0"", ""label"": ""Refused""}, {""value"": ""-91.0"", ""label"": ""Not applicable""}, {""value"": ""-1.0"", ""label"": ""Don't know""}, {""value"": ""0.0"", ""label"": ""Not mentioned""}, {""value"": ""1.0"", ""label"": ""Mentioned""}]"
632,W4EMA5YP0f,YP: Reason why YP did not apply for EMA : Don't have a bank account,numeric,NOMINAL,-999.0 thru -1.0,"[{""value"": ""-99.0"", ""label"": ""YP not interviewed""}, {""value"": ""-92.0"", ""label"": ""Refused""}, {""value"": ""-91.0"", ""label"": ""Not applicable""}, {""value"": ""-1.0"", ""label"": ""Don't know""}, {""value"": ""0.0"", ""label"": ""Not mentioned""}, {""value"": ""1.0"", ""label"": ""Mentioned""}]"
633,W4EMA5YP0g,YP: Reason why YP did not apply for EMA : Was working/got a job,numeric,NOMINAL,-999.0 thru -1.0,"[{""value"": ""-99.0"", ""label"": ""YP not interviewed""}, {""value"": ""-92.0"", ""label"": ""Refused""}, {""value"": ""-91.0"", ""label"": ""Not applicable""}, {""value"": ""-1.0"", ""label"": ""Don't know""}, {""value"": ""0.0"", ""label"": ""Not mentioned""}, {""value"": ""1.0"", ""label"": ""Mentioned""}]"
634,W4EMA5YP0h,YP: Reason why YP did not apply for EMA : Forms were difficult/problems with form,numeric,NOMINAL,-999.0 thru -1.0,"[{""value"": ""-99.0"", ""label"": ""YP not interviewed""}, {""value"": ""-92.0"", ""label"": ""Refused""}, {""value"": ""-91.0"", ""label"": ""Not applicable""}, {""value"": ""-1.0"", ""label"": ""Don't know""}, {""value"": ""0.0"", ""label"": ""Not mentioned""}, {""value"": ""1.0"", ""label"": ""Mentioned""}]"
635,W4EMA5YP0i,YP: Reason why YP did not apply for EMA : Didn't/haven't filled in forms yet,numeric,NOMINAL,-999.0 thru -1.0,"[{""value"": ""-99.0"", ""label"": ""YP not interviewed""}, {""value"": ""-92.0"", ""label"": ""Refused""}, {""value"": ""-91.0"", ""label"": ""Not applicable""}, {""value"": ""-1.0"", ""label"": ""Don't know""}, {""value"": ""0.0"", ""label"": ""Not mentioned""}, {""value"": ""1.0"", ""label"": ""Mentioned""}]"
636,W4EMA5YP0j,YP: Reason why YP did not apply for EMA : Forgot to fill in/send off,numeric,NOMINAL,-999.0 thru -1.0,"[{""value"": ""-99.0"", ""label"": ""YP not interviewed""}, {""value"": ""-92.0"", ""label"": ""Refused""}, {""value"": ""-91.0"", ""label"": ""Not applicable""}, {""value"": ""-1.0"", ""label"": ""Don't know""}, {""value"": ""0.0"", ""label"": ""Not mentioned""}, {""value"": ""1.0"", ""label"": ""Mentioned""}]"
637,W4EMA5YP0k,YP: Reason why YP did not apply for EMA : Applied too late,numeric,NOMINAL,-999.0 thru -1.0,"[{""value"": ""-99.0"", ""label"": ""YP not interviewed""}, {""value"": ""-92.0"", ""label"": ""Refused""}, {""value"": ""-91.0"", ""label"": ""Not applicable""}, {""value"": ""-1.0"", ""label"": ""Don't know""}, {""value"": ""0.0"", ""label"": ""Not mentioned""}, {""value"": ""1.0"", ""label"": ""Mentioned""}]"
638,W4EMA5YP0l,YP: Reason why YP did not apply for EMA : Didn't (think) i need(ed) it,numeric,NOMINAL,-999.0 thru -1.0,"[{""value"": ""-99.0"", ""label"": ""YP not interviewed""}, {""value"": ""-92.0"", ""label"": ""Refused""}, {""value"": ""-91.0"", ""label"": ""Not applicable""}, {""value"": ""-1.0"", ""label"": ""Don't know""}, {""value"": ""0.0"", ""label"": ""Not mentioned""}, {""value"": ""1.0"", ""label"": ""Mentioned""}]"
639,W4EMA5YP0m,YP: Reason why YP did not apply for EMA : Couldn't be bothered,numeric,NOMINAL,-999.0 thru -1.0,"[{""value"": ""-99.0"", ""label"": ""YP not interviewed""}, {""value"": ""-92.0"", ""label"": ""Refused""}, {""value"": ""-91.0"", ""label"": ""Not applicable""}, {""value"": ""-1.0"", ""label"": ""Don't know""}, {""value"": ""0.0"", ""label"": ""Not mentioned""}, {""value"": ""1.0"", ""label"": ""Mentioned""}]"
640,W4EMA5YP0n,YP: Reason why YP did not apply for EMA : Doesn't study enough hours to qualify,numeric,NOMINAL,-999.0 thru -1.0,"[{""value"": ""-99.0"", ""label"": ""YP not interviewed""}, {""value"": ""-92.0"", ""label"": ""Refused""}, {""value"": ""-91.0"", ""label"": ""Not applicable""}, {""value"": ""-1.0"", ""label"": ""Don't know""}, {""value"": ""0.0"", ""label"": ""Not mentioned""}, {""value"": ""1.0"", ""label"": ""Mentioned""}]"
641,W4EMA5YP0o,YP: Reason why YP did not apply for EMA : Other,numeric,NOMINAL,-999.0 thru -1.0,"[{""value"": ""-99.0"", ""label"": ""YP not interviewed""}, {""value"": ""-92.0"", ""label"": ""Refused""}, {""value"": ""-91.0"", ""label"": ""Not applicable""}, {""value"": ""-1.0"", ""label"": ""Don't know""}, {""value"": ""0.0"", ""label"": ""Not mentioned""}, {""value"": ""1.0"", ""label"": ""Mentioned""}]"
642,W4EMA5YP0p,YP: Reason why YP did not apply for EMA : No Answer,numeric,NOMINAL,-999.0 thru -1.0,"[{""value"": ""-99.0"", ""label"": ""YP not interviewed""}, {""value"": ""-92.0"", ""label"": ""Refused""}, {""value"": ""-91.0"", ""label"": ""Not applicable""}, {""value"": ""-1.0"", ""label"": ""Don't know""}, {""value"": ""0.0"", ""label"": ""Not mentioned""}, {""value"": ""1.0"", ""label"": ""Mentioned""}]"
643,W4EMA5YP0q,YP: Reason why YP did not apply for EMA : Don't know,numeric,NOMINAL,-999.0 thru -1.0,"[{""value"": ""-99.0"", ""label"": ""YP not interviewed""}, {""value"": ""-92.0"", ""label"": ""Refused""}, {""value"": ""-91.0"", ""label"": ""Not applicable""}, {""value"": ""-1.0"", ""label"": ""Don't know""}, {""value"": ""0.0"", ""label"": ""Not mentioned""}, {""value"": ""1.0"", ""label"": ""Mentioned""}]"
644,W4EMA5YP0r,YP: Reason why YP did not apply for EMA : Not a British Citizen/been in the country long enough,numeric,NOMINAL,-999.0 thru -1.0,"[{""value"": ""-99.0"", ""label"": ""YP not interviewed""}, {""value"": ""-92.0"", ""label"": ""Refused""}, {""value"": ""-91.0"", ""label"": ""Not applicable""}, {""value"": ""-1.0"", ""label"": ""Don't know""}, {""value"": ""0.0"", ""label"": ""Not mentioned""}, {""value"": ""1.0"", ""label"": ""Mentioned""}]"
645,W4EMA5YP0s,YP: Reason why YP did not apply for EMA : Having a baby/pregnant,numeric,NOMINAL,-999.0 thru -1.0,"[{""value"": ""-99.0"", ""label"": ""YP not interviewed""}, {""value"": ""-92.0"", ""label"": ""Refused""}, {""value"": ""-91.0"", ""label"": ""Not applicable""}, {""value"": ""-1.0"", ""label"": ""Don't know""}, {""value"": ""0.0"", ""label"": ""Not mentioned""}, {""value"": ""1.0"", ""label"": ""Mentioned""}]"
646,W4EMA6YP0a,YP: Reason why YP was turned down for EMA : Household income too high,numeric,NOMINAL,-999.0 thru -1.0,"[{""value"": ""-997.0"", ""label"": ""Script error""}, {""value"": ""-99.0"", ""label"": ""YP not interviewed""}, {""value"": ""-92.0"", ""label"": ""Refused""}, {""value"": ""-91.0"", ""label"": ""Not applicable""}, {""value"": ""-1.0"", ""label"": ""Don't know""}, {""value"": ""0.0"", ""label"": ""Not mentioned""}, {""value"": ""1.0"", ""label"": ""Mentioned""}]"
647,W4EMA6YP0b,YP: Reason why YP was turned down for EMA : Course/training not eligible,numeric,NOMINAL,-999.0 thru -1.0,"[{""value"": ""-997.0"", ""label"": ""Script error""}, {""value"": ""-99.0"", ""label"": ""YP not interviewed""}, {""value"": ""-92.0"", ""label"": ""Refused""}, {""value"": ""-91.0"", ""label"": ""Not applicable""}, {""value"": ""-1.0"", ""label"": ""Don't know""}, {""value"": ""0.0"", ""label"": ""Not mentioned""}, {""value"": ""1.0"", ""label"": ""Mentioned""}]"
648,W4EMA6YP0c,YP: Reason why YP was turned down for EMA : Other (specify),numeric,NOMINAL,-999.0 thru -1.0,"[{""value"": ""-997.0"", ""label"": ""Script error""}, {""value"": ""-99.0"", ""label"": ""YP not interviewed""}, {""value"": ""-92.0"", ""label"": ""Refused""}, {""value"": ""-91.0"", ""label"": ""Not applicable""}, {""value"": ""-1.0"", ""label"": ""Don't know""}, {""value"": ""0.0"", ""label"": ""Not mentioned""}, {""value"": ""1.0"", ""label"": ""Mentioned""}]"
649,W4EMA6YP0d,YP: Reason why YP was turned down for EMA : Don't know,numeric,NOMINAL,-999.0 thru -1.0,"[{""value"": ""-997.0"", ""label"": ""Script error""}, {""value"": ""-99.0"", ""label"": ""YP not interviewed""}, {""value"": ""-92.0"", ""label"": ""Refused""}, {""value"": ""-91.0"", ""label"": ""Not applicable""}, {""value"": ""-1.0"", ""label"": ""Don't know""}, {""value"": ""0.0"", ""label"": ""Not mentioned""}, {""value"": ""1.0"", ""label"": ""Mentioned""}]"
650,W4KS4check1YP,YP: Whether YP has any GCSEs (asked if attainment data missing),numeric,NOMINAL,-999.0 thru -1.0,"[{""value"": ""-99.0"", ""label"": ""YP not interviewed""}, {""value"": ""-92.0"", ""label"": ""Refused""}, {""value"": ""-91.0"", ""label"": ""Not applicable""}, {""value"": ""-1.0"", ""label"": ""Don't know""}, {""value"": ""1.0"", ""label"": ""Yes""}, {""value"": ""2.0"", ""label"": ""No""}]"
651,W4Goodno1YP,YP: Number of GCSEs grade C or higher YP has (asked if attainment data missing),numeric,SCALE,-999.0 thru -1.0,"[{""value"": ""-99.0"", ""label"": ""YP not interviewed""}, {""value"": ""-92.0"", ""label"": ""Refused""}, {""value"": ""-91.0"", ""label"": ""Not applicable""}, {""value"": ""-1.0"", ""label"": ""Don't know""}]"
652,W4KS4check2YP,YP: Whether YP has any intermediate GNVQs (asked if attainment data missing),numeric,NOMINAL,-999.0 thru -1.0,"[{""value"": ""-99.0"", ""label"": ""YP not interviewed""}, {""value"": ""-92.0"", ""label"": ""Refused""}, {""value"": ""-91.0"", ""label"": ""Not applicable""}, {""value"": ""-1.0"", ""label"": ""Don't know""}, {""value"": ""1.0"", ""label"": ""Yes""}, {""value"": ""2.0"", ""label"": ""No""}]"
653,W4Goodno2YP,YP: Number of intermediate GNVQs YP has (asked if attainment data missing),numeric,SCALE,-999.0 thru -1.0,"[{""value"": ""-99.0"", ""label"": ""YP not interviewed""}, {""value"": ""-92.0"", ""label"": ""Refused""}, {""value"": ""-91.0"", ""label"": ""Not applicable""}, {""value"": ""-1.0"", ""label"": ""Don't know""}]"
654,W4Heposs9YP,YP: Likelihood of YP ever applying to university to do a degree,numeric,ORDINAL,-999.0 thru -1.0,"[{""value"": ""-99.0"", ""label"": ""YP not interviewed""}, {""value"": ""-92.0"", ""label"": ""Refused""}, {""value"": ""-91.0"", ""label"": ""Not applicable""}, {""value"": ""-1.0"", ""label"": ""Don't know""}, {""value"": ""1.0"", ""label"": ""Very likely""}, {""value"": ""2.0"", ""label"": ""Fairly likely""}, {""value"": ""3.0"", ""label"": ""Not very likely""}, {""value"": ""4.0"", ""label"": ""Not at all likely""}]"
655,W4WhenApplyYP,YP: When YP thinks will apply for a place at university,numeric,NOMINAL,-999.0 thru -1.0,"[{""value"": ""-997.0"", ""label"": ""script error""}, {""value"": ""-99.0"", ""label"": ""YP not interviewed""}, {""value"": ""-92.0"", ""label"": ""Refused""}, {""value"": ""-91.0"", ""label"": ""Not applicable""}, {""value"": ""-1.0"", ""label"": ""Don't know""}, {""value"": ""1.0"", ""label"": ""In the next two years""}, {""value"": ""2.0"", ""label"": ""Some other time in the future""}, {""value"": ""3.0"", ""label"": ""Never""}, {""value"": ""4.0"", ""label"": ""Not sure""}, {""value"": ""5.0"", ""label"": ""(SPONTANEOUS ONLY) Already applied""}, {""value"": ""6.0"", ""label"": ""(SPONTANEOUS ONLY) Other""}]"
656,W4HEDecnYP,YP: When YP decided that they never wanted to go to university,numeric,NOMINAL,-999.0 thru -1.0,"[{""value"": ""-997.0"", ""label"": ""script error""}, {""value"": ""-99.0"", ""label"": ""YP not interviewed""}, {""value"": ""-92.0"", ""label"": ""Refused""}, {""value"": ""-91.0"", ""label"": ""Not applicable""}, {""value"": ""-1.0"", ""label"": ""Don't know""}, {""value"": ""1.0"", ""label"": ""Since received GCSE results""}, {""value"": ""2.0"", ""label"": ""Before received GCSE results""}, {""value"": ""3.0"", ""label"": ""Always knew did not want to go""}, {""value"": ""4.0"", ""label"": ""(DO NOT READ OUT) Can't remember""}]"
657,W4IfeverYP,YP: Whether YP ever thought that they might want to go to university,numeric,NOMINAL,-999.0 thru -1.0,"[{""value"": ""-99.0"", ""label"": ""YP not interviewed""}, {""value"": ""-92.0"", ""label"": ""Refused""}, {""value"": ""-91.0"", ""label"": ""Not applicable""}, {""value"": ""-1.0"", ""label"": ""Don't know""}, {""value"": ""1.0"", ""label"": ""Yes""}, {""value"": ""2.0"", ""label"": ""No""}]"
658,W4WhychangeYP0a,YP: Factor that deterred YP from applying to university : The cost/high price (all references),numeric,NOMINAL,-999.0 thru -1.0,"[{""value"": ""-99.0"", ""label"": ""YP not interviewed""}, {""value"": ""-92.0"", ""label"": ""Refused""}, {""value"": ""-91.0"", ""label"": ""Not applicable""}, {""value"": ""-1.0"", ""label"": ""Don't know""}, {""value"": ""0.0"", ""label"": ""Not mentioned""}, {""value"": ""1.0"", ""label"": ""Mentioned""}]"
659,W4WhychangeYP0b,YP: Factor that deterred YP from applying to university : Other,numeric,NOMINAL,-999.0 thru -1.0,"[{""value"": ""-99.0"", ""label"": ""YP not interviewed""}, {""value"": ""-92.0"", ""label"": ""Refused""}, {""value"": ""-91.0"", ""label"": ""Not applicable""}, {""value"": ""-1.0"", ""label"": ""Don't know""}, {""value"": ""0.0"", ""label"": ""Not mentioned""}, {""value"": ""1.0"", ""label"": ""Mentioned""}]"
660,W4WhychangeYP0c,YP: Factor that deterred YP from applying to university : No Answer,numeric,NOMINAL,-999.0 thru -1.0,"[{""value"": ""-99.0"", ""label"": ""YP not interviewed""}, {""value"": ""-92.0"", ""label"": ""Refused""}, {""value"": ""-91.0"", ""label"": ""Not applicable""}, {""value"": ""-1.0"", ""label"": ""Don't know""}, {""value"": ""0.0"", ""label"": ""Not mentioned""}, {""value"": ""1.0"", ""label"": ""Mentioned""}]"
661,W4WhychangeYP0d,YP: Factor that deterred YP from applying to university : Don't know,numeric,NOMINAL,-999.0 thru -1.0,"[{""value"": ""-99.0"", ""label"": ""YP not interviewed""}, {""value"": ""-92.0"", ""label"": ""Refused""}, {""value"": ""-91.0"", ""label"": ""Not applicable""}, {""value"": ""-1.0"", ""label"": ""Don't know""}, {""value"": ""0.0"", ""label"": ""Not mentioned""}, {""value"": ""1.0"", ""label"": ""Mentioned""}]"
662,W4BenefitsYP0a,YP: Advantages of going to university and studying for a degree: Will lead to a good/better job (than would otherwise get),numeric,NOMINAL,-999.0 thru -1.0,"[{""value"": ""-99.0"", ""label"": ""YP not interviewed""}, {""value"": ""-92.0"", ""label"": ""Refused""}, {""value"": ""-91.0"", ""label"": ""Not applicable""}, {""value"": ""-1.0"", ""label"": ""Don't know""}, {""value"": ""0.0"", ""label"": ""Not mentioned""}, {""value"": ""1.0"", ""label"": ""Mentioned""}]"
663,W4BenefitsYP0b,YP: Advantages of going to university and studying for a degree: Will lead to a well paid job,numeric,NOMINAL,-999.0 thru -1.0,"[{""value"": ""-99.0"", ""label"": ""YP not interviewed""}, {""value"": ""-92.0"", ""label"": ""Refused""}, {""value"": ""-91.0"", ""label"": ""Not applicable""}, {""value"": ""-1.0"", ""label"": ""Don't know""}, {""value"": ""0.0"", ""label"": ""Not mentioned""}, {""value"": ""1.0"", ""label"": ""Mentioned""}]"
664,W4BenefitsYP0c,YP: Advantages of going to university and studying for a degree: Gives someone better opportunities in life,numeric,NOMINAL,-999.0 thru -1.0,"[{""value"": ""-99.0"", ""label"": ""YP not interviewed""}, {""value"": ""-92.0"", ""label"": ""Refused""}, {""value"": ""-91.0"", ""label"": ""Not applicable""}, {""value"": ""-1.0"", ""label"": ""Don't know""}, {""value"": ""0.0"", ""label"": ""Not mentioned""}, {""value"": ""1.0"", ""label"": ""Mentioned""}]"
665,W4BenefitsYP0d,YP: Advantages of going to university and studying for a degree: Is essential for the career they want to go into,numeric,NOMINAL,-999.0 thru -1.0,"[{""value"": ""-99.0"", ""label"": ""YP not interviewed""}, {""value"": ""-92.0"", ""label"": ""Refused""}, {""value"": ""-91.0"", ""label"": ""Not applicable""}, {""value"": ""-1.0"", ""label"": ""Don't know""}, {""value"": ""0.0"", ""label"": ""Not mentioned""}, {""value"": ""1.0"", ""label"": ""Mentioned""}]"
666,W4BenefitsYP0e,YP: Advantages of going to university and studying for a degree: Shows that you have certain skills,numeric,NOMINAL,-999.0 thru -1.0,"[{""value"": ""-99.0"", ""label"": ""YP not interviewed""}, {""value"": ""-92.0"", ""label"": ""Refused""}, {""value"": ""-91.0"", ""label"": ""Not applicable""}, {""value"": ""-1.0"", ""label"": ""Don't know""}, {""value"": ""0.0"", ""label"": ""Not mentioned""}, {""value"": ""1.0"", ""label"": ""Mentioned""}]"
667,W4BenefitsYP0f,YP: Advantages of going to university and studying for a degree: To delay entering work/ more time to decide on a career,numeric,NOMINAL,-999.0 thru -1.0,"[{""value"": ""-99.0"", ""label"": ""YP not interviewed""}, {""value"": ""-92.0"", ""label"": ""Refused""}, {""value"": ""-91.0"", ""label"": ""Not applicable""}, {""value"": ""-1.0"", ""label"": ""Don't know""}, {""value"": ""0.0"", ""label"": ""Not mentioned""}, {""value"": ""1.0"", ""label"": ""Mentioned""}]"
668,W4BenefitsYP0g,YP: Advantages of going to university and studying for a degree: The social life/ lifestyle / meeting new people / it's fun,numeric,NOMINAL,-999.0 thru -1.0,"[{""value"": ""-99.0"", ""label"": ""YP not interviewed""}, {""value"": ""-92.0"", ""label"": ""Refused""}, {""value"": ""-91.0"", ""label"": ""Not applicable""}, {""value"": ""-1.0"", ""label"": ""Don't know""}, {""value"": ""0.0"", ""label"": ""Not mentioned""}, {""value"": ""1.0"", ""label"": ""Mentioned""}]"
669,W4BenefitsYP0h,YP: Advantages of going to university and studying for a degree: To leave home/ get away from the area,numeric,NOMINAL,-999.0 thru -1.0,"[{""value"": ""-99.0"", ""label"": ""YP not interviewed""}, {""value"": ""-92.0"", ""label"": ""Refused""}, {""value"": ""-91.0"", ""label"": ""Not applicable""}, {""value"": ""-1.0"", ""label"": ""Don't know""}, {""value"": ""0.0"", ""label"": ""Not mentioned""}, {""value"": ""1.0"", ""label"": ""Mentioned""}]"
670,W4BenefitsYP0i,YP: Advantages of going to university and studying for a degree: To carry on learning/ I am good at/ interested in my chosen,numeric,NOMINAL,-999.0 thru -1.0,"[{""value"": ""-99.0"", ""label"": ""YP not interviewed""}, {""value"": ""-92.0"", ""label"": ""Refused""}, {""value"": ""-91.0"", ""label"": ""Not applicable""}, {""value"": ""-1.0"", ""label"": ""Don't know""}, {""value"": ""0.0"", ""label"": ""Not mentioned""}, {""value"": ""1.0"", ""label"": ""Mentioned""}]"
671,W4BenefitsYP0j,YP: Advantages of going to university and studying for a degree: Get more qualifications/better/higher qualifications,numeric,NOMINAL,-999.0 thru -1.0,"[{""value"": ""-99.0"", ""label"": ""YP not interviewed""}, {""value"": ""-92.0"", ""label"": ""Refused""}, {""value"": ""-91.0"", ""label"": ""Not applicable""}, {""value"": ""-1.0"", ""label"": ""Don't know""}, {""value"": ""0.0"", ""label"": ""Not mentioned""}, {""value"": ""1.0"", ""label"": ""Mentioned""}]"
672,W4BenefitsYP0k,YP: Advantages of going to university and studying for a degree: Makes someone independent/ maturity / personal development /,numeric,NOMINAL,-999.0 thru -1.0,"[{""value"": ""-99.0"", ""label"": ""YP not interviewed""}, {""value"": ""-92.0"", ""label"": ""Refused""}, {""value"": ""-91.0"", ""label"": ""Not applicable""}, {""value"": ""-1.0"", ""label"": ""Don't know""}, {""value"": ""0.0"", ""label"": ""Not mentioned""}, {""value"": ""1.0"", ""label"": ""Mentioned""}]"
673,W4BenefitsYP0l,YP: Advantages of going to university and studying for a degree: Gives you more confidence,numeric,NOMINAL,-999.0 thru -1.0,"[{""value"": ""-99.0"", ""label"": ""YP not interviewed""}, {""value"": ""-92.0"", ""label"": ""Refused""}, {""value"": ""-91.0"", ""label"": ""Not applicable""}, {""value"": ""-1.0"", ""label"": ""Don't know""}, {""value"": ""0.0"", ""label"": ""Not mentioned""}, {""value"": ""1.0"", ""label"": ""Mentioned""}]"
674,W4BenefitsYP0m,YP: Advantages of going to university and studying for a degree: People will respect me more,numeric,NOMINAL,-999.0 thru -1.0,"[{""value"": ""-99.0"", ""label"": ""YP not interviewed""}, {""value"": ""-92.0"", ""label"": ""Refused""}, {""value"": ""-91.0"", ""label"": ""Not applicable""}, {""value"": ""-1.0"", ""label"": ""Don't know""}, {""value"": ""0.0"", ""label"": ""Not mentioned""}, {""value"": ""1.0"", ""label"": ""Mentioned""}]"
675,W4BenefitsYP0n,YP: Advantages of going to university and studying for a degree: Leads to a better life/good life (general),numeric,NOMINAL,-999.0 thru -1.0,"[{""value"": ""-99.0"", ""label"": ""YP not interviewed""}, {""value"": ""-92.0"", ""label"": ""Refused""}, {""value"": ""-91.0"", ""label"": ""Not applicable""}, {""value"": ""-1.0"", ""label"": ""Don't know""}, {""value"": ""0.0"", ""label"": ""Not mentioned""}, {""value"": ""1.0"", ""label"": ""Mentioned""}]"
676,W4BenefitsYP0o,YP: Advantages of going to university and studying for a degree: Prepare you for life/gain life skills,numeric,NOMINAL,-999.0 thru -1.0,"[{""value"": ""-99.0"", ""label"": ""YP not interviewed""}, {""value"": ""-92.0"", ""label"": ""Refused""}, {""value"": ""-91.0"", ""label"": ""Not applicable""}, {""value"": ""-1.0"", ""label"": ""Don't know""}, {""value"": ""0.0"", ""label"": ""Not mentioned""}, {""value"": ""1.0"", ""label"": ""Mentioned""}]"
677,W4BenefitsYP0p,YP: Advantages of going to university and studying for a degree: Other,numeric,NOMINAL,-999.0 thru -1.0,"[{""value"": ""-99.0"", ""label"": ""YP not interviewed""}, {""value"": ""-92.0"", ""label"": ""Refused""}, {""value"": ""-91.0"", ""label"": ""Not applicable""}, {""value"": ""-1.0"", ""label"": ""Don't know""}, {""value"": ""0.0"", ""label"": ""Not mentioned""}, {""value"": ""1.0"", ""label"": ""Mentioned""}]"
678,W4BenefitsYP0q,YP: Advantages of going to university and studying for a degree: Don't Know,numeric,NOMINAL,-999.0 thru -1.0,"[{""value"": ""-99.0"", ""label"": ""YP not interviewed""}, {""value"": ""-92.0"", ""label"": ""Refused""}, {""value"": ""-91.0"", ""label"": ""Not applicable""}, {""value"": ""-1.0"", ""label"": ""Don't know""}, {""value"": ""0.0"", ""label"": ""Not mentioned""}, {""value"": ""1.0"", ""label"": ""Mentioned""}]"
679,W4BenefitsYP0r,YP: Advantages of going to university and studying for a degree: No Answer,numeric,NOMINAL,-999.0 thru -1.0,"[{""value"": ""-99.0"", ""label"": ""YP not interviewed""}, {""value"": ""-92.0"", ""label"": ""Refused""}, {""value"": ""-91.0"", ""label"": ""Not applicable""}, {""value"": ""-1.0"", ""label"": ""Don't know""}, {""value"": ""0.0"", ""label"": ""Not mentioned""}, {""value"": ""1.0"", ""label"": ""Mentioned""}]"
680,W4CostsYP0a,YP: Disadvantages of going to university : It is expensive,numeric,NOMINAL,-999.0 thru -1.0,"[{""value"": ""-99.0"", ""label"": ""YP not interviewed""}, {""value"": ""-92.0"", ""label"": ""Refused""}, {""value"": ""-91.0"", ""label"": ""Not applicable""}, {""value"": ""-1.0"", ""label"": ""Don't know""}, {""value"": ""0.0"", ""label"": ""Not mentioned""}, {""value"": ""1.0"", ""label"": ""Mentioned""}]"
681,W4CostsYP0b,YP: Disadvantages of going to university : Getting into debt/have to borrow money,numeric,NOMINAL,-999.0 thru -1.0,"[{""value"": ""-99.0"", ""label"": ""YP not interviewed""}, {""value"": ""-92.0"", ""label"": ""Refused""}, {""value"": ""-91.0"", ""label"": ""Not applicable""}, {""value"": ""-1.0"", ""label"": ""Don't know""}, {""value"": ""0.0"", ""label"": ""Not mentioned""}, {""value"": ""1.0"", ""label"": ""Mentioned""}]"
682,W4CostsYP0c,YP: Disadvantages of going to university : Having to depend on parents for money,numeric,NOMINAL,-999.0 thru -1.0,"[{""value"": ""-99.0"", ""label"": ""YP not interviewed""}, {""value"": ""-92.0"", ""label"": ""Refused""}, {""value"": ""-91.0"", ""label"": ""Not applicable""}, {""value"": ""-1.0"", ""label"": ""Don't know""}, {""value"": ""0.0"", ""label"": ""Not mentioned""}, {""value"": ""1.0"", ""label"": ""Mentioned""}]"
683,W4CostsYP0d,YP: Disadvantages of going to university : Not becoming financially independent,numeric,NOMINAL,-999.0 thru -1.0,"[{""value"": ""-99.0"", ""label"": ""YP not interviewed""}, {""value"": ""-92.0"", ""label"": ""Refused""}, {""value"": ""-91.0"", ""label"": ""Not applicable""}, {""value"": ""-1.0"", ""label"": ""Don't know""}, {""value"": ""0.0"", ""label"": ""Not mentioned""}, {""value"": ""1.0"", ""label"": ""Mentioned""}]"
684,W4CostsYP0e,YP: Disadvantages of going to university : Not being able to start earning money/start work,numeric,NOMINAL,-999.0 thru -1.0,"[{""value"": ""-99.0"", ""label"": ""YP not interviewed""}, {""value"": ""-92.0"", ""label"": ""Refused""}, {""value"": ""-91.0"", ""label"": ""Not applicable""}, {""value"": ""-1.0"", ""label"": ""Don't know""}, {""value"": ""0.0"", ""label"": ""Not mentioned""}, {""value"": ""1.0"", ""label"": ""Mentioned""}]"
685,W4CostsYP0f,YP: Disadvantages of going to university : Costs (general/non specific),numeric,NOMINAL,-999.0 thru -1.0,"[{""value"": ""-99.0"", ""label"": ""YP not interviewed""}, {""value"": ""-92.0"", ""label"": ""Refused""}, {""value"": ""-91.0"", ""label"": ""Not applicable""}, {""value"": ""-1.0"", ""label"": ""Don't know""}, {""value"": ""0.0"", ""label"": ""Not mentioned""}, {""value"": ""1.0"", ""label"": ""Mentioned""}]"
686,W4CostsYP0g,YP: Disadvantages of going to university : No guarantee of a good job at the end,numeric,NOMINAL,-999.0 thru -1.0,"[{""value"": ""-99.0"", ""label"": ""YP not interviewed""}, {""value"": ""-92.0"", ""label"": ""Refused""}, {""value"": ""-91.0"", ""label"": ""Not applicable""}, {""value"": ""-1.0"", ""label"": ""Don't know""}, {""value"": ""0.0"", ""label"": ""Not mentioned""}, {""value"": ""1.0"", ""label"": ""Mentioned""}]"
687,W4CostsYP0h,YP: Disadvantages of going to university : Don't need to go to university for the job someone may want,numeric,NOMINAL,-999.0 thru -1.0,"[{""value"": ""-99.0"", ""label"": ""YP not interviewed""}, {""value"": ""-92.0"", ""label"": ""Refused""}, {""value"": ""-91.0"", ""label"": ""Not applicable""}, {""value"": ""-1.0"", ""label"": ""Don't know""}, {""value"": ""0.0"", ""label"": ""Not mentioned""}, {""value"": ""1.0"", ""label"": ""Mentioned""}]"
688,W4CostsYP0i,YP: Disadvantages of going to university : Get less work experience,numeric,NOMINAL,-999.0 thru -1.0,"[{""value"": ""-99.0"", ""label"": ""YP not interviewed""}, {""value"": ""-92.0"", ""label"": ""Refused""}, {""value"": ""-91.0"", ""label"": ""Not applicable""}, {""value"": ""-1.0"", ""label"": ""Don't know""}, {""value"": ""0.0"", ""label"": ""Not mentioned""}, {""value"": ""1.0"", ""label"": ""Mentioned""}]"
689,W4CostsYP0j,YP: Disadvantages of going to university : The workload can be hard/ doubts about ability to finish course,numeric,NOMINAL,-999.0 thru -1.0,"[{""value"": ""-99.0"", ""label"": ""YP not interviewed""}, {""value"": ""-92.0"", ""label"": ""Refused""}, {""value"": ""-91.0"", ""label"": ""Not applicable""}, {""value"": ""-1.0"", ""label"": ""Don't know""}, {""value"": ""0.0"", ""label"": ""Not mentioned""}, {""value"": ""1.0"", ""label"": ""Mentioned""}]"
690,W4CostsYP0k,YP: Disadvantages of going to university : Leaving home/family/friends,numeric,NOMINAL,-999.0 thru -1.0,"[{""value"": ""-99.0"", ""label"": ""YP not interviewed""}, {""value"": ""-92.0"", ""label"": ""Refused""}, {""value"": ""-91.0"", ""label"": ""Not applicable""}, {""value"": ""-1.0"", ""label"": ""Don't know""}, {""value"": ""0.0"", ""label"": ""Not mentioned""}, {""value"": ""1.0"", ""label"": ""Mentioned""}]"
691,W4CostsYP0l,YP: Disadvantages of going to university : Takes a long time,numeric,NOMINAL,-999.0 thru -1.0,"[{""value"": ""-99.0"", ""label"": ""YP not interviewed""}, {""value"": ""-92.0"", ""label"": ""Refused""}, {""value"": ""-91.0"", ""label"": ""Not applicable""}, {""value"": ""-1.0"", ""label"": ""Don't know""}, {""value"": ""0.0"", ""label"": ""Not mentioned""}, {""value"": ""1.0"", ""label"": ""Mentioned""}]"
692,W4CostsYP0m,YP: Disadvantages of going to university : Waste of time (general/non-specific),numeric,NOMINAL,-999.0 thru -1.0,"[{""value"": ""-99.0"", ""label"": ""YP not interviewed""}, {""value"": ""-92.0"", ""label"": ""Refused""}, {""value"": ""-91.0"", ""label"": ""Not applicable""}, {""value"": ""-1.0"", ""label"": ""Don't know""}, {""value"": ""0.0"", ""label"": ""Not mentioned""}, {""value"": ""1.0"", ""label"": ""Mentioned""}]"
693,W4CostsYP0n,YP: Disadvantages of going to university : Tuition fees/Accommodation costs/Living expenses,numeric,NOMINAL,-999.0 thru -1.0,"[{""value"": ""-99.0"", ""label"": ""YP not interviewed""}, {""value"": ""-92.0"", ""label"": ""Refused""}, {""value"": ""-91.0"", ""label"": ""Not applicable""}, {""value"": ""-1.0"", ""label"": ""Don't know""}, {""value"": ""0.0"", ""label"": ""Not mentioned""}, {""value"": ""1.0"", ""label"": ""Mentioned""}]"
694,W4CostsYP0o,YP: Disadvantages of going to university : Stress,numeric,NOMINAL,-999.0 thru -1.0,"[{""value"": ""-99.0"", ""label"": ""YP not interviewed""}, {""value"": ""-92.0"", ""label"": ""Refused""}, {""value"": ""-91.0"", ""label"": ""Not applicable""}, {""value"": ""-1.0"", ""label"": ""Don't know""}, {""value"": ""0.0"", ""label"": ""Not mentioned""}, {""value"": ""1.0"", ""label"": ""Mentioned""}]"
695,W4CostsYP0p,YP: Disadvantages of going to university : Other,numeric,NOMINAL,-999.0 thru -1.0,"[{""value"": ""-99.0"", ""label"": ""YP not interviewed""}, {""value"": ""-92.0"", ""label"": ""Refused""}, {""value"": ""-91.0"", ""label"": ""Not applicable""}, {""value"": ""-1.0"", ""label"": ""Don't know""}, {""value"": ""0.0"", ""label"": ""Not mentioned""}, {""value"": ""1.0"", ""label"": ""Mentioned""}]"
696,W4CostsYP0q,YP: Disadvantages of going to university : Don't Know,numeric,NOMINAL,-999.0 thru -1.0,"[{""value"": ""-99.0"", ""label"": ""YP not interviewed""}, {""value"": ""-92.0"", ""label"": ""Refused""}, {""value"": ""-91.0"", ""label"": ""Not applicable""}, {""value"": ""-1.0"", ""label"": ""Don't know""}, {""value"": ""0.0"", ""label"": ""Not mentioned""}, {""value"": ""1.0"", ""label"": ""Mentioned""}]"
697,W4CostsYP0r,YP: Disadvantages of going to university : No Answer,numeric,NOMINAL,-999.0 thru -1.0,"[{""value"": ""-99.0"", ""label"": ""YP not interviewed""}, {""value"": ""-92.0"", ""label"": ""Refused""}, {""value"": ""-91.0"", ""label"": ""Not applicable""}, {""value"": ""-1.0"", ""label"": ""Don't know""}, {""value"": ""0.0"", ""label"": ""Not mentioned""}, {""value"": ""1.0"", ""label"": ""Mentioned""}]"
698,W4WHYHEYP0a,YP: YP's main reasons for wanting to go to university : Will lead to a good/better job (than would get otherwise),numeric,NOMINAL,-999.0 thru -1.0,"[{""value"": ""-99.0"", ""label"": ""YP not interviewed""}, {""value"": ""-92.0"", ""label"": ""Refused""}, {""value"": ""-91.0"", ""label"": ""Not applicable""}, {""value"": ""-1.0"", ""label"": ""Don't know""}, {""value"": ""0.0"", ""label"": ""Not mentioned""}, {""value"": ""1.0"", ""label"": ""Mentioned""}]"
699,W4WHYHEYP0b,YP: YP's main reasons for wanting to go to university : Will lead to a well paid job,numeric,NOMINAL,-999.0 thru -1.0,"[{""value"": ""-99.0"", ""label"": ""YP not interviewed""}, {""value"": ""-92.0"", ""label"": ""Refused""}, {""value"": ""-91.0"", ""label"": ""Not applicable""}, {""value"": ""-1.0"", ""label"": ""Don't know""}, {""value"": ""0.0"", ""label"": ""Not mentioned""}, {""value"": ""1.0"", ""label"": ""Mentioned""}]"
700,W4WHYHEYP0c,YP: YP's main reasons for wanting to go to university : Gives you better opportunities in life,numeric,NOMINAL,-999.0 thru -1.0,"[{""value"": ""-99.0"", ""label"": ""YP not interviewed""}, {""value"": ""-92.0"", ""label"": ""Refused""}, {""value"": ""-91.0"", ""label"": ""Not applicable""}, {""value"": ""-1.0"", ""label"": ""Don't know""}, {""value"": ""0.0"", ""label"": ""Not mentioned""}, {""value"": ""1.0"", ""label"": ""Mentioned""}]"
701,W4WHYHEYP0d,YP: YP's main reasons for wanting to go to university : Is essential for the career want to go into,numeric,NOMINAL,-999.0 thru -1.0,"[{""value"": ""-99.0"", ""label"": ""YP not interviewed""}, {""value"": ""-92.0"", ""label"": ""Refused""}, {""value"": ""-91.0"", ""label"": ""Not applicable""}, {""value"": ""-1.0"", ""label"": ""Don't know""}, {""value"": ""0.0"", ""label"": ""Not mentioned""}, {""value"": ""1.0"", ""label"": ""Mentioned""}]"
702,W4WHYHEYP0e,YP: YP's main reasons for wanting to go to university : Shows that you have certain skills,numeric,NOMINAL,-999.0 thru -1.0,"[{""value"": ""-99.0"", ""label"": ""YP not interviewed""}, {""value"": ""-92.0"", ""label"": ""Refused""}, {""value"": ""-91.0"", ""label"": ""Not applicable""}, {""value"": ""-1.0"", ""label"": ""Don't know""}, {""value"": ""0.0"", ""label"": ""Not mentioned""}, {""value"": ""1.0"", ""label"": ""Mentioned""}]"
703,W4WHYHEYP0f,YP: YP's main reasons for wanting to go to university : To delay entering work/ give me time to decide on a career,numeric,NOMINAL,-999.0 thru -1.0,"[{""value"": ""-99.0"", ""label"": ""YP not interviewed""}, {""value"": ""-92.0"", ""label"": ""Refused""}, {""value"": ""-91.0"", ""label"": ""Not applicable""}, {""value"": ""-1.0"", ""label"": ""Don't know""}, {""value"": ""0.0"", ""label"": ""Not mentioned""}, {""value"": ""1.0"", ""label"": ""Mentioned""}]"
704,W4WHYHEYP0g,YP: YP's main reasons for wanting to go to university : Wanted to carry on learning,numeric,NOMINAL,-999.0 thru -1.0,"[{""value"": ""-99.0"", ""label"": ""YP not interviewed""}, {""value"": ""-92.0"", ""label"": ""Refused""}, {""value"": ""-91.0"", ""label"": ""Not applicable""}, {""value"": ""-1.0"", ""label"": ""Don't know""}, {""value"": ""0.0"", ""label"": ""Not mentioned""}, {""value"": ""1.0"", ""label"": ""Mentioned""}]"
705,W4WHYHEYP0h,YP: YP's main reasons for wanting to go to university : To get a degree (general/non-specific),numeric,NOMINAL,-999.0 thru -1.0,"[{""value"": ""-99.0"", ""label"": ""YP not interviewed""}, {""value"": ""-92.0"", ""label"": ""Refused""}, {""value"": ""-91.0"", ""label"": ""Not applicable""}, {""value"": ""-1.0"", ""label"": ""Don't know""}, {""value"": ""0.0"", ""label"": ""Not mentioned""}, {""value"": ""1.0"", ""label"": ""Mentioned""}]"
706,W4WHYHEYP0i,YP: YP's main reasons for wanting to go to university : To get more qualification/higher/better qualifications,numeric,NOMINAL,-999.0 thru -1.0,"[{""value"": ""-99.0"", ""label"": ""YP not interviewed""}, {""value"": ""-92.0"", ""label"": ""Refused""}, {""value"": ""-91.0"", ""label"": ""Not applicable""}, {""value"": ""-1.0"", ""label"": ""Don't know""}, {""value"": ""0.0"", ""label"": ""Not mentioned""}, {""value"": ""1.0"", ""label"": ""Mentioned""}]"
707,W4WHYHEYP0j,YP: YP's main reasons for wanting to go to university : The social life/ lifestyle / meeting new people / it's fun,numeric,NOMINAL,-999.0 thru -1.0,"[{""value"": ""-99.0"", ""label"": ""YP not interviewed""}, {""value"": ""-92.0"", ""label"": ""Refused""}, {""value"": ""-91.0"", ""label"": ""Not applicable""}, {""value"": ""-1.0"", ""label"": ""Don't know""}, {""value"": ""0.0"", ""label"": ""Not mentioned""}, {""value"": ""1.0"", ""label"": ""Mentioned""}]"
708,W4WHYHEYP0k,YP: YP's main reasons for wanting to go to university : To leave home/ get away from the area,numeric,NOMINAL,-999.0 thru -1.0,"[{""value"": ""-99.0"", ""label"": ""YP not interviewed""}, {""value"": ""-92.0"", ""label"": ""Refused""}, {""value"": ""-91.0"", ""label"": ""Not applicable""}, {""value"": ""-1.0"", ""label"": ""Don't know""}, {""value"": ""0.0"", ""label"": ""Not mentioned""}, {""value"": ""1.0"", ""label"": ""Mentioned""}]"
709,W4WHYHEYP0l,YP: YP's main reasons for wanting to go to university : Makes you independent/ maturity / personal development / learning,numeric,NOMINAL,-999.0 thru -1.0,"[{""value"": ""-99.0"", ""label"": ""YP not interviewed""}, {""value"": ""-92.0"", ""label"": ""Refused""}, {""value"": ""-91.0"", ""label"": ""Not applicable""}, {""value"": ""-1.0"", ""label"": ""Don't know""}, {""value"": ""0.0"", ""label"": ""Not mentioned""}, {""value"": ""1.0"", ""label"": ""Mentioned""}]"
710,W4WHYHEYP0m,YP: YP's main reasons for wanting to go to university : Gives you more confidence,numeric,NOMINAL,-999.0 thru -1.0,"[{""value"": ""-99.0"", ""label"": ""YP not interviewed""}, {""value"": ""-92.0"", ""label"": ""Refused""}, {""value"": ""-91.0"", ""label"": ""Not applicable""}, {""value"": ""-1.0"", ""label"": ""Don't know""}, {""value"": ""0.0"", ""label"": ""Not mentioned""}, {""value"": ""1.0"", ""label"": ""Mentioned""}]"
711,W4WHYHEYP0n,YP: YP's main reasons for wanting to go to university : People will respect me more,numeric,NOMINAL,-999.0 thru -1.0,"[{""value"": ""-99.0"", ""label"": ""YP not interviewed""}, {""value"": ""-92.0"", ""label"": ""Refused""}, {""value"": ""-91.0"", ""label"": ""Not applicable""}, {""value"": ""-1.0"", ""label"": ""Don't know""}, {""value"": ""0.0"", ""label"": ""Not mentioned""}, {""value"": ""1.0"", ""label"": ""Mentioned""}]"
712,W4WHYHEYP0o,YP: YP's main reasons for wanting to go to university : Was expected of me by teachers/ careers staff,numeric,NOMINAL,-999.0 thru -1.0,"[{""value"": ""-99.0"", ""label"": ""YP not interviewed""}, {""value"": ""-92.0"", ""label"": ""Refused""}, {""value"": ""-91.0"", ""label"": ""Not applicable""}, {""value"": ""-1.0"", ""label"": ""Don't know""}, {""value"": ""0.0"", ""label"": ""Not mentioned""}, {""value"": ""1.0"", ""label"": ""Mentioned""}]"
713,W4WHYHEYP0p,YP: YP's main reasons for wanting to go to university : Was expected of me by my family/friends,numeric,NOMINAL,-999.0 thru -1.0,"[{""value"": ""-99.0"", ""label"": ""YP not interviewed""}, {""value"": ""-92.0"", ""label"": ""Refused""}, {""value"": ""-91.0"", ""label"": ""Not applicable""}, {""value"": ""-1.0"", ""label"": ""Don't know""}, {""value"": ""0.0"", ""label"": ""Not mentioned""}, {""value"": ""1.0"", ""label"": ""Mentioned""}]"
714,W4WHYHEYP0q,YP: YP's main reasons for wanting to go to university : To have a better life/good life (general),numeric,NOMINAL,-999.0 thru -1.0,"[{""value"": ""-99.0"", ""label"": ""YP not interviewed""}, {""value"": ""-92.0"", ""label"": ""Refused""}, {""value"": ""-91.0"", ""label"": ""Not applicable""}, {""value"": ""-1.0"", ""label"": ""Don't know""}, {""value"": ""0.0"", ""label"": ""Not mentioned""}, {""value"": ""1.0"", ""label"": ""Mentioned""}]"
715,W4WHYHEYP0r,YP: YP's main reasons for wanting to go to university : Prepare you for life/gain life skills,numeric,NOMINAL,-999.0 thru -1.0,"[{""value"": ""-99.0"", ""label"": ""YP not interviewed""}, {""value"": ""-92.0"", ""label"": ""Refused""}, {""value"": ""-91.0"", ""label"": ""Not applicable""}, {""value"": ""-1.0"", ""label"": ""Don't know""}, {""value"": ""0.0"", ""label"": ""Not mentioned""}, {""value"": ""1.0"", ""label"": ""Mentioned""}]"
716,W4WHYHEYP0s,YP: YP's main reasons for wanting to go to university : Other,numeric,NOMINAL,-999.0 thru -1.0,"[{""value"": ""-99.0"", ""label"": ""YP not interviewed""}, {""value"": ""-92.0"", ""label"": ""Refused""}, {""value"": ""-91.0"", ""label"": ""Not applicable""}, {""value"": ""-1.0"", ""label"": ""Don't know""}, {""value"": ""0.0"", ""label"": ""Not mentioned""}, {""value"": ""1.0"", ""label"": ""Mentioned""}]"
717,W4WHYHEYP0t,YP: YP's main reasons for wanting to go to university : No Answer,numeric,NOMINAL,-999.0 thru -1.0,"[{""value"": ""-99.0"", ""label"": ""YP not interviewed""}, {""value"": ""-92.0"", ""label"": ""Refused""}, {""value"": ""-91.0"", ""label"": ""Not applicable""}, {""value"": ""-1.0"", ""label"": ""Don't know""}, {""value"": ""0.0"", ""label"": ""Not mentioned""}, {""value"": ""1.0"", ""label"": ""Mentioned""}]"
718,W4WHYHEYP0u,YP: YP's main reasons for wanting to go to university : Don't Know,numeric,NOMINAL,-999.0 thru -1.0,"[{""value"": ""-99.0"", ""label"": ""YP not interviewed""}, {""value"": ""-92.0"", ""label"": ""Refused""}, {""value"": ""-91.0"", ""label"": ""Not applicable""}, {""value"": ""-1.0"", ""label"": ""Don't know""}, {""value"": ""0.0"", ""label"": ""Not mentioned""}, {""value"": ""1.0"", ""label"": ""Mentioned""}]"
719,W4WHYHEYP0v,YP: YP's main reasons for wanting to go to university : Refusal,numeric,NOMINAL,-999.0 thru -1.0,"[{""value"": ""-99.0"", ""label"": ""YP not interviewed""}, {""value"": ""-92.0"", ""label"": ""Refused""}, {""value"": ""-91.0"", ""label"": ""Not applicable""}, {""value"": ""-1.0"", ""label"": ""Don't know""}, {""value"": ""0.0"", ""label"": ""Not mentioned""}, {""value"": ""1.0"", ""label"": ""Mentioned""}]"
720,W4WHYHEIMYP,YP: YP's most important reason for wanting to go to university,numeric,NOMINAL,-999.0 thru -1.0,"[{""value"": ""-99.0"", ""label"": ""YP not interviewed""}, {""value"": ""-92.0"", ""label"": ""Refused""}, {""value"": ""-91.0"", ""label"": ""Not applicable""}, {""value"": ""-1.0"", ""label"": ""Don't know""}, {""value"": ""1.0"", ""label"": ""Will lead to a good/better job (than would get otherwise)""}, {""value"": ""2.0"", ""label"": ""Will lead to a well paid job""}, {""value"": ""3.0"", ""label"": ""Gives you better opportunities in life""}, {""value"": ""4.0"", ""label"": ""Is essential for the career want to go into""}, {""value"": ""5.0"", ""label"": ""Shows that you have certain skills""}, {""value"": ""6.0"", ""label"": ""To delay entering work/ give me time to decide on a career""}, {""value"": ""7.0"", ""label"": ""wanted to carry on learning/i am good at/interested in my ch""}, {""value"": ""8.0"", ""label"": ""To get a degree (general/non-specific)""}, {""value"": ""9.0"", ""label"": ""To get more qualification/higher/better qualifications""}, {""value"": ""10.0"", ""label"": ""The social life/ lifestyle / meeting new people / it's fun""}, {""value"": ""11.0"", ""label"": ""To leave home/ get away from the area""}, {""value"": ""12.0"", ""label"": ""Makes you independent/ maturity / personal development / lea""}, {""value"": ""13.0"", ""label"": ""Gives you more confidence""}, {""value"": ""14.0"", ""label"": ""People will respect me more""}, {""value"": ""15.0"", ""label"": ""Was expected of me by teachers/ careers staff""}, {""value"": ""16.0"", ""label"": ""Was expected of me by my family/friends""}, {""value"": ""17.0"", ""label"": ""To have a better life/good life (general)""}, {""value"": ""18.0"", ""label"": ""Prepare you for life/gain life skills""}, {""value"": ""19.0"", ""label"": ""Other""}, {""value"": ""20.0"", ""label"": ""Other""}, {""value"": ""21.0"", ""label"": ""No Answer""}]"
721,W4HeConYP0a,YP: Main reasons for YP not applying for a university place : It is expensive,numeric,NOMINAL,-999.0 thru -1.0,"[{""value"": ""-99.0"", ""label"": ""YP not interviewed""}, {""value"": ""-92.0"", ""label"": ""Refused""}, {""value"": ""-91.0"", ""label"": ""Not applicable""}, {""value"": ""-1.0"", ""label"": ""Don't know""}, {""value"": ""0.0"", ""label"": ""Not mentioned""}, {""value"": ""1.0"", ""label"": ""Mentioned""}]"
722,W4HeConYP0b,YP: Main reasons for YP not applying for a university place : Don't want to get into debt/have to borrow money,numeric,NOMINAL,-999.0 thru -1.0,"[{""value"": ""-99.0"", ""label"": ""YP not interviewed""}, {""value"": ""-92.0"", ""label"": ""Refused""}, {""value"": ""-91.0"", ""label"": ""Not applicable""}, {""value"": ""-1.0"", ""label"": ""Don't know""}, {""value"": ""0.0"", ""label"": ""Not mentioned""}, {""value"": ""1.0"", ""label"": ""Mentioned""}]"
723,W4HeConYP0c,YP: Main reasons for YP not applying for a university place : Don't want to have to depend on my parents for money,numeric,NOMINAL,-999.0 thru -1.0,"[{""value"": ""-99.0"", ""label"": ""YP not interviewed""}, {""value"": ""-92.0"", ""label"": ""Refused""}, {""value"": ""-91.0"", ""label"": ""Not applicable""}, {""value"": ""-1.0"", ""label"": ""Don't know""}, {""value"": ""0.0"", ""label"": ""Not mentioned""}, {""value"": ""1.0"", ""label"": ""Mentioned""}]"
724,W4HeConYP0d,YP: Main reasons for YP not applying for a university place : Wanted to become financially independent,numeric,NOMINAL,-999.0 thru -1.0,"[{""value"": ""-99.0"", ""label"": ""YP not interviewed""}, {""value"": ""-92.0"", ""label"": ""Refused""}, {""value"": ""-91.0"", ""label"": ""Not applicable""}, {""value"": ""-1.0"", ""label"": ""Don't know""}, {""value"": ""0.0"", ""label"": ""Not mentioned""}, {""value"": ""1.0"", ""label"": ""Mentioned""}]"
725,W4HeConYP0e,YP: Main reasons for YP not applying for a university place : Wanted to start earning money/start work,numeric,NOMINAL,-999.0 thru -1.0,"[{""value"": ""-99.0"", ""label"": ""YP not interviewed""}, {""value"": ""-92.0"", ""label"": ""Refused""}, {""value"": ""-91.0"", ""label"": ""Not applicable""}, {""value"": ""-1.0"", ""label"": ""Don't know""}, {""value"": ""0.0"", ""label"": ""Not mentioned""}, {""value"": ""1.0"", ""label"": ""Mentioned""}]"
726,W4HeConYP0f,YP: Main reasons for YP not applying for a university place : Costs (general/non-specific),numeric,NOMINAL,-999.0 thru -1.0,"[{""value"": ""-99.0"", ""label"": ""YP not interviewed""}, {""value"": ""-92.0"", ""label"": ""Refused""}, {""value"": ""-91.0"", ""label"": ""Not applicable""}, {""value"": ""-1.0"", ""label"": ""Don't know""}, {""value"": ""0.0"", ""label"": ""Not mentioned""}, {""value"": ""1.0"", ""label"": ""Mentioned""}]"
727,W4HeConYP0g,YP: Main reasons for YP not applying for a university place : There is no guarantee of a good job at the end,numeric,NOMINAL,-999.0 thru -1.0,"[{""value"": ""-99.0"", ""label"": ""YP not interviewed""}, {""value"": ""-92.0"", ""label"": ""Refused""}, {""value"": ""-91.0"", ""label"": ""Not applicable""}, {""value"": ""-1.0"", ""label"": ""Don't know""}, {""value"": ""0.0"", ""label"": ""Not mentioned""}, {""value"": ""1.0"", ""label"": ""Mentioned""}]"
728,W4HeConYP0h,YP: Main reasons for YP not applying for a university place : Teachers/ careers staff advised me to get a job,numeric,NOMINAL,-999.0 thru -1.0,"[{""value"": ""-99.0"", ""label"": ""YP not interviewed""}, {""value"": ""-92.0"", ""label"": ""Refused""}, {""value"": ""-91.0"", ""label"": ""Not applicable""}, {""value"": ""-1.0"", ""label"": ""Don't know""}, {""value"": ""0.0"", ""label"": ""Not mentioned""}, {""value"": ""1.0"", ""label"": ""Mentioned""}]"
729,W4HeConYP0i,YP: Main reasons for YP not applying for a university place : Family encouraged me to start working,numeric,NOMINAL,-999.0 thru -1.0,"[{""value"": ""-99.0"", ""label"": ""YP not interviewed""}, {""value"": ""-92.0"", ""label"": ""Refused""}, {""value"": ""-91.0"", ""label"": ""Not applicable""}, {""value"": ""-1.0"", ""label"": ""Don't know""}, {""value"": ""0.0"", ""label"": ""Not mentioned""}, {""value"": ""1.0"", ""label"": ""Mentioned""}]"
730,W4HeConYP0j,YP: Main reasons for YP not applying for a university place : Don't need to go to university for the job want to do/not need,numeric,NOMINAL,-999.0 thru -1.0,"[{""value"": ""-99.0"", ""label"": ""YP not interviewed""}, {""value"": ""-92.0"", ""label"": ""Refused""}, {""value"": ""-91.0"", ""label"": ""Not applicable""}, {""value"": ""-1.0"", ""label"": ""Don't know""}, {""value"": ""0.0"", ""label"": ""Not mentioned""}, {""value"": ""1.0"", ""label"": ""Mentioned""}]"
731,W4HeConYP0k,YP: Main reasons for YP not applying for a university place : The application process is difficult/ off-putting,numeric,NOMINAL,-999.0 thru -1.0,"[{""value"": ""-99.0"", ""label"": ""YP not interviewed""}, {""value"": ""-92.0"", ""label"": ""Refused""}, {""value"": ""-91.0"", ""label"": ""Not applicable""}, {""value"": ""-1.0"", ""label"": ""Don't know""}, {""value"": ""0.0"", ""label"": ""Not mentioned""}, {""value"": ""1.0"", ""label"": ""Mentioned""}]"
732,W4HeConYP0l,YP: Main reasons for YP not applying for a university place : Didn't think would get in / didn't get high enough grades,numeric,NOMINAL,-999.0 thru -1.0,"[{""value"": ""-99.0"", ""label"": ""YP not interviewed""}, {""value"": ""-92.0"", ""label"": ""Refused""}, {""value"": ""-91.0"", ""label"": ""Not applicable""}, {""value"": ""-1.0"", ""label"": ""Don't know""}, {""value"": ""0.0"", ""label"": ""Not mentioned""}, {""value"": ""1.0"", ""label"": ""Mentioned""}]"
733,W4HeConYP0m,YP: Main reasons for YP not applying for a university place : I have had enough of studying/need a break from education,numeric,NOMINAL,-999.0 thru -1.0,"[{""value"": ""-99.0"", ""label"": ""YP not interviewed""}, {""value"": ""-92.0"", ""label"": ""Refused""}, {""value"": ""-91.0"", ""label"": ""Not applicable""}, {""value"": ""-1.0"", ""label"": ""Don't know""}, {""value"": ""0.0"", ""label"": ""Not mentioned""}, {""value"": ""1.0"", ""label"": ""Mentioned""}]"
734,W4HeConYP0n,YP: Main reasons for YP not applying for a university place : I wasn't sure what it would be like,numeric,NOMINAL,-999.0 thru -1.0,"[{""value"": ""-99.0"", ""label"": ""YP not interviewed""}, {""value"": ""-92.0"", ""label"": ""Refused""}, {""value"": ""-91.0"", ""label"": ""Not applicable""}, {""value"": ""-1.0"", ""label"": ""Don't know""}, {""value"": ""0.0"", ""label"": ""Not mentioned""}, {""value"": ""1.0"", ""label"": ""Mentioned""}]"
735,W4HeConYP0o,YP: Main reasons for YP not applying for a university place : Not interested,numeric,NOMINAL,-999.0 thru -1.0,"[{""value"": ""-99.0"", ""label"": ""YP not interviewed""}, {""value"": ""-92.0"", ""label"": ""Refused""}, {""value"": ""-91.0"", ""label"": ""Not applicable""}, {""value"": ""-1.0"", ""label"": ""Don't know""}, {""value"": ""0.0"", ""label"": ""Not mentioned""}, {""value"": ""1.0"", ""label"": ""Mentioned""}]"
736,W4HeConYP0p,YP: Main reasons for YP not applying for a university place : I was worried about fitting in/ settling in,numeric,NOMINAL,-999.0 thru -1.0,"[{""value"": ""-99.0"", ""label"": ""YP not interviewed""}, {""value"": ""-92.0"", ""label"": ""Refused""}, {""value"": ""-91.0"", ""label"": ""Not applicable""}, {""value"": ""-1.0"", ""label"": ""Don't know""}, {""value"": ""0.0"", ""label"": ""Not mentioned""}, {""value"": ""1.0"", ""label"": ""Mentioned""}]"
737,W4HeConYP0q,YP: Main reasons for YP not applying for a university place : The workload can be hard/ doubts about ability to finish course,numeric,NOMINAL,-999.0 thru -1.0,"[{""value"": ""-99.0"", ""label"": ""YP not interviewed""}, {""value"": ""-92.0"", ""label"": ""Refused""}, {""value"": ""-91.0"", ""label"": ""Not applicable""}, {""value"": ""-1.0"", ""label"": ""Don't know""}, {""value"": ""0.0"", ""label"": ""Not mentioned""}, {""value"": ""1.0"", ""label"": ""Mentioned""}]"
738,W4HeConYP0r,YP: Main reasons for YP not applying for a university place : All / most of my friends were looking for jobs,numeric,NOMINAL,-999.0 thru -1.0,"[{""value"": ""-99.0"", ""label"": ""YP not interviewed""}, {""value"": ""-92.0"", ""label"": ""Refused""}, {""value"": ""-91.0"", ""label"": ""Not applicable""}, {""value"": ""-1.0"", ""label"": ""Don't know""}, {""value"": ""0.0"", ""label"": ""Not mentioned""}, {""value"": ""1.0"", ""label"": ""Mentioned""}]"
739,W4HeConYP0s,YP: Main reasons for YP not applying for a university place : Never thought of applying / no particular reason,numeric,NOMINAL,-999.0 thru -1.0,"[{""value"": ""-99.0"", ""label"": ""YP not interviewed""}, {""value"": ""-92.0"", ""label"": ""Refused""}, {""value"": ""-91.0"", ""label"": ""Not applicable""}, {""value"": ""-1.0"", ""label"": ""Don't know""}, {""value"": ""0.0"", ""label"": ""Not mentioned""}, {""value"": ""1.0"", ""label"": ""Mentioned""}]"
740,W4HeConYP0t,YP: Main reasons for YP not applying for a university place : Takes a long time/Too long time,numeric,NOMINAL,-999.0 thru -1.0,"[{""value"": ""-99.0"", ""label"": ""YP not interviewed""}, {""value"": ""-92.0"", ""label"": ""Refused""}, {""value"": ""-91.0"", ""label"": ""Not applicable""}, {""value"": ""-1.0"", ""label"": ""Don't know""}, {""value"": ""0.0"", ""label"": ""Not mentioned""}, {""value"": ""1.0"", ""label"": ""Mentioned""}]"
741,W4HeConYP0u,YP: Main reasons for YP not applying for a university place : Waste of time (general),numeric,NOMINAL,-999.0 thru -1.0,"[{""value"": ""-99.0"", ""label"": ""YP not interviewed""}, {""value"": ""-92.0"", ""label"": ""Refused""}, {""value"": ""-91.0"", ""label"": ""Not applicable""}, {""value"": ""-1.0"", ""label"": ""Don't know""}, {""value"": ""0.0"", ""label"": ""Not mentioned""}, {""value"": ""1.0"", ""label"": ""Mentioned""}]"
742,W4HeConYP0v,YP: Main reasons for YP not applying for a university place : Other,numeric,NOMINAL,-999.0 thru -1.0,"[{""value"": ""-99.0"", ""label"": ""YP not interviewed""}, {""value"": ""-92.0"", ""label"": ""Refused""}, {""value"": ""-91.0"", ""label"": ""Not applicable""}, {""value"": ""-1.0"", ""label"": ""Don't know""}, {""value"": ""0.0"", ""label"": ""Not mentioned""}, {""value"": ""1.0"", ""label"": ""Mentioned""}]"
743,W4HeConYP0w,YP: Main reasons for YP not applying for a university place : Don't know,numeric,NOMINAL,-999.0 thru -1.0,"[{""value"": ""-99.0"", ""label"": ""YP not interviewed""}, {""value"": ""-92.0"", ""label"": ""Refused""}, {""value"": ""-91.0"", ""label"": ""Not applicable""}, {""value"": ""-1.0"", ""label"": ""Don't know""}, {""value"": ""0.0"", ""label"": ""Not mentioned""}, {""value"": ""1.0"", ""label"": ""Mentioned""}]"
744,W4HeConYP0x,YP: Main reasons for YP not applying for a university place : Refusal,numeric,NOMINAL,-999.0 thru -1.0,"[{""value"": ""-99.0"", ""label"": ""YP not interviewed""}, {""value"": ""-92.0"", ""label"": ""Refused""}, {""value"": ""-91.0"", ""label"": ""Not applicable""}, {""value"": ""-1.0"", ""label"": ""Don't know""}, {""value"": ""0.0"", ""label"": ""Not mentioned""}, {""value"": ""1.0"", ""label"": ""Mentioned""}]"
745,W4WhyConiYP,YP: Number of reasons why YP doesn't want to apply to university,numeric,NOMINAL,-999.0 thru -1.0,"[{""value"": ""-99.0"", ""label"": ""YP not interviewed""}, {""value"": ""-92.0"", ""label"": ""Refused""}, {""value"": ""-91.0"", ""label"": ""Not applicable""}, {""value"": ""-1.0"", ""label"": ""Don't know""}, {""value"": ""1.0"", ""label"": ""One reason given""}, {""value"": ""2.0"", ""label"": ""More than one reason given""}]"
746,W4HeconIMYP,YP: Most important reason for YP not applying to university,numeric,NOMINAL,-999.0 thru -1.0,"[{""value"": ""-99.0"", ""label"": ""YP not interviewed""}, {""value"": ""-92.0"", ""label"": ""Refused""}, {""value"": ""-91.0"", ""label"": ""Not applicable""}, {""value"": ""-1.0"", ""label"": ""Don't know""}, {""value"": ""1.0"", ""label"": ""It is expensive""}, {""value"": ""2.0"", ""label"": ""Don't want to get into debt/have to borrow money""}, {""value"": ""3.0"", ""label"": ""Don't want to have to depend on my parents for money""}, {""value"": ""4.0"", ""label"": ""Wanted to become financially independent""}, {""value"": ""5.0"", ""label"": ""Wanted to start earning money/start work""}, {""value"": ""6.0"", ""label"": ""Costs (general/non-specific)""}, {""value"": ""7.0"", ""label"": ""There is no guarantee of a good job at the end""}, {""value"": ""8.0"", ""label"": ""Teachers/ careers staff advised me to get a job""}, {""value"": ""9.0"", ""label"": ""Family encouraged me to start working""}, {""value"": ""10.0"", ""label"": ""Don't need to go to university for the job want to do""}, {""value"": ""11.0"", ""label"": ""The application process is difficult/ off-putting""}, {""value"": ""12.0"", ""label"": ""Didn't think would get in / didn't get high enough grades""}, {""value"": ""13.0"", ""label"": ""I have had enough of studying/need a break from education""}, {""value"": ""14.0"", ""label"": ""I wasn't sure what it would be like/ I didn't have enough in""}, {""value"": ""15.0"", ""label"": ""Not interested""}, {""value"": ""16.0"", ""label"": ""I was worried about fitting in/ settling in""}, {""value"": ""17.0"", ""label"": ""The workload can be hard/ doubts about ability to finish cou""}, {""value"": ""18.0"", ""label"": ""All / most of my friends were looking for jobs""}, {""value"": ""19.0"", ""label"": ""Never thought of applying / no particular reason""}, {""value"": ""20.0"", ""label"": ""Takes a long time/Too long time""}, {""value"": ""21.0"", ""label"": ""Waste of time (general)""}, {""value"": ""22.0"", ""label"": ""Other""}]"
747,W4AnyConAYP,YP: Whether financial barriers have ever made YP consider not applying for university,numeric,NOMINAL,-999.0 thru -1.0,"[{""value"": ""-99.0"", ""label"": ""YP not interviewed""}, {""value"": ""-92.0"", ""label"": ""Refused""}, {""value"": ""-91.0"", ""label"": ""Not applicable""}, {""value"": ""-1.0"", ""label"": ""Don't know""}, {""value"": ""1.0"", ""label"": ""Yes""}, {""value"": ""2.0"", ""label"": ""No""}]"
748,W4AnyConBYP0a,YP: What financial barriers made YP consider not applying for university : Level of tuition fees,numeric,NOMINAL,-999.0 thru -1.0,"[{""value"": ""-99.0"", ""label"": ""YP not interviewed""}, {""value"": ""-92.0"", ""label"": ""Refused""}, {""value"": ""-91.0"", ""label"": ""Not applicable""}, {""value"": ""-1.0"", ""label"": ""Don't know""}, {""value"": ""0.0"", ""label"": ""Not mentioned""}, {""value"": ""1.0"", ""label"": ""Mentioned""}]"
749,W4AnyConBYP0b,"YP: What financial barriers made YP consider not applying for university : Living costs (rent, food, travel etc)",numeric,NOMINAL,-999.0 thru -1.0,"[{""value"": ""-99.0"", ""label"": ""YP not interviewed""}, {""value"": ""-92.0"", ""label"": ""Refused""}, {""value"": ""-91.0"", ""label"": ""Not applicable""}, {""value"": ""-1.0"", ""label"": ""Don't know""}, {""value"": ""0.0"", ""label"": ""Not mentioned""}, {""value"": ""1.0"", ""label"": ""Mentioned""}]"
750,W4AnyConBYP0c,YP: What financial barriers made YP consider not applying for university : Having to borrow money/get into debt,numeric,NOMINAL,-999.0 thru -1.0,"[{""value"": ""-99.0"", ""label"": ""YP not interviewed""}, {""value"": ""-92.0"", ""label"": ""Refused""}, {""value"": ""-91.0"", ""label"": ""Not applicable""}, {""value"": ""-1.0"", ""label"": ""Don't know""}, {""value"": ""0.0"", ""label"": ""Not mentioned""}, {""value"": ""1.0"", ""label"": ""Mentioned""}]"
751,W4AnyConBYP0d,YP: What financial barriers made YP consider not applying for university : Having to rely on parents for money,numeric,NOMINAL,-999.0 thru -1.0,"[{""value"": ""-99.0"", ""label"": ""YP not interviewed""}, {""value"": ""-92.0"", ""label"": ""Refused""}, {""value"": ""-91.0"", ""label"": ""Not applicable""}, {""value"": ""-1.0"", ""label"": ""Don't know""}, {""value"": ""0.0"", ""label"": ""Not mentioned""}, {""value"": ""1.0"", ""label"": ""Mentioned""}]"
752,W4AnyConBYP0e,YP: What financial barriers made YP consider not applying for university : Other,numeric,NOMINAL,-999.0 thru -1.0,"[{""value"": ""-99.0"", ""label"": ""YP not interviewed""}, {""value"": ""-92.0"", ""label"": ""Refused""}, {""value"": ""-91.0"", ""label"": ""Not applicable""}, {""value"": ""-1.0"", ""label"": ""Don't know""}, {""value"": ""0.0"", ""label"": ""Not mentioned""}, {""value"": ""1.0"", ""label"": ""Mentioned""}]"
753,W4AnyConBYP0f,YP: What financial barriers made YP consider not applying for university : No Answer,numeric,NOMINAL,-999.0 thru -1.0,"[{""value"": ""-99.0"", ""label"": ""YP not interviewed""}, {""value"": ""-92.0"", ""label"": ""Refused""}, {""value"": ""-91.0"", ""label"": ""Not applicable""}, {""value"": ""-1.0"", ""label"": ""Don't know""}, {""value"": ""0.0"", ""label"": ""Not mentioned""}, {""value"": ""1.0"", ""label"": ""Mentioned""}]"
754,W4NextyrYP,YP: What YP thinks they are most likely to be doing in two years' time,numeric,NOMINAL,-999.0 thru -1.0,"[{""value"": ""-99.0"", ""label"": ""YP not interviewed""}, {""value"": ""-92.0"", ""label"": ""Refused""}, {""value"": ""-91.0"", ""label"": ""Not applicable""}, {""value"": ""-1.0"", ""label"": ""Don't know""}, {""value"": ""1.0"", ""label"": ""Looking for work or unemployed""}, {""value"": ""2.0"", ""label"": ""In an Apprenticeship or similar type of training""}, {""value"": ""3.0"", ""label"": ""In a full-time job (30 or more hours per week)""}, {""value"": ""4.0"", ""label"": ""Studying full-time for a qualification""}, {""value"": ""5.0"", ""label"": ""Taking a break from study or work""}, {""value"": ""6.0"", ""label"": ""Looking after the home or family full time""}, {""value"": ""7.0"", ""label"": ""Other (specify)""}]"
755,W4IfHEYP0a,YP: Type of qualification YP likely to be doing : Degree or other higher education course,numeric,NOMINAL,-999.0 thru -1.0,"[{""value"": ""-99.0"", ""label"": ""YP not interviewed""}, {""value"": ""-92.0"", ""label"": ""Refused""}, {""value"": ""-91.0"", ""label"": ""Not applicable""}, {""value"": ""-1.0"", ""label"": ""Don't know""}, {""value"": ""0.0"", ""label"": ""Not mentioned""}, {""value"": ""1.0"", ""label"": ""Mentioned""}]"
756,W4IfHEYP0b,YP: Type of qualification YP likely to be doing : A/AS/A2 level,numeric,NOMINAL,-999.0 thru -1.0,"[{""value"": ""-99.0"", ""label"": ""YP not interviewed""}, {""value"": ""-92.0"", ""label"": ""Refused""}, {""value"": ""-91.0"", ""label"": ""Not applicable""}, {""value"": ""-1.0"", ""label"": ""Don't know""}, {""value"": ""0.0"", ""label"": ""Not mentioned""}, {""value"": ""1.0"", ""label"": ""Mentioned""}]"
757,W4IfHEYP0c,YP: Type of qualification YP likely to be doing : BTEC,numeric,NOMINAL,-999.0 thru -1.0,"[{""value"": ""-99.0"", ""label"": ""YP not interviewed""}, {""value"": ""-92.0"", ""label"": ""Refused""}, {""value"": ""-91.0"", ""label"": ""Not applicable""}, {""value"": ""-1.0"", ""label"": ""Don't know""}, {""value"": ""0.0"", ""label"": ""Not mentioned""}, {""value"": ""1.0"", ""label"": ""Mentioned""}]"
758,W4IfHEYP0d,YP: Type of qualification YP likely to be doing : Diploma (no mention of national),numeric,NOMINAL,-999.0 thru -1.0,"[{""value"": ""-99.0"", ""label"": ""YP not interviewed""}, {""value"": ""-92.0"", ""label"": ""Refused""}, {""value"": ""-91.0"", ""label"": ""Not applicable""}, {""value"": ""-1.0"", ""label"": ""Don't know""}, {""value"": ""0.0"", ""label"": ""Not mentioned""}, {""value"": ""1.0"", ""label"": ""Mentioned""}]"
759,W4IfHEYP0e,YP: Type of qualification YP likely to be doing : GCSE,numeric,NOMINAL,-999.0 thru -1.0,"[{""value"": ""-99.0"", ""label"": ""YP not interviewed""}, {""value"": ""-92.0"", ""label"": ""Refused""}, {""value"": ""-91.0"", ""label"": ""Not applicable""}, {""value"": ""-1.0"", ""label"": ""Don't know""}, {""value"": ""0.0"", ""label"": ""Not mentioned""}, {""value"": ""1.0"", ""label"": ""Mentioned""}]"
760,W4IfHEYP0f,YP: Type of qualification YP likely to be doing : GNVQ,numeric,NOMINAL,-999.0 thru -1.0,"[{""value"": ""-99.0"", ""label"": ""YP not interviewed""}, {""value"": ""-92.0"", ""label"": ""Refused""}, {""value"": ""-91.0"", ""label"": ""Not applicable""}, {""value"": ""-1.0"", ""label"": ""Don't know""}, {""value"": ""0.0"", ""label"": ""Not mentioned""}, {""value"": ""1.0"", ""label"": ""Mentioned""}]"
761,W4IfHEYP0g,YP: Type of qualification YP likely to be doing : National Diploma,numeric,NOMINAL,-999.0 thru -1.0,"[{""value"": ""-99.0"", ""label"": ""YP not interviewed""}, {""value"": ""-92.0"", ""label"": ""Refused""}, {""value"": ""-91.0"", ""label"": ""Not applicable""}, {""value"": ""-1.0"", ""label"": ""Don't know""}, {""value"": ""0.0"", ""label"": ""Not mentioned""}, {""value"": ""1.0"", ""label"": ""Mentioned""}]"
762,W4IfHEYP0h,YP: Type of qualification YP likely to be doing : NVQ,numeric,NOMINAL,-999.0 thru -1.0,"[{""value"": ""-99.0"", ""label"": ""YP not interviewed""}, {""value"": ""-92.0"", ""label"": ""Refused""}, {""value"": ""-91.0"", ""label"": ""Not applicable""}, {""value"": ""-1.0"", ""label"": ""Don't know""}, {""value"": ""0.0"", ""label"": ""Not mentioned""}, {""value"": ""1.0"", ""label"": ""Mentioned""}]"
763,W4IfHEYP0i,YP: Type of qualification YP likely to be doing : Other,numeric,NOMINAL,-999.0 thru -1.0,"[{""value"": ""-99.0"", ""label"": ""YP not interviewed""}, {""value"": ""-92.0"", ""label"": ""Refused""}, {""value"": ""-91.0"", ""label"": ""Not applicable""}, {""value"": ""-1.0"", ""label"": ""Don't know""}, {""value"": ""0.0"", ""label"": ""Not mentioned""}, {""value"": ""1.0"", ""label"": ""Mentioned""}]"
764,W4IfHEYP0j,YP: Type of qualification YP likely to be doing : No Answer,numeric,NOMINAL,-999.0 thru -1.0,"[{""value"": ""-99.0"", ""label"": ""YP not interviewed""}, {""value"": ""-92.0"", ""label"": ""Refused""}, {""value"": ""-91.0"", ""label"": ""Not applicable""}, {""value"": ""-1.0"", ""label"": ""Don't know""}, {""value"": ""0.0"", ""label"": ""Not mentioned""}, {""value"": ""1.0"", ""label"": ""Mentioned""}]"
765,W4IfHEYP0k,YP: Type of qualification YP likely to be doing : Don't know,numeric,NOMINAL,-999.0 thru -1.0,"[{""value"": ""-99.0"", ""label"": ""YP not interviewed""}, {""value"": ""-92.0"", ""label"": ""Refused""}, {""value"": ""-91.0"", ""label"": ""Not applicable""}, {""value"": ""-1.0"", ""label"": ""Don't know""}, {""value"": ""0.0"", ""label"": ""Not mentioned""}, {""value"": ""1.0"", ""label"": ""Mentioned""}]"
766,W4UniSubotYP,YP: Whether YP has decided which subject to study at university,numeric,NOMINAL,-999.0 thru -1.0,"[{""value"": ""-99.0"", ""label"": ""YP not interviewed""}, {""value"": ""-92.0"", ""label"": ""Refused""}, {""value"": ""-91.0"", ""label"": ""Not applicable""}, {""value"": ""-1.0"", ""label"": ""Don't know""}, {""value"": ""1.0"", ""label"": ""Yes""}, {""value"": ""2.0"", ""label"": ""No""}]"
767,W4Subreas1YP,YP: Importance of this reason to YP in choosing university subject: Getting a specific job or career after university,numeric,ORDINAL,-999.0 thru -1.0,"[{""value"": ""-99.0"", ""label"": ""YP not interviewed""}, {""value"": ""-92.0"", ""label"": ""Refused""}, {""value"": ""-91.0"", ""label"": ""Not applicable""}, {""value"": ""-1.0"", ""label"": ""Don't know""}, {""value"": ""1.0"", ""label"": ""Very important""}, {""value"": ""2.0"", ""label"": ""Fairly important""}, {""value"": ""3.0"", ""label"": ""Not very important""}, {""value"": ""4.0"", ""label"": ""Not at all important""}]"
768,W4Subreas3YP,YP: Importance of this reason to YP in choosing university subject: Getting a well paid job after university,numeric,ORDINAL,-999.0 thru -1.0,"[{""value"": ""-99.0"", ""label"": ""YP not interviewed""}, {""value"": ""-92.0"", ""label"": ""Refused""}, {""value"": ""-91.0"", ""label"": ""Not applicable""}, {""value"": ""-1.0"", ""label"": ""Don't know""}, {""value"": ""1.0"", ""label"": ""Very important""}, {""value"": ""2.0"", ""label"": ""Fairly important""}, {""value"": ""3.0"", ""label"": ""Not very important""}, {""value"": ""4.0"", ""label"": ""Not at all important""}]"
769,W4Subreas4YP,YP: Importance of this reason to YP in choosing university subject: Being interested in the subject,numeric,ORDINAL,-999.0 thru -1.0,"[{""value"": ""-99.0"", ""label"": ""YP not interviewed""}, {""value"": ""-92.0"", ""label"": ""Refused""}, {""value"": ""-91.0"", ""label"": ""Not applicable""}, {""value"": ""-1.0"", ""label"": ""Don't know""}, {""value"": ""1.0"", ""label"": ""Very important""}, {""value"": ""2.0"", ""label"": ""Fairly important""}, {""value"": ""3.0"", ""label"": ""Not very important""}, {""value"": ""4.0"", ""label"": ""Not at all important""}]"
770,W4Subreas5YP,YP: Importance of this reason to YP in choosing university subject: Being good at the subject,numeric,ORDINAL,-999.0 thru -1.0,"[{""value"": ""-99.0"", ""label"": ""YP not interviewed""}, {""value"": ""-92.0"", ""label"": ""Refused""}, {""value"": ""-91.0"", ""label"": ""Not applicable""}, {""value"": ""-1.0"", ""label"": ""Don't know""}, {""value"": ""1.0"", ""label"": ""Very important""}, {""value"": ""2.0"", ""label"": ""Fairly important""}, {""value"": ""3.0"", ""label"": ""Not very important""}, {""value"": ""4.0"", ""label"": ""Not at all important""}]"
771,W4Subreas6YP,YP: Importance of this reason to YP in choosing university subject: Opinions of family members,numeric,ORDINAL,-999.0 thru -1.0,"[{""value"": ""-99.0"", ""label"": ""YP not interviewed""}, {""value"": ""-92.0"", ""label"": ""Refused""}, {""value"": ""-91.0"", ""label"": ""Not applicable""}, {""value"": ""-1.0"", ""label"": ""Don't know""}, {""value"": ""1.0"", ""label"": ""Very important""}, {""value"": ""2.0"", ""label"": ""Fairly important""}, {""value"": ""3.0"", ""label"": ""Not very important""}, {""value"": ""4.0"", ""label"": ""Not at all important""}]"
772,W4Subreas7YP,YP: Importance of this reason to YP in choosing university subject: Ease of getting onto the course,numeric,ORDINAL,-999.0 thru -1.0,"[{""value"": ""-99.0"", ""label"": ""YP not interviewed""}, {""value"": ""-92.0"", ""label"": ""Refused""}, {""value"": ""-91.0"", ""label"": ""Not applicable""}, {""value"": ""-1.0"", ""label"": ""Don't know""}, {""value"": ""1.0"", ""label"": ""Very important""}, {""value"": ""2.0"", ""label"": ""Fairly important""}, {""value"": ""3.0"", ""label"": ""Not very important""}, {""value"": ""4.0"", ""label"": ""Not at all important""}]"
773,W4STEMatt1YP,YP: Whether YP agrees with statement: Subjects like science or maths are more difficult than others,numeric,ORDINAL,-999.0 thru -1.0,"[{""value"": ""-997.0"", ""label"": ""Script error""}, {""value"": ""-99.0"", ""label"": ""YP not interviewed""}, {""value"": ""-92.0"", ""label"": ""Refused""}, {""value"": ""-91.0"", ""label"": ""Not applicable""}, {""value"": ""-1.0"", ""label"": ""Don't know""}, {""value"": ""1.0"", ""label"": ""Strongly agree""}, {""value"": ""2.0"", ""label"": ""Agree""}, {""value"": ""3.0"", ""label"": ""Disagree""}, {""value"": ""4.0"", ""label"": ""Strongly disagree""}]"
774,W4STEMatt2YP,YP: Whether YP agrees with statement: Studying science or maths at university means working longer hours,numeric,ORDINAL,-999.0 thru -1.0,"[{""value"": ""-997.0"", ""label"": ""Script error""}, {""value"": ""-99.0"", ""label"": ""YP not interviewed""}, {""value"": ""-92.0"", ""label"": ""Refused""}, {""value"": ""-91.0"", ""label"": ""Not applicable""}, {""value"": ""-1.0"", ""label"": ""Don't know""}, {""value"": ""1.0"", ""label"": ""Strongly agree""}, {""value"": ""2.0"", ""label"": ""Agree""}, {""value"": ""3.0"", ""label"": ""Disagree""}, {""value"": ""4.0"", ""label"": ""Strongly disagree""}]"
775,W4STEMatt3YP,YP: Whether YP agrees with statement: People with science or maths degrees are in demand by employers,numeric,ORDINAL,-999.0 thru -1.0,"[{""value"": ""-997.0"", ""label"": ""Script error""}, {""value"": ""-99.0"", ""label"": ""YP not interviewed""}, {""value"": ""-92.0"", ""label"": ""Refused""}, {""value"": ""-91.0"", ""label"": ""Not applicable""}, {""value"": ""-1.0"", ""label"": ""Don't know""}, {""value"": ""1.0"", ""label"": ""Strongly agree""}, {""value"": ""2.0"", ""label"": ""Agree""}, {""value"": ""3.0"", ""label"": ""Disagree""}, {""value"": ""4.0"", ""label"": ""Strongly disagree""}]"
776,W4STEMatt4YP,YP: Whether YP agrees with statement: People with science or maths degrees get better paid jobs,numeric,ORDINAL,-999.0 thru -1.0,"[{""value"": ""-997.0"", ""label"": ""Script error""}, {""value"": ""-99.0"", ""label"": ""YP not interviewed""}, {""value"": ""-92.0"", ""label"": ""Refused""}, {""value"": ""-91.0"", ""label"": ""Not applicable""}, {""value"": ""-1.0"", ""label"": ""Don't know""}, {""value"": ""1.0"", ""label"": ""Strongly agree""}, {""value"": ""2.0"", ""label"": ""Agree""}, {""value"": ""3.0"", ""label"": ""Disagree""}, {""value"": ""4.0"", ""label"": ""Strongly disagree""}]"
777,W4Hepref1YP,YP: Where YP would prefer to study for a degree,numeric,NOMINAL,-999.0 thru -1.0,"[{""value"": ""-997.0"", ""label"": ""Script error""}, {""value"": ""-99.0"", ""label"": ""YP not interviewed""}, {""value"": ""-92.0"", ""label"": ""Refused""}, {""value"": ""-91.0"", ""label"": ""Not applicable""}, {""value"": ""-1.0"", ""label"": ""Don't know""}, {""value"": ""1.0"", ""label"": ""University where could live at home during term time""}, {""value"": ""2.0"", ""label"": ""University where lived away from home during term time""}, {""value"": ""3.0"", ""label"": ""No preference""}]"
778,W4Hepref2YP,YP: How YP would like to study for a degree,numeric,NOMINAL,-999.0 thru -1.0,"[{""value"": ""-997.0"", ""label"": ""Script error""}, {""value"": ""-99.0"", ""label"": ""YP not interviewed""}, {""value"": ""-92.0"", ""label"": ""Refused""}, {""value"": ""-91.0"", ""label"": ""Not applicable""}, {""value"": ""-1.0"", ""label"": ""Don't know""}, {""value"": ""1.0"", ""label"": ""Full time""}, {""value"": ""2.0"", ""label"": ""Part-time""}, {""value"": ""3.0"", ""label"": ""No preference""}]"
779,W4Hepref3YP,YP: Type of degree course YP would prefer,numeric,NOMINAL,-999.0 thru -1.0,"[{""value"": ""-997.0"", ""label"": ""Script error""}, {""value"": ""-99.0"", ""label"": ""YP not interviewed""}, {""value"": ""-92.0"", ""label"": ""Refused""}, {""value"": ""-91.0"", ""label"": ""Not applicable""}, {""value"": ""-1.0"", ""label"": ""Don't know""}, {""value"": ""1.0"", ""label"": ""Standard length course for the subject""}, {""value"": ""2.0"", ""label"": ""Shorter length course with less holiday time where could get""}, {""value"": ""3.0"", ""label"": ""Longer than standard course that includes work experience or""}, {""value"": ""4.0"", ""label"": ""Other""}, {""value"": ""5.0"", ""label"": ""No preference""}]"
780,W4SupConfYP,YP: How well informed YP feels about student financial support,numeric,NOMINAL,-999.0 thru -1.0,"[{""value"": ""-997.0"", ""label"": ""Script error""}, {""value"": ""-99.0"", ""label"": ""YP not interviewed""}, {""value"": ""-92.0"", ""label"": ""Refused""}, {""value"": ""-91.0"", ""label"": ""Not applicable""}, {""value"": ""-1.0"", ""label"": ""Don't know""}, {""value"": ""1.0"", ""label"": ""Very well informed""}, {""value"": ""2.0"", ""label"": ""Fairly well informed""}, {""value"": ""3.0"", ""label"": ""Not very well informed""}, {""value"": ""4.0"", ""label"": ""Not at all well informed""}]"
781,W4GrantElYP,YP: Whether YP thinks they are eligible for a grant,numeric,NOMINAL,-999.0 thru -1.0,"[{""value"": ""-997.0"", ""label"": ""Script error""}, {""value"": ""-99.0"", ""label"": ""YP not interviewed""}, {""value"": ""-92.0"", ""label"": ""Refused""}, {""value"": ""-91.0"", ""label"": ""Not applicable""}, {""value"": ""-1.0"", ""label"": ""Don't know""}, {""value"": ""1.0"", ""label"": ""Yes""}, {""value"": ""2.0"", ""label"": ""No""}]"
782,W4GrantEl2YP0a,YP: Why YP thinks they wouldn't be eligible for a grant or bursary : Household income too high,numeric,NOMINAL,-999.0 thru -1.0,"[{""value"": ""-99.0"", ""label"": ""YP not interviewed""}, {""value"": ""-92.0"", ""label"": ""Refused""}, {""value"": ""-91.0"", ""label"": ""Not applicable""}, {""value"": ""-1.0"", ""label"": ""Don't know""}, {""value"": ""0.0"", ""label"": ""Not mentioned""}, {""value"": ""1.0"", ""label"": ""Mentioned""}]"
783,W4GrantEl2YP0b,YP: Why YP thinks they wouldn't be eligible for a grant or bursary : Course/training not eligible,numeric,NOMINAL,-999.0 thru -1.0,"[{""value"": ""-99.0"", ""label"": ""YP not interviewed""}, {""value"": ""-92.0"", ""label"": ""Refused""}, {""value"": ""-91.0"", ""label"": ""Not applicable""}, {""value"": ""-1.0"", ""label"": ""Don't know""}, {""value"": ""0.0"", ""label"": ""Not mentioned""}, {""value"": ""1.0"", ""label"": ""Mentioned""}]"
784,W4GrantEl2YP0c,YP: Why YP thinks they wouldn't be eligible for a grant or bursary : Other,numeric,NOMINAL,-999.0 thru -1.0,"[{""value"": ""-99.0"", ""label"": ""YP not interviewed""}, {""value"": ""-92.0"", ""label"": ""Refused""}, {""value"": ""-91.0"", ""label"": ""Not applicable""}, {""value"": ""-1.0"", ""label"": ""Don't know""}, {""value"": ""0.0"", ""label"": ""Not mentioned""}, {""value"": ""1.0"", ""label"": ""Mentioned""}]"
785,W4GrantEl2YP0d,YP: Why YP thinks they wouldn't be eligible for a grant or bursary : Don't know,numeric,NOMINAL,-999.0 thru -1.0,"[{""value"": ""-99.0"", ""label"": ""YP not interviewed""}, {""value"": ""-92.0"", ""label"": ""Refused""}, {""value"": ""-91.0"", ""label"": ""Not applicable""}, {""value"": ""-1.0"", ""label"": ""Don't know""}, {""value"": ""0.0"", ""label"": ""Not mentioned""}, {""value"": ""1.0"", ""label"": ""Mentioned""}]"
786,W4FundstudYP0a,"YP: How YP thinks they will fund university fees and living expenses, other than grants : A Student Loan",numeric,NOMINAL,-999.0 thru -1.0,"[{""value"": ""-997.0"", ""label"": ""Script error""}, {""value"": ""-99.0"", ""label"": ""YP not interviewed""}, {""value"": ""-92.0"", ""label"": ""Refused""}, {""value"": ""-91.0"", ""label"": ""Not applicable""}, {""value"": ""-1.0"", ""label"": ""Don't know""}, {""value"": ""0.0"", ""label"": ""Not mentioned""}, {""value"": ""1.0"", ""label"": ""Mentioned""}]"
787,W4FundstudYP0b,"YP: How YP thinks they will fund university fees and living expenses, other than grants : Borrowing money from a bank",numeric,NOMINAL,-999.0 thru -1.0,"[{""value"": ""-997.0"", ""label"": ""Script error""}, {""value"": ""-99.0"", ""label"": ""YP not interviewed""}, {""value"": ""-92.0"", ""label"": ""Refused""}, {""value"": ""-91.0"", ""label"": ""Not applicable""}, {""value"": ""-1.0"", ""label"": ""Don't know""}, {""value"": ""0.0"", ""label"": ""Not mentioned""}, {""value"": ""1.0"", ""label"": ""Mentioned""}]"
788,W4FundstudYP0c,"YP: How YP thinks they will fund university fees and living expenses, other than grants : Another sort of loan",numeric,NOMINAL,-999.0 thru -1.0,"[{""value"": ""-997.0"", ""label"": ""Script error""}, {""value"": ""-99.0"", ""label"": ""YP not interviewed""}, {""value"": ""-92.0"", ""label"": ""Refused""}, {""value"": ""-91.0"", ""label"": ""Not applicable""}, {""value"": ""-1.0"", ""label"": ""Don't know""}, {""value"": ""0.0"", ""label"": ""Not mentioned""}, {""value"": ""1.0"", ""label"": ""Mentioned""}]"
789,W4FundstudYP0d,"YP: How YP thinks they will fund university fees and living expenses, other than grants : Sponsorship from an employer",numeric,NOMINAL,-999.0 thru -1.0,"[{""value"": ""-997.0"", ""label"": ""Script error""}, {""value"": ""-99.0"", ""label"": ""YP not interviewed""}, {""value"": ""-92.0"", ""label"": ""Refused""}, {""value"": ""-91.0"", ""label"": ""Not applicable""}, {""value"": ""-1.0"", ""label"": ""Don't know""}, {""value"": ""0.0"", ""label"": ""Not mentioned""}, {""value"": ""1.0"", ""label"": ""Mentioned""}]"
790,W4FundstudYP0e,"YP: How YP thinks they will fund university fees and living expenses, other than grants : Doing paid work during term-time",numeric,NOMINAL,-999.0 thru -1.0,"[{""value"": ""-997.0"", ""label"": ""Script error""}, {""value"": ""-99.0"", ""label"": ""YP not interviewed""}, {""value"": ""-92.0"", ""label"": ""Refused""}, {""value"": ""-91.0"", ""label"": ""Not applicable""}, {""value"": ""-1.0"", ""label"": ""Don't know""}, {""value"": ""0.0"", ""label"": ""Not mentioned""}, {""value"": ""1.0"", ""label"": ""Mentioned""}]"
791,W4FundstudYP0f,"YP: How YP thinks they will fund university fees and living expenses, other than grants : Doing paid work during the holidays",numeric,NOMINAL,-999.0 thru -1.0,"[{""value"": ""-997.0"", ""label"": ""Script error""}, {""value"": ""-99.0"", ""label"": ""YP not interviewed""}, {""value"": ""-92.0"", ""label"": ""Refused""}, {""value"": ""-91.0"", ""label"": ""Not applicable""}, {""value"": ""-1.0"", ""label"": ""Don't know""}, {""value"": ""0.0"", ""label"": ""Not mentioned""}, {""value"": ""1.0"", ""label"": ""Mentioned""}]"
792,W4FundstudYP0g,"YP: How YP thinks they will fund university fees and living expenses, other than grants : Money from parents or other family members",numeric,NOMINAL,-999.0 thru -1.0,"[{""value"": ""-997.0"", ""label"": ""Script error""}, {""value"": ""-99.0"", ""label"": ""YP not interviewed""}, {""value"": ""-92.0"", ""label"": ""Refused""}, {""value"": ""-91.0"", ""label"": ""Not applicable""}, {""value"": ""-1.0"", ""label"": ""Don't know""}, {""value"": ""0.0"", ""label"": ""Not mentioned""}, {""value"": ""1.0"", ""label"": ""Mentioned""}]"
793,W4FundstudYP0h,"YP: How YP thinks they will fund university fees and living expenses, other than grants : Money from friends",numeric,NOMINAL,-999.0 thru -1.0,"[{""value"": ""-997.0"", ""label"": ""Script error""}, {""value"": ""-99.0"", ""label"": ""YP not interviewed""}, {""value"": ""-92.0"", ""label"": ""Refused""}, {""value"": ""-91.0"", ""label"": ""Not applicable""}, {""value"": ""-1.0"", ""label"": ""Don't know""}, {""value"": ""0.0"", ""label"": ""Not mentioned""}, {""value"": ""1.0"", ""label"": ""Mentioned""}]"
794,W4FundstudYP0i,"YP: How YP thinks they will fund university fees and living expenses, other than grants : Own savings",numeric,NOMINAL,-999.0 thru -1.0,"[{""value"": ""-997.0"", ""label"": ""Script error""}, {""value"": ""-99.0"", ""label"": ""YP not interviewed""}, {""value"": ""-92.0"", ""label"": ""Refused""}, {""value"": ""-91.0"", ""label"": ""Not applicable""}, {""value"": ""-1.0"", ""label"": ""Don't know""}, {""value"": ""0.0"", ""label"": ""Not mentioned""}, {""value"": ""1.0"", ""label"": ""Mentioned""}]"
795,W4FundstudYP0j,"YP: How YP thinks they will fund university fees and living expenses, other than grants : Other",numeric,NOMINAL,-999.0 thru -1.0,"[{""value"": ""-997.0"", ""label"": ""Script error""}, {""value"": ""-99.0"", ""label"": ""YP not interviewed""}, {""value"": ""-92.0"", ""label"": ""Refused""}, {""value"": ""-91.0"", ""label"": ""Not applicable""}, {""value"": ""-1.0"", ""label"": ""Don't know""}, {""value"": ""0.0"", ""label"": ""Not mentioned""}, {""value"": ""1.0"", ""label"": ""Mentioned""}]"
796,W4FundstudYP0k,"YP: How YP thinks they will fund university fees and living expenses, other than grants : Don't know",numeric,NOMINAL,-999.0 thru -1.0,"[{""value"": ""-997.0"", ""label"": ""Script error""}, {""value"": ""-99.0"", ""label"": ""YP not interviewed""}, {""value"": ""-92.0"", ""label"": ""Refused""}, {""value"": ""-91.0"", ""label"": ""Not applicable""}, {""value"": ""-1.0"", ""label"": ""Don't know""}, {""value"": ""0.0"", ""label"": ""Not mentioned""}, {""value"": ""1.0"", ""label"": ""Mentioned""}]"
797,W4Debtatt1YP,YP: Whether YP agrees with statement: Getting a degree will mean you get better paid jobs later on in life,numeric,ORDINAL,-999.0 thru -1.0,"[{""value"": ""-997.0"", ""label"": ""script error""}, {""value"": ""-99.0"", ""label"": ""YP not interviewed""}, {""value"": ""-92.0"", ""label"": ""Refused""}, {""value"": ""-91.0"", ""label"": ""Not applicable""}, {""value"": ""-1.0"", ""label"": ""Don't know""}, {""value"": ""1.0"", ""label"": ""Strongly agree""}, {""value"": ""2.0"", ""label"": ""Agree""}, {""value"": ""3.0"", ""label"": ""Disagree""}, {""value"": ""4.0"", ""label"": ""Strongly disagree""}]"
798,W4Debtatt2YP,YP: Whether YP agrees with statement: Owing money is wrong,numeric,ORDINAL,-999.0 thru -1.0,"[{""value"": ""-997.0"", ""label"": ""script error""}, {""value"": ""-99.0"", ""label"": ""YP not interviewed""}, {""value"": ""-92.0"", ""label"": ""Refused""}, {""value"": ""-91.0"", ""label"": ""Not applicable""}, {""value"": ""-1.0"", ""label"": ""Don't know""}, {""value"": ""1.0"", ""label"": ""Strongly agree""}, {""value"": ""2.0"", ""label"": ""Agree""}, {""value"": ""3.0"", ""label"": ""Disagree""}, {""value"": ""4.0"", ""label"": ""Strongly disagree""}]"
799,W4Debtatt3YP,YP: Whether YP agrees with statement: Borrowing money from a bank or loan company is a normal part of today's lifestyle,numeric,ORDINAL,-999.0 thru -1.0,"[{""value"": ""-997.0"", ""label"": ""script error""}, {""value"": ""-99.0"", ""label"": ""YP not interviewed""}, {""value"": ""-92.0"", ""label"": ""Refused""}, {""value"": ""-91.0"", ""label"": ""Not applicable""}, {""value"": ""-1.0"", ""label"": ""Don't know""}, {""value"": ""1.0"", ""label"": ""Strongly agree""}, {""value"": ""2.0"", ""label"": ""Agree""}, {""value"": ""3.0"", ""label"": ""Disagree""}, {""value"": ""4.0"", ""label"": ""Strongly disagree""}]"
800,W4Debtatt4YP,YP: Whether YP agrees with statement: Once you get in debt it is often very difficult to get out of it,numeric,ORDINAL,-999.0 thru -1.0,"[{""value"": ""-997.0"", ""label"": ""script error""}, {""value"": ""-99.0"", ""label"": ""YP not interviewed""}, {""value"": ""-92.0"", ""label"": ""Refused""}, {""value"": ""-91.0"", ""label"": ""Not applicable""}, {""value"": ""-1.0"", ""label"": ""Don't know""}, {""value"": ""1.0"", ""label"": ""Strongly agree""}, {""value"": ""2.0"", ""label"": ""Agree""}, {""value"": ""3.0"", ""label"": ""Disagree""}, {""value"": ""4.0"", ""label"": ""Strongly disagree""}]"
801,W4Debtatt5YP,YP: Whether YP agrees with statement: Student loans are a cheap way of borrowing money,numeric,ORDINAL,-999.0 thru -1.0,"[{""value"": ""-997.0"", ""label"": ""script error""}, {""value"": ""-99.0"", ""label"": ""YP not interviewed""}, {""value"": ""-92.0"", ""label"": ""Refused""}, {""value"": ""-91.0"", ""label"": ""Not applicable""}, {""value"": ""-1.0"", ""label"": ""Don't know""}, {""value"": ""1.0"", ""label"": ""Strongly agree""}, {""value"": ""2.0"", ""label"": ""Agree""}, {""value"": ""3.0"", ""label"": ""Disagree""}, {""value"": ""4.0"", ""label"": ""Strongly disagree""}]"
802,W4Debtatt6YP,YP: Whether YP agrees with statement: The idea of leaving university with big debts puts people off going there,numeric,ORDINAL,-999.0 thru -1.0,"[{""value"": ""-997.0"", ""label"": ""script error""}, {""value"": ""-99.0"", ""label"": ""YP not interviewed""}, {""value"": ""-92.0"", ""label"": ""Refused""}, {""value"": ""-91.0"", ""label"": ""Not applicable""}, {""value"": ""-1.0"", ""label"": ""Don't know""}, {""value"": ""1.0"", ""label"": ""Strongly agree""}, {""value"": ""2.0"", ""label"": ""Agree""}, {""value"": ""3.0"", ""label"": ""Disagree""}, {""value"": ""4.0"", ""label"": ""Strongly disagree""}]"
803,W4ScompinYP,Admin: Interviewer code whether YP accepted self-completion section,numeric,NOMINAL,-999.0 thru -1.0,"[{""value"": ""-99.0"", ""label"": ""YP not interviewed""}, {""value"": ""-96.0"", ""label"": ""YP using interpreter""}, {""value"": ""-92.0"", ""label"": ""Refused""}, {""value"": ""-91.0"", ""label"": ""Not applicable""}, {""value"": ""-1.0"", ""label"": ""Don't know""}, {""value"": ""1.0"", ""label"": ""Respondent accepted self-completion""}, {""value"": ""2.0"", ""label"": ""Respondent refused self-completion""}, {""value"": ""3.0"", ""label"": ""Interviewer will administer self-completion (SPONTANEOUS)""}]"
804,W4Hea1CYP,YP: General health of YP in the last 12 months,numeric,ORDINAL,-999.0 thru -1.0,"[{""value"": ""-99.0"", ""label"": ""YP not interviewed""}, {""value"": ""-97.0"", ""label"": ""YP refused self completion""}, {""value"": ""-96.0"", ""label"": ""YP using interpreter""}, {""value"": ""-92.0"", ""label"": ""Refused""}, {""value"": ""-91.0"", ""label"": ""Not applicable""}, {""value"": ""-1.0"", ""label"": ""Don't know""}, {""value"": ""1.0"", ""label"": ""Very good""}, {""value"": ""2.0"", ""label"": ""Fairly good""}, {""value"": ""3.0"", ""label"": ""Not very good""}, {""value"": ""4.0"", ""label"": ""Not good at all""}]"
805,W4ConcenYP,YP: Whether YP has been able to concentrate on whatever doing recently,numeric,ORDINAL,-999.0 thru -1.0,"[{""value"": ""-99.0"", ""label"": ""YP not interviewed""}, {""value"": ""-97.0"", ""label"": ""YP refused self completion""}, {""value"": ""-96.0"", ""label"": ""YP using interpreter""}, {""value"": ""-92.0"", ""label"": ""Refused""}, {""value"": ""-91.0"", ""label"": ""Not applicable""}, {""value"": ""-1.0"", ""label"": ""Don't know""}, {""value"": ""1.0"", ""label"": ""Better than usual""}, {""value"": ""2.0"", ""label"": ""Same as usual""}, {""value"": ""3.0"", ""label"": ""Less than usual""}, {""value"": ""4.0"", ""label"": ""Much less than usual""}]"
806,W4NoSleepYP,YP: Whether YP recently lost much sleep over worry,numeric,ORDINAL,-999.0 thru -1.0,"[{""value"": ""-99.0"", ""label"": ""YP not interviewed""}, {""value"": ""-97.0"", ""label"": ""YP refused self completion""}, {""value"": ""-96.0"", ""label"": ""YP using interpreter""}, {""value"": ""-92.0"", ""label"": ""Refused""}, {""value"": ""-91.0"", ""label"": ""Not applicable""}, {""value"": ""-1.0"", ""label"": ""Don't know""}, {""value"": ""1.0"", ""label"": ""Not at all""}, {""value"": ""2.0"", ""label"": ""No more than usual""}, {""value"": ""3.0"", ""label"": ""Rather more than usual""}, {""value"": ""4.0"", ""label"": ""Much more than usual""}]"
807,W4UsefulYP,YP: Whether YP has felt they were playing a useful part in things recently,numeric,ORDINAL,-999.0 thru -1.0,"[{""value"": ""-99.0"", ""label"": ""YP not interviewed""}, {""value"": ""-97.0"", ""label"": ""YP refused self completion""}, {""value"": ""-96.0"", ""label"": ""YP using interpreter""}, {""value"": ""-92.0"", ""label"": ""Refused""}, {""value"": ""-91.0"", ""label"": ""Not applicable""}, {""value"": ""-1.0"", ""label"": ""Don't know""}, {""value"": ""1.0"", ""label"": ""More so than usual""}, {""value"": ""2.0"", ""label"": ""Same as usual""}, {""value"": ""3.0"", ""label"": ""Less useful than usual""}, {""value"": ""4.0"", ""label"": ""Much less useful""}]"
808,W4DecideYP,YP: Whether YP recently felt capable of making decisions about things,numeric,ORDINAL,-999.0 thru -1.0,"[{""value"": ""-99.0"", ""label"": ""YP not interviewed""}, {""value"": ""-97.0"", ""label"": ""YP refused self completion""}, {""value"": ""-96.0"", ""label"": ""YP using interpreter""}, {""value"": ""-92.0"", ""label"": ""Refused""}, {""value"": ""-91.0"", ""label"": ""Not applicable""}, {""value"": ""-1.0"", ""label"": ""Don't know""}, {""value"": ""1.0"", ""label"": ""More so than usual""}, {""value"": ""2.0"", ""label"": ""Same as usual""}, {""value"": ""3.0"", ""label"": ""Less capable than usual""}, {""value"": ""4.0"", ""label"": ""Much less capable""}]"
809,W4StrainYP,YP: Whether YP has recently felt they are constantly under strain,numeric,ORDINAL,-999.0 thru -1.0,"[{""value"": ""-99.0"", ""label"": ""YP not interviewed""}, {""value"": ""-97.0"", ""label"": ""YP refused self completion""}, {""value"": ""-96.0"", ""label"": ""YP using interpreter""}, {""value"": ""-92.0"", ""label"": ""Refused""}, {""value"": ""-91.0"", ""label"": ""Not applicable""}, {""value"": ""-1.0"", ""label"": ""Don't know""}, {""value"": ""1.0"", ""label"": ""Not at all""}, {""value"": ""2.0"", ""label"": ""No more than usual""}, {""value"": ""3.0"", ""label"": ""Rather more than usual""}, {""value"": ""4.0"", ""label"": ""Much more than usual""}]"
810,W4DifficYP,YP: Whether YP recently felt couldn't overcome difficulties,numeric,ORDINAL,-999.0 thru -1.0,"[{""value"": ""-99.0"", ""label"": ""YP not interviewed""}, {""value"": ""-97.0"", ""label"": ""YP refused self completion""}, {""value"": ""-96.0"", ""label"": ""YP using interpreter""}, {""value"": ""-92.0"", ""label"": ""Refused""}, {""value"": ""-91.0"", ""label"": ""Not applicable""}, {""value"": ""-1.0"", ""label"": ""Don't know""}, {""value"": ""1.0"", ""label"": ""Not at all""}, {""value"": ""2.0"", ""label"": ""No more than usual""}, {""value"": ""3.0"", ""label"": ""Rather more than usual""}, {""value"": ""4.0"", ""label"": ""Much more than usual""}]"
811,W4ActivYP,YP: Whether YP recently been able to enjoy normal day to day activities,numeric,ORDINAL,-999.0 thru -1.0,"[{""value"": ""-99.0"", ""label"": ""YP not interviewed""}, {""value"": ""-97.0"", ""label"": ""YP refused self completion""}, {""value"": ""-96.0"", ""label"": ""YP using interpreter""}, {""value"": ""-92.0"", ""label"": ""Refused""}, {""value"": ""-91.0"", ""label"": ""Not applicable""}, {""value"": ""-1.0"", ""label"": ""Don't know""}, {""value"": ""1.0"", ""label"": ""More so than usual""}, {""value"": ""2.0"", ""label"": ""Same as usual""}, {""value"": ""3.0"", ""label"": ""Less so than usual""}, {""value"": ""4.0"", ""label"": ""Much less than usual""}]"
812,W4ProbsYP,YP: Whether YP recently been able to face up to problems,numeric,ORDINAL,-999.0 thru -1.0,"[{""value"": ""-99.0"", ""label"": ""YP not interviewed""}, {""value"": ""-97.0"", ""label"": ""YP refused self completion""}, {""value"": ""-96.0"", ""label"": ""YP using interpreter""}, {""value"": ""-92.0"", ""label"": ""Refused""}, {""value"": ""-91.0"", ""label"": ""Not applicable""}, {""value"": ""-1.0"", ""label"": ""Don't know""}, {""value"": ""1.0"", ""label"": ""More so than usual""}, {""value"": ""2.0"", ""label"": ""Same as usual""}, {""value"": ""3.0"", ""label"": ""Less able than usual""}, {""value"": ""4.0"", ""label"": ""Much less able than usual""}]"
813,W4DepressYP,YP: Whether YP recently felt unhappy or depressed,numeric,ORDINAL,-999.0 thru -1.0,"[{""value"": ""-99.0"", ""label"": ""YP not interviewed""}, {""value"": ""-97.0"", ""label"": ""YP refused self completion""}, {""value"": ""-96.0"", ""label"": ""YP using interpreter""}, {""value"": ""-92.0"", ""label"": ""Refused""}, {""value"": ""-91.0"", ""label"": ""Not applicable""}, {""value"": ""-1.0"", ""label"": ""Don't know""}, {""value"": ""1.0"", ""label"": ""Not at all""}, {""value"": ""2.0"", ""label"": ""No more than usual""}, {""value"": ""3.0"", ""label"": ""Rather more than usual""}, {""value"": ""4.0"", ""label"": ""Much more than usual""}]"
814,W4NoConfYP,YP: Whether YP recently been losing confidence in self,numeric,ORDINAL,-999.0 thru -1.0,"[{""value"": ""-99.0"", ""label"": ""YP not interviewed""}, {""value"": ""-97.0"", ""label"": ""YP refused self completion""}, {""value"": ""-96.0"", ""label"": ""YP using interpreter""}, {""value"": ""-92.0"", ""label"": ""Refused""}, {""value"": ""-91.0"", ""label"": ""Not applicable""}, {""value"": ""-1.0"", ""label"": ""Don't know""}, {""value"": ""1.0"", ""label"": ""Not at all""}, {""value"": ""2.0"", ""label"": ""No more than usual""}, {""value"": ""3.0"", ""label"": ""Rather more than usual""}, {""value"": ""4.0"", ""label"": ""Much more than usual""}]"
815,W4WthlessYP,YP: Whether YP has thought of themself as a worthless person recently,numeric,ORDINAL,-999.0 thru -1.0,"[{""value"": ""-99.0"", ""label"": ""YP not interviewed""}, {""value"": ""-97.0"", ""label"": ""YP refused self completion""}, {""value"": ""-96.0"", ""label"": ""YP using interpreter""}, {""value"": ""-92.0"", ""label"": ""Refused""}, {""value"": ""-91.0"", ""label"": ""Not applicable""}, {""value"": ""-1.0"", ""label"": ""Don't know""}, {""value"": ""1.0"", ""label"": ""Not at all""}, {""value"": ""2.0"", ""label"": ""No more than usual""}, {""value"": ""3.0"", ""label"": ""Rather more than usual""}, {""value"": ""4.0"", ""label"": ""Much more than usual""}]"
816,W4HappyYP,"YP: Whether YP recently felt reasonably happy, all things considered",numeric,ORDINAL,-999.0 thru -1.0,"[{""value"": ""-99.0"", ""label"": ""YP not interviewed""}, {""value"": ""-97.0"", ""label"": ""YP refused self completion""}, {""value"": ""-96.0"", ""label"": ""YP using interpreter""}, {""value"": ""-92.0"", ""label"": ""Refused""}, {""value"": ""-91.0"", ""label"": ""Not applicable""}, {""value"": ""-1.0"", ""label"": ""Don't know""}, {""value"": ""1.0"", ""label"": ""More so than usual""}, {""value"": ""2.0"", ""label"": ""About the same as usual""}, {""value"": ""3.0"", ""label"": ""Less so than usual""}, {""value"": ""4.0"", ""label"": ""Much less than usual""}]"
817,W4ConfotherYP,YP: Whether there is somebody YP can talk to about things that matter to them,numeric,NOMINAL,-999.0 thru -1.0,"[{""value"": ""-99.0"", ""label"": ""YP not interviewed""}, {""value"": ""-97.0"", ""label"": ""YP refused self completion""}, {""value"": ""-96.0"", ""label"": ""YP using interpreter""}, {""value"": ""-92.0"", ""label"": ""Refused""}, {""value"": ""-91.0"", ""label"": ""Not applicable""}, {""value"": ""-1.0"", ""label"": ""Don't know""}, {""value"": ""1.0"", ""label"": ""Yes""}, {""value"": ""2.0"", ""label"": ""No""}]"
818,W4WhoisYP,YP: Person YP is most likely to talk to,numeric,NOMINAL,-999.0 thru -1.0,"[{""value"": ""-99.0"", ""label"": ""YP not interviewed""}, {""value"": ""-97.0"", ""label"": ""YP refused self completion""}, {""value"": ""-96.0"", ""label"": ""YP using interpreter""}, {""value"": ""-92.0"", ""label"": ""Refused""}, {""value"": ""-91.0"", ""label"": ""Not applicable""}, {""value"": ""-1.0"", ""label"": ""Don't know""}, {""value"": ""1.0"", ""label"": ""A parent""}, {""value"": ""2.0"", ""label"": ""A brother or sister""}, {""value"": ""3.0"", ""label"": ""Another family member""}, {""value"": ""4.0"", ""label"": ""Your girlfriend/boyfriend""}, {""value"": ""5.0"", ""label"": ""A friend from school or college""}, {""value"": ""6.0"", ""label"": ""Someone you know at work""}, {""value"": ""7.0"", ""label"": ""Friend (non-school/other)""}, {""value"": ""8.0"", ""label"": ""Other""}]"
819,W4Fat1YP,"YP: Whether YP agrees with statement: If someone is not a success in life, it is usually their own fault",numeric,ORDINAL,-999.0 thru -1.0,"[{""value"": ""-99.0"", ""label"": ""YP not interviewed""}, {""value"": ""-97.0"", ""label"": ""YP refused self completion""}, {""value"": ""-96.0"", ""label"": ""YP using interpreter""}, {""value"": ""-92.0"", ""label"": ""Refused""}, {""value"": ""-91.0"", ""label"": ""Not applicable""}, {""value"": ""-1.0"", ""label"": ""Don't know""}, {""value"": ""1.0"", ""label"": ""Strongly agree""}, {""value"": ""2.0"", ""label"": ""Agree""}, {""value"": ""3.0"", ""label"": ""Disagree""}, {""value"": ""4.0"", ""label"": ""Strongly disagree""}]"
820,W4Fat2YP,"YP: Whether YP agrees with statement: Even if I do well at school, I will have had a hard time getting the right kind of job",numeric,ORDINAL,-999.0 thru -1.0,"[{""value"": ""-99.0"", ""label"": ""YP not interviewed""}, {""value"": ""-97.0"", ""label"": ""YP refused self completion""}, {""value"": ""-96.0"", ""label"": ""YP using interpreter""}, {""value"": ""-92.0"", ""label"": ""Refused""}, {""value"": ""-91.0"", ""label"": ""Not applicable""}, {""value"": ""-1.0"", ""label"": ""Don't know""}, {""value"": ""1.0"", ""label"": ""Strongly agree""}, {""value"": ""2.0"", ""label"": ""Agree""}, {""value"": ""3.0"", ""label"": ""Disagree""}, {""value"": ""4.0"", ""label"": ""Strongly disagree""}]"
821,W4Fat3YP,YP: Whether YP agrees with statement: Working hard now will help me get on later in life,numeric,ORDINAL,-999.0 thru -1.0,"[{""value"": ""-99.0"", ""label"": ""YP not interviewed""}, {""value"": ""-97.0"", ""label"": ""YP refused self completion""}, {""value"": ""-96.0"", ""label"": ""YP using interpreter""}, {""value"": ""-92.0"", ""label"": ""Refused""}, {""value"": ""-91.0"", ""label"": ""Not applicable""}, {""value"": ""-1.0"", ""label"": ""Don't know""}, {""value"": ""1.0"", ""label"": ""Strongly agree""}, {""value"": ""2.0"", ""label"": ""Agree""}, {""value"": ""3.0"", ""label"": ""Disagree""}, {""value"": ""4.0"", ""label"": ""Strongly disagree""}]"
822,W4Fat4YP,YP: Whether YP agrees with statement: People like me don't have much of a chance in life,numeric,ORDINAL,-999.0 thru -1.0,"[{""value"": ""-99.0"", ""label"": ""YP not interviewed""}, {""value"": ""-97.0"", ""label"": ""YP refused self completion""}, {""value"": ""-96.0"", ""label"": ""YP using interpreter""}, {""value"": ""-92.0"", ""label"": ""Refused""}, {""value"": ""-91.0"", ""label"": ""Not applicable""}, {""value"": ""-1.0"", ""label"": ""Don't know""}, {""value"": ""1.0"", ""label"": ""Strongly agree""}, {""value"": ""2.0"", ""label"": ""Agree""}, {""value"": ""3.0"", ""label"": ""Disagree""}, {""value"": ""4.0"", ""label"": ""Strongly disagree""}]"
823,W4Fat5YP,YP: Whether YP agrees with statement: I can pretty much decide what will happen in my life,numeric,ORDINAL,-999.0 thru -1.0,"[{""value"": ""-99.0"", ""label"": ""YP not interviewed""}, {""value"": ""-97.0"", ""label"": ""YP refused self completion""}, {""value"": ""-96.0"", ""label"": ""YP using interpreter""}, {""value"": ""-92.0"", ""label"": ""Refused""}, {""value"": ""-91.0"", ""label"": ""Not applicable""}, {""value"": ""-1.0"", ""label"": ""Don't know""}, {""value"": ""1.0"", ""label"": ""Strongly agree""}, {""value"": ""2.0"", ""label"": ""Agree""}, {""value"": ""3.0"", ""label"": ""Disagree""}, {""value"": ""4.0"", ""label"": ""Strongly disagree""}]"
824,W4Fat6YP,YP: Whether YP agrees with statement: Doing well at school/college means/meant a lot to me,numeric,ORDINAL,-999.0 thru -1.0,"[{""value"": ""-99.0"", ""label"": ""YP not interviewed""}, {""value"": ""-97.0"", ""label"": ""YP refused self completion""}, {""value"": ""-96.0"", ""label"": ""YP using interpreter""}, {""value"": ""-92.0"", ""label"": ""Refused""}, {""value"": ""-91.0"", ""label"": ""Not applicable""}, {""value"": ""-1.0"", ""label"": ""Don't know""}, {""value"": ""1.0"", ""label"": ""Strongly agree""}, {""value"": ""2.0"", ""label"": ""Agree""}, {""value"": ""3.0"", ""label"": ""Disagree""}, {""value"": ""4.0"", ""label"": ""Strongly disagree""}]"
825,W4Fat7YP,YP: Whether YP agrees with statement: How well you get on in this world is mostly a matter of luck,numeric,ORDINAL,-999.0 thru -1.0,"[{""value"": ""-99.0"", ""label"": ""YP not interviewed""}, {""value"": ""-97.0"", ""label"": ""YP refused self completion""}, {""value"": ""-96.0"", ""label"": ""YP using interpreter""}, {""value"": ""-92.0"", ""label"": ""Refused""}, {""value"": ""-91.0"", ""label"": ""Not applicable""}, {""value"": ""-1.0"", ""label"": ""Don't know""}, {""value"": ""1.0"", ""label"": ""Strongly agree""}, {""value"": ""2.0"", ""label"": ""Agree""}, {""value"": ""3.0"", ""label"": ""Disagree""}, {""value"": ""4.0"", ""label"": ""Strongly disagree""}]"
826,W4Fat8YP,YP: Whether YP agrees with statement: If you work hard at something you'll usually succeed,numeric,ORDINAL,-999.0 thru -1.0,"[{""value"": ""-99.0"", ""label"": ""YP not interviewed""}, {""value"": ""-97.0"", ""label"": ""YP refused self completion""}, {""value"": ""-96.0"", ""label"": ""YP using interpreter""}, {""value"": ""-92.0"", ""label"": ""Refused""}, {""value"": ""-91.0"", ""label"": ""Not applicable""}, {""value"": ""-1.0"", ""label"": ""Don't know""}, {""value"": ""1.0"", ""label"": ""Strongly agree""}, {""value"": ""2.0"", ""label"": ""Agree""}, {""value"": ""3.0"", ""label"": ""Disagree""}, {""value"": ""4.0"", ""label"": ""Strongly disagree""}]"
827,W4YYS24YP,YP: Number of YP's teachers who treated everyone the same regardless of skin colour or cultural background,numeric,ORDINAL,-999.0 thru -1.0,"[{""value"": ""-99.0"", ""label"": ""YP not interviewed""}, {""value"": ""-97.0"", ""label"": ""YP refused self completion""}, {""value"": ""-96.0"", ""label"": ""YP using interpreter""}, {""value"": ""-92.0"", ""label"": ""Refused""}, {""value"": ""-91.0"", ""label"": ""Not applicable""}, {""value"": ""-1.0"", ""label"": ""Don't know""}, {""value"": ""1.0"", ""label"": ""All of my teachers""}, {""value"": ""2.0"", ""label"": ""Most of my teachers""}, {""value"": ""3.0"", ""label"": ""Some of my teachers""}, {""value"": ""4.0"", ""label"": ""Hardly any of my teachers""}, {""value"": ""5.0"", ""label"": ""None of my teachers""}]"
828,W4YYS25YP,YP: Number of teachers who didn't really listen to what YP had to say in class,numeric,ORDINAL,-999.0 thru -1.0,"[{""value"": ""-99.0"", ""label"": ""YP not interviewed""}, {""value"": ""-97.0"", ""label"": ""YP refused self completion""}, {""value"": ""-96.0"", ""label"": ""YP using interpreter""}, {""value"": ""-92.0"", ""label"": ""Refused""}, {""value"": ""-91.0"", ""label"": ""Not applicable""}, {""value"": ""-1.0"", ""label"": ""Don't know""}, {""value"": ""1.0"", ""label"": ""All of my teachers""}, {""value"": ""2.0"", ""label"": ""Most of my teachers""}, {""value"": ""3.0"", ""label"": ""Some of my teachers""}, {""value"": ""4.0"", ""label"": ""Hardly any of my teachers""}, {""value"": ""5.0"", ""label"": ""None of my teachers""}]"
829,W4YYS26YP,YP: Number of teachers who YP felt treated them unfairly,numeric,ORDINAL,-999.0 thru -1.0,"[{""value"": ""-99.0"", ""label"": ""YP not interviewed""}, {""value"": ""-97.0"", ""label"": ""YP refused self completion""}, {""value"": ""-96.0"", ""label"": ""YP using interpreter""}, {""value"": ""-92.0"", ""label"": ""Refused""}, {""value"": ""-91.0"", ""label"": ""Not applicable""}, {""value"": ""-1.0"", ""label"": ""Don't know""}, {""value"": ""1.0"", ""label"": ""All of my teachers""}, {""value"": ""2.0"", ""label"": ""Most of my teachers""}, {""value"": ""3.0"", ""label"": ""Some of my teachers""}, {""value"": ""4.0"", ""label"": ""Hardly any of my teachers""}, {""value"": ""5.0"", ""label"": ""None of my teachers""}]"
830,W4Comp2YP,"YP: How likely YP is to get punished if caught breaking school rules, compared with others",numeric,ORDINAL,-999.0 thru -1.0,"[{""value"": ""-99.0"", ""label"": ""YP not interviewed""}, {""value"": ""-97.0"", ""label"": ""YP refused self completion""}, {""value"": ""-96.0"", ""label"": ""YP using interpreter""}, {""value"": ""-92.0"", ""label"": ""Refused""}, {""value"": ""-91.0"", ""label"": ""Not applicable""}, {""value"": ""-1.0"", ""label"": ""Don't know""}, {""value"": ""1.0"", ""label"": ""More likely to be punished than others""}, {""value"": ""2.0"", ""label"": ""Less likely to be punished than others""}, {""value"": ""3.0"", ""label"": ""Treated much the same as anyone else""}, {""value"": ""4.0"", ""label"": ""Never broke school rules""}]"
831,W4Comp3YP,"YP: How heavily YP gets punished for breaking school rules, compared with others",numeric,ORDINAL,-999.0 thru -1.0,"[{""value"": ""-99.0"", ""label"": ""YP not interviewed""}, {""value"": ""-97.0"", ""label"": ""YP refused self completion""}, {""value"": ""-96.0"", ""label"": ""YP using interpreter""}, {""value"": ""-92.0"", ""label"": ""Refused""}, {""value"": ""-91.0"", ""label"": ""Not applicable""}, {""value"": ""-1.0"", ""label"": ""Don't know""}, {""value"": ""1.0"", ""label"": ""Punished more heavily than others""}, {""value"": ""2.0"", ""label"": ""Punished less heavily than others""}, {""value"": ""3.0"", ""label"": ""Treated much the same as anyone else""}, {""value"": ""4.0"", ""label"": ""Never broke school rules""}]"
832,W4Comp4YP,"YP: How much interest teachers take in YP's work, compared with others",numeric,ORDINAL,-999.0 thru -1.0,"[{""value"": ""-99.0"", ""label"": ""YP not interviewed""}, {""value"": ""-97.0"", ""label"": ""YP refused self completion""}, {""value"": ""-96.0"", ""label"": ""YP using interpreter""}, {""value"": ""-92.0"", ""label"": ""Refused""}, {""value"": ""-91.0"", ""label"": ""Not applicable""}, {""value"": ""-1.0"", ""label"": ""Don't know""}, {""value"": ""1.0"", ""label"": ""Were more likely to take an interest in my work""}, {""value"": ""2.0"", ""label"": ""Were less likely to take an interest in my work""}, {""value"": ""3.0"", ""label"": ""Treated me much the same as anyone else""}]"
833,W4Comp5YP,"YP: How likely YP is to receive praise, compared with others",numeric,ORDINAL,-999.0 thru -1.0,"[{""value"": ""-99.0"", ""label"": ""YP not interviewed""}, {""value"": ""-97.0"", ""label"": ""YP refused self completion""}, {""value"": ""-96.0"", ""label"": ""YP using interpreter""}, {""value"": ""-92.0"", ""label"": ""Refused""}, {""value"": ""-91.0"", ""label"": ""Not applicable""}, {""value"": ""-1.0"", ""label"": ""Don't know""}, {""value"": ""1.0"", ""label"": ""Were more likely to praise my work""}, {""value"": ""2.0"", ""label"": ""Were less likely to praise my work""}, {""value"": ""3.0"", ""label"": ""Treated me much the same as anyone else""}]"
834,W4Comp6YP,"YP: How likely teachers are to blame YP if there is trouble in class, compared with others",numeric,ORDINAL,-999.0 thru -1.0,"[{""value"": ""-99.0"", ""label"": ""YP not interviewed""}, {""value"": ""-97.0"", ""label"": ""YP refused self completion""}, {""value"": ""-96.0"", ""label"": ""YP using interpreter""}, {""value"": ""-92.0"", ""label"": ""Refused""}, {""value"": ""-91.0"", ""label"": ""Not applicable""}, {""value"": ""-1.0"", ""label"": ""Don't know""}, {""value"": ""1.0"", ""label"": ""Were more likely to pick on me for causing it than others""}, {""value"": ""2.0"", ""label"": ""Were less likely to pick on me for causing it than others""}, {""value"": ""3.0"", ""label"": ""Treated me much the same as anyone else""}]"
835,W4Ydisa1YP0a,YP: Why YP felt they were treated differently to other pupils : Because I misbehave/I am naughty/I break rules,numeric,NOMINAL,-999.0 thru -1.0,"[{""value"": ""-99.0"", ""label"": ""YP not interviewed""}, {""value"": ""-97.0"", ""label"": ""YP refused self completion""}, {""value"": ""-96.0"", ""label"": ""YP using interpreter""}, {""value"": ""-92.0"", ""label"": ""Refused""}, {""value"": ""-91.0"", ""label"": ""Not applicable""}, {""value"": ""-1.0"", ""label"": ""Don't know""}, {""value"": ""0.0"", ""label"": ""Not mentioned""}, {""value"": ""1.0"", ""label"": ""Mentioned""}]"
836,W4Ydisa1YP0b,YP: Why YP felt they were treated differently to other pupils : Teachers can be racist towards me,numeric,NOMINAL,-999.0 thru -1.0,"[{""value"": ""-99.0"", ""label"": ""YP not interviewed""}, {""value"": ""-97.0"", ""label"": ""YP refused self completion""}, {""value"": ""-96.0"", ""label"": ""YP using interpreter""}, {""value"": ""-92.0"", ""label"": ""Refused""}, {""value"": ""-91.0"", ""label"": ""Not applicable""}, {""value"": ""-1.0"", ""label"": ""Don't know""}, {""value"": ""0.0"", ""label"": ""Not mentioned""}, {""value"": ""1.0"", ""label"": ""Mentioned""}]"
837,W4Ydisa1YP0c,YP: Why YP felt they were treated differently to other pupils : Because I am usually well behaved/rarely break the rules,numeric,NOMINAL,-999.0 thru -1.0,"[{""value"": ""-99.0"", ""label"": ""YP not interviewed""}, {""value"": ""-97.0"", ""label"": ""YP refused self completion""}, {""value"": ""-96.0"", ""label"": ""YP using interpreter""}, {""value"": ""-92.0"", ""label"": ""Refused""}, {""value"": ""-91.0"", ""label"": ""Not applicable""}, {""value"": ""-1.0"", ""label"": ""Don't know""}, {""value"": ""0.0"", ""label"": ""Not mentioned""}, {""value"": ""1.0"", ""label"": ""Mentioned""}]"
838,W4Ydisa1YP0d,YP: Why YP felt they were treated differently to other pupils : Because I usually get good grades/am intelligent/work hard,numeric,NOMINAL,-999.0 thru -1.0,"[{""value"": ""-99.0"", ""label"": ""YP not interviewed""}, {""value"": ""-97.0"", ""label"": ""YP refused self completion""}, {""value"": ""-96.0"", ""label"": ""YP using interpreter""}, {""value"": ""-92.0"", ""label"": ""Refused""}, {""value"": ""-91.0"", ""label"": ""Not applicable""}, {""value"": ""-1.0"", ""label"": ""Don't know""}, {""value"": ""0.0"", ""label"": ""Not mentioned""}, {""value"": ""1.0"", ""label"": ""Mentioned""}]"
839,W4Ydisa1YP0e,YP: Why YP felt they were treated differently to other pupils : Because I am loud/talk too much,numeric,NOMINAL,-999.0 thru -1.0,"[{""value"": ""-99.0"", ""label"": ""YP not interviewed""}, {""value"": ""-97.0"", ""label"": ""YP refused self completion""}, {""value"": ""-96.0"", ""label"": ""YP using interpreter""}, {""value"": ""-92.0"", ""label"": ""Refused""}, {""value"": ""-91.0"", ""label"": ""Not applicable""}, {""value"": ""-1.0"", ""label"": ""Don't know""}, {""value"": ""0.0"", ""label"": ""Not mentioned""}, {""value"": ""1.0"", ""label"": ""Mentioned""}]"
840,W4Ydisa1YP0f,YP: Why YP felt they were treated differently to other pupils : Because of my appearance,numeric,NOMINAL,-999.0 thru -1.0,"[{""value"": ""-99.0"", ""label"": ""YP not interviewed""}, {""value"": ""-97.0"", ""label"": ""YP refused self completion""}, {""value"": ""-96.0"", ""label"": ""YP using interpreter""}, {""value"": ""-92.0"", ""label"": ""Refused""}, {""value"": ""-91.0"", ""label"": ""Not applicable""}, {""value"": ""-1.0"", ""label"": ""Don't know""}, {""value"": ""0.0"", ""label"": ""Not mentioned""}, {""value"": ""1.0"", ""label"": ""Mentioned""}]"
841,W4Ydisa1YP0g,YP: Why YP felt they were treated differently to other pupils : Because I am quiet/shy,numeric,NOMINAL,-999.0 thru -1.0,"[{""value"": ""-99.0"", ""label"": ""YP not interviewed""}, {""value"": ""-97.0"", ""label"": ""YP refused self completion""}, {""value"": ""-96.0"", ""label"": ""YP using interpreter""}, {""value"": ""-92.0"", ""label"": ""Refused""}, {""value"": ""-91.0"", ""label"": ""Not applicable""}, {""value"": ""-1.0"", ""label"": ""Don't know""}, {""value"": ""0.0"", ""label"": ""Not mentioned""}, {""value"": ""1.0"", ""label"": ""Mentioned""}]"
842,W4Ydisa1YP0h,YP: Why YP felt they were treated differently to other pupils : Because the teachers don't like me,numeric,NOMINAL,-999.0 thru -1.0,"[{""value"": ""-99.0"", ""label"": ""YP not interviewed""}, {""value"": ""-97.0"", ""label"": ""YP refused self completion""}, {""value"": ""-96.0"", ""label"": ""YP using interpreter""}, {""value"": ""-92.0"", ""label"": ""Refused""}, {""value"": ""-91.0"", ""label"": ""Not applicable""}, {""value"": ""-1.0"", ""label"": ""Don't know""}, {""value"": ""0.0"", ""label"": ""Not mentioned""}, {""value"": ""1.0"", ""label"": ""Mentioned""}]"
843,W4Ydisa1YP0i,YP: Why YP felt they were treated differently to other pupils : Because of my past record/reputation,numeric,NOMINAL,-999.0 thru -1.0,"[{""value"": ""-99.0"", ""label"": ""YP not interviewed""}, {""value"": ""-97.0"", ""label"": ""YP refused self completion""}, {""value"": ""-96.0"", ""label"": ""YP using interpreter""}, {""value"": ""-92.0"", ""label"": ""Refused""}, {""value"": ""-91.0"", ""label"": ""Not applicable""}, {""value"": ""-1.0"", ""label"": ""Don't know""}, {""value"": ""0.0"", ""label"": ""Not mentioned""}, {""value"": ""1.0"", ""label"": ""Mentioned""}]"
844,W4Ydisa1YP0j,YP: Why YP felt they were treated differently to other pupils : Because they are sexist/because I'm a boy/girl,numeric,NOMINAL,-999.0 thru -1.0,"[{""value"": ""-99.0"", ""label"": ""YP not interviewed""}, {""value"": ""-97.0"", ""label"": ""YP refused self completion""}, {""value"": ""-96.0"", ""label"": ""YP using interpreter""}, {""value"": ""-92.0"", ""label"": ""Refused""}, {""value"": ""-91.0"", ""label"": ""Not applicable""}, {""value"": ""-1.0"", ""label"": ""Don't know""}, {""value"": ""0.0"", ""label"": ""Not mentioned""}, {""value"": ""1.0"", ""label"": ""Mentioned""}]"
845,W4Ydisa1YP0k,YP: Why YP felt they were treated differently to other pupils : Because of my friends,numeric,NOMINAL,-999.0 thru -1.0,"[{""value"": ""-99.0"", ""label"": ""YP not interviewed""}, {""value"": ""-97.0"", ""label"": ""YP refused self completion""}, {""value"": ""-96.0"", ""label"": ""YP using interpreter""}, {""value"": ""-92.0"", ""label"": ""Refused""}, {""value"": ""-91.0"", ""label"": ""Not applicable""}, {""value"": ""-1.0"", ""label"": ""Don't know""}, {""value"": ""0.0"", ""label"": ""Not mentioned""}, {""value"": ""1.0"", ""label"": ""Mentioned""}]"
846,W4Ydisa1YP0l,YP: Why YP felt they were treated differently to other pupils : Because of my religion,numeric,NOMINAL,-999.0 thru -1.0,"[{""value"": ""-99.0"", ""label"": ""YP not interviewed""}, {""value"": ""-97.0"", ""label"": ""YP refused self completion""}, {""value"": ""-96.0"", ""label"": ""YP using interpreter""}, {""value"": ""-92.0"", ""label"": ""Refused""}, {""value"": ""-91.0"", ""label"": ""Not applicable""}, {""value"": ""-1.0"", ""label"": ""Don't know""}, {""value"": ""0.0"", ""label"": ""Not mentioned""}, {""value"": ""1.0"", ""label"": ""Mentioned""}]"
847,W4Ydisa1YP0m,YP: Why YP felt they were treated differently to other pupils : Pay more attention to the smarter pupils,numeric,NOMINAL,-999.0 thru -1.0,"[{""value"": ""-99.0"", ""label"": ""YP not interviewed""}, {""value"": ""-97.0"", ""label"": ""YP refused self completion""}, {""value"": ""-96.0"", ""label"": ""YP using interpreter""}, {""value"": ""-92.0"", ""label"": ""Refused""}, {""value"": ""-91.0"", ""label"": ""Not applicable""}, {""value"": ""-1.0"", ""label"": ""Don't know""}, {""value"": ""0.0"", ""label"": ""Not mentioned""}, {""value"": ""1.0"", ""label"": ""Mentioned""}]"
848,W4Ydisa1YP0n,YP: Why YP felt they were treated differently to other pupils : Other,numeric,NOMINAL,-999.0 thru -1.0,"[{""value"": ""-99.0"", ""label"": ""YP not interviewed""}, {""value"": ""-97.0"", ""label"": ""YP refused self completion""}, {""value"": ""-96.0"", ""label"": ""YP using interpreter""}, {""value"": ""-92.0"", ""label"": ""Refused""}, {""value"": ""-91.0"", ""label"": ""Not applicable""}, {""value"": ""-1.0"", ""label"": ""Don't know""}, {""value"": ""0.0"", ""label"": ""Not mentioned""}, {""value"": ""1.0"", ""label"": ""Mentioned""}]"
849,W4Ydisa1YP0o,YP: Why YP felt they were treated differently to other pupils : Don't know,numeric,NOMINAL,-999.0 thru -1.0,"[{""value"": ""-99.0"", ""label"": ""YP not interviewed""}, {""value"": ""-97.0"", ""label"": ""YP refused self completion""}, {""value"": ""-96.0"", ""label"": ""YP using interpreter""}, {""value"": ""-92.0"", ""label"": ""Refused""}, {""value"": ""-91.0"", ""label"": ""Not applicable""}, {""value"": ""-1.0"", ""label"": ""Don't know""}, {""value"": ""0.0"", ""label"": ""Not mentioned""}, {""value"": ""1.0"", ""label"": ""Mentioned""}]"
850,W4Ydisa1YP0q,YP: Why YP felt they were treated differently to other pupils : No answer,numeric,NOMINAL,-999.0 thru -1.0,"[{""value"": ""-99.0"", ""label"": ""YP not interviewed""}, {""value"": ""-97.0"", ""label"": ""YP refused self completion""}, {""value"": ""-96.0"", ""label"": ""YP using interpreter""}, {""value"": ""-92.0"", ""label"": ""Refused""}, {""value"": ""-91.0"", ""label"": ""Not applicable""}, {""value"": ""-1.0"", ""label"": ""Don't know""}, {""value"": ""0.0"", ""label"": ""Not mentioned""}, {""value"": ""1.0"", ""label"": ""Mentioned""}]"
851,W4Ydisa1YP0p,YP: Why YP felt they were treated differently to other pupils : Refusal,numeric,NOMINAL,-999.0 thru -1.0,"[{""value"": ""-99.0"", ""label"": ""YP not interviewed""}, {""value"": ""-97.0"", ""label"": ""YP refused self completion""}, {""value"": ""-96.0"", ""label"": ""YP using interpreter""}, {""value"": ""-92.0"", ""label"": ""Refused""}, {""value"": ""-91.0"", ""label"": ""Not applicable""}, {""value"": ""-1.0"", ""label"": ""Don't know""}, {""value"": ""0.0"", ""label"": ""Not mentioned""}, {""value"": ""1.0"", ""label"": ""Mentioned""}]"
852,W4Ydisa2YP0a,YP: Why YP felt they were treated differently to other pupils : Because I misbehave/I am naughty/I break rules,numeric,NOMINAL,-999.0 thru -1.0,"[{""value"": ""-99.0"", ""label"": ""YP not interviewed""}, {""value"": ""-97.0"", ""label"": ""YP refused self completion""}, {""value"": ""-96.0"", ""label"": ""YP using interpreter""}, {""value"": ""-92.0"", ""label"": ""Refused""}, {""value"": ""-91.0"", ""label"": ""Not applicable""}, {""value"": ""-1.0"", ""label"": ""Don't know""}, {""value"": ""0.0"", ""label"": ""Not mentioned""}, {""value"": ""1.0"", ""label"": ""Mentioned""}]"
853,W4Ydisa2YP0b,YP: Why YP felt they were treated differently to other pupils : Teachers can be racist towards me,numeric,NOMINAL,-999.0 thru -1.0,"[{""value"": ""-99.0"", ""label"": ""YP not interviewed""}, {""value"": ""-97.0"", ""label"": ""YP refused self completion""}, {""value"": ""-96.0"", ""label"": ""YP using interpreter""}, {""value"": ""-92.0"", ""label"": ""Refused""}, {""value"": ""-91.0"", ""label"": ""Not applicable""}, {""value"": ""-1.0"", ""label"": ""Don't know""}, {""value"": ""0.0"", ""label"": ""Not mentioned""}, {""value"": ""1.0"", ""label"": ""Mentioned""}]"
854,W4Ydisa2YP0c,YP: Why YP felt they were treated differently to other pupils : Because I am usually well behaved/rarely break the rules,numeric,NOMINAL,-999.0 thru -1.0,"[{""value"": ""-99.0"", ""label"": ""YP not interviewed""}, {""value"": ""-97.0"", ""label"": ""YP refused self completion""}, {""value"": ""-96.0"", ""label"": ""YP using interpreter""}, {""value"": ""-92.0"", ""label"": ""Refused""}, {""value"": ""-91.0"", ""label"": ""Not applicable""}, {""value"": ""-1.0"", ""label"": ""Don't know""}, {""value"": ""0.0"", ""label"": ""Not mentioned""}, {""value"": ""1.0"", ""label"": ""Mentioned""}]"
855,W4Ydisa2YP0d,YP: Why YP felt they were treated differently to other pupils : Because I usually get good grades/am intelligent/work hard,numeric,NOMINAL,-999.0 thru -1.0,"[{""value"": ""-99.0"", ""label"": ""YP not interviewed""}, {""value"": ""-97.0"", ""label"": ""YP refused self completion""}, {""value"": ""-96.0"", ""label"": ""YP using interpreter""}, {""value"": ""-92.0"", ""label"": ""Refused""}, {""value"": ""-91.0"", ""label"": ""Not applicable""}, {""value"": ""-1.0"", ""label"": ""Don't know""}, {""value"": ""0.0"", ""label"": ""Not mentioned""}, {""value"": ""1.0"", ""label"": ""Mentioned""}]"
856,W4Ydisa2YP0e,YP: Why YP felt they were treated differently to other pupils : Because I am loud/talk too much,numeric,NOMINAL,-999.0 thru -1.0,"[{""value"": ""-99.0"", ""label"": ""YP not interviewed""}, {""value"": ""-97.0"", ""label"": ""YP refused self completion""}, {""value"": ""-96.0"", ""label"": ""YP using interpreter""}, {""value"": ""-92.0"", ""label"": ""Refused""}, {""value"": ""-91.0"", ""label"": ""Not applicable""}, {""value"": ""-1.0"", ""label"": ""Don't know""}, {""value"": ""0.0"", ""label"": ""Not mentioned""}, {""value"": ""1.0"", ""label"": ""Mentioned""}]"
857,W4Ydisa2YP0f,YP: Why YP felt they were treated differently to other pupils : Because of my appearance,numeric,NOMINAL,-999.0 thru -1.0,"[{""value"": ""-99.0"", ""label"": ""YP not interviewed""}, {""value"": ""-97.0"", ""label"": ""YP refused self completion""}, {""value"": ""-96.0"", ""label"": ""YP using interpreter""}, {""value"": ""-92.0"", ""label"": ""Refused""}, {""value"": ""-91.0"", ""label"": ""Not applicable""}, {""value"": ""-1.0"", ""label"": ""Don't know""}, {""value"": ""0.0"", ""label"": ""Not mentioned""}, {""value"": ""1.0"", ""label"": ""Mentioned""}]"
858,W4Ydisa2YP0g,YP: Why YP felt they were treated differently to other pupils : Because I am quiet/shy,numeric,NOMINAL,-999.0 thru -1.0,"[{""value"": ""-99.0"", ""label"": ""YP not interviewed""}, {""value"": ""-97.0"", ""label"": ""YP refused self completion""}, {""value"": ""-96.0"", ""label"": ""YP using interpreter""}, {""value"": ""-92.0"", ""label"": ""Refused""}, {""value"": ""-91.0"", ""label"": ""Not applicable""}, {""value"": ""-1.0"", ""label"": ""Don't know""}, {""value"": ""0.0"", ""label"": ""Not mentioned""}, {""value"": ""1.0"", ""label"": ""Mentioned""}]"
859,W4Ydisa2YP0h,YP: Why YP felt they were treated differently to other pupils : Because the teachers don't like me,numeric,NOMINAL,-999.0 thru -1.0,"[{""value"": ""-99.0"", ""label"": ""YP not interviewed""}, {""value"": ""-97.0"", ""label"": ""YP refused self completion""}, {""value"": ""-96.0"", ""label"": ""YP using interpreter""}, {""value"": ""-92.0"", ""label"": ""Refused""}, {""value"": ""-91.0"", ""label"": ""Not applicable""}, {""value"": ""-1.0"", ""label"": ""Don't know""}, {""value"": ""0.0"", ""label"": ""Not mentioned""}, {""value"": ""1.0"", ""label"": ""Mentioned""}]"
860,W4Ydisa2YP0i,YP: Why YP felt they were treated differently to other pupils : Because of my past record/reputation,numeric,NOMINAL,-999.0 thru -1.0,"[{""value"": ""-99.0"", ""label"": ""YP not interviewed""}, {""value"": ""-97.0"", ""label"": ""YP refused self completion""}, {""value"": ""-96.0"", ""label"": ""YP using interpreter""}, {""value"": ""-92.0"", ""label"": ""Refused""}, {""value"": ""-91.0"", ""label"": ""Not applicable""}, {""value"": ""-1.0"", ""label"": ""Don't know""}, {""value"": ""0.0"", ""label"": ""Not mentioned""}, {""value"": ""1.0"", ""label"": ""Mentioned""}]"
861,W4Ydisa2YP0j,YP: Why YP felt they were treated differently to other pupils : Because they are sexist/because I'm a boy/girl,numeric,NOMINAL,-999.0 thru -1.0,"[{""value"": ""-99.0"", ""label"": ""YP not interviewed""}, {""value"": ""-97.0"", ""label"": ""YP refused self completion""}, {""value"": ""-96.0"", ""label"": ""YP using interpreter""}, {""value"": ""-92.0"", ""label"": ""Refused""}, {""value"": ""-91.0"", ""label"": ""Not applicable""}, {""value"": ""-1.0"", ""label"": ""Don't know""}, {""value"": ""0.0"", ""label"": ""Not mentioned""}, {""value"": ""1.0"", ""label"": ""Mentioned""}]"
862,W4Ydisa2YP0k,YP: Why YP felt they were treated differently to other pupils : Because of my friends,numeric,NOMINAL,-999.0 thru -1.0,"[{""value"": ""-99.0"", ""label"": ""YP not interviewed""}, {""value"": ""-97.0"", ""label"": ""YP refused self completion""}, {""value"": ""-96.0"", ""label"": ""YP using interpreter""}, {""value"": ""-92.0"", ""label"": ""Refused""}, {""value"": ""-91.0"", ""label"": ""Not applicable""}, {""value"": ""-1.0"", ""label"": ""Don't know""}, {""value"": ""0.0"", ""label"": ""Not mentioned""}, {""value"": ""1.0"", ""label"": ""Mentioned""}]"
863,W4Ydisa2YP0l,YP: Why YP felt they were treated differently to other pupils : Because of my religion,numeric,NOMINAL,-999.0 thru -1.0,"[{""value"": ""-99.0"", ""label"": ""YP not interviewed""}, {""value"": ""-97.0"", ""label"": ""YP refused self completion""}, {""value"": ""-96.0"", ""label"": ""YP using interpreter""}, {""value"": ""-92.0"", ""label"": ""Refused""}, {""value"": ""-91.0"", ""label"": ""Not applicable""}, {""value"": ""-1.0"", ""label"": ""Don't know""}, {""value"": ""0.0"", ""label"": ""Not mentioned""}, {""value"": ""1.0"", ""label"": ""Mentioned""}]"
864,W4Ydisa2YP0m,YP: Why YP felt they were treated differently to other pupils : Pay more attention to the smarter pupils,numeric,NOMINAL,-999.0 thru -1.0,"[{""value"": ""-99.0"", ""label"": ""YP not interviewed""}, {""value"": ""-97.0"", ""label"": ""YP refused self completion""}, {""value"": ""-96.0"", ""label"": ""YP using interpreter""}, {""value"": ""-92.0"", ""label"": ""Refused""}, {""value"": ""-91.0"", ""label"": ""Not applicable""}, {""value"": ""-1.0"", ""label"": ""Don't know""}, {""value"": ""0.0"", ""label"": ""Not mentioned""}, {""value"": ""1.0"", ""label"": ""Mentioned""}]"
865,W4Ydisa2YP0n,YP: Why YP felt they were treated differently to other pupils : Other,numeric,NOMINAL,-999.0 thru -1.0,"[{""value"": ""-99.0"", ""label"": ""YP not interviewed""}, {""value"": ""-97.0"", ""label"": ""YP refused self completion""}, {""value"": ""-96.0"", ""label"": ""YP using interpreter""}, {""value"": ""-92.0"", ""label"": ""Refused""}, {""value"": ""-91.0"", ""label"": ""Not applicable""}, {""value"": ""-1.0"", ""label"": ""Don't know""}, {""value"": ""0.0"", ""label"": ""Not mentioned""}, {""value"": ""1.0"", ""label"": ""Mentioned""}]"
866,W4Ydisa2YP0o,YP: Why YP felt they were treated differently to other pupils : Don't know,numeric,NOMINAL,-999.0 thru -1.0,"[{""value"": ""-99.0"", ""label"": ""YP not interviewed""}, {""value"": ""-97.0"", ""label"": ""YP refused self completion""}, {""value"": ""-96.0"", ""label"": ""YP using interpreter""}, {""value"": ""-92.0"", ""label"": ""Refused""}, {""value"": ""-91.0"", ""label"": ""Not applicable""}, {""value"": ""-1.0"", ""label"": ""Don't know""}, {""value"": ""0.0"", ""label"": ""Not mentioned""}, {""value"": ""1.0"", ""label"": ""Mentioned""}]"
867,W4Ydisa2YP0q,YP: Why YP felt they were treated differently to other pupils : No answer,numeric,NOMINAL,-999.0 thru -1.0,"[{""value"": ""-99.0"", ""label"": ""YP not interviewed""}, {""value"": ""-97.0"", ""label"": ""YP refused self completion""}, {""value"": ""-96.0"", ""label"": ""YP using interpreter""}, {""value"": ""-92.0"", ""label"": ""Refused""}, {""value"": ""-91.0"", ""label"": ""Not applicable""}, {""value"": ""-1.0"", ""label"": ""Don't know""}, {""value"": ""0.0"", ""label"": ""Not mentioned""}, {""value"": ""1.0"", ""label"": ""Mentioned""}]"
868,W4Ydisa2YP0p,YP: Why YP felt they were treated differently to other pupils : Refusal,numeric,NOMINAL,-999.0 thru -1.0,"[{""value"": ""-99.0"", ""label"": ""YP not interviewed""}, {""value"": ""-97.0"", ""label"": ""YP refused self completion""}, {""value"": ""-96.0"", ""label"": ""YP using interpreter""}, {""value"": ""-92.0"", ""label"": ""Refused""}, {""value"": ""-91.0"", ""label"": ""Not applicable""}, {""value"": ""-1.0"", ""label"": ""Don't know""}, {""value"": ""0.0"", ""label"": ""Not mentioned""}, {""value"": ""1.0"", ""label"": ""Mentioned""}]"
869,W4Disc1YP,YP: Whether YP thinks ever been treated unfairly by teachers because of skin colour or ethnic origin,numeric,NOMINAL,-999.0 thru -1.0,"[{""value"": ""-99.0"", ""label"": ""YP not interviewed""}, {""value"": ""-97.0"", ""label"": ""YP refused self completion""}, {""value"": ""-96.0"", ""label"": ""YP using interpreter""}, {""value"": ""-92.0"", ""label"": ""Refused""}, {""value"": ""-91.0"", ""label"": ""Not applicable""}, {""value"": ""-1.0"", ""label"": ""Don't know""}, {""value"": ""1.0"", ""label"": ""Yes""}, {""value"": ""2.0"", ""label"": ""No""}]"
870,W4Disc1aYP,YP: Whether YP thinks ever been treated unfairly by teachers because of religion,numeric,NOMINAL,-999.0 thru -1.0,"[{""value"": ""-99.0"", ""label"": ""YP not interviewed""}, {""value"": ""-97.0"", ""label"": ""YP refused self completion""}, {""value"": ""-96.0"", ""label"": ""YP using interpreter""}, {""value"": ""-92.0"", ""label"": ""Refused""}, {""value"": ""-91.0"", ""label"": ""Not applicable""}, {""value"": ""-1.0"", ""label"": ""Don't know""}, {""value"": ""1.0"", ""label"": ""Yes""}, {""value"": ""2.0"", ""label"": ""No""}]"
871,W4Disc2YP,YP: Whether YP thinks skin colour/ethnic origin/religion made/will make it more difficult to get on in education,numeric,NOMINAL,-999.0 thru -1.0,"[{""value"": ""-99.0"", ""label"": ""YP not interviewed""}, {""value"": ""-97.0"", ""label"": ""YP refused self completion""}, {""value"": ""-96.0"", ""label"": ""YP using interpreter""}, {""value"": ""-92.0"", ""label"": ""Refused""}, {""value"": ""-91.0"", ""label"": ""Not applicable""}, {""value"": ""-1.0"", ""label"": ""Don't know""}, {""value"": ""1.0"", ""label"": ""Yes""}, {""value"": ""2.0"", ""label"": ""No""}]"
872,W4Disc2aYP,"YP: How much more difficult YP thinks religion, ethnic origin or skin colour made/will make it to get on in education",numeric,NOMINAL,-999.0 thru -1.0,"[{""value"": ""-99.0"", ""label"": ""YP not interviewed""}, {""value"": ""-97.0"", ""label"": ""YP refused self completion""}, {""value"": ""-96.0"", ""label"": ""YP using interpreter""}, {""value"": ""-92.0"", ""label"": ""Refused""}, {""value"": ""-91.0"", ""label"": ""Not applicable""}, {""value"": ""-1.0"", ""label"": ""Don't know""}, {""value"": ""1.0"", ""label"": ""A lot more difficult""}, {""value"": ""2.0"", ""label"": ""A little more difficult""}]"
873,W4Disc3YP,YP: Whether YP thinks skin colour/ethnic origin/religion made/will make getting a job more difficult,numeric,NOMINAL,-999.0 thru -1.0,"[{""value"": ""-99.0"", ""label"": ""YP not interviewed""}, {""value"": ""-97.0"", ""label"": ""YP refused self completion""}, {""value"": ""-96.0"", ""label"": ""YP using interpreter""}, {""value"": ""-92.0"", ""label"": ""Refused""}, {""value"": ""-91.0"", ""label"": ""Not applicable""}, {""value"": ""-1.0"", ""label"": ""Don't know""}, {""value"": ""1.0"", ""label"": ""Yes""}, {""value"": ""2.0"", ""label"": ""No""}]"
874,W4Disc3aYP,"YP: How much more difficult YP thinks religion, ethnic origin or skin colour made/will make it to get a job",numeric,NOMINAL,-999.0 thru -1.0,"[{""value"": ""-99.0"", ""label"": ""YP not interviewed""}, {""value"": ""-97.0"", ""label"": ""YP refused self completion""}, {""value"": ""-96.0"", ""label"": ""YP using interpreter""}, {""value"": ""-92.0"", ""label"": ""Refused""}, {""value"": ""-91.0"", ""label"": ""Not applicable""}, {""value"": ""-1.0"", ""label"": ""Don't know""}, {""value"": ""1.0"", ""label"": ""A lot more difficult""}, {""value"": ""2.0"", ""label"": ""Or only a little more difficult for you to get a job?""}]"
875,W4HE1YP0a,YP: Whether YP agrees with statement : I don't need to have a university degree to get the kind of job I want to,numeric,ORDINAL,-999.0 thru -1.0,"[{""value"": ""-99.0"", ""label"": ""YP not interviewed""}, {""value"": ""-97.0"", ""label"": ""YP refused self completion""}, {""value"": ""-96.0"", ""label"": ""YP using interpreter""}, {""value"": ""-92.0"", ""label"": ""Refused""}, {""value"": ""-91.0"", ""label"": ""Not applicable""}, {""value"": ""-1.0"", ""label"": ""Don't know""}, {""value"": ""1.0"", ""label"": ""Strongly agree""}, {""value"": ""2.0"", ""label"": ""Agree""}, {""value"": ""3.0"", ""label"": ""Disagree""}, {""value"": ""4.0"", ""label"": ""Strongly disagree""}]"
876,W4HE1YP0b,YP: Whether YP agrees with statement : I need to have a university degree to get the kind of job I want to,numeric,ORDINAL,-999.0 thru -1.0,"[{""value"": ""-99.0"", ""label"": ""YP not interviewed""}, {""value"": ""-97.0"", ""label"": ""YP refused self completion""}, {""value"": ""-96.0"", ""label"": ""YP using interpreter""}, {""value"": ""-92.0"", ""label"": ""Refused""}, {""value"": ""-91.0"", ""label"": ""Not applicable""}, {""value"": ""-1.0"", ""label"": ""Don't know""}, {""value"": ""1.0"", ""label"": ""Strongly agree""}, {""value"": ""2.0"", ""label"": ""Agree""}, {""value"": ""3.0"", ""label"": ""Disagree""}, {""value"": ""4.0"", ""label"": ""Strongly disagree""}]"
877,W4HE2YP,YP: Whether YP agrees with statement : The best jobs go to people who have been to university,numeric,ORDINAL,-999.0 thru -1.0,"[{""value"": ""-99.0"", ""label"": ""YP not interviewed""}, {""value"": ""-97.0"", ""label"": ""YP refused self completion""}, {""value"": ""-96.0"", ""label"": ""YP using interpreter""}, {""value"": ""-92.0"", ""label"": ""Refused""}, {""value"": ""-91.0"", ""label"": ""Not applicable""}, {""value"": ""-1.0"", ""label"": ""Don't know""}, {""value"": ""1.0"", ""label"": ""Strongly agree""}, {""value"": ""2.0"", ""label"": ""Agree""}, {""value"": ""3.0"", ""label"": ""Disagree""}, {""value"": ""4.0"", ""label"": ""Strongly disagree""}]"
878,W4HE4YP,YP: Whether YP agrees with statement : Most of my friends are planning to go to university,numeric,ORDINAL,-999.0 thru -1.0,"[{""value"": ""-99.0"", ""label"": ""YP not interviewed""}, {""value"": ""-97.0"", ""label"": ""YP refused self completion""}, {""value"": ""-96.0"", ""label"": ""YP using interpreter""}, {""value"": ""-92.0"", ""label"": ""Refused""}, {""value"": ""-91.0"", ""label"": ""Not applicable""}, {""value"": ""-1.0"", ""label"": ""Don't know""}, {""value"": ""1.0"", ""label"": ""Strongly agree""}, {""value"": ""2.0"", ""label"": ""Agree""}, {""value"": ""3.0"", ""label"": ""Disagree""}, {""value"": ""4.0"", ""label"": ""Strongly disagree""}]"
879,W4HE6YP,YP: Whether YP agrees with statement : People like me don't go to university,numeric,ORDINAL,-999.0 thru -1.0,"[{""value"": ""-99.0"", ""label"": ""YP not interviewed""}, {""value"": ""-97.0"", ""label"": ""YP refused self completion""}, {""value"": ""-96.0"", ""label"": ""YP using interpreter""}, {""value"": ""-92.0"", ""label"": ""Refused""}, {""value"": ""-91.0"", ""label"": ""Not applicable""}, {""value"": ""-1.0"", ""label"": ""Don't know""}, {""value"": ""1.0"", ""label"": ""Strongly agree""}, {""value"": ""2.0"", ""label"": ""Agree""}, {""value"": ""3.0"", ""label"": ""Disagree""}, {""value"": ""4.0"", ""label"": ""Strongly disagree""}]"
880,W4TruantYP,YP: Whether YP played truant in Year 11,numeric,NOMINAL,-999.0 thru -1.0,"[{""value"": ""-99.0"", ""label"": ""YP not interviewed""}, {""value"": ""-97.0"", ""label"": ""YP refused self completion""}, {""value"": ""-96.0"", ""label"": ""YP using interpreter""}, {""value"": ""-92.0"", ""label"": ""Refused""}, {""value"": ""-91.0"", ""label"": ""Not applicable""}, {""value"": ""-1.0"", ""label"": ""Don't know""}, {""value"": ""1.0"", ""label"": ""I played truant for weeks at a time""}, {""value"": ""2.0"", ""label"": ""I played truant for several days at a time""}, {""value"": ""3.0"", ""label"": ""I played truant for particular days or lessons""}, {""value"": ""4.0"", ""label"": ""I played truant for the odd day or lesson""}, {""value"": ""5.0"", ""label"": ""I never played truant""}]"
881,W4ExcludeYP,YP: Whether YP excluded from school during Year 10 or 11,numeric,NOMINAL,-999.0 thru -1.0,"[{""value"": ""-99.0"", ""label"": ""YP not interviewed""}, {""value"": ""-97.0"", ""label"": ""YP refused self completion""}, {""value"": ""-96.0"", ""label"": ""YP using interpreter""}, {""value"": ""-92.0"", ""label"": ""Refused""}, {""value"": ""-91.0"", ""label"": ""Not applicable""}, {""value"": ""-1.0"", ""label"": ""Don't know""}, {""value"": ""1.0"", ""label"": ""Yes""}, {""value"": ""2.0"", ""label"": ""No""}]"
882,W4Expel1YP,YP: Whether YP expelled from a school,numeric,NOMINAL,-999.0 thru -1.0,"[{""value"": ""-99.0"", ""label"": ""YP not interviewed""}, {""value"": ""-97.0"", ""label"": ""YP refused self completion""}, {""value"": ""-96.0"", ""label"": ""YP using interpreter""}, {""value"": ""-92.0"", ""label"": ""Refused""}, {""value"": ""-91.0"", ""label"": ""Not applicable""}, {""value"": ""-1.0"", ""label"": ""Don't know""}, {""value"": ""1.0"", ""label"": ""Yes""}, {""value"": ""2.0"", ""label"": ""No""}]"
883,W4Expel2YP,YP: Whether YP was suspended from school,numeric,NOMINAL,-999.0 thru -1.0,"[{""value"": ""-99.0"", ""label"": ""YP not interviewed""}, {""value"": ""-97.0"", ""label"": ""YP refused self completion""}, {""value"": ""-96.0"", ""label"": ""YP using interpreter""}, {""value"": ""-92.0"", ""label"": ""Refused""}, {""value"": ""-91.0"", ""label"": ""Not applicable""}, {""value"": ""-1.0"", ""label"": ""Don't know""}, {""value"": ""1.0"", ""label"": ""Yes""}, {""value"": ""2.0"", ""label"": ""No""}]"
884,W4AlcEverYP,YP: Whether YP ever had proper alcoholic drink,numeric,NOMINAL,-999.0 thru -1.0,"[{""value"": ""-99.0"", ""label"": ""YP not interviewed""}, {""value"": ""-97.0"", ""label"": ""YP refused self completion""}, {""value"": ""-96.0"", ""label"": ""YP using interpreter""}, {""value"": ""-92.0"", ""label"": ""Refused""}, {""value"": ""-91.0"", ""label"": ""Not applicable""}, {""value"": ""-1.0"", ""label"": ""Don't know""}, {""value"": ""1.0"", ""label"": ""Yes""}, {""value"": ""2.0"", ""label"": ""No""}]"
885,W4AlcFreqYP,YP: Frequency of YP having alcoholic drink in last 12 months,numeric,ORDINAL,-999.0 thru -1.0,"[{""value"": ""-99.0"", ""label"": ""YP not interviewed""}, {""value"": ""-97.0"", ""label"": ""YP refused self completion""}, {""value"": ""-96.0"", ""label"": ""YP using interpreter""}, {""value"": ""-92.0"", ""label"": ""Refused""}, {""value"": ""-91.0"", ""label"": ""Not applicable""}, {""value"": ""-1.0"", ""label"": ""Don't know""}, {""value"": ""1.0"", ""label"": ""Most days""}, {""value"": ""2.0"", ""label"": ""Once or twice a week""}, {""value"": ""3.0"", ""label"": ""2 or 3 times a month""}, {""value"": ""4.0"", ""label"": ""Once a month""}, {""value"": ""5.0"", ""label"": ""Once every couple of months or""}, {""value"": ""6.0"", ""label"": ""Less often?""}]"
886,W4CannTryYP,YP: Whether YP ever tried Cannabis,numeric,NOMINAL,-999.0 thru -1.0,"[{""value"": ""-99.0"", ""label"": ""YP not interviewed""}, {""value"": ""-97.0"", ""label"": ""YP refused self completion""}, {""value"": ""-96.0"", ""label"": ""YP using interpreter""}, {""value"": ""-92.0"", ""label"": ""Refused""}, {""value"": ""-91.0"", ""label"": ""Not applicable""}, {""value"": ""-1.0"", ""label"": ""Don't know""}, {""value"": ""1.0"", ""label"": ""Yes""}, {""value"": ""2.0"", ""label"": ""No""}]"
887,W4PubberYP,YP: How often YP goes to pubs/bars,numeric,ORDINAL,-999.0 thru -1.0,"[{""value"": ""-99.0"", ""label"": ""YP not interviewed""}, {""value"": ""-97.0"", ""label"": ""YP refused self completion""}, {""value"": ""-96.0"", ""label"": ""YP using interpreter""}, {""value"": ""-92.0"", ""label"": ""Refused""}, {""value"": ""-91.0"", ""label"": ""Not applicable""}, {""value"": ""-1.0"", ""label"": ""Don't know""}, {""value"": ""1.0"", ""label"": ""Most days""}, {""value"": ""2.0"", ""label"": ""More than once a week""}, {""value"": ""3.0"", ""label"": ""Once a week""}, {""value"": ""4.0"", ""label"": ""Less than once a week""}, {""value"": ""5.0"", ""label"": ""Hardly ever""}, {""value"": ""6.0"", ""label"": ""Never""}]"
888,W4ClubberYP,YP: How often YP goes to nightclubs,numeric,ORDINAL,-999.0 thru -1.0,"[{""value"": ""-99.0"", ""label"": ""YP not interviewed""}, {""value"": ""-97.0"", ""label"": ""YP refused self completion""}, {""value"": ""-96.0"", ""label"": ""YP using interpreter""}, {""value"": ""-92.0"", ""label"": ""Refused""}, {""value"": ""-91.0"", ""label"": ""Not applicable""}, {""value"": ""-1.0"", ""label"": ""Don't know""}, {""value"": ""1.0"", ""label"": ""Most days""}, {""value"": ""2.0"", ""label"": ""More than once a week""}, {""value"": ""3.0"", ""label"": ""Once a week""}, {""value"": ""4.0"", ""label"": ""Less than once a week""}, {""value"": ""5.0"", ""label"": ""Hardly ever""}, {""value"": ""6.0"", ""label"": ""Never""}]"
889,W4SprayYP,YP: Whether YP graffittied on walls in last 12 months,numeric,NOMINAL,-999.0 thru -1.0,"[{""value"": ""-99.0"", ""label"": ""YP not interviewed""}, {""value"": ""-97.0"", ""label"": ""YP refused self completion""}, {""value"": ""-96.0"", ""label"": ""YP using interpreter""}, {""value"": ""-92.0"", ""label"": ""Refused""}, {""value"": ""-91.0"", ""label"": ""Not applicable""}, {""value"": ""-1.0"", ""label"": ""Don't know""}, {""value"": ""1.0"", ""label"": ""Yes""}, {""value"": ""2.0"", ""label"": ""No""}]"
890,W4SmashYP,YP: Whether YP vandalised public property in last 12 months,numeric,NOMINAL,-999.0 thru -1.0,"[{""value"": ""-99.0"", ""label"": ""YP not interviewed""}, {""value"": ""-97.0"", ""label"": ""YP refused self completion""}, {""value"": ""-96.0"", ""label"": ""YP using interpreter""}, {""value"": ""-92.0"", ""label"": ""Refused""}, {""value"": ""-91.0"", ""label"": ""Not applicable""}, {""value"": ""-1.0"", ""label"": ""Don't know""}, {""value"": ""1.0"", ""label"": ""Yes""}, {""value"": ""2.0"", ""label"": ""No""}]"
891,W4ShopYP,YP: Whether YP shoplifted in last 12 months,numeric,NOMINAL,-999.0 thru -1.0,"[{""value"": ""-99.0"", ""label"": ""YP not interviewed""}, {""value"": ""-97.0"", ""label"": ""YP refused self completion""}, {""value"": ""-96.0"", ""label"": ""YP using interpreter""}, {""value"": ""-92.0"", ""label"": ""Refused""}, {""value"": ""-91.0"", ""label"": ""Not applicable""}, {""value"": ""-1.0"", ""label"": ""Don't know""}, {""value"": ""1.0"", ""label"": ""Yes""}, {""value"": ""2.0"", ""label"": ""No""}]"
892,W4Spares1YP,YP: Whether YP finds plenty of enjoyable things to do in spare time,numeric,ORDINAL,-999.0 thru -1.0,"[{""value"": ""-99.0"", ""label"": ""YP not interviewed""}, {""value"": ""-97.0"", ""label"": ""YP refused self completion""}, {""value"": ""-96.0"", ""label"": ""YP using interpreter""}, {""value"": ""-92.0"", ""label"": ""Refused""}, {""value"": ""-91.0"", ""label"": ""Not applicable""}, {""value"": ""-1.0"", ""label"": ""Don't know""}, {""value"": ""1.0"", ""label"": ""Strongly agree""}, {""value"": ""2.0"", ""label"": ""Agree""}, {""value"": ""3.0"", ""label"": ""Disagree""}, {""value"": ""4.0"", ""label"": ""Strongly disagree""}]"
893,W4Spares2YP,YP: Whether YP spends most of spare time at home/friends house,numeric,ORDINAL,-999.0 thru -1.0,"[{""value"": ""-99.0"", ""label"": ""YP not interviewed""}, {""value"": ""-97.0"", ""label"": ""YP refused self completion""}, {""value"": ""-96.0"", ""label"": ""YP using interpreter""}, {""value"": ""-92.0"", ""label"": ""Refused""}, {""value"": ""-91.0"", ""label"": ""Not applicable""}, {""value"": ""-1.0"", ""label"": ""Don't know""}, {""value"": ""1.0"", ""label"": ""Strongly agree""}, {""value"": ""2.0"", ""label"": ""Agree""}, {""value"": ""3.0"", ""label"": ""Disagree""}, {""value"": ""4.0"", ""label"": ""Strongly disagree""}]"
894,W4Spares3YP,YP: Whether YP believes it is safe to be out and about on streets where they live,numeric,ORDINAL,-999.0 thru -1.0,"[{""value"": ""-99.0"", ""label"": ""YP not interviewed""}, {""value"": ""-97.0"", ""label"": ""YP refused self completion""}, {""value"": ""-96.0"", ""label"": ""YP using interpreter""}, {""value"": ""-92.0"", ""label"": ""Refused""}, {""value"": ""-91.0"", ""label"": ""Not applicable""}, {""value"": ""-1.0"", ""label"": ""Don't know""}, {""value"": ""1.0"", ""label"": ""Strongly agree""}, {""value"": ""2.0"", ""label"": ""Agree""}, {""value"": ""3.0"", ""label"": ""Disagree""}, {""value"": ""4.0"", ""label"": ""Strongly disagree""}]"
895,W4Spares4YP,YP: Whether YP usually has enough money to do what they like,numeric,ORDINAL,-999.0 thru -1.0,"[{""value"": ""-99.0"", ""label"": ""YP not interviewed""}, {""value"": ""-97.0"", ""label"": ""YP refused self completion""}, {""value"": ""-96.0"", ""label"": ""YP using interpreter""}, {""value"": ""-92.0"", ""label"": ""Refused""}, {""value"": ""-91.0"", ""label"": ""Not applicable""}, {""value"": ""-1.0"", ""label"": ""Don't know""}, {""value"": ""1.0"", ""label"": ""Strongly agree""}, {""value"": ""2.0"", ""label"": ""Agree""}, {""value"": ""3.0"", ""label"": ""Disagree""}, {""value"": ""4.0"", ""label"": ""Strongly disagree""}]"
896,W4Spares5YP,YP: Whether YP often gets bored,numeric,ORDINAL,-999.0 thru -1.0,"[{""value"": ""-99.0"", ""label"": ""YP not interviewed""}, {""value"": ""-97.0"", ""label"": ""YP refused self completion""}, {""value"": ""-96.0"", ""label"": ""YP using interpreter""}, {""value"": ""-92.0"", ""label"": ""Refused""}, {""value"": ""-91.0"", ""label"": ""Not applicable""}, {""value"": ""-1.0"", ""label"": ""Don't know""}, {""value"": ""1.0"", ""label"": ""Strongly agree""}, {""value"": ""2.0"", ""label"": ""Agree""}, {""value"": ""3.0"", ""label"": ""Disagree""}, {""value"": ""4.0"", ""label"": ""Strongly disagree""}]"
897,W4Spares6YP,"YP: Whether YP believes anything is better than staying at home, even if nowhere special to go",numeric,ORDINAL,-999.0 thru -1.0,"[{""value"": ""-99.0"", ""label"": ""YP not interviewed""}, {""value"": ""-97.0"", ""label"": ""YP refused self completion""}, {""value"": ""-96.0"", ""label"": ""YP using interpreter""}, {""value"": ""-92.0"", ""label"": ""Refused""}, {""value"": ""-91.0"", ""label"": ""Not applicable""}, {""value"": ""-1.0"", ""label"": ""Don't know""}, {""value"": ""1.0"", ""label"": ""Strongly agree""}, {""value"": ""2.0"", ""label"": ""Agree""}, {""value"": ""3.0"", ""label"": ""Disagree""}, {""value"": ""4.0"", ""label"": ""Strongly disagree""}]"
898,W4V1perSYP,YP: Whether someone has stolen/tried to steal something from YP in the last 12 months,numeric,NOMINAL,-999.0 thru -1.0,"[{""value"": ""-99.0"", ""label"": ""YP not interviewed""}, {""value"": ""-97.0"", ""label"": ""YP refused self completion""}, {""value"": ""-96.0"", ""label"": ""YP using interpreter""}, {""value"": ""-92.0"", ""label"": ""Refused""}, {""value"": ""-91.0"", ""label"": ""Not applicable""}, {""value"": ""-1.0"", ""label"": ""Don't know""}, {""value"": ""1.0"", ""label"": ""Yes""}, {""value"": ""2.0"", ""label"": ""No""}]"
899,W4ViolentYP,YP: Whether anyone has deliberately used force or violence against YP in the last 12 months,numeric,NOMINAL,-999.0 thru -1.0,"[{""value"": ""-99.0"", ""label"": ""YP not interviewed""}, {""value"": ""-97.0"", ""label"": ""YP refused self completion""}, {""value"": ""-96.0"", ""label"": ""YP using interpreter""}, {""value"": ""-92.0"", ""label"": ""Refused""}, {""value"": ""-91.0"", ""label"": ""Not applicable""}, {""value"": ""-1.0"", ""label"": ""Don't know""}, {""value"": ""1.0"", ""label"": ""Yes""}, {""value"": ""2.0"", ""label"": ""No""}]"
900,W4HurtYP,YP: Whether YP was physically injured by deliberate violence against them in the last 12 months,numeric,NOMINAL,-999.0 thru -1.0,"[{""value"": ""-99.0"", ""label"": ""YP not interviewed""}, {""value"": ""-97.0"", ""label"": ""YP refused self completion""}, {""value"": ""-96.0"", ""label"": ""YP using interpreter""}, {""value"": ""-92.0"", ""label"": ""Refused""}, {""value"": ""-91.0"", ""label"": ""Not applicable""}, {""value"": ""-1.0"", ""label"": ""Don't know""}, {""value"": ""1.0"", ""label"": ""Yes""}, {""value"": ""2.0"", ""label"": ""No""}]"
901,W4ThreatsYP,YP: Whether YP has been threatened in any way in the last 12 months,numeric,NOMINAL,-999.0 thru -1.0,"[{""value"": ""-99.0"", ""label"": ""YP not interviewed""}, {""value"": ""-97.0"", ""label"": ""YP refused self completion""}, {""value"": ""-96.0"", ""label"": ""YP using interpreter""}, {""value"": ""-92.0"", ""label"": ""Refused""}, {""value"": ""-91.0"", ""label"": ""Not applicable""}, {""value"": ""-1.0"", ""label"": ""Don't know""}, {""value"": ""1.0"", ""label"": ""Yes""}, {""value"": ""2.0"", ""label"": ""No""}]"
902,W4MadegiveYP,YP: Whether anyone used threats to make YP give them money or belongings in the last 12 months,numeric,NOMINAL,-999.0 thru -1.0,"[{""value"": ""-99.0"", ""label"": ""YP not interviewed""}, {""value"": ""-97.0"", ""label"": ""YP refused self completion""}, {""value"": ""-96.0"", ""label"": ""YP using interpreter""}, {""value"": ""-92.0"", ""label"": ""Refused""}, {""value"": ""-91.0"", ""label"": ""Not applicable""}, {""value"": ""-1.0"", ""label"": ""Don't know""}, {""value"": ""1.0"", ""label"": ""Yes""}, {""value"": ""2.0"", ""label"": ""No""}]"
903,W4NamesYP,"YP: Whether YP has been bullied by being called names, sworn at or insulted in the last 12 months",numeric,NOMINAL,-999.0 thru -1.0,"[{""value"": ""-99.0"", ""label"": ""YP not interviewed""}, {""value"": ""-97.0"", ""label"": ""YP refused self completion""}, {""value"": ""-96.0"", ""label"": ""YP using interpreter""}, {""value"": ""-92.0"", ""label"": ""Refused""}, {""value"": ""-91.0"", ""label"": ""Not applicable""}, {""value"": ""-1.0"", ""label"": ""Don't know""}, {""value"": ""1.0"", ""label"": ""Yes""}, {""value"": ""2.0"", ""label"": ""No""}]"
904,W4RacismYP,YP: Whether YP has been threatened/insulted in the last 12 months due to skin colour/ethnicity,numeric,NOMINAL,-999.0 thru -1.0,"[{""value"": ""-99.0"", ""label"": ""YP not interviewed""}, {""value"": ""-97.0"", ""label"": ""YP refused self completion""}, {""value"": ""-96.0"", ""label"": ""YP using interpreter""}, {""value"": ""-92.0"", ""label"": ""Refused""}, {""value"": ""-91.0"", ""label"": ""Not applicable""}, {""value"": ""-1.0"", ""label"": ""Don't know""}, {""value"": ""1.0"", ""label"": ""Yes""}, {""value"": ""2.0"", ""label"": ""No""}]"
905,W4B2KniBYP,YP: Whether YP has carried a knife in the last 12 months when going out of the house,numeric,NOMINAL,-999.0 thru -1.0,"[{""value"": ""-99.0"", ""label"": ""YP not interviewed""}, {""value"": ""-97.0"", ""label"": ""YP refused self completion""}, {""value"": ""-96.0"", ""label"": ""YP using interpreter""}, {""value"": ""-92.0"", ""label"": ""Refused""}, {""value"": ""-91.0"", ""label"": ""Not applicable""}, {""value"": ""-1.0"", ""label"": ""Don't know""}, {""value"": ""1.0"", ""label"": ""Yes""}, {""value"": ""2.0"", ""label"": ""No""}]"
906,W4B3KniEYP,YP: Main reason for YP carrying a knife in the last 12 months,numeric,NOMINAL,-999.0 thru -1.0,"[{""value"": ""-99.0"", ""label"": ""YP not interviewed""}, {""value"": ""-97.0"", ""label"": ""YP refused self completion""}, {""value"": ""-96.0"", ""label"": ""YP using interpreter""}, {""value"": ""-92.0"", ""label"": ""Refused""}, {""value"": ""-91.0"", ""label"": ""Not applicable""}, {""value"": ""-1.0"", ""label"": ""Don't know""}, {""value"": ""1.0"", ""label"": ""To protect yourself""}, {""value"": ""2.0"", ""label"": ""To threaten or cause harm to others""}, {""value"": ""3.0"", ""label"": ""In case you got into a fight""}, {""value"": ""4.0"", ""label"": ""Another reason""}]"
907,W4DWhoPreYP0a,Admin: Who else present during YP self-completion : No-one else in room during self-completion,numeric,NOMINAL,-999.0 thru -1.0,"[{""value"": ""-99.0"", ""label"": ""YP not interviewed""}, {""value"": ""-92.0"", ""label"": ""Refused""}, {""value"": ""-91.0"", ""label"": ""Not applicable""}, {""value"": ""-1.0"", ""label"": ""Don't know""}, {""value"": ""0.0"", ""label"": ""Not mentioned""}, {""value"": ""1.0"", ""label"": ""Mentioned""}]"
908,W4DWhoPreYP0b,Admin: Who else present during YP self-completion : Mother/ step-mother/ female guardian,numeric,NOMINAL,-999.0 thru -1.0,"[{""value"": ""-99.0"", ""label"": ""YP not interviewed""}, {""value"": ""-92.0"", ""label"": ""Refused""}, {""value"": ""-91.0"", ""label"": ""Not applicable""}, {""value"": ""-1.0"", ""label"": ""Don't know""}, {""value"": ""0.0"", ""label"": ""Not mentioned""}, {""value"": ""1.0"", ""label"": ""Mentioned""}]"
909,W4DWhoPreYP0c,Admin: Who else present during YP self-completion : Father/ step-father/ male guardian,numeric,NOMINAL,-999.0 thru -1.0,"[{""value"": ""-99.0"", ""label"": ""YP not interviewed""}, {""value"": ""-92.0"", ""label"": ""Refused""}, {""value"": ""-91.0"", ""label"": ""Not applicable""}, {""value"": ""-1.0"", ""label"": ""Don't know""}, {""value"": ""0.0"", ""label"": ""Not mentioned""}, {""value"": ""1.0"", ""label"": ""Mentioned""}]"
910,W4DWhoPreYP0d,Admin: Who else present during YP self-completion : (Step-) brother(s)/sister(s),numeric,NOMINAL,-999.0 thru -1.0,"[{""value"": ""-99.0"", ""label"": ""YP not interviewed""}, {""value"": ""-92.0"", ""label"": ""Refused""}, {""value"": ""-91.0"", ""label"": ""Not applicable""}, {""value"": ""-1.0"", ""label"": ""Don't know""}, {""value"": ""0.0"", ""label"": ""Not mentioned""}, {""value"": ""1.0"", ""label"": ""Mentioned""}]"
911,W4DWhoPreYP0e,Admin: Who else present during YP self-completion : Other adult relative(s),numeric,NOMINAL,-999.0 thru -1.0,"[{""value"": ""-99.0"", ""label"": ""YP not interviewed""}, {""value"": ""-92.0"", ""label"": ""Refused""}, {""value"": ""-91.0"", ""label"": ""Not applicable""}, {""value"": ""-1.0"", ""label"": ""Don't know""}, {""value"": ""0.0"", ""label"": ""Not mentioned""}, {""value"": ""1.0"", ""label"": ""Mentioned""}]"
912,W4DWhoPreYP0f,Admin: Who else present during YP self-completion : Other child(ren) under 16,numeric,NOMINAL,-999.0 thru -1.0,"[{""value"": ""-99.0"", ""label"": ""YP not interviewed""}, {""value"": ""-92.0"", ""label"": ""Refused""}, {""value"": ""-91.0"", ""label"": ""Not applicable""}, {""value"": ""-1.0"", ""label"": ""Don't know""}, {""value"": ""0.0"", ""label"": ""Not mentioned""}, {""value"": ""1.0"", ""label"": ""Mentioned""}]"
913,W4DWhoPreYP0g,Admin: Who else present during YP self-completion : Other adult(s) including visitor,numeric,NOMINAL,-999.0 thru -1.0,"[{""value"": ""-99.0"", ""label"": ""YP not interviewed""}, {""value"": ""-92.0"", ""label"": ""Refused""}, {""value"": ""-91.0"", ""label"": ""Not applicable""}, {""value"": ""-1.0"", ""label"": ""Don't know""}, {""value"": ""0.0"", ""label"": ""Not mentioned""}, {""value"": ""1.0"", ""label"": ""Mentioned""}]"
914,W4DWhoPreYP0h,Admin: Who else present during YP self-completion : Other (specify),numeric,NOMINAL,-999.0 thru -1.0,"[{""value"": ""-99.0"", ""label"": ""YP not interviewed""}, {""value"": ""-92.0"", ""label"": ""Refused""}, {""value"": ""-91.0"", ""label"": ""Not applicable""}, {""value"": ""-1.0"", ""label"": ""Don't know""}, {""value"": ""0.0"", ""label"": ""Not mentioned""}, {""value"": ""1.0"", ""label"": ""Mentioned""}]"
915,W4Hea2YP,"YP: Whether YP has a long-standing illness, disability, or infirmity",numeric,NOMINAL,-999.0 thru -1.0,"[{""value"": ""-99.0"", ""label"": ""YP not interviewed""}, {""value"": ""-92.0"", ""label"": ""Refused""}, {""value"": ""-91.0"", ""label"": ""Not applicable""}, {""value"": ""-1.0"", ""label"": ""Don't know""}, {""value"": ""1.0"", ""label"": ""Yes""}, {""value"": ""2.0"", ""label"": ""No""}]"
916,W4Hea3YP0a,YP: Whether YP's illness/disability affects any of the following : Mobility (moving about),numeric,NOMINAL,-999.0 thru -1.0,"[{""value"": ""-99.0"", ""label"": ""YP not interviewed""}, {""value"": ""-92.0"", ""label"": ""Refused""}, {""value"": ""-91.0"", ""label"": ""Not applicable""}, {""value"": ""-1.0"", ""label"": ""Don't know""}, {""value"": ""0.0"", ""label"": ""Not mentioned""}, {""value"": ""1.0"", ""label"": ""Mentioned""}]"
917,W4Hea3YP0b,"YP: Whether YP's illness/disability affects any of the following : Lifting, carrying or moving objects",numeric,NOMINAL,-999.0 thru -1.0,"[{""value"": ""-99.0"", ""label"": ""YP not interviewed""}, {""value"": ""-92.0"", ""label"": ""Refused""}, {""value"": ""-91.0"", ""label"": ""Not applicable""}, {""value"": ""-1.0"", ""label"": ""Don't know""}, {""value"": ""0.0"", ""label"": ""Not mentioned""}, {""value"": ""1.0"", ""label"": ""Mentioned""}]"
918,W4Hea3YP0c,YP: Whether YP's illness/disability affects any of the following : Manual dexterity (using your hands to carry out everyday tasks),numeric,NOMINAL,-999.0 thru -1.0,"[{""value"": ""-99.0"", ""label"": ""YP not interviewed""}, {""value"": ""-92.0"", ""label"": ""Refused""}, {""value"": ""-91.0"", ""label"": ""Not applicable""}, {""value"": ""-1.0"", ""label"": ""Don't know""}, {""value"": ""0.0"", ""label"": ""Not mentioned""}, {""value"": ""1.0"", ""label"": ""Mentioned""}]"
919,W4Hea3YP0d,YP: Whether YP's illness/disability affects any of the following : Continence (bladder control),numeric,NOMINAL,-999.0 thru -1.0,"[{""value"": ""-99.0"", ""label"": ""YP not interviewed""}, {""value"": ""-92.0"", ""label"": ""Refused""}, {""value"": ""-91.0"", ""label"": ""Not applicable""}, {""value"": ""-1.0"", ""label"": ""Don't know""}, {""value"": ""0.0"", ""label"": ""Not mentioned""}, {""value"": ""1.0"", ""label"": ""Mentioned""}]"
920,W4Hea3YP0e,"YP: Whether YP's illness/disability affects any of the following : Communication (speech, hearing or eyesight)",numeric,NOMINAL,-999.0 thru -1.0,"[{""value"": ""-99.0"", ""label"": ""YP not interviewed""}, {""value"": ""-92.0"", ""label"": ""Refused""}, {""value"": ""-91.0"", ""label"": ""Not applicable""}, {""value"": ""-1.0"", ""label"": ""Don't know""}, {""value"": ""0.0"", ""label"": ""Not mentioned""}, {""value"": ""1.0"", ""label"": ""Mentioned""}]"
921,W4Hea3YP0f,"YP: Whether YP's illness/disability affects any of the following : Memory or ability to concentrate, learn or understand",numeric,NOMINAL,-999.0 thru -1.0,"[{""value"": ""-99.0"", ""label"": ""YP not interviewed""}, {""value"": ""-92.0"", ""label"": ""Refused""}, {""value"": ""-91.0"", ""label"": ""Not applicable""}, {""value"": ""-1.0"", ""label"": ""Don't know""}, {""value"": ""0.0"", ""label"": ""Not mentioned""}, {""value"": ""1.0"", ""label"": ""Mentioned""}]"
922,W4Hea3YP0g,YP: Whether YP's illness/disability affects any of the following : Recognising when you are in physical danger,numeric,NOMINAL,-999.0 thru -1.0,"[{""value"": ""-99.0"", ""label"": ""YP not interviewed""}, {""value"": ""-92.0"", ""label"": ""Refused""}, {""value"": ""-91.0"", ""label"": ""Not applicable""}, {""value"": ""-1.0"", ""label"": ""Don't know""}, {""value"": ""0.0"", ""label"": ""Not mentioned""}, {""value"": ""1.0"", ""label"": ""Mentioned""}]"
923,W4Hea3YP0h,YP: Whether YP's illness/disability affects any of the following : Physical co-ordination (e.g. Balance),numeric,NOMINAL,-999.0 thru -1.0,"[{""value"": ""-99.0"", ""label"": ""YP not interviewed""}, {""value"": ""-92.0"", ""label"": ""Refused""}, {""value"": ""-91.0"", ""label"": ""Not applicable""}, {""value"": ""-1.0"", ""label"": ""Don't know""}, {""value"": ""0.0"", ""label"": ""Not mentioned""}, {""value"": ""1.0"", ""label"": ""Mentioned""}]"
924,W4Hea3YP0i,YP: Whether YP's illness/disability affects any of the following : Other health problem or disability,numeric,NOMINAL,-999.0 thru -1.0,"[{""value"": ""-99.0"", ""label"": ""YP not interviewed""}, {""value"": ""-92.0"", ""label"": ""Refused""}, {""value"": ""-91.0"", ""label"": ""Not applicable""}, {""value"": ""-1.0"", ""label"": ""Don't know""}, {""value"": ""0.0"", ""label"": ""Not mentioned""}, {""value"": ""1.0"", ""label"": ""Mentioned""}]"
925,W4Hea3YP0j,YP: Whether YP's illness/disability affects any of the following : No answer,numeric,NOMINAL,-999.0 thru -1.0,"[{""value"": ""-99.0"", ""label"": ""YP not interviewed""}, {""value"": ""-92.0"", ""label"": ""Refused""}, {""value"": ""-91.0"", ""label"": ""Not applicable""}, {""value"": ""-1.0"", ""label"": ""Don't know""}, {""value"": ""0.0"", ""label"": ""Not mentioned""}, {""value"": ""1.0"", ""label"": ""Mentioned""}]"
926,W4Hea3YP0k,YP: Whether YP's illness/disability affects any of the following : Don't know,numeric,NOMINAL,-999.0 thru -1.0,"[{""value"": ""-99.0"", ""label"": ""YP not interviewed""}, {""value"": ""-92.0"", ""label"": ""Refused""}, {""value"": ""-91.0"", ""label"": ""Not applicable""}, {""value"": ""-1.0"", ""label"": ""Don't know""}, {""value"": ""0.0"", ""label"": ""Not mentioned""}, {""value"": ""1.0"", ""label"": ""Mentioned""}]"
927,W4NeTreatYP,YP: Whether YP receives medication for health problems that would otherwise affect YP's life,numeric,NOMINAL,-999.0 thru -1.0,"[{""value"": ""-99.0"", ""label"": ""YP not interviewed""}, {""value"": ""-92.0"", ""label"": ""Refused""}, {""value"": ""-91.0"", ""label"": ""Not applicable""}, {""value"": ""-1.0"", ""label"": ""Don't know""}, {""value"": ""1.0"", ""label"": ""Yes""}, {""value"": ""2.0"", ""label"": ""No""}]"
928,W4Hea4YP,YP: Whether YP's health problems limit daily activities in any way,numeric,NOMINAL,-999.0 thru -1.0,"[{""value"": ""-99.0"", ""label"": ""YP not interviewed""}, {""value"": ""-92.0"", ""label"": ""Refused""}, {""value"": ""-91.0"", ""label"": ""Not applicable""}, {""value"": ""-1.0"", ""label"": ""Don't know""}, {""value"": ""1.0"", ""label"": ""Yes""}, {""value"": ""2.0"", ""label"": ""No""}]"
929,W4Chea7YP,YP: Whether YP's health problems make it harder to go to school or college regularly,numeric,NOMINAL,-999.0 thru -1.0,"[{""value"": ""-99.0"", ""label"": ""YP not interviewed""}, {""value"": ""-92.0"", ""label"": ""Refused""}, {""value"": ""-91.0"", ""label"": ""Not applicable""}, {""value"": ""-1.0"", ""label"": ""Don't know""}, {""value"": ""1.0"", ""label"": ""Yes""}, {""value"": ""2.0"", ""label"": ""No""}]"
930,W4Chea8YP,YP: Whether YP's health problems make it more difficult to do coursework at school/college,numeric,NOMINAL,-999.0 thru -1.0,"[{""value"": ""-997.0"", ""label"": ""Script error""}, {""value"": ""-99.0"", ""label"": ""YP not interviewed""}, {""value"": ""-92.0"", ""label"": ""Refused""}, {""value"": ""-91.0"", ""label"": ""Not applicable""}, {""value"": ""-1.0"", ""label"": ""Don't know""}, {""value"": ""1.0"", ""label"": ""Yes""}, {""value"": ""2.0"", ""label"": ""No""}]"
931,W4Hea9bYP,YP: Whether health problems affect the amount of work YP is able to do,numeric,NOMINAL,-999.0 thru -1.0,"[{""value"": ""-99.0"", ""label"": ""YP not interviewed""}, {""value"": ""-92.0"", ""label"": ""Refused""}, {""value"": ""-91.0"", ""label"": ""Not applicable""}, {""value"": ""-1.0"", ""label"": ""Don't know""}, {""value"": ""1.0"", ""label"": ""Yes""}, {""value"": ""2.0"", ""label"": ""No""}]"
932,W4Hea9YP,YP: Whether health problems affect the type or location of work YP is able to do,numeric,NOMINAL,-999.0 thru -1.0,"[{""value"": ""-99.0"", ""label"": ""YP not interviewed""}, {""value"": ""-92.0"", ""label"": ""Refused""}, {""value"": ""-91.0"", ""label"": ""Not applicable""}, {""value"": ""-1.0"", ""label"": ""Don't know""}, {""value"": ""1.0"", ""label"": ""Yes""}, {""value"": ""2.0"", ""label"": ""No""}]"
933,W4EverDDAYP,YP: Whether YP has ever had any long-term health problems,numeric,NOMINAL,-999.0 thru -1.0,"[{""value"": ""-997.0"", ""label"": ""Script error""}, {""value"": ""-99.0"", ""label"": ""YP not interviewed""}, {""value"": ""-92.0"", ""label"": ""Refused""}, {""value"": ""-91.0"", ""label"": ""Not applicable""}, {""value"": ""-1.0"", ""label"": ""Don't know""}, {""value"": ""1.0"", ""label"": ""Yes""}, {""value"": ""2.0"", ""label"": ""No""}]"
934,W4TakecareofYP,YP: Whether YP regularly takes care of any children under the age of 14 within household,numeric,NOMINAL,-999.0 thru -1.0,"[{""value"": ""-99.0"", ""label"": ""YP not interviewed""}, {""value"": ""-92.0"", ""label"": ""Refused""}, {""value"": ""-91.0"", ""label"": ""Not applicable""}, {""value"": ""-1.0"", ""label"": ""Don't know""}, {""value"": ""1.0"", ""label"": ""Yes""}, {""value"": ""2.0"", ""label"": ""No""}]"
935,W4ChildrelYP0a,YP: YP's relationship to these children : Own child(ren),numeric,NOMINAL,-999.0 thru -1.0,"[{""value"": ""-99.0"", ""label"": ""YP not interviewed""}, {""value"": ""-92.0"", ""label"": ""Refused""}, {""value"": ""-91.0"", ""label"": ""Not applicable""}, {""value"": ""-1.0"", ""label"": ""Don't know""}, {""value"": ""0.0"", ""label"": ""Not mentioned""}, {""value"": ""1.0"", ""label"": ""Mentioned""}]"
936,W4ChildrelYP0b,YP: YP's relationship to these children : Brother/sister,numeric,NOMINAL,-999.0 thru -1.0,"[{""value"": ""-99.0"", ""label"": ""YP not interviewed""}, {""value"": ""-92.0"", ""label"": ""Refused""}, {""value"": ""-91.0"", ""label"": ""Not applicable""}, {""value"": ""-1.0"", ""label"": ""Don't know""}, {""value"": ""0.0"", ""label"": ""Not mentioned""}, {""value"": ""1.0"", ""label"": ""Mentioned""}]"
937,W4ChildrelYP0c,YP: YP's relationship to these children : Child of other family member,numeric,NOMINAL,-999.0 thru -1.0,"[{""value"": ""-99.0"", ""label"": ""YP not interviewed""}, {""value"": ""-92.0"", ""label"": ""Refused""}, {""value"": ""-91.0"", ""label"": ""Not applicable""}, {""value"": ""-1.0"", ""label"": ""Don't know""}, {""value"": ""0.0"", ""label"": ""Not mentioned""}, {""value"": ""1.0"", ""label"": ""Mentioned""}]"
938,W4ChildrelYP0d,YP: YP's relationship to these children : Other,numeric,NOMINAL,-999.0 thru -1.0,"[{""value"": ""-99.0"", ""label"": ""YP not interviewed""}, {""value"": ""-92.0"", ""label"": ""Refused""}, {""value"": ""-91.0"", ""label"": ""Not applicable""}, {""value"": ""-1.0"", ""label"": ""Don't know""}, {""value"": ""0.0"", ""label"": ""Not mentioned""}, {""value"": ""1.0"", ""label"": ""Mentioned""}]"
939,W4ChildrelYP0e,YP: YP's relationship to these children : Refusal,numeric,NOMINAL,-999.0 thru -1.0,"[{""value"": ""-99.0"", ""label"": ""YP not interviewed""}, {""value"": ""-92.0"", ""label"": ""Refused""}, {""value"": ""-91.0"", ""label"": ""Not applicable""}, {""value"": ""-1.0"", ""label"": ""Don't know""}, {""value"": ""0.0"", ""label"": ""Not mentioned""}, {""value"": ""1.0"", ""label"": ""Mentioned""}]"
940,W4Childck1YP,Admin: Interviewer confirm YP has child,numeric,NOMINAL,-999.0 thru -1.0,"[{""value"": ""-99.0"", ""label"": ""YP not interviewed""}, {""value"": ""-92.0"", ""label"": ""Refused""}, {""value"": ""-91.0"", ""label"": ""Not applicable""}, {""value"": ""-1.0"", ""label"": ""Don't know""}, {""value"": ""1.0"", ""label"": ""Yes""}, {""value"": ""2.0"", ""label"": ""No""}]"
941,W4ChildoutYP,"YP: Whether YP regularly takes care of children under the age of 14 from outside household, without payment",numeric,NOMINAL,-999.0 thru -1.0,"[{""value"": ""-99.0"", ""label"": ""YP not interviewed""}, {""value"": ""-92.0"", ""label"": ""Refused""}, {""value"": ""-91.0"", ""label"": ""Not applicable""}, {""value"": ""-1.0"", ""label"": ""Don't know""}, {""value"": ""1.0"", ""label"": ""Yes""}, {""value"": ""2.0"", ""label"": ""No""}]"
942,W4CaringYP,"YP: Whether YP regularly cares for anyone over the age of 15 who requires help, without payment",numeric,NOMINAL,-999.0 thru -1.0,"[{""value"": ""-99.0"", ""label"": ""YP not interviewed""}, {""value"": ""-92.0"", ""label"": ""Refused""}, {""value"": ""-91.0"", ""label"": ""Not applicable""}, {""value"": ""-1.0"", ""label"": ""Don't know""}, {""value"": ""1.0"", ""label"": ""Yes""}, {""value"": ""2.0"", ""label"": ""No""}]"
943,W4PrtLivYP,YP: Whether YP has partner who lives in same household,numeric,NOMINAL,-999.0 thru -1.0,"[{""value"": ""-997.0"", ""label"": ""Script error""}, {""value"": ""-99.0"", ""label"": ""YP not interviewed""}, {""value"": ""-92.0"", ""label"": ""Refused""}, {""value"": ""-91.0"", ""label"": ""Not applicable""}, {""value"": ""-1.0"", ""label"": ""Don't know""}, {""value"": ""1.0"", ""label"": ""Yes""}, {""value"": ""2.0"", ""label"": ""No""}]"
944,W4PrtEmpYP,YP: Whether YP's partner is in paid employment,numeric,NOMINAL,-999.0 thru -1.0,"[{""value"": ""-99.0"", ""label"": ""YP not interviewed""}, {""value"": ""-92.0"", ""label"": ""Refused""}, {""value"": ""-91.0"", ""label"": ""Not applicable""}, {""value"": ""-1.0"", ""label"": ""Don't know""}, {""value"": ""1.0"", ""label"": ""Yes""}, {""value"": ""2.0"", ""label"": ""No""}]"
945,W4CintroYP,YP: Types of childcare used by YP,numeric,NOMINAL,-999.0 thru -1.0,"[{""value"": ""-99.0"", ""label"": ""YP not interviewed""}, {""value"": ""-92.0"", ""label"": ""Refused""}, {""value"": ""-91.0"", ""label"": ""Not applicable""}, {""value"": ""-1.0"", ""label"": ""Don't know""}, {""value"": ""1.0"", ""label"": ""Yes""}, {""value"": ""2.0"", ""label"": ""No - cared for by respondent or respondent and partner""}]"
946,W4Ir2YP0a,YP: Reasons for YP choosing particular childcare arrangement : Quality of provision,numeric,NOMINAL,-999.0 thru -1.0,"[{""value"": ""-997.0"", ""label"": ""Script error""}, {""value"": ""-99.0"", ""label"": ""YP not interviewed""}, {""value"": ""-92.0"", ""label"": ""Refused""}, {""value"": ""-91.0"", ""label"": ""Not applicable""}, {""value"": ""-1.0"", ""label"": ""Don't know""}, {""value"": ""0.0"", ""label"": ""no Quality of provision""}, {""value"": ""1.0"", ""label"": ""Quality of provision""}]"
947,W4Ir2YP0b,YP: Reasons for YP choosing particular childcare arrangement : Location,numeric,NOMINAL,-999.0 thru -1.0,"[{""value"": ""-997.0"", ""label"": ""Script error""}, {""value"": ""-99.0"", ""label"": ""YP not interviewed""}, {""value"": ""-92.0"", ""label"": ""Refused""}, {""value"": ""-91.0"", ""label"": ""Not applicable""}, {""value"": ""-1.0"", ""label"": ""Don't know""}, {""value"": ""0.0"", ""label"": ""Not mentioned""}, {""value"": ""1.0"", ""label"": ""Mentioned""}]"
948,W4Ir2YP0c,YP: Reasons for YP choosing particular childcare arrangement : Availability,numeric,NOMINAL,-999.0 thru -1.0,"[{""value"": ""-997.0"", ""label"": ""Script error""}, {""value"": ""-99.0"", ""label"": ""YP not interviewed""}, {""value"": ""-92.0"", ""label"": ""Refused""}, {""value"": ""-91.0"", ""label"": ""Not applicable""}, {""value"": ""-1.0"", ""label"": ""Don't know""}, {""value"": ""0.0"", ""label"": ""Not mentioned""}, {""value"": ""1.0"", ""label"": ""Mentioned""}]"
949,W4Ir2YP0d,YP: Reasons for YP choosing particular childcare arrangement : Cost,numeric,NOMINAL,-999.0 thru -1.0,"[{""value"": ""-997.0"", ""label"": ""Script error""}, {""value"": ""-99.0"", ""label"": ""YP not interviewed""}, {""value"": ""-92.0"", ""label"": ""Refused""}, {""value"": ""-91.0"", ""label"": ""Not applicable""}, {""value"": ""-1.0"", ""label"": ""Don't know""}, {""value"": ""0.0"", ""label"": ""Not mentioned""}, {""value"": ""1.0"", ""label"": ""Mentioned""}]"
950,W4Ir2YP0e,YP: Reasons for YP choosing particular childcare arrangement : Other,numeric,NOMINAL,-999.0 thru -1.0,"[{""value"": ""-997.0"", ""label"": ""Script error""}, {""value"": ""-99.0"", ""label"": ""YP not interviewed""}, {""value"": ""-92.0"", ""label"": ""Refused""}, {""value"": ""-91.0"", ""label"": ""Not applicable""}, {""value"": ""-1.0"", ""label"": ""Don't know""}, {""value"": ""0.0"", ""label"": ""Not mentioned""}, {""value"": ""1.0"", ""label"": ""Mentioned""}]"
951,W4Ir2YP0f,YP: Reasons for YP choosing particular childcare arrangement : Don't know,numeric,NOMINAL,-999.0 thru -1.0,"[{""value"": ""-997.0"", ""label"": ""Script error""}, {""value"": ""-99.0"", ""label"": ""YP not interviewed""}, {""value"": ""-92.0"", ""label"": ""Refused""}, {""value"": ""-91.0"", ""label"": ""Not applicable""}, {""value"": ""-1.0"", ""label"": ""Don't know""}, {""value"": ""0.0"", ""label"": ""Not mentioned""}, {""value"": ""1.0"", ""label"": ""Mentioned""}]"
952,W4Info2YP,YP: YP's opinions on levels of information about childcare arrangements given,numeric,ORDINAL,-999.0 thru -1.0,"[{""value"": ""-99.0"", ""label"": ""YP not interviewed""}, {""value"": ""-92.0"", ""label"": ""Refused""}, {""value"": ""-91.0"", ""label"": ""Not applicable""}, {""value"": ""-1.0"", ""label"": ""Don't know""}, {""value"": ""1.0"", ""label"": ""About right""}, {""value"": ""2.0"", ""label"": ""Too much""}, {""value"": ""3.0"", ""label"": ""Too little""}]"
953,W4CCPlacesYP,YP: YP's opinion on amount of childcare available : Too many,numeric,ORDINAL,-999.0 thru -1.0,"[{""value"": ""-99.0"", ""label"": ""YP not interviewed""}, {""value"": ""-92.0"", ""label"": ""Refused""}, {""value"": ""-91.0"", ""label"": ""Not applicable""}, {""value"": ""-1.0"", ""label"": ""Don't know""}, {""value"": ""1.0"", ""label"": ""Too many""}, {""value"": ""2.0"", ""label"": ""About the right number""}, {""value"": ""3.0"", ""label"": ""Not enough""}]"
954,W4CCQualYP,YP: YP's opinions on quality of childcare arrangements in place,numeric,ORDINAL,-999.0 thru -1.0,"[{""value"": ""-99.0"", ""label"": ""YP not interviewed""}, {""value"": ""-92.0"", ""label"": ""Refused""}, {""value"": ""-91.0"", ""label"": ""Not applicable""}, {""value"": ""-1.0"", ""label"": ""Don't know""}, {""value"": ""1.0"", ""label"": ""Very good""}, {""value"": ""2.0"", ""label"": ""Fairly good""}, {""value"": ""3.0"", ""label"": ""Neither good nor poor""}, {""value"": ""4.0"", ""label"": ""Fairly poor""}, {""value"": ""5.0"", ""label"": ""Very poor""}]"
955,W4CccostYP,YP: YP's opinions on affordability of childcare arrangements,numeric,ORDINAL,-999.0 thru -1.0,"[{""value"": ""-99.0"", ""label"": ""YP not interviewed""}, {""value"": ""-92.0"", ""label"": ""Refused""}, {""value"": ""-91.0"", ""label"": ""Not applicable""}, {""value"": ""-1.0"", ""label"": ""Don't know""}, {""value"": ""1.0"", ""label"": ""Very affordable""}, {""value"": ""2.0"", ""label"": ""Fairly affordable""}, {""value"": ""3.0"", ""label"": ""Not at all affordable""}]"
956,W4Alei1YP0a,"YP: Whether YP participated in during spare time in last four weeks : Played snooker, darts or pool",numeric,NOMINAL,-999.0 thru -1.0,"[{""value"": ""-99.0"", ""label"": ""YP not interviewed""}, {""value"": ""-92.0"", ""label"": ""Refused""}, {""value"": ""-91.0"", ""label"": ""Not applicable""}, {""value"": ""-1.0"", ""label"": ""Don't know""}, {""value"": ""0.0"", ""label"": ""Not mentioned""}, {""value"": ""1.0"", ""label"": ""Mentioned""}]"
957,W4Alei1YP0b,YP: Whether YP participated in during spare time in last four weeks : Taken part in any kind of sport,numeric,NOMINAL,-999.0 thru -1.0,"[{""value"": ""-99.0"", ""label"": ""YP not interviewed""}, {""value"": ""-92.0"", ""label"": ""Refused""}, {""value"": ""-91.0"", ""label"": ""Not applicable""}, {""value"": ""-1.0"", ""label"": ""Don't know""}, {""value"": ""0.0"", ""label"": ""Not mentioned""}, {""value"": ""1.0"", ""label"": ""Mentioned""}]"
958,W4Alei1YP0c,YP: Whether YP participated in during spare time in last four weeks : Gone to see a football match or other sports event,numeric,NOMINAL,-999.0 thru -1.0,"[{""value"": ""-99.0"", ""label"": ""YP not interviewed""}, {""value"": ""-92.0"", ""label"": ""Refused""}, {""value"": ""-91.0"", ""label"": ""Not applicable""}, {""value"": ""-1.0"", ""label"": ""Don't know""}, {""value"": ""0.0"", ""label"": ""Not mentioned""}, {""value"": ""1.0"", ""label"": ""Mentioned""}]"
959,W4Alei1YP0d,YP: Whether YP participated in during spare time in last four weeks : Gone to an amusement arcade,numeric,NOMINAL,-999.0 thru -1.0,"[{""value"": ""-99.0"", ""label"": ""YP not interviewed""}, {""value"": ""-92.0"", ""label"": ""Refused""}, {""value"": ""-91.0"", ""label"": ""Not applicable""}, {""value"": ""-1.0"", ""label"": ""Don't know""}, {""value"": ""0.0"", ""label"": ""Not mentioned""}, {""value"": ""1.0"", ""label"": ""Mentioned""}]"
960,W4Alei1YP0e,"YP: Whether YP participated in during spare time in last four weeks : Gone to a party, dance, nightclub or disco",numeric,NOMINAL,-999.0 thru -1.0,"[{""value"": ""-99.0"", ""label"": ""YP not interviewed""}, {""value"": ""-92.0"", ""label"": ""Refused""}, {""value"": ""-91.0"", ""label"": ""Not applicable""}, {""value"": ""-1.0"", ""label"": ""Don't know""}, {""value"": ""0.0"", ""label"": ""Not mentioned""}, {""value"": ""1.0"", ""label"": ""Mentioned""}]"
961,W4Alei1YP0f,YP: Whether YP participated in during spare time in last four weeks : Gone to a pub or bar,numeric,NOMINAL,-999.0 thru -1.0,"[{""value"": ""-99.0"", ""label"": ""YP not interviewed""}, {""value"": ""-92.0"", ""label"": ""Refused""}, {""value"": ""-91.0"", ""label"": ""Not applicable""}, {""value"": ""-1.0"", ""label"": ""Don't know""}, {""value"": ""0.0"", ""label"": ""Not mentioned""}, {""value"": ""1.0"", ""label"": ""Mentioned""}]"
962,W4Alei1YP0g,"YP: Whether YP participated in during spare time in last four weeks : Gone to a cinema, theatre or concert",numeric,NOMINAL,-999.0 thru -1.0,"[{""value"": ""-99.0"", ""label"": ""YP not interviewed""}, {""value"": ""-92.0"", ""label"": ""Refused""}, {""value"": ""-91.0"", ""label"": ""Not applicable""}, {""value"": ""-1.0"", ""label"": ""Don't know""}, {""value"": ""0.0"", ""label"": ""Not mentioned""}, {""value"": ""1.0"", ""label"": ""Mentioned""}]"
963,W4Alei1YP0h,YP: Whether YP participated in during spare time in last four weeks : Played a musical instrument,numeric,NOMINAL,-999.0 thru -1.0,"[{""value"": ""-99.0"", ""label"": ""YP not interviewed""}, {""value"": ""-92.0"", ""label"": ""Refused""}, {""value"": ""-91.0"", ""label"": ""Not applicable""}, {""value"": ""-1.0"", ""label"": ""Don't know""}, {""value"": ""0.0"", ""label"": ""Not mentioned""}, {""value"": ""1.0"", ""label"": ""Mentioned""}]"
964,W4Alei1YP0i,YP: Whether YP participated in during spare time in last four weeks : All of these,numeric,NOMINAL,-999.0 thru -1.0,"[{""value"": ""-99.0"", ""label"": ""YP not interviewed""}, {""value"": ""-92.0"", ""label"": ""Refused""}, {""value"": ""-91.0"", ""label"": ""Not applicable""}, {""value"": ""-1.0"", ""label"": ""Don't know""}, {""value"": ""0.0"", ""label"": ""Not mentioned""}, {""value"": ""1.0"", ""label"": ""Mentioned""}]"
965,W4Alei1YP0j,YP: Whether YP participated in during spare time in last four weeks : No answer,numeric,NOMINAL,-999.0 thru -1.0,"[{""value"": ""-99.0"", ""label"": ""YP not interviewed""}, {""value"": ""-92.0"", ""label"": ""Refused""}, {""value"": ""-91.0"", ""label"": ""Not applicable""}, {""value"": ""-1.0"", ""label"": ""Don't know""}, {""value"": ""0.0"", ""label"": ""Not mentioned""}, {""value"": ""1.0"", ""label"": ""Mentioned""}]"
966,W4CommunYP,YP: Whether YP has been to a community centre in the last four weeks,numeric,NOMINAL,-999.0 thru -1.0,"[{""value"": ""-99.0"", ""label"": ""YP not interviewed""}, {""value"": ""-92.0"", ""label"": ""Refused""}, {""value"": ""-91.0"", ""label"": ""Not applicable""}, {""value"": ""-1.0"", ""label"": ""Don't know""}, {""value"": ""1.0"", ""label"": ""Yes""}, {""value"": ""2.0"", ""label"": ""No""}]"
967,W4Exten2YP,YP: Change to: Whether community centre YP attended was part of school or college,numeric,NOMINAL,-999.0 thru -1.0,"[{""value"": ""-997.0"", ""label"": ""Script error""}, {""value"": ""-99.0"", ""label"": ""YP not interviewed""}, {""value"": ""-92.0"", ""label"": ""Refused""}, {""value"": ""-91.0"", ""label"": ""Not applicable""}, {""value"": ""-1.0"", ""label"": ""Don't know""}, {""value"": ""1.0"", ""label"": ""Yes - Part of a school or college""}, {""value"": ""2.0"", ""label"": ""No""}]"
968,W4YouthYP,YP: Whether YP has been to a youth centre/club in the last 12 months,numeric,NOMINAL,-999.0 thru -1.0,"[{""value"": ""-99.0"", ""label"": ""YP not interviewed""}, {""value"": ""-92.0"", ""label"": ""Refused""}, {""value"": ""-91.0"", ""label"": ""Not applicable""}, {""value"": ""-1.0"", ""label"": ""Don't know""}, {""value"": ""1.0"", ""label"": ""Yes""}, {""value"": ""2.0"", ""label"": ""No""}]"
969,W4Youth1YP,YP: Frequency of YP attending youth centre/club,numeric,ORDINAL,-999.0 thru -1.0,"[{""value"": ""-99.0"", ""label"": ""YP not interviewed""}, {""value"": ""-92.0"", ""label"": ""Refused""}, {""value"": ""-91.0"", ""label"": ""Not applicable""}, {""value"": ""-1.0"", ""label"": ""Don't know""}, {""value"": ""1.0"", ""label"": ""More than once a week""}, {""value"": ""2.0"", ""label"": ""About once a week""}, {""value"": ""3.0"", ""label"": ""Two or three times a month""}, {""value"": ""4.0"", ""label"": ""About once a month""}, {""value"": ""5.0"", ""label"": ""Less than once a month""}, {""value"": ""6.0"", ""label"": ""(DO NOT READ OUT) Don't go now""}]"
970,W4Relig4YP,YP: Whether in last 12 months YP has gone to activities connected to any religious establishment,numeric,NOMINAL,-999.0 thru -1.0,"[{""value"": ""-99.0"", ""label"": ""YP not interviewed""}, {""value"": ""-92.0"", ""label"": ""Refused""}, {""value"": ""-91.0"", ""label"": ""Not applicable""}, {""value"": ""-1.0"", ""label"": ""Don't know""}, {""value"": ""1.0"", ""label"": ""Yes""}, {""value"": ""2.0"", ""label"": ""No""}]"
971,W4Relig5YP,YP: YP's average attendance of these religious activities,numeric,ORDINAL,-999.0 thru -1.0,"[{""value"": ""-99.0"", ""label"": ""YP not interviewed""}, {""value"": ""-92.0"", ""label"": ""Refused""}, {""value"": ""-91.0"", ""label"": ""Not applicable""}, {""value"": ""-1.0"", ""label"": ""Don't know""}, {""value"": ""1.0"", ""label"": ""More than once a week""}, {""value"": ""2.0"", ""label"": ""About once a week""}, {""value"": ""3.0"", ""label"": ""Two or three times a month""}, {""value"": ""4.0"", ""label"": ""About once a month or""}, {""value"": ""5.0"", ""label"": ""Less than once a month?""}]"
972,W4SportYP,YP: How often YP does sports,numeric,ORDINAL,-999.0 thru -1.0,"[{""value"": ""-99.0"", ""label"": ""YP not interviewed""}, {""value"": ""-92.0"", ""label"": ""Refused""}, {""value"": ""-91.0"", ""label"": ""Not applicable""}, {""value"": ""-1.0"", ""label"": ""Don't know""}, {""value"": ""1.0"", ""label"": ""Most days""}, {""value"": ""2.0"", ""label"": ""More than once a week""}, {""value"": ""3.0"", ""label"": ""Once a week""}, {""value"": ""4.0"", ""label"": ""Less than once a week""}, {""value"": ""5.0"", ""label"": ""Hardly ever""}, {""value"": ""6.0"", ""label"": ""Never""}]"
973,W4ReadsYP,YP: How often YP reads for pleasure,numeric,ORDINAL,-999.0 thru -1.0,"[{""value"": ""-99.0"", ""label"": ""YP not interviewed""}, {""value"": ""-92.0"", ""label"": ""Refused""}, {""value"": ""-91.0"", ""label"": ""Not applicable""}, {""value"": ""-1.0"", ""label"": ""Don't know""}, {""value"": ""1.0"", ""label"": ""Most days""}, {""value"": ""2.0"", ""label"": ""More than once a week""}, {""value"": ""3.0"", ""label"": ""Once a week""}, {""value"": ""4.0"", ""label"": ""Less than once a week""}, {""value"": ""5.0"", ""label"": ""Hardly ever""}, {""value"": ""6.0"", ""label"": ""Never""}]"
974,W4CaruserYP0a,YP: Whether YP drives : A car or van,numeric,NOMINAL,-999.0 thru -1.0,"[{""value"": ""-99.0"", ""label"": ""YP not interviewed""}, {""value"": ""-92.0"", ""label"": ""Refused""}, {""value"": ""-91.0"", ""label"": ""Not applicable""}, {""value"": ""-1.0"", ""label"": ""Don't know""}, {""value"": ""0.0"", ""label"": ""Not mentioned""}, {""value"": ""1.0"", ""label"": ""Mentioned""}]"
975,W4CaruserYP0b,"YP: Whether YP drives : A motorcycle, moped or scooter",numeric,NOMINAL,-999.0 thru -1.0,"[{""value"": ""-99.0"", ""label"": ""YP not interviewed""}, {""value"": ""-92.0"", ""label"": ""Refused""}, {""value"": ""-91.0"", ""label"": ""Not applicable""}, {""value"": ""-1.0"", ""label"": ""Don't know""}, {""value"": ""0.0"", ""label"": ""Not mentioned""}, {""value"": ""1.0"", ""label"": ""Mentioned""}]"
976,W4CaruserYP0c,YP: Whether YP drives : None of these,numeric,NOMINAL,-999.0 thru -1.0,"[{""value"": ""-99.0"", ""label"": ""YP not interviewed""}, {""value"": ""-92.0"", ""label"": ""Refused""}, {""value"": ""-91.0"", ""label"": ""Not applicable""}, {""value"": ""-1.0"", ""label"": ""Don't know""}, {""value"": ""0.0"", ""label"": ""Not mentioned""}, {""value"": ""1.0"", ""label"": ""Mentioned""}]"
977,W4LicencesYP0a,YP: Whether YP has a driving licence : A moped licence (any kind),numeric,NOMINAL,-999.0 thru -1.0,"[{""value"": ""-99.0"", ""label"": ""YP not interviewed""}, {""value"": ""-92.0"", ""label"": ""Refused""}, {""value"": ""-91.0"", ""label"": ""Not applicable""}, {""value"": ""-1.0"", ""label"": ""Don't know""}, {""value"": ""0.0"", ""label"": ""Not mentioned""}, {""value"": ""1.0"", ""label"": ""Mentioned""}]"
978,W4LicencesYP0b,YP: Whether YP has a driving licence : A provisional motorcycle licence,numeric,NOMINAL,-999.0 thru -1.0,"[{""value"": ""-99.0"", ""label"": ""YP not interviewed""}, {""value"": ""-92.0"", ""label"": ""Refused""}, {""value"": ""-91.0"", ""label"": ""Not applicable""}, {""value"": ""-1.0"", ""label"": ""Don't know""}, {""value"": ""0.0"", ""label"": ""Not mentioned""}, {""value"": ""1.0"", ""label"": ""Mentioned""}]"
979,W4LicencesYP0c,YP: Whether YP has a driving licence : A full motorcycle licence,numeric,NOMINAL,-999.0 thru -1.0,"[{""value"": ""-99.0"", ""label"": ""YP not interviewed""}, {""value"": ""-92.0"", ""label"": ""Refused""}, {""value"": ""-91.0"", ""label"": ""Not applicable""}, {""value"": ""-1.0"", ""label"": ""Don't know""}, {""value"": ""0.0"", ""label"": ""Not mentioned""}, {""value"": ""1.0"", ""label"": ""Mentioned""}]"
980,W4LicencesYP0d,YP: Whether YP has a driving licence : A provisional car licence,numeric,NOMINAL,-999.0 thru -1.0,"[{""value"": ""-99.0"", ""label"": ""YP not interviewed""}, {""value"": ""-92.0"", ""label"": ""Refused""}, {""value"": ""-91.0"", ""label"": ""Not applicable""}, {""value"": ""-1.0"", ""label"": ""Don't know""}, {""value"": ""0.0"", ""label"": ""Not mentioned""}, {""value"": ""1.0"", ""label"": ""Mentioned""}]"
981,W4LicencesYP0e,YP: Whether YP has a driving licence : A full car licence,numeric,NOMINAL,-999.0 thru -1.0,"[{""value"": ""-99.0"", ""label"": ""YP not interviewed""}, {""value"": ""-92.0"", ""label"": ""Refused""}, {""value"": ""-91.0"", ""label"": ""Not applicable""}, {""value"": ""-1.0"", ""label"": ""Don't know""}, {""value"": ""0.0"", ""label"": ""Not mentioned""}, {""value"": ""1.0"", ""label"": ""Mentioned""}]"
982,W4LicencesYP0f,YP: Whether YP has a driving licence : None of these,numeric,NOMINAL,-999.0 thru -1.0,"[{""value"": ""-99.0"", ""label"": ""YP not interviewed""}, {""value"": ""-92.0"", ""label"": ""Refused""}, {""value"": ""-91.0"", ""label"": ""Not applicable""}, {""value"": ""-1.0"", ""label"": ""Don't know""}, {""value"": ""0.0"", ""label"": ""Not mentioned""}, {""value"": ""1.0"", ""label"": ""Mentioned""}]"
983,W4PCLapYP,YP: Whether YP owns a lap-top or PC computer,numeric,NOMINAL,-999.0 thru -1.0,"[{""value"": ""-99.0"", ""label"": ""YP not interviewed""}, {""value"": ""-92.0"", ""label"": ""Refused""}, {""value"": ""-91.0"", ""label"": ""Not applicable""}, {""value"": ""-1.0"", ""label"": ""Don't know""}, {""value"": ""1.0"", ""label"": ""Yes""}, {""value"": ""2.0"", ""label"": ""No""}]"
984,W4InternetYP,YP: Whether YP has access to the internet at home,numeric,NOMINAL,-999.0 thru -1.0,"[{""value"": ""-99.0"", ""label"": ""YP not interviewed""}, {""value"": ""-92.0"", ""label"": ""Refused""}, {""value"": ""-91.0"", ""label"": ""Not applicable""}, {""value"": ""-1.0"", ""label"": ""Don't know""}, {""value"": ""1.0"", ""label"": ""Yes""}, {""value"": ""2.0"", ""label"": ""No""}]"
985,W4AccTypeYP,Admin: Interviewer code YP type of accommodation,numeric,NOMINAL,-999.0 thru -1.0,"[{""value"": ""-99.0"", ""label"": ""YP not interviewed""}, {""value"": ""-92.0"", ""label"": ""Refused""}, {""value"": ""-91.0"", ""label"": ""Not applicable""}, {""value"": ""-1.0"", ""label"": ""Don't know""}, {""value"": ""1.0"", ""label"": ""Detached house/bungalow""}, {""value"": ""2.0"", ""label"": ""Semi-detached house/bungalow""}, {""value"": ""3.0"", ""label"": ""Terrace house/end terrace""}, {""value"": ""4.0"", ""label"": ""Purpose built flat/maisonette""}, {""value"": ""5.0"", ""label"": ""Self contained flat/maisonette in converted building""}, {""value"": ""6.0"", ""label"": ""Room(s) not self contained""}, {""value"": ""7.0"", ""label"": ""Caravan/mobile home/houseboat""}, {""value"": ""8.0"", ""label"": ""Other""}]"
986,W4ChPreYP0a,Admin: Who else present during YP interview : No-one else in room,numeric,NOMINAL,-999.0 thru -1.0,"[{""value"": ""-99.0"", ""label"": ""YP not interviewed""}, {""value"": ""-92.0"", ""label"": ""Refused""}, {""value"": ""-91.0"", ""label"": ""Not applicable""}, {""value"": ""-1.0"", ""label"": ""Don't know""}, {""value"": ""0.0"", ""label"": ""Not mentioned""}, {""value"": ""1.0"", ""label"": ""Mentioned""}]"
987,W4ChPreYP0b,Admin: Who else present during YP interview : Mother/ step-mother/ female guardian,numeric,NOMINAL,-999.0 thru -1.0,"[{""value"": ""-99.0"", ""label"": ""YP not interviewed""}, {""value"": ""-92.0"", ""label"": ""Refused""}, {""value"": ""-91.0"", ""label"": ""Not applicable""}, {""value"": ""-1.0"", ""label"": ""Don't know""}, {""value"": ""0.0"", ""label"": ""Not mentioned""}, {""value"": ""1.0"", ""label"": ""Mentioned""}]"
988,W4ChPreYP0c,Admin: Who else present during YP interview : Father/ step-father/ male guardian,numeric,NOMINAL,-999.0 thru -1.0,"[{""value"": ""-99.0"", ""label"": ""YP not interviewed""}, {""value"": ""-92.0"", ""label"": ""Refused""}, {""value"": ""-91.0"", ""label"": ""Not applicable""}, {""value"": ""-1.0"", ""label"": ""Don't know""}, {""value"": ""0.0"", ""label"": ""Not mentioned""}, {""value"": ""1.0"", ""label"": ""Mentioned""}]"
989,W4ChPreYP0d,Admin: Who else present during YP interview : (Step-) brother(s)/sister(s),numeric,NOMINAL,-999.0 thru -1.0,"[{""value"": ""-99.0"", ""label"": ""YP not interviewed""}, {""value"": ""-92.0"", ""label"": ""Refused""}, {""value"": ""-91.0"", ""label"": ""Not applicable""}, {""value"": ""-1.0"", ""label"": ""Don't know""}, {""value"": ""0.0"", ""label"": ""Not mentioned""}, {""value"": ""1.0"", ""label"": ""Mentioned""}]"
990,W4ChPreYP0e,Admin: Who else present during YP interview : Other adult relative(s),numeric,NOMINAL,-999.0 thru -1.0,"[{""value"": ""-99.0"", ""label"": ""YP not interviewed""}, {""value"": ""-92.0"", ""label"": ""Refused""}, {""value"": ""-91.0"", ""label"": ""Not applicable""}, {""value"": ""-1.0"", ""label"": ""Don't know""}, {""value"": ""0.0"", ""label"": ""Not mentioned""}, {""value"": ""1.0"", ""label"": ""Mentioned""}]"
991,W4ChPreYP0f,Admin: Who else present during YP interview : Other child(ren) under 16,numeric,NOMINAL,-999.0 thru -1.0,"[{""value"": ""-99.0"", ""label"": ""YP not interviewed""}, {""value"": ""-92.0"", ""label"": ""Refused""}, {""value"": ""-91.0"", ""label"": ""Not applicable""}, {""value"": ""-1.0"", ""label"": ""Don't know""}, {""value"": ""0.0"", ""label"": ""Not mentioned""}, {""value"": ""1.0"", ""label"": ""Mentioned""}]"
992,W4ChPreYP0g,Admin: Who else present during YP interview : Other adult(s) including visitor,numeric,NOMINAL,-999.0 thru -1.0,"[{""value"": ""-99.0"", ""label"": ""YP not interviewed""}, {""value"": ""-92.0"", ""label"": ""Refused""}, {""value"": ""-91.0"", ""label"": ""Not applicable""}, {""value"": ""-1.0"", ""label"": ""Don't know""}, {""value"": ""0.0"", ""label"": ""Not mentioned""}, {""value"": ""1.0"", ""label"": ""Mentioned""}]"
993,W4ChPreYP0h,Admin: Who else present during YP interview : Other (specify),numeric,NOMINAL,-999.0 thru -1.0,"[{""value"": ""-99.0"", ""label"": ""YP not interviewed""}, {""value"": ""-92.0"", ""label"": ""Refused""}, {""value"": ""-91.0"", ""label"": ""Not applicable""}, {""value"": ""-1.0"", ""label"": ""Don't know""}, {""value"": ""0.0"", ""label"": ""Not mentioned""}, {""value"": ""1.0"", ""label"": ""Mentioned""}]"
994,w4ethnic2YP,"DV: Young person's ethnic group (detailed) Source: Main W1 YP, Boost W4 YP & HH",numeric,NOMINAL,-999.0 thru -1.0,"[{""value"": ""-94.0"", ""label"": ""Insufficient information""}, {""value"": ""-1.0"", ""label"": ""Don't know""}, {""value"": ""1.0"", ""label"": ""White - British""}, {""value"": ""2.0"", ""label"": ""White - Irish""}, {""value"": ""3.0"", ""label"": ""Any other White background""}, {""value"": ""4.0"", ""label"": ""Mixed - White and Black Caribbean""}, {""value"": ""5.0"", ""label"": ""Mixed - White and Black African""}, {""value"": ""6.0"", ""label"": ""Mixed - White and Asian""}, {""value"": ""7.0"", ""label"": ""Any other mixed background""}, {""value"": ""8.0"", ""label"": ""Indian""}, {""value"": ""9.0"", ""label"": ""Pakistani""}, {""value"": ""10.0"", ""label"": ""Bangladeshi""}, {""value"": ""11.0"", ""label"": ""Any other Asian background""}, {""value"": ""12.0"", ""label"": ""Black Caribbean""}, {""value"": ""13.0"", ""label"": ""Black African""}, {""value"": ""14.0"", ""label"": ""Any other Black background""}, {""value"": ""15.0"", ""label"": ""Chinese""}, {""value"": ""16.0"", ""label"": ""Any other ethnic background""}]"
995,W4ethgrpYP,"DV: Young person's ethnic group (grouped) Source: Main W1 YP, Boost W4 YP & HH",numeric,NOMINAL,-999.0 thru -1.0,"[{""value"": ""-999.0"", ""label"": ""Missing household data""}, {""value"": ""-94.0"", ""label"": ""Insufficient information""}, {""value"": ""-92.0"", ""label"": ""Refused""}, {""value"": ""-1.0"", ""label"": ""Don't know""}, {""value"": ""1.0"", ""label"": ""White""}, {""value"": ""2.0"", ""label"": ""Mixed""}, {""value"": ""3.0"", ""label"": ""Indian""}, {""value"": ""4.0"", ""label"": ""Pakistani""}, {""value"": ""5.0"", ""label"": ""Bangladeshi""}, {""value"": ""6.0"", ""label"": ""Black Caribbean""}, {""value"": ""7.0"", ""label"": ""Black African""}, {""value"": ""8.0"", ""label"": ""Other""}]"
996,W4religYP,DV: YP's religion (Updated: W4 boost and W2 responses),numeric,NOMINAL,-999.0 thru -1.0,"[{""value"": ""-99.0"", ""label"": ""YP not interviewed""}, {""value"": ""-94.0"", ""label"": ""Insufficient information""}, {""value"": ""-92.0"", ""label"": ""Refused""}, {""value"": ""-91.0"", ""label"": ""Not applicable""}, {""value"": ""-1.0"", ""label"": ""Don't know""}, {""value"": ""1.0"", ""label"": ""None""}, {""value"": ""2.0"", ""label"": ""Christian""}, {""value"": ""3.0"", ""label"": ""Buddhist""}, {""value"": ""4.0"", ""label"": ""Hindu""}, {""value"": ""5.0"", ""label"": ""Jewish""}, {""value"": ""6.0"", ""label"": ""Muslim""}, {""value"": ""7.0"", ""label"": ""Sikh""}, {""value"": ""8.0"", ""label"": ""Another religion""}]"
997,W4relig2YP,DV: YP's Christian denomination (Updated: W4 boost and W2 responses),numeric,NOMINAL,-999.0 thru -1.0,"[{""value"": ""-94.0"", ""label"": ""Insufficient information""}, {""value"": ""-92.0"", ""label"": ""Refused""}, {""value"": ""-91.0"", ""label"": ""Not applicable""}, {""value"": ""-1.0"", ""label"": ""Don't know""}, {""value"": ""1.0"", ""label"": ""Roman Catholic""}, {""value"": ""2.0"", ""label"": ""Church of England""}, {""value"": ""3.0"", ""label"": ""Methodist""}, {""value"": ""4.0"", ""label"": ""United Reformed/ Presbyterian/ Congregational""}, {""value"": ""5.0"", ""label"": ""Baptist""}, {""value"": ""6.0"", ""label"": ""Other Christian""}]"
998,W4relig3YP,DV: Importance of religion to YP's way of life (Updated: W4 boost and W2 responses),numeric,NOMINAL,-999.0 thru -1.0,"[{""value"": ""-94.0"", ""label"": ""Insufficient information""}, {""value"": ""-92.0"", ""label"": ""Refused""}, {""value"": ""-91.0"", ""label"": ""Not applicable""}, {""value"": ""-1.0"", ""label"": ""Don't Know""}, {""value"": ""1.0"", ""label"": ""Very important""}, {""value"": ""2.0"", ""label"": ""Fairly important""}, {""value"": ""3.0"", ""label"": ""Not very important""}, {""value"": ""4.0"", ""label"": ""Not at all important""}]"
999,W4ghq12scr,DV: Young person GHQ12 score - 12 point scale,numeric,SCALE,-999.0 thru -1.0,"[{""value"": ""-99.0"", ""label"": ""YP not interviewed""}, {""value"": ""-97.0"", ""label"": ""YP refused self completion""}, {""value"": ""-96.0"", ""label"": ""YP using interpreter""}, {""value"": ""-92.0"", ""label"": ""Refused""}]"
1000,W4ghqg,"DV: Young person GHQ Score - grouped (0,1-3,4+)",numeric,SCALE,-999.0 thru -1.0,"[{""value"": ""-99.0"", ""label"": ""YP not interviewed""}, {""value"": ""-97.0"", ""label"": ""YP refused self completion""}, {""value"": ""-96.0"", ""label"": ""YP using interpreter""}, {""value"": ""-92.0"", ""label"": ""Refused""}, {""value"": ""1.0"", ""label"": ""Score 0""}, {""value"": ""2.0"", ""label"": ""Score 1-3""}, {""value"": ""3.0"", ""label"": ""Score 4+""}]"
1001,W4empsYP,DV: Employment status of young person,numeric,NOMINAL,-999.0 thru -1.0,"[{""value"": ""-999.0"", ""label"": ""Missing household information - lost""}, {""value"": ""-94.0"", ""label"": ""Insufficient information""}, {""value"": ""-92.0"", ""label"": ""Refused""}, {""value"": ""-91.0"", ""label"": ""Not applicable - still at school""}, {""value"": ""1.0"", ""label"": ""Doing paid work for 30 or more hours a week""}, {""value"": ""2.0"", ""label"": ""Doing paid work for fewer than 30 hours a week""}, {""value"": ""3.0"", ""label"": ""Unemployed/ Looking for a job""}, {""value"": ""4.0"", ""label"": ""On a training course or scheme""}, {""value"": ""5.0"", ""label"": ""In full-time education/ at school""}, {""value"": ""6.0"", ""label"": ""Looking after the family/ household""}, {""value"": ""7.0"", ""label"": ""Retired from work altogether""}, {""value"": ""8.0"", ""label"": ""Sick/ disabled""}, {""value"": ""9.0"", ""label"": ""Other""}]"
1002,W4empszYP,DV: Employment status/size of organisation for young person,numeric,NOMINAL,-999.0 thru -1.0,"[{""value"": ""-99.0"", ""label"": ""Young person not interviewed""}, {""value"": ""-94.0"", ""label"": ""Insufficient Information""}, {""value"": ""-91.0"", ""label"": ""Not applicable""}, {""value"": ""1.0"", ""label"": ""Employers - Large Organisations""}, {""value"": ""2.0"", ""label"": ""Employers - Small Organisations""}, {""value"": ""3.0"", ""label"": ""Self Employed - no employees""}, {""value"": ""4.0"", ""label"": ""Managers - Large Organisations""}, {""value"": ""5.0"", ""label"": ""Managers - Small Organisations""}, {""value"": ""6.0"", ""label"": ""Supervisors""}, {""value"": ""7.0"", ""label"": ""Other Employees""}]"
1003,W4nsseccatYP,DV: YP's NS-SEC operational category,numeric,NOMINAL,-999.0 thru -1.0,"[{""value"": ""-99.0"", ""label"": ""YP Not interviewed""}, {""value"": ""-91.0"", ""label"": ""Not applicable""}, {""value"": ""1.0"", ""label"": ""Employers in large organisations""}, {""value"": ""2.0"", ""label"": ""Higher managerial occupations""}, {""value"": ""3.1"", ""label"": ""Higher professional traditional employee""}, {""value"": ""3.2"", ""label"": ""Higher professional new employee""}, {""value"": ""3.3"", ""label"": ""Higher professional traditional self emp""}, {""value"": ""3.4"", ""label"": ""Higher professional new self emp""}, {""value"": ""4.1"", ""label"": ""Lower professional traditional employee""}, {""value"": ""4.2"", ""label"": ""Lower professional new employee""}, {""value"": ""4.3"", ""label"": ""Lower professional traditional self emp""}, {""value"": ""4.4"", ""label"": ""Lower professional new self emp""}, {""value"": ""5.0"", ""label"": ""Lower managerial occupations""}, {""value"": ""6.0"", ""label"": ""Higher supervisory occupations""}, {""value"": ""7.1"", ""label"": ""Intermediate clerical and administrative""}, {""value"": ""7.2"", ""label"": ""Intermediate sales and service""}, {""value"": ""7.3"", ""label"": ""Intermediate technical and auxiliary""}, {""value"": ""7.4"", ""label"": ""Intermediate engineering""}, {""value"": ""8.1"", ""label"": ""Employers in small orgs non-professional""}, {""value"": ""8.2"", ""label"": ""Employers in small orgs agriculture""}, {""value"": ""9.1"", ""label"": ""Own account workers non professional""}, {""value"": ""9.2"", ""label"": ""Own account workers agriculture""}, {""value"": ""10.0"", ""label"": ""Lower supervisory occupations""}, {""value"": ""11.1"", ""label"": ""Lower technical craft""}, {""value"": ""11.2"", ""label"": ""Lower technical process operative""}, {""value"": ""12.1"", ""label"": ""Semi routine sales""}, {""value"": ""12.2"", ""label"": ""Semi routine services""}, {""value"": ""12.3"", ""label"": ""Semi routine technical""}, {""value"": ""12.4"", ""label"": ""Semi routine operative""}, {""value"": ""12.5"", ""label"": ""Semi routine agricultural""}, {""value"": ""12.6"", ""label"": ""Semi routine clerical""}, {""value"": ""12.7"", ""label"": ""Semi routine childcare""}, {""value"": ""13.1"", ""label"": ""Routine sales and service""}, {""value"": ""13.2"", ""label"": ""Routine production""}, {""value"": ""13.3"", ""label"": ""Routine technical""}, {""value"": ""13.4"", ""label"": ""Routine operative""}, {""value"": ""13.5"", ""label"": ""Routine agricultural""}, {""value"": ""14.1"", ""label"": ""Never worked""}, {""value"": ""14.2"", ""label"": ""Long-term unemployed""}, {""value"": ""15.0"", ""label"": ""Full-time students""}, {""value"": ""16.0"", ""label"": ""Not classified or inadequately stated""}, {""value"": ""17.0"", ""label"": ""Not classifiable for other reasons""}]"
1004,W4nssecYP,DV: YP's NS-SEC class,numeric,NOMINAL,-999.0 thru -1.0,"[{""value"": ""-99.0"", ""label"": ""YP not interviewed""}, {""value"": ""-94.0"", ""label"": ""Insufficient information""}, {""value"": ""-91.0"", ""label"": ""Not applicable""}, {""value"": ""1.0"", ""label"": ""Higher Managerial and professional occupations""}, {""value"": ""2.0"", ""label"": ""Lower managerial and professional occupations""}, {""value"": ""3.0"", ""label"": ""Intermediate occupations""}, {""value"": ""4.0"", ""label"": ""Small employers and own account workers""}, {""value"": ""5.0"", ""label"": ""Lower supervisory and technical occupations""}, {""value"": ""6.0"", ""label"": ""Semi-routine occupations""}, {""value"": ""7.0"", ""label"": ""Routine occupations""}, {""value"": ""8.0"", ""label"": ""Never worked/long term unemployed""}]"
1005,W4disabYP,DV: Whether young person has a disability/long term illness that affects schooling,numeric,SCALE,-999.0 thru -1.0,"[{""value"": ""-99.0"", ""label"": ""YP not interviewed""}, {""value"": ""-94.0"", ""label"": ""Insufficient information""}, {""value"": ""-92.0"", ""label"": ""Refused""}, {""value"": ""-91.0"", ""label"": ""Not applicable""}, {""value"": ""-1.0"", ""label"": ""Don't know""}, {""value"": ""1.0"", ""label"": ""Has disability and schooling affected""}, {""value"": ""2.0"", ""label"": ""Has disability, but schooling not affected""}, {""value"": ""3.0"", ""label"": ""No disability or longstanding illness""}]"
1006,W4disab2YP,DV: Disability limiting young person's activity,numeric,NOMINAL,-999.0 thru -1.0,"[{""value"": ""-99.0"", ""label"": ""YP not interviewed""}, {""value"": ""-97.0"", ""label"": ""No parent in household""}, {""value"": ""-94.0"", ""label"": ""Insufficient information""}, {""value"": ""-92.0"", ""label"": ""Refused""}, {""value"": ""-91.0"", ""label"": ""Not applicable""}, {""value"": ""-1.0"", ""label"": ""Don't know""}, {""value"": ""1.0"", ""label"": ""Disability limiting activity""}, {""value"": ""2.0"", ""label"": ""Disability not limiting activity""}, {""value"": ""3.0"", ""label"": ""No disability""}]"
1007,W4debtattYP,DV: Young person's attitude to debt (additive),numeric,SCALE,-999.0 thru -1.0,"[{""value"": ""-99.0"", ""label"": ""YP not interviewed""}, {""value"": ""-94.0"", ""label"": ""Insufficient information""}, {""value"": ""-92.0"", ""label"": ""Refused""}, {""value"": ""-91.0"", ""label"": ""Not applicable""}, {""value"": ""-1.0"", ""label"": ""Don't know""}]"
1008,W4schatYP,DV: Young person's attitude to school (additive),numeric,SCALE,-999.0 thru -1.0,"[{""value"": ""-99.0"", ""label"": ""YP not interviewed""}, {""value"": ""-1.0"", ""label"": ""Don't know""}]"
1009,w4als,DV: Number of A2/AS levels being studied,numeric,SCALE,-999.0 thru -1.0,"[{""value"": ""1.0"", ""label"": ""2+""}, {""value"": ""2.0"", ""label"": ""1""}, {""value"": ""3.0"", ""label"": ""Not known""}, {""value"": ""4.0"", ""label"": ""None""}]"
1010,w4gcse,DV: Number of GCSEs studied,numeric,SCALE,-999.0 thru -1.0,"[{""value"": ""1.0"", ""label"": ""5+""}, {""value"": ""2.0"", ""label"": ""1-4""}, {""value"": ""3.0"", ""label"": ""Unknown""}, {""value"": ""4.0"", ""label"": ""None""}]"
1011,w4acqno,DV: Highest academic qualification studied,numeric,SCALE,-999.0 thru -1.0,"[{""value"": ""1.0"", ""label"": ""2+ A/AS""}, {""value"": ""2.0"", ""label"": ""1 A/AS""}, {""value"": ""3.0"", ""label"": ""5+ GCSE""}, {""value"": ""4.0"", ""label"": ""1-4 GCSE""}, {""value"": ""5.0"", ""label"": ""Other""}, {""value"": ""6.0"", ""label"": ""No detail""}, {""value"": ""7.0"", ""label"": ""No academic study aim""}]"
1012,w4nvq,DV: Highest NVQ studied regardless of whether full/units,numeric,SCALE,-999.0 thru -1.0,"[{""value"": ""1.0"", ""label"": ""Level 3""}, {""value"": ""2.0"", ""label"": ""Level 2""}, {""value"": ""3.0"", ""label"": ""Level 1""}, {""value"": ""4.0"", ""label"": ""Level unknown""}, {""value"": ""5.0"", ""label"": ""None""}]"
1013,w4nvqf,DV: Highest full NVQ studied,numeric,SCALE,-999.0 thru -1.0,"[{""value"": ""1.0"", ""label"": ""Level 3""}, {""value"": ""2.0"", ""label"": ""Level 2""}, {""value"": ""3.0"", ""label"": ""Level 1""}, {""value"": ""4.0"", ""label"": ""Level unknown""}, {""value"": ""5.0"", ""label"": ""None""}]"
1014,w4nvqp,DV: Highest part NVQ studied,numeric,SCALE,-999.0 thru -1.0,"[{""value"": ""1.0"", ""label"": ""Level 3""}, {""value"": ""2.0"", ""label"": ""Level 2""}, {""value"": ""3.0"", ""label"": ""Level 1""}, {""value"": ""4.0"", ""label"": ""Level unknown""}, {""value"": ""5.0"", ""label"": ""None""}]"
1015,w4nvqu,DV: Highest NVQ studied where full/units is unknown,numeric,SCALE,-999.0 thru -1.0,"[{""value"": ""1.0"", ""label"": ""Level 3""}, {""value"": ""2.0"", ""label"": ""Level 2""}, {""value"": ""3.0"", ""label"": ""Level 1""}, {""value"": ""4.0"", ""label"": ""Level unknown""}, {""value"": ""5.0"", ""label"": ""None""}]"
1016,w4gnvq,DV: Highest GNVQ regardless of whether full or part,numeric,SCALE,-999.0 thru -1.0,"[{""value"": ""1.0"", ""label"": ""Intermediate""}, {""value"": ""2.0"", ""label"": ""Foundation""}, {""value"": ""3.0"", ""label"": ""Not sure""}, {""value"": ""4.0"", ""label"": ""None""}]"
1017,w4gnvqp,DV: Highest part GNVQ currently studied,numeric,SCALE,-999.0 thru -1.0,"[{""value"": ""1.0"", ""label"": ""Intermediate""}, {""value"": ""2.0"", ""label"": ""Foundation""}, {""value"": ""3.0"", ""label"": ""None""}]"
1018,w4gnvqf,DV: Highest full GNVQ studied,numeric,SCALE,-999.0 thru -1.0,"[{""value"": ""1.0"", ""label"": ""Intermediate""}, {""value"": ""2.0"", ""label"": ""Foundation""}, {""value"": ""3.0"", ""label"": ""None""}]"
1019,w4othvoq,DV: Highest vocational NVQ equivalent being studied,numeric,SCALE,-999.0 thru -1.0,"[{""value"": ""1.0"", ""label"": ""Level 3""}, {""value"": ""2.0"", ""label"": ""Level 2""}, {""value"": ""3.0"", ""label"": ""Level 1""}, {""value"": ""4.0"", ""label"": ""Level unknown""}, {""value"": ""5.0"", ""label"": ""None""}]"
1020,w4avce,DV: Highest AVCE being studied for,numeric,SCALE,-999.0 thru -1.0,"[{""value"": ""1.0"", ""label"": ""AVCE double award""}, {""value"": ""2.0"", ""label"": ""6 unit AVCE""}, {""value"": ""3.0"", ""label"": ""3 unit AVCE""}, {""value"": ""4.0"", ""label"": ""Single AVCE, no. of units unsure""}, {""value"": ""5.0"", ""label"": ""None""}]"
1021,w4voqno,DV: Highest full vocational qualification sought,numeric,SCALE,-999.0 thru -1.0,"[{""value"": ""1.0"", ""label"": ""Level 3""}, {""value"": ""2.0"", ""label"": ""Level 2""}, {""value"": ""3.0"", ""label"": ""Level 1""}, {""value"": ""4.0"", ""label"": ""Not sure""}, {""value"": ""5.0"", ""label"": ""No detail""}, {""value"": ""6.0"", ""label"": ""None""}]"
1022,w4voqnox,DV: Highest vocational qualification sought regardless of whether full / units,numeric,SCALE,-999.0 thru -1.0,"[{""value"": ""1.0"", ""label"": ""Level 3""}, {""value"": ""2.0"", ""label"": ""Level 2""}, {""value"": ""3.0"", ""label"": ""Level 1""}, {""value"": ""4.0"", ""label"": ""Not sure""}, {""value"": ""5.0"", ""label"": ""No detail""}, {""value"": ""6.0"", ""label"": ""None""}]"
1023,w4saim,DV: Main study aim,numeric,SCALE,-999.0 thru -1.0,"[{""value"": ""1.0"", ""label"": ""NVQ 3""}, {""value"": ""2.0"", ""label"": ""AVCE""}, {""value"": ""3.0"", ""label"": ""A/AS""}, {""value"": ""4.0"", ""label"": ""Other level 3""}, {""value"": ""5.0"", ""label"": ""NVQ 2""}, {""value"": ""6.0"", ""label"": ""Intermediate GNVQ""}, {""value"": ""7.0"", ""label"": ""Other level 2""}, {""value"": ""8.0"", ""label"": ""GCSE""}, {""value"": ""9.0"", ""label"": ""NVQ 1""}, {""value"": ""10.0"", ""label"": ""Foundation""}, {""value"": ""11.0"", ""label"": ""Other level 1""}, {""value"": ""12.0"", ""label"": ""Other""}, {""value"": ""13.0"", ""label"": ""No detail""}, {""value"": ""14.0"", ""label"": ""Not studying""}]"
1024,w4act1,DV: Current activity,numeric,SCALE,-999.0 thru -1.0,"[{""value"": ""-92.0"", ""label"": ""Refused""}, {""value"": ""-9.0"", ""label"": ""Not answered""}, {""value"": ""1.0"", ""label"": ""GST""}, {""value"": ""2.0"", ""label"": ""FT Education""}, {""value"": ""3.0"", ""label"": ""FT job""}, {""value"": ""4.0"", ""label"": ""Part-time job""}, {""value"": ""5.0"", ""label"": ""Looking after home or family""}, {""value"": ""6.0"", ""label"": ""Looking for work/ Unemployed""}, {""value"": ""7.0"", ""label"": ""Doing something else""}]"
1025,w4ed_tr1,DV: Education and training detail,numeric,SCALE,-999.0 thru -1.0,"[{""value"": ""-91.0"", ""label"": ""Not applicable""}, {""value"": ""1.0"", ""label"": ""FT Ed""}, {""value"": ""2.0"", ""label"": ""Employed with training""}, {""value"": ""3.0"", ""label"": ""Employed without training""}, {""value"": ""4.0"", ""label"": ""Other Education / Training""}, {""value"": ""5.0"", ""label"": ""GST""}, {""value"": ""9.0"", ""label"": ""NEET""}]"
1026,W4hesub1YP,DV: Subject area of degree YP would like to study: Medicine & dentistry,numeric,NOMINAL,-999.0 thru -1.0,"[{""value"": ""-997.0"", ""label"": ""Script error""}, {""value"": ""-99.0"", ""label"": ""YP not interviewed""}, {""value"": ""-95.0"", ""label"": ""YP not planning on going to university""}, {""value"": ""-93.0"", ""label"": ""YP not sure whether want to go to university/hasn't decided""}, {""value"": ""-91.0"", ""label"": ""YP doesn't want to stay in FT education/doesn't want to retu""}, {""value"": ""0.0"", ""label"": ""Not Mentioned""}, {""value"": ""1.0"", ""label"": ""Mentioned""}]"
1027,W4hesub2YP,DV: Subject area of degree YP would like to study: Subjects allied to medicine,numeric,NOMINAL,-999.0 thru -1.0,"[{""value"": ""-997.0"", ""label"": ""Script error""}, {""value"": ""-99.0"", ""label"": ""YP not interviewed""}, {""value"": ""-95.0"", ""label"": ""YP not planning on going to university""}, {""value"": ""-93.0"", ""label"": ""YP not sure whether want to go to university/hasn't decided""}, {""value"": ""-91.0"", ""label"": ""YP doesn't want to stay in FT education/doesn't want to retu""}, {""value"": ""0.0"", ""label"": ""Not Mentioned""}, {""value"": ""1.0"", ""label"": ""Mentioned""}]"
1028,W4hesub3YP,DV: Subject area of degree YP would like to study: Biological sciences,numeric,NOMINAL,-999.0 thru -1.0,"[{""value"": ""-997.0"", ""label"": ""Script error""}, {""value"": ""-99.0"", ""label"": ""YP not interviewed""}, {""value"": ""-95.0"", ""label"": ""YP not planning on going to university""}, {""value"": ""-93.0"", ""label"": ""YP not sure whether want to go to university/hasn't decided""}, {""value"": ""-91.0"", ""label"": ""YP doesn't want to stay in FT education/doesn't want to retu""}, {""value"": ""0.0"", ""label"": ""Not Mentioned""}, {""value"": ""1.0"", ""label"": ""Mentioned""}]"
1029,W4hesub4YP,DV: Subject area of degree YP would like to study: Veterinary science,numeric,NOMINAL,-999.0 thru -1.0,"[{""value"": ""-997.0"", ""label"": ""Script error""}, {""value"": ""-99.0"", ""label"": ""YP not interviewed""}, {""value"": ""-95.0"", ""label"": ""YP not planning on going to university""}, {""value"": ""-93.0"", ""label"": ""YP not sure whether want to go to university/hasn't decided""}, {""value"": ""-91.0"", ""label"": ""YP doesn't want to stay in FT education/doesn't want to retu""}, {""value"": ""0.0"", ""label"": ""Not Mentioned""}, {""value"": ""1.0"", ""label"": ""Mentioned""}]"
1030,W4hesub5YP,DV: Subject area of degree YP would like to study: Agriculture & related subjects,numeric,NOMINAL,-999.0 thru -1.0,"[{""value"": ""-997.0"", ""label"": ""Script error""}, {""value"": ""-99.0"", ""label"": ""YP not interviewed""}, {""value"": ""-95.0"", ""label"": ""YP not planning on going to university""}, {""value"": ""-93.0"", ""label"": ""YP not sure whether want to go to university/hasn't decided""}, {""value"": ""-91.0"", ""label"": ""YP doesn't want to stay in FT education/doesn't want to retu""}, {""value"": ""0.0"", ""label"": ""Not Mentioned""}, {""value"": ""1.0"", ""label"": ""Mentioned""}]"
1031,W4hesub6YP,DV: Subject area of degree YP would like to study: Physical sciences,numeric,NOMINAL,-999.0 thru -1.0,"[{""value"": ""-997.0"", ""label"": ""Script error""}, {""value"": ""-99.0"", ""label"": ""YP not interviewed""}, {""value"": ""-95.0"", ""label"": ""YP not planning on going to university""}, {""value"": ""-93.0"", ""label"": ""YP not sure whether want to go to university/hasn't decided""}, {""value"": ""-91.0"", ""label"": ""YP doesn't want to stay in FT education/doesn't want to retu""}, {""value"": ""0.0"", ""label"": ""Not Mentioned""}, {""value"": ""1.0"", ""label"": ""Mentioned""}]"
1032,W4hesub7YP,DV: Subject area of degree YP would like to study: Mathematical sciences,numeric,NOMINAL,-999.0 thru -1.0,"[{""value"": ""-997.0"", ""label"": ""Script error""}, {""value"": ""-99.0"", ""label"": ""YP not interviewed""}, {""value"": ""-95.0"", ""label"": ""YP not planning on going to university""}, {""value"": ""-93.0"", ""label"": ""YP not sure whether want to go to university/hasn't decided""}, {""value"": ""-91.0"", ""label"": ""YP doesn't want to stay in FT education/doesn't want to retu""}, {""value"": ""0.0"", ""label"": ""Not Mentioned""}, {""value"": ""1.0"", ""label"": ""Mentioned""}]"
1033,W4hesub8YP,DV: Subject area of degree YP would like to study: Computer science,numeric,NOMINAL,-999.0 thru -1.0,"[{""value"": ""-997.0"", ""label"": ""Script error""}, {""value"": ""-99.0"", ""label"": ""YP not interviewed""}, {""value"": ""-95.0"", ""label"": ""YP not planning on going to university""}, {""value"": ""-93.0"", ""label"": ""YP not sure whether want to go to university/hasn't decided""}, {""value"": ""-91.0"", ""label"": ""YP doesn't want to stay in FT education/doesn't want to retu""}, {""value"": ""0.0"", ""label"": ""Not Mentioned""}, {""value"": ""1.0"", ""label"": ""Mentioned""}]"
1034,W4hesub9YP,DV: Subject area of degree YP would like to study: Engineering & technology,numeric,NOMINAL,-999.0 thru -1.0,"[{""value"": ""-997.0"", ""label"": ""Script error""}, {""value"": ""-99.0"", ""label"": ""YP not interviewed""}, {""value"": ""-95.0"", ""label"": ""YP not planning on going to university""}, {""value"": ""-93.0"", ""label"": ""YP not sure whether want to go to university/hasn't decided""}, {""value"": ""-91.0"", ""label"": ""YP doesn't want to stay in FT education/doesn't want to retu""}, {""value"": ""0.0"", ""label"": ""Not Mentioned""}, {""value"": ""1.0"", ""label"": ""Mentioned""}]"
1035,W4hesub10YP,"DV: Subject area of degree YP would like to study: Architecture, building & planning",numeric,NOMINAL,-999.0 thru -1.0,"[{""value"": ""-997.0"", ""label"": ""Script error""}, {""value"": ""-99.0"", ""label"": ""YP not interviewed""}, {""value"": ""-95.0"", ""label"": ""YP not planning on going to university""}, {""value"": ""-93.0"", ""label"": ""YP not sure whether want to go to university/hasn't decided""}, {""value"": ""-91.0"", ""label"": ""YP doesn't want to stay in FT education/doesn't want to retu""}, {""value"": ""0.0"", ""label"": ""Not Mentioned""}, {""value"": ""1.0"", ""label"": ""Mentioned""}]"
1036,W4hesub11YP,DV: Subject area of degree YP would like to study: Social studies,numeric,NOMINAL,-999.0 thru -1.0,"[{""value"": ""-997.0"", ""label"": ""Script error""}, {""value"": ""-99.0"", ""label"": ""YP not interviewed""}, {""value"": ""-95.0"", ""label"": ""YP not planning on going to university""}, {""value"": ""-93.0"", ""label"": ""YP not sure whether want to go to university/hasn't decided""}, {""value"": ""-91.0"", ""label"": ""YP doesn't want to stay in FT education/doesn't want to retu""}, {""value"": ""0.0"", ""label"": ""Not Mentioned""}, {""value"": ""1.0"", ""label"": ""Mentioned""}]"
1037,W4hesub12YP,DV: Subject area of degree YP would like to study: Law,numeric,NOMINAL,-999.0 thru -1.0,"[{""value"": ""-997.0"", ""label"": ""Script error""}, {""value"": ""-99.0"", ""label"": ""YP not interviewed""}, {""value"": ""-95.0"", ""label"": ""YP not planning on going to university""}, {""value"": ""-93.0"", ""label"": ""YP not sure whether want to go to university/hasn't decided""}, {""value"": ""-91.0"", ""label"": ""YP doesn't want to stay in FT education/doesn't want to retu""}, {""value"": ""0.0"", ""label"": ""Not Mentioned""}, {""value"": ""1.0"", ""label"": ""Mentioned""}]"
1038,W4hesub13YP,DV: Subject area of degree YP would like to study: Business & administrative studies,numeric,NOMINAL,-999.0 thru -1.0,"[{""value"": ""-997.0"", ""label"": ""Script error""}, {""value"": ""-99.0"", ""label"": ""YP not interviewed""}, {""value"": ""-95.0"", ""label"": ""YP not planning on going to university""}, {""value"": ""-93.0"", ""label"": ""YP not sure whether want to go to university/hasn't decided""}, {""value"": ""-91.0"", ""label"": ""YP doesn't want to stay in FT education/doesn't want to retu""}, {""value"": ""0.0"", ""label"": ""Not Mentioned""}, {""value"": ""1.0"", ""label"": ""Mentioned""}]"
1039,W4hesub14YP,DV: Subject area of degree YP would like to study: Mass communications & documentation,numeric,NOMINAL,-999.0 thru -1.0,"[{""value"": ""-997.0"", ""label"": ""Script error""}, {""value"": ""-99.0"", ""label"": ""YP not interviewed""}, {""value"": ""-95.0"", ""label"": ""YP not planning on going to university""}, {""value"": ""-93.0"", ""label"": ""YP not sure whether want to go to university/hasn't decided""}, {""value"": ""-91.0"", ""label"": ""YP doesn't want to stay in FT education/doesn't want to retu""}, {""value"": ""0.0"", ""label"": ""Not Mentioned""}, {""value"": ""1.0"", ""label"": ""Mentioned""}]"
1040,W4hesub15YP,DV: Subject area of degree YP would like to study: Languages,numeric,NOMINAL,-999.0 thru -1.0,"[{""value"": ""-997.0"", ""label"": ""Script error""}, {""value"": ""-99.0"", ""label"": ""YP not interviewed""}, {""value"": ""-95.0"", ""label"": ""YP not planning on going to university""}, {""value"": ""-93.0"", ""label"": ""YP not sure whether want to go to university/hasn't decided""}, {""value"": ""-91.0"", ""label"": ""YP doesn't want to stay in FT education/doesn't want to retu""}, {""value"": ""0.0"", ""label"": ""Not Mentioned""}, {""value"": ""1.0"", ""label"": ""Mentioned""}]"
1041,W4hesub16YP,DV: Subject area of degree YP would like to study: Historical & philosophical studies,numeric,NOMINAL,-999.0 thru -1.0,"[{""value"": ""-997.0"", ""label"": ""Script error""}, {""value"": ""-99.0"", ""label"": ""YP not interviewed""}, {""value"": ""-95.0"", ""label"": ""YP not planning on going to university""}, {""value"": ""-93.0"", ""label"": ""YP not sure whether want to go to university/hasn't decided""}, {""value"": ""-91.0"", ""label"": ""YP doesn't want to stay in FT education/doesn't want to retu""}, {""value"": ""0.0"", ""label"": ""Not Mentioned""}, {""value"": ""1.0"", ""label"": ""Mentioned""}]"
1042,W4hesub17YP,DV: Subject area of degree YP would like to study: Creative arts & design,numeric,NOMINAL,-999.0 thru -1.0,"[{""value"": ""-997.0"", ""label"": ""Script error""}, {""value"": ""-99.0"", ""label"": ""YP not interviewed""}, {""value"": ""-95.0"", ""label"": ""YP not planning on going to university""}, {""value"": ""-93.0"", ""label"": ""YP not sure whether want to go to university/hasn't decided""}, {""value"": ""-91.0"", ""label"": ""YP doesn't want to stay in FT education/doesn't want to retu""}, {""value"": ""0.0"", ""label"": ""Not Mentioned""}, {""value"": ""1.0"", ""label"": ""Mentioned""}]"
1043,W4hesub18YP,DV: Subject area of degree YP would like to study: Education,numeric,NOMINAL,-999.0 thru -1.0,"[{""value"": ""-997.0"", ""label"": ""Script error""}, {""value"": ""-99.0"", ""label"": ""YP not interviewed""}, {""value"": ""-95.0"", ""label"": ""YP not planning on going to university""}, {""value"": ""-93.0"", ""label"": ""YP not sure whether want to go to university/hasn't decided""}, {""value"": ""-91.0"", ""label"": ""YP doesn't want to stay in FT education/doesn't want to retu""}, {""value"": ""0.0"", ""label"": ""Not Mentioned""}, {""value"": ""1.0"", ""label"": ""Mentioned""}]"
1044,W4hesub19YP,DV: Subject area of degree YP would like to study: Combined or general courses,numeric,NOMINAL,-999.0 thru -1.0,"[{""value"": ""-997.0"", ""label"": ""Script error""}, {""value"": ""-99.0"", ""label"": ""YP not interviewed""}, {""value"": ""-95.0"", ""label"": ""YP not planning on going to university""}, {""value"": ""-93.0"", ""label"": ""YP not sure whether want to go to university/hasn't decided""}, {""value"": ""-91.0"", ""label"": ""YP doesn't want to stay in FT education/doesn't want to retu""}, {""value"": ""0.0"", ""label"": ""Not Mentioned""}, {""value"": ""1.0"", ""label"": ""Mentioned""}]"
1045,W4hesub20YP,DV: Subject area of degree YP would like to study: Other courses not elsewhere classified,numeric,NOMINAL,-999.0 thru -1.0,"[{""value"": ""-997.0"", ""label"": ""Script error""}, {""value"": ""-99.0"", ""label"": ""YP not interviewed""}, {""value"": ""-95.0"", ""label"": ""YP not planning on going to university""}, {""value"": ""-93.0"", ""label"": ""YP not sure whether want to go to university/hasn't decided""}, {""value"": ""-91.0"", ""label"": ""YP doesn't want to stay in FT education/doesn't want to retu""}, {""value"": ""0.0"", ""label"": ""Not Mentioned""}, {""value"": ""1.0"", ""label"": ""Mentioned""}]"
1046,W4hesub21YP,DV: Subject area of degree YP would like to study: Don't know,numeric,NOMINAL,-999.0 thru -1.0,"[{""value"": ""-997.0"", ""label"": ""Script error""}, {""value"": ""-99.0"", ""label"": ""YP not interviewed""}, {""value"": ""-95.0"", ""label"": ""YP not planning on going to university""}, {""value"": ""-93.0"", ""label"": ""YP not sure whether want to go to university/hasn't decided""}, {""value"": ""-91.0"", ""label"": ""YP doesn't want to stay in FT education/doesn't want to retu""}, {""value"": ""0.0"", ""label"": ""Not Mentioned""}, {""value"": ""1.0"", ""label"": ""Mentioned""}]"
1047,W4hesub22YP,DV: Subject area of degree YP would like to study: Refused,numeric,NOMINAL,-999.0 thru -1.0,"[{""value"": ""-997.0"", ""label"": ""Script error""}, {""value"": ""-99.0"", ""label"": ""YP not interviewed""}, {""value"": ""-95.0"", ""label"": ""YP not planning on going to university""}, {""value"": ""-93.0"", ""label"": ""YP not sure whether want to go to university/hasn't decided""}, {""value"": ""-91.0"", ""label"": ""YP doesn't want to stay in FT education/doesn't want to retu""}, {""value"": ""0.0"", ""label"": ""Not Mentioned""}, {""value"": ""1.0"", ""label"": ""Mentioned""}]"
1048,W4hesub23YP,DV: Subject area of degree YP would like to study: Insufficient information to classify,numeric,NOMINAL,-999.0 thru -1.0,"[{""value"": ""-997.0"", ""label"": ""Script error""}, {""value"": ""-99.0"", ""label"": ""YP not interviewed""}, {""value"": ""-95.0"", ""label"": ""YP not planning on going to university""}, {""value"": ""-93.0"", ""label"": ""YP not sure whether want to go to university/hasn't decided""}, {""value"": ""-91.0"", ""label"": ""YP doesn't want to stay in FT education/doesn't want to retu""}, {""value"": ""0.0"", ""label"": ""Not Mentioned""}, {""value"": ""1.0"", ""label"": ""Mentioned""}]"
1049,W4hesciYP,DV: Whether YP would like to study for a science degree,numeric,NOMINAL,-999.0 thru -1.0,"[{""value"": ""-997.0"", ""label"": ""Script error""}, {""value"": ""-99.0"", ""label"": ""YP not interviewed""}, {""value"": ""-95.0"", ""label"": ""YP not planning on going to university""}, {""value"": ""-94.0"", ""label"": ""Insufficient information""}, {""value"": ""-93.0"", ""label"": ""YP not sure whether want to go to university/hasn't decided""}, {""value"": ""-91.0"", ""label"": ""YP doesn't want to stay in FT education/doesn't want to retu""}, {""value"": ""0.0"", ""label"": ""No""}, {""value"": ""1.0"", ""label"": ""Yes""}]"
