pos,variable,variable_label,variable_type,measurement_level,spss_user_missing_values,value_labels_json
1,NSID,NSID - cohort member identifier,NA,NA,NA,[]
2,W4Weight_MAIN_BOOST,Weight: Cross-sectional weight for main and boost sample respondents,numeric,SCALE,-999.0 thru -1.0,"[{""value"": ""-91.0"", ""label"": ""Not applicable""}]"
3,W4Weight_MAIN,Weight: Longitudinal weight for W1 to W4 respondents,numeric,SCALE,-999.0 thru -1.0,"[{""value"": ""-91.0"", ""label"": ""Not applicable""}]"
4,SampPSU,Sampling: School (primary sampling unit),numeric,SCALE,-999.0 thru -1.0,"[{""value"": ""-91.0"", ""label"": ""Not applicable""}]"
5,SampStratum,Sampling: Stratum,numeric,SCALE,-999.0 thru -1.0,"[{""value"": ""-91.0"", ""label"": ""Not applicable""}]"
6,W4Boost,Admin: Whether this is a boost respondent,numeric,NOMINAL,-999.0 thru -1.0,"[{""value"": ""1.0"", ""label"": ""Yes""}, {""value"": ""2.0"", ""label"": ""No""}]"
7,W4intmonth,Admin: Month of W4 interview,numeric,SCALE,-999.0 thru -1.0,"[{""value"": ""-999.0"", ""label"": ""Missing information""}, {""value"": ""6.0"", ""label"": ""June""}, {""value"": ""7.0"", ""label"": ""July""}, {""value"": ""8.0"", ""label"": ""August""}, {""value"": ""9.0"", ""label"": ""September""}, {""value"": ""10.0"", ""label"": ""October""}]"
8,W4intyear,Admin: Year of W4 interview,numeric,SCALE,-999.0 thru -1.0,"[{""value"": ""-999.0"", ""label"": ""Missing information""}]"
9,W4Mainres,HH: Main parent position,numeric,NOMINAL,-999.0 thru -1.0,"[{""value"": ""-999.0"", ""label"": ""Household grid missing""}, {""value"": ""-997.0"", ""label"": ""Script error""}, {""value"": ""-92.0"", ""label"": ""Refused""}, {""value"": ""-91.0"", ""label"": ""Not applicable""}, {""value"": ""-1.0"", ""label"": ""Don't know""}, {""value"": ""1.0"", ""label"": ""Household member number 1""}, {""value"": ""2.0"", ""label"": ""Household member number 2""}, {""value"": ""3.0"", ""label"": ""Household member number 3""}, {""value"": ""4.0"", ""label"": ""Household member number 4""}, {""value"": ""5.0"", ""label"": ""Household member number 5""}, {""value"": ""6.0"", ""label"": ""Household member number 6""}, {""value"": ""7.0"", ""label"": ""Household member number 7""}, {""value"": ""8.0"", ""label"": ""Household member number 8""}, {""value"": ""9.0"", ""label"": ""Household member number 9""}, {""value"": ""10.0"", ""label"": ""Household member number 10""}, {""value"": ""11.0"", ""label"": ""Household member number 11""}, {""value"": ""12.0"", ""label"": ""Household member number 12""}, {""value"": ""13.0"", ""label"": ""Household member number 13""}, {""value"": ""14.0"", ""label"": ""Household member number 14""}, {""value"": ""15.0"", ""label"": ""Household member number 15""}, {""value"": ""16.0"", ""label"": ""Household member number 16""}, {""value"": ""17.0"", ""label"": ""Household member number 17""}, {""value"": ""18.0"", ""label"": ""Household member number 18""}, {""value"": ""19.0"", ""label"": ""Household member number 19""}, {""value"": ""20.0"", ""label"": ""Household member number 20""}, {""value"": ""21.0"", ""label"": ""Non household member""}]"
10,W4Secores,HH: Second parent position,numeric,NOMINAL,-999.0 thru -1.0,"[{""value"": ""-999.0"", ""label"": ""Household grid missing""}, {""value"": ""-997.0"", ""label"": ""Script error""}, {""value"": ""-98.0"", ""label"": ""SP not present""}, {""value"": ""2.0"", ""label"": ""Household member number 2""}, {""value"": ""3.0"", ""label"": ""Household member number 3""}, {""value"": ""4.0"", ""label"": ""Household member number 4""}, {""value"": ""5.0"", ""label"": ""Household member number 5""}, {""value"": ""6.0"", ""label"": ""Household member number 6""}, {""value"": ""7.0"", ""label"": ""Household member number 7""}, {""value"": ""8.0"", ""label"": ""Household member number 8""}, {""value"": ""9.0"", ""label"": ""Household member number 9""}, {""value"": ""10.0"", ""label"": ""Household member number 10""}, {""value"": ""11.0"", ""label"": ""Household member number 11""}, {""value"": ""12.0"", ""label"": ""Household member number 12""}, {""value"": ""13.0"", ""label"": ""Household member number 13""}, {""value"": ""14.0"", ""label"": ""Household member number 14""}, {""value"": ""15.0"", ""label"": ""Household member number 15""}, {""value"": ""16.0"", ""label"": ""Household member number 16""}]"
11,W4Hrefper,HH: Household reference person position,numeric,NOMINAL,-999.0 thru -1.0,"[{""value"": ""-999.0"", ""label"": ""Household grid missing""}, {""value"": ""-997.0"", ""label"": ""Script error""}, {""value"": ""-92.0"", ""label"": ""Refused""}, {""value"": ""-91.0"", ""label"": ""Not applicable""}, {""value"": ""-1.0"", ""label"": ""Don't know""}, {""value"": ""1.0"", ""label"": ""Household member number 1""}, {""value"": ""2.0"", ""label"": ""Household member number 2""}, {""value"": ""3.0"", ""label"": ""Household member number 3""}, {""value"": ""4.0"", ""label"": ""Household member number 4""}, {""value"": ""5.0"", ""label"": ""Household member number 5""}, {""value"": ""6.0"", ""label"": ""Household member number 6""}, {""value"": ""7.0"", ""label"": ""Household member number 7""}, {""value"": ""8.0"", ""label"": ""Household member number 8""}, {""value"": ""9.0"", ""label"": ""Household member number 9""}, {""value"": ""10.0"", ""label"": ""Household member number 10""}, {""value"": ""11.0"", ""label"": ""Household member number 11""}, {""value"": ""12.0"", ""label"": ""Household member number 12""}, {""value"": ""13.0"", ""label"": ""Household member number 13""}, {""value"": ""14.0"", ""label"": ""Household member number 14""}, {""value"": ""15.0"", ""label"": ""Household member number 15""}, {""value"": ""16.0"", ""label"": ""Household member number 16""}, {""value"": ""17.0"", ""label"": ""Household member number 17""}, {""value"": ""18.0"", ""label"": ""Household member number 18""}, {""value"": ""19.0"", ""label"": ""Household member number 19""}, {""value"": ""20.0"", ""label"": ""Household member number 20""}, {""value"": ""21.0"", ""label"": ""Non household member""}]"
12,W4InfoN,HH: Household grid respondent position,numeric,NOMINAL,-999.0 thru -1.0,"[{""value"": ""-999.0"", ""label"": ""Household grid missing""}, {""value"": ""-997.0"", ""label"": ""Script error""}, {""value"": ""-92.0"", ""label"": ""Refused""}, {""value"": ""-91.0"", ""label"": ""Not applicable""}, {""value"": ""-1.0"", ""label"": ""Don't know""}, {""value"": ""1.0"", ""label"": ""Household member number 1""}, {""value"": ""2.0"", ""label"": ""Household member number 2""}, {""value"": ""3.0"", ""label"": ""Household member number 3""}, {""value"": ""4.0"", ""label"": ""Household member number 4""}, {""value"": ""5.0"", ""label"": ""Household member number 5""}, {""value"": ""6.0"", ""label"": ""Household member number 6""}, {""value"": ""7.0"", ""label"": ""Household member number 7""}, {""value"": ""8.0"", ""label"": ""Household member number 8""}, {""value"": ""9.0"", ""label"": ""Household member number 9""}, {""value"": ""10.0"", ""label"": ""Household member number 10""}, {""value"": ""11.0"", ""label"": ""Household member number 11""}, {""value"": ""12.0"", ""label"": ""Household member number 12""}, {""value"": ""13.0"", ""label"": ""Household member number 13""}, {""value"": ""14.0"", ""label"": ""Household member number 14""}, {""value"": ""15.0"", ""label"": ""Household member number 15""}, {""value"": ""16.0"", ""label"": ""Household member number 16""}, {""value"": ""17.0"", ""label"": ""Household member number 17""}, {""value"": ""18.0"", ""label"": ""Household member number 18""}, {""value"": ""19.0"", ""label"": ""Household member number 19""}, {""value"": ""20.0"", ""label"": ""Household member number 20""}, {""value"": ""21.0"", ""label"": ""Non household member""}]"
13,W4qfhhno,HH: Number of people in the household,numeric,NOMINAL,-999.0 thru -1.0,"[{""value"": ""-999.0"", ""label"": ""Household grid missing""}, {""value"": ""-92.0"", ""label"": ""Refused""}, {""value"": ""-91.0"", ""label"": ""Not applicable""}, {""value"": ""-1.0"", ""label"": ""Don't know""}]"
14,W4ParPresHH,HH: Whether parent or guardian living in household,numeric,NOMINAL,-999.0 thru -1.0,"[{""value"": ""-997.0"", ""label"": ""Script error""}, {""value"": ""1.0"", ""label"": ""Yes""}, {""value"": ""2.0"", ""label"": ""No""}]"
15,W4ParChkHH,HH: Check - that there is definitely not a parent/guardian present,numeric,NOMINAL,-999.0 thru -1.0,"[{""value"": ""-997.0"", ""label"": ""Script error""}, {""value"": ""-91.0"", ""label"": ""Not applicable""}, {""value"": ""1.0"", ""label"": ""Yes - no parent/guardian present in household""}, {""value"": ""2.0"", ""label"": ""No - parent/guardian present in household""}]"
16,W4AnyStayHH,HH: Whether YP is still living with any of the people they previously lived with,numeric,SCALE,-999.0 thru -1.0,"[{""value"": ""-997.0"", ""label"": ""Script error""}, {""value"": ""-91.0"", ""label"": ""Not applicable""}, {""value"": ""1.0"", ""label"": ""Yes""}, {""value"": ""2.0"", ""label"": ""No""}]"
17,W4InCarHH,HH: Type of accommodation YP usually lives in,numeric,NOMINAL,-999.0 thru -1.0,"[{""value"": ""-997.0"", ""label"": ""Script error""}, {""value"": ""1.0"", ""label"": ""Private household""}, {""value"": ""2.0"", ""label"": ""Hotel/ B&B (not as part of a job)""}, {""value"": ""3.0"", ""label"": ""Armed forces' residential accommodation""}, {""value"": ""4.0"", ""label"": ""College or other educational residential accommodation""}, {""value"": ""5.0"", ""label"": ""Employer's residential accommodation""}, {""value"": ""6.0"", ""label"": ""Other institution""}, {""value"": ""7.0"", ""label"": ""Other (specify)""}]"
18,W4IntypHH,HH: Type of institution YP is in care in,numeric,NOMINAL,-999.0 thru -1.0,"[{""value"": ""-997.0"", ""label"": ""Script error""}, {""value"": ""-99.0"", ""label"": ""Screener missing""}, {""value"": ""-92.0"", ""label"": ""Refused""}, {""value"": ""-91.0"", ""label"": ""Not applicable""}, {""value"": ""-1.0"", ""label"": ""Don't know""}, {""value"": ""1.0"", ""label"": ""Children's/ Young people's Home or hostel""}, {""value"": ""2.0"", ""label"": ""Other type of residential care home""}, {""value"": ""3.0"", ""label"": ""Hospital or other NHS/Health trust or other establishment pr""}, {""value"": ""4.0"", ""label"": ""Family centre or mother and baby unit""}, {""value"": ""5.0"", ""label"": ""Youth treatment centre (Glenthorne)""}, {""value"": ""6.0"", ""label"": ""Young offender institution (YOI) or prison""}, {""value"": ""7.0"", ""label"": ""Other (specify)""}]"
19,W4Hous12HH,HH: Tenure,numeric,NOMINAL,-999.0 thru -1.0,"[{""value"": ""-999.0"", ""label"": ""Missing household grid""}, {""value"": ""-997.0"", ""label"": ""Script error""}, {""value"": ""-92.0"", ""label"": ""Refused""}, {""value"": ""-91.0"", ""label"": ""Not applicable""}, {""value"": ""-1.0"", ""label"": ""Don't know""}, {""value"": ""1.0"", ""label"": ""Owned outright""}, {""value"": ""2.0"", ""label"": ""Being bought on a mortgage or bank loan""}, {""value"": ""3.0"", ""label"": ""Shared ownership (owns & rents property)""}, {""value"": ""4.0"", ""label"": ""Rented from a Council or New Town""}, {""value"": ""5.0"", ""label"": ""Rented from a Housing Association""}, {""value"": ""6.0"", ""label"": ""Rented privately""}, {""value"": ""7.0"", ""label"": ""Rent free""}, {""value"": ""8.0"", ""label"": ""Some other arrangement""}]"
20,W4UseVcHH,HH: Whether anyone in household has use of motor vehicle,numeric,NOMINAL,-999.0 thru -1.0,"[{""value"": ""-999.0"", ""label"": ""Missing household grid""}, {""value"": ""-997.0"", ""label"": ""Script error""}, {""value"": ""-92.0"", ""label"": ""Refused""}, {""value"": ""-91.0"", ""label"": ""Not applicable""}, {""value"": ""-1.0"", ""label"": ""Don't know""}, {""value"": ""1.0"", ""label"": ""Yes""}, {""value"": ""2.0"", ""label"": ""No""}]"
21,W4VehNoHH,HH: Number of vehicles,numeric,SCALE,-999.0 thru -1.0,"[{""value"": ""-999.0"", ""label"": ""Missing household grid""}, {""value"": ""-997.0"", ""label"": ""Script error""}, {""value"": ""-92.0"", ""label"": ""Refused""}, {""value"": ""-91.0"", ""label"": ""Not applicable""}, {""value"": ""-1.0"", ""label"": ""Don't know""}]"
22,W4EngLangHH,HH: Whether English is main language of household,numeric,NOMINAL,-999.0 thru -1.0,"[{""value"": ""-999.0"", ""label"": ""Missing household grid""}, {""value"": ""-997.0"", ""label"": ""Script error""}, {""value"": ""-92.0"", ""label"": ""Refused""}, {""value"": ""-91.0"", ""label"": ""Not applicable""}, {""value"": ""-1.0"", ""label"": ""Don't know""}, {""value"": ""1.0"", ""label"": ""Yes - English only""}, {""value"": ""2.0"", ""label"": ""Yes - English first/main and speaks other languages""}, {""value"": ""3.0"", ""label"": ""No - another language is household's first/main language""}, {""value"": ""4.0"", ""label"": ""Household is bilingual""}]"
23,W4ElseHH0a,Admin: Who else present during HH interview - No one else,numeric,NOMINAL,-999.0 thru -1.0,"[{""value"": ""-999.0"", ""label"": ""Household grid missing""}, {""value"": ""-997.0"", ""label"": ""Script error""}, {""value"": ""-92.0"", ""label"": ""Refused""}, {""value"": ""-91.0"", ""label"": ""Not applicable""}, {""value"": ""-1.0"", ""label"": ""Don't know""}, {""value"": ""0.0"", ""label"": ""Not mentioned""}, {""value"": ""1.0"", ""label"": ""Mentioned""}]"
24,W4ElseHH0b,Admin: Who else present during HH interview - Spouse - partner,numeric,NOMINAL,-999.0 thru -1.0,"[{""value"": ""-999.0"", ""label"": ""Household grid missing""}, {""value"": ""-997.0"", ""label"": ""Script error""}, {""value"": ""-92.0"", ""label"": ""Refused""}, {""value"": ""-91.0"", ""label"": ""Not applicable""}, {""value"": ""-1.0"", ""label"": ""Don't know""}, {""value"": ""0.0"", ""label"": ""Not mentioned""}, {""value"": ""1.0"", ""label"": ""Mentioned""}]"
25,W4ElseHH0c,Admin: Who else present during HH interview - Sampled young person,numeric,NOMINAL,-999.0 thru -1.0,"[{""value"": ""-999.0"", ""label"": ""Household grid missing""}, {""value"": ""-997.0"", ""label"": ""Script error""}, {""value"": ""-92.0"", ""label"": ""Refused""}, {""value"": ""-91.0"", ""label"": ""Not applicable""}, {""value"": ""-1.0"", ""label"": ""Don't know""}, {""value"": ""0.0"", ""label"": ""Not mentioned""}, {""value"": ""1.0"", ""label"": ""Mentioned""}]"
26,W4ElseHH0d,Admin: Who else present during HH interview - Mother,numeric,NOMINAL,-999.0 thru -1.0,"[{""value"": ""-999.0"", ""label"": ""Household grid missing""}, {""value"": ""-997.0"", ""label"": ""Script error""}, {""value"": ""-92.0"", ""label"": ""Refused""}, {""value"": ""-91.0"", ""label"": ""Not applicable""}, {""value"": ""-1.0"", ""label"": ""Don't know""}, {""value"": ""0.0"", ""label"": ""Not mentioned""}, {""value"": ""1.0"", ""label"": ""Mentioned""}]"
27,W4ElseHH0e,Admin: Who else present during HH interview - Father,numeric,NOMINAL,-999.0 thru -1.0,"[{""value"": ""-999.0"", ""label"": ""Household grid missing""}, {""value"": ""-997.0"", ""label"": ""Script error""}, {""value"": ""-92.0"", ""label"": ""Refused""}, {""value"": ""-91.0"", ""label"": ""Not applicable""}, {""value"": ""-1.0"", ""label"": ""Don't know""}, {""value"": ""0.0"", ""label"": ""Not mentioned""}, {""value"": ""1.0"", ""label"": ""Mentioned""}]"
28,W4ElseHH0f,Admin: Who else present during HH interview - YP sibling,numeric,NOMINAL,-999.0 thru -1.0,"[{""value"": ""-999.0"", ""label"": ""Household grid missing""}, {""value"": ""-997.0"", ""label"": ""Script error""}, {""value"": ""-92.0"", ""label"": ""Refused""}, {""value"": ""-91.0"", ""label"": ""Not applicable""}, {""value"": ""-1.0"", ""label"": ""Don't know""}, {""value"": ""0.0"", ""label"": ""Not mentioned""}, {""value"": ""1.0"", ""label"": ""Mentioned""}]"
29,W4ElseHH0g,Admin: Who else present during HH interview - Other adult relative,numeric,NOMINAL,-999.0 thru -1.0,"[{""value"": ""-999.0"", ""label"": ""Household grid missing""}, {""value"": ""-997.0"", ""label"": ""Script error""}, {""value"": ""-92.0"", ""label"": ""Refused""}, {""value"": ""-91.0"", ""label"": ""Not applicable""}, {""value"": ""-1.0"", ""label"": ""Don't know""}, {""value"": ""0.0"", ""label"": ""Not mentioned""}, {""value"": ""1.0"", ""label"": ""Mentioned""}]"
30,W4ElseHH0h,Admin: Who else present during HH interview - Other children under 16,numeric,NOMINAL,-999.0 thru -1.0,"[{""value"": ""-999.0"", ""label"": ""Household grid missing""}, {""value"": ""-997.0"", ""label"": ""Script error""}, {""value"": ""-92.0"", ""label"": ""Refused""}, {""value"": ""-91.0"", ""label"": ""Not applicable""}, {""value"": ""-1.0"", ""label"": ""Don't know""}, {""value"": ""0.0"", ""label"": ""Not mentioned""}, {""value"": ""1.0"", ""label"": ""Mentioned""}]"
31,W4ElseHH0i,Admin: Who else present during HH interview - Other adults,numeric,NOMINAL,-999.0 thru -1.0,"[{""value"": ""-999.0"", ""label"": ""Household grid missing""}, {""value"": ""-997.0"", ""label"": ""Script error""}, {""value"": ""-92.0"", ""label"": ""Refused""}, {""value"": ""-91.0"", ""label"": ""Not applicable""}, {""value"": ""-1.0"", ""label"": ""Don't know""}, {""value"": ""0.0"", ""label"": ""Not mentioned""}, {""value"": ""1.0"", ""label"": ""Mentioned""}]"
32,W4ElseHH0j,Admin: Who else present during HH interview - Someone else,numeric,NOMINAL,-999.0 thru -1.0,"[{""value"": ""-999.0"", ""label"": ""Household grid missing""}, {""value"": ""-997.0"", ""label"": ""Script error""}, {""value"": ""-92.0"", ""label"": ""Refused""}, {""value"": ""-91.0"", ""label"": ""Not applicable""}, {""value"": ""-1.0"", ""label"": ""Don't know""}, {""value"": ""0.0"", ""label"": ""Not mentioned""}, {""value"": ""1.0"", ""label"": ""Mentioned""}]"
33,W4ScomAdiMP,Admin: Interviewer code whether MP accepted self-completion section,numeric,NOMINAL,-999.0 thru -1.0,"[{""value"": ""-996.0"", ""label"": ""No Parent in household""}, {""value"": ""-99.0"", ""label"": ""MP not interviewed""}, {""value"": ""-96.0"", ""label"": ""MP using interpreter""}, {""value"": ""-92.0"", ""label"": ""Refused""}, {""value"": ""-91.0"", ""label"": ""Not applicable""}, {""value"": ""-1.0"", ""label"": ""Don't know""}, {""value"": ""1.0"", ""label"": ""Respondent accepted self-completion""}, {""value"": ""2.0"", ""label"": ""Respondent refused self-completion""}, {""value"": ""3.0"", ""label"": ""Interviewer will administer self-completion (SPONTANEOUS)""}]"
34,W4Hea1CMP,MP: Quality of MP's health in last 12 months,numeric,ORDINAL,-999.0 thru -1.0,"[{""value"": ""-996.0"", ""label"": ""No parent in household""}, {""value"": ""-99.0"", ""label"": ""MP not interviewed""}, {""value"": ""-97.0"", ""label"": ""MP refused self completion""}, {""value"": ""-96.0"", ""label"": ""MP using interpreter""}, {""value"": ""-92.0"", ""label"": ""Refused""}, {""value"": ""-91.0"", ""label"": ""Not applicable""}, {""value"": ""-1.0"", ""label"": ""Don't know""}, {""value"": ""1.0"", ""label"": ""Very good""}, {""value"": ""2.0"", ""label"": ""Fairly good""}, {""value"": ""3.0"", ""label"": ""Not very good""}, {""value"": ""4.0"", ""label"": ""Not good at all""}]"
35,W4ConDur4MP,MP: Whether have telephone in household,numeric,NOMINAL,-999.0 thru -1.0,"[{""value"": ""-996.0"", ""label"": ""No Parent in household""}, {""value"": ""-99.0"", ""label"": ""MP not interviewed""}, {""value"": ""-92.0"", ""label"": ""Refused""}, {""value"": ""-91.0"", ""label"": ""Not applicable""}, {""value"": ""-1.0"", ""label"": ""Don't know""}, {""value"": ""1.0"", ""label"": ""Yes, fixed telephone only""}, {""value"": ""2.0"", ""label"": ""Yes, mobile telephone only""}, {""value"": ""3.0"", ""label"": ""Yes, both fixed and mobile telephones""}, {""value"": ""4.0"", ""label"": ""No""}]"
36,W4ConDur5MP,MP: Whether have home computer in household,numeric,NOMINAL,-999.0 thru -1.0,"[{""value"": ""-996.0"", ""label"": ""No Parent in household""}, {""value"": ""-99.0"", ""label"": ""MP not interviewed""}, {""value"": ""-92.0"", ""label"": ""Refused""}, {""value"": ""-91.0"", ""label"": ""Not applicable""}, {""value"": ""-1.0"", ""label"": ""Don't know""}, {""value"": ""1.0"", ""label"": ""Yes""}, {""value"": ""2.0"", ""label"": ""No""}]"
37,W4ConDur6MP,MP: Whether have access to internet in household,numeric,NOMINAL,-999.0 thru -1.0,"[{""value"": ""-996.0"", ""label"": ""No Parent in household""}, {""value"": ""-99.0"", ""label"": ""MP not interviewed""}, {""value"": ""-92.0"", ""label"": ""Refused""}, {""value"": ""-91.0"", ""label"": ""Not applicable""}, {""value"": ""-1.0"", ""label"": ""Don't know""}, {""value"": ""1.0"", ""label"": ""Yes""}, {""value"": ""2.0"", ""label"": ""No""}]"
38,W4Wrk1aMP,MP: Current working status,numeric,NOMINAL,-999.0 thru -1.0,"[{""value"": ""-996.0"", ""label"": ""No Parent in household""}, {""value"": ""-99.0"", ""label"": ""MP not interviewed""}, {""value"": ""-92.0"", ""label"": ""Refused""}, {""value"": ""-91.0"", ""label"": ""Not applicable""}, {""value"": ""-1.0"", ""label"": ""Don't know""}, {""value"": ""1.0"", ""label"": ""Full-time paid work (30 or more hours a week)""}, {""value"": ""2.0"", ""label"": ""Part-time paid work (less than 30 hours per week)""}, {""value"": ""3.0"", ""label"": ""Unemployed and looking for work""}, {""value"": ""4.0"", ""label"": ""Full-time education""}, {""value"": ""5.0"", ""label"": ""On a full time training course not part of job""}, {""value"": ""6.0"", ""label"": ""Temporarily sick/disabled""}, {""value"": ""7.0"", ""label"": ""Permanently sick/disabled""}, {""value"": ""8.0"", ""label"": ""Looking after home/family""}, {""value"": ""9.0"", ""label"": ""Retired from work altogether""}, {""value"": ""10.0"", ""label"": ""Other""}]"
39,W4WrkYMP,MP: Year MP started current activity,numeric,SCALE,-999.0 thru -1.0,"[{""value"": ""-996.0"", ""label"": ""No Parent in household""}, {""value"": ""-99.0"", ""label"": ""MP not interviewed""}, {""value"": ""-92.0"", ""label"": ""Refused""}, {""value"": ""-91.0"", ""label"": ""Not applicable""}, {""value"": ""-1.0"", ""label"": ""Don't know""}]"
40,W4WrkMMP,MP: Month MP started current activity,numeric,NOMINAL,-999.0 thru -1.0,"[{""value"": ""-996.0"", ""label"": ""No Parent in household""}, {""value"": ""-99.0"", ""label"": ""MP not interviewed""}, {""value"": ""-92.0"", ""label"": ""Refused""}, {""value"": ""-91.0"", ""label"": ""Not applicable""}, {""value"": ""-1.0"", ""label"": ""Don't know""}, {""value"": ""1.0"", ""label"": ""January""}, {""value"": ""2.0"", ""label"": ""February""}, {""value"": ""3.0"", ""label"": ""March""}, {""value"": ""4.0"", ""label"": ""April""}, {""value"": ""5.0"", ""label"": ""May""}, {""value"": ""6.0"", ""label"": ""June""}, {""value"": ""7.0"", ""label"": ""July""}, {""value"": ""8.0"", ""label"": ""August""}, {""value"": ""9.0"", ""label"": ""September""}, {""value"": ""10.0"", ""label"": ""October""}, {""value"": ""11.0"", ""label"": ""November""}, {""value"": ""12.0"", ""label"": ""December""}]"
41,W4SocMP,Admin: MP's SOC code (2 digits),numeric,SCALE,-999.0 thru -1.0,"[{""value"": ""-996.0"", ""label"": ""No Parent in household""}, {""value"": ""-99.0"", ""label"": ""MP not interviewed""}, {""value"": ""-94.0"", ""label"": ""Insufficient information""}, {""value"": ""-91.0"", ""label"": ""Not applicable""}]"
42,W4SelfEmpMP,MP: Whether MP employed or self-employed,numeric,NOMINAL,-999.0 thru -1.0,"[{""value"": ""-997.0"", ""label"": ""Script error""}, {""value"": ""-996.0"", ""label"": ""No Parent in household""}, {""value"": ""-99.0"", ""label"": ""MP not interviewed""}, {""value"": ""-92.0"", ""label"": ""Refused""}, {""value"": ""-91.0"", ""label"": ""Not applicable""}, {""value"": ""-1.0"", ""label"": ""Don't know""}, {""value"": ""1.0"", ""label"": ""Employee""}, {""value"": ""2.0"", ""label"": ""Self-employed""}]"
43,W4Wrk10MP,MP: Whether MP has formal supervisory responsibility,numeric,NOMINAL,-999.0 thru -1.0,"[{""value"": ""-996.0"", ""label"": ""No Parent in household""}, {""value"": ""-99.0"", ""label"": ""MP not interviewed""}, {""value"": ""-92.0"", ""label"": ""Refused""}, {""value"": ""-91.0"", ""label"": ""Not applicable""}, {""value"": ""-1.0"", ""label"": ""Don't know""}, {""value"": ""1.0"", ""label"": ""Yes""}, {""value"": ""2.0"", ""label"": ""No""}]"
44,W4Wrk11MP,MP: Number of employees at MP's workplace,numeric,NOMINAL,-999.0 thru -1.0,"[{""value"": ""-996.0"", ""label"": ""No Parent in household""}, {""value"": ""-99.0"", ""label"": ""MP not interviewed""}, {""value"": ""-92.0"", ""label"": ""Refused""}, {""value"": ""-91.0"", ""label"": ""Not applicable""}, {""value"": ""-1.0"", ""label"": ""Don't know""}, {""value"": ""1.0"", ""label"": ""1-24""}, {""value"": ""2.0"", ""label"": ""25-499""}, {""value"": ""3.0"", ""label"": ""500 or more""}]"
45,W4Wrk12aMP,MP: Whether self-employed MP works on their own or with employees,numeric,NOMINAL,-999.0 thru -1.0,"[{""value"": ""-996.0"", ""label"": ""No Parent in household""}, {""value"": ""-99.0"", ""label"": ""MP not interviewed""}, {""value"": ""-92.0"", ""label"": ""Refused""}, {""value"": ""-91.0"", ""label"": ""Not applicable""}, {""value"": ""-1.0"", ""label"": ""Don't know""}, {""value"": ""1.0"", ""label"": ""On own/with partner(s), but no employees""}, {""value"": ""2.0"", ""label"": ""With employees""}]"
46,W4Wrk12bMP,MP: Number of people employed by MP at their place of work,numeric,NOMINAL,-999.0 thru -1.0,"[{""value"": ""-996.0"", ""label"": ""No Parent in household""}, {""value"": ""-99.0"", ""label"": ""MP not interviewed""}, {""value"": ""-92.0"", ""label"": ""Refused""}, {""value"": ""-91.0"", ""label"": ""Not applicable""}, {""value"": ""-1.0"", ""label"": ""Don't know""}, {""value"": ""1.0"", ""label"": ""1-24""}, {""value"": ""2.0"", ""label"": ""25-499""}, {""value"": ""3.0"", ""label"": ""500 or more""}]"
47,W4Wrk13MP,MP: Type of college providing MP's course,numeric,NOMINAL,-999.0 thru -1.0,"[{""value"": ""-996.0"", ""label"": ""No Parent in household""}, {""value"": ""-99.0"", ""label"": ""MP not interviewed""}, {""value"": ""-92.0"", ""label"": ""Refused""}, {""value"": ""-91.0"", ""label"": ""Not applicable""}, {""value"": ""-1.0"", ""label"": ""Don't know""}, {""value"": ""1.0"", ""label"": ""University""}, {""value"": ""2.0"", ""label"": ""Higher Education College""}, {""value"": ""3.0"", ""label"": ""College of Further Education""}, {""value"": ""4.0"", ""label"": ""Independent College""}, {""value"": ""5.0"", ""label"": ""Correspondence College""}, {""value"": ""6.0"", ""label"": ""Other""}]"
48,W4EDfinYMP,MP: Year MP expects to finish their course,numeric,SCALE,-999.0 thru -1.0,"[{""value"": ""-996.0"", ""label"": ""No Parent in household""}, {""value"": ""-99.0"", ""label"": ""MP not interviewed""}, {""value"": ""-92.0"", ""label"": ""Refused""}, {""value"": ""-91.0"", ""label"": ""Not applicable""}, {""value"": ""-1.0"", ""label"": ""Don't know""}]"
49,W4EDfinMMP,MP: Month MP expect to finish their course,numeric,SCALE,-999.0 thru -1.0,"[{""value"": ""-996.0"", ""label"": ""No Parent in household""}, {""value"": ""-99.0"", ""label"": ""MP not interviewed""}, {""value"": ""-92.0"", ""label"": ""Refused""}, {""value"": ""-91.0"", ""label"": ""Not applicable""}, {""value"": ""-1.0"", ""label"": ""Don't know""}, {""value"": ""1.0"", ""label"": ""January""}, {""value"": ""2.0"", ""label"": ""February""}, {""value"": ""3.0"", ""label"": ""March""}, {""value"": ""4.0"", ""label"": ""April""}, {""value"": ""5.0"", ""label"": ""May""}, {""value"": ""6.0"", ""label"": ""June""}, {""value"": ""7.0"", ""label"": ""July""}, {""value"": ""8.0"", ""label"": ""August""}, {""value"": ""9.0"", ""label"": ""September""}, {""value"": ""10.0"", ""label"": ""October""}, {""value"": ""11.0"", ""label"": ""November""}, {""value"": ""12.0"", ""label"": ""December""}]"
50,W4Hea2MP,"MP: Whether MP has a long-standing illness, disability or infirmity",numeric,NOMINAL,-999.0 thru -1.0,"[{""value"": ""-996.0"", ""label"": ""No Parent in household""}, {""value"": ""-99.0"", ""label"": ""MP not interviewed""}, {""value"": ""-92.0"", ""label"": ""Refused""}, {""value"": ""-91.0"", ""label"": ""Not applicable""}, {""value"": ""-1.0"", ""label"": ""Don't know""}, {""value"": ""1.0"", ""label"": ""Yes""}, {""value"": ""2.0"", ""label"": ""No""}]"
51,W4Hea3MP0a,MP: Areas affected by MP long-standing illness : Mobility (moving about),numeric,NOMINAL,-999.0 thru -1.0,"[{""value"": ""-996.0"", ""label"": ""No Parent in household""}, {""value"": ""-99.0"", ""label"": ""MP not interviewed""}, {""value"": ""-92.0"", ""label"": ""Refused""}, {""value"": ""-91.0"", ""label"": ""Not applicable""}, {""value"": ""-1.0"", ""label"": ""Don't know""}, {""value"": ""0.0"", ""label"": ""Not mentioned""}, {""value"": ""1.0"", ""label"": ""Mentioned""}]"
52,W4Hea3MP0b,"MP: Areas affected by MP long-standing illness : Lifting, carrying or moving objects",numeric,NOMINAL,-999.0 thru -1.0,"[{""value"": ""-996.0"", ""label"": ""No Parent in household""}, {""value"": ""-99.0"", ""label"": ""MP not interviewed""}, {""value"": ""-92.0"", ""label"": ""Refused""}, {""value"": ""-91.0"", ""label"": ""Not applicable""}, {""value"": ""-1.0"", ""label"": ""Don't know""}, {""value"": ""0.0"", ""label"": ""Not mentioned""}, {""value"": ""1.0"", ""label"": ""Mentioned""}]"
53,W4Hea3MP0c,MP: Areas affected by MP long-standing illness : Manual dexterity (using hands to carry out everyday tasks),numeric,NOMINAL,-999.0 thru -1.0,"[{""value"": ""-996.0"", ""label"": ""No Parent in household""}, {""value"": ""-99.0"", ""label"": ""MP not interviewed""}, {""value"": ""-92.0"", ""label"": ""Refused""}, {""value"": ""-91.0"", ""label"": ""Not applicable""}, {""value"": ""-1.0"", ""label"": ""Don't know""}, {""value"": ""0.0"", ""label"": ""Not mentioned""}, {""value"": ""1.0"", ""label"": ""Mentioned""}]"
54,W4Hea3MP0d,MP: Areas affected by MP long-standing illness : Continence (bladder control),numeric,NOMINAL,-999.0 thru -1.0,"[{""value"": ""-996.0"", ""label"": ""No Parent in household""}, {""value"": ""-99.0"", ""label"": ""MP not interviewed""}, {""value"": ""-92.0"", ""label"": ""Refused""}, {""value"": ""-91.0"", ""label"": ""Not applicable""}, {""value"": ""-1.0"", ""label"": ""Don't know""}, {""value"": ""0.0"", ""label"": ""Not mentioned""}, {""value"": ""1.0"", ""label"": ""Mentioned""}]"
55,W4Hea3MP0e,"MP: Areas affected by MP long-standing illness : Communication (speech, hearing or eyesight)",numeric,NOMINAL,-999.0 thru -1.0,"[{""value"": ""-996.0"", ""label"": ""No Parent in household""}, {""value"": ""-99.0"", ""label"": ""MP not interviewed""}, {""value"": ""-92.0"", ""label"": ""Refused""}, {""value"": ""-91.0"", ""label"": ""Not applicable""}, {""value"": ""-1.0"", ""label"": ""Don't know""}, {""value"": ""0.0"", ""label"": ""Not mentioned""}, {""value"": ""1.0"", ""label"": ""Mentioned""}]"
56,W4Hea3MP0f,"MP: Areas affected by MP long-standing illness : Memory or ability to concentrate, learn or understand",numeric,NOMINAL,-999.0 thru -1.0,"[{""value"": ""-996.0"", ""label"": ""No Parent in household""}, {""value"": ""-99.0"", ""label"": ""MP not interviewed""}, {""value"": ""-92.0"", ""label"": ""Refused""}, {""value"": ""-91.0"", ""label"": ""Not applicable""}, {""value"": ""-1.0"", ""label"": ""Don't know""}, {""value"": ""0.0"", ""label"": ""Not mentioned""}, {""value"": ""1.0"", ""label"": ""Mentioned""}]"
57,W4Hea3MP0g,MP: Areas affected by MP long-standing illness : Recognising when you are in physical danger,numeric,NOMINAL,-999.0 thru -1.0,"[{""value"": ""-996.0"", ""label"": ""No Parent in household""}, {""value"": ""-99.0"", ""label"": ""MP not interviewed""}, {""value"": ""-92.0"", ""label"": ""Refused""}, {""value"": ""-91.0"", ""label"": ""Not applicable""}, {""value"": ""-1.0"", ""label"": ""Don't know""}, {""value"": ""0.0"", ""label"": ""Not mentioned""}, {""value"": ""1.0"", ""label"": ""Mentioned""}]"
58,W4Hea3MP0h,MP: Areas affected by MP long-standing illness : Physical co-ordination (eg. Balance),numeric,NOMINAL,-999.0 thru -1.0,"[{""value"": ""-996.0"", ""label"": ""No Parent in household""}, {""value"": ""-99.0"", ""label"": ""MP not interviewed""}, {""value"": ""-92.0"", ""label"": ""Refused""}, {""value"": ""-91.0"", ""label"": ""Not applicable""}, {""value"": ""-1.0"", ""label"": ""Don't know""}, {""value"": ""0.0"", ""label"": ""Not mentioned""}, {""value"": ""1.0"", ""label"": ""Mentioned""}]"
59,W4Hea3MP0i,MP: Areas affected by MP long-standing illness : Other health problem or disability,numeric,NOMINAL,-999.0 thru -1.0,"[{""value"": ""-996.0"", ""label"": ""No Parent in household""}, {""value"": ""-99.0"", ""label"": ""MP not interviewed""}, {""value"": ""-92.0"", ""label"": ""Refused""}, {""value"": ""-91.0"", ""label"": ""Not applicable""}, {""value"": ""-1.0"", ""label"": ""Don't know""}, {""value"": ""0.0"", ""label"": ""Not mentioned""}, {""value"": ""1.0"", ""label"": ""Mentioned""}]"
60,W4Hea3MP0j,MP: Areas affected by MP long-standing illness : None of these,numeric,NOMINAL,-999.0 thru -1.0,"[{""value"": ""-996.0"", ""label"": ""No Parent in household""}, {""value"": ""-99.0"", ""label"": ""MP not interviewed""}, {""value"": ""-92.0"", ""label"": ""Refused""}, {""value"": ""-91.0"", ""label"": ""Not applicable""}, {""value"": ""-1.0"", ""label"": ""Don't know""}, {""value"": ""0.0"", ""label"": ""Not mentioned""}, {""value"": ""1.0"", ""label"": ""Mentioned""}]"
61,W4Hea3MP0k,MP: Areas affected by MP long-standing illness : Don't know,numeric,NOMINAL,-999.0 thru -1.0,"[{""value"": ""-996.0"", ""label"": ""No Parent in household""}, {""value"": ""-99.0"", ""label"": ""MP not interviewed""}, {""value"": ""-92.0"", ""label"": ""Refused""}, {""value"": ""-91.0"", ""label"": ""Not applicable""}, {""value"": ""-1.0"", ""label"": ""Don't know""}, {""value"": ""0.0"", ""label"": ""Not mentioned""}, {""value"": ""1.0"", ""label"": ""Mentioned""}]"
62,W4NeTreatMP,MP: Whether MP receives medication for health problems that would otherwise affect their life,numeric,NOMINAL,-999.0 thru -1.0,"[{""value"": ""-996.0"", ""label"": ""No Parent in household""}, {""value"": ""-99.0"", ""label"": ""MP not interviewed""}, {""value"": ""-92.0"", ""label"": ""Refused""}, {""value"": ""-91.0"", ""label"": ""Not applicable""}, {""value"": ""-1.0"", ""label"": ""Don't know""}, {""value"": ""1.0"", ""label"": ""Yes""}, {""value"": ""2.0"", ""label"": ""No""}]"
63,W4Hea4MP,MP: Whether MP's health problem limits daily activities,numeric,NOMINAL,-999.0 thru -1.0,"[{""value"": ""-996.0"", ""label"": ""No Parent in household""}, {""value"": ""-99.0"", ""label"": ""MP not interviewed""}, {""value"": ""-92.0"", ""label"": ""Refused""}, {""value"": ""-91.0"", ""label"": ""Not applicable""}, {""value"": ""-1.0"", ""label"": ""Don't know""}, {""value"": ""1.0"", ""label"": ""Yes""}, {""value"": ""2.0"", ""label"": ""No""}]"
64,W4Chea7MP,MP: Whether health problem make it harder for MP to go to college/training course,numeric,NOMINAL,-999.0 thru -1.0,"[{""value"": ""-996.0"", ""label"": ""No Parent in household""}, {""value"": ""-99.0"", ""label"": ""MP not interviewed""}, {""value"": ""-92.0"", ""label"": ""Refused""}, {""value"": ""-91.0"", ""label"": ""Not applicable""}, {""value"": ""-1.0"", ""label"": ""Don't know""}, {""value"": ""1.0"", ""label"": ""Yes""}, {""value"": ""2.0"", ""label"": ""No""}]"
65,W4Chea8MP,MP: Whether health problem makes it more difficult for MP to do coursework,numeric,NOMINAL,-999.0 thru -1.0,"[{""value"": ""-996.0"", ""label"": ""No Parent in household""}, {""value"": ""-99.0"", ""label"": ""MP not interviewed""}, {""value"": ""-92.0"", ""label"": ""Refused""}, {""value"": ""-91.0"", ""label"": ""Not applicable""}, {""value"": ""-1.0"", ""label"": ""Don't know""}, {""value"": ""1.0"", ""label"": ""Yes""}, {""value"": ""2.0"", ""label"": ""No""}]"
66,W4Hea9bMP,MP: Whether health problem affects the amount of work MP can do,numeric,NOMINAL,-999.0 thru -1.0,"[{""value"": ""-996.0"", ""label"": ""No Parent in household""}, {""value"": ""-99.0"", ""label"": ""MP not interviewed""}, {""value"": ""-92.0"", ""label"": ""Refused""}, {""value"": ""-91.0"", ""label"": ""Not applicable""}, {""value"": ""-1.0"", ""label"": ""Don't know""}, {""value"": ""1.0"", ""label"": ""Yes""}, {""value"": ""2.0"", ""label"": ""No""}]"
67,W4Hea9MP,MP: Whether health problem affects the type of work MP can do,numeric,NOMINAL,-999.0 thru -1.0,"[{""value"": ""-996.0"", ""label"": ""No Parent in household""}, {""value"": ""-99.0"", ""label"": ""MP not interviewed""}, {""value"": ""-92.0"", ""label"": ""Refused""}, {""value"": ""-91.0"", ""label"": ""Not applicable""}, {""value"": ""-1.0"", ""label"": ""Don't know""}, {""value"": ""1.0"", ""label"": ""Yes""}, {""value"": ""2.0"", ""label"": ""No""}]"
68,W4EverDDAMP,MP: Whether MP has ever had a longstanding illness which affected their activities,numeric,NOMINAL,-999.0 thru -1.0,"[{""value"": ""-996.0"", ""label"": ""No Parent in household""}, {""value"": ""-99.0"", ""label"": ""MP not interviewed""}, {""value"": ""-92.0"", ""label"": ""Refused""}, {""value"": ""-91.0"", ""label"": ""Not applicable""}, {""value"": ""-1.0"", ""label"": ""Don't know""}, {""value"": ""1.0"", ""label"": ""Yes""}, {""value"": ""2.0"", ""label"": ""No""}]"
69,W4Wrk1aSP,SP/MP: Current working status of SP,numeric,NOMINAL,-999.0 thru -1.0,"[{""value"": ""-997.0"", ""label"": ""Script error""}, {""value"": ""-996.0"", ""label"": ""No Parent in household""}, {""value"": ""-99.0"", ""label"": ""MP not interviewed""}, {""value"": ""-98.0"", ""label"": ""No SP present""}, {""value"": ""-92.0"", ""label"": ""Refused""}, {""value"": ""-91.0"", ""label"": ""Not applicable""}, {""value"": ""-1.0"", ""label"": ""Don't know""}, {""value"": ""1.0"", ""label"": ""Full-time paid work (30 or more hours a week)""}, {""value"": ""2.0"", ""label"": ""Part-time paid work (less than 30 hours per week)""}, {""value"": ""3.0"", ""label"": ""Unemployed and looking for work""}, {""value"": ""4.0"", ""label"": ""Full-time education""}, {""value"": ""5.0"", ""label"": ""On a full time training course not part of job""}, {""value"": ""6.0"", ""label"": ""Temporarily sick/disabled""}, {""value"": ""7.0"", ""label"": ""Permanently sick/disabled""}, {""value"": ""8.0"", ""label"": ""Looking after home/family""}, {""value"": ""9.0"", ""label"": ""Retired from work altogether""}, {""value"": ""10.0"", ""label"": ""Other""}]"
70,W4WrkYSP,SP/MP: Year SP began current activity,numeric,SCALE,-999.0 thru -1.0,"[{""value"": ""-997.0"", ""label"": ""Script error""}, {""value"": ""-996.0"", ""label"": ""No Parent in household""}, {""value"": ""-99.0"", ""label"": ""MP not interviewed""}, {""value"": ""-98.0"", ""label"": ""No SP present""}, {""value"": ""-92.0"", ""label"": ""Refused""}, {""value"": ""-91.0"", ""label"": ""Not applicable""}, {""value"": ""-1.0"", ""label"": ""Don't know""}]"
71,W4WrkMSP,SP/MP: Month MP started current activity,numeric,SCALE,-999.0 thru -1.0,"[{""value"": ""-997.0"", ""label"": ""Script error""}, {""value"": ""-996.0"", ""label"": ""No Parent in household""}, {""value"": ""-99.0"", ""label"": ""MP not interviewed""}, {""value"": ""-98.0"", ""label"": ""No SP present""}, {""value"": ""-92.0"", ""label"": ""Refused""}, {""value"": ""-91.0"", ""label"": ""Not applicable""}, {""value"": ""-1.0"", ""label"": ""Don't know""}, {""value"": ""1.0"", ""label"": ""January""}, {""value"": ""2.0"", ""label"": ""February""}, {""value"": ""3.0"", ""label"": ""March""}, {""value"": ""4.0"", ""label"": ""April""}, {""value"": ""5.0"", ""label"": ""May""}, {""value"": ""6.0"", ""label"": ""June""}, {""value"": ""7.0"", ""label"": ""July""}, {""value"": ""8.0"", ""label"": ""August""}, {""value"": ""9.0"", ""label"": ""September""}, {""value"": ""10.0"", ""label"": ""October""}, {""value"": ""11.0"", ""label"": ""November""}, {""value"": ""12.0"", ""label"": ""December""}]"
72,W4SocSP,Admin: SP's SOC code (2 digits),numeric,SCALE,-999.0 thru -1.0,"[{""value"": ""-997.0"", ""label"": ""Script error""}, {""value"": ""-996.0"", ""label"": ""No Parent in household""}, {""value"": ""-99.0"", ""label"": ""MP not interviewed""}, {""value"": ""-98.0"", ""label"": ""No SP present""}, {""value"": ""-94.0"", ""label"": ""Insufficient information""}, {""value"": ""-91.0"", ""label"": ""Not applicable""}]"
73,W4SelfEmpSP,SP/MP: Whether SP employed or self-employed,numeric,NOMINAL,-999.0 thru -1.0,"[{""value"": ""-997.0"", ""label"": ""Script error""}, {""value"": ""-996.0"", ""label"": ""No Parent in household""}, {""value"": ""-99.0"", ""label"": ""MP not interviewed""}, {""value"": ""-98.0"", ""label"": ""No SP present""}, {""value"": ""-92.0"", ""label"": ""Refused""}, {""value"": ""-91.0"", ""label"": ""Not applicable""}, {""value"": ""-1.0"", ""label"": ""Don't know""}, {""value"": ""1.0"", ""label"": ""Employee""}, {""value"": ""2.0"", ""label"": ""Self-employed""}]"
74,W4Wrk10SP,SP/MP: Whether SP has formal supervisory responsibility,numeric,NOMINAL,-999.0 thru -1.0,"[{""value"": ""-997.0"", ""label"": ""Script error""}, {""value"": ""-996.0"", ""label"": ""No Parent in household""}, {""value"": ""-99.0"", ""label"": ""MP not interviewed""}, {""value"": ""-98.0"", ""label"": ""No SP present""}, {""value"": ""-92.0"", ""label"": ""Refused""}, {""value"": ""-91.0"", ""label"": ""Not applicable""}, {""value"": ""-1.0"", ""label"": ""Don't know""}, {""value"": ""1.0"", ""label"": ""Yes""}, {""value"": ""2.0"", ""label"": ""No""}]"
75,W4Wrk11SP,SP/MP: Number of employees at SP's workplace,numeric,NOMINAL,-999.0 thru -1.0,"[{""value"": ""-997.0"", ""label"": ""Script error""}, {""value"": ""-996.0"", ""label"": ""No Parent in household""}, {""value"": ""-99.0"", ""label"": ""MP not interviewed""}, {""value"": ""-98.0"", ""label"": ""No SP present""}, {""value"": ""-92.0"", ""label"": ""Refused""}, {""value"": ""-91.0"", ""label"": ""Not applicable""}, {""value"": ""-1.0"", ""label"": ""Don't know""}, {""value"": ""1.0"", ""label"": ""1-24""}, {""value"": ""2.0"", ""label"": ""25-499""}, {""value"": ""3.0"", ""label"": ""500 or more""}]"
76,W4Wrk12aSP,SP/MP: Whether self-employed SP works alone or with employees,numeric,NOMINAL,-999.0 thru -1.0,"[{""value"": ""-997.0"", ""label"": ""Script error""}, {""value"": ""-996.0"", ""label"": ""No Parent in household""}, {""value"": ""-99.0"", ""label"": ""MP not interviewed""}, {""value"": ""-98.0"", ""label"": ""No SP present""}, {""value"": ""-92.0"", ""label"": ""Refused""}, {""value"": ""-91.0"", ""label"": ""Not applicable""}, {""value"": ""-1.0"", ""label"": ""Don't know""}, {""value"": ""1.0"", ""label"": ""On own/with partner(s), but no employees""}, {""value"": ""2.0"", ""label"": ""With employees""}]"
77,W4Wrk12bSP,SP/MP: Number of people employed at SP's work place,numeric,NOMINAL,-999.0 thru -1.0,"[{""value"": ""-997.0"", ""label"": ""Script error""}, {""value"": ""-996.0"", ""label"": ""No Parent in household""}, {""value"": ""-99.0"", ""label"": ""MP not interviewed""}, {""value"": ""-98.0"", ""label"": ""No SP present""}, {""value"": ""-92.0"", ""label"": ""Refused""}, {""value"": ""-91.0"", ""label"": ""Not applicable""}, {""value"": ""-1.0"", ""label"": ""Don't know""}, {""value"": ""1.0"", ""label"": ""1-24""}, {""value"": ""2.0"", ""label"": ""25-499""}, {""value"": ""3.0"", ""label"": ""500 or more""}]"
78,W4EDfinYSP,SP/MP: Year SP expects to finish course/courses,numeric,SCALE,-999.0 thru -1.0,"[{""value"": ""-997.0"", ""label"": ""Script error""}, {""value"": ""-996.0"", ""label"": ""No Parent in household""}, {""value"": ""-99.0"", ""label"": ""MP not interviewed""}, {""value"": ""-98.0"", ""label"": ""No SP present""}, {""value"": ""-92.0"", ""label"": ""Refused""}, {""value"": ""-91.0"", ""label"": ""Not applicable""}, {""value"": ""-1.0"", ""label"": ""Don't know""}]"
79,W4EDfinMSP,SP/MP: Month SP expects to finish course/courses,numeric,SCALE,-999.0 thru -1.0,"[{""value"": ""-997.0"", ""label"": ""Script error""}, {""value"": ""-996.0"", ""label"": ""No Parent in household""}, {""value"": ""-99.0"", ""label"": ""MP not interviewed""}, {""value"": ""-98.0"", ""label"": ""No SP present""}, {""value"": ""-92.0"", ""label"": ""Refused""}, {""value"": ""-91.0"", ""label"": ""Not applicable""}, {""value"": ""-1.0"", ""label"": ""Don't know""}, {""value"": ""1.0"", ""label"": ""January""}, {""value"": ""2.0"", ""label"": ""February""}, {""value"": ""3.0"", ""label"": ""March""}, {""value"": ""4.0"", ""label"": ""April""}, {""value"": ""5.0"", ""label"": ""May""}, {""value"": ""6.0"", ""label"": ""June""}, {""value"": ""7.0"", ""label"": ""July""}, {""value"": ""8.0"", ""label"": ""August""}, {""value"": ""9.0"", ""label"": ""September""}, {""value"": ""10.0"", ""label"": ""October""}, {""value"": ""11.0"", ""label"": ""November""}, {""value"": ""12.0"", ""label"": ""December""}]"
80,W4Hea2SP,"SP/MP: Whether SP has a long-standing illness, disability or infirmity",numeric,NOMINAL,-999.0 thru -1.0,"[{""value"": ""-997.0"", ""label"": ""Script error""}, {""value"": ""-996.0"", ""label"": ""No Parent in household""}, {""value"": ""-99.0"", ""label"": ""MP not interviewed""}, {""value"": ""-98.0"", ""label"": ""No SP present""}, {""value"": ""-92.0"", ""label"": ""Refused""}, {""value"": ""-91.0"", ""label"": ""Not applicable""}, {""value"": ""-1.0"", ""label"": ""Don't know""}, {""value"": ""1.0"", ""label"": ""Yes""}, {""value"": ""2.0"", ""label"": ""No""}]"
81,W4Hea3SP0a,SP/MP: Areas affected by SP's long-standing illness : Mobility (moving about),numeric,NOMINAL,-999.0 thru -1.0,"[{""value"": ""-997.0"", ""label"": ""Script error""}, {""value"": ""-996.0"", ""label"": ""No Parent in household""}, {""value"": ""-99.0"", ""label"": ""MP not interviewed""}, {""value"": ""-98.0"", ""label"": ""No SP present""}, {""value"": ""-92.0"", ""label"": ""Refused""}, {""value"": ""-91.0"", ""label"": ""Not applicable""}, {""value"": ""-1.0"", ""label"": ""Don't know""}, {""value"": ""0.0"", ""label"": ""Not mentioned""}, {""value"": ""1.0"", ""label"": ""Mentioned""}]"
82,W4Hea3SP0b,"SP/MP: Areas affected by SP's long-standing illness : Lifting, carrying or moving objects",numeric,NOMINAL,-999.0 thru -1.0,"[{""value"": ""-997.0"", ""label"": ""Script error""}, {""value"": ""-996.0"", ""label"": ""No Parent in household""}, {""value"": ""-99.0"", ""label"": ""MP not interviewed""}, {""value"": ""-98.0"", ""label"": ""No SP present""}, {""value"": ""-92.0"", ""label"": ""Refused""}, {""value"": ""-91.0"", ""label"": ""Not applicable""}, {""value"": ""-1.0"", ""label"": ""Don't know""}, {""value"": ""0.0"", ""label"": ""Not mentioned""}, {""value"": ""1.0"", ""label"": ""Mentioned""}]"
83,W4Hea3SP0c,SP/MP: Areas affected by SP's long-standing illness : Manual dexterity (using hands to carry out everyday tasks),numeric,NOMINAL,-999.0 thru -1.0,"[{""value"": ""-997.0"", ""label"": ""Script error""}, {""value"": ""-996.0"", ""label"": ""No Parent in household""}, {""value"": ""-99.0"", ""label"": ""MP not interviewed""}, {""value"": ""-98.0"", ""label"": ""No SP present""}, {""value"": ""-92.0"", ""label"": ""Refused""}, {""value"": ""-91.0"", ""label"": ""Not applicable""}, {""value"": ""-1.0"", ""label"": ""Don't know""}, {""value"": ""0.0"", ""label"": ""Not mentioned""}, {""value"": ""1.0"", ""label"": ""Mentioned""}]"
84,W4Hea3SP0d,SP/MP: Areas affected by SP's long-standing illness : Continence (bladder control),numeric,NOMINAL,-999.0 thru -1.0,"[{""value"": ""-997.0"", ""label"": ""Script error""}, {""value"": ""-996.0"", ""label"": ""No Parent in household""}, {""value"": ""-99.0"", ""label"": ""MP not interviewed""}, {""value"": ""-98.0"", ""label"": ""No SP present""}, {""value"": ""-92.0"", ""label"": ""Refused""}, {""value"": ""-91.0"", ""label"": ""Not applicable""}, {""value"": ""-1.0"", ""label"": ""Don't know""}, {""value"": ""0.0"", ""label"": ""Not mentioned""}, {""value"": ""1.0"", ""label"": ""Mentioned""}]"
85,W4Hea3SP0e,"SP/MP: Areas affected by SP's long-standing illness : Communication (speech, hearing or eyesight)",numeric,NOMINAL,-999.0 thru -1.0,"[{""value"": ""-997.0"", ""label"": ""Script error""}, {""value"": ""-996.0"", ""label"": ""No Parent in household""}, {""value"": ""-99.0"", ""label"": ""MP not interviewed""}, {""value"": ""-98.0"", ""label"": ""No SP present""}, {""value"": ""-92.0"", ""label"": ""Refused""}, {""value"": ""-91.0"", ""label"": ""Not applicable""}, {""value"": ""-1.0"", ""label"": ""Don't know""}, {""value"": ""0.0"", ""label"": ""Not mentioned""}, {""value"": ""1.0"", ""label"": ""Mentioned""}]"
86,W4Hea3SP0f,"SP/MP: Areas affected by SP's long-standing illness : Memory or ability to concentrate, learn or understand",numeric,NOMINAL,-999.0 thru -1.0,"[{""value"": ""-997.0"", ""label"": ""Script error""}, {""value"": ""-996.0"", ""label"": ""No Parent in household""}, {""value"": ""-99.0"", ""label"": ""MP not interviewed""}, {""value"": ""-98.0"", ""label"": ""No SP present""}, {""value"": ""-92.0"", ""label"": ""Refused""}, {""value"": ""-91.0"", ""label"": ""Not applicable""}, {""value"": ""-1.0"", ""label"": ""Don't know""}, {""value"": ""0.0"", ""label"": ""Not mentioned""}, {""value"": ""1.0"", ""label"": ""Mentioned""}]"
87,W4Hea3SP0g,SP/MP: Areas affected by SP's long-standing illness : Recognising when you are in physical danger,numeric,NOMINAL,-999.0 thru -1.0,"[{""value"": ""-997.0"", ""label"": ""Script error""}, {""value"": ""-996.0"", ""label"": ""No Parent in household""}, {""value"": ""-99.0"", ""label"": ""MP not interviewed""}, {""value"": ""-98.0"", ""label"": ""No SP present""}, {""value"": ""-92.0"", ""label"": ""Refused""}, {""value"": ""-91.0"", ""label"": ""Not applicable""}, {""value"": ""-1.0"", ""label"": ""Don't know""}, {""value"": ""0.0"", ""label"": ""Not mentioned""}, {""value"": ""1.0"", ""label"": ""Mentioned""}]"
88,W4Hea3SP0h,SP/MP: Areas affected by SP's long-standing illness : Your physical co-ordination (eg. Balance),numeric,NOMINAL,-999.0 thru -1.0,"[{""value"": ""-997.0"", ""label"": ""Script error""}, {""value"": ""-996.0"", ""label"": ""No Parent in household""}, {""value"": ""-99.0"", ""label"": ""MP not interviewed""}, {""value"": ""-98.0"", ""label"": ""No SP present""}, {""value"": ""-92.0"", ""label"": ""Refused""}, {""value"": ""-91.0"", ""label"": ""Not applicable""}, {""value"": ""-1.0"", ""label"": ""Don't know""}, {""value"": ""0.0"", ""label"": ""Not mentioned""}, {""value"": ""1.0"", ""label"": ""Mentioned""}]"
89,W4Hea3SP0i,SP/MP: Areas affected by SP's long-standing illness : Other health problem or disability,numeric,NOMINAL,-999.0 thru -1.0,"[{""value"": ""-997.0"", ""label"": ""Script error""}, {""value"": ""-996.0"", ""label"": ""No Parent in household""}, {""value"": ""-99.0"", ""label"": ""MP not interviewed""}, {""value"": ""-98.0"", ""label"": ""No SP present""}, {""value"": ""-92.0"", ""label"": ""Refused""}, {""value"": ""-91.0"", ""label"": ""Not applicable""}, {""value"": ""-1.0"", ""label"": ""Don't know""}, {""value"": ""0.0"", ""label"": ""Not mentioned""}, {""value"": ""1.0"", ""label"": ""Mentioned""}]"
90,W4Hea3SP0j,SP/MP: Areas affected by SP's long-standing illness : None of these,numeric,NOMINAL,-999.0 thru -1.0,"[{""value"": ""-997.0"", ""label"": ""Script error""}, {""value"": ""-996.0"", ""label"": ""No Parent in household""}, {""value"": ""-99.0"", ""label"": ""MP not interviewed""}, {""value"": ""-98.0"", ""label"": ""No SP present""}, {""value"": ""-92.0"", ""label"": ""Refused""}, {""value"": ""-91.0"", ""label"": ""Not applicable""}, {""value"": ""-1.0"", ""label"": ""Don't know""}, {""value"": ""0.0"", ""label"": ""Not mentioned""}, {""value"": ""1.0"", ""label"": ""Mentioned""}]"
91,W4Hea3SP0k,SP/MP: Areas affected by SP's long-standing illness : Don't know,numeric,NOMINAL,-999.0 thru -1.0,"[{""value"": ""-997.0"", ""label"": ""Script error""}, {""value"": ""-996.0"", ""label"": ""No Parent in household""}, {""value"": ""-99.0"", ""label"": ""MP not interviewed""}, {""value"": ""-98.0"", ""label"": ""No SP present""}, {""value"": ""-92.0"", ""label"": ""Refused""}, {""value"": ""-91.0"", ""label"": ""Not applicable""}, {""value"": ""-1.0"", ""label"": ""Don't know""}, {""value"": ""0.0"", ""label"": ""Not mentioned""}, {""value"": ""1.0"", ""label"": ""Mentioned""}]"
92,W4NeTreatSP,SP/MP: Whether SP receives medication for health problems that would otherwise affect their life,numeric,NOMINAL,-999.0 thru -1.0,"[{""value"": ""-997.0"", ""label"": ""Script error""}, {""value"": ""-996.0"", ""label"": ""No Parent in household""}, {""value"": ""-99.0"", ""label"": ""MP not interviewed""}, {""value"": ""-98.0"", ""label"": ""No SP present""}, {""value"": ""-92.0"", ""label"": ""Refused""}, {""value"": ""-91.0"", ""label"": ""Not applicable""}, {""value"": ""-1.0"", ""label"": ""Don't know""}, {""value"": ""1.0"", ""label"": ""Yes""}, {""value"": ""2.0"", ""label"": ""No""}]"
93,W4Hea4SP,SP/MP: Whether SP's health problem limits daily activities,numeric,NOMINAL,-999.0 thru -1.0,"[{""value"": ""-997.0"", ""label"": ""Script error""}, {""value"": ""-996.0"", ""label"": ""No Parent in household""}, {""value"": ""-99.0"", ""label"": ""MP not interviewed""}, {""value"": ""-98.0"", ""label"": ""No SP present""}, {""value"": ""-92.0"", ""label"": ""Refused""}, {""value"": ""-91.0"", ""label"": ""Not applicable""}, {""value"": ""-1.0"", ""label"": ""Don't know""}, {""value"": ""1.0"", ""label"": ""Yes""}, {""value"": ""2.0"", ""label"": ""No""}]"
94,W4Chea7SP,SP/MP: Whether health problem make it harder for SP to go to college/training course,numeric,NOMINAL,-999.0 thru -1.0,"[{""value"": ""-997.0"", ""label"": ""Script error""}, {""value"": ""-996.0"", ""label"": ""No Parent in household""}, {""value"": ""-99.0"", ""label"": ""MP not interviewed""}, {""value"": ""-98.0"", ""label"": ""No SP present""}, {""value"": ""-92.0"", ""label"": ""Refused""}, {""value"": ""-91.0"", ""label"": ""Not applicable""}, {""value"": ""-1.0"", ""label"": ""Don't know""}, {""value"": ""1.0"", ""label"": ""Yes""}, {""value"": ""2.0"", ""label"": ""No""}]"
95,W4Chea8SP,SP/MP: Whether health problem makes it more difficult for SP to do coursework,numeric,NOMINAL,-999.0 thru -1.0,"[{""value"": ""-997.0"", ""label"": ""Script error""}, {""value"": ""-996.0"", ""label"": ""No Parent in household""}, {""value"": ""-99.0"", ""label"": ""MP not interviewed""}, {""value"": ""-98.0"", ""label"": ""No SP present""}, {""value"": ""-92.0"", ""label"": ""Refused""}, {""value"": ""-91.0"", ""label"": ""Not applicable""}, {""value"": ""-1.0"", ""label"": ""Don't know""}, {""value"": ""1.0"", ""label"": ""Yes""}, {""value"": ""2.0"", ""label"": ""No""}]"
96,W4Hea9bSP,SP/MP: Whether illness affects the amount of work SP can do,numeric,NOMINAL,-999.0 thru -1.0,"[{""value"": ""-997.0"", ""label"": ""Script error""}, {""value"": ""-996.0"", ""label"": ""No Parent in household""}, {""value"": ""-99.0"", ""label"": ""MP not interviewed""}, {""value"": ""-98.0"", ""label"": ""No SP present""}, {""value"": ""-92.0"", ""label"": ""Refused""}, {""value"": ""-91.0"", ""label"": ""Not applicable""}, {""value"": ""-1.0"", ""label"": ""Don't know""}, {""value"": ""1.0"", ""label"": ""Yes""}, {""value"": ""2.0"", ""label"": ""No""}]"
97,W4Hea9SP,SP/MP: Whether illness affects the type of work SP can do,numeric,NOMINAL,-999.0 thru -1.0,"[{""value"": ""-997.0"", ""label"": ""Script error""}, {""value"": ""-996.0"", ""label"": ""No Parent in household""}, {""value"": ""-99.0"", ""label"": ""MP not interviewed""}, {""value"": ""-98.0"", ""label"": ""No SP present""}, {""value"": ""-92.0"", ""label"": ""Refused""}, {""value"": ""-91.0"", ""label"": ""Not applicable""}, {""value"": ""-1.0"", ""label"": ""Don't know""}, {""value"": ""1.0"", ""label"": ""Yes""}, {""value"": ""2.0"", ""label"": ""No""}]"
98,W4EverDDASP,SP/MP: Whether SP has ever had a longstanding illness which affected their activities,numeric,NOMINAL,-999.0 thru -1.0,"[{""value"": ""-997.0"", ""label"": ""Script error""}, {""value"": ""-996.0"", ""label"": ""No Parent in household""}, {""value"": ""-99.0"", ""label"": ""MP not interviewed""}, {""value"": ""-98.0"", ""label"": ""No SP present""}, {""value"": ""-92.0"", ""label"": ""Refused""}, {""value"": ""-91.0"", ""label"": ""Not applicable""}, {""value"": ""-1.0"", ""label"": ""Don't know""}, {""value"": ""1.0"", ""label"": ""Yes""}, {""value"": ""2.0"", ""label"": ""No""}]"
99,W4sourceSP,Admin: Interviewer code who answered questions about the partner,numeric,NOMINAL,-999.0 thru -1.0,"[{""value"": ""-997.0"", ""label"": ""Script error""}, {""value"": ""-996.0"", ""label"": ""No Parent in household""}, {""value"": ""-99.0"", ""label"": ""MP not interviewed""}, {""value"": ""-98.0"", ""label"": ""No SP present""}, {""value"": ""-92.0"", ""label"": ""Refused""}, {""value"": ""-91.0"", ""label"": ""Not applicable""}, {""value"": ""-1.0"", ""label"": ""Don't know""}, {""value"": ""1.0"", ""label"": ""Directly by partner/spouse""}, {""value"": ""2.0"", ""label"": ""Main adult""}, {""value"": ""3.0"", ""label"": ""Main adult with consultation with partner/spouse""}]"
100,W4BwLike1MP0a,MP: What MP would like to happen over the next few years : Stay at home and look after my children,numeric,NOMINAL,-999.0 thru -1.0,"[{""value"": ""-997.0"", ""label"": ""Script error""}, {""value"": ""-996.0"", ""label"": ""No Parent in household""}, {""value"": ""-99.0"", ""label"": ""MP not interviewed""}, {""value"": ""-92.0"", ""label"": ""Refused""}, {""value"": ""-91.0"", ""label"": ""Not applicable""}, {""value"": ""-1.0"", ""label"": ""Don't know""}, {""value"": ""0.0"", ""label"": ""Not mentioned""}, {""value"": ""1.0"", ""label"": ""Mentioned""}]"
101,W4BwLike1MP0b,MP: What MP would like to happen over the next few years : Get married/Settle down with a partner,numeric,NOMINAL,-999.0 thru -1.0,"[{""value"": ""-997.0"", ""label"": ""Script error""}, {""value"": ""-996.0"", ""label"": ""No Parent in household""}, {""value"": ""-99.0"", ""label"": ""MP not interviewed""}, {""value"": ""-92.0"", ""label"": ""Refused""}, {""value"": ""-91.0"", ""label"": ""Not applicable""}, {""value"": ""-1.0"", ""label"": ""Don't know""}, {""value"": ""0.0"", ""label"": ""Not mentioned""}, {""value"": ""1.0"", ""label"": ""Mentioned""}]"
102,W4BwLike1MP0c,MP: What MP would like to happen over the next few years : Get a paid job/become self-employed,numeric,NOMINAL,-999.0 thru -1.0,"[{""value"": ""-997.0"", ""label"": ""Script error""}, {""value"": ""-996.0"", ""label"": ""No Parent in household""}, {""value"": ""-99.0"", ""label"": ""MP not interviewed""}, {""value"": ""-92.0"", ""label"": ""Refused""}, {""value"": ""-91.0"", ""label"": ""Not applicable""}, {""value"": ""-1.0"", ""label"": ""Don't know""}, {""value"": ""0.0"", ""label"": ""Not mentioned""}, {""value"": ""1.0"", ""label"": ""Mentioned""}]"
103,W4BwLike1MP0d,MP: What MP would like to happen over the next few years : Have another child,numeric,NOMINAL,-999.0 thru -1.0,"[{""value"": ""-997.0"", ""label"": ""Script error""}, {""value"": ""-996.0"", ""label"": ""No Parent in household""}, {""value"": ""-99.0"", ""label"": ""MP not interviewed""}, {""value"": ""-92.0"", ""label"": ""Refused""}, {""value"": ""-91.0"", ""label"": ""Not applicable""}, {""value"": ""-1.0"", ""label"": ""Don't know""}, {""value"": ""0.0"", ""label"": ""Not mentioned""}, {""value"": ""1.0"", ""label"": ""Mentioned""}]"
104,W4BwLike1MP0e,MP: What MP would like to happen over the next few years : Go to college/study,numeric,NOMINAL,-999.0 thru -1.0,"[{""value"": ""-997.0"", ""label"": ""Script error""}, {""value"": ""-996.0"", ""label"": ""No Parent in household""}, {""value"": ""-99.0"", ""label"": ""MP not interviewed""}, {""value"": ""-92.0"", ""label"": ""Refused""}, {""value"": ""-91.0"", ""label"": ""Not applicable""}, {""value"": ""-1.0"", ""label"": ""Don't know""}, {""value"": ""0.0"", ""label"": ""Not mentioned""}, {""value"": ""1.0"", ""label"": ""Mentioned""}]"
105,W4BwLike1MP0f,MP: What MP would like to happen over the next few years : Do some voluntary work,numeric,NOMINAL,-999.0 thru -1.0,"[{""value"": ""-997.0"", ""label"": ""Script error""}, {""value"": ""-996.0"", ""label"": ""No Parent in household""}, {""value"": ""-99.0"", ""label"": ""MP not interviewed""}, {""value"": ""-92.0"", ""label"": ""Refused""}, {""value"": ""-91.0"", ""label"": ""Not applicable""}, {""value"": ""-1.0"", ""label"": ""Don't know""}, {""value"": ""0.0"", ""label"": ""Not mentioned""}, {""value"": ""1.0"", ""label"": ""Mentioned""}]"
106,W4BwLike1MP0g,MP: What MP would like to happen over the next few years : Move home,numeric,NOMINAL,-999.0 thru -1.0,"[{""value"": ""-997.0"", ""label"": ""Script error""}, {""value"": ""-996.0"", ""label"": ""No Parent in household""}, {""value"": ""-99.0"", ""label"": ""MP not interviewed""}, {""value"": ""-92.0"", ""label"": ""Refused""}, {""value"": ""-91.0"", ""label"": ""Not applicable""}, {""value"": ""-1.0"", ""label"": ""Don't know""}, {""value"": ""0.0"", ""label"": ""Not mentioned""}, {""value"": ""1.0"", ""label"": ""Mentioned""}]"
107,W4BwLike1MP0h,MP: What MP would like to happen over the next few years : None of these,numeric,NOMINAL,-999.0 thru -1.0,"[{""value"": ""-997.0"", ""label"": ""Script error""}, {""value"": ""-996.0"", ""label"": ""No Parent in household""}, {""value"": ""-99.0"", ""label"": ""MP not interviewed""}, {""value"": ""-92.0"", ""label"": ""Refused""}, {""value"": ""-91.0"", ""label"": ""Not applicable""}, {""value"": ""-1.0"", ""label"": ""Don't know""}, {""value"": ""0.0"", ""label"": ""Not mentioned""}, {""value"": ""1.0"", ""label"": ""Mentioned""}]"
108,W4BwLike1MP0i,MP: What MP would like to happen over the next few years : Refusal,numeric,NOMINAL,-999.0 thru -1.0,"[{""value"": ""-997.0"", ""label"": ""Script error""}, {""value"": ""-996.0"", ""label"": ""No Parent in household""}, {""value"": ""-99.0"", ""label"": ""MP not interviewed""}, {""value"": ""-92.0"", ""label"": ""Refused""}, {""value"": ""-91.0"", ""label"": ""Not applicable""}, {""value"": ""-1.0"", ""label"": ""Don't know""}, {""value"": ""0.0"", ""label"": ""Not mentioned""}, {""value"": ""1.0"", ""label"": ""Mentioned""}]"
109,W4BwLike1MP0j,MP: What MP would like to happen over the next few years : Don't know,numeric,NOMINAL,-999.0 thru -1.0,"[{""value"": ""-997.0"", ""label"": ""Script error""}, {""value"": ""-996.0"", ""label"": ""No Parent in household""}, {""value"": ""-99.0"", ""label"": ""MP not interviewed""}, {""value"": ""-92.0"", ""label"": ""Refused""}, {""value"": ""-91.0"", ""label"": ""Not applicable""}, {""value"": ""-1.0"", ""label"": ""Don't know""}, {""value"": ""0.0"", ""label"": ""Not mentioned""}, {""value"": ""1.0"", ""label"": ""Mentioned""}]"
110,W4BwLike2MP0a,MP: What MP thinks will happen over the next few years : Stay at home and look after my children,numeric,NOMINAL,-999.0 thru -1.0,"[{""value"": ""-997.0"", ""label"": ""Script error""}, {""value"": ""-996.0"", ""label"": ""No Parent in household""}, {""value"": ""-99.0"", ""label"": ""MP not interviewed""}, {""value"": ""-92.0"", ""label"": ""Refused""}, {""value"": ""-91.0"", ""label"": ""Not applicable""}, {""value"": ""-1.0"", ""label"": ""Don't know""}, {""value"": ""0.0"", ""label"": ""Not mentioned""}, {""value"": ""1.0"", ""label"": ""Mentioned""}]"
111,W4BwLike2MP0b,MP: What MP thinks will happen over the next few years : Get married/Settle down with a partner,numeric,NOMINAL,-999.0 thru -1.0,"[{""value"": ""-997.0"", ""label"": ""Script error""}, {""value"": ""-996.0"", ""label"": ""No Parent in household""}, {""value"": ""-99.0"", ""label"": ""MP not interviewed""}, {""value"": ""-92.0"", ""label"": ""Refused""}, {""value"": ""-91.0"", ""label"": ""Not applicable""}, {""value"": ""-1.0"", ""label"": ""Don't know""}, {""value"": ""0.0"", ""label"": ""Not mentioned""}, {""value"": ""1.0"", ""label"": ""Mentioned""}]"
112,W4BwLike2MP0c,MP: What MP thinks will happen over the next few years : Get a paid job/become self-employed,numeric,NOMINAL,-999.0 thru -1.0,"[{""value"": ""-997.0"", ""label"": ""Script error""}, {""value"": ""-996.0"", ""label"": ""No Parent in household""}, {""value"": ""-99.0"", ""label"": ""MP not interviewed""}, {""value"": ""-92.0"", ""label"": ""Refused""}, {""value"": ""-91.0"", ""label"": ""Not applicable""}, {""value"": ""-1.0"", ""label"": ""Don't know""}, {""value"": ""0.0"", ""label"": ""Not mentioned""}, {""value"": ""1.0"", ""label"": ""Mentioned""}]"
113,W4BwLike2MP0d,MP: What MP thinks will happen over the next few years : Have another child,numeric,NOMINAL,-999.0 thru -1.0,"[{""value"": ""-997.0"", ""label"": ""Script error""}, {""value"": ""-996.0"", ""label"": ""No Parent in household""}, {""value"": ""-99.0"", ""label"": ""MP not interviewed""}, {""value"": ""-92.0"", ""label"": ""Refused""}, {""value"": ""-91.0"", ""label"": ""Not applicable""}, {""value"": ""-1.0"", ""label"": ""Don't know""}, {""value"": ""0.0"", ""label"": ""Not mentioned""}, {""value"": ""1.0"", ""label"": ""Mentioned""}]"
114,W4BwLike2MP0e,MP: What MP thinks will happen over the next few years : Go to college/study,numeric,NOMINAL,-999.0 thru -1.0,"[{""value"": ""-997.0"", ""label"": ""Script error""}, {""value"": ""-996.0"", ""label"": ""No Parent in household""}, {""value"": ""-99.0"", ""label"": ""MP not interviewed""}, {""value"": ""-92.0"", ""label"": ""Refused""}, {""value"": ""-91.0"", ""label"": ""Not applicable""}, {""value"": ""-1.0"", ""label"": ""Don't know""}, {""value"": ""0.0"", ""label"": ""Not mentioned""}, {""value"": ""1.0"", ""label"": ""Mentioned""}]"
115,W4BwLike2MP0f,MP: What MP thinks will happen over the next few years : Do some voluntary work,numeric,NOMINAL,-999.0 thru -1.0,"[{""value"": ""-997.0"", ""label"": ""Script error""}, {""value"": ""-996.0"", ""label"": ""No Parent in household""}, {""value"": ""-99.0"", ""label"": ""MP not interviewed""}, {""value"": ""-92.0"", ""label"": ""Refused""}, {""value"": ""-91.0"", ""label"": ""Not applicable""}, {""value"": ""-1.0"", ""label"": ""Don't know""}, {""value"": ""0.0"", ""label"": ""Not mentioned""}, {""value"": ""1.0"", ""label"": ""Mentioned""}]"
116,W4BwLike2MP0g,MP: What MP thinks will happen over the next few years : Move home,numeric,NOMINAL,-999.0 thru -1.0,"[{""value"": ""-997.0"", ""label"": ""Script error""}, {""value"": ""-996.0"", ""label"": ""No Parent in household""}, {""value"": ""-99.0"", ""label"": ""MP not interviewed""}, {""value"": ""-92.0"", ""label"": ""Refused""}, {""value"": ""-91.0"", ""label"": ""Not applicable""}, {""value"": ""-1.0"", ""label"": ""Don't know""}, {""value"": ""0.0"", ""label"": ""Not mentioned""}, {""value"": ""1.0"", ""label"": ""Mentioned""}]"
117,W4BwLike2MP0h,MP: What MP thinks will happen over the next few years : None of these,numeric,NOMINAL,-999.0 thru -1.0,"[{""value"": ""-997.0"", ""label"": ""Script error""}, {""value"": ""-996.0"", ""label"": ""No Parent in household""}, {""value"": ""-99.0"", ""label"": ""MP not interviewed""}, {""value"": ""-92.0"", ""label"": ""Refused""}, {""value"": ""-91.0"", ""label"": ""Not applicable""}, {""value"": ""-1.0"", ""label"": ""Don't know""}, {""value"": ""0.0"", ""label"": ""Not mentioned""}, {""value"": ""1.0"", ""label"": ""Mentioned""}]"
118,W4BwLike2MP0i,MP: What MP thinks will happen over the next few years : Refusal,numeric,NOMINAL,-999.0 thru -1.0,"[{""value"": ""-997.0"", ""label"": ""Script error""}, {""value"": ""-996.0"", ""label"": ""No Parent in household""}, {""value"": ""-99.0"", ""label"": ""MP not interviewed""}, {""value"": ""-92.0"", ""label"": ""Refused""}, {""value"": ""-91.0"", ""label"": ""Not applicable""}, {""value"": ""-1.0"", ""label"": ""Don't know""}, {""value"": ""0.0"", ""label"": ""Not mentioned""}, {""value"": ""1.0"", ""label"": ""Mentioned""}]"
119,W4BwLike2MP0j,MP: What MP thinks will happen over the next few years : Don't know,numeric,NOMINAL,-999.0 thru -1.0,"[{""value"": ""-997.0"", ""label"": ""Script error""}, {""value"": ""-996.0"", ""label"": ""No Parent in household""}, {""value"": ""-99.0"", ""label"": ""MP not interviewed""}, {""value"": ""-92.0"", ""label"": ""Refused""}, {""value"": ""-91.0"", ""label"": ""Not applicable""}, {""value"": ""-1.0"", ""label"": ""Don't know""}, {""value"": ""0.0"", ""label"": ""Not mentioned""}, {""value"": ""1.0"", ""label"": ""Mentioned""}]"
120,W4BwThgMP,MP: Whether MP thought about returning to work in the last 12 months,numeric,NOMINAL,-999.0 thru -1.0,"[{""value"": ""-997.0"", ""label"": ""Script error""}, {""value"": ""-996.0"", ""label"": ""No Parent in household""}, {""value"": ""-99.0"", ""label"": ""MP not interviewed""}, {""value"": ""-92.0"", ""label"": ""Refused""}, {""value"": ""-91.0"", ""label"": ""Not applicable""}, {""value"": ""-1.0"", ""label"": ""Don't know""}, {""value"": ""1.0"", ""label"": ""Yes""}, {""value"": ""2.0"", ""label"": ""No""}]"
121,W4BwKndMP,MP: Whether MP thought about the type of work or job that they might do,numeric,NOMINAL,-999.0 thru -1.0,"[{""value"": ""-997.0"", ""label"": ""Script error""}, {""value"": ""-996.0"", ""label"": ""No Parent in household""}, {""value"": ""-99.0"", ""label"": ""MP not interviewed""}, {""value"": ""-92.0"", ""label"": ""Refused""}, {""value"": ""-91.0"", ""label"": ""Not applicable""}, {""value"": ""-1.0"", ""label"": ""Don't know""}, {""value"": ""1.0"", ""label"": ""Yes""}, {""value"": ""2.0"", ""label"": ""No""}]"
122,W4Getkeep1MP0a,MP: Difficulties in finding a paid job : There are few suitable job opportunities in the local area,numeric,NOMINAL,-999.0 thru -1.0,"[{""value"": ""-997.0"", ""label"": ""Script error""}, {""value"": ""-996.0"", ""label"": ""No Parent in household""}, {""value"": ""-99.0"", ""label"": ""MP not interviewed""}, {""value"": ""-92.0"", ""label"": ""Refused""}, {""value"": ""-91.0"", ""label"": ""Not applicable""}, {""value"": ""-1.0"", ""label"": ""Don't know""}, {""value"": ""0.0"", ""label"": ""Not mentioned""}, {""value"": ""1.0"", ""label"": ""Mentioned""}]"
123,W4Getkeep1MP0b,MP: Difficulties in finding a paid job : Haven't got the qualifications or experience to get the kind of job I would want,numeric,NOMINAL,-999.0 thru -1.0,"[{""value"": ""-997.0"", ""label"": ""Script error""}, {""value"": ""-996.0"", ""label"": ""No Parent in household""}, {""value"": ""-99.0"", ""label"": ""MP not interviewed""}, {""value"": ""-92.0"", ""label"": ""Refused""}, {""value"": ""-91.0"", ""label"": ""Not applicable""}, {""value"": ""-1.0"", ""label"": ""Don't know""}, {""value"": ""0.0"", ""label"": ""Not mentioned""}, {""value"": ""1.0"", ""label"": ""Mentioned""}]"
124,W4Getkeep1MP0c,MP: Difficulties in finding a paid job : Own child / children wouldn't like me to work,numeric,NOMINAL,-999.0 thru -1.0,"[{""value"": ""-997.0"", ""label"": ""Script error""}, {""value"": ""-996.0"", ""label"": ""No Parent in household""}, {""value"": ""-99.0"", ""label"": ""MP not interviewed""}, {""value"": ""-92.0"", ""label"": ""Refused""}, {""value"": ""-91.0"", ""label"": ""Not applicable""}, {""value"": ""-1.0"", ""label"": ""Don't know""}, {""value"": ""0.0"", ""label"": ""Not mentioned""}, {""value"": ""1.0"", ""label"": ""Mentioned""}]"
125,W4Getkeep1MP0d,MP: Difficulties in finding a paid job : Parent / parents wouldn't like me to work,numeric,NOMINAL,-999.0 thru -1.0,"[{""value"": ""-997.0"", ""label"": ""Script error""}, {""value"": ""-996.0"", ""label"": ""No Parent in household""}, {""value"": ""-99.0"", ""label"": ""MP not interviewed""}, {""value"": ""-92.0"", ""label"": ""Refused""}, {""value"": ""-91.0"", ""label"": ""Not applicable""}, {""value"": ""-1.0"", ""label"": ""Don't know""}, {""value"": ""0.0"", ""label"": ""Not mentioned""}, {""value"": ""1.0"", ""label"": ""Mentioned""}]"
126,W4Getkeep1MP0e,MP: Difficulties in finding a paid job : Would have problems with transport to and from work,numeric,NOMINAL,-999.0 thru -1.0,"[{""value"": ""-997.0"", ""label"": ""Script error""}, {""value"": ""-996.0"", ""label"": ""No Parent in household""}, {""value"": ""-99.0"", ""label"": ""MP not interviewed""}, {""value"": ""-92.0"", ""label"": ""Refused""}, {""value"": ""-91.0"", ""label"": ""Not applicable""}, {""value"": ""-1.0"", ""label"": ""Don't know""}, {""value"": ""0.0"", ""label"": ""Not mentioned""}, {""value"": ""1.0"", ""label"": ""Mentioned""}]"
127,W4Getkeep1MP0f,MP: Difficulties in finding a paid job : Have difficulties due to my health condition or disability,numeric,NOMINAL,-999.0 thru -1.0,"[{""value"": ""-997.0"", ""label"": ""Script error""}, {""value"": ""-996.0"", ""label"": ""No Parent in household""}, {""value"": ""-99.0"", ""label"": ""MP not interviewed""}, {""value"": ""-92.0"", ""label"": ""Refused""}, {""value"": ""-91.0"", ""label"": ""Not applicable""}, {""value"": ""-1.0"", ""label"": ""Don't know""}, {""value"": ""0.0"", ""label"": ""Not mentioned""}, {""value"": ""1.0"", ""label"": ""Mentioned""}]"
128,W4Getkeep1MP0g,MP: Difficulties in finding a paid job : Confidence is low at the moment,numeric,NOMINAL,-999.0 thru -1.0,"[{""value"": ""-997.0"", ""label"": ""Script error""}, {""value"": ""-996.0"", ""label"": ""No Parent in household""}, {""value"": ""-99.0"", ""label"": ""MP not interviewed""}, {""value"": ""-92.0"", ""label"": ""Refused""}, {""value"": ""-91.0"", ""label"": ""Not applicable""}, {""value"": ""-1.0"", ""label"": ""Don't know""}, {""value"": ""0.0"", ""label"": ""Not mentioned""}, {""value"": ""1.0"", ""label"": ""Mentioned""}]"
129,W4Getkeep1MP0h,MP: Difficulties in finding a paid job : Want to look after my child/children myself at home,numeric,NOMINAL,-999.0 thru -1.0,"[{""value"": ""-997.0"", ""label"": ""Script error""}, {""value"": ""-996.0"", ""label"": ""No Parent in household""}, {""value"": ""-99.0"", ""label"": ""MP not interviewed""}, {""value"": ""-92.0"", ""label"": ""Refused""}, {""value"": ""-91.0"", ""label"": ""Not applicable""}, {""value"": ""-1.0"", ""label"": ""Don't know""}, {""value"": ""0.0"", ""label"": ""Not mentioned""}, {""value"": ""1.0"", ""label"": ""Mentioned""}]"
130,W4Getkeep1MP0i,"MP: Difficulties in finding a paid job : Care for someone who has a health condition, disability or behavioural difficulties",numeric,NOMINAL,-999.0 thru -1.0,"[{""value"": ""-997.0"", ""label"": ""Script error""}, {""value"": ""-996.0"", ""label"": ""No Parent in household""}, {""value"": ""-99.0"", ""label"": ""MP not interviewed""}, {""value"": ""-92.0"", ""label"": ""Refused""}, {""value"": ""-91.0"", ""label"": ""Not applicable""}, {""value"": ""-1.0"", ""label"": ""Don't know""}, {""value"": ""0.0"", ""label"": ""Not mentioned""}, {""value"": ""1.0"", ""label"": ""Mentioned""}]"
131,W4Getkeep1MP0j,MP: Difficulties in finding a paid job : Worried will not have enough time with my child/children,numeric,NOMINAL,-999.0 thru -1.0,"[{""value"": ""-997.0"", ""label"": ""Script error""}, {""value"": ""-996.0"", ""label"": ""No Parent in household""}, {""value"": ""-99.0"", ""label"": ""MP not interviewed""}, {""value"": ""-92.0"", ""label"": ""Refused""}, {""value"": ""-91.0"", ""label"": ""Not applicable""}, {""value"": ""-1.0"", ""label"": ""Don't know""}, {""value"": ""0.0"", ""label"": ""Not mentioned""}, {""value"": ""1.0"", ""label"": ""Mentioned""}]"
132,W4Getkeep1MP0k,MP: Difficulties in finding a paid job : Husband/partner/ex-partner would not like it if I worked,numeric,NOMINAL,-999.0 thru -1.0,"[{""value"": ""-997.0"", ""label"": ""Script error""}, {""value"": ""-996.0"", ""label"": ""No Parent in household""}, {""value"": ""-99.0"", ""label"": ""MP not interviewed""}, {""value"": ""-92.0"", ""label"": ""Refused""}, {""value"": ""-91.0"", ""label"": ""Not applicable""}, {""value"": ""-1.0"", ""label"": ""Don't know""}, {""value"": ""0.0"", ""label"": ""Not mentioned""}, {""value"": ""1.0"", ""label"": ""Mentioned""}]"
133,W4Getkeep1MP0l,MP: Difficulties in finding a paid job : Not sure would be financially better off in work,numeric,NOMINAL,-999.0 thru -1.0,"[{""value"": ""-997.0"", ""label"": ""Script error""}, {""value"": ""-996.0"", ""label"": ""No Parent in household""}, {""value"": ""-99.0"", ""label"": ""MP not interviewed""}, {""value"": ""-92.0"", ""label"": ""Refused""}, {""value"": ""-91.0"", ""label"": ""Not applicable""}, {""value"": ""-1.0"", ""label"": ""Don't know""}, {""value"": ""0.0"", ""label"": ""Not mentioned""}, {""value"": ""1.0"", ""label"": ""Mentioned""}]"
134,W4Getkeep1MP0m,MP: Difficulties in finding a paid job : There isn't enough suitable affordable childcare here,numeric,NOMINAL,-999.0 thru -1.0,"[{""value"": ""-997.0"", ""label"": ""Script error""}, {""value"": ""-996.0"", ""label"": ""No Parent in household""}, {""value"": ""-99.0"", ""label"": ""MP not interviewed""}, {""value"": ""-92.0"", ""label"": ""Refused""}, {""value"": ""-91.0"", ""label"": ""Not applicable""}, {""value"": ""-1.0"", ""label"": ""Don't know""}, {""value"": ""0.0"", ""label"": ""Not mentioned""}, {""value"": ""1.0"", ""label"": ""Mentioned""}]"
135,W4Getkeep1MP0n,MP: Difficulties in finding a paid job : Would need a job where could take time off at short notice to look after children,numeric,NOMINAL,-999.0 thru -1.0,"[{""value"": ""-997.0"", ""label"": ""Script error""}, {""value"": ""-996.0"", ""label"": ""No Parent in household""}, {""value"": ""-99.0"", ""label"": ""MP not interviewed""}, {""value"": ""-92.0"", ""label"": ""Refused""}, {""value"": ""-91.0"", ""label"": ""Not applicable""}, {""value"": ""-1.0"", ""label"": ""Don't know""}, {""value"": ""0.0"", ""label"": ""Not mentioned""}, {""value"": ""1.0"", ""label"": ""Mentioned""}]"
136,W4Getkeep1MP0o,MP: Difficulties in finding a paid job : Employers aren't very family friendly,numeric,NOMINAL,-999.0 thru -1.0,"[{""value"": ""-997.0"", ""label"": ""Script error""}, {""value"": ""-996.0"", ""label"": ""No Parent in household""}, {""value"": ""-99.0"", ""label"": ""MP not interviewed""}, {""value"": ""-92.0"", ""label"": ""Refused""}, {""value"": ""-91.0"", ""label"": ""Not applicable""}, {""value"": ""-1.0"", ""label"": ""Don't know""}, {""value"": ""0.0"", ""label"": ""Not mentioned""}, {""value"": ""1.0"", ""label"": ""Mentioned""}]"
137,W4Getkeep1MP0p,"MP: Difficulties in finding a paid job : Family or close friends are not able, or live too far away to provide child care",numeric,NOMINAL,-999.0 thru -1.0,"[{""value"": ""-997.0"", ""label"": ""Script error""}, {""value"": ""-996.0"", ""label"": ""No Parent in household""}, {""value"": ""-99.0"", ""label"": ""MP not interviewed""}, {""value"": ""-92.0"", ""label"": ""Refused""}, {""value"": ""-91.0"", ""label"": ""Not applicable""}, {""value"": ""-1.0"", ""label"": ""Don't know""}, {""value"": ""0.0"", ""label"": ""Not mentioned""}, {""value"": ""1.0"", ""label"": ""Mentioned""}]"
138,W4Getkeep1MP0q,MP: Difficulties in finding a paid job : Not prepared to leave my child/children in the care of anyone else,numeric,NOMINAL,-999.0 thru -1.0,"[{""value"": ""-997.0"", ""label"": ""Script error""}, {""value"": ""-996.0"", ""label"": ""No Parent in household""}, {""value"": ""-99.0"", ""label"": ""MP not interviewed""}, {""value"": ""-92.0"", ""label"": ""Refused""}, {""value"": ""-91.0"", ""label"": ""Not applicable""}, {""value"": ""-1.0"", ""label"": ""Don't know""}, {""value"": ""0.0"", ""label"": ""Not mentioned""}, {""value"": ""1.0"", ""label"": ""Mentioned""}]"
139,W4Getkeep1MP0r,MP: Difficulties in finding a paid job : Concerned about leaving the security of benefits,numeric,NOMINAL,-999.0 thru -1.0,"[{""value"": ""-997.0"", ""label"": ""Script error""}, {""value"": ""-996.0"", ""label"": ""No Parent in household""}, {""value"": ""-99.0"", ""label"": ""MP not interviewed""}, {""value"": ""-92.0"", ""label"": ""Refused""}, {""value"": ""-91.0"", ""label"": ""Not applicable""}, {""value"": ""-1.0"", ""label"": ""Don't know""}, {""value"": ""0.0"", ""label"": ""Not mentioned""}, {""value"": ""1.0"", ""label"": ""Mentioned""}]"
140,W4Getkeep1MP0s,MP: Difficulties in finding a paid job : Have personal or family troubles that need to be sorted out,numeric,NOMINAL,-999.0 thru -1.0,"[{""value"": ""-997.0"", ""label"": ""Script error""}, {""value"": ""-996.0"", ""label"": ""No Parent in household""}, {""value"": ""-99.0"", ""label"": ""MP not interviewed""}, {""value"": ""-92.0"", ""label"": ""Refused""}, {""value"": ""-91.0"", ""label"": ""Not applicable""}, {""value"": ""-1.0"", ""label"": ""Don't know""}, {""value"": ""0.0"", ""label"": ""Not mentioned""}, {""value"": ""1.0"", ""label"": ""Mentioned""}]"
141,W4Getkeep1MP0t,MP: Difficulties in finding a paid job : Childcare (general/non-specific),numeric,NOMINAL,-999.0 thru -1.0,"[{""value"": ""-997.0"", ""label"": ""Script error""}, {""value"": ""-996.0"", ""label"": ""No Parent in household""}, {""value"": ""-99.0"", ""label"": ""MP not interviewed""}, {""value"": ""-92.0"", ""label"": ""Refused""}, {""value"": ""-91.0"", ""label"": ""Not applicable""}, {""value"": ""-1.0"", ""label"": ""Don't know""}, {""value"": ""0.0"", ""label"": ""Not mentioned""}, {""value"": ""1.0"", ""label"": ""Mentioned""}]"
142,W4Getkeep1MP0u,MP: Difficulties in finding a paid job : Child(ren) too young (general/non-specific),numeric,NOMINAL,-999.0 thru -1.0,"[{""value"": ""-997.0"", ""label"": ""Script error""}, {""value"": ""-996.0"", ""label"": ""No Parent in household""}, {""value"": ""-99.0"", ""label"": ""MP not interviewed""}, {""value"": ""-92.0"", ""label"": ""Refused""}, {""value"": ""-91.0"", ""label"": ""Not applicable""}, {""value"": ""-1.0"", ""label"": ""Don't know""}, {""value"": ""0.0"", ""label"": ""Not mentioned""}, {""value"": ""1.0"", ""label"": ""Mentioned""}]"
143,W4Getkeep1MP0v,MP: Difficulties in finding a paid job : Language difficulties,numeric,NOMINAL,-999.0 thru -1.0,"[{""value"": ""-997.0"", ""label"": ""Script error""}, {""value"": ""-996.0"", ""label"": ""No Parent in household""}, {""value"": ""-99.0"", ""label"": ""MP not interviewed""}, {""value"": ""-92.0"", ""label"": ""Refused""}, {""value"": ""-91.0"", ""label"": ""Not applicable""}, {""value"": ""-1.0"", ""label"": ""Don't know""}, {""value"": ""0.0"", ""label"": ""Not mentioned""}, {""value"": ""1.0"", ""label"": ""Mentioned""}]"
144,W4Getkeep1MP0w,MP: Difficulties in finding a paid job : Too old/my age,numeric,NOMINAL,-999.0 thru -1.0,"[{""value"": ""-997.0"", ""label"": ""Script error""}, {""value"": ""-996.0"", ""label"": ""No Parent in household""}, {""value"": ""-99.0"", ""label"": ""MP not interviewed""}, {""value"": ""-92.0"", ""label"": ""Refused""}, {""value"": ""-91.0"", ""label"": ""Not applicable""}, {""value"": ""-1.0"", ""label"": ""Don't know""}, {""value"": ""0.0"", ""label"": ""Not mentioned""}, {""value"": ""1.0"", ""label"": ""Mentioned""}]"
145,W4Getkeep1MP0x,MP: Difficulties in finding a paid job : Other,numeric,NOMINAL,-999.0 thru -1.0,"[{""value"": ""-997.0"", ""label"": ""Script error""}, {""value"": ""-996.0"", ""label"": ""No Parent in household""}, {""value"": ""-99.0"", ""label"": ""MP not interviewed""}, {""value"": ""-92.0"", ""label"": ""Refused""}, {""value"": ""-91.0"", ""label"": ""Not applicable""}, {""value"": ""-1.0"", ""label"": ""Don't know""}, {""value"": ""0.0"", ""label"": ""Not mentioned""}, {""value"": ""1.0"", ""label"": ""Mentioned""}]"
146,W4Getkeep1MP0y,MP: Difficulties in finding a paid job : No Answer,numeric,NOMINAL,-999.0 thru -1.0,"[{""value"": ""-997.0"", ""label"": ""Script error""}, {""value"": ""-996.0"", ""label"": ""No Parent in household""}, {""value"": ""-99.0"", ""label"": ""MP not interviewed""}, {""value"": ""-92.0"", ""label"": ""Refused""}, {""value"": ""-91.0"", ""label"": ""Not applicable""}, {""value"": ""-1.0"", ""label"": ""Don't know""}, {""value"": ""0.0"", ""label"": ""Not mentioned""}, {""value"": ""1.0"", ""label"": ""Mentioned""}]"
147,W4Getkeep1MP0z,MP: Difficulties in finding a paid job : Don't know,numeric,NOMINAL,-999.0 thru -1.0,"[{""value"": ""-997.0"", ""label"": ""Script error""}, {""value"": ""-996.0"", ""label"": ""No Parent in household""}, {""value"": ""-99.0"", ""label"": ""MP not interviewed""}, {""value"": ""-92.0"", ""label"": ""Refused""}, {""value"": ""-91.0"", ""label"": ""Not applicable""}, {""value"": ""-1.0"", ""label"": ""Don't know""}, {""value"": ""0.0"", ""label"": ""Not mentioned""}, {""value"": ""1.0"", ""label"": ""Mentioned""}]"
148,W4Getkeep1MPaa,MP: Difficulties in finding a paid job : Refusal,numeric,NOMINAL,-999.0 thru -1.0,"[{""value"": ""-997.0"", ""label"": ""Script error""}, {""value"": ""-996.0"", ""label"": ""No Parent in household""}, {""value"": ""-99.0"", ""label"": ""MP not interviewed""}, {""value"": ""-92.0"", ""label"": ""Refused""}, {""value"": ""-91.0"", ""label"": ""Not applicable""}, {""value"": ""-1.0"", ""label"": ""Don't know""}, {""value"": ""0.0"", ""label"": ""Not mentioned""}, {""value"": ""1.0"", ""label"": ""Mentioned""}]"
149,W4GetKeep1ckMP,MP: Number of difficulties given for MP finding a job,numeric,NOMINAL,-999.0 thru -1.0,"[{""value"": ""-997.0"", ""label"": ""Script error""}, {""value"": ""-996.0"", ""label"": ""No Parent in household""}, {""value"": ""-99.0"", ""label"": ""MP not interviewed""}, {""value"": ""-92.0"", ""label"": ""Refused""}, {""value"": ""-91.0"", ""label"": ""Not applicable""}, {""value"": ""-1.0"", ""label"": ""Don't know""}, {""value"": ""1.0"", ""label"": ""Just one reason given""}, {""value"": ""2.0"", ""label"": ""More than one reason given""}]"
150,W4Getkeep2MP,MP: Main difficulty for MP in finding a job,numeric,NOMINAL,-999.0 thru -1.0,"[{""value"": ""-997.0"", ""label"": ""Script error""}, {""value"": ""-996.0"", ""label"": ""No Parent in household""}, {""value"": ""-110.0"", ""label"": ""Misidentified second parent""}, {""value"": ""-99.0"", ""label"": ""MP not interviewed""}, {""value"": ""-92.0"", ""label"": ""Refused""}, {""value"": ""-91.0"", ""label"": ""Not applicable""}, {""value"": ""-1.0"", ""label"": ""Don't know""}, {""value"": ""1.0"", ""label"": ""There are few suitable job opportunities in the local area""}, {""value"": ""2.0"", ""label"": ""Haven’t got the qualifications or experience to get the kind""}, {""value"": ""3.0"", ""label"": ""Own child / children wouldn't like me to work""}, {""value"": ""4.0"", ""label"": ""Parent / parents wouldn't like me to work""}, {""value"": ""5.0"", ""label"": ""Would have problems with transport to and from work""}, {""value"": ""6.0"", ""label"": ""Have difficulties due to my health condition or disability""}, {""value"": ""7.0"", ""label"": ""Confidence is low at the moment""}, {""value"": ""8.0"", ""label"": ""Want to look after my child/children myself at home""}, {""value"": ""9.0"", ""label"": ""Care for someone who has a health condition, disability or b""}, {""value"": ""10.0"", ""label"": ""Worried will not have enough time with my child/children""}, {""value"": ""11.0"", ""label"": ""Husband/partner/ex-partner would not like it if I worked""}, {""value"": ""12.0"", ""label"": ""Not sure would be financially better off in work""}, {""value"": ""13.0"", ""label"": ""There isn't enough suitable affordable childcare here""}, {""value"": ""14.0"", ""label"": ""Would need a job where could take time off at short notice t""}, {""value"": ""15.0"", ""label"": ""Employers aren't very family friendly""}, {""value"": ""16.0"", ""label"": ""Family or close friends are not able, or live too far away,""}, {""value"": ""17.0"", ""label"": ""Not prepared to leave my child/children in the care of anyon""}, {""value"": ""18.0"", ""label"": ""Concerned about leaving the security of benefits""}, {""value"": ""19.0"", ""label"": ""Have personal or family troubles that need to be sorted out""}, {""value"": ""20.0"", ""label"": ""Childcare (general/non-specific)""}, {""value"": ""21.0"", ""label"": ""Child(ren) too young (general)/non-specific)""}, {""value"": ""22.0"", ""label"": ""Language difficulties""}, {""value"": ""23.0"", ""label"": ""Too old/my age""}, {""value"": ""24.0"", ""label"": ""Other""}, {""value"": ""25.0"", ""label"": ""No Answer""}]"
151,W4Getkeep3MP0a,MP: Difficulties in taking/keeping a paid job : Cannot afford childcare,numeric,NOMINAL,-999.0 thru -1.0,"[{""value"": ""-997.0"", ""label"": ""Script error""}, {""value"": ""-996.0"", ""label"": ""No Parent in household""}, {""value"": ""-99.0"", ""label"": ""MP not interviewed""}, {""value"": ""-92.0"", ""label"": ""Refused""}, {""value"": ""-91.0"", ""label"": ""Not applicable""}, {""value"": ""-1.0"", ""label"": ""Don't know""}, {""value"": ""0.0"", ""label"": ""Not mentioned""}, {""value"": ""1.0"", ""label"": ""Mentioned""}]"
152,W4Getkeep3MP0b,MP: Difficulties in taking/keeping a paid job : Own illness or disability,numeric,NOMINAL,-999.0 thru -1.0,"[{""value"": ""-997.0"", ""label"": ""Script error""}, {""value"": ""-996.0"", ""label"": ""No Parent in household""}, {""value"": ""-99.0"", ""label"": ""MP not interviewed""}, {""value"": ""-92.0"", ""label"": ""Refused""}, {""value"": ""-91.0"", ""label"": ""Not applicable""}, {""value"": ""-1.0"", ""label"": ""Don't know""}, {""value"": ""0.0"", ""label"": ""Not mentioned""}, {""value"": ""1.0"", ""label"": ""Mentioned""}]"
153,W4Getkeep3MP0c,MP: Difficulties in taking/keeping a paid job : Child's illness or disability,numeric,NOMINAL,-999.0 thru -1.0,"[{""value"": ""-997.0"", ""label"": ""Script error""}, {""value"": ""-996.0"", ""label"": ""No Parent in household""}, {""value"": ""-99.0"", ""label"": ""MP not interviewed""}, {""value"": ""-92.0"", ""label"": ""Refused""}, {""value"": ""-91.0"", ""label"": ""Not applicable""}, {""value"": ""-1.0"", ""label"": ""Don't know""}, {""value"": ""0.0"", ""label"": ""Not mentioned""}, {""value"": ""1.0"", ""label"": ""Mentioned""}]"
154,W4Getkeep3MP0d,MP: Difficulties in taking/keeping a paid job : Other person's illness or disability,numeric,NOMINAL,-999.0 thru -1.0,"[{""value"": ""-997.0"", ""label"": ""Script error""}, {""value"": ""-996.0"", ""label"": ""No Parent in household""}, {""value"": ""-99.0"", ""label"": ""MP not interviewed""}, {""value"": ""-92.0"", ""label"": ""Refused""}, {""value"": ""-91.0"", ""label"": ""Not applicable""}, {""value"": ""-1.0"", ""label"": ""Don't know""}, {""value"": ""0.0"", ""label"": ""Not mentioned""}, {""value"": ""1.0"", ""label"": ""Mentioned""}]"
155,W4Getkeep3MP0e,MP: Difficulties in taking/keeping a paid job : Do not want to spend more time apart from my children,numeric,NOMINAL,-999.0 thru -1.0,"[{""value"": ""-997.0"", ""label"": ""Script error""}, {""value"": ""-996.0"", ""label"": ""No Parent in household""}, {""value"": ""-99.0"", ""label"": ""MP not interviewed""}, {""value"": ""-92.0"", ""label"": ""Refused""}, {""value"": ""-91.0"", ""label"": ""Not applicable""}, {""value"": ""-1.0"", ""label"": ""Don't know""}, {""value"": ""0.0"", ""label"": ""Not mentioned""}, {""value"": ""1.0"", ""label"": ""Mentioned""}]"
156,W4Getkeep3MP0f,MP: Difficulties in taking/keeping a paid job : Problems with transport,numeric,NOMINAL,-999.0 thru -1.0,"[{""value"": ""-997.0"", ""label"": ""Script error""}, {""value"": ""-996.0"", ""label"": ""No Parent in household""}, {""value"": ""-99.0"", ""label"": ""MP not interviewed""}, {""value"": ""-92.0"", ""label"": ""Refused""}, {""value"": ""-91.0"", ""label"": ""Not applicable""}, {""value"": ""-1.0"", ""label"": ""Don't know""}, {""value"": ""0.0"", ""label"": ""Not mentioned""}, {""value"": ""1.0"", ""label"": ""Mentioned""}]"
157,W4Getkeep3MP0g,MP: Difficulties in taking/keeping a paid job : Pregnant,numeric,NOMINAL,-999.0 thru -1.0,"[{""value"": ""-997.0"", ""label"": ""Script error""}, {""value"": ""-996.0"", ""label"": ""No Parent in household""}, {""value"": ""-99.0"", ""label"": ""MP not interviewed""}, {""value"": ""-92.0"", ""label"": ""Refused""}, {""value"": ""-91.0"", ""label"": ""Not applicable""}, {""value"": ""-1.0"", ""label"": ""Don't know""}, {""value"": ""0.0"", ""label"": ""Not mentioned""}, {""value"": ""1.0"", ""label"": ""Mentioned""}]"
158,W4Getkeep3MP0h,MP: Difficulties in taking/keeping a paid job : Retired or approaching retirement,numeric,NOMINAL,-999.0 thru -1.0,"[{""value"": ""-997.0"", ""label"": ""Script error""}, {""value"": ""-996.0"", ""label"": ""No Parent in household""}, {""value"": ""-99.0"", ""label"": ""MP not interviewed""}, {""value"": ""-92.0"", ""label"": ""Refused""}, {""value"": ""-91.0"", ""label"": ""Not applicable""}, {""value"": ""-1.0"", ""label"": ""Don't know""}, {""value"": ""0.0"", ""label"": ""Not mentioned""}, {""value"": ""1.0"", ""label"": ""Mentioned""}]"
159,W4Getkeep3MP0i,MP: Difficulties in taking/keeping a paid job : Better off not working,numeric,NOMINAL,-999.0 thru -1.0,"[{""value"": ""-997.0"", ""label"": ""Script error""}, {""value"": ""-996.0"", ""label"": ""No Parent in household""}, {""value"": ""-99.0"", ""label"": ""MP not interviewed""}, {""value"": ""-92.0"", ""label"": ""Refused""}, {""value"": ""-91.0"", ""label"": ""Not applicable""}, {""value"": ""-1.0"", ""label"": ""Don't know""}, {""value"": ""0.0"", ""label"": ""Not mentioned""}, {""value"": ""1.0"", ""label"": ""Mentioned""}]"
160,W4Getkeep3MP0j,MP: Difficulties in taking/keeping a paid job : Own child / children wouldn't like me to work,numeric,NOMINAL,-999.0 thru -1.0,"[{""value"": ""-997.0"", ""label"": ""Script error""}, {""value"": ""-996.0"", ""label"": ""No Parent in household""}, {""value"": ""-99.0"", ""label"": ""MP not interviewed""}, {""value"": ""-92.0"", ""label"": ""Refused""}, {""value"": ""-91.0"", ""label"": ""Not applicable""}, {""value"": ""-1.0"", ""label"": ""Don't know""}, {""value"": ""0.0"", ""label"": ""Not mentioned""}, {""value"": ""1.0"", ""label"": ""Mentioned""}]"
161,W4Getkeep3MP0k,MP: Difficulties in taking/keeping a paid job : Parent / parents wouldn't like me to work,numeric,NOMINAL,-999.0 thru -1.0,"[{""value"": ""-997.0"", ""label"": ""Script error""}, {""value"": ""-996.0"", ""label"": ""No Parent in household""}, {""value"": ""-99.0"", ""label"": ""MP not interviewed""}, {""value"": ""-92.0"", ""label"": ""Refused""}, {""value"": ""-91.0"", ""label"": ""Not applicable""}, {""value"": ""-1.0"", ""label"": ""Don't know""}, {""value"": ""0.0"", ""label"": ""Not mentioned""}, {""value"": ""1.0"", ""label"": ""Mentioned""}]"
162,W4Getkeep3MP0l,MP: Difficulties in taking/keeping a paid job : Confidence is low at the moment,numeric,NOMINAL,-999.0 thru -1.0,"[{""value"": ""-997.0"", ""label"": ""Script error""}, {""value"": ""-996.0"", ""label"": ""No Parent in household""}, {""value"": ""-99.0"", ""label"": ""MP not interviewed""}, {""value"": ""-92.0"", ""label"": ""Refused""}, {""value"": ""-91.0"", ""label"": ""Not applicable""}, {""value"": ""-1.0"", ""label"": ""Don't know""}, {""value"": ""0.0"", ""label"": ""Not mentioned""}, {""value"": ""1.0"", ""label"": ""Mentioned""}]"
163,W4Getkeep3MP0m,MP: Difficulties in taking/keeping a paid job : Husband/partner/ex-partner would not like it if I worked,numeric,NOMINAL,-999.0 thru -1.0,"[{""value"": ""-997.0"", ""label"": ""Script error""}, {""value"": ""-996.0"", ""label"": ""No Parent in household""}, {""value"": ""-99.0"", ""label"": ""MP not interviewed""}, {""value"": ""-92.0"", ""label"": ""Refused""}, {""value"": ""-91.0"", ""label"": ""Not applicable""}, {""value"": ""-1.0"", ""label"": ""Don't know""}, {""value"": ""0.0"", ""label"": ""Not mentioned""}, {""value"": ""1.0"", ""label"": ""Mentioned""}]"
164,W4Getkeep3MP0n,MP: Difficulties in taking/keeping a paid job : Not sure would be financially better off in work,numeric,NOMINAL,-999.0 thru -1.0,"[{""value"": ""-997.0"", ""label"": ""Script error""}, {""value"": ""-996.0"", ""label"": ""No Parent in household""}, {""value"": ""-99.0"", ""label"": ""MP not interviewed""}, {""value"": ""-92.0"", ""label"": ""Refused""}, {""value"": ""-91.0"", ""label"": ""Not applicable""}, {""value"": ""-1.0"", ""label"": ""Don't know""}, {""value"": ""0.0"", ""label"": ""Not mentioned""}, {""value"": ""1.0"", ""label"": ""Mentioned""}]"
165,W4Getkeep3MP0o,"MP: Difficulties in taking/keeping a paid job : Family or close friends are not able, or live too far away to provide child care",numeric,NOMINAL,-999.0 thru -1.0,"[{""value"": ""-997.0"", ""label"": ""Script error""}, {""value"": ""-996.0"", ""label"": ""No Parent in household""}, {""value"": ""-99.0"", ""label"": ""MP not interviewed""}, {""value"": ""-92.0"", ""label"": ""Refused""}, {""value"": ""-91.0"", ""label"": ""Not applicable""}, {""value"": ""-1.0"", ""label"": ""Don't know""}, {""value"": ""0.0"", ""label"": ""Not mentioned""}, {""value"": ""1.0"", ""label"": ""Mentioned""}]"
166,W4Getkeep3MP0p,MP: Difficulties in taking/keeping a paid job : Not prepared to leave my child/children in the care of anyone else,numeric,NOMINAL,-999.0 thru -1.0,"[{""value"": ""-997.0"", ""label"": ""Script error""}, {""value"": ""-996.0"", ""label"": ""No Parent in household""}, {""value"": ""-99.0"", ""label"": ""MP not interviewed""}, {""value"": ""-92.0"", ""label"": ""Refused""}, {""value"": ""-91.0"", ""label"": ""Not applicable""}, {""value"": ""-1.0"", ""label"": ""Don't know""}, {""value"": ""0.0"", ""label"": ""Not mentioned""}, {""value"": ""1.0"", ""label"": ""Mentioned""}]"
167,W4Getkeep3MP0q,MP: Difficulties in taking/keeping a paid job : Concerned about leaving the security of benefits,numeric,NOMINAL,-999.0 thru -1.0,"[{""value"": ""-997.0"", ""label"": ""Script error""}, {""value"": ""-996.0"", ""label"": ""No Parent in household""}, {""value"": ""-99.0"", ""label"": ""MP not interviewed""}, {""value"": ""-92.0"", ""label"": ""Refused""}, {""value"": ""-91.0"", ""label"": ""Not applicable""}, {""value"": ""-1.0"", ""label"": ""Don't know""}, {""value"": ""0.0"", ""label"": ""Not mentioned""}, {""value"": ""1.0"", ""label"": ""Mentioned""}]"
168,W4Getkeep3MP0r,MP: Difficulties in taking/keeping a paid job : Have personal or family troubles that need to be sorted out,numeric,NOMINAL,-999.0 thru -1.0,"[{""value"": ""-997.0"", ""label"": ""Script error""}, {""value"": ""-996.0"", ""label"": ""No Parent in household""}, {""value"": ""-99.0"", ""label"": ""MP not interviewed""}, {""value"": ""-92.0"", ""label"": ""Refused""}, {""value"": ""-91.0"", ""label"": ""Not applicable""}, {""value"": ""-1.0"", ""label"": ""Don't know""}, {""value"": ""0.0"", ""label"": ""Not mentioned""}, {""value"": ""1.0"", ""label"": ""Mentioned""}]"
169,W4Getkeep3MP0s,MP: Difficulties in taking/keeping a paid job : Childcare (general/non-specific),numeric,NOMINAL,-999.0 thru -1.0,"[{""value"": ""-997.0"", ""label"": ""Script error""}, {""value"": ""-996.0"", ""label"": ""No Parent in household""}, {""value"": ""-99.0"", ""label"": ""MP not interviewed""}, {""value"": ""-92.0"", ""label"": ""Refused""}, {""value"": ""-91.0"", ""label"": ""Not applicable""}, {""value"": ""-1.0"", ""label"": ""Don't know""}, {""value"": ""0.0"", ""label"": ""Not mentioned""}, {""value"": ""1.0"", ""label"": ""Mentioned""}]"
170,W4Getkeep3MP0t,MP: Difficulties in taking/keeping a paid job : Child(ren) too young (general/non-specific),numeric,NOMINAL,-999.0 thru -1.0,"[{""value"": ""-997.0"", ""label"": ""Script error""}, {""value"": ""-996.0"", ""label"": ""No Parent in household""}, {""value"": ""-99.0"", ""label"": ""MP not interviewed""}, {""value"": ""-92.0"", ""label"": ""Refused""}, {""value"": ""-91.0"", ""label"": ""Not applicable""}, {""value"": ""-1.0"", ""label"": ""Don't know""}, {""value"": ""0.0"", ""label"": ""Not mentioned""}, {""value"": ""1.0"", ""label"": ""Mentioned""}]"
171,W4Getkeep3MP0u,MP: Difficulties in taking/keeping a paid job : Language difficulties,numeric,NOMINAL,-999.0 thru -1.0,"[{""value"": ""-997.0"", ""label"": ""Script error""}, {""value"": ""-996.0"", ""label"": ""No Parent in household""}, {""value"": ""-99.0"", ""label"": ""MP not interviewed""}, {""value"": ""-92.0"", ""label"": ""Refused""}, {""value"": ""-91.0"", ""label"": ""Not applicable""}, {""value"": ""-1.0"", ""label"": ""Don't know""}, {""value"": ""0.0"", ""label"": ""Not mentioned""}, {""value"": ""1.0"", ""label"": ""Mentioned""}]"
172,W4Getkeep3MP0v,MP: Difficulties in taking/keeping a paid job : Too old/my age,numeric,NOMINAL,-999.0 thru -1.0,"[{""value"": ""-997.0"", ""label"": ""Script error""}, {""value"": ""-996.0"", ""label"": ""No Parent in household""}, {""value"": ""-99.0"", ""label"": ""MP not interviewed""}, {""value"": ""-92.0"", ""label"": ""Refused""}, {""value"": ""-91.0"", ""label"": ""Not applicable""}, {""value"": ""-1.0"", ""label"": ""Don't know""}, {""value"": ""0.0"", ""label"": ""Not mentioned""}, {""value"": ""1.0"", ""label"": ""Mentioned""}]"
173,W4Getkeep3MP0w,MP: Difficulties in taking/keeping a paid job : Other,numeric,NOMINAL,-999.0 thru -1.0,"[{""value"": ""-997.0"", ""label"": ""Script error""}, {""value"": ""-996.0"", ""label"": ""No Parent in household""}, {""value"": ""-99.0"", ""label"": ""MP not interviewed""}, {""value"": ""-92.0"", ""label"": ""Refused""}, {""value"": ""-91.0"", ""label"": ""Not applicable""}, {""value"": ""-1.0"", ""label"": ""Don't know""}, {""value"": ""0.0"", ""label"": ""Not mentioned""}, {""value"": ""1.0"", ""label"": ""Mentioned""}]"
174,W4Getkeep3MP0x,MP: Difficulties in taking/keeping a paid job : No answer,numeric,NOMINAL,-999.0 thru -1.0,"[{""value"": ""-997.0"", ""label"": ""Script error""}, {""value"": ""-996.0"", ""label"": ""No Parent in household""}, {""value"": ""-99.0"", ""label"": ""MP not interviewed""}, {""value"": ""-92.0"", ""label"": ""Refused""}, {""value"": ""-91.0"", ""label"": ""Not applicable""}, {""value"": ""-1.0"", ""label"": ""Don't know""}, {""value"": ""0.0"", ""label"": ""Not mentioned""}, {""value"": ""1.0"", ""label"": ""Mentioned""}]"
175,W4Getkeep3MP0y,MP: Difficulties in taking/keeping a paid job : Don't know,numeric,NOMINAL,-999.0 thru -1.0,"[{""value"": ""-997.0"", ""label"": ""Script error""}, {""value"": ""-996.0"", ""label"": ""No Parent in household""}, {""value"": ""-99.0"", ""label"": ""MP not interviewed""}, {""value"": ""-92.0"", ""label"": ""Refused""}, {""value"": ""-91.0"", ""label"": ""Not applicable""}, {""value"": ""-1.0"", ""label"": ""Don't know""}, {""value"": ""0.0"", ""label"": ""Not mentioned""}, {""value"": ""1.0"", ""label"": ""Mentioned""}]"
176,W4Getkeep3MP0z,MP: Difficulties in taking/keeping a paid job : Refusal,numeric,NOMINAL,-999.0 thru -1.0,"[{""value"": ""-997.0"", ""label"": ""Script error""}, {""value"": ""-996.0"", ""label"": ""No Parent in household""}, {""value"": ""-99.0"", ""label"": ""MP not interviewed""}, {""value"": ""-92.0"", ""label"": ""Refused""}, {""value"": ""-91.0"", ""label"": ""Not applicable""}, {""value"": ""-1.0"", ""label"": ""Don't know""}, {""value"": ""0.0"", ""label"": ""Not mentioned""}, {""value"": ""1.0"", ""label"": ""Mentioned""}]"
177,W4Getkeep3ckMP,MP: Number of difficulties given for MP taking/keeping a job,numeric,NOMINAL,-999.0 thru -1.0,"[{""value"": ""-997.0"", ""label"": ""Script error""}, {""value"": ""-996.0"", ""label"": ""No Parent in household""}, {""value"": ""-99.0"", ""label"": ""MP not interviewed""}, {""value"": ""-92.0"", ""label"": ""Refused""}, {""value"": ""-91.0"", ""label"": ""Not applicable""}, {""value"": ""-1.0"", ""label"": ""Don't know""}, {""value"": ""1.0"", ""label"": ""One reason given""}, {""value"": ""2.0"", ""label"": ""More than one reason given""}]"
178,W4Getkeep4MP,MP: Main difficulty for MP in taking/keeping a job,numeric,NOMINAL,-999.0 thru -1.0,"[{""value"": ""-997.0"", ""label"": ""Script error""}, {""value"": ""-996.0"", ""label"": ""No Parent in household""}, {""value"": ""-110.0"", ""label"": ""Misidentified second parent""}, {""value"": ""-99.0"", ""label"": ""MP not interviewed""}, {""value"": ""-92.0"", ""label"": ""Refused""}, {""value"": ""-91.0"", ""label"": ""Not applicable""}, {""value"": ""-1.0"", ""label"": ""Don't know""}, {""value"": ""1.0"", ""label"": ""Cannot afford childcare""}, {""value"": ""2.0"", ""label"": ""Own illness or disability""}, {""value"": ""3.0"", ""label"": ""Child's illness or disability""}, {""value"": ""4.0"", ""label"": ""Other person's illness or disability""}, {""value"": ""5.0"", ""label"": ""Do not want to spend more time apart from my children""}, {""value"": ""6.0"", ""label"": ""Problems with transport""}, {""value"": ""7.0"", ""label"": ""Pregnant""}, {""value"": ""8.0"", ""label"": ""Retired or approaching retirement""}, {""value"": ""9.0"", ""label"": ""Better off not working""}, {""value"": ""10.0"", ""label"": ""Own child / children wouldn't like me to work""}, {""value"": ""11.0"", ""label"": ""Parent / parents wouldn't like me to work""}, {""value"": ""12.0"", ""label"": ""Confidence is low at the moment""}, {""value"": ""13.0"", ""label"": ""Husband/partner/ex-partner would not like it if I worked""}, {""value"": ""14.0"", ""label"": ""Not sure would be financially better off in work""}, {""value"": ""15.0"", ""label"": ""Family/close friends are not able, or live too far away,""}, {""value"": ""16.0"", ""label"": ""Not prepared to leave my child/children in the care of anyon""}, {""value"": ""17.0"", ""label"": ""Concerned about leaving the security of benefits""}, {""value"": ""18.0"", ""label"": ""Have personal/family troubles that need to be sorted""}, {""value"": ""19.0"", ""label"": ""No reason / none of these""}, {""value"": ""20.0"", ""label"": ""For some other reason""}, {""value"": ""21.0"", ""label"": ""Childcare (general/non-specific)""}, {""value"": ""22.0"", ""label"": ""Child(ren) too young (general)/non-specific)""}, {""value"": ""23.0"", ""label"": ""Language difficulties""}, {""value"": ""24.0"", ""label"": ""Too old/my age""}, {""value"": ""25.0"", ""label"": ""Other""}, {""value"": ""26.0"", ""label"": ""No answer""}]"
179,W4Jsc1MP,MP: Whether MP currently looking for paid work,numeric,NOMINAL,-999.0 thru -1.0,"[{""value"": ""-997.0"", ""label"": ""Script error""}, {""value"": ""-996.0"", ""label"": ""No Parent in household""}, {""value"": ""-99.0"", ""label"": ""MP not interviewed""}, {""value"": ""-92.0"", ""label"": ""Refused""}, {""value"": ""-91.0"", ""label"": ""Not applicable""}, {""value"": ""-1.0"", ""label"": ""Don't know""}, {""value"": ""1.0"", ""label"": ""Yes""}, {""value"": ""2.0"", ""label"": ""No""}]"
180,W4JSC2MP,MP: Number of hours MP would like to work per week,numeric,NOMINAL,-999.0 thru -1.0,"[{""value"": ""-997.0"", ""label"": ""Script error""}, {""value"": ""-996.0"", ""label"": ""No Parent in household""}, {""value"": ""-99.0"", ""label"": ""MP not interviewed""}, {""value"": ""-92.0"", ""label"": ""Refused""}, {""value"": ""-91.0"", ""label"": ""Not applicable""}, {""value"": ""-1.0"", ""label"": ""Don't know""}, {""value"": ""1.0"", ""label"": ""16 or more hours a week""}, {""value"": ""2.0"", ""label"": ""Fewer than 16 hours a week""}, {""value"": ""3.0"", ""label"": ""Don't care about the number of hours worked""}]"
181,W4Ed1MP,MP: Age main parent left school,numeric,SCALE,-999.0 thru -1.0,"[{""value"": ""-996.0"", ""label"": ""No Parent in household""}, {""value"": ""-99.0"", ""label"": ""MP not interviewed""}, {""value"": ""-92.0"", ""label"": ""Refused""}, {""value"": ""-91.0"", ""label"": ""Not applicable""}, {""value"": ""-1.0"", ""label"": ""Don't know""}, {""value"": ""0.0"", ""label"": ""Had no formal education""}]"
182,W4Ed1aMP,MP: Whether main parent ever returned to full time education after leaving school,numeric,NOMINAL,-999.0 thru -1.0,"[{""value"": ""-996.0"", ""label"": ""No Parent in household""}, {""value"": ""-99.0"", ""label"": ""MP not interviewed""}, {""value"": ""-92.0"", ""label"": ""Refused""}, {""value"": ""-91.0"", ""label"": ""Not applicable""}, {""value"": ""-1.0"", ""label"": ""Don't know""}, {""value"": ""1.0"", ""label"": ""Yes""}, {""value"": ""2.0"", ""label"": ""No""}]"
183,W4Ed1bMP,MP: Age main parent left full time education altogether,numeric,SCALE,-999.0 thru -1.0,"[{""value"": ""-996.0"", ""label"": ""No Parent in household""}, {""value"": ""-99.0"", ""label"": ""MP not interviewed""}, {""value"": ""-92.0"", ""label"": ""Refused""}, {""value"": ""-91.0"", ""label"": ""Not applicable""}, {""value"": ""-1.0"", ""label"": ""Don't know""}]"
184,W4QuaScMP,MP: Whether main parent has any qualifications of any kind,numeric,NOMINAL,-999.0 thru -1.0,"[{""value"": ""-997.0"", ""label"": ""Script error""}, {""value"": ""-996.0"", ""label"": ""No Parent in household""}, {""value"": ""-99.0"", ""label"": ""MP not interviewed""}, {""value"": ""-92.0"", ""label"": ""Refused""}, {""value"": ""-91.0"", ""label"": ""Not applicable""}, {""value"": ""-1.0"", ""label"": ""Don't know""}, {""value"": ""1.0"", ""label"": ""Yes""}, {""value"": ""2.0"", ""label"": ""No""}]"
185,W4QualMP0a,MP: Qualifications main parent has : O Level (obtained before 1975),numeric,NOMINAL,-999.0 thru -1.0,"[{""value"": ""-996.0"", ""label"": ""No Parent in household""}, {""value"": ""-99.0"", ""label"": ""MP not interviewed""}, {""value"": ""-92.0"", ""label"": ""Refused""}, {""value"": ""-91.0"", ""label"": ""Not applicable""}, {""value"": ""-1.0"", ""label"": ""Don't know""}, {""value"": ""0.0"", ""label"": ""Not mentioned""}, {""value"": ""1.0"", ""label"": ""Mentioned""}]"
186,W4QualMP0b,MP: Qualifications main parent has : O Level A-C (1975 or later),numeric,NOMINAL,-999.0 thru -1.0,"[{""value"": ""-996.0"", ""label"": ""No Parent in household""}, {""value"": ""-99.0"", ""label"": ""MP not interviewed""}, {""value"": ""-92.0"", ""label"": ""Refused""}, {""value"": ""-91.0"", ""label"": ""Not applicable""}, {""value"": ""-1.0"", ""label"": ""Don't know""}, {""value"": ""0.0"", ""label"": ""Not mentioned""}, {""value"": ""1.0"", ""label"": ""Mentioned""}]"
187,W4QualMP0c,"MP: Qualifications main parent has : O Level D, E (1975 or later)",numeric,NOMINAL,-999.0 thru -1.0,"[{""value"": ""-996.0"", ""label"": ""No Parent in household""}, {""value"": ""-99.0"", ""label"": ""MP not interviewed""}, {""value"": ""-92.0"", ""label"": ""Refused""}, {""value"": ""-91.0"", ""label"": ""Not applicable""}, {""value"": ""-1.0"", ""label"": ""Don't know""}, {""value"": ""0.0"", ""label"": ""Not mentioned""}, {""value"": ""1.0"", ""label"": ""Mentioned""}]"
188,W4QualMP0d,MP: Qualifications main parent has : GCSE grades A-C,numeric,NOMINAL,-999.0 thru -1.0,"[{""value"": ""-996.0"", ""label"": ""No parent in household""}, {""value"": ""-99.0"", ""label"": ""MP not interviewed""}, {""value"": ""-91.0"", ""label"": ""Not applicable""}, {""value"": ""0.0"", ""label"": ""Not mentioned""}, {""value"": ""1.0"", ""label"": ""Mentioned""}]"
189,W4QualMP0e,MP: Qualifications main parent has : GCSE grades D-G,numeric,NOMINAL,-999.0 thru -1.0,"[{""value"": ""-996.0"", ""label"": ""No Parent in household""}, {""value"": ""-99.0"", ""label"": ""MP not interviewed""}, {""value"": ""-92.0"", ""label"": ""Refused""}, {""value"": ""-91.0"", ""label"": ""Not applicable""}, {""value"": ""-1.0"", ""label"": ""Don't know""}, {""value"": ""0.0"", ""label"": ""Not mentioned""}, {""value"": ""1.0"", ""label"": ""Mentioned""}]"
190,W4QualMP0f,MP: Qualifications main parent has : CSE grade 1,numeric,NOMINAL,-999.0 thru -1.0,"[{""value"": ""-996.0"", ""label"": ""No Parent in household""}, {""value"": ""-99.0"", ""label"": ""MP not interviewed""}, {""value"": ""-92.0"", ""label"": ""Refused""}, {""value"": ""-91.0"", ""label"": ""Not applicable""}, {""value"": ""-1.0"", ""label"": ""Don't know""}, {""value"": ""0.0"", ""label"": ""Not mentioned""}, {""value"": ""1.0"", ""label"": ""Mentioned""}]"
191,W4QualMP0g,MP: Qualifications main parent has : CSE grade 2-5,numeric,NOMINAL,-999.0 thru -1.0,"[{""value"": ""-996.0"", ""label"": ""No Parent in household""}, {""value"": ""-99.0"", ""label"": ""MP not interviewed""}, {""value"": ""-92.0"", ""label"": ""Refused""}, {""value"": ""-91.0"", ""label"": ""Not applicable""}, {""value"": ""-1.0"", ""label"": ""Don't know""}, {""value"": ""0.0"", ""label"": ""Not mentioned""}, {""value"": ""1.0"", ""label"": ""Mentioned""}]"
192,W4QualMP0h,MP: Qualifications main parent has : GNVQ,numeric,NOMINAL,-999.0 thru -1.0,"[{""value"": ""-996.0"", ""label"": ""No Parent in household""}, {""value"": ""-99.0"", ""label"": ""MP not interviewed""}, {""value"": ""-92.0"", ""label"": ""Refused""}, {""value"": ""-91.0"", ""label"": ""Not applicable""}, {""value"": ""-1.0"", ""label"": ""Don't know""}, {""value"": ""0.0"", ""label"": ""Not mentioned""}, {""value"": ""1.0"", ""label"": ""Mentioned""}]"
193,W4QualMP0i,MP: Qualifications MP has : HNC/HND/NVQ4,numeric,NOMINAL,-999.0 thru -1.0,"[{""value"": ""-996.0"", ""label"": ""No Parent in household""}, {""value"": ""-99.0"", ""label"": ""MP not interviewed""}, {""value"": ""-92.0"", ""label"": ""Refused""}, {""value"": ""-91.0"", ""label"": ""Not applicable""}, {""value"": ""-1.0"", ""label"": ""Don't know""}, {""value"": ""0.0"", ""label"": ""Not mentioned""}, {""value"": ""1.0"", ""label"": ""Mentioned""}]"
194,W4QualMP0j,MP: Qualifications MP has : ONC/OND/NVQ3,numeric,NOMINAL,-999.0 thru -1.0,"[{""value"": ""-996.0"", ""label"": ""No Parent in household""}, {""value"": ""-99.0"", ""label"": ""MP not interviewed""}, {""value"": ""-92.0"", ""label"": ""Refused""}, {""value"": ""-91.0"", ""label"": ""Not applicable""}, {""value"": ""-1.0"", ""label"": ""Don't know""}, {""value"": ""0.0"", ""label"": ""Not mentioned""}, {""value"": ""1.0"", ""label"": ""Mentioned""}]"
195,W4QualMP0k,MP: Qualifications MP has : City & Guilds Certificate - Part III /NVQ3,numeric,NOMINAL,-999.0 thru -1.0,"[{""value"": ""-996.0"", ""label"": ""No Parent in household""}, {""value"": ""-99.0"", ""label"": ""MP not interviewed""}, {""value"": ""-92.0"", ""label"": ""Refused""}, {""value"": ""-91.0"", ""label"": ""Not applicable""}, {""value"": ""-1.0"", ""label"": ""Don't know""}, {""value"": ""0.0"", ""label"": ""Not mentioned""}, {""value"": ""1.0"", ""label"": ""Mentioned""}]"
196,W4QualMP0l,MP: Qualifications MP has : City & Guilds Certificate - Part II/NVQ2,numeric,NOMINAL,-999.0 thru -1.0,"[{""value"": ""-996.0"", ""label"": ""No Parent in household""}, {""value"": ""-99.0"", ""label"": ""MP not interviewed""}, {""value"": ""-92.0"", ""label"": ""Refused""}, {""value"": ""-91.0"", ""label"": ""Not applicable""}, {""value"": ""-1.0"", ""label"": ""Don't know""}, {""value"": ""0.0"", ""label"": ""Not mentioned""}, {""value"": ""1.0"", ""label"": ""Mentioned""}]"
197,W4QualMP0m,MP: Qualifications MP has : City & Guilds Certificate - Part I/NVQ1,numeric,NOMINAL,-999.0 thru -1.0,"[{""value"": ""-996.0"", ""label"": ""No Parent in household""}, {""value"": ""-99.0"", ""label"": ""MP not interviewed""}, {""value"": ""-92.0"", ""label"": ""Refused""}, {""value"": ""-91.0"", ""label"": ""Not applicable""}, {""value"": ""-1.0"", ""label"": ""Don't know""}, {""value"": ""0.0"", ""label"": ""Not mentioned""}, {""value"": ""1.0"", ""label"": ""Mentioned""}]"
198,W4QualMP0n,MP: Qualifications main parent has : Other clerical or commercial qualifications,numeric,NOMINAL,-999.0 thru -1.0,"[{""value"": ""-996.0"", ""label"": ""No Parent in household""}, {""value"": ""-99.0"", ""label"": ""MP not interviewed""}, {""value"": ""-92.0"", ""label"": ""Refused""}, {""value"": ""-91.0"", ""label"": ""Not applicable""}, {""value"": ""-1.0"", ""label"": ""Don't know""}, {""value"": ""0.0"", ""label"": ""Not mentioned""}, {""value"": ""1.0"", ""label"": ""Mentioned""}]"
199,W4QualMP0o,MP: Qualifications main parent has : Youth training certificate/Skillseekers,numeric,NOMINAL,-999.0 thru -1.0,"[{""value"": ""-996.0"", ""label"": ""No Parent in household""}, {""value"": ""-99.0"", ""label"": ""MP not interviewed""}, {""value"": ""-92.0"", ""label"": ""Refused""}, {""value"": ""-91.0"", ""label"": ""Not applicable""}, {""value"": ""-1.0"", ""label"": ""Don't know""}, {""value"": ""0.0"", ""label"": ""Not mentioned""}, {""value"": ""1.0"", ""label"": ""Mentioned""}]"
200,W4QualMP0p,"MP: Qualifications main parent has : University or CNAA Higher degree (eg Msc, PhD)",numeric,NOMINAL,-999.0 thru -1.0,"[{""value"": ""-996.0"", ""label"": ""No Parent in household""}, {""value"": ""-99.0"", ""label"": ""MP not interviewed""}, {""value"": ""-92.0"", ""label"": ""Refused""}, {""value"": ""-91.0"", ""label"": ""Not applicable""}, {""value"": ""-1.0"", ""label"": ""Don't know""}, {""value"": ""0.0"", ""label"": ""Not mentioned""}, {""value"": ""1.0"", ""label"": ""Mentioned""}]"
201,W4QualMP0q,"MP: Qualifications main parent has : University or CNAA First degree (eg BA, B.ED, BSc)",numeric,NOMINAL,-999.0 thru -1.0,"[{""value"": ""-996.0"", ""label"": ""No Parent in household""}, {""value"": ""-99.0"", ""label"": ""MP not interviewed""}, {""value"": ""-92.0"", ""label"": ""Refused""}, {""value"": ""-91.0"", ""label"": ""Not applicable""}, {""value"": ""-1.0"", ""label"": ""Don't know""}, {""value"": ""0.0"", ""label"": ""Not mentioned""}, {""value"": ""1.0"", ""label"": ""Mentioned""}]"
202,W4QualMP0r,MP: Qualifications main parent has : University Diploma,numeric,NOMINAL,-999.0 thru -1.0,"[{""value"": ""-996.0"", ""label"": ""No Parent in household""}, {""value"": ""-99.0"", ""label"": ""MP not interviewed""}, {""value"": ""-92.0"", ""label"": ""Refused""}, {""value"": ""-91.0"", ""label"": ""Not applicable""}, {""value"": ""-1.0"", ""label"": ""Don't know""}, {""value"": ""0.0"", ""label"": ""Not mentioned""}, {""value"": ""1.0"", ""label"": ""Mentioned""}]"
203,W4QualMP0s,MP: Qualifications main parent has : Teaching qualifications - non-degree,numeric,NOMINAL,-999.0 thru -1.0,"[{""value"": ""-996.0"", ""label"": ""No Parent in household""}, {""value"": ""-99.0"", ""label"": ""MP not interviewed""}, {""value"": ""-92.0"", ""label"": ""Refused""}, {""value"": ""-91.0"", ""label"": ""Not applicable""}, {""value"": ""-1.0"", ""label"": ""Don't know""}, {""value"": ""0.0"", ""label"": ""Not mentioned""}, {""value"": ""1.0"", ""label"": ""Mentioned""}]"
204,W4QualMP0t,"MP: Qualifications main parent has : Nursing qualifications - Non-Degree (eg SEN, SRN, SCM, RGN)",numeric,NOMINAL,-999.0 thru -1.0,"[{""value"": ""-996.0"", ""label"": ""No Parent in household""}, {""value"": ""-99.0"", ""label"": ""MP not interviewed""}, {""value"": ""-92.0"", ""label"": ""Refused""}, {""value"": ""-91.0"", ""label"": ""Not applicable""}, {""value"": ""-1.0"", ""label"": ""Don't know""}, {""value"": ""0.0"", ""label"": ""Not mentioned""}, {""value"": ""1.0"", ""label"": ""Mentioned""}]"
205,W4QualMP0u,MP: Qualifications main parent has : A Levels,numeric,NOMINAL,-999.0 thru -1.0,"[{""value"": ""-996.0"", ""label"": ""No Parent in household""}, {""value"": ""-99.0"", ""label"": ""MP not interviewed""}, {""value"": ""-92.0"", ""label"": ""Refused""}, {""value"": ""-91.0"", ""label"": ""Not applicable""}, {""value"": ""-1.0"", ""label"": ""Don't know""}, {""value"": ""0.0"", ""label"": ""Not mentioned""}, {""value"": ""1.0"", ""label"": ""Mentioned""}]"
206,W4QualMP0v,MP: Qualifications main parent has : AS Levels,numeric,NOMINAL,-999.0 thru -1.0,"[{""value"": ""-996.0"", ""label"": ""No Parent in household""}, {""value"": ""-99.0"", ""label"": ""MP not interviewed""}, {""value"": ""-92.0"", ""label"": ""Refused""}, {""value"": ""-91.0"", ""label"": ""Not applicable""}, {""value"": ""-1.0"", ""label"": ""Don't know""}, {""value"": ""0.0"", ""label"": ""Not mentioned""}, {""value"": ""1.0"", ""label"": ""Mentioned""}]"
207,W4QualMP0w,MP: Qualifications main parent has : Higher Grade,numeric,NOMINAL,-999.0 thru -1.0,"[{""value"": ""-996.0"", ""label"": ""No Parent in household""}, {""value"": ""-99.0"", ""label"": ""MP not interviewed""}, {""value"": ""-92.0"", ""label"": ""Refused""}, {""value"": ""-91.0"", ""label"": ""Not applicable""}, {""value"": ""-1.0"", ""label"": ""Don't know""}, {""value"": ""0.0"", ""label"": ""Not mentioned""}, {""value"": ""1.0"", ""label"": ""Mentioned""}]"
208,W4QualMP0x,MP: Qualifications main parent has : Standard Grade level 1-3,numeric,NOMINAL,-999.0 thru -1.0,"[{""value"": ""-996.0"", ""label"": ""No Parent in household""}, {""value"": ""-99.0"", ""label"": ""MP not interviewed""}, {""value"": ""-92.0"", ""label"": ""Refused""}, {""value"": ""-91.0"", ""label"": ""Not applicable""}, {""value"": ""-1.0"", ""label"": ""Don't know""}, {""value"": ""0.0"", ""label"": ""Not mentioned""}, {""value"": ""1.0"", ""label"": ""Mentioned""}]"
209,W4QualMP0y,MP: Qualifications main parent has : Standard Grade level 4-7,numeric,NOMINAL,-999.0 thru -1.0,"[{""value"": ""-996.0"", ""label"": ""No Parent in household""}, {""value"": ""-99.0"", ""label"": ""MP not interviewed""}, {""value"": ""-92.0"", ""label"": ""Refused""}, {""value"": ""-91.0"", ""label"": ""Not applicable""}, {""value"": ""-1.0"", ""label"": ""Don't know""}, {""value"": ""0.0"", ""label"": ""Not mentioned""}, {""value"": ""1.0"", ""label"": ""Mentioned""}]"
210,W4QualMP0z,MP: Qualifications main parent has : O Grades (pass or bands A-C or 1-3),numeric,NOMINAL,-999.0 thru -1.0,"[{""value"": ""-996.0"", ""label"": ""No Parent in household""}, {""value"": ""-99.0"", ""label"": ""MP not interviewed""}, {""value"": ""-92.0"", ""label"": ""Refused""}, {""value"": ""-91.0"", ""label"": ""Not applicable""}, {""value"": ""-1.0"", ""label"": ""Don't know""}, {""value"": ""0.0"", ""label"": ""Not mentioned""}, {""value"": ""1.0"", ""label"": ""Mentioned""}]"
211,W4QualMPaa,MP: Qualifications main parent has : SCE ordinary grade bands D-E or 4-5 (1973 or later),numeric,NOMINAL,-999.0 thru -1.0,"[{""value"": ""-996.0"", ""label"": ""No Parent in household""}, {""value"": ""-99.0"", ""label"": ""MP not interviewed""}, {""value"": ""-92.0"", ""label"": ""Refused""}, {""value"": ""-91.0"", ""label"": ""Not applicable""}, {""value"": ""-1.0"", ""label"": ""Don't know""}, {""value"": ""0.0"", ""label"": ""Not mentioned""}, {""value"": ""1.0"", ""label"": ""Mentioned""}]"
212,W4QualMPab,MP: Qualifications main parent has : Certificate of 6th year studies,numeric,NOMINAL,-999.0 thru -1.0,"[{""value"": ""-996.0"", ""label"": ""No Parent in household""}, {""value"": ""-99.0"", ""label"": ""MP not interviewed""}, {""value"": ""-92.0"", ""label"": ""Refused""}, {""value"": ""-91.0"", ""label"": ""Not applicable""}, {""value"": ""-1.0"", ""label"": ""Don't know""}, {""value"": ""0.0"", ""label"": ""Not mentioned""}, {""value"": ""1.0"", ""label"": ""Mentioned""}]"
213,W4QualMPac,MP: Qualifications main parent has : SLC: School Leaving certificate - Lower grade,numeric,NOMINAL,-999.0 thru -1.0,"[{""value"": ""-996.0"", ""label"": ""No Parent in household""}, {""value"": ""-99.0"", ""label"": ""MP not interviewed""}, {""value"": ""-92.0"", ""label"": ""Refused""}, {""value"": ""-91.0"", ""label"": ""Not applicable""}, {""value"": ""-1.0"", ""label"": ""Don't know""}, {""value"": ""0.0"", ""label"": ""Not mentioned""}, {""value"": ""1.0"", ""label"": ""Mentioned""}]"
214,W4QualMPad,MP: Qualifications main parent has : SLC: School Leaving Certificate - Higher grade,numeric,NOMINAL,-999.0 thru -1.0,"[{""value"": ""-996.0"", ""label"": ""No Parent in household""}, {""value"": ""-99.0"", ""label"": ""MP not interviewed""}, {""value"": ""-92.0"", ""label"": ""Refused""}, {""value"": ""-91.0"", ""label"": ""Not applicable""}, {""value"": ""-1.0"", ""label"": ""Don't know""}, {""value"": ""0.0"", ""label"": ""Not mentioned""}, {""value"": ""1.0"", ""label"": ""Mentioned""}]"
215,W4QualMPae,MP: Qualifications main parent has : Childcare/playgroup/childminder,numeric,NOMINAL,-999.0 thru -1.0,"[{""value"": ""-996.0"", ""label"": ""No Parent in household""}, {""value"": ""-99.0"", ""label"": ""MP not interviewed""}, {""value"": ""-92.0"", ""label"": ""Refused""}, {""value"": ""-91.0"", ""label"": ""Not applicable""}, {""value"": ""-1.0"", ""label"": ""Don't know""}, {""value"": ""0.0"", ""label"": ""Not mentioned""}, {""value"": ""1.0"", ""label"": ""Mentioned""}]"
216,W4QualMPaf,MP: Qualifications main parent has : Catering/food hygiene,numeric,NOMINAL,-999.0 thru -1.0,"[{""value"": ""-996.0"", ""label"": ""No Parent in household""}, {""value"": ""-99.0"", ""label"": ""MP not interviewed""}, {""value"": ""-92.0"", ""label"": ""Refused""}, {""value"": ""-91.0"", ""label"": ""Not applicable""}, {""value"": ""-1.0"", ""label"": ""Don't know""}, {""value"": ""0.0"", ""label"": ""Not mentioned""}, {""value"": ""1.0"", ""label"": ""Mentioned""}]"
217,W4QualMPag,MP: Qualifications main parent has : IT/computing/clait/rsa/basic,numeric,NOMINAL,-999.0 thru -1.0,"[{""value"": ""-996.0"", ""label"": ""No parent in household""}, {""value"": ""-99.0"", ""label"": ""MP not interviewed""}, {""value"": ""-91.0"", ""label"": ""Not applicable""}, {""value"": ""0.0"", ""label"": ""Not mentioned""}, {""value"": ""1.0"", ""label"": ""Mentioned""}]"
218,W4QualMPah,MP: Qualifications main parent has : Hairdressing/health and beauty,numeric,NOMINAL,-999.0 thru -1.0,"[{""value"": ""-996.0"", ""label"": ""No Parent in household""}, {""value"": ""-99.0"", ""label"": ""MP not interviewed""}, {""value"": ""-92.0"", ""label"": ""Refused""}, {""value"": ""-91.0"", ""label"": ""Not applicable""}, {""value"": ""-1.0"", ""label"": ""Don't know""}, {""value"": ""0.0"", ""label"": ""Not mentioned""}, {""value"": ""1.0"", ""label"": ""Mentioned""}]"
219,W4QualMPai,MP: Qualifications main parent has : Management,numeric,NOMINAL,-999.0 thru -1.0,"[{""value"": ""-996.0"", ""label"": ""No Parent in household""}, {""value"": ""-99.0"", ""label"": ""MP not interviewed""}, {""value"": ""-92.0"", ""label"": ""Refused""}, {""value"": ""-91.0"", ""label"": ""Not applicable""}, {""value"": ""-1.0"", ""label"": ""Don't know""}, {""value"": ""0.0"", ""label"": ""Not mentioned""}, {""value"": ""1.0"", ""label"": ""Mentioned""}]"
220,W4QualMPaj,MP: Qualifications main parent has : Transport/driving (licence),numeric,NOMINAL,-999.0 thru -1.0,"[{""value"": ""-996.0"", ""label"": ""No Parent in household""}, {""value"": ""-99.0"", ""label"": ""MP not interviewed""}, {""value"": ""-92.0"", ""label"": ""Refused""}, {""value"": ""-91.0"", ""label"": ""Not applicable""}, {""value"": ""-1.0"", ""label"": ""Don't know""}, {""value"": ""0.0"", ""label"": ""Not mentioned""}, {""value"": ""1.0"", ""label"": ""Mentioned""}]"
221,W4QualMPak,MP: Qualifications main parent has : First aid/health and safety/social care/dental nurse,numeric,NOMINAL,-999.0 thru -1.0,"[{""value"": ""-996.0"", ""label"": ""No Parent in household""}, {""value"": ""-99.0"", ""label"": ""MP not interviewed""}, {""value"": ""-92.0"", ""label"": ""Refused""}, {""value"": ""-91.0"", ""label"": ""Not applicable""}, {""value"": ""-1.0"", ""label"": ""Don't know""}, {""value"": ""0.0"", ""label"": ""Not mentioned""}, {""value"": ""1.0"", ""label"": ""Mentioned""}]"
222,W4QualMPal,MP: Qualifications main parent has : Accountancy/banking/finance,numeric,NOMINAL,-999.0 thru -1.0,"[{""value"": ""-996.0"", ""label"": ""No Parent in household""}, {""value"": ""-99.0"", ""label"": ""MP not interviewed""}, {""value"": ""-92.0"", ""label"": ""Refused""}, {""value"": ""-91.0"", ""label"": ""Not applicable""}, {""value"": ""-1.0"", ""label"": ""Don't know""}, {""value"": ""0.0"", ""label"": ""Not mentioned""}, {""value"": ""1.0"", ""label"": ""Mentioned""}]"
223,W4QualMPam,MP: Qualifications main parent has : Diploma - non university,numeric,NOMINAL,-999.0 thru -1.0,"[{""value"": ""-996.0"", ""label"": ""No Parent in household""}, {""value"": ""-99.0"", ""label"": ""MP not interviewed""}, {""value"": ""-92.0"", ""label"": ""Refused""}, {""value"": ""-91.0"", ""label"": ""Not applicable""}, {""value"": ""-1.0"", ""label"": ""Don't know""}, {""value"": ""0.0"", ""label"": ""Not mentioned""}, {""value"": ""1.0"", ""label"": ""Mentioned""}]"
224,W4QualMPan,MP: Qualifications main parent has : Certificate of Education/Post graduate certificate of education,numeric,NOMINAL,-999.0 thru -1.0,"[{""value"": ""-996.0"", ""label"": ""No Parent in household""}, {""value"": ""-99.0"", ""label"": ""MP not interviewed""}, {""value"": ""-92.0"", ""label"": ""Refused""}, {""value"": ""-91.0"", ""label"": ""Not applicable""}, {""value"": ""-1.0"", ""label"": ""Don't know""}, {""value"": ""0.0"", ""label"": ""Not mentioned""}, {""value"": ""1.0"", ""label"": ""Mentioned""}]"
225,W4QualMPao,MP: Qualifications main parent has : Other trade qualifications (plumbing/corgi/electrical/building),numeric,NOMINAL,-999.0 thru -1.0,"[{""value"": ""-996.0"", ""label"": ""No Parent in household""}, {""value"": ""-99.0"", ""label"": ""MP not interviewed""}, {""value"": ""-92.0"", ""label"": ""Refused""}, {""value"": ""-91.0"", ""label"": ""Not applicable""}, {""value"": ""-1.0"", ""label"": ""Don't know""}, {""value"": ""0.0"", ""label"": ""Not mentioned""}, {""value"": ""1.0"", ""label"": ""Mentioned""}]"
226,W4QualMPap,MP: Qualifications main parent has : Learning Support/classroom assistant,numeric,NOMINAL,-999.0 thru -1.0,"[{""value"": ""-996.0"", ""label"": ""No Parent in household""}, {""value"": ""-99.0"", ""label"": ""MP not interviewed""}, {""value"": ""-92.0"", ""label"": ""Refused""}, {""value"": ""-91.0"", ""label"": ""Not applicable""}, {""value"": ""-1.0"", ""label"": ""Don't know""}, {""value"": ""0.0"", ""label"": ""Not mentioned""}, {""value"": ""1.0"", ""label"": ""Mentioned""}]"
227,W4QualMPaq,MP: Qualifications main parent has : Counselling,numeric,NOMINAL,-999.0 thru -1.0,"[{""value"": ""-996.0"", ""label"": ""No Parent in household""}, {""value"": ""-99.0"", ""label"": ""MP not interviewed""}, {""value"": ""-92.0"", ""label"": ""Refused""}, {""value"": ""-91.0"", ""label"": ""Not applicable""}, {""value"": ""-1.0"", ""label"": ""Don't know""}, {""value"": ""0.0"", ""label"": ""Not mentioned""}, {""value"": ""1.0"", ""label"": ""Mentioned""}]"
228,W4QualMPar,MP: Qualifications main parent has : City & Guilds Certificate - level not specified,numeric,NOMINAL,-999.0 thru -1.0,"[{""value"": ""-996.0"", ""label"": ""No Parent in household""}, {""value"": ""-99.0"", ""label"": ""MP not interviewed""}, {""value"": ""-92.0"", ""label"": ""Refused""}, {""value"": ""-91.0"", ""label"": ""Not applicable""}, {""value"": ""-1.0"", ""label"": ""Don't know""}, {""value"": ""0.0"", ""label"": ""Not mentioned""}, {""value"": ""1.0"", ""label"": ""Mentioned""}]"
229,W4QualMPas,MP: Qualifications main parent has : NVQ - level not specified,numeric,NOMINAL,-999.0 thru -1.0,"[{""value"": ""-996.0"", ""label"": ""No Parent in household""}, {""value"": ""-99.0"", ""label"": ""MP not interviewed""}, {""value"": ""-92.0"", ""label"": ""Refused""}, {""value"": ""-91.0"", ""label"": ""Not applicable""}, {""value"": ""-1.0"", ""label"": ""Don't know""}, {""value"": ""0.0"", ""label"": ""Not mentioned""}, {""value"": ""1.0"", ""label"": ""Mentioned""}]"
230,W4QualMPat,MP: Qualifications main parent has : D32/D33 training assessing,numeric,NOMINAL,-999.0 thru -1.0,"[{""value"": ""-996.0"", ""label"": ""No Parent in household""}, {""value"": ""-99.0"", ""label"": ""MP not interviewed""}, {""value"": ""-92.0"", ""label"": ""Refused""}, {""value"": ""-91.0"", ""label"": ""Not applicable""}, {""value"": ""-1.0"", ""label"": ""Don't know""}, {""value"": ""0.0"", ""label"": ""Not mentioned""}, {""value"": ""1.0"", ""label"": ""Mentioned""}]"
231,W4QualMPau,MP: Qualifications main parent has : GNVQ - level not specified,numeric,NOMINAL,-999.0 thru -1.0,"[{""value"": ""-996.0"", ""label"": ""No Parent in household""}, {""value"": ""-99.0"", ""label"": ""MP not interviewed""}, {""value"": ""-92.0"", ""label"": ""Refused""}, {""value"": ""-91.0"", ""label"": ""Not applicable""}, {""value"": ""-1.0"", ""label"": ""Don't know""}, {""value"": ""0.0"", ""label"": ""Not mentioned""}, {""value"": ""1.0"", ""label"": ""Mentioned""}]"
232,W4QualMPav,MP: Qualifications main parent has : Other,numeric,NOMINAL,-999.0 thru -1.0,"[{""value"": ""-996.0"", ""label"": ""No Parent in household""}, {""value"": ""-99.0"", ""label"": ""MP not interviewed""}, {""value"": ""-92.0"", ""label"": ""Refused""}, {""value"": ""-91.0"", ""label"": ""Not applicable""}, {""value"": ""-1.0"", ""label"": ""Don't know""}, {""value"": ""0.0"", ""label"": ""Not mentioned""}, {""value"": ""1.0"", ""label"": ""Mentioned""}]"
233,W4QualMPaw,MP: Qualifications main parent has : None,numeric,NOMINAL,-999.0 thru -1.0,"[{""value"": ""-996.0"", ""label"": ""No parent in household""}, {""value"": ""-99.0"", ""label"": ""MP not interviewed""}, {""value"": ""-91.0"", ""label"": ""Not applicable""}, {""value"": ""0.0"", ""label"": ""Not mentioned""}, {""value"": ""1.0"", ""label"": ""Mentioned""}]"
234,W4QualMPax,MP: Qualifications main parent has : Don't Know,numeric,NOMINAL,-999.0 thru -1.0,"[{""value"": ""-996.0"", ""label"": ""No Parent in household""}, {""value"": ""-99.0"", ""label"": ""MP not interviewed""}, {""value"": ""-92.0"", ""label"": ""Refused""}, {""value"": ""-91.0"", ""label"": ""Not applicable""}, {""value"": ""-1.0"", ""label"": ""Don't know""}, {""value"": ""0.0"", ""label"": ""Not mentioned""}, {""value"": ""1.0"", ""label"": ""Mentioned""}]"
235,W4ApprentMP,MP: Whether main parent has completed a recognised trade apprenticeship,numeric,NOMINAL,-999.0 thru -1.0,"[{""value"": ""-997.0"", ""label"": ""Script error""}, {""value"": ""-996.0"", ""label"": ""No Parent in household""}, {""value"": ""-99.0"", ""label"": ""MP not interviewed""}, {""value"": ""-92.0"", ""label"": ""Refused""}, {""value"": ""-91.0"", ""label"": ""Not applicable""}, {""value"": ""-1.0"", ""label"": ""Don't know""}, {""value"": ""1.0"", ""label"": ""Yes, here in Britain""}, {""value"": ""2.0"", ""label"": ""Yes, overseas""}, {""value"": ""3.0"", ""label"": ""No""}]"
236,W4OversMP,MP: Whether main parent has an overseas qualifications,numeric,NOMINAL,-999.0 thru -1.0,"[{""value"": ""-997.0"", ""label"": ""Script error""}, {""value"": ""-996.0"", ""label"": ""No Parent in household""}, {""value"": ""-99.0"", ""label"": ""MP not interviewed""}, {""value"": ""-98.0"", ""label"": ""No SP present""}, {""value"": ""-92.0"", ""label"": ""Refused""}, {""value"": ""-91.0"", ""label"": ""Not applicable""}, {""value"": ""-1.0"", ""label"": ""Don't know""}, {""value"": ""1.0"", ""label"": ""Yes""}, {""value"": ""2.0"", ""label"": ""No""}]"
237,W4OtypeMP,MP: Main parent's overseas qualification type,numeric,NOMINAL,-999.0 thru -1.0,"[{""value"": ""-997.0"", ""label"": ""Script error""}, {""value"": ""-996.0"", ""label"": ""No Parent in household""}, {""value"": ""-99.0"", ""label"": ""MP not interviewed""}, {""value"": ""-98.0"", ""label"": ""No SP present""}, {""value"": ""-92.0"", ""label"": ""Refused""}, {""value"": ""-91.0"", ""label"": ""Not applicable""}, {""value"": ""-1.0"", ""label"": ""Don't know""}, {""value"": ""1.0"", ""label"": ""School exam - Below University Entrance Level""}, {""value"": ""2.0"", ""label"": ""School exam - University Entrance Level""}, {""value"": ""3.0"", ""label"": ""First Degree from University or similar institution""}, {""value"": ""4.0"", ""label"": ""Higher Degree""}, {""value"": ""5.0"", ""label"": ""Commercial qualifications""}, {""value"": ""6.0"", ""label"": ""Any other vocational or work related qualification""}, {""value"": ""7.0"", ""label"": ""Some other sort of qualification""}]"
238,W4Ed3MP,MP: Whether MP's father ever went to university and got a degree,numeric,NOMINAL,-999.0 thru -1.0,"[{""value"": ""-996.0"", ""label"": ""No Parent in household""}, {""value"": ""-99.0"", ""label"": ""MP not interviewed""}, {""value"": ""-92.0"", ""label"": ""Refused""}, {""value"": ""-91.0"", ""label"": ""Not applicable""}, {""value"": ""-1.0"", ""label"": ""Don't know""}, {""value"": ""1.0"", ""label"": ""Yes""}, {""value"": ""2.0"", ""label"": ""No""}, {""value"": ""3.0"", ""label"": ""Didn't know father""}]"
239,W4Ed4MP,MP: Whether MP's mother ever went to university and got a degree,numeric,NOMINAL,-999.0 thru -1.0,"[{""value"": ""-996.0"", ""label"": ""No Parent in household""}, {""value"": ""-99.0"", ""label"": ""MP not interviewed""}, {""value"": ""-92.0"", ""label"": ""Refused""}, {""value"": ""-91.0"", ""label"": ""Not applicable""}, {""value"": ""-1.0"", ""label"": ""Don't know""}, {""value"": ""1.0"", ""label"": ""Yes""}, {""value"": ""2.0"", ""label"": ""No""}, {""value"": ""3.0"", ""label"": ""Didn't know mother""}]"
240,W4Ed1SP,MP: Age second parent left school,numeric,SCALE,-999.0 thru -1.0,"[{""value"": ""-997.0"", ""label"": ""Script error""}, {""value"": ""-996.0"", ""label"": ""No Parent in household""}, {""value"": ""-99.0"", ""label"": ""MP not interviewed""}, {""value"": ""-98.0"", ""label"": ""No SP present""}, {""value"": ""-92.0"", ""label"": ""Refused""}, {""value"": ""-91.0"", ""label"": ""Not applicable""}, {""value"": ""-1.0"", ""label"": ""Don't know""}, {""value"": ""0.0"", ""label"": ""Had no formal education""}]"
241,W4Ed1aSP,MP: Whether second parent ever returned to full time education after leaving school,numeric,NOMINAL,-999.0 thru -1.0,"[{""value"": ""-997.0"", ""label"": ""Script error""}, {""value"": ""-996.0"", ""label"": ""No Parent in household""}, {""value"": ""-99.0"", ""label"": ""MP not interviewed""}, {""value"": ""-98.0"", ""label"": ""No SP present""}, {""value"": ""-92.0"", ""label"": ""Refused""}, {""value"": ""-91.0"", ""label"": ""Not applicable""}, {""value"": ""-1.0"", ""label"": ""Don't know""}, {""value"": ""1.0"", ""label"": ""Yes""}, {""value"": ""2.0"", ""label"": ""No""}]"
242,W4Ed1bSP,MP: Age second parent left full time education altogether,numeric,SCALE,-999.0 thru -1.0,"[{""value"": ""-997.0"", ""label"": ""Script error""}, {""value"": ""-996.0"", ""label"": ""No Parent in household""}, {""value"": ""-99.0"", ""label"": ""MP not interviewed""}, {""value"": ""-98.0"", ""label"": ""No SP present""}, {""value"": ""-92.0"", ""label"": ""Refused""}, {""value"": ""-91.0"", ""label"": ""Not applicable""}, {""value"": ""-1.0"", ""label"": ""Don't know""}]"
243,W4QuaScSP,MP: Whether second parent has any qualifications of any kind,numeric,NOMINAL,-999.0 thru -1.0,"[{""value"": ""-997.0"", ""label"": ""Script error""}, {""value"": ""-996.0"", ""label"": ""No Parent in household""}, {""value"": ""-99.0"", ""label"": ""MP not interviewed""}, {""value"": ""-98.0"", ""label"": ""No SP present""}, {""value"": ""-92.0"", ""label"": ""Refused""}, {""value"": ""-91.0"", ""label"": ""Not applicable""}, {""value"": ""-1.0"", ""label"": ""Don't know""}, {""value"": ""1.0"", ""label"": ""Yes""}, {""value"": ""2.0"", ""label"": ""No""}]"
244,W4QualSP0a,MP: Qualifications second parent has : O Level (obtained before 1975),numeric,NOMINAL,-999.0 thru -1.0,"[{""value"": ""-997.0"", ""label"": ""Script error""}, {""value"": ""-996.0"", ""label"": ""No Parent in household""}, {""value"": ""-99.0"", ""label"": ""MP not interviewed""}, {""value"": ""-98.0"", ""label"": ""No SP present""}, {""value"": ""-92.0"", ""label"": ""Refused""}, {""value"": ""-91.0"", ""label"": ""Not applicable""}, {""value"": ""-1.0"", ""label"": ""Don't know""}, {""value"": ""0.0"", ""label"": ""Not mentioned""}, {""value"": ""1.0"", ""label"": ""Mentioned""}]"
245,W4QualSP0b,MP: Qualifications second parent has : O Level A-C (1975 or later),numeric,NOMINAL,-999.0 thru -1.0,"[{""value"": ""-997.0"", ""label"": ""Script error""}, {""value"": ""-996.0"", ""label"": ""No Parent in household""}, {""value"": ""-99.0"", ""label"": ""MP not interviewed""}, {""value"": ""-98.0"", ""label"": ""No SP present""}, {""value"": ""-92.0"", ""label"": ""Refused""}, {""value"": ""-91.0"", ""label"": ""Not applicable""}, {""value"": ""-1.0"", ""label"": ""Don't know""}, {""value"": ""0.0"", ""label"": ""Not mentioned""}, {""value"": ""1.0"", ""label"": ""Mentioned""}]"
246,W4QualSP0c,"MP: Qualifications second parent has : O Level D, E (1975 or later)",numeric,NOMINAL,-999.0 thru -1.0,"[{""value"": ""-997.0"", ""label"": ""Script error""}, {""value"": ""-996.0"", ""label"": ""No Parent in household""}, {""value"": ""-99.0"", ""label"": ""MP not interviewed""}, {""value"": ""-98.0"", ""label"": ""No SP present""}, {""value"": ""-92.0"", ""label"": ""Refused""}, {""value"": ""-91.0"", ""label"": ""Not applicable""}, {""value"": ""-1.0"", ""label"": ""Don't know""}, {""value"": ""0.0"", ""label"": ""Not mentioned""}, {""value"": ""1.0"", ""label"": ""Mentioned""}]"
247,W4QualSP0d,MP: Qualifications second parent has : GCSE grades A-C,numeric,NOMINAL,-999.0 thru -1.0,"[{""value"": ""-997.0"", ""label"": ""Script error""}, {""value"": ""-996.0"", ""label"": ""No parent in household""}, {""value"": ""-99.0"", ""label"": ""MP not interviewed""}, {""value"": ""-98.0"", ""label"": ""No SP present""}, {""value"": ""-91.0"", ""label"": ""Not applicable""}, {""value"": ""0.0"", ""label"": ""Not mentioned""}, {""value"": ""1.0"", ""label"": ""Mentioned""}]"
248,W4QualSP0e,MP: Qualifications second parent has : GCSE grades D-G,numeric,NOMINAL,-999.0 thru -1.0,"[{""value"": ""-997.0"", ""label"": ""Script error""}, {""value"": ""-996.0"", ""label"": ""No Parent in household""}, {""value"": ""-99.0"", ""label"": ""MP not interviewed""}, {""value"": ""-98.0"", ""label"": ""No SP present""}, {""value"": ""-92.0"", ""label"": ""Refused""}, {""value"": ""-91.0"", ""label"": ""Not applicable""}, {""value"": ""-1.0"", ""label"": ""Don't know""}, {""value"": ""0.0"", ""label"": ""Not mentioned""}, {""value"": ""1.0"", ""label"": ""Mentioned""}]"
249,W4QualSP0f,MP: Qualifications second parent has : CSE grade 1,numeric,NOMINAL,-999.0 thru -1.0,"[{""value"": ""-997.0"", ""label"": ""Script error""}, {""value"": ""-996.0"", ""label"": ""No Parent in household""}, {""value"": ""-99.0"", ""label"": ""MP not interviewed""}, {""value"": ""-98.0"", ""label"": ""No SP present""}, {""value"": ""-92.0"", ""label"": ""Refused""}, {""value"": ""-91.0"", ""label"": ""Not applicable""}, {""value"": ""-1.0"", ""label"": ""Don't know""}, {""value"": ""0.0"", ""label"": ""Not mentioned""}, {""value"": ""1.0"", ""label"": ""Mentioned""}]"
250,W4QualSP0g,MP: Qualifications second parent has : CSE grade 2-5,numeric,NOMINAL,-999.0 thru -1.0,"[{""value"": ""-997.0"", ""label"": ""Script error""}, {""value"": ""-996.0"", ""label"": ""No Parent in household""}, {""value"": ""-99.0"", ""label"": ""MP not interviewed""}, {""value"": ""-98.0"", ""label"": ""No SP present""}, {""value"": ""-92.0"", ""label"": ""Refused""}, {""value"": ""-91.0"", ""label"": ""Not applicable""}, {""value"": ""-1.0"", ""label"": ""Don't know""}, {""value"": ""0.0"", ""label"": ""Not mentioned""}, {""value"": ""1.0"", ""label"": ""Mentioned""}]"
251,W4QualSP0h,MP: Qualifications second parent has : GNVQ,numeric,NOMINAL,-999.0 thru -1.0,"[{""value"": ""-997.0"", ""label"": ""Script error""}, {""value"": ""-996.0"", ""label"": ""No Parent in household""}, {""value"": ""-99.0"", ""label"": ""MP not interviewed""}, {""value"": ""-98.0"", ""label"": ""No SP present""}, {""value"": ""-92.0"", ""label"": ""Refused""}, {""value"": ""-91.0"", ""label"": ""Not applicable""}, {""value"": ""-1.0"", ""label"": ""Don't know""}, {""value"": ""0.0"", ""label"": ""Not mentioned""}, {""value"": ""1.0"", ""label"": ""Mentioned""}]"
252,W4QualSP0i,MP: Qualifications SP has : HNC/HND/NVQ4,numeric,NOMINAL,-999.0 thru -1.0,"[{""value"": ""-997.0"", ""label"": ""Script error""}, {""value"": ""-996.0"", ""label"": ""No Parent in household""}, {""value"": ""-99.0"", ""label"": ""MP not interviewed""}, {""value"": ""-98.0"", ""label"": ""No SP present""}, {""value"": ""-92.0"", ""label"": ""Refused""}, {""value"": ""-91.0"", ""label"": ""Not applicable""}, {""value"": ""-1.0"", ""label"": ""Don't know""}, {""value"": ""0.0"", ""label"": ""Not mentioned""}, {""value"": ""1.0"", ""label"": ""Mentioned""}]"
253,W4QualSP0j,MP: Qualifications SP has : ONC/OND/NVQ3,numeric,NOMINAL,-999.0 thru -1.0,"[{""value"": ""-997.0"", ""label"": ""Script error""}, {""value"": ""-996.0"", ""label"": ""No Parent in household""}, {""value"": ""-99.0"", ""label"": ""MP not interviewed""}, {""value"": ""-98.0"", ""label"": ""No SP present""}, {""value"": ""-92.0"", ""label"": ""Refused""}, {""value"": ""-91.0"", ""label"": ""Not applicable""}, {""value"": ""-1.0"", ""label"": ""Don't know""}, {""value"": ""0.0"", ""label"": ""Not mentioned""}, {""value"": ""1.0"", ""label"": ""Mentioned""}]"
254,W4QualSP0k,MP: Qualifications SP has : City & Guilds Certificate - Part III /NVQ3,numeric,NOMINAL,-999.0 thru -1.0,"[{""value"": ""-997.0"", ""label"": ""Script error""}, {""value"": ""-996.0"", ""label"": ""No Parent in household""}, {""value"": ""-99.0"", ""label"": ""MP not interviewed""}, {""value"": ""-98.0"", ""label"": ""No SP present""}, {""value"": ""-92.0"", ""label"": ""Refused""}, {""value"": ""-91.0"", ""label"": ""Not applicable""}, {""value"": ""-1.0"", ""label"": ""Don't know""}, {""value"": ""0.0"", ""label"": ""Not mentioned""}, {""value"": ""1.0"", ""label"": ""Mentioned""}]"
255,W4QualSP0l,MP: Qualifications SP has : City & Guilds Certificate - Part II/NVQ2,numeric,NOMINAL,-999.0 thru -1.0,"[{""value"": ""-997.0"", ""label"": ""Script error""}, {""value"": ""-996.0"", ""label"": ""No Parent in household""}, {""value"": ""-99.0"", ""label"": ""MP not interviewed""}, {""value"": ""-98.0"", ""label"": ""No SP present""}, {""value"": ""-92.0"", ""label"": ""Refused""}, {""value"": ""-91.0"", ""label"": ""Not applicable""}, {""value"": ""-1.0"", ""label"": ""Don't know""}, {""value"": ""0.0"", ""label"": ""Not mentioned""}, {""value"": ""1.0"", ""label"": ""Mentioned""}]"
256,W4QualSP0m,MP: Qualifications SP has : City & Guilds Certificate - Part I/NVQ1,numeric,NOMINAL,-999.0 thru -1.0,"[{""value"": ""-997.0"", ""label"": ""Script error""}, {""value"": ""-996.0"", ""label"": ""No Parent in household""}, {""value"": ""-99.0"", ""label"": ""MP not interviewed""}, {""value"": ""-98.0"", ""label"": ""No SP present""}, {""value"": ""-92.0"", ""label"": ""Refused""}, {""value"": ""-91.0"", ""label"": ""Not applicable""}, {""value"": ""-1.0"", ""label"": ""Don't know""}, {""value"": ""0.0"", ""label"": ""Not mentioned""}, {""value"": ""1.0"", ""label"": ""Mentioned""}]"
257,W4QualSP0n,MP: Qualifications second parent has : Other clerical or commercial qualifications,numeric,NOMINAL,-999.0 thru -1.0,"[{""value"": ""-997.0"", ""label"": ""Script error""}, {""value"": ""-996.0"", ""label"": ""No Parent in household""}, {""value"": ""-99.0"", ""label"": ""MP not interviewed""}, {""value"": ""-98.0"", ""label"": ""No SP present""}, {""value"": ""-92.0"", ""label"": ""Refused""}, {""value"": ""-91.0"", ""label"": ""Not applicable""}, {""value"": ""-1.0"", ""label"": ""Don't know""}, {""value"": ""0.0"", ""label"": ""Not mentioned""}, {""value"": ""1.0"", ""label"": ""Mentioned""}]"
258,W4QualSP0o,MP: Qualifications second parent has : Youth training certificate/Skillseekers,numeric,NOMINAL,-999.0 thru -1.0,"[{""value"": ""-997.0"", ""label"": ""Script error""}, {""value"": ""-996.0"", ""label"": ""No Parent in household""}, {""value"": ""-99.0"", ""label"": ""MP not interviewed""}, {""value"": ""-98.0"", ""label"": ""No SP present""}, {""value"": ""-92.0"", ""label"": ""Refused""}, {""value"": ""-91.0"", ""label"": ""Not applicable""}, {""value"": ""-1.0"", ""label"": ""Don't know""}, {""value"": ""0.0"", ""label"": ""Not mentioned""}, {""value"": ""1.0"", ""label"": ""Mentioned""}]"
259,W4QualSP0p,"MP: Qualifications second parent has : University or CNAA Higher degree (eg Msc, PhD)",numeric,NOMINAL,-999.0 thru -1.0,"[{""value"": ""-997.0"", ""label"": ""Script error""}, {""value"": ""-996.0"", ""label"": ""No Parent in household""}, {""value"": ""-99.0"", ""label"": ""MP not interviewed""}, {""value"": ""-98.0"", ""label"": ""No SP present""}, {""value"": ""-92.0"", ""label"": ""Refused""}, {""value"": ""-91.0"", ""label"": ""Not applicable""}, {""value"": ""-1.0"", ""label"": ""Don't know""}, {""value"": ""0.0"", ""label"": ""Not mentioned""}, {""value"": ""1.0"", ""label"": ""Mentioned""}]"
260,W4QualSP0q,"MP: Qualifications second parent has : University or CNAA First degree (eg BA, B.ED, BSc)",numeric,NOMINAL,-999.0 thru -1.0,"[{""value"": ""-997.0"", ""label"": ""Script error""}, {""value"": ""-996.0"", ""label"": ""No Parent in household""}, {""value"": ""-99.0"", ""label"": ""MP not interviewed""}, {""value"": ""-98.0"", ""label"": ""No SP present""}, {""value"": ""-92.0"", ""label"": ""Refused""}, {""value"": ""-91.0"", ""label"": ""Not applicable""}, {""value"": ""-1.0"", ""label"": ""Don't know""}, {""value"": ""0.0"", ""label"": ""Not mentioned""}, {""value"": ""1.0"", ""label"": ""Mentioned""}]"
261,W4QualSP0r,MP: Qualifications second parent has : University Diploma,numeric,NOMINAL,-999.0 thru -1.0,"[{""value"": ""-997.0"", ""label"": ""Script error""}, {""value"": ""-996.0"", ""label"": ""No Parent in household""}, {""value"": ""-99.0"", ""label"": ""MP not interviewed""}, {""value"": ""-98.0"", ""label"": ""No SP present""}, {""value"": ""-92.0"", ""label"": ""Refused""}, {""value"": ""-91.0"", ""label"": ""Not applicable""}, {""value"": ""-1.0"", ""label"": ""Don't know""}, {""value"": ""0.0"", ""label"": ""Not mentioned""}, {""value"": ""1.0"", ""label"": ""Mentioned""}]"
262,W4QualSP0s,MP: Qualifications second parent has : Teaching qualifications - non-degree,numeric,NOMINAL,-999.0 thru -1.0,"[{""value"": ""-997.0"", ""label"": ""Script error""}, {""value"": ""-996.0"", ""label"": ""No Parent in household""}, {""value"": ""-99.0"", ""label"": ""MP not interviewed""}, {""value"": ""-98.0"", ""label"": ""No SP present""}, {""value"": ""-92.0"", ""label"": ""Refused""}, {""value"": ""-91.0"", ""label"": ""Not applicable""}, {""value"": ""-1.0"", ""label"": ""Don't know""}, {""value"": ""0.0"", ""label"": ""Not mentioned""}, {""value"": ""1.0"", ""label"": ""Mentioned""}]"
263,W4QualSP0t,"MP: Qualifications second parent has : Nursing qualifications - Non-Degree (eg SEN, SRN, SCM, RGN)",numeric,NOMINAL,-999.0 thru -1.0,"[{""value"": ""-997.0"", ""label"": ""Script error""}, {""value"": ""-996.0"", ""label"": ""No Parent in household""}, {""value"": ""-99.0"", ""label"": ""MP not interviewed""}, {""value"": ""-98.0"", ""label"": ""No SP present""}, {""value"": ""-92.0"", ""label"": ""Refused""}, {""value"": ""-91.0"", ""label"": ""Not applicable""}, {""value"": ""-1.0"", ""label"": ""Don't know""}, {""value"": ""0.0"", ""label"": ""Not mentioned""}, {""value"": ""1.0"", ""label"": ""Mentioned""}]"
264,W4QualSP0u,MP: Qualifications second parent has : A Levels,numeric,NOMINAL,-999.0 thru -1.0,"[{""value"": ""-997.0"", ""label"": ""Script error""}, {""value"": ""-996.0"", ""label"": ""No Parent in household""}, {""value"": ""-99.0"", ""label"": ""MP not interviewed""}, {""value"": ""-98.0"", ""label"": ""No SP present""}, {""value"": ""-92.0"", ""label"": ""Refused""}, {""value"": ""-91.0"", ""label"": ""Not applicable""}, {""value"": ""-1.0"", ""label"": ""Don't know""}, {""value"": ""0.0"", ""label"": ""Not mentioned""}, {""value"": ""1.0"", ""label"": ""Mentioned""}]"
265,W4QualSP0v,MP: Qualifications second parent has : AS Levels,numeric,NOMINAL,-999.0 thru -1.0,"[{""value"": ""-997.0"", ""label"": ""Script error""}, {""value"": ""-996.0"", ""label"": ""No Parent in household""}, {""value"": ""-99.0"", ""label"": ""MP not interviewed""}, {""value"": ""-98.0"", ""label"": ""No SP present""}, {""value"": ""-92.0"", ""label"": ""Refused""}, {""value"": ""-91.0"", ""label"": ""Not applicable""}, {""value"": ""-1.0"", ""label"": ""Don't know""}, {""value"": ""0.0"", ""label"": ""Not mentioned""}, {""value"": ""1.0"", ""label"": ""Mentioned""}]"
266,W4QualSP0w,MP: Qualifications second parent has : Higher Grade,numeric,NOMINAL,-999.0 thru -1.0,"[{""value"": ""-997.0"", ""label"": ""Script error""}, {""value"": ""-996.0"", ""label"": ""No Parent in household""}, {""value"": ""-99.0"", ""label"": ""MP not interviewed""}, {""value"": ""-98.0"", ""label"": ""No SP present""}, {""value"": ""-92.0"", ""label"": ""Refused""}, {""value"": ""-91.0"", ""label"": ""Not applicable""}, {""value"": ""-1.0"", ""label"": ""Don't know""}, {""value"": ""0.0"", ""label"": ""Not mentioned""}, {""value"": ""1.0"", ""label"": ""Mentioned""}]"
267,W4QualSP0x,MP: Qualifications second parent has : Standard Grade level 1-3,numeric,NOMINAL,-999.0 thru -1.0,"[{""value"": ""-997.0"", ""label"": ""Script error""}, {""value"": ""-996.0"", ""label"": ""No Parent in household""}, {""value"": ""-99.0"", ""label"": ""MP not interviewed""}, {""value"": ""-98.0"", ""label"": ""No SP present""}, {""value"": ""-92.0"", ""label"": ""Refused""}, {""value"": ""-91.0"", ""label"": ""Not applicable""}, {""value"": ""-1.0"", ""label"": ""Don't know""}, {""value"": ""0.0"", ""label"": ""Not mentioned""}, {""value"": ""1.0"", ""label"": ""Mentioned""}]"
268,W4QualSP0y,MP: Qualifications second parent has : Standard Grade level 4-7,numeric,NOMINAL,-999.0 thru -1.0,"[{""value"": ""-997.0"", ""label"": ""Script error""}, {""value"": ""-996.0"", ""label"": ""No Parent in household""}, {""value"": ""-99.0"", ""label"": ""MP not interviewed""}, {""value"": ""-98.0"", ""label"": ""No SP present""}, {""value"": ""-92.0"", ""label"": ""Refused""}, {""value"": ""-91.0"", ""label"": ""Not applicable""}, {""value"": ""-1.0"", ""label"": ""Don't know""}, {""value"": ""0.0"", ""label"": ""Not mentioned""}, {""value"": ""1.0"", ""label"": ""Mentioned""}]"
269,W4QualSP0z,MP: Qualifications second parent has : O Grades (pass or bands a-c or 1-3),numeric,NOMINAL,-999.0 thru -1.0,"[{""value"": ""-997.0"", ""label"": ""Script error""}, {""value"": ""-996.0"", ""label"": ""No Parent in household""}, {""value"": ""-99.0"", ""label"": ""MP not interviewed""}, {""value"": ""-98.0"", ""label"": ""No SP present""}, {""value"": ""-92.0"", ""label"": ""Refused""}, {""value"": ""-91.0"", ""label"": ""Not applicable""}, {""value"": ""-1.0"", ""label"": ""Don't know""}, {""value"": ""0.0"", ""label"": ""Not mentioned""}, {""value"": ""1.0"", ""label"": ""Mentioned""}]"
270,W4QualSPaa,MP: Qualifications second parent has : SCE ordinary grade bands d-e or 4-5 (1973 or later),numeric,NOMINAL,-999.0 thru -1.0,"[{""value"": ""-997.0"", ""label"": ""Script error""}, {""value"": ""-996.0"", ""label"": ""No Parent in household""}, {""value"": ""-99.0"", ""label"": ""MP not interviewed""}, {""value"": ""-98.0"", ""label"": ""No SP present""}, {""value"": ""-92.0"", ""label"": ""Refused""}, {""value"": ""-91.0"", ""label"": ""Not applicable""}, {""value"": ""-1.0"", ""label"": ""Don't know""}, {""value"": ""0.0"", ""label"": ""Not mentioned""}, {""value"": ""1.0"", ""label"": ""Mentioned""}]"
271,W4QualSPab,MP: Qualifications second parent has : Certificate of 6th year studies,numeric,NOMINAL,-999.0 thru -1.0,"[{""value"": ""-997.0"", ""label"": ""Script error""}, {""value"": ""-996.0"", ""label"": ""No Parent in household""}, {""value"": ""-99.0"", ""label"": ""MP not interviewed""}, {""value"": ""-98.0"", ""label"": ""No SP present""}, {""value"": ""-92.0"", ""label"": ""Refused""}, {""value"": ""-91.0"", ""label"": ""Not applicable""}, {""value"": ""-1.0"", ""label"": ""Don't know""}, {""value"": ""0.0"", ""label"": ""Not mentioned""}, {""value"": ""1.0"", ""label"": ""Mentioned""}]"
272,W4QualSPac,MP: Qualifications second parent has : SLC: School Leaving certificate - Lower grade,numeric,NOMINAL,-999.0 thru -1.0,"[{""value"": ""-997.0"", ""label"": ""Script error""}, {""value"": ""-996.0"", ""label"": ""No Parent in household""}, {""value"": ""-99.0"", ""label"": ""MP not interviewed""}, {""value"": ""-98.0"", ""label"": ""No SP present""}, {""value"": ""-92.0"", ""label"": ""Refused""}, {""value"": ""-91.0"", ""label"": ""Not applicable""}, {""value"": ""-1.0"", ""label"": ""Don't know""}, {""value"": ""0.0"", ""label"": ""Not mentioned""}, {""value"": ""1.0"", ""label"": ""Mentioned""}]"
273,W4QualSPad,MP: Qualifications second parent has : SLC: School Leaving Certificate - Higher grade,numeric,NOMINAL,-999.0 thru -1.0,"[{""value"": ""-997.0"", ""label"": ""Script error""}, {""value"": ""-996.0"", ""label"": ""No Parent in household""}, {""value"": ""-99.0"", ""label"": ""MP not interviewed""}, {""value"": ""-98.0"", ""label"": ""No SP present""}, {""value"": ""-92.0"", ""label"": ""Refused""}, {""value"": ""-91.0"", ""label"": ""Not applicable""}, {""value"": ""-1.0"", ""label"": ""Don't know""}, {""value"": ""0.0"", ""label"": ""Not mentioned""}, {""value"": ""1.0"", ""label"": ""Mentioned""}]"
274,W4QualSPae,MP: Qualifications second parent has : Childcare/playgroup/childminder,numeric,NOMINAL,-999.0 thru -1.0,"[{""value"": ""-997.0"", ""label"": ""Script error""}, {""value"": ""-996.0"", ""label"": ""No Parent in household""}, {""value"": ""-99.0"", ""label"": ""MP not interviewed""}, {""value"": ""-98.0"", ""label"": ""No SP present""}, {""value"": ""-92.0"", ""label"": ""Refused""}, {""value"": ""-91.0"", ""label"": ""Not applicable""}, {""value"": ""-1.0"", ""label"": ""Don't know""}, {""value"": ""0.0"", ""label"": ""Not mentioned""}, {""value"": ""1.0"", ""label"": ""Mentioned""}]"
275,W4QualSPaf,MP: Qualifications second parent has : Catering/food hygiene,numeric,NOMINAL,-999.0 thru -1.0,"[{""value"": ""-997.0"", ""label"": ""Script error""}, {""value"": ""-996.0"", ""label"": ""No Parent in household""}, {""value"": ""-99.0"", ""label"": ""MP not interviewed""}, {""value"": ""-98.0"", ""label"": ""No SP present""}, {""value"": ""-92.0"", ""label"": ""Refused""}, {""value"": ""-91.0"", ""label"": ""Not applicable""}, {""value"": ""-1.0"", ""label"": ""Don't know""}, {""value"": ""0.0"", ""label"": ""Not mentioned""}, {""value"": ""1.0"", ""label"": ""Mentioned""}]"
276,W4QualSPag,MP: Qualifications second parent has : IT/computing/clait/rsa/basic,numeric,NOMINAL,-999.0 thru -1.0,"[{""value"": ""-997.0"", ""label"": ""Script error""}, {""value"": ""-996.0"", ""label"": ""No parent in household""}, {""value"": ""-99.0"", ""label"": ""MP not interviewed""}, {""value"": ""-98.0"", ""label"": ""No SP present""}, {""value"": ""-91.0"", ""label"": ""Not applicable""}, {""value"": ""0.0"", ""label"": ""Not mentioned""}, {""value"": ""1.0"", ""label"": ""Mentioned""}]"
277,W4QualSPah,MP: Qualifications second parent has : Hairdressing/health and beauty,numeric,NOMINAL,-999.0 thru -1.0,"[{""value"": ""-997.0"", ""label"": ""Script error""}, {""value"": ""-996.0"", ""label"": ""No Parent in household""}, {""value"": ""-99.0"", ""label"": ""MP not interviewed""}, {""value"": ""-98.0"", ""label"": ""No SP present""}, {""value"": ""-92.0"", ""label"": ""Refused""}, {""value"": ""-91.0"", ""label"": ""Not applicable""}, {""value"": ""-1.0"", ""label"": ""Don't know""}, {""value"": ""0.0"", ""label"": ""Not mentioned""}, {""value"": ""1.0"", ""label"": ""Mentioned""}]"
278,W4QualSPai,MP: Qualifications second parent has : Management,numeric,NOMINAL,-999.0 thru -1.0,"[{""value"": ""-997.0"", ""label"": ""Script error""}, {""value"": ""-996.0"", ""label"": ""No Parent in household""}, {""value"": ""-99.0"", ""label"": ""MP not interviewed""}, {""value"": ""-98.0"", ""label"": ""No SP present""}, {""value"": ""-92.0"", ""label"": ""Refused""}, {""value"": ""-91.0"", ""label"": ""Not applicable""}, {""value"": ""-1.0"", ""label"": ""Don't know""}, {""value"": ""0.0"", ""label"": ""Not mentioned""}, {""value"": ""1.0"", ""label"": ""Mentioned""}]"
279,W4QualSPaj,MP: Qualifications second parent has : Transport/driving (licence),numeric,NOMINAL,-999.0 thru -1.0,"[{""value"": ""-997.0"", ""label"": ""Script error""}, {""value"": ""-996.0"", ""label"": ""No Parent in household""}, {""value"": ""-99.0"", ""label"": ""MP not interviewed""}, {""value"": ""-98.0"", ""label"": ""No SP present""}, {""value"": ""-92.0"", ""label"": ""Refused""}, {""value"": ""-91.0"", ""label"": ""Not applicable""}, {""value"": ""-1.0"", ""label"": ""Don't know""}, {""value"": ""0.0"", ""label"": ""Not mentioned""}, {""value"": ""1.0"", ""label"": ""Mentioned""}]"
280,W4QualSPak,MP: Qualifications second parent has : First aid/health and safety/social care/dental nurse,numeric,NOMINAL,-999.0 thru -1.0,"[{""value"": ""-997.0"", ""label"": ""Script error""}, {""value"": ""-996.0"", ""label"": ""No Parent in household""}, {""value"": ""-99.0"", ""label"": ""MP not interviewed""}, {""value"": ""-98.0"", ""label"": ""No SP present""}, {""value"": ""-92.0"", ""label"": ""Refused""}, {""value"": ""-91.0"", ""label"": ""Not applicable""}, {""value"": ""-1.0"", ""label"": ""Don't know""}, {""value"": ""0.0"", ""label"": ""Not mentioned""}, {""value"": ""1.0"", ""label"": ""Mentioned""}]"
281,W4QualSPal,MP: Qualifications second parent has : Accountancy/banking/finance,numeric,NOMINAL,-999.0 thru -1.0,"[{""value"": ""-997.0"", ""label"": ""Script error""}, {""value"": ""-996.0"", ""label"": ""No Parent in household""}, {""value"": ""-99.0"", ""label"": ""MP not interviewed""}, {""value"": ""-98.0"", ""label"": ""No SP present""}, {""value"": ""-92.0"", ""label"": ""Refused""}, {""value"": ""-91.0"", ""label"": ""Not applicable""}, {""value"": ""-1.0"", ""label"": ""Don't know""}, {""value"": ""0.0"", ""label"": ""Not mentioned""}, {""value"": ""1.0"", ""label"": ""Mentioned""}]"
282,W4QualSPam,MP: Qualifications second parent has : Diploma - non university,numeric,NOMINAL,-999.0 thru -1.0,"[{""value"": ""-997.0"", ""label"": ""Script error""}, {""value"": ""-996.0"", ""label"": ""No Parent in household""}, {""value"": ""-99.0"", ""label"": ""MP not interviewed""}, {""value"": ""-98.0"", ""label"": ""No SP present""}, {""value"": ""-92.0"", ""label"": ""Refused""}, {""value"": ""-91.0"", ""label"": ""Not applicable""}, {""value"": ""-1.0"", ""label"": ""Don't know""}, {""value"": ""0.0"", ""label"": ""Not mentioned""}, {""value"": ""1.0"", ""label"": ""Mentioned""}]"
283,W4QualSPan,MP: Qualifications second parent has : Certificate of Education/Post graduate certificate of education,numeric,NOMINAL,-999.0 thru -1.0,"[{""value"": ""-997.0"", ""label"": ""Script error""}, {""value"": ""-996.0"", ""label"": ""No Parent in household""}, {""value"": ""-99.0"", ""label"": ""MP not interviewed""}, {""value"": ""-98.0"", ""label"": ""No SP present""}, {""value"": ""-92.0"", ""label"": ""Refused""}, {""value"": ""-91.0"", ""label"": ""Not applicable""}, {""value"": ""-1.0"", ""label"": ""Don't know""}, {""value"": ""0.0"", ""label"": ""Not mentioned""}, {""value"": ""1.0"", ""label"": ""Mentioned""}]"
284,W4QualSPao,MP: Qualifications second parent has : Other trade qualifications (plumbing/corgi/electrical/building),numeric,NOMINAL,-999.0 thru -1.0,"[{""value"": ""-997.0"", ""label"": ""Script error""}, {""value"": ""-996.0"", ""label"": ""No Parent in household""}, {""value"": ""-99.0"", ""label"": ""MP not interviewed""}, {""value"": ""-98.0"", ""label"": ""No SP present""}, {""value"": ""-92.0"", ""label"": ""Refused""}, {""value"": ""-91.0"", ""label"": ""Not applicable""}, {""value"": ""-1.0"", ""label"": ""Don't know""}, {""value"": ""0.0"", ""label"": ""Not mentioned""}, {""value"": ""1.0"", ""label"": ""Mentioned""}]"
285,W4QualSPap,MP: Qualifications second parent has : Learning Support/classroom assistant,numeric,NOMINAL,-999.0 thru -1.0,"[{""value"": ""-997.0"", ""label"": ""Script error""}, {""value"": ""-996.0"", ""label"": ""No Parent in household""}, {""value"": ""-99.0"", ""label"": ""MP not interviewed""}, {""value"": ""-98.0"", ""label"": ""No SP present""}, {""value"": ""-92.0"", ""label"": ""Refused""}, {""value"": ""-91.0"", ""label"": ""Not applicable""}, {""value"": ""-1.0"", ""label"": ""Don't know""}, {""value"": ""0.0"", ""label"": ""Not mentioned""}, {""value"": ""1.0"", ""label"": ""Mentioned""}]"
286,W4QualSPaq,MP: Qualifications second parent has : Counselling,numeric,NOMINAL,-999.0 thru -1.0,"[{""value"": ""-997.0"", ""label"": ""Script error""}, {""value"": ""-996.0"", ""label"": ""No Parent in household""}, {""value"": ""-99.0"", ""label"": ""MP not interviewed""}, {""value"": ""-98.0"", ""label"": ""No SP present""}, {""value"": ""-92.0"", ""label"": ""Refused""}, {""value"": ""-91.0"", ""label"": ""Not applicable""}, {""value"": ""-1.0"", ""label"": ""Don't know""}, {""value"": ""0.0"", ""label"": ""Not mentioned""}, {""value"": ""1.0"", ""label"": ""Mentioned""}]"
287,W4QualSPar,MP: Qualifications second parent has : City & Guilds Certificate - level not specified,numeric,NOMINAL,-999.0 thru -1.0,"[{""value"": ""-997.0"", ""label"": ""Script error""}, {""value"": ""-996.0"", ""label"": ""No Parent in household""}, {""value"": ""-99.0"", ""label"": ""MP not interviewed""}, {""value"": ""-98.0"", ""label"": ""No SP present""}, {""value"": ""-92.0"", ""label"": ""Refused""}, {""value"": ""-91.0"", ""label"": ""Not applicable""}, {""value"": ""-1.0"", ""label"": ""Don't know""}, {""value"": ""0.0"", ""label"": ""Not mentioned""}, {""value"": ""1.0"", ""label"": ""Mentioned""}]"
288,W4QualSPas,MP: Qualifications second parent has : NVQ - level not specified,numeric,NOMINAL,-999.0 thru -1.0,"[{""value"": ""-997.0"", ""label"": ""Script error""}, {""value"": ""-996.0"", ""label"": ""No Parent in household""}, {""value"": ""-99.0"", ""label"": ""MP not interviewed""}, {""value"": ""-98.0"", ""label"": ""No SP present""}, {""value"": ""-92.0"", ""label"": ""Refused""}, {""value"": ""-91.0"", ""label"": ""Not applicable""}, {""value"": ""-1.0"", ""label"": ""Don't know""}, {""value"": ""0.0"", ""label"": ""Not mentioned""}, {""value"": ""1.0"", ""label"": ""Mentioned""}]"
289,W4QualSPat,MP: Qualifications second parent has : D32/D33 training assessing,numeric,NOMINAL,-999.0 thru -1.0,"[{""value"": ""-997.0"", ""label"": ""Script error""}, {""value"": ""-996.0"", ""label"": ""No Parent in household""}, {""value"": ""-99.0"", ""label"": ""MP not interviewed""}, {""value"": ""-98.0"", ""label"": ""No SP present""}, {""value"": ""-92.0"", ""label"": ""Refused""}, {""value"": ""-91.0"", ""label"": ""Not applicable""}, {""value"": ""-1.0"", ""label"": ""Don't know""}, {""value"": ""0.0"", ""label"": ""Not mentioned""}, {""value"": ""1.0"", ""label"": ""Mentioned""}]"
290,W4QualSPau,MP: Qualifications second parent has : GNVQ - level not specified,numeric,NOMINAL,-999.0 thru -1.0,"[{""value"": ""-997.0"", ""label"": ""Script error""}, {""value"": ""-996.0"", ""label"": ""No Parent in household""}, {""value"": ""-99.0"", ""label"": ""MP not interviewed""}, {""value"": ""-98.0"", ""label"": ""No SP present""}, {""value"": ""-92.0"", ""label"": ""Refused""}, {""value"": ""-91.0"", ""label"": ""Not applicable""}, {""value"": ""-1.0"", ""label"": ""Don't know""}, {""value"": ""0.0"", ""label"": ""Not mentioned""}, {""value"": ""1.0"", ""label"": ""Mentioned""}]"
291,W4QualSPav,MP: Qualifications second parent has : Other,numeric,NOMINAL,-999.0 thru -1.0,"[{""value"": ""-997.0"", ""label"": ""Script error""}, {""value"": ""-996.0"", ""label"": ""No Parent in household""}, {""value"": ""-99.0"", ""label"": ""MP not interviewed""}, {""value"": ""-98.0"", ""label"": ""No SP present""}, {""value"": ""-92.0"", ""label"": ""Refused""}, {""value"": ""-91.0"", ""label"": ""Not applicable""}, {""value"": ""-1.0"", ""label"": ""Don't know""}, {""value"": ""0.0"", ""label"": ""Not mentioned""}, {""value"": ""1.0"", ""label"": ""Mentioned""}]"
292,W4QualSPaw,MP: Qualifications second parent has : None,numeric,NOMINAL,-999.0 thru -1.0,"[{""value"": ""-997.0"", ""label"": ""Script error""}, {""value"": ""-996.0"", ""label"": ""No parent in household""}, {""value"": ""-99.0"", ""label"": ""MP not interviewed""}, {""value"": ""-98.0"", ""label"": ""No SP present""}, {""value"": ""-91.0"", ""label"": ""Not applicable""}, {""value"": ""0.0"", ""label"": ""Not mentioned""}, {""value"": ""1.0"", ""label"": ""Mentioned""}]"
293,W4QualSPax,MP: Qualifications second parent has : Don't Know,numeric,NOMINAL,-999.0 thru -1.0,"[{""value"": ""-997.0"", ""label"": ""Script error""}, {""value"": ""-996.0"", ""label"": ""No Parent in household""}, {""value"": ""-99.0"", ""label"": ""MP not interviewed""}, {""value"": ""-98.0"", ""label"": ""No SP present""}, {""value"": ""-92.0"", ""label"": ""Refused""}, {""value"": ""-91.0"", ""label"": ""Not applicable""}, {""value"": ""-1.0"", ""label"": ""Don't know""}, {""value"": ""0.0"", ""label"": ""Not mentioned""}, {""value"": ""1.0"", ""label"": ""Mentioned""}]"
294,W4ApprentSP,MP: Whether second parent has completed a recognised trade apprenticeship,numeric,NOMINAL,-999.0 thru -1.0,"[{""value"": ""-997.0"", ""label"": ""Script error""}, {""value"": ""-996.0"", ""label"": ""No Parent in household""}, {""value"": ""-99.0"", ""label"": ""MP not interviewed""}, {""value"": ""-98.0"", ""label"": ""No SP present""}, {""value"": ""-92.0"", ""label"": ""Refused""}, {""value"": ""-91.0"", ""label"": ""Not applicable""}, {""value"": ""-1.0"", ""label"": ""Don't know""}, {""value"": ""1.0"", ""label"": ""Yes, here in Britain""}, {""value"": ""2.0"", ""label"": ""Yes, overseas""}, {""value"": ""3.0"", ""label"": ""No""}]"
295,W4OversSP,MP: Whether second parent has an overseas qualifications,numeric,NOMINAL,-999.0 thru -1.0,"[{""value"": ""-997.0"", ""label"": ""Script error""}, {""value"": ""-996.0"", ""label"": ""No Parent in household""}, {""value"": ""-99.0"", ""label"": ""MP not interviewed""}, {""value"": ""-98.0"", ""label"": ""No SP present""}, {""value"": ""-91.0"", ""label"": ""Not applicable""}, {""value"": ""-1.0"", ""label"": ""Don't know""}, {""value"": ""1.0"", ""label"": ""Yes""}, {""value"": ""2.0"", ""label"": ""No""}]"
296,W4OtypeSP,MP: Second parent's overseas qualification type,numeric,NOMINAL,-999.0 thru -1.0,"[{""value"": ""-997.0"", ""label"": ""Script error""}, {""value"": ""-996.0"", ""label"": ""No Parent in household""}, {""value"": ""-99.0"", ""label"": ""MP not interviewed""}, {""value"": ""-98.0"", ""label"": ""No SP present""}, {""value"": ""-91.0"", ""label"": ""Not applicable""}, {""value"": ""-1.0"", ""label"": ""Don't know""}, {""value"": ""1.0"", ""label"": ""School exam - Below University Entrance Level""}, {""value"": ""2.0"", ""label"": ""School exam - University Entrance Level""}, {""value"": ""3.0"", ""label"": ""First Degree from University or similar institution""}, {""value"": ""4.0"", ""label"": ""Higher Degree""}, {""value"": ""5.0"", ""label"": ""Commercial qualifications""}, {""value"": ""6.0"", ""label"": ""Any other vocational or work related qualification""}, {""value"": ""7.0"", ""label"": ""Some other sort of qualification""}]"
297,W4Ed3SP,MP: Whether SP's father ever went to university and got a degree,numeric,NOMINAL,-999.0 thru -1.0,"[{""value"": ""-997.0"", ""label"": ""Script error""}, {""value"": ""-996.0"", ""label"": ""No Parent in household""}, {""value"": ""-99.0"", ""label"": ""MP not interviewed""}, {""value"": ""-98.0"", ""label"": ""No SP present""}, {""value"": ""-92.0"", ""label"": ""Refused""}, {""value"": ""-91.0"", ""label"": ""Not applicable""}, {""value"": ""-1.0"", ""label"": ""Don't know""}, {""value"": ""1.0"", ""label"": ""Yes""}, {""value"": ""2.0"", ""label"": ""No""}]"
298,W4Ed4SP,MP: Whether SP's mother ever went to university and got a degree,numeric,NOMINAL,-999.0 thru -1.0,"[{""value"": ""-997.0"", ""label"": ""Script error""}, {""value"": ""-996.0"", ""label"": ""No Parent in household""}, {""value"": ""-99.0"", ""label"": ""MP not interviewed""}, {""value"": ""-98.0"", ""label"": ""No SP present""}, {""value"": ""-92.0"", ""label"": ""Refused""}, {""value"": ""-91.0"", ""label"": ""Not applicable""}, {""value"": ""-1.0"", ""label"": ""Don't know""}, {""value"": ""1.0"", ""label"": ""Yes""}, {""value"": ""2.0"", ""label"": ""No""}]"
299,W4IncSourMP0a,MP: Income sources for MP and partner : Earnings from employment or self employment,numeric,NOMINAL,-999.0 thru -1.0,"[{""value"": ""-996.0"", ""label"": ""No Parent in household""}, {""value"": ""-99.0"", ""label"": ""MP not interviewed""}, {""value"": ""-92.0"", ""label"": ""Refused""}, {""value"": ""-91.0"", ""label"": ""Not applicable""}, {""value"": ""-1.0"", ""label"": ""Don't know""}, {""value"": ""0.0"", ""label"": ""Not mentioned""}, {""value"": ""1.0"", ""label"": ""Mentioned""}]"
300,W4IncSourMP0b,MP: Income sources for MP and partner : Pensions from a former employer,numeric,NOMINAL,-999.0 thru -1.0,"[{""value"": ""-996.0"", ""label"": ""No Parent in household""}, {""value"": ""-99.0"", ""label"": ""MP not interviewed""}, {""value"": ""-92.0"", ""label"": ""Refused""}, {""value"": ""-91.0"", ""label"": ""Not applicable""}, {""value"": ""-1.0"", ""label"": ""Don't know""}, {""value"": ""0.0"", ""label"": ""Not mentioned""}, {""value"": ""1.0"", ""label"": ""Mentioned""}]"
301,W4IncSourMP0c,MP: Income sources for MP and partner : State Pension,numeric,NOMINAL,-999.0 thru -1.0,"[{""value"": ""-996.0"", ""label"": ""No Parent in household""}, {""value"": ""-99.0"", ""label"": ""MP not interviewed""}, {""value"": ""-92.0"", ""label"": ""Refused""}, {""value"": ""-91.0"", ""label"": ""Not applicable""}, {""value"": ""-1.0"", ""label"": ""Don't know""}, {""value"": ""0.0"", ""label"": ""Not mentioned""}, {""value"": ""1.0"", ""label"": ""Mentioned""}]"
302,W4IncSourMP0d,MP: Income sources for MP and partner : Child Benefit,numeric,NOMINAL,-999.0 thru -1.0,"[{""value"": ""-996.0"", ""label"": ""No Parent in household""}, {""value"": ""-99.0"", ""label"": ""MP not interviewed""}, {""value"": ""-92.0"", ""label"": ""Refused""}, {""value"": ""-91.0"", ""label"": ""Not applicable""}, {""value"": ""-1.0"", ""label"": ""Don't know""}, {""value"": ""0.0"", ""label"": ""Not mentioned""}, {""value"": ""1.0"", ""label"": ""Mentioned""}]"
303,W4IncSourMP0e,MP: Income sources for MP and partner : Income Support,numeric,NOMINAL,-999.0 thru -1.0,"[{""value"": ""-996.0"", ""label"": ""No Parent in household""}, {""value"": ""-99.0"", ""label"": ""MP not interviewed""}, {""value"": ""-92.0"", ""label"": ""Refused""}, {""value"": ""-91.0"", ""label"": ""Not applicable""}, {""value"": ""-1.0"", ""label"": ""Don't know""}, {""value"": ""0.0"", ""label"": ""Not mentioned""}, {""value"": ""1.0"", ""label"": ""Mentioned""}]"
304,W4IncSourMP0f,MP: Income sources for MP and partner : Other State Benefits,numeric,NOMINAL,-999.0 thru -1.0,"[{""value"": ""-996.0"", ""label"": ""No Parent in household""}, {""value"": ""-99.0"", ""label"": ""MP not interviewed""}, {""value"": ""-92.0"", ""label"": ""Refused""}, {""value"": ""-91.0"", ""label"": ""Not applicable""}, {""value"": ""-1.0"", ""label"": ""Don't know""}, {""value"": ""0.0"", ""label"": ""Not mentioned""}, {""value"": ""1.0"", ""label"": ""Mentioned""}]"
305,W4IncSourMP0g,MP: Income sources for MP and partner : Tax Credits,numeric,NOMINAL,-999.0 thru -1.0,"[{""value"": ""-996.0"", ""label"": ""No Parent in household""}, {""value"": ""-99.0"", ""label"": ""MP not interviewed""}, {""value"": ""-92.0"", ""label"": ""Refused""}, {""value"": ""-91.0"", ""label"": ""Not applicable""}, {""value"": ""-1.0"", ""label"": ""Don't know""}, {""value"": ""0.0"", ""label"": ""Not mentioned""}, {""value"": ""1.0"", ""label"": ""Mentioned""}]"
306,W4IncSourMP0h,MP: Income sources for MP and partner : Interest from savings etc,numeric,NOMINAL,-999.0 thru -1.0,"[{""value"": ""-996.0"", ""label"": ""No Parent in household""}, {""value"": ""-99.0"", ""label"": ""MP not interviewed""}, {""value"": ""-92.0"", ""label"": ""Refused""}, {""value"": ""-91.0"", ""label"": ""Not applicable""}, {""value"": ""-1.0"", ""label"": ""Don't know""}, {""value"": ""0.0"", ""label"": ""Not mentioned""}, {""value"": ""1.0"", ""label"": ""Mentioned""}]"
307,W4IncSourMP0i,MP: Income sources for MP and partner : Other kinds of regular allowance from outside the household,numeric,NOMINAL,-999.0 thru -1.0,"[{""value"": ""-996.0"", ""label"": ""No Parent in household""}, {""value"": ""-99.0"", ""label"": ""MP not interviewed""}, {""value"": ""-92.0"", ""label"": ""Refused""}, {""value"": ""-91.0"", ""label"": ""Not applicable""}, {""value"": ""-1.0"", ""label"": ""Don't know""}, {""value"": ""0.0"", ""label"": ""Not mentioned""}, {""value"": ""1.0"", ""label"": ""Mentioned""}]"
308,W4IncSourMP0j,MP: Income sources for MP and partner : Other sources eg. rent,numeric,NOMINAL,-999.0 thru -1.0,"[{""value"": ""-996.0"", ""label"": ""No Parent in household""}, {""value"": ""-99.0"", ""label"": ""MP not interviewed""}, {""value"": ""-92.0"", ""label"": ""Refused""}, {""value"": ""-91.0"", ""label"": ""Not applicable""}, {""value"": ""-1.0"", ""label"": ""Don't know""}, {""value"": ""0.0"", ""label"": ""Not mentioned""}, {""value"": ""1.0"", ""label"": ""Mentioned""}]"
309,W4IncSourMP0k,MP: Income sources for MP and partner : No source of income,numeric,NOMINAL,-999.0 thru -1.0,"[{""value"": ""-996.0"", ""label"": ""No Parent in household""}, {""value"": ""-99.0"", ""label"": ""MP not interviewed""}, {""value"": ""-92.0"", ""label"": ""Refused""}, {""value"": ""-91.0"", ""label"": ""Not applicable""}, {""value"": ""-1.0"", ""label"": ""Don't know""}, {""value"": ""0.0"", ""label"": ""Not mentioned""}, {""value"": ""1.0"", ""label"": ""Mentioned""}]"
310,W4IncSourMP0l,MP: Income sources for MP and partner : Refusal,numeric,NOMINAL,-999.0 thru -1.0,"[{""value"": ""-996.0"", ""label"": ""No Parent in household""}, {""value"": ""-99.0"", ""label"": ""MP not interviewed""}, {""value"": ""-92.0"", ""label"": ""Refused""}, {""value"": ""-91.0"", ""label"": ""Not applicable""}, {""value"": ""-1.0"", ""label"": ""Don't know""}, {""value"": ""0.0"", ""label"": ""Not mentioned""}, {""value"": ""1.0"", ""label"": ""Mentioned""}]"
311,W4IncSourMP0m,MP: Income sources for MP and partner : Don't know,numeric,NOMINAL,-999.0 thru -1.0,"[{""value"": ""-996.0"", ""label"": ""No Parent in household""}, {""value"": ""-99.0"", ""label"": ""MP not interviewed""}, {""value"": ""-92.0"", ""label"": ""Refused""}, {""value"": ""-91.0"", ""label"": ""Not applicable""}, {""value"": ""-1.0"", ""label"": ""Don't know""}, {""value"": ""0.0"", ""label"": ""Not mentioned""}, {""value"": ""1.0"", ""label"": ""Mentioned""}]"
312,W4CBChkMP,MP: Check whether Child Benefit is received,numeric,NOMINAL,-999.0 thru -1.0,"[{""value"": ""-996.0"", ""label"": ""No Parent in household""}, {""value"": ""-99.0"", ""label"": ""MP not interviewed""}, {""value"": ""-92.0"", ""label"": ""Refused""}, {""value"": ""-91.0"", ""label"": ""Not applicable""}, {""value"": ""-1.0"", ""label"": ""Don't know""}, {""value"": ""1.0"", ""label"": ""Yes""}, {""value"": ""2.0"", ""label"": ""No""}]"
313,W4Inc1EstMP,"MP: Total gross income for both parents, banded (£)",numeric,ORDINAL,-999.0 thru -1.0,"[{""value"": ""-996.0"", ""label"": ""No Parent in household""}, {""value"": ""-99.0"", ""label"": ""MP not interviewed""}, {""value"": ""-92.0"", ""label"": ""Refused""}, {""value"": ""-91.0"", ""label"": ""Not applicable""}, {""value"": ""-1.0"", ""label"": ""Don't know""}, {""value"": ""1.0"", ""label"": ""Up to £2,599""}, {""value"": ""2.0"", ""label"": ""£2,600 up to £5,199""}, {""value"": ""3.0"", ""label"": ""£5,200 up to £10,399""}, {""value"": ""4.0"", ""label"": ""£10,400 up to £15,599""}, {""value"": ""5.0"", ""label"": ""£15,600 up to £20,799""}, {""value"": ""6.0"", ""label"": ""£20,800 up to £25,999""}, {""value"": ""7.0"", ""label"": ""£26,000 up to £31,199""}, {""value"": ""8.0"", ""label"": ""£31,200 up to £36,399""}, {""value"": ""9.0"", ""label"": ""£36,400 up to £41,599""}, {""value"": ""10.0"", ""label"": ""£41,600 up to £46,799""}, {""value"": ""11.0"", ""label"": ""£46,800 up to £51,999""}, {""value"": ""12.0"", ""label"": ""£52,000 or more""}]"
314,W4PRelig1MP,MP: MP's religion,numeric,NOMINAL,-999.0 thru -1.0,"[{""value"": ""-996.0"", ""label"": ""No Parent in household""}, {""value"": ""-99.0"", ""label"": ""MP not interviewed""}, {""value"": ""-92.0"", ""label"": ""Refused""}, {""value"": ""-91.0"", ""label"": ""Not applicable""}, {""value"": ""-1.0"", ""label"": ""Don't know""}, {""value"": ""1.0"", ""label"": ""None""}, {""value"": ""2.0"", ""label"": ""Christian""}, {""value"": ""3.0"", ""label"": ""Buddhist""}, {""value"": ""4.0"", ""label"": ""Hindu""}, {""value"": ""5.0"", ""label"": ""Jewish""}, {""value"": ""6.0"", ""label"": ""Muslim""}, {""value"": ""7.0"", ""label"": ""Sikh""}, {""value"": ""8.0"", ""label"": ""Another religion""}]"
315,W4PRelig2MP,MP: MP's Christian denomination,numeric,NOMINAL,-999.0 thru -1.0,"[{""value"": ""-996.0"", ""label"": ""No Parent in household""}, {""value"": ""-99.0"", ""label"": ""MP not interviewed""}, {""value"": ""-92.0"", ""label"": ""Refused""}, {""value"": ""-91.0"", ""label"": ""Not applicable""}, {""value"": ""-1.0"", ""label"": ""Don't know""}, {""value"": ""1.0"", ""label"": ""Roman Catholic""}, {""value"": ""2.0"", ""label"": ""Church of England""}, {""value"": ""3.0"", ""label"": ""Methodist""}, {""value"": ""4.0"", ""label"": ""United Reformed/ Presbyterian/ Congregational""}, {""value"": ""5.0"", ""label"": ""Baptist""}, {""value"": ""6.0"", ""label"": ""Other Christian""}]"
316,W4PRelig3MP,MP: Importance of religion to MP's way of life,numeric,NOMINAL,-999.0 thru -1.0,"[{""value"": ""-996.0"", ""label"": ""No Parent in household""}, {""value"": ""-99.0"", ""label"": ""MP not interviewed""}, {""value"": ""-92.0"", ""label"": ""Refused""}, {""value"": ""-91.0"", ""label"": ""Not applicable""}, {""value"": ""-1.0"", ""label"": ""Don't know""}, {""value"": ""1.0"", ""label"": ""Very important""}, {""value"": ""2.0"", ""label"": ""Fairly important""}, {""value"": ""3.0"", ""label"": ""Not very important""}, {""value"": ""4.0"", ""label"": ""Not at all important""}]"
317,W4AccTypeMP,Admin: Interviewer code MP type of accommodation,numeric,NOMINAL,-999.0 thru -1.0,"[{""value"": ""-996.0"", ""label"": ""No Parent in household""}, {""value"": ""-99.0"", ""label"": ""MP not interviewed""}, {""value"": ""-92.0"", ""label"": ""Refused""}, {""value"": ""-91.0"", ""label"": ""Not applicable""}, {""value"": ""-1.0"", ""label"": ""Don't know""}, {""value"": ""1.0"", ""label"": ""Detached house/ bungalow""}, {""value"": ""2.0"", ""label"": ""Semi-detached house/ bungalow""}, {""value"": ""3.0"", ""label"": ""Terrace house/ end terrace""}, {""value"": ""4.0"", ""label"": ""Purpose-built flat/ maisonette""}, {""value"": ""5.0"", ""label"": ""Self-contained flat/ maisonette in converted building""}, {""value"": ""6.0"", ""label"": ""Room(s) not self contained""}, {""value"": ""7.0"", ""label"": ""Caravan/ mobile home/ houseboat""}, {""value"": ""8.0"", ""label"": ""Other""}]"
318,W4WhoPreMP0a,Admin: Who else present during MP section: No-one else present,numeric,NOMINAL,-999.0 thru -1.0,"[{""value"": ""-996.0"", ""label"": ""No Parent in household""}, {""value"": ""-99.0"", ""label"": ""MP not interviewed""}, {""value"": ""-92.0"", ""label"": ""Refused""}, {""value"": ""-91.0"", ""label"": ""Not applicable""}, {""value"": ""-1.0"", ""label"": ""Don't know""}, {""value"": ""0.0"", ""label"": ""Not mentioned""}, {""value"": ""1.0"", ""label"": ""Mentioned""}]"
319,W4WhoPreMP0b,"Admin: Who else present during MP section: Respondent's partner, husband, wife",numeric,NOMINAL,-999.0 thru -1.0,"[{""value"": ""-996.0"", ""label"": ""No Parent in household""}, {""value"": ""-99.0"", ""label"": ""MP not interviewed""}, {""value"": ""-92.0"", ""label"": ""Refused""}, {""value"": ""-91.0"", ""label"": ""Not applicable""}, {""value"": ""-1.0"", ""label"": ""Don't know""}, {""value"": ""0.0"", ""label"": ""Not mentioned""}, {""value"": ""1.0"", ""label"": ""Mentioned""}]"
320,W4WhoPreMP0c,Admin: Who else present during MP section: Sampled young person,numeric,NOMINAL,-999.0 thru -1.0,"[{""value"": ""-996.0"", ""label"": ""No Parent in household""}, {""value"": ""-99.0"", ""label"": ""MP not interviewed""}, {""value"": ""-92.0"", ""label"": ""Refused""}, {""value"": ""-91.0"", ""label"": ""Not applicable""}, {""value"": ""-1.0"", ""label"": ""Don't know""}, {""value"": ""0.0"", ""label"": ""Not mentioned""}, {""value"": ""1.0"", ""label"": ""Mentioned""}]"
321,W4WhoPreMP0d,Admin: Who else present during MP section: Other adult living in household,numeric,NOMINAL,-999.0 thru -1.0,"[{""value"": ""-996.0"", ""label"": ""No Parent in household""}, {""value"": ""-99.0"", ""label"": ""MP not interviewed""}, {""value"": ""-92.0"", ""label"": ""Refused""}, {""value"": ""-91.0"", ""label"": ""Not applicable""}, {""value"": ""-1.0"", ""label"": ""Don't know""}, {""value"": ""0.0"", ""label"": ""Not mentioned""}, {""value"": ""1.0"", ""label"": ""Mentioned""}]"
322,W4WhoPreMP0e,Admin: Who else present during MP section: Other young person living in household,numeric,NOMINAL,-999.0 thru -1.0,"[{""value"": ""-996.0"", ""label"": ""No Parent in household""}, {""value"": ""-99.0"", ""label"": ""MP not interviewed""}, {""value"": ""-92.0"", ""label"": ""Refused""}, {""value"": ""-91.0"", ""label"": ""Not applicable""}, {""value"": ""-1.0"", ""label"": ""Don't know""}, {""value"": ""0.0"", ""label"": ""Not mentioned""}, {""value"": ""1.0"", ""label"": ""Mentioned""}]"
323,W4WhoPreMP0f,Admin: Who else present during MP section: Other adult/young person not living in household,numeric,NOMINAL,-999.0 thru -1.0,"[{""value"": ""-996.0"", ""label"": ""No Parent in household""}, {""value"": ""-99.0"", ""label"": ""MP not interviewed""}, {""value"": ""-92.0"", ""label"": ""Refused""}, {""value"": ""-91.0"", ""label"": ""Not applicable""}, {""value"": ""-1.0"", ""label"": ""Don't know""}, {""value"": ""0.0"", ""label"": ""Not mentioned""}, {""value"": ""1.0"", ""label"": ""Mentioned""}]"
324,W4fatherID,DV: Household identifier of YP's father,numeric,NOMINAL,-999.0 thru -1.0,"[{""value"": ""-999.0"", ""label"": ""Missing household data""}, {""value"": ""-98.0"", ""label"": ""Father not present""}]"
325,W4motherID,DV: Household identifier of YP's mother,numeric,NOMINAL,-999.0 thru -1.0,"[{""value"": ""-999.0"", ""label"": ""Missing household data""}, {""value"": ""-98.0"", ""label"": ""Mother not present""}]"
326,W4relMP,DV: Main parent's relationship to young person,numeric,SCALE,-999.0 thru -1.0,"[{""value"": ""-999.0"", ""label"": ""Household grid missing""}, {""value"": ""-98.0"", ""label"": ""MP not in household""}, {""value"": ""-94.0"", ""label"": ""Insufficient information""}, {""value"": ""-91.0"", ""label"": ""Not applicable""}, {""value"": ""-1.0"", ""label"": ""Don't know""}, {""value"": ""1.0"", ""label"": ""Husband/wife""}, {""value"": ""8.0"", ""label"": ""Natural parent""}, {""value"": ""9.0"", ""label"": ""Adoptive parent""}, {""value"": ""10.0"", ""label"": ""Foster parent""}, {""value"": ""11.0"", ""label"": ""Step-parent""}, {""value"": ""12.0"", ""label"": ""Parent-in-law/ Partner's parent""}, {""value"": ""13.0"", ""label"": ""Natural brother/ sister""}, {""value"": ""14.0"", ""label"": ""Half-brother/ -sister""}, {""value"": ""15.0"", ""label"": ""Step-brother/ -sister""}, {""value"": ""16.0"", ""label"": ""Adopted brother/ sister""}, {""value"": ""17.0"", ""label"": ""Foster brother/ Foster sister""}, {""value"": ""18.0"", ""label"": ""Brother-in-law/ Sister-in-law""}, {""value"": ""20.0"", ""label"": ""Grandparent""}, {""value"": ""21.0"", ""label"": ""Other relative""}, {""value"": ""22.0"", ""label"": ""Other non-relative""}]"
327,W4relSP,DV: Second parent's relationship to young person,numeric,SCALE,-999.0 thru -1.0,"[{""value"": ""-999.0"", ""label"": ""Household grid missing""}, {""value"": ""-98.0"", ""label"": ""SP not present""}, {""value"": ""-94.0"", ""label"": ""Insufficient information""}, {""value"": ""-92.0"", ""label"": ""Refused""}, {""value"": ""-91.0"", ""label"": ""Not applicable""}, {""value"": ""-1.0"", ""label"": ""Don't know""}, {""value"": ""8.0"", ""label"": ""Natural parent""}, {""value"": ""9.0"", ""label"": ""Adoptive parent""}, {""value"": ""10.0"", ""label"": ""Foster parent""}, {""value"": ""11.0"", ""label"": ""Step-parent""}, {""value"": ""12.0"", ""label"": ""Parent-in-law/ Partner's parent""}, {""value"": ""13.0"", ""label"": ""Natural brother/ sister""}, {""value"": ""14.0"", ""label"": ""Half-brother/ -sister""}, {""value"": ""15.0"", ""label"": ""Step-brother/ -sister""}, {""value"": ""16.0"", ""label"": ""Adopted brother/ sister""}, {""value"": ""17.0"", ""label"": ""Foster brother/ Foster sister""}, {""value"": ""18.0"", ""label"": ""Brother-in-law/ Sister-in-law""}, {""value"": ""20.0"", ""label"": ""Grandparent""}, {""value"": ""21.0"", ""label"": ""Other relative""}, {""value"": ""22.0"", ""label"": ""Other non-relative""}]"
328,W4ageMP,DV: Age of main parent,numeric,SCALE,-999.0 thru -1.0,"[{""value"": ""-999.0"", ""label"": ""Household grid missing""}, {""value"": ""-98.0"", ""label"": ""MP not in household""}, {""value"": ""-94.0"", ""label"": ""Insufficient information""}, {""value"": ""-92.0"", ""label"": ""Refused""}, {""value"": ""-91.0"", ""label"": ""Not applicable""}]"
329,W4ageSP,DV: Age of second parent,numeric,SCALE,-999.0 thru -1.0,"[{""value"": ""-999.0"", ""label"": ""Household grid missing""}, {""value"": ""-98.0"", ""label"": ""SP not present""}, {""value"": ""-94.0"", ""label"": ""Insufficient information""}, {""value"": ""-92.0"", ""label"": ""Refused""}, {""value"": ""-91.0"", ""label"": ""Not applicable""}]"
330,W4agemum,DV: Age of YP's mother,numeric,SCALE,-999.0 thru -1.0,"[{""value"": ""-999.0"", ""label"": ""Household grid missing""}, {""value"": ""-94.0"", ""label"": ""Insufficient information""}, {""value"": ""-92.0"", ""label"": ""Refused""}, {""value"": ""-91.0"", ""label"": ""Not applicable""}]"
331,W4agedad,DV: Age of YP's father,numeric,SCALE,-999.0 thru -1.0,"[{""value"": ""-999.0"", ""label"": ""Household grid missing""}, {""value"": ""-94.0"", ""label"": ""Insufficient information""}, {""value"": ""-92.0"", ""label"": ""Refused""}, {""value"": ""-91.0"", ""label"": ""Not applicable""}]"
332,W4agebd5MP,DV: Age of main parent (5 year bands),numeric,ORDINAL,-999.0 thru -1.0,"[{""value"": ""-999.0"", ""label"": ""Household grid missing""}, {""value"": ""-98.0"", ""label"": ""MP not in household""}, {""value"": ""-94.0"", ""label"": ""Insufficient information""}, {""value"": ""-91.0"", ""label"": ""Not applicable""}, {""value"": ""1.0"", ""label"": ""16 - 24""}, {""value"": ""2.0"", ""label"": ""25 - 29""}, {""value"": ""3.0"", ""label"": ""30 - 34""}, {""value"": ""4.0"", ""label"": ""35 - 39""}, {""value"": ""5.0"", ""label"": ""40 - 44""}, {""value"": ""6.0"", ""label"": ""45 - 49""}, {""value"": ""7.0"", ""label"": ""50 - 54""}, {""value"": ""8.0"", ""label"": ""55 - 59""}, {""value"": ""9.0"", ""label"": ""60 - 64""}, {""value"": ""10.0"", ""label"": ""65 - 70""}, {""value"": ""11.0"", ""label"": ""70+""}]"
333,W4agebd5SP,DV: Age of second parent (5 year bands),numeric,ORDINAL,-999.0 thru -1.0,"[{""value"": ""-999.0"", ""label"": ""Household grid missing""}, {""value"": ""-98.0"", ""label"": ""SP not present""}, {""value"": ""-94.0"", ""label"": ""Insufficient information""}, {""value"": ""-91.0"", ""label"": ""Not applicable""}, {""value"": ""1.0"", ""label"": ""16 - 24""}, {""value"": ""2.0"", ""label"": ""25 - 29""}, {""value"": ""3.0"", ""label"": ""30 - 34""}, {""value"": ""4.0"", ""label"": ""35 - 39""}, {""value"": ""5.0"", ""label"": ""40 - 44""}, {""value"": ""6.0"", ""label"": ""45 - 49""}, {""value"": ""7.0"", ""label"": ""50 - 54""}, {""value"": ""8.0"", ""label"": ""55 - 59""}, {""value"": ""9.0"", ""label"": ""60 - 64""}, {""value"": ""10.0"", ""label"": ""65 - 70""}, {""value"": ""11.0"", ""label"": ""70+""}]"
334,W4agebd5mum,DV: Age of YP's mother (5 year bands),numeric,ORDINAL,-999.0 thru -1.0,"[{""value"": ""-999.0"", ""label"": ""Household grid missing""}, {""value"": ""-94.0"", ""label"": ""Insufficient information""}, {""value"": ""-91.0"", ""label"": ""Not applicable""}, {""value"": ""1.0"", ""label"": ""16 - 24""}, {""value"": ""2.0"", ""label"": ""25 - 29""}, {""value"": ""3.0"", ""label"": ""30 - 34""}, {""value"": ""4.0"", ""label"": ""35 - 39""}, {""value"": ""5.0"", ""label"": ""40 - 44""}, {""value"": ""6.0"", ""label"": ""45 - 49""}, {""value"": ""7.0"", ""label"": ""50 - 54""}, {""value"": ""8.0"", ""label"": ""55 - 59""}, {""value"": ""9.0"", ""label"": ""60 - 64""}, {""value"": ""10.0"", ""label"": ""65 - 70""}, {""value"": ""11.0"", ""label"": ""70+""}]"
335,W4agebd5dad,DV: Age of YP's father (5 year bands),numeric,ORDINAL,-999.0 thru -1.0,"[{""value"": ""-999.0"", ""label"": ""Household grid missing""}, {""value"": ""-94.0"", ""label"": ""Insufficient information""}, {""value"": ""-91.0"", ""label"": ""Not applicable""}, {""value"": ""1.0"", ""label"": ""16 - 24""}, {""value"": ""2.0"", ""label"": ""25 - 29""}, {""value"": ""3.0"", ""label"": ""30 - 34""}, {""value"": ""4.0"", ""label"": ""35 - 39""}, {""value"": ""5.0"", ""label"": ""40 - 44""}, {""value"": ""6.0"", ""label"": ""45 - 49""}, {""value"": ""7.0"", ""label"": ""50 - 54""}, {""value"": ""8.0"", ""label"": ""55 - 59""}, {""value"": ""9.0"", ""label"": ""60 - 64""}, {""value"": ""10.0"", ""label"": ""65 - 70""}, {""value"": ""11.0"", ""label"": ""70+""}]"
336,W4agebd10MP,DV: Age of MP (10 year bands),numeric,ORDINAL,-999.0 thru -1.0,"[{""value"": ""-999.0"", ""label"": ""Household grid missing""}, {""value"": ""-98.0"", ""label"": ""MP not in household""}, {""value"": ""-94.0"", ""label"": ""Insufficient information""}, {""value"": ""-91.0"", ""label"": ""Not applicable""}, {""value"": ""1.0"", ""label"": ""16 - 24""}, {""value"": ""2.0"", ""label"": ""25 - 34""}, {""value"": ""3.0"", ""label"": ""35 - 44""}, {""value"": ""4.0"", ""label"": ""45 - 54""}, {""value"": ""5.0"", ""label"": ""55 - 64""}, {""value"": ""6.0"", ""label"": ""65+""}]"
337,W4agebd10SP,DV: Age of SP (10 year bands),numeric,ORDINAL,-999.0 thru -1.0,"[{""value"": ""-999.0"", ""label"": ""Household grid missing""}, {""value"": ""-98.0"", ""label"": ""SP not present""}, {""value"": ""-94.0"", ""label"": ""Insufficient information""}, {""value"": ""-91.0"", ""label"": ""Not applicable""}, {""value"": ""1.0"", ""label"": ""16 - 24""}, {""value"": ""2.0"", ""label"": ""25 - 34""}, {""value"": ""3.0"", ""label"": ""35 - 44""}, {""value"": ""4.0"", ""label"": ""45 - 54""}, {""value"": ""5.0"", ""label"": ""55 - 64""}, {""value"": ""6.0"", ""label"": ""65+""}]"
338,W4agebd10mum,DV: Age of YP's mother (10 year bands),numeric,ORDINAL,-999.0 thru -1.0,"[{""value"": ""-999.0"", ""label"": ""Household grid missing""}, {""value"": ""-94.0"", ""label"": ""Insufficient information""}, {""value"": ""-91.0"", ""label"": ""Not applicable""}, {""value"": ""1.0"", ""label"": ""16 - 24""}, {""value"": ""2.0"", ""label"": ""25 - 34""}, {""value"": ""3.0"", ""label"": ""35 - 44""}, {""value"": ""4.0"", ""label"": ""45 - 54""}, {""value"": ""5.0"", ""label"": ""55 - 64""}, {""value"": ""6.0"", ""label"": ""65+""}]"
339,W4agebd10dad,DV: Age of YP's father (10 year bands),numeric,ORDINAL,-999.0 thru -1.0,"[{""value"": ""-999.0"", ""label"": ""Household grid missing""}, {""value"": ""-94.0"", ""label"": ""Insufficient information""}, {""value"": ""-91.0"", ""label"": ""Not applicable""}, {""value"": ""1.0"", ""label"": ""16 - 24""}, {""value"": ""2.0"", ""label"": ""25 - 34""}, {""value"": ""3.0"", ""label"": ""35 - 44""}, {""value"": ""4.0"", ""label"": ""45 - 54""}, {""value"": ""5.0"", ""label"": ""55 - 64""}, {""value"": ""6.0"", ""label"": ""65+""}]"
340,W4depkids,DV: No of dependent children in household,numeric,SCALE,-999.0 thru -1.0,"[{""value"": ""-999.0"", ""label"": ""Household grid missing""}, {""value"": ""-94.0"", ""label"": ""Insufficient information""}]"
341,W4ch0_2HH,DV: Number of children aged 0 - 2 in household,numeric,SCALE,-999.0 thru -1.0,"[{""value"": ""-999.0"", ""label"": ""Household grid missing""}, {""value"": ""-94.0"", ""label"": ""Insufficient information""}]"
342,W4ch3_11HH,DV: Number of children aged 3 - 11 in household,numeric,SCALE,-999.0 thru -1.0,"[{""value"": ""-999.0"", ""label"": ""Household grid missing""}, {""value"": ""-94.0"", ""label"": ""Insufficient information""}]"
343,W4ch12_15HH,DV: Number of children aged 12 - 15 in household,numeric,SCALE,-999.0 thru -1.0,"[{""value"": ""-999.0"", ""label"": ""Household grid missing""}, {""value"": ""-94.0"", ""label"": ""Insufficient information""}]"
344,W4ch16_17HH,DV: Number of children aged 16 - 17 in household,numeric,SCALE,-999.0 thru -1.0,"[{""value"": ""-999.0"", ""label"": ""Household grid missing""}, {""value"": ""-94.0"", ""label"": ""Insufficient information""}]"
345,w4famtyp,DV: Family composition,numeric,SCALE,-999.0 thru -1.0,"[{""value"": ""-999.0"", ""label"": ""Missing household data""}, {""value"": ""-94.0"", ""label"": ""Insufficient information""}, {""value"": ""1.0"", ""label"": ""Married couple""}, {""value"": ""2.0"", ""label"": ""Cohabiting couple""}, {""value"": ""3.0"", ""label"": ""Lone father""}, {""value"": ""4.0"", ""label"": ""Lone mother""}, {""value"": ""5.0"", ""label"": ""No parents in the household""}]"
346,w4lnpar,DV: Whether lone parent family or not,numeric,SCALE,-999.0 thru -1.0,"[{""value"": ""-999.0"", ""label"": ""Missing household data""}, {""value"": ""-94.0"", ""label"": ""Insufficient information""}, {""value"": ""1.0"", ""label"": ""Yes""}, {""value"": ""2.0"", ""label"": ""No""}]"
347,w4stepfam,DV: Whether household is a step family,numeric,SCALE,-999.0 thru -1.0,"[{""value"": ""-999.0"", ""label"": ""Household grid missing""}, {""value"": ""-94.0"", ""label"": ""Insufficient information""}, {""value"": ""0.0"", ""label"": ""No""}, {""value"": ""1.0"", ""label"": ""Yes""}]"
348,W4marstatMP,DV: Marital status of main parent,numeric,NOMINAL,-999.0 thru -1.0,"[{""value"": ""-999.0"", ""label"": ""Household grid missing""}, {""value"": ""-98.0"", ""label"": ""MP not present""}, {""value"": ""-94.0"", ""label"": ""Insufficient information""}, {""value"": ""-92.0"", ""label"": ""Refused""}, {""value"": ""-91.0"", ""label"": ""Not applicable""}, {""value"": ""-1.0"", ""label"": ""Don't know""}, {""value"": ""1.0"", ""label"": ""Single, that is, never married""}, {""value"": ""2.0"", ""label"": ""Married and living with husband or wife""}, {""value"": ""3.0"", ""label"": ""A civil partner in a legally-recognised Civil Partnership""}, {""value"": ""4.0"", ""label"": ""Married and separated from husband or wife""}, {""value"": ""5.0"", ""label"": ""Divorced""}, {""value"": ""6.0"", ""label"": ""Widowed""}, {""value"": ""7.0"", ""label"": ""In a legally-recognised Civil Partnership and separated from""}, {""value"": ""8.0"", ""label"": ""Other""}]"
349,w4marstatSP,DV: Marital status of second parent,numeric,SCALE,-999.0 thru -1.0,"[{""value"": ""-999.0"", ""label"": ""Household grid missing""}, {""value"": ""-98.0"", ""label"": ""SP not present""}, {""value"": ""-94.0"", ""label"": ""Insufficient information""}, {""value"": ""-92.0"", ""label"": ""Refused""}, {""value"": ""-91.0"", ""label"": ""Not applicable""}, {""value"": ""-1.0"", ""label"": ""Don't know""}, {""value"": ""1.0"", ""label"": ""Single, that is, never married""}, {""value"": ""2.0"", ""label"": ""Married and living with husband or wife""}, {""value"": ""3.0"", ""label"": ""A civil partner in a legally-recognised Civil Partnership""}, {""value"": ""4.0"", ""label"": ""Married and separated from husband or wife""}, {""value"": ""5.0"", ""label"": ""Divorced""}, {""value"": ""6.0"", ""label"": ""Widowed""}, {""value"": ""7.0"", ""label"": ""In a legally-recognised Civil Partnership and separated from""}, {""value"": ""8.0"", ""label"": ""Other""}]"
350,w4marstatdad,DV: Marital status of young person's father,numeric,SCALE,-999.0 thru -1.0,"[{""value"": ""-999.0"", ""label"": ""Household grid missing""}, {""value"": ""-94.0"", ""label"": ""Insufficient information""}, {""value"": ""-92.0"", ""label"": ""Refused""}, {""value"": ""-91.0"", ""label"": ""Not applicable""}, {""value"": ""-1.0"", ""label"": ""Don't know""}, {""value"": ""1.0"", ""label"": ""Single, that is, never married""}, {""value"": ""2.0"", ""label"": ""Married and living with husband or wife""}, {""value"": ""3.0"", ""label"": ""A civil partner in a legally-recognised Civil Partnership""}, {""value"": ""4.0"", ""label"": ""Married and separated from husband or wife""}, {""value"": ""5.0"", ""label"": ""Divorced""}, {""value"": ""6.0"", ""label"": ""Widowed""}, {""value"": ""7.0"", ""label"": ""In a legally-recognised Civil Partnership and separated from""}, {""value"": ""8.0"", ""label"": ""Other""}]"
351,w4marstatmum,DV: Marital status of young person's mother,numeric,SCALE,-999.0 thru -1.0,"[{""value"": ""-999.0"", ""label"": ""Household grid missing""}, {""value"": ""-94.0"", ""label"": ""Insufficient information""}, {""value"": ""-92.0"", ""label"": ""Refused""}, {""value"": ""-91.0"", ""label"": ""Not applicable""}, {""value"": ""-1.0"", ""label"": ""Don't know""}, {""value"": ""1.0"", ""label"": ""Single, that is, never married""}, {""value"": ""2.0"", ""label"": ""Married and living with husband or wife""}, {""value"": ""3.0"", ""label"": ""A civil partner in a legally-recognised Civil Partnership""}, {""value"": ""4.0"", ""label"": ""Married and separated from husband or wife""}, {""value"": ""5.0"", ""label"": ""Divorced""}, {""value"": ""6.0"", ""label"": ""Widowed""}, {""value"": ""7.0"", ""label"": ""In a legally-recognised Civil Partnership and separated from""}, {""value"": ""8.0"", ""label"": ""Other""}]"
352,w4natparHH,DV: Whether YP lives with natural parents,numeric,SCALE,-999.0 thru -1.0,"[{""value"": ""-999.0"", ""label"": ""Household grid missing""}, {""value"": ""0.0"", ""label"": ""YP does not live with natural parents""}, {""value"": ""1.0"", ""label"": ""YP lives with 1 natural parent""}, {""value"": ""2.0"", ""label"": ""YP lives with both natural parents""}]"
353,w4sibs,DV: Number of siblings to young person in the household,numeric,SCALE,-999.0 thru -1.0,"[{""value"": ""-999.0"", ""label"": ""Household grid missing""}, {""value"": ""-94.0"", ""label"": ""Insufficient information""}]"
354,w4sibs2,DV: Number of siblings to young person (inc non resident sibs),numeric,SCALE,-999.0 thru -1.0,"[{""value"": ""-94.0"", ""label"": ""Insufficient Information""}, {""value"": ""-92.0"", ""label"": ""Refused""}, {""value"": ""-91.0"", ""label"": ""Not applicable""}]"
355,w4sexMP,DV: Sex of main parent,numeric,NOMINAL,-999.0 thru -1.0,"[{""value"": ""-999.0"", ""label"": ""Household grid missing""}, {""value"": ""-98.0"", ""label"": ""MP not in household""}, {""value"": ""-94.0"", ""label"": ""Insufficient information""}, {""value"": ""-92.0"", ""label"": ""Refused""}, {""value"": ""-91.0"", ""label"": ""Not applicable""}, {""value"": ""1.0"", ""label"": ""Male""}, {""value"": ""2.0"", ""label"": ""Female""}]"
356,w4sexSP,DV: Sex of second parent,numeric,NOMINAL,-999.0 thru -1.0,"[{""value"": ""-999.0"", ""label"": ""Household grid missing""}, {""value"": ""-98.0"", ""label"": ""SP not present""}, {""value"": ""-94.0"", ""label"": ""Insufficient information""}, {""value"": ""-92.0"", ""label"": ""Refused""}, {""value"": ""-91.0"", ""label"": ""Not applicable""}, {""value"": ""1.0"", ""label"": ""Male""}, {""value"": ""2.0"", ""label"": ""Female""}]"
357,W4langhom1,"DV: 1st language other than English spoken at home (Source: W4 Household respondent, W1 and W2 Young person)",numeric,NOMINAL,-999.0 thru -1.0,"[{""value"": ""-94.0"", ""label"": ""Insufficient information""}, {""value"": ""-91.0"", ""label"": ""Not applicable - English is only language""}, {""value"": ""0.0"", ""label"": ""No further languages""}, {""value"": ""1.0"", ""label"": ""Afrikaans""}, {""value"": ""2.0"", ""label"": ""Akan""}, {""value"": ""3.0"", ""label"": ""Albania""}, {""value"": ""4.0"", ""label"": ""Amharic""}, {""value"": ""5.0"", ""label"": ""Arabic""}, {""value"": ""6.0"", ""label"": ""Armenian""}, {""value"": ""7.0"", ""label"": ""Azerbaijani""}, {""value"": ""8.0"", ""label"": ""Bangla, bengali, bangladeshi""}, {""value"": ""9.0"", ""label"": ""Bravanese""}, {""value"": ""10.0"", ""label"": ""Bulgarian""}, {""value"": ""11.0"", ""label"": ""Burmese""}, {""value"": ""12.0"", ""label"": ""Cantonese""}, {""value"": ""13.0"", ""label"": ""Caribbean""}, {""value"": ""14.0"", ""label"": ""Cebuano""}, {""value"": ""15.0"", ""label"": ""Chichewa""}, {""value"": ""16.0"", ""label"": ""Chinese""}, {""value"": ""17.0"", ""label"": ""Chinyanja""}, {""value"": ""18.0"", ""label"": ""Creole (english based)""}, {""value"": ""19.0"", ""label"": ""Creole (french based)""}, {""value"": ""20.0"", ""label"": ""Creole (origin not specified)""}, {""value"": ""21.0"", ""label"": ""Croat""}, {""value"": ""22.0"", ""label"": ""Czech""}, {""value"": ""23.0"", ""label"": ""Danish""}, {""value"": ""24.0"", ""label"": ""Dari""}, {""value"": ""25.0"", ""label"": ""Dutch""}, {""value"": ""26.0"", ""label"": ""Edo""}, {""value"": ""27.0"", ""label"": ""English""}, {""value"": ""28.0"", ""label"": ""Farsi""}, {""value"": ""29.0"", ""label"": ""Fijian""}, {""value"": ""30.0"", ""label"": ""Finnish""}, {""value"": ""31.0"", ""label"": ""French""}, {""value"": ""32.0"", ""label"": ""Fulla""}, {""value"": ""33.0"", ""label"": ""Ga""}, {""value"": ""34.0"", ""label"": ""Gaelic""}, {""value"": ""35.0"", ""label"": ""Georgian""}, {""value"": ""36.0"", ""label"": ""German""}, {""value"": ""37.0"", ""label"": ""Greek""}, {""value"": ""38.0"", ""label"": ""Gujerati""}, {""value"": ""39.0"", ""label"": ""Hausa""}, {""value"": ""40.0"", ""label"": ""Hebrew""}, {""value"": ""41.0"", ""label"": ""Hindi""}, {""value"": ""42.0"", ""label"": ""Hungarian""}, {""value"": ""43.0"", ""label"": ""Icelandic""}, {""value"": ""44.0"", ""label"": ""Igbo""}, {""value"": ""45.0"", ""label"": ""Indian""}, {""value"": ""46.0"", ""label"": ""Italian""}, {""value"": ""47.0"", ""label"": ""Japanese""}, {""value"": ""48.0"", ""label"": ""Kashmiri""}, {""value"": ""49.0"", ""label"": ""Konkani""}, {""value"": ""50.0"", ""label"": ""Korean""}, {""value"": ""51.0"", ""label"": ""Krio""}, {""value"": ""52.0"", ""label"": ""Kurdish""}, {""value"": ""53.0"", ""label"": ""Kurmanji""}, {""value"": ""54.0"", ""label"": ""Lao""}, {""value"": ""55.0"", ""label"": ""Latvian""}, {""value"": ""56.0"", ""label"": ""Lingala""}, {""value"": ""57.0"", ""label"": ""Lithuanian""}, {""value"": ""58.0"", ""label"": ""Luganda""}, {""value"": ""59.0"", ""label"": ""Luo""}, {""value"": ""60.0"", ""label"": ""Lusoga""}, {""value"": ""61.0"", ""label"": ""Macedonian""}, {""value"": ""62.0"", ""label"": ""Malay""}, {""value"": ""63.0"", ""label"": ""Malayalam""}, {""value"": ""64.0"", ""label"": ""Maltese""}, {""value"": ""65.0"", ""label"": ""Mandarin""}, {""value"": ""66.0"", ""label"": ""Marathi""}, {""value"": ""67.0"", ""label"": ""Memon""}, {""value"": ""68.0"", ""label"": ""Mirpuri""}, {""value"": ""69.0"", ""label"": ""Moldovan""}, {""value"": ""70.0"", ""label"": ""Mongolian""}, {""value"": ""71.0"", ""label"": ""Ndebele""}, {""value"": ""72.0"", ""label"": ""Nepali""}, {""value"": ""73.0"", ""label"": ""Norwegian""}, {""value"": ""74.0"", ""label"": ""Pakistani""}, {""value"": ""75.0"", ""label"": ""Pashto""}, {""value"": ""76.0"", ""label"": ""Polish""}, {""value"": ""77.0"", ""label"": ""Portugese""}, {""value"": ""78.0"", ""label"": ""Pothwari""}, {""value"": ""79.0"", ""label"": ""Punjabi""}, {""value"": ""80.0"", ""label"": ""Pushtu""}, {""value"": ""81.0"", ""label"": ""Romanian""}, {""value"": ""82.0"", ""label"": ""Russian""}, {""value"": ""83.0"", ""label"": ""Samoan""}, {""value"": ""84.0"", ""label"": ""Serbian""}, {""value"": ""85.0"", ""label"": ""Shona""}, {""value"": ""86.0"", ""label"": ""Sinhalese""}, {""value"": ""87.0"", ""label"": ""Slovak""}, {""value"": ""88.0"", ""label"": ""Slovenian""}, {""value"": ""89.0"", ""label"": ""Somali""}, {""value"": ""90.0"", ""label"": ""Spanish""}, {""value"": ""91.0"", ""label"": ""Swahili""}, {""value"": ""92.0"", ""label"": ""Swedish""}, {""value"": ""93.0"", ""label"": ""Sylheti""}, {""value"": ""94.0"", ""label"": ""Tagalog""}, {""value"": ""95.0"", ""label"": ""Taiwanese""}, {""value"": ""96.0"", ""label"": ""Tamil""}, {""value"": ""97.0"", ""label"": ""Telugu""}, {""value"": ""98.0"", ""label"": ""Temne""}, {""value"": ""99.0"", ""label"": ""Thai""}, {""value"": ""100.0"", ""label"": ""Tibetan""}, {""value"": ""101.0"", ""label"": ""Tigre""}, {""value"": ""102.0"", ""label"": ""Tigrinya""}, {""value"": ""103.0"", ""label"": ""Tongan""}, {""value"": ""104.0"", ""label"": ""Turkish""}, {""value"": ""105.0"", ""label"": ""Twi""}, {""value"": ""106.0"", ""label"": ""Ukranian""}, {""value"": ""107.0"", ""label"": ""Urdu""}, {""value"": ""108.0"", ""label"": ""Urhobo""}, {""value"": ""109.0"", ""label"": ""Uzbek""}, {""value"": ""110.0"", ""label"": ""Vietnamese""}, {""value"": ""111.0"", ""label"": ""Welsh""}, {""value"": ""112.0"", ""label"": ""Xhosa""}, {""value"": ""113.0"", ""label"": ""Yemeni""}, {""value"": ""114.0"", ""label"": ""Yiddish""}, {""value"": ""115.0"", ""label"": ""Yoruba""}, {""value"": ""116.0"", ""label"": ""Zulu""}, {""value"": ""117.0"", ""label"": ""Other answers""}, {""value"": ""118.0"", ""label"": ""Refused""}, {""value"": ""119.0"", ""label"": ""Don't know""}]"
358,W4langhom2,"DV: 2nd language other than English spoken at home (Source: W4 Household respondent, W1 and W2 Young person)",numeric,NOMINAL,-999.0 thru -1.0,"[{""value"": ""-94.0"", ""label"": ""Insufficient information""}, {""value"": ""-91.0"", ""label"": ""Not applicable - English is only language""}, {""value"": ""0.0"", ""label"": ""No further languages""}, {""value"": ""1.0"", ""label"": ""Afrikaans""}, {""value"": ""2.0"", ""label"": ""Akan""}, {""value"": ""3.0"", ""label"": ""Albania""}, {""value"": ""4.0"", ""label"": ""Amharic""}, {""value"": ""5.0"", ""label"": ""Arabic""}, {""value"": ""6.0"", ""label"": ""Armenian""}, {""value"": ""7.0"", ""label"": ""Azerbaijani""}, {""value"": ""8.0"", ""label"": ""Bangla, bengali, bangladeshi""}, {""value"": ""9.0"", ""label"": ""Bravanese""}, {""value"": ""10.0"", ""label"": ""Bulgarian""}, {""value"": ""11.0"", ""label"": ""Burmese""}, {""value"": ""12.0"", ""label"": ""Cantonese""}, {""value"": ""13.0"", ""label"": ""Caribbean""}, {""value"": ""14.0"", ""label"": ""Cebuano""}, {""value"": ""15.0"", ""label"": ""Chichewa""}, {""value"": ""16.0"", ""label"": ""Chinese""}, {""value"": ""17.0"", ""label"": ""Chinyanja""}, {""value"": ""18.0"", ""label"": ""Creole (english based)""}, {""value"": ""19.0"", ""label"": ""Creole (french based)""}, {""value"": ""20.0"", ""label"": ""Creole (origin not specified)""}, {""value"": ""21.0"", ""label"": ""Croat""}, {""value"": ""22.0"", ""label"": ""Czech""}, {""value"": ""23.0"", ""label"": ""Danish""}, {""value"": ""24.0"", ""label"": ""Dari""}, {""value"": ""25.0"", ""label"": ""Dutch""}, {""value"": ""26.0"", ""label"": ""Edo""}, {""value"": ""27.0"", ""label"": ""English""}, {""value"": ""28.0"", ""label"": ""Farsi""}, {""value"": ""29.0"", ""label"": ""Fijian""}, {""value"": ""30.0"", ""label"": ""Finnish""}, {""value"": ""31.0"", ""label"": ""French""}, {""value"": ""32.0"", ""label"": ""Fulla""}, {""value"": ""33.0"", ""label"": ""Ga""}, {""value"": ""34.0"", ""label"": ""Gaelic""}, {""value"": ""35.0"", ""label"": ""Georgian""}, {""value"": ""36.0"", ""label"": ""German""}, {""value"": ""37.0"", ""label"": ""Greek""}, {""value"": ""38.0"", ""label"": ""Gujerati""}, {""value"": ""39.0"", ""label"": ""Hausa""}, {""value"": ""40.0"", ""label"": ""Hebrew""}, {""value"": ""41.0"", ""label"": ""Hindi""}, {""value"": ""42.0"", ""label"": ""Hungarian""}, {""value"": ""43.0"", ""label"": ""Icelandic""}, {""value"": ""44.0"", ""label"": ""Igbo""}, {""value"": ""45.0"", ""label"": ""Indian""}, {""value"": ""46.0"", ""label"": ""Italian""}, {""value"": ""47.0"", ""label"": ""Japanese""}, {""value"": ""48.0"", ""label"": ""Kashmiri""}, {""value"": ""49.0"", ""label"": ""Konkani""}, {""value"": ""50.0"", ""label"": ""Korean""}, {""value"": ""51.0"", ""label"": ""Krio""}, {""value"": ""52.0"", ""label"": ""Kurdish""}, {""value"": ""53.0"", ""label"": ""Kurmanji""}, {""value"": ""54.0"", ""label"": ""Lao""}, {""value"": ""55.0"", ""label"": ""Latvian""}, {""value"": ""56.0"", ""label"": ""Lingala""}, {""value"": ""57.0"", ""label"": ""Lithuanian""}, {""value"": ""58.0"", ""label"": ""Luganda""}, {""value"": ""59.0"", ""label"": ""Luo""}, {""value"": ""60.0"", ""label"": ""Lusoga""}, {""value"": ""61.0"", ""label"": ""Macedonian""}, {""value"": ""62.0"", ""label"": ""Malay""}, {""value"": ""63.0"", ""label"": ""Malayalam""}, {""value"": ""64.0"", ""label"": ""Maltese""}, {""value"": ""65.0"", ""label"": ""Mandarin""}, {""value"": ""66.0"", ""label"": ""Marathi""}, {""value"": ""67.0"", ""label"": ""Memon""}, {""value"": ""68.0"", ""label"": ""Mirpuri""}, {""value"": ""69.0"", ""label"": ""Moldovan""}, {""value"": ""70.0"", ""label"": ""Mongolian""}, {""value"": ""71.0"", ""label"": ""Ndebele""}, {""value"": ""72.0"", ""label"": ""Nepali""}, {""value"": ""73.0"", ""label"": ""Norwegian""}, {""value"": ""74.0"", ""label"": ""Pakistani""}, {""value"": ""75.0"", ""label"": ""Pashto""}, {""value"": ""76.0"", ""label"": ""Polish""}, {""value"": ""77.0"", ""label"": ""Portugese""}, {""value"": ""78.0"", ""label"": ""Pothwari""}, {""value"": ""79.0"", ""label"": ""Punjabi""}, {""value"": ""80.0"", ""label"": ""Pushtu""}, {""value"": ""81.0"", ""label"": ""Romanian""}, {""value"": ""82.0"", ""label"": ""Russian""}, {""value"": ""83.0"", ""label"": ""Samoan""}, {""value"": ""84.0"", ""label"": ""Serbian""}, {""value"": ""85.0"", ""label"": ""Shona""}, {""value"": ""86.0"", ""label"": ""Sinhalese""}, {""value"": ""87.0"", ""label"": ""Slovak""}, {""value"": ""88.0"", ""label"": ""Slovenian""}, {""value"": ""89.0"", ""label"": ""Somali""}, {""value"": ""90.0"", ""label"": ""Spanish""}, {""value"": ""91.0"", ""label"": ""Swahili""}, {""value"": ""92.0"", ""label"": ""Swedish""}, {""value"": ""93.0"", ""label"": ""Sylheti""}, {""value"": ""94.0"", ""label"": ""Tagalog""}, {""value"": ""95.0"", ""label"": ""Taiwanese""}, {""value"": ""96.0"", ""label"": ""Tamil""}, {""value"": ""97.0"", ""label"": ""Telugu""}, {""value"": ""98.0"", ""label"": ""Temne""}, {""value"": ""99.0"", ""label"": ""Thai""}, {""value"": ""100.0"", ""label"": ""Tibetan""}, {""value"": ""101.0"", ""label"": ""Tigre""}, {""value"": ""102.0"", ""label"": ""Tigrinya""}, {""value"": ""103.0"", ""label"": ""Tongan""}, {""value"": ""104.0"", ""label"": ""Turkish""}, {""value"": ""105.0"", ""label"": ""Twi""}, {""value"": ""106.0"", ""label"": ""Ukranian""}, {""value"": ""107.0"", ""label"": ""Urdu""}, {""value"": ""108.0"", ""label"": ""Urhobo""}, {""value"": ""109.0"", ""label"": ""Uzbek""}, {""value"": ""110.0"", ""label"": ""Vietnamese""}, {""value"": ""111.0"", ""label"": ""Welsh""}, {""value"": ""112.0"", ""label"": ""Xhosa""}, {""value"": ""113.0"", ""label"": ""Yemeni""}, {""value"": ""114.0"", ""label"": ""Yiddish""}, {""value"": ""115.0"", ""label"": ""Yoruba""}, {""value"": ""116.0"", ""label"": ""Zulu""}, {""value"": ""117.0"", ""label"": ""Other answers""}, {""value"": ""118.0"", ""label"": ""Refused""}, {""value"": ""119.0"", ""label"": ""Don't know""}]"
359,W4langhom3,"DV: 3rd language other than English spoken at home (Source: W4 Household respondent, W1 and W2 Young person)",numeric,NOMINAL,-999.0 thru -1.0,"[{""value"": ""-94.0"", ""label"": ""Insufficient information""}, {""value"": ""-91.0"", ""label"": ""Not applicable - English is only language""}, {""value"": ""0.0"", ""label"": ""No further languages""}, {""value"": ""1.0"", ""label"": ""Afrikaans""}, {""value"": ""2.0"", ""label"": ""Akan""}, {""value"": ""3.0"", ""label"": ""Albania""}, {""value"": ""4.0"", ""label"": ""Amharic""}, {""value"": ""5.0"", ""label"": ""Arabic""}, {""value"": ""6.0"", ""label"": ""Armenian""}, {""value"": ""7.0"", ""label"": ""Azerbaijani""}, {""value"": ""8.0"", ""label"": ""Bangla, bengali, bangladeshi""}, {""value"": ""9.0"", ""label"": ""Bravanese""}, {""value"": ""10.0"", ""label"": ""Bulgarian""}, {""value"": ""11.0"", ""label"": ""Burmese""}, {""value"": ""12.0"", ""label"": ""Cantonese""}, {""value"": ""13.0"", ""label"": ""Caribbean""}, {""value"": ""14.0"", ""label"": ""Cebuano""}, {""value"": ""15.0"", ""label"": ""Chichewa""}, {""value"": ""16.0"", ""label"": ""Chinese""}, {""value"": ""17.0"", ""label"": ""Chinyanja""}, {""value"": ""18.0"", ""label"": ""Creole (english based)""}, {""value"": ""19.0"", ""label"": ""Creole (french based)""}, {""value"": ""20.0"", ""label"": ""Creole (origin not specified)""}, {""value"": ""21.0"", ""label"": ""Croat""}, {""value"": ""22.0"", ""label"": ""Czech""}, {""value"": ""23.0"", ""label"": ""Danish""}, {""value"": ""24.0"", ""label"": ""Dari""}, {""value"": ""25.0"", ""label"": ""Dutch""}, {""value"": ""26.0"", ""label"": ""Edo""}, {""value"": ""27.0"", ""label"": ""English""}, {""value"": ""28.0"", ""label"": ""Farsi""}, {""value"": ""29.0"", ""label"": ""Fijian""}, {""value"": ""30.0"", ""label"": ""Finnish""}, {""value"": ""31.0"", ""label"": ""French""}, {""value"": ""32.0"", ""label"": ""Fulla""}, {""value"": ""33.0"", ""label"": ""Ga""}, {""value"": ""34.0"", ""label"": ""Gaelic""}, {""value"": ""35.0"", ""label"": ""Georgian""}, {""value"": ""36.0"", ""label"": ""German""}, {""value"": ""37.0"", ""label"": ""Greek""}, {""value"": ""38.0"", ""label"": ""Gujerati""}, {""value"": ""39.0"", ""label"": ""Hausa""}, {""value"": ""40.0"", ""label"": ""Hebrew""}, {""value"": ""41.0"", ""label"": ""Hindi""}, {""value"": ""42.0"", ""label"": ""Hungarian""}, {""value"": ""43.0"", ""label"": ""Icelandic""}, {""value"": ""44.0"", ""label"": ""Igbo""}, {""value"": ""45.0"", ""label"": ""Indian""}, {""value"": ""46.0"", ""label"": ""Italian""}, {""value"": ""47.0"", ""label"": ""Japanese""}, {""value"": ""48.0"", ""label"": ""Kashmiri""}, {""value"": ""49.0"", ""label"": ""Konkani""}, {""value"": ""50.0"", ""label"": ""Korean""}, {""value"": ""51.0"", ""label"": ""Krio""}, {""value"": ""52.0"", ""label"": ""Kurdish""}, {""value"": ""53.0"", ""label"": ""Kurmanji""}, {""value"": ""54.0"", ""label"": ""Lao""}, {""value"": ""55.0"", ""label"": ""Latvian""}, {""value"": ""56.0"", ""label"": ""Lingala""}, {""value"": ""57.0"", ""label"": ""Lithuanian""}, {""value"": ""58.0"", ""label"": ""Luganda""}, {""value"": ""59.0"", ""label"": ""Luo""}, {""value"": ""60.0"", ""label"": ""Lusoga""}, {""value"": ""61.0"", ""label"": ""Macedonian""}, {""value"": ""62.0"", ""label"": ""Malay""}, {""value"": ""63.0"", ""label"": ""Malayalam""}, {""value"": ""64.0"", ""label"": ""Maltese""}, {""value"": ""65.0"", ""label"": ""Mandarin""}, {""value"": ""66.0"", ""label"": ""Marathi""}, {""value"": ""67.0"", ""label"": ""Memon""}, {""value"": ""68.0"", ""label"": ""Mirpuri""}, {""value"": ""69.0"", ""label"": ""Moldovan""}, {""value"": ""70.0"", ""label"": ""Mongolian""}, {""value"": ""71.0"", ""label"": ""Ndebele""}, {""value"": ""72.0"", ""label"": ""Nepali""}, {""value"": ""73.0"", ""label"": ""Norwegian""}, {""value"": ""74.0"", ""label"": ""Pakistani""}, {""value"": ""75.0"", ""label"": ""Pashto""}, {""value"": ""76.0"", ""label"": ""Polish""}, {""value"": ""77.0"", ""label"": ""Portugese""}, {""value"": ""78.0"", ""label"": ""Pothwari""}, {""value"": ""79.0"", ""label"": ""Punjabi""}, {""value"": ""80.0"", ""label"": ""Pushtu""}, {""value"": ""81.0"", ""label"": ""Romanian""}, {""value"": ""82.0"", ""label"": ""Russian""}, {""value"": ""83.0"", ""label"": ""Samoan""}, {""value"": ""84.0"", ""label"": ""Serbian""}, {""value"": ""85.0"", ""label"": ""Shona""}, {""value"": ""86.0"", ""label"": ""Sinhalese""}, {""value"": ""87.0"", ""label"": ""Slovak""}, {""value"": ""88.0"", ""label"": ""Slovenian""}, {""value"": ""89.0"", ""label"": ""Somali""}, {""value"": ""90.0"", ""label"": ""Spanish""}, {""value"": ""91.0"", ""label"": ""Swahili""}, {""value"": ""92.0"", ""label"": ""Swedish""}, {""value"": ""93.0"", ""label"": ""Sylheti""}, {""value"": ""94.0"", ""label"": ""Tagalog""}, {""value"": ""95.0"", ""label"": ""Taiwanese""}, {""value"": ""96.0"", ""label"": ""Tamil""}, {""value"": ""97.0"", ""label"": ""Telugu""}, {""value"": ""98.0"", ""label"": ""Temne""}, {""value"": ""99.0"", ""label"": ""Thai""}, {""value"": ""100.0"", ""label"": ""Tibetan""}, {""value"": ""101.0"", ""label"": ""Tigre""}, {""value"": ""102.0"", ""label"": ""Tigrinya""}, {""value"": ""103.0"", ""label"": ""Tongan""}, {""value"": ""104.0"", ""label"": ""Turkish""}, {""value"": ""105.0"", ""label"": ""Twi""}, {""value"": ""106.0"", ""label"": ""Ukranian""}, {""value"": ""107.0"", ""label"": ""Urdu""}, {""value"": ""108.0"", ""label"": ""Urhobo""}, {""value"": ""109.0"", ""label"": ""Uzbek""}, {""value"": ""110.0"", ""label"": ""Vietnamese""}, {""value"": ""111.0"", ""label"": ""Welsh""}, {""value"": ""112.0"", ""label"": ""Xhosa""}, {""value"": ""113.0"", ""label"": ""Yemeni""}, {""value"": ""114.0"", ""label"": ""Yiddish""}, {""value"": ""115.0"", ""label"": ""Yoruba""}, {""value"": ""116.0"", ""label"": ""Zulu""}, {""value"": ""117.0"", ""label"": ""Other answers""}, {""value"": ""118.0"", ""label"": ""Refused""}, {""value"": ""119.0"", ""label"": ""Don't know""}]"
360,w4ethgrpMP,"DV: Main parent's ethnic group, grouped (Source: Boost HH respondent, Main updated from W3)",numeric,NOMINAL,-999.0 thru -1.0,"[{""value"": ""-999.0"", ""label"": ""Missing household data""}, {""value"": ""-996.0"", ""label"": ""No parent in household""}, {""value"": ""-98.0"", ""label"": ""MP not present""}, {""value"": ""-97.0"", ""label"": ""No parent in household""}, {""value"": ""-94.0"", ""label"": ""Insufficient information""}, {""value"": ""-92.0"", ""label"": ""Refused""}, {""value"": ""-91.0"", ""label"": ""Not applicable""}, {""value"": ""-1.0"", ""label"": ""Don't know""}, {""value"": ""1.0"", ""label"": ""White""}, {""value"": ""2.0"", ""label"": ""Mixed""}, {""value"": ""3.0"", ""label"": ""Indian""}, {""value"": ""4.0"", ""label"": ""Pakistani""}, {""value"": ""5.0"", ""label"": ""Bangladeshi""}, {""value"": ""6.0"", ""label"": ""Black Caribbean""}, {""value"": ""7.0"", ""label"": ""Black African""}, {""value"": ""8.0"", ""label"": ""Other""}]"
361,w4EthnicMP,"DV: Main parent's ethnic group, detailed (Source: Boost W4 MP or HH respondent, Main updated from W3)",numeric,NOMINAL,-999.0 thru -1.0,"[{""value"": ""-999.0"", ""label"": ""Missing household data""}, {""value"": ""-996.0"", ""label"": ""No parent in household""}, {""value"": ""-94.0"", ""label"": ""Insufficient information""}, {""value"": ""-92.0"", ""label"": ""Refused""}, {""value"": ""-1.0"", ""label"": ""Don't know""}, {""value"": ""1.0"", ""label"": ""White - British""}, {""value"": ""2.0"", ""label"": ""White - Irish""}, {""value"": ""3.0"", ""label"": ""Any other White background""}, {""value"": ""4.0"", ""label"": ""Mixed - White and Black Caribbean""}, {""value"": ""5.0"", ""label"": ""Mixed - White and Black African""}, {""value"": ""6.0"", ""label"": ""Mixed - White and Asian""}, {""value"": ""7.0"", ""label"": ""Any other mixed background""}, {""value"": ""8.0"", ""label"": ""Indian""}, {""value"": ""9.0"", ""label"": ""Pakistani""}, {""value"": ""10.0"", ""label"": ""Bangladeshi""}, {""value"": ""11.0"", ""label"": ""Any other Asian background""}, {""value"": ""12.0"", ""label"": ""Black Caribbean""}, {""value"": ""13.0"", ""label"": ""Black African""}, {""value"": ""14.0"", ""label"": ""Any other Black background""}, {""value"": ""15.0"", ""label"": ""Chinese""}, {""value"": ""16.0"", ""label"": ""Any other ethnic background""}]"
362,w4ethgrpSP,"DV: Second parent's ethnic group, grouped (Source: Boost HH respondent, Main updated from W3)",numeric,NOMINAL,-999.0 thru -1.0,"[{""value"": ""-999.0"", ""label"": ""Missing household data""}, {""value"": ""-996.0"", ""label"": ""No parent in household""}, {""value"": ""-98.0"", ""label"": ""SP not present""}, {""value"": ""-97.0"", ""label"": ""No parent in household""}, {""value"": ""-94.0"", ""label"": ""Insufficient information""}, {""value"": ""-92.0"", ""label"": ""Refused""}, {""value"": ""-91.0"", ""label"": ""Not applicable""}, {""value"": ""-1.0"", ""label"": ""Don't know""}, {""value"": ""1.0"", ""label"": ""White""}, {""value"": ""2.0"", ""label"": ""Mixed""}, {""value"": ""3.0"", ""label"": ""Indian""}, {""value"": ""4.0"", ""label"": ""Pakistani""}, {""value"": ""5.0"", ""label"": ""Bangladeshi""}, {""value"": ""6.0"", ""label"": ""Black Caribbean""}, {""value"": ""7.0"", ""label"": ""Black African""}, {""value"": ""8.0"", ""label"": ""Other""}]"
363,w4EthnicSP,"DV: Second parent's ethnic group, detailed (Source: Boost HH respondent, Main updated from W3)",numeric,NOMINAL,-999.0 thru -1.0,"[{""value"": ""-999.0"", ""label"": ""Missing household data""}, {""value"": ""-996.0"", ""label"": ""No parent in household""}, {""value"": ""-98.0"", ""label"": ""SP not present""}, {""value"": ""-94.0"", ""label"": ""Insufficient information""}, {""value"": ""-92.0"", ""label"": ""Refused""}, {""value"": ""-91.0"", ""label"": ""Not applicable""}, {""value"": ""-1.0"", ""label"": ""Don't know""}, {""value"": ""1.0"", ""label"": ""White - British""}, {""value"": ""2.0"", ""label"": ""White - Irish""}, {""value"": ""3.0"", ""label"": ""Any other White background""}, {""value"": ""4.0"", ""label"": ""Mixed - White and Black Caribbean""}, {""value"": ""5.0"", ""label"": ""Mixed - White and Black African""}, {""value"": ""6.0"", ""label"": ""Mixed - White and Asian""}, {""value"": ""7.0"", ""label"": ""Any other mixed background""}, {""value"": ""8.0"", ""label"": ""Indian""}, {""value"": ""9.0"", ""label"": ""Pakistani""}, {""value"": ""10.0"", ""label"": ""Bangladeshi""}, {""value"": ""11.0"", ""label"": ""Any other Asian background""}, {""value"": ""12.0"", ""label"": ""Black Caribbean""}, {""value"": ""13.0"", ""label"": ""Black African""}, {""value"": ""14.0"", ""label"": ""Any other Black background""}, {""value"": ""15.0"", ""label"": ""Chinese""}, {""value"": ""16.0"", ""label"": ""Any other ethnic background""}]"
364,w4ethgrpdad,"DV: Father's ethnic group, grouped (Source: Boost HH respondent, Main updated from W3)",numeric,NOMINAL,-999.0 thru -1.0,"[{""value"": ""-999.0"", ""label"": ""Missing household data""}, {""value"": ""-99.0"", ""label"": ""Father not interviewed""}, {""value"": ""-98.0"", ""label"": ""Father not present""}, {""value"": ""-94.0"", ""label"": ""Insufficient information""}, {""value"": ""-92.0"", ""label"": ""Refused""}, {""value"": ""-91.0"", ""label"": ""Not applicable""}, {""value"": ""-1.0"", ""label"": ""Don't know""}, {""value"": ""1.0"", ""label"": ""White""}, {""value"": ""2.0"", ""label"": ""Mixed""}, {""value"": ""3.0"", ""label"": ""Indian""}, {""value"": ""4.0"", ""label"": ""Pakistani""}, {""value"": ""5.0"", ""label"": ""Bangladeshi""}, {""value"": ""6.0"", ""label"": ""Black Caribbean""}, {""value"": ""7.0"", ""label"": ""Black African""}, {""value"": ""8.0"", ""label"": ""Other""}]"
365,w4ethnicdad,"DV: Father's ethnic group, detailed (Source: Boost HH respondent, Main updated from W3)",numeric,NOMINAL,-999.0 thru -1.0,"[{""value"": ""-999.0"", ""label"": ""Missing household data""}, {""value"": ""-99.0"", ""label"": ""Father not interviewed""}, {""value"": ""-98.0"", ""label"": ""Father not present""}, {""value"": ""-94.0"", ""label"": ""Insufficient information""}, {""value"": ""-92.0"", ""label"": ""Refused""}, {""value"": ""-91.0"", ""label"": ""Not applicable""}, {""value"": ""-1.0"", ""label"": ""Don't know""}, {""value"": ""1.0"", ""label"": ""White - British""}, {""value"": ""2.0"", ""label"": ""White - Irish""}, {""value"": ""3.0"", ""label"": ""Any other White background""}, {""value"": ""4.0"", ""label"": ""Mixed - White and Black Caribbean""}, {""value"": ""5.0"", ""label"": ""Mixed - White and Black African""}, {""value"": ""6.0"", ""label"": ""Mixed - White and Asian""}, {""value"": ""7.0"", ""label"": ""Any other mixed background""}, {""value"": ""8.0"", ""label"": ""Indian""}, {""value"": ""9.0"", ""label"": ""Pakistani""}, {""value"": ""10.0"", ""label"": ""Bangladeshi""}, {""value"": ""11.0"", ""label"": ""Any other Asian background""}, {""value"": ""12.0"", ""label"": ""Black Caribbean""}, {""value"": ""13.0"", ""label"": ""Black African""}, {""value"": ""14.0"", ""label"": ""Any other Black background""}, {""value"": ""15.0"", ""label"": ""Chinese""}, {""value"": ""16.0"", ""label"": ""Any other ethnic background""}]"
366,w4ethgrpmum,"DV: Mother's ethnic group, grouped (Source: Boost HH respondent, Main updated from W3)",numeric,NOMINAL,-999.0 thru -1.0,"[{""value"": ""-999.0"", ""label"": ""Missing household data""}, {""value"": ""-99.0"", ""label"": ""Mother not interviewed""}, {""value"": ""-98.0"", ""label"": ""Mother not present""}, {""value"": ""-94.0"", ""label"": ""Insufficient information""}, {""value"": ""-92.0"", ""label"": ""Refused""}, {""value"": ""-91.0"", ""label"": ""Not applicable""}, {""value"": ""-1.0"", ""label"": ""Don't know""}, {""value"": ""1.0"", ""label"": ""White""}, {""value"": ""2.0"", ""label"": ""Mixed""}, {""value"": ""3.0"", ""label"": ""Indian""}, {""value"": ""4.0"", ""label"": ""Pakistani""}, {""value"": ""5.0"", ""label"": ""Bangladeshi""}, {""value"": ""6.0"", ""label"": ""Black Caribbean""}, {""value"": ""7.0"", ""label"": ""Black African""}, {""value"": ""8.0"", ""label"": ""Other""}]"
367,w4ethnicmum,"DV: Mother's ethnic group, detailed (Source: Boost HH respondent, Main updated from W3)",numeric,NOMINAL,-999.0 thru -1.0,"[{""value"": ""-999.0"", ""label"": ""Missing household data""}, {""value"": ""-99.0"", ""label"": ""Mother not interviewed""}, {""value"": ""-98.0"", ""label"": ""Mother not present""}, {""value"": ""-94.0"", ""label"": ""Insufficient information""}, {""value"": ""-92.0"", ""label"": ""Refused""}, {""value"": ""-91.0"", ""label"": ""Not applicable""}, {""value"": ""-1.0"", ""label"": ""Don't know""}, {""value"": ""1.0"", ""label"": ""White - British""}, {""value"": ""2.0"", ""label"": ""White - Irish""}, {""value"": ""3.0"", ""label"": ""Any other White background""}, {""value"": ""4.0"", ""label"": ""Mixed - White and Black Caribbean""}, {""value"": ""5.0"", ""label"": ""Mixed - White and Black African""}, {""value"": ""6.0"", ""label"": ""Mixed - White and Asian""}, {""value"": ""7.0"", ""label"": ""Any other mixed background""}, {""value"": ""8.0"", ""label"": ""Indian""}, {""value"": ""9.0"", ""label"": ""Pakistani""}, {""value"": ""10.0"", ""label"": ""Bangladeshi""}, {""value"": ""11.0"", ""label"": ""Any other Asian background""}, {""value"": ""12.0"", ""label"": ""Black Caribbean""}, {""value"": ""13.0"", ""label"": ""Black African""}, {""value"": ""14.0"", ""label"": ""Any other Black background""}, {""value"": ""15.0"", ""label"": ""Chinese""}, {""value"": ""16.0"", ""label"": ""Any other ethnic background""}]"
368,w4wrkageMP,DV: Whether main parent is of working age,numeric,SCALE,-999.0 thru -1.0,"[{""value"": ""-999.0"", ""label"": ""Household grid missing""}, {""value"": ""-98.0"", ""label"": ""MP not in household""}, {""value"": ""-94.0"", ""label"": ""Insufficient information""}, {""value"": ""-91.0"", ""label"": ""not applicable""}, {""value"": ""0.0"", ""label"": ""No""}, {""value"": ""1.0"", ""label"": ""Yes""}]"
369,w4wrkageSP,DV: Whether second parent is of working age,numeric,SCALE,-999.0 thru -1.0,"[{""value"": ""-999.0"", ""label"": ""Household grid missing""}, {""value"": ""-98.0"", ""label"": ""SP not present""}, {""value"": ""-94.0"", ""label"": ""Insufficient information""}, {""value"": ""-91.0"", ""label"": ""not applicable""}, {""value"": ""0.0"", ""label"": ""No""}, {""value"": ""1.0"", ""label"": ""Yes""}]"
370,w4wrkagedad,DV: Whether father is of working age,numeric,SCALE,-999.0 thru -1.0,"[{""value"": ""-999.0"", ""label"": ""Household grid missing""}, {""value"": ""-94.0"", ""label"": ""Insufficient information""}, {""value"": ""-91.0"", ""label"": ""not applicable""}, {""value"": ""0.0"", ""label"": ""No""}, {""value"": ""1.0"", ""label"": ""Yes""}]"
371,w4wrkagemum,DV: Whether mother is of working age,numeric,SCALE,-999.0 thru -1.0,"[{""value"": ""-999.0"", ""label"": ""Household grid missing""}, {""value"": ""-94.0"", ""label"": ""Insufficient information""}, {""value"": ""-91.0"", ""label"": ""not applicable""}, {""value"": ""0.0"", ""label"": ""No""}, {""value"": ""1.0"", ""label"": ""Yes""}]"
372,w4empsMP,DV: Employment status of main parent,numeric,NOMINAL,-999.0 thru -1.0,"[{""value"": ""-999.0"", ""label"": ""Missing household information""}, {""value"": ""-996.0"", ""label"": ""No parent in household""}, {""value"": ""-99.0"", ""label"": ""MP not interviewed - no information available from HH Grid""}, {""value"": ""-94.0"", ""label"": ""Insufficient information""}, {""value"": ""-92.0"", ""label"": ""Refused""}, {""value"": ""1.0"", ""label"": ""Doing paid work for 30 or more hours a week""}, {""value"": ""2.0"", ""label"": ""Doing paid work for fewer than 30 hours a week""}, {""value"": ""3.0"", ""label"": ""Unemployed/ Looking for a job""}, {""value"": ""4.0"", ""label"": ""On a training course or scheme""}, {""value"": ""5.0"", ""label"": ""In full-time education/ at school""}, {""value"": ""6.0"", ""label"": ""Looking after the family/ household""}, {""value"": ""7.0"", ""label"": ""Retired from work altogether""}, {""value"": ""8.0"", ""label"": ""Sick/ disabled""}, {""value"": ""9.0"", ""label"": ""Other""}]"
373,w4empsSP,DV: Employment status of second parent,numeric,NOMINAL,-999.0 thru -1.0,"[{""value"": ""-999.0"", ""label"": ""Missing household information""}, {""value"": ""-996.0"", ""label"": ""No parent in household""}, {""value"": ""-99.0"", ""label"": ""MP not interviewed - no information available from HH Grid""}, {""value"": ""-98.0"", ""label"": ""SP not present""}, {""value"": ""-94.0"", ""label"": ""Insufficient information""}, {""value"": ""1.0"", ""label"": ""Doing paid work for 30 or more hours a week""}, {""value"": ""2.0"", ""label"": ""Doing paid work for fewer than 30 hours a week""}, {""value"": ""3.0"", ""label"": ""Unemployed/ Looking for a job""}, {""value"": ""4.0"", ""label"": ""On a training course or scheme""}, {""value"": ""5.0"", ""label"": ""In full-time education/ at school""}, {""value"": ""6.0"", ""label"": ""Looking after the family/ household""}, {""value"": ""7.0"", ""label"": ""Retired from work altogether""}, {""value"": ""8.0"", ""label"": ""Sick/ disabled""}, {""value"": ""9.0"", ""label"": ""Other""}]"
374,w4empsdad,DV: Employment status of father,numeric,NOMINAL,-999.0 thru -1.0,"[{""value"": ""-999.0"", ""label"": ""Missing household information""}, {""value"": ""-996.0"", ""label"": ""No parent in household""}, {""value"": ""-99.0"", ""label"": ""Father not interviewed""}, {""value"": ""-98.0"", ""label"": ""Father not present""}, {""value"": ""-94.0"", ""label"": ""Insufficient information""}, {""value"": ""-92.0"", ""label"": ""Refusal""}, {""value"": ""1.0"", ""label"": ""Doing paid work for 30 or more hours a week""}, {""value"": ""2.0"", ""label"": ""Doing paid work for fewer than 30 hours a week""}, {""value"": ""3.0"", ""label"": ""Unemployed/ Looking for a job""}, {""value"": ""4.0"", ""label"": ""On a training course or scheme""}, {""value"": ""5.0"", ""label"": ""In full-time education/ at school""}, {""value"": ""6.0"", ""label"": ""Looking after the family/ household""}, {""value"": ""7.0"", ""label"": ""Retired from work altogether""}, {""value"": ""8.0"", ""label"": ""Sick/ disabled""}, {""value"": ""9.0"", ""label"": ""Other""}]"
375,w4empsmum,DV: Employment status of mother,numeric,NOMINAL,-999.0 thru -1.0,"[{""value"": ""-999.0"", ""label"": ""Missing household information""}, {""value"": ""-99.0"", ""label"": ""Mother not interviewed""}, {""value"": ""-98.0"", ""label"": ""Mother not present""}, {""value"": ""-94.0"", ""label"": ""Insufficient information""}, {""value"": ""1.0"", ""label"": ""Doing paid work for 30 or more hours a week""}, {""value"": ""2.0"", ""label"": ""Doing paid work for fewer than 30 hours a week""}, {""value"": ""3.0"", ""label"": ""Unemployed/ Looking for a job""}, {""value"": ""4.0"", ""label"": ""On a training course or scheme""}, {""value"": ""5.0"", ""label"": ""In full-time education/ at school""}, {""value"": ""6.0"", ""label"": ""Looking after the family/ household""}, {""value"": ""7.0"", ""label"": ""Retired from work altogether""}, {""value"": ""8.0"", ""label"": ""Sick/ disabled""}, {""value"": ""9.0"", ""label"": ""Other""}]"
376,w4empshrp,DV: Employment status of household reference person,numeric,NOMINAL,-999.0 thru -1.0,"[{""value"": ""-999.0"", ""label"": ""Missing household information""}, {""value"": ""-996.0"", ""label"": ""No HRP in household""}, {""value"": ""-99.0"", ""label"": ""HRP not interviewed""}, {""value"": ""-98.0"", ""label"": ""HRP not present/identified""}, {""value"": ""-94.0"", ""label"": ""Insufficient information""}, {""value"": ""-92.0"", ""label"": ""Refusal""}, {""value"": ""1.0"", ""label"": ""Doing paid work for 30 or more hours a week""}, {""value"": ""2.0"", ""label"": ""Doing paid work for fewer than 30 hours a week""}, {""value"": ""3.0"", ""label"": ""Unemployed/ Looking for a job""}, {""value"": ""4.0"", ""label"": ""On a training course or scheme""}, {""value"": ""5.0"", ""label"": ""In full-time education/ at school""}, {""value"": ""6.0"", ""label"": ""Looking after the family/ household""}, {""value"": ""7.0"", ""label"": ""Retired from work altogether""}, {""value"": ""8.0"", ""label"": ""Sick/ disabled""}, {""value"": ""9.0"", ""label"": ""Other""}]"
377,w4cempszMP,DV: Current employment status/size of organisation for main parent,numeric,NOMINAL,-999.0 thru -1.0,"[{""value"": ""-996.0"", ""label"": ""No parent in the household""}, {""value"": ""-99.0"", ""label"": ""Main parent not interviewed""}, {""value"": ""-94.0"", ""label"": ""Insufficient Information""}, {""value"": ""-91.0"", ""label"": ""Not applicable - not currently working""}, {""value"": ""1.0"", ""label"": ""Employers - Large Organisations""}, {""value"": ""2.0"", ""label"": ""Employers - Small Organisations""}, {""value"": ""3.0"", ""label"": ""Self Employed - no employees""}, {""value"": ""4.0"", ""label"": ""Managers - Large Organisations""}, {""value"": ""5.0"", ""label"": ""Managers - Small Organisations""}, {""value"": ""6.0"", ""label"": ""Supervisors""}, {""value"": ""7.0"", ""label"": ""Other Employees""}]"
378,w4cempszSP,DV: Current employment status/size of organisation for second parent,numeric,NOMINAL,-999.0 thru -1.0,"[{""value"": ""-996.0"", ""label"": ""No parent in the household""}, {""value"": ""-99.0"", ""label"": ""SP not interviewed""}, {""value"": ""-98.0"", ""label"": ""SP not present""}, {""value"": ""-94.0"", ""label"": ""Insufficient Information""}, {""value"": ""-91.0"", ""label"": ""Not applicable - not currently working""}, {""value"": ""1.0"", ""label"": ""Employers - Large Organisations""}, {""value"": ""2.0"", ""label"": ""Employers - Small Organisations""}, {""value"": ""3.0"", ""label"": ""Self Employed - no employees""}, {""value"": ""4.0"", ""label"": ""Managers - Large Organisations""}, {""value"": ""5.0"", ""label"": ""Managers - Small Organisations""}, {""value"": ""6.0"", ""label"": ""Supervisors""}, {""value"": ""7.0"", ""label"": ""Other Employees""}]"
379,w4cempszmum,DV: Current employment status/size of organisation for mother,numeric,NOMINAL,-999.0 thru -1.0,"[{""value"": ""-999.0"", ""label"": ""Missing household information""}, {""value"": ""-99.0"", ""label"": ""Mother not interviewed""}, {""value"": ""-98.0"", ""label"": ""Mother not present""}, {""value"": ""-94.0"", ""label"": ""Insufficient Information""}, {""value"": ""-91.0"", ""label"": ""Not applicable - not currently working""}, {""value"": ""-9.0"", ""label"": ""Government scheme/unpaid family worker""}, {""value"": ""1.0"", ""label"": ""Employers - Large Organisations""}, {""value"": ""2.0"", ""label"": ""Employers - Small Organisations""}, {""value"": ""3.0"", ""label"": ""Self Employed - no employees""}, {""value"": ""4.0"", ""label"": ""Managers - Large Organisations""}, {""value"": ""5.0"", ""label"": ""Managers - Small Organisations""}, {""value"": ""6.0"", ""label"": ""Supervisors""}, {""value"": ""7.0"", ""label"": ""Other Employees""}]"
380,w4cempszdad,DV: Current employment status/size of organisation for father,numeric,NOMINAL,-999.0 thru -1.0,"[{""value"": ""-999.0"", ""label"": ""Missing household information""}, {""value"": ""-99.0"", ""label"": ""Father not interviewed""}, {""value"": ""-98.0"", ""label"": ""Father not present""}, {""value"": ""-94.0"", ""label"": ""Insufficient Information""}, {""value"": ""-91.0"", ""label"": ""Not applicable - not currently working""}, {""value"": ""-9.0"", ""label"": ""Government scheme/unpaid family worker""}, {""value"": ""1.0"", ""label"": ""Employers - Large Organisations""}, {""value"": ""2.0"", ""label"": ""Employers - Small Organisations""}, {""value"": ""3.0"", ""label"": ""Self Employed - no employees""}, {""value"": ""4.0"", ""label"": ""Managers - Large Organisations""}, {""value"": ""5.0"", ""label"": ""Managers - Small Organisations""}, {""value"": ""6.0"", ""label"": ""Supervisors""}, {""value"": ""7.0"", ""label"": ""Other Employees""}]"
381,w4cnsseccatMP,DV: MP's current NS-SEC operational category,numeric,NOMINAL,-999.0 thru -1.0,"[{""value"": ""-996.0"", ""label"": ""No parent in household""}, {""value"": ""-99.0"", ""label"": ""MP Not interviewed""}, {""value"": ""1.0"", ""label"": ""Employers in large organisations""}, {""value"": ""2.0"", ""label"": ""Higher managerial occupations""}, {""value"": ""3.1"", ""label"": ""Higher professional traditional employee""}, {""value"": ""3.2"", ""label"": ""Higher professional new employee""}, {""value"": ""3.3"", ""label"": ""Higher professional traditional self emp""}, {""value"": ""3.4"", ""label"": ""Higher professional new self emp""}, {""value"": ""4.1"", ""label"": ""Lower professional traditional employee""}, {""value"": ""4.2"", ""label"": ""Lower professional new employee""}, {""value"": ""4.3"", ""label"": ""Lower professional traditional self emp""}, {""value"": ""4.4"", ""label"": ""Lower professional new self emp""}, {""value"": ""5.0"", ""label"": ""Lower managerial occupations""}, {""value"": ""6.0"", ""label"": ""Higher supervisory occupations""}, {""value"": ""7.1"", ""label"": ""Intermediate clerical and administrative""}, {""value"": ""7.2"", ""label"": ""Intermediate sales and service""}, {""value"": ""7.3"", ""label"": ""Intermediate technical and auxiliary""}, {""value"": ""7.4"", ""label"": ""Intermediate engineering""}, {""value"": ""8.1"", ""label"": ""Employers in small orgs non-professional""}, {""value"": ""8.2"", ""label"": ""Employers in small orgs agriculture""}, {""value"": ""9.1"", ""label"": ""Own account workers non professional""}, {""value"": ""9.2"", ""label"": ""Own account workers agriculture""}, {""value"": ""10.0"", ""label"": ""Lower supervisory occupations""}, {""value"": ""11.1"", ""label"": ""Lower technical craft""}, {""value"": ""11.2"", ""label"": ""Lower technical process operative""}, {""value"": ""12.1"", ""label"": ""Semi routine sales""}, {""value"": ""12.2"", ""label"": ""Semi routine services""}, {""value"": ""12.3"", ""label"": ""Semi routine technical""}, {""value"": ""12.4"", ""label"": ""Semi routine operative""}, {""value"": ""12.5"", ""label"": ""Semi routine agricultural""}, {""value"": ""12.6"", ""label"": ""Semi routine clerical""}, {""value"": ""12.7"", ""label"": ""Semi routine childcare""}, {""value"": ""13.1"", ""label"": ""Routine sales and service""}, {""value"": ""13.2"", ""label"": ""Routine production""}, {""value"": ""13.3"", ""label"": ""Routine technical""}, {""value"": ""13.4"", ""label"": ""Routine operative""}, {""value"": ""13.5"", ""label"": ""Routine agricultural""}, {""value"": ""14.1"", ""label"": ""Never worked""}, {""value"": ""14.2"", ""label"": ""Long-term unemployed""}, {""value"": ""14.3"", ""label"": ""Not currently working""}, {""value"": ""15.0"", ""label"": ""Full-time students""}, {""value"": ""16.0"", ""label"": ""Not classified or inadequately stated""}, {""value"": ""17.0"", ""label"": ""Not classifiable for other reasons""}]"
382,w4cnsseccatSP,DV: SP's current NS-SEC operational category,numeric,NOMINAL,-999.0 thru -1.0,"[{""value"": ""-996.0"", ""label"": ""No parent in household""}, {""value"": ""-99.0"", ""label"": ""MP not interviewed""}, {""value"": ""-98.0"", ""label"": ""SP not present""}, {""value"": ""1.0"", ""label"": ""Employers in large organisations""}, {""value"": ""2.0"", ""label"": ""Higher managerial occupations""}, {""value"": ""3.1"", ""label"": ""Higher professional traditional employee""}, {""value"": ""3.2"", ""label"": ""Higher professional new employee""}, {""value"": ""3.3"", ""label"": ""Higher professional traditional self emp""}, {""value"": ""3.4"", ""label"": ""Higher professional new self emp""}, {""value"": ""4.1"", ""label"": ""Lower professional traditional employee""}, {""value"": ""4.2"", ""label"": ""Lower professional new employee""}, {""value"": ""4.3"", ""label"": ""Lower professional traditional self emp""}, {""value"": ""4.4"", ""label"": ""Lower professional new self emp""}, {""value"": ""5.0"", ""label"": ""Lower managerial occupations""}, {""value"": ""6.0"", ""label"": ""Higher supervisory occupations""}, {""value"": ""7.1"", ""label"": ""Intermediate clerical and administrative""}, {""value"": ""7.2"", ""label"": ""Intermediate sales and service""}, {""value"": ""7.3"", ""label"": ""Intermediate technical and auxiliary""}, {""value"": ""7.4"", ""label"": ""Intermediate engineering""}, {""value"": ""8.1"", ""label"": ""Employers in small orgs non-professional""}, {""value"": ""8.2"", ""label"": ""Employers in small orgs agriculture""}, {""value"": ""9.1"", ""label"": ""Own account workers non professional""}, {""value"": ""9.2"", ""label"": ""Own account workers agriculture""}, {""value"": ""10.0"", ""label"": ""Lower supervisory occupations""}, {""value"": ""11.1"", ""label"": ""Lower technical craft""}, {""value"": ""11.2"", ""label"": ""Lower technical process operative""}, {""value"": ""12.1"", ""label"": ""Semi routine sales""}, {""value"": ""12.2"", ""label"": ""Semi routine services""}, {""value"": ""12.3"", ""label"": ""Semi routine technical""}, {""value"": ""12.4"", ""label"": ""Semi routine operative""}, {""value"": ""12.5"", ""label"": ""Semi routine agricultural""}, {""value"": ""12.6"", ""label"": ""Semi routine clerical""}, {""value"": ""12.7"", ""label"": ""Semi routine childcare""}, {""value"": ""13.1"", ""label"": ""Routine sales and service""}, {""value"": ""13.2"", ""label"": ""Routine production""}, {""value"": ""13.3"", ""label"": ""Routine technical""}, {""value"": ""13.4"", ""label"": ""Routine operative""}, {""value"": ""13.5"", ""label"": ""Routine agricultural""}, {""value"": ""14.1"", ""label"": ""Never worked""}, {""value"": ""14.2"", ""label"": ""Long-term unemployed""}, {""value"": ""14.3"", ""label"": ""Not currently working""}, {""value"": ""15.0"", ""label"": ""Full-time students""}, {""value"": ""16.0"", ""label"": ""Not classified or inadequately stated""}, {""value"": ""17.0"", ""label"": ""Not classifiable for other reasons""}]"
383,w4cnsseccatmum,DV: Mother's current NS-SEC operational category,numeric,NOMINAL,-999.0 thru -1.0,"[{""value"": ""-999.0"", ""label"": ""Missing household information""}, {""value"": ""-99.0"", ""label"": ""Mother not interviewed""}, {""value"": ""-98.0"", ""label"": ""Mother not present""}, {""value"": ""-94.0"", ""label"": ""Insufficient information""}, {""value"": ""1.0"", ""label"": ""Employers in large organisations""}, {""value"": ""2.0"", ""label"": ""Higher managerial occupations""}, {""value"": ""3.1"", ""label"": ""Higher professional traditional employee""}, {""value"": ""3.2"", ""label"": ""Higher professional new employee""}, {""value"": ""3.3"", ""label"": ""Higher professional traditional self emp""}, {""value"": ""3.4"", ""label"": ""Higher professional new self emp""}, {""value"": ""4.1"", ""label"": ""Lower professional traditional employee""}, {""value"": ""4.2"", ""label"": ""Lower professional new employee""}, {""value"": ""4.3"", ""label"": ""Lower professional traditional self emp""}, {""value"": ""4.4"", ""label"": ""Lower professional new self emp""}, {""value"": ""5.0"", ""label"": ""Lower managerial occupations""}, {""value"": ""6.0"", ""label"": ""Higher supervisory occupations""}, {""value"": ""7.1"", ""label"": ""Intermediate clerical and administrative""}, {""value"": ""7.2"", ""label"": ""Intermediate sales and service""}, {""value"": ""7.3"", ""label"": ""Intermediate technical and auxiliary""}, {""value"": ""7.4"", ""label"": ""Intermediate engineering""}, {""value"": ""8.1"", ""label"": ""Employers in small orgs non-professional""}, {""value"": ""8.2"", ""label"": ""Employers in small orgs agriculture""}, {""value"": ""9.1"", ""label"": ""Own account workers non professional""}, {""value"": ""9.2"", ""label"": ""Own account workers agriculture""}, {""value"": ""10.0"", ""label"": ""Lower supervisory occupations""}, {""value"": ""11.1"", ""label"": ""Lower technical craft""}, {""value"": ""11.2"", ""label"": ""Lower technical process operative""}, {""value"": ""12.1"", ""label"": ""Semi routine sales""}, {""value"": ""12.2"", ""label"": ""Semi routine services""}, {""value"": ""12.3"", ""label"": ""Semi routine technical""}, {""value"": ""12.4"", ""label"": ""Semi routine operative""}, {""value"": ""12.5"", ""label"": ""Semi routine agricultural""}, {""value"": ""12.6"", ""label"": ""Semi routine clerical""}, {""value"": ""12.7"", ""label"": ""Semi routine childcare""}, {""value"": ""13.1"", ""label"": ""Routine sales and service""}, {""value"": ""13.2"", ""label"": ""Routine production""}, {""value"": ""13.3"", ""label"": ""Routine technical""}, {""value"": ""13.4"", ""label"": ""Routine operative""}, {""value"": ""13.5"", ""label"": ""Routine agricultural""}, {""value"": ""14.1"", ""label"": ""Never worked""}, {""value"": ""14.2"", ""label"": ""Long-term unemployed""}, {""value"": ""14.3"", ""label"": ""Not currently working""}, {""value"": ""15.0"", ""label"": ""Full-time students""}, {""value"": ""16.0"", ""label"": ""Not classified or inadequately stated""}, {""value"": ""17.0"", ""label"": ""Not classifiable for other reasons""}]"
384,w4cnsseccatdad,DV: Father's current NS-SEC operational category,numeric,NOMINAL,-999.0 thru -1.0,"[{""value"": ""-999.0"", ""label"": ""Missing household information""}, {""value"": ""-99.0"", ""label"": ""Father not interviewed""}, {""value"": ""-98.0"", ""label"": ""Father not present""}, {""value"": ""-94.0"", ""label"": ""Insufficient information""}, {""value"": ""1.0"", ""label"": ""Employers in large organisations""}, {""value"": ""2.0"", ""label"": ""Higher managerial occupations""}, {""value"": ""3.1"", ""label"": ""Higher professional traditional employee""}, {""value"": ""3.2"", ""label"": ""Higher professional new employee""}, {""value"": ""3.3"", ""label"": ""Higher professional traditional self emp""}, {""value"": ""3.4"", ""label"": ""Higher professional new self emp""}, {""value"": ""4.1"", ""label"": ""Lower professional traditional employee""}, {""value"": ""4.2"", ""label"": ""Lower professional new employee""}, {""value"": ""4.3"", ""label"": ""Lower professional traditional self emp""}, {""value"": ""4.4"", ""label"": ""Lower professional new self emp""}, {""value"": ""5.0"", ""label"": ""Lower managerial occupations""}, {""value"": ""6.0"", ""label"": ""Higher supervisory occupations""}, {""value"": ""7.1"", ""label"": ""Intermediate clerical and administrative""}, {""value"": ""7.2"", ""label"": ""Intermediate sales and service""}, {""value"": ""7.3"", ""label"": ""Intermediate technical and auxiliary""}, {""value"": ""7.4"", ""label"": ""Intermediate engineering""}, {""value"": ""8.1"", ""label"": ""Employers in small orgs non-professional""}, {""value"": ""8.2"", ""label"": ""Employers in small orgs agriculture""}, {""value"": ""9.1"", ""label"": ""Own account workers non professional""}, {""value"": ""9.2"", ""label"": ""Own account workers agriculture""}, {""value"": ""10.0"", ""label"": ""Lower supervisory occupations""}, {""value"": ""11.1"", ""label"": ""Lower technical craft""}, {""value"": ""11.2"", ""label"": ""Lower technical process operative""}, {""value"": ""12.1"", ""label"": ""Semi routine sales""}, {""value"": ""12.2"", ""label"": ""Semi routine services""}, {""value"": ""12.3"", ""label"": ""Semi routine technical""}, {""value"": ""12.4"", ""label"": ""Semi routine operative""}, {""value"": ""12.5"", ""label"": ""Semi routine agricultural""}, {""value"": ""12.6"", ""label"": ""Semi routine clerical""}, {""value"": ""12.7"", ""label"": ""Semi routine childcare""}, {""value"": ""13.1"", ""label"": ""Routine sales and service""}, {""value"": ""13.2"", ""label"": ""Routine production""}, {""value"": ""13.3"", ""label"": ""Routine technical""}, {""value"": ""13.4"", ""label"": ""Routine operative""}, {""value"": ""13.5"", ""label"": ""Routine agricultural""}, {""value"": ""14.1"", ""label"": ""Never worked""}, {""value"": ""14.2"", ""label"": ""Long-term unemployed""}, {""value"": ""14.3"", ""label"": ""Not currently working""}, {""value"": ""15.0"", ""label"": ""Full-time students""}, {""value"": ""16.0"", ""label"": ""Not classified or inadequately stated""}, {""value"": ""17.0"", ""label"": ""Not classifiable for other reasons""}]"
385,w4cnsseccatfam,DV: Family's current NS-SEC operational category (from household reference person),numeric,NOMINAL,-999.0 thru -1.0,"[{""value"": ""-999.0"", ""label"": ""Missing household information""}, {""value"": ""-996.0"", ""label"": ""No parent in household""}, {""value"": ""-99.0"", ""label"": ""HRP not interviewed""}, {""value"": ""-94.0"", ""label"": ""Insufficient information""}, {""value"": ""1.0"", ""label"": ""Employers in large organisations""}, {""value"": ""2.0"", ""label"": ""Higher managerial occupations""}, {""value"": ""3.1"", ""label"": ""Higher professional traditional employee""}, {""value"": ""3.2"", ""label"": ""Higher professional new employee""}, {""value"": ""3.3"", ""label"": ""Higher professional traditional self emp""}, {""value"": ""3.4"", ""label"": ""Higher professional new self emp""}, {""value"": ""4.1"", ""label"": ""Lower professional traditional employee""}, {""value"": ""4.2"", ""label"": ""Lower professional new employee""}, {""value"": ""4.3"", ""label"": ""Lower professional traditional self emp""}, {""value"": ""4.4"", ""label"": ""Lower professional new self emp""}, {""value"": ""5.0"", ""label"": ""Lower managerial occupations""}, {""value"": ""6.0"", ""label"": ""Higher supervisory occupations""}, {""value"": ""7.1"", ""label"": ""Intermediate clerical and administrative""}, {""value"": ""7.2"", ""label"": ""Intermediate sales and service""}, {""value"": ""7.3"", ""label"": ""Intermediate technical and auxiliary""}, {""value"": ""7.4"", ""label"": ""Intermediate engineering""}, {""value"": ""8.1"", ""label"": ""Employers in small orgs non-professional""}, {""value"": ""8.2"", ""label"": ""Employers in small orgs agriculture""}, {""value"": ""9.1"", ""label"": ""Own account workers non professional""}, {""value"": ""9.2"", ""label"": ""Own account workers agriculture""}, {""value"": ""10.0"", ""label"": ""Lower supervisory occupations""}, {""value"": ""11.1"", ""label"": ""Lower technical craft""}, {""value"": ""11.2"", ""label"": ""Lower technical process operative""}, {""value"": ""12.1"", ""label"": ""Semi routine sales""}, {""value"": ""12.2"", ""label"": ""Semi routine services""}, {""value"": ""12.3"", ""label"": ""Semi routine technical""}, {""value"": ""12.4"", ""label"": ""Semi routine operative""}, {""value"": ""12.5"", ""label"": ""Semi routine agricultural""}, {""value"": ""12.6"", ""label"": ""Semi routine clerical""}, {""value"": ""12.7"", ""label"": ""Semi routine childcare""}, {""value"": ""13.1"", ""label"": ""Routine sales and service""}, {""value"": ""13.2"", ""label"": ""Routine production""}, {""value"": ""13.3"", ""label"": ""Routine technical""}, {""value"": ""13.4"", ""label"": ""Routine operative""}, {""value"": ""13.5"", ""label"": ""Routine agricultural""}, {""value"": ""14.1"", ""label"": ""Never worked""}, {""value"": ""14.2"", ""label"": ""Long-term unemployed""}, {""value"": ""14.3"", ""label"": ""Not currently working (See w4empshrp for more details)""}, {""value"": ""15.0"", ""label"": ""Full-time students""}, {""value"": ""16.0"", ""label"": ""Not classified or inadequately stated""}, {""value"": ""17.0"", ""label"": ""Not classifiable for other reasons""}]"
386,w4cnssecMP,DV: MP's current NS-SEC class,numeric,NOMINAL,-999.0 thru -1.0,"[{""value"": ""-996.0"", ""label"": ""No parent in the household""}, {""value"": ""-99.0"", ""label"": ""MP not interviewed""}, {""value"": ""-94.0"", ""label"": ""Insufficient information""}, {""value"": ""-92.0"", ""label"": ""Refused""}, {""value"": ""-91.0"", ""label"": ""Not applicable""}, {""value"": ""1.0"", ""label"": ""Higher Managerial and professional occupations""}, {""value"": ""2.0"", ""label"": ""Lower managerial and professional occupations""}, {""value"": ""3.0"", ""label"": ""Intermediate occupations""}, {""value"": ""4.0"", ""label"": ""Small employers and own account workers""}, {""value"": ""5.0"", ""label"": ""Lower supervisory and technical occupations""}, {""value"": ""6.0"", ""label"": ""Semi-routine occupations""}, {""value"": ""7.0"", ""label"": ""Routine occupations""}, {""value"": ""8.0"", ""label"": ""Not currently working""}]"
387,w4cnssecSP,DV: SP's current NS-SEC class,numeric,NOMINAL,-999.0 thru -1.0,"[{""value"": ""-996.0"", ""label"": ""No parent in the household""}, {""value"": ""-99.0"", ""label"": ""MP not interviewed""}, {""value"": ""-98.0"", ""label"": ""SP not present""}, {""value"": ""-94.0"", ""label"": ""Insufficient information""}, {""value"": ""-92.0"", ""label"": ""Refused""}, {""value"": ""-91.0"", ""label"": ""Not applicable""}, {""value"": ""1.0"", ""label"": ""Higher Managerial and professional occupations""}, {""value"": ""2.0"", ""label"": ""Lower managerial and professional occupations""}, {""value"": ""3.0"", ""label"": ""Intermediate occupations""}, {""value"": ""4.0"", ""label"": ""Small employers and own account workers""}, {""value"": ""5.0"", ""label"": ""Lower supervisory and technical occupations""}, {""value"": ""6.0"", ""label"": ""Semi-routine occupations""}, {""value"": ""7.0"", ""label"": ""Routine occupations""}, {""value"": ""8.0"", ""label"": ""Not currently working""}]"
388,w4cnssecmum,DV: Mother's current NS-SEC class,numeric,NOMINAL,-999.0 thru -1.0,"[{""value"": ""-999.0"", ""label"": ""Missing household information""}, {""value"": ""-99.0"", ""label"": ""Mother not interviewed""}, {""value"": ""-98.0"", ""label"": ""Mother not present""}, {""value"": ""-94.0"", ""label"": ""Insufficient information""}, {""value"": ""-92.0"", ""label"": ""Refused""}, {""value"": ""-91.0"", ""label"": ""Not applicable""}, {""value"": ""1.0"", ""label"": ""Higher Managerial and professional occupations""}, {""value"": ""2.0"", ""label"": ""Lower managerial and professional occupations""}, {""value"": ""3.0"", ""label"": ""Intermediate occupations""}, {""value"": ""4.0"", ""label"": ""Small employers and own account workers""}, {""value"": ""5.0"", ""label"": ""Lower supervisory and technical occupations""}, {""value"": ""6.0"", ""label"": ""Semi-routine occupations""}, {""value"": ""7.0"", ""label"": ""Routine occupations""}, {""value"": ""8.0"", ""label"": ""Not currently working""}]"
389,w4cnssecdad,DV: Father's current NS-SEC class,numeric,NOMINAL,-999.0 thru -1.0,"[{""value"": ""-999.0"", ""label"": ""Missing household information""}, {""value"": ""-99.0"", ""label"": ""Father not interviewed""}, {""value"": ""-98.0"", ""label"": ""Father not present""}, {""value"": ""-94.0"", ""label"": ""Insufficient information""}, {""value"": ""-92.0"", ""label"": ""Refused""}, {""value"": ""-91.0"", ""label"": ""Not applicable""}, {""value"": ""1.0"", ""label"": ""Higher Managerial and professional occupations""}, {""value"": ""2.0"", ""label"": ""Lower managerial and professional occupations""}, {""value"": ""3.0"", ""label"": ""Intermediate occupations""}, {""value"": ""4.0"", ""label"": ""Small employers and own account workers""}, {""value"": ""5.0"", ""label"": ""Lower supervisory and technical occupations""}, {""value"": ""6.0"", ""label"": ""Semi-routine occupations""}, {""value"": ""7.0"", ""label"": ""Routine occupations""}, {""value"": ""8.0"", ""label"": ""Not currently working""}]"
390,w4cnssecfam,DV: Family's current NS-SEC class (from household reference person),numeric,NOMINAL,-999.0 thru -1.0,"[{""value"": ""-999.0"", ""label"": ""Missing household information""}, {""value"": ""-996.0"", ""label"": ""No parent in the household""}, {""value"": ""-99.0"", ""label"": ""HRP not interviewed""}, {""value"": ""-94.0"", ""label"": ""Insufficient information""}, {""value"": ""-92.0"", ""label"": ""Refused""}, {""value"": ""-91.0"", ""label"": ""Not applicable""}, {""value"": ""1.0"", ""label"": ""Higher Managerial and professional occupations""}, {""value"": ""2.0"", ""label"": ""Lower managerial and professional occupations""}, {""value"": ""3.0"", ""label"": ""Intermediate occupations""}, {""value"": ""4.0"", ""label"": ""Small employers and own account workers""}, {""value"": ""5.0"", ""label"": ""Lower supervisory and technical occupations""}, {""value"": ""6.0"", ""label"": ""Semi-routine occupations""}, {""value"": ""7.0"", ""label"": ""Routine occupations""}, {""value"": ""8.0"", ""label"": ""Not currently working (See w4empshrp for more details)""}]"
391,w4wrkfullMP,DV: Whether main parent works full or part-time,numeric,NOMINAL,-999.0 thru -1.0,"[{""value"": ""-996.0"", ""label"": ""No parent in household""}, {""value"": ""-99.0"", ""label"": ""MP not interviewed""}, {""value"": ""-94.0"", ""label"": ""Insufficient information""}, {""value"": ""-92.0"", ""label"": ""Refusal""}, {""value"": ""1.0"", ""label"": ""Working full-time""}, {""value"": ""2.0"", ""label"": ""Working part-time""}, {""value"": ""3.0"", ""label"": ""Currently not working""}]"
392,w4wrkfullSP,DV: Whether second parent works full or part-time,numeric,NOMINAL,-999.0 thru -1.0,"[{""value"": ""-996.0"", ""label"": ""No parent in household""}, {""value"": ""-99.0"", ""label"": ""MP not interviewed""}, {""value"": ""-98.0"", ""label"": ""SP not present""}, {""value"": ""-94.0"", ""label"": ""Insufficient information""}, {""value"": ""-92.0"", ""label"": ""Refusal""}, {""value"": ""1.0"", ""label"": ""Working full-time""}, {""value"": ""2.0"", ""label"": ""Working part-time""}, {""value"": ""3.0"", ""label"": ""Currently not working""}]"
393,w4wrkfulldad,DV: Whether father works full or part-time,numeric,NOMINAL,-999.0 thru -1.0,"[{""value"": ""-999.0"", ""label"": ""Missing household information""}, {""value"": ""-99.0"", ""label"": ""Father not interviewed""}, {""value"": ""-98.0"", ""label"": ""Father not present""}, {""value"": ""-94.0"", ""label"": ""Insufficient information""}, {""value"": ""-92.0"", ""label"": ""Refusal""}, {""value"": ""1.0"", ""label"": ""Working full-time""}, {""value"": ""2.0"", ""label"": ""Working part-time""}, {""value"": ""3.0"", ""label"": ""Currently not working""}]"
394,w4wrkfullmum,DV: Whether mother works full or part-time,numeric,NOMINAL,-999.0 thru -1.0,"[{""value"": ""-999.0"", ""label"": ""Missing household information""}, {""value"": ""-99.0"", ""label"": ""Mother not interviewed""}, {""value"": ""-98.0"", ""label"": ""Mother not present""}, {""value"": ""-94.0"", ""label"": ""Insufficient information""}, {""value"": ""1.0"", ""label"": ""Working full-time""}, {""value"": ""2.0"", ""label"": ""Working part-time""}, {""value"": ""3.0"", ""label"": ""Currently not working""}]"
395,w4wrkcurMP,DV: Whether main parent is working or not,numeric,NOMINAL,-999.0 thru -1.0,"[{""value"": ""-999.0"", ""label"": ""Missing household information""}, {""value"": ""-996.0"", ""label"": ""No parent in household""}, {""value"": ""-99.0"", ""label"": ""MP not interviewed""}, {""value"": ""-98.0"", ""label"": ""Mother not present""}, {""value"": ""-94.0"", ""label"": ""Insufficient information""}, {""value"": ""-92.0"", ""label"": ""Refusal""}, {""value"": ""1.0"", ""label"": ""Currently working""}, {""value"": ""2.0"", ""label"": ""Currently not working""}]"
396,w4wrkcurSP,DV: Whether second parent is working or not,numeric,NOMINAL,-999.0 thru -1.0,"[{""value"": ""-999.0"", ""label"": ""Missing household information""}, {""value"": ""-996.0"", ""label"": ""No parent in household""}, {""value"": ""-99.0"", ""label"": ""SP not interviewed""}, {""value"": ""-98.0"", ""label"": ""SP not present""}, {""value"": ""-94.0"", ""label"": ""Insufficient information""}, {""value"": ""-92.0"", ""label"": ""Refusal""}, {""value"": ""1.0"", ""label"": ""Currently working""}, {""value"": ""2.0"", ""label"": ""Currently not working""}]"
397,w4wrkcurdad,DV: Whether father is working or not,numeric,NOMINAL,-999.0 thru -1.0,"[{""value"": ""-999.0"", ""label"": ""Missing household information""}, {""value"": ""-996.0"", ""label"": ""No parent in household""}, {""value"": ""-99.0"", ""label"": ""Father not interviewed""}, {""value"": ""-98.0"", ""label"": ""Father not present""}, {""value"": ""-94.0"", ""label"": ""Insufficient information""}, {""value"": ""-92.0"", ""label"": ""Refusal""}, {""value"": ""1.0"", ""label"": ""Currently working""}, {""value"": ""2.0"", ""label"": ""Currently not working""}]"
398,w4wrkcurmum,DV: Whether mother is working or not,numeric,NOMINAL,-999.0 thru -1.0,"[{""value"": ""-999.0"", ""label"": ""Missing household information""}, {""value"": ""-99.0"", ""label"": ""Mother not interviewed""}, {""value"": ""-98.0"", ""label"": ""Mother not present""}, {""value"": ""-94.0"", ""label"": ""Insufficient information""}, {""value"": ""-91.0"", ""label"": ""Not applicable""}, {""value"": ""1.0"", ""label"": ""Currently working""}, {""value"": ""2.0"", ""label"": ""Currently not working""}]"
399,w4SOCMajorSP,DV: Major groupings for second parent SOC,numeric,NOMINAL,-999.0 thru -1.0,"[{""value"": ""-997.0"", ""label"": ""Script error""}, {""value"": ""-996.0"", ""label"": ""No parent in household""}, {""value"": ""-99.0"", ""label"": ""SP not interviewed""}, {""value"": ""-98.0"", ""label"": ""SP not present""}, {""value"": ""-94.0"", ""label"": ""Insufficent information""}, {""value"": ""-91.0"", ""label"": ""Not applicable""}, {""value"": ""1.0"", ""label"": ""Managers and senior officials""}, {""value"": ""2.0"", ""label"": ""Professional occupations""}, {""value"": ""3.0"", ""label"": ""Associate professional and technical occupations""}, {""value"": ""4.0"", ""label"": ""Administrative and secretarial occupations""}, {""value"": ""5.0"", ""label"": ""Skilled trades occupations""}, {""value"": ""6.0"", ""label"": ""Personal service occupations""}, {""value"": ""7.0"", ""label"": ""Sales and customer service occupations""}, {""value"": ""8.0"", ""label"": ""Process, plant and machine operatives""}, {""value"": ""9.0"", ""label"": ""Elementary occupations""}]"
400,w4SOCMajorMP,DV: Major groupings for main parent SOC,numeric,NOMINAL,-999.0 thru -1.0,"[{""value"": ""-996.0"", ""label"": ""No parent in household""}, {""value"": ""-99.0"", ""label"": ""MP not interviewed""}, {""value"": ""-94.0"", ""label"": ""Insufficent information""}, {""value"": ""-91.0"", ""label"": ""Not applicable""}, {""value"": ""1.0"", ""label"": ""Managers and senior officials""}, {""value"": ""2.0"", ""label"": ""Professional occupations""}, {""value"": ""3.0"", ""label"": ""Associate professional and technical occupations""}, {""value"": ""4.0"", ""label"": ""Administrative and secretarial occupations""}, {""value"": ""5.0"", ""label"": ""Skilled trades occupations""}, {""value"": ""6.0"", ""label"": ""Personal service occupations""}, {""value"": ""7.0"", ""label"": ""Sales and customer service occupations""}, {""value"": ""8.0"", ""label"": ""Process, plant and machine operatives""}, {""value"": ""9.0"", ""label"": ""Elementary occupations""}]"
401,w4MainresPOS,DV: Whether W4 MP was main or second parent at Wave 3,numeric,NOMINAL,-999.0 thru -1.0,"[{""value"": ""-999.0"", ""label"": ""Missing household data""}, {""value"": ""-996.0"", ""label"": ""No parent in household""}, {""value"": ""-98.0"", ""label"": ""MP not present""}, {""value"": ""-94.0"", ""label"": ""Insufficient information""}, {""value"": ""-91.0"", ""label"": ""Not applicable""}, {""value"": ""1.0"", ""label"": ""Same MP at both Waves""}, {""value"": ""2.0"", ""label"": ""MP was SP at Wave 3""}, {""value"": ""3.0"", ""label"": ""MP at Wave 4 not identified as MP""}]"
402,w4SecoresPOS,DV: Whether W4 SP was main or second parent at Wave 3,numeric,NOMINAL,-999.0 thru -1.0,"[{""value"": ""-999.0"", ""label"": ""Missing household data""}, {""value"": ""-996.0"", ""label"": ""No parent in household""}, {""value"": ""-98.0"", ""label"": ""SP not present""}, {""value"": ""-94.0"", ""label"": ""Insufficient information""}, {""value"": ""-91.0"", ""label"": ""Not applicable""}, {""value"": ""1.0"", ""label"": ""Same SP at both Waves""}, {""value"": ""2.0"", ""label"": ""SP was MP at Wave 3""}, {""value"": ""3.0"", ""label"": ""SP at Wave 4 not identified as MP/SP at Wave 3, or was not i""}]"
403,w4cgempsMP,DV: Whether MP's employment status changed since previous interview,numeric,NOMINAL,-999.0 thru -1.0,"[{""value"": ""-996.0"", ""label"": ""No parent in the household""}, {""value"": ""-99.0"", ""label"": ""MP not interviewed""}, {""value"": ""-94.0"", ""label"": ""Insufficient information""}, {""value"": ""-92.0"", ""label"": ""Refused""}, {""value"": ""-91.0"", ""label"": ""Not applicable""}, {""value"": ""0.0"", ""label"": ""No""}, {""value"": ""1.0"", ""label"": ""Yes""}]"
404,w4cgempsSP,DV: Whether SP's employment status changed since previous interview,numeric,NOMINAL,-999.0 thru -1.0,"[{""value"": ""-996.0"", ""label"": ""No parent in the household""}, {""value"": ""-99.0"", ""label"": ""SP not interviewed""}, {""value"": ""-98.0"", ""label"": ""SP not present""}, {""value"": ""-94.0"", ""label"": ""Insufficient information""}, {""value"": ""-91.0"", ""label"": ""Not applicable""}, {""value"": ""0.0"", ""label"": ""No""}, {""value"": ""1.0"", ""label"": ""Yes""}]"
405,w4cgempsdad,DV: Whether father's employment status changed since previous interview,numeric,NOMINAL,-999.0 thru -1.0,"[{""value"": ""-999.0"", ""label"": ""Missing household data""}, {""value"": ""-99.0"", ""label"": ""Father not interviewed""}, {""value"": ""-98.0"", ""label"": ""Father not present""}, {""value"": ""-94.0"", ""label"": ""Insufficient information""}, {""value"": ""-92.0"", ""label"": ""Refusal""}, {""value"": ""-91.0"", ""label"": ""Not applicable""}, {""value"": ""0.0"", ""label"": ""No""}, {""value"": ""1.0"", ""label"": ""Yes""}]"
406,w4cgempsmum,DV: Whether mother's employment status changed since previous interview,numeric,NOMINAL,-999.0 thru -1.0,"[{""value"": ""-999.0"", ""label"": ""Missing - household data lost""}, {""value"": ""-99.0"", ""label"": ""Mother not interviewed""}, {""value"": ""-98.0"", ""label"": ""Mother not present""}, {""value"": ""-94.0"", ""label"": ""Insufficient information""}, {""value"": ""-91.0"", ""label"": ""Not applicable""}, {""value"": ""0.0"", ""label"": ""No""}, {""value"": ""1.0"", ""label"": ""Yes""}]"
407,w4IncEstM,DV: Total gross monthly income for main parent (and partner),numeric,SCALE,-999.0 thru -1.0,"[{""value"": ""-996.0"", ""label"": ""No parent in household""}, {""value"": ""-99.0"", ""label"": ""MP not interviewed""}, {""value"": ""-92.0"", ""label"": ""Refused""}, {""value"": ""-1.0"", ""label"": ""Don't know""}, {""value"": ""1.0"", ""label"": ""Up to £216""}, {""value"": ""2.0"", ""label"": ""£217 up to £432""}, {""value"": ""3.0"", ""label"": ""£433 up to £866""}, {""value"": ""4.0"", ""label"": ""£876 up to £1,299""}, {""value"": ""5.0"", ""label"": ""£1,300 up to £1,732""}, {""value"": ""6.0"", ""label"": ""£1,733 up to £2,166""}, {""value"": ""7.0"", ""label"": ""£2,167 up to £2,599""}, {""value"": ""8.0"", ""label"": ""£2,600 up to £3,032""}, {""value"": ""9.0"", ""label"": ""£3,033 up to £3,466""}, {""value"": ""10.0"", ""label"": ""£3,467 up to £3,899""}, {""value"": ""11.0"", ""label"": ""£3,900 up to £4,332""}, {""value"": ""12.0"", ""label"": ""£4,333 or more""}]"
408,w4IncEstW,DV: Total gross weekly income for main parent (and partner),numeric,SCALE,-999.0 thru -1.0,"[{""value"": ""-996.0"", ""label"": ""No parent in household""}, {""value"": ""-99.0"", ""label"": ""MP not interviewed""}, {""value"": ""-92.0"", ""label"": ""Refused""}, {""value"": ""-1.0"", ""label"": ""Don't know""}, {""value"": ""1.0"", ""label"": ""Up to £49""}, {""value"": ""2.0"", ""label"": ""£50 up to £99""}, {""value"": ""3.0"", ""label"": ""£100 up to £199""}, {""value"": ""4.0"", ""label"": ""£200 up to £299""}, {""value"": ""5.0"", ""label"": ""£300 up to £399""}, {""value"": ""6.0"", ""label"": ""£400 up to £499""}, {""value"": ""7.0"", ""label"": ""£500 up to £599""}, {""value"": ""8.0"", ""label"": ""£600 up to £699""}, {""value"": ""9.0"", ""label"": ""£700 up to £799""}, {""value"": ""10.0"", ""label"": ""£800 up to £899""}, {""value"": ""11.0"", ""label"": ""£900 up to £999""}, {""value"": ""12.0"", ""label"": ""£1,000 or more""}]"
409,w4hiqualMP,"DV: Highest qualification held by main parent (detailed) - Source: Main W1 or W2 MP, Boost W4 MP",numeric,NOMINAL,-999.0 thru -1.0,"[{""value"": ""-996.0"", ""label"": ""No parent in household""}, {""value"": ""-99.0"", ""label"": ""MP not interviewed""}, {""value"": ""-94.0"", ""label"": ""Insufficient Information""}, {""value"": ""1.0"", ""label"": ""Higher Degree""}, {""value"": ""2.0"", ""label"": ""First Degree""}, {""value"": ""3.0"", ""label"": ""HE Diploma""}, {""value"": ""4.0"", ""label"": ""HNC/HND/NVQ4""}, {""value"": ""5.0"", ""label"": ""Teaching qualification, non-degree""}, {""value"": ""6.0"", ""label"": ""Nursing qualification, non-degree""}, {""value"": ""7.0"", ""label"": ""A Levels""}, {""value"": ""8.0"", ""label"": ""OND/ONC""}, {""value"": ""9.0"", ""label"": ""City and guilds part III, NVQ3""}, {""value"": ""10.0"", ""label"": ""CSYS""}, {""value"": ""11.0"", ""label"": ""Scottish Higher Grade""}, {""value"": ""12.0"", ""label"": ""AS Level""}, {""value"": ""13.0"", ""label"": ""Trade apprenticeship""}, {""value"": ""14.0"", ""label"": ""City and guilds part II, NVQ2""}, {""value"": ""15.0"", ""label"": ""GCSE grade A-C and equivalent""}, {""value"": ""16.0"", ""label"": ""GCSE grade D-E and equivalent""}, {""value"": ""17.0"", ""label"": ""City and guilds part I, NVQ1""}, {""value"": ""18.0"", ""label"": ""Youth training, skill seekers""}, {""value"": ""19.0"", ""label"": ""Qualification, level unspecified""}, {""value"": ""20.0"", ""label"": ""No qualification mentioned""}]"
410,w4hiqualSP,"DV: Highest qualification held by second parent (detailed) - Source: Main W1 or W2 SP, Boost W4 MP",numeric,NOMINAL,-999.0 thru -1.0,"[{""value"": ""-996.0"", ""label"": ""No parent in household""}, {""value"": ""-99.0"", ""label"": ""MP/SP not interviewed""}, {""value"": ""-98.0"", ""label"": ""SP not present""}, {""value"": ""-94.0"", ""label"": ""Insufficient Information""}, {""value"": ""-91.0"", ""label"": ""Not applicable""}, {""value"": ""1.0"", ""label"": ""Higher Degree""}, {""value"": ""2.0"", ""label"": ""First Degree""}, {""value"": ""3.0"", ""label"": ""HE Diploma""}, {""value"": ""4.0"", ""label"": ""HNC/HND/NVQ4""}, {""value"": ""5.0"", ""label"": ""Teaching qualification, non-degree""}, {""value"": ""6.0"", ""label"": ""Nursing qualification, non-degree""}, {""value"": ""7.0"", ""label"": ""A Levels""}, {""value"": ""8.0"", ""label"": ""OND/ONC""}, {""value"": ""9.0"", ""label"": ""City and guilds part III, NVQ3""}, {""value"": ""10.0"", ""label"": ""CSYS""}, {""value"": ""11.0"", ""label"": ""Scottish Higher Grade""}, {""value"": ""12.0"", ""label"": ""AS Level""}, {""value"": ""13.0"", ""label"": ""Trade apprenticeship""}, {""value"": ""14.0"", ""label"": ""City and guilds part II, NVQ2""}, {""value"": ""15.0"", ""label"": ""GCSE grade A-C and equivalent""}, {""value"": ""16.0"", ""label"": ""GCSE grade D-E and equivalent""}, {""value"": ""17.0"", ""label"": ""City and guilds part I, NVQ1""}, {""value"": ""18.0"", ""label"": ""Youth training, skill seekers""}, {""value"": ""19.0"", ""label"": ""Qualification, level unspecified""}, {""value"": ""20.0"", ""label"": ""No qualification mentioned""}]"
411,w4hiqualmum,"DV: Mother's highest qualification (detailed) - Source: Main W1 or W2 MP or SP, Boost W4 MP",numeric,NOMINAL,-999.0 thru -1.0,"[{""value"": ""-99.0"", ""label"": ""Mother not interviewed""}, {""value"": ""-98.0"", ""label"": ""Mother not present""}, {""value"": ""-94.0"", ""label"": ""Insufficient information""}, {""value"": ""1.0"", ""label"": ""Higher Degree""}, {""value"": ""2.0"", ""label"": ""First Degree""}, {""value"": ""3.0"", ""label"": ""HE Diploma""}, {""value"": ""4.0"", ""label"": ""HNC/HND/NVQ4""}, {""value"": ""5.0"", ""label"": ""Teaching qualification, non-degree""}, {""value"": ""6.0"", ""label"": ""Nursing qualification, non-degree""}, {""value"": ""7.0"", ""label"": ""A Levels""}, {""value"": ""8.0"", ""label"": ""OND/ONC""}, {""value"": ""9.0"", ""label"": ""City and guilds part III, NVQ3""}, {""value"": ""10.0"", ""label"": ""CSYS""}, {""value"": ""11.0"", ""label"": ""Scottish Higher Grade""}, {""value"": ""12.0"", ""label"": ""AS Level""}, {""value"": ""13.0"", ""label"": ""Trade apprenticeship""}, {""value"": ""14.0"", ""label"": ""City and guilds part II, NVQ2""}, {""value"": ""15.0"", ""label"": ""GCSE grade A-C and equivalent""}, {""value"": ""16.0"", ""label"": ""GCSE grade D-E and equivalent""}, {""value"": ""17.0"", ""label"": ""City and guilds part I, NVQ1""}, {""value"": ""18.0"", ""label"": ""Youth training, skill seekers""}, {""value"": ""19.0"", ""label"": ""Qualification, level unspecified""}, {""value"": ""20.0"", ""label"": ""No qualification mentioned""}]"
412,w4hiqualdad,"DV: Father's highest qualification (detailed) - Source: Main W1 or W2 MP or SP, Boost W4 MP",numeric,NOMINAL,-999.0 thru -1.0,"[{""value"": ""-99.0"", ""label"": ""Father not interviewed""}, {""value"": ""-98.0"", ""label"": ""Father not present""}, {""value"": ""-94.0"", ""label"": ""Insufficient information""}, {""value"": ""1.0"", ""label"": ""Higher Degree""}, {""value"": ""2.0"", ""label"": ""First Degree""}, {""value"": ""3.0"", ""label"": ""HE Diploma""}, {""value"": ""4.0"", ""label"": ""HNC/HND/NVQ4""}, {""value"": ""5.0"", ""label"": ""Teaching qualification, non-degree""}, {""value"": ""6.0"", ""label"": ""Nursing qualification, non-degree""}, {""value"": ""7.0"", ""label"": ""A Levels""}, {""value"": ""8.0"", ""label"": ""OND/ONC""}, {""value"": ""9.0"", ""label"": ""City and guilds part III, NVQ3""}, {""value"": ""10.0"", ""label"": ""CSYS""}, {""value"": ""11.0"", ""label"": ""Scottish Higher Grade""}, {""value"": ""12.0"", ""label"": ""AS Level""}, {""value"": ""13.0"", ""label"": ""Trade apprenticeship""}, {""value"": ""14.0"", ""label"": ""City and guilds part II, NVQ2""}, {""value"": ""15.0"", ""label"": ""GCSE grade A-C and equivalent""}, {""value"": ""16.0"", ""label"": ""GCSE grade D-E and equivalent""}, {""value"": ""17.0"", ""label"": ""City and guilds part I, NVQ1""}, {""value"": ""18.0"", ""label"": ""Youth training, skill seekers""}, {""value"": ""19.0"", ""label"": ""Qualification, level unspecified""}, {""value"": ""20.0"", ""label"": ""No qualification mentioned""}]"
413,w4hiqualfam,"DV: Highest qualification held in family, from either main parent or second parent (detailed) - Source: Main W1/W2 MP/SP/Boost W4 MP",numeric,NOMINAL,-999.0 thru -1.0,"[{""value"": ""-94.0"", ""label"": ""Insufficient information""}, {""value"": ""1.0"", ""label"": ""Higher Degree""}, {""value"": ""2.0"", ""label"": ""First Degree""}, {""value"": ""3.0"", ""label"": ""HE Diploma""}, {""value"": ""4.0"", ""label"": ""HNC/HND/NVQ4""}, {""value"": ""5.0"", ""label"": ""Teaching qualification, non-degree""}, {""value"": ""6.0"", ""label"": ""Nursing qualification, non-degree""}, {""value"": ""7.0"", ""label"": ""A Levels""}, {""value"": ""8.0"", ""label"": ""OND/ONC""}, {""value"": ""9.0"", ""label"": ""City and guilds part III, NVQ3""}, {""value"": ""10.0"", ""label"": ""CSYS""}, {""value"": ""11.0"", ""label"": ""Scottish Higher Grade""}, {""value"": ""12.0"", ""label"": ""AS Level""}, {""value"": ""13.0"", ""label"": ""Trade apprenticeship""}, {""value"": ""14.0"", ""label"": ""City and guilds part II, NVQ2""}, {""value"": ""15.0"", ""label"": ""GCSE grade A-C and equivalent""}, {""value"": ""16.0"", ""label"": ""GCSE grade D-E and equivalent""}, {""value"": ""17.0"", ""label"": ""City and guilds part I, NVQ1""}, {""value"": ""18.0"", ""label"": ""Youth training, skill seekers""}, {""value"": ""19.0"", ""label"": ""Qualification, level unspecified""}, {""value"": ""20.0"", ""label"": ""No qualification mentioned""}]"
414,w4hiqualgMP,"DV: Highest qualification held by main parent (grouped) - Source: Main W1 or W2 MP, Boost W4 MP",numeric,NOMINAL,-999.0 thru -1.0,"[{""value"": ""-996.0"", ""label"": ""No parent in the household""}, {""value"": ""-99.0"", ""label"": ""MP not interviewed""}, {""value"": ""-94.0"", ""label"": ""Insufficient information""}, {""value"": ""1.0"", ""label"": ""Degree or equivalent""}, {""value"": ""2.0"", ""label"": ""Higher education below degree level""}, {""value"": ""3.0"", ""label"": ""GCE A Level or equivalent""}, {""value"": ""4.0"", ""label"": ""GCSE grades A-C or equivalent""}, {""value"": ""5.0"", ""label"": ""Qualifications at level 1 and below""}, {""value"": ""6.0"", ""label"": ""Other qualifications""}, {""value"": ""7.0"", ""label"": ""No qualification""}]"
415,w4hiqualgSP,"DV: Highest qualification held by second parent (grouped) - Source: Main W1 or W2 SP, Boost W4 MP",numeric,NOMINAL,-999.0 thru -1.0,"[{""value"": ""-996.0"", ""label"": ""No parent in the household""}, {""value"": ""-99.0"", ""label"": ""MP not interviewed""}, {""value"": ""-98.0"", ""label"": ""SP not present""}, {""value"": ""-94.0"", ""label"": ""Insufficient information""}, {""value"": ""1.0"", ""label"": ""Degree or equivalent""}, {""value"": ""2.0"", ""label"": ""Higher education below degree level""}, {""value"": ""3.0"", ""label"": ""GCE A Level or equivalent""}, {""value"": ""4.0"", ""label"": ""GCSE grades A-C or equivalent""}, {""value"": ""5.0"", ""label"": ""Qualifications at level 1 and below""}, {""value"": ""6.0"", ""label"": ""Other qualifications""}, {""value"": ""7.0"", ""label"": ""No qualification""}]"
416,w4hiqualgmum,"DV: Mother's highest qualification (grouped) - Source: Main W1 or W2 MP or SP, Boost W4 MP",numeric,NOMINAL,-999.0 thru -1.0,"[{""value"": ""-99.0"", ""label"": ""Mother not interviewed""}, {""value"": ""-98.0"", ""label"": ""Mother not present""}, {""value"": ""-94.0"", ""label"": ""Insufficient information""}, {""value"": ""1.0"", ""label"": ""Degree or equivalent""}, {""value"": ""2.0"", ""label"": ""Higher education below degree level""}, {""value"": ""3.0"", ""label"": ""GCE A Level or equivalent""}, {""value"": ""4.0"", ""label"": ""GCSE grades A-C or equivalent""}, {""value"": ""5.0"", ""label"": ""Qualifications at level 1 and below""}, {""value"": ""6.0"", ""label"": ""Other qualifications""}, {""value"": ""7.0"", ""label"": ""No qualification""}]"
417,w4hiqualgdad,"DV: Father's highest qualification (grouped) - Source: Main W1 or W2 MP or SP, Boost W4 MP",numeric,NOMINAL,-999.0 thru -1.0,"[{""value"": ""-99.0"", ""label"": ""Father not interviewed""}, {""value"": ""-98.0"", ""label"": ""Father not present""}, {""value"": ""-94.0"", ""label"": ""Insufficient information""}, {""value"": ""1.0"", ""label"": ""Degree or equivalent""}, {""value"": ""2.0"", ""label"": ""Higher education below degree level""}, {""value"": ""3.0"", ""label"": ""GCE A Level or equivalent""}, {""value"": ""4.0"", ""label"": ""GCSE grades A-C or equivalent""}, {""value"": ""5.0"", ""label"": ""Qualifications at level 1 and below""}, {""value"": ""6.0"", ""label"": ""Other qualifications""}, {""value"": ""7.0"", ""label"": ""No qualification""}]"
418,w4hiqualgfam,"DV: Highest qualification held in family by either main or second parent (grouped) - Source: Main W1 or W2 MP, Boost W4 MP",numeric,SCALE,-999.0 thru -1.0,"[{""value"": ""-996.0"", ""label"": ""No parent in the household""}, {""value"": ""-99.0"", ""label"": ""MP not interviewed""}, {""value"": ""-94.0"", ""label"": ""Insufficient information""}, {""value"": ""1.0"", ""label"": ""Degree or equivalent""}, {""value"": ""2.0"", ""label"": ""Higher education below degree level""}, {""value"": ""3.0"", ""label"": ""GCE A Level or equivalent""}, {""value"": ""4.0"", ""label"": ""GCSE grades A-C or equivalent""}, {""value"": ""5.0"", ""label"": ""Qualifications at level 1 and below""}, {""value"": ""6.0"", ""label"": ""Other qualifications""}, {""value"": ""7.0"", ""label"": ""No qualification""}]"
419,w4disabMP,DV: Disability limiting main parent's activity,numeric,NOMINAL,-999.0 thru -1.0,"[{""value"": ""-996.0"", ""label"": ""No parent in household""}, {""value"": ""-99.0"", ""label"": ""MP not interviewed""}, {""value"": ""-94.0"", ""label"": ""Insufficient information""}, {""value"": ""-92.0"", ""label"": ""Refused""}, {""value"": ""-91.0"", ""label"": ""Not applicable""}, {""value"": ""-1.0"", ""label"": ""Don't know""}, {""value"": ""1.0"", ""label"": ""Disability limiting activity""}, {""value"": ""2.0"", ""label"": ""Disability not limiting activity""}, {""value"": ""3.0"", ""label"": ""No disability""}]"
420,w4disabSP,DV: Disability limiting second parent's activity,numeric,NOMINAL,-999.0 thru -1.0,"[{""value"": ""-996.0"", ""label"": ""No parent in household""}, {""value"": ""-99.0"", ""label"": ""SP not interviewed""}, {""value"": ""-98.0"", ""label"": ""SP not present""}, {""value"": ""-94.0"", ""label"": ""Insufficient information""}, {""value"": ""-92.0"", ""label"": ""Refused""}, {""value"": ""-91.0"", ""label"": ""Not applicable""}, {""value"": ""-1.0"", ""label"": ""Don't know""}, {""value"": ""1.0"", ""label"": ""Disability limiting activity""}, {""value"": ""2.0"", ""label"": ""Disability not limiting activity""}, {""value"": ""3.0"", ""label"": ""No disability""}]"
421,w4disabmum,DV: Disability limiting mother's activity,numeric,NOMINAL,-999.0 thru -1.0,"[{""value"": ""-999.0"", ""label"": ""Missing household data""}, {""value"": ""-99.0"", ""label"": ""Mother not interviewed""}, {""value"": ""-98.0"", ""label"": ""Mother not present""}, {""value"": ""-94.0"", ""label"": ""Insufficient information""}, {""value"": ""-92.0"", ""label"": ""Refused""}, {""value"": ""-91.0"", ""label"": ""Not applicable""}, {""value"": ""-1.0"", ""label"": ""Don't know""}, {""value"": ""1.0"", ""label"": ""Disability limiting activity""}, {""value"": ""2.0"", ""label"": ""Disability not limiting activity""}, {""value"": ""3.0"", ""label"": ""No disability""}]"
422,w4disabdad,DV: Disability limiting father's activity,numeric,NOMINAL,-999.0 thru -1.0,"[{""value"": ""-999.0"", ""label"": ""Missing household data""}, {""value"": ""-99.0"", ""label"": ""Father not interviewed""}, {""value"": ""-98.0"", ""label"": ""Father not present""}, {""value"": ""-94.0"", ""label"": ""Insufficient information""}, {""value"": ""-92.0"", ""label"": ""Refused""}, {""value"": ""-91.0"", ""label"": ""Not applicable""}, {""value"": ""-1.0"", ""label"": ""Don't know""}, {""value"": ""1.0"", ""label"": ""Disability limiting activity""}, {""value"": ""2.0"", ""label"": ""Disability not limiting activity""}, {""value"": ""3.0"", ""label"": ""No disability""}]"
