pos,variable,variable_label,variable_type,measurement_level,spss_user_missing_values,value_labels_json
1,NSID,NSID - cohort member identifier,NA,NA,NA,[]
2,Designweight,Weight: Design weight,numeric,SCALE,-999.0 thru -1.0,[]
3,SampPSU,Sampling: School (primary sampling unit),numeric,SCALE,-999.0 thru -1.0,[]
4,SampStratum,Sampling: Stratum,numeric,SCALE,-999.0 thru -1.0,[]
5,IndSchool,DV: Whether YP was at an independent or maintained school at sampling stage,numeric,SCALE,-999.0 thru -1.0,[]
6,W1FinWt,Weight: Design weight * NR weights (trimmed for independent schools),numeric,SCALE,-999.0 thru -1.0,[]
7,DobyearYP,Edited: Year of birth of YP,numeric,SCALE,-999.0 thru -1.0,"[{""value"": ""-94.0"", ""label"": ""Insufficient information""}]"
8,DobmonthYP,Edited: Month of birth of YP,numeric,SCALE,-999.0 thru -1.0,"[{""value"": ""-999.0"", ""label"": ""no interview in W2""}, {""value"": ""-99.0"", ""label"": ""YP not interviewed""}, {""value"": ""-94.0"", ""label"": ""Insufficient information""}, {""value"": ""-92.0"", ""label"": ""Refused""}, {""value"": ""-91.0"", ""label"": ""Not applicable""}, {""value"": ""1.0"", ""label"": ""January""}, {""value"": ""2.0"", ""label"": ""February""}, {""value"": ""3.0"", ""label"": ""March""}, {""value"": ""4.0"", ""label"": ""April""}, {""value"": ""5.0"", ""label"": ""May""}, {""value"": ""6.0"", ""label"": ""June""}, {""value"": ""7.0"", ""label"": ""July""}, {""value"": ""8.0"", ""label"": ""August""}, {""value"": ""9.0"", ""label"": ""September""}, {""value"": ""10.0"", ""label"": ""October""}, {""value"": ""11.0"", ""label"": ""November""}, {""value"": ""12.0"", ""label"": ""December""}, {""value"": ""13.0"", ""label"": ""Not Stated""}]"
9,W1schstyHS,HR: Year YP started current school,numeric,NOMINAL,-999.0 thru -1.0,"[{""value"": ""-995.0"", ""label"": ""Missing history section data - unexplained""}, {""value"": ""-99.0"", ""label"": ""History respondent not interviewed""}, {""value"": ""-97.0"", ""label"": ""History respondent misidentified""}, {""value"": ""-92.0"", ""label"": ""Refused""}, {""value"": ""-1.0"", ""label"": ""Don't Know""}]"
10,W1stschHS,DV: Month YP started school,numeric,SCALE,-999.0 thru -1.0,"[{""value"": ""-995.0"", ""label"": ""Missing history section data - unexplained""}, {""value"": ""-99.0"", ""label"": ""History respondent not interviewed""}, {""value"": ""-97.0"", ""label"": ""History respondent misidentified""}, {""value"": ""-91.0"", ""label"": ""Not applicable""}, {""value"": ""-1.0"", ""label"": ""Don't know""}, {""value"": ""0.0"", ""label"": ""July, August, September""}, {""value"": ""1.0"", ""label"": ""All other months""}]"
11,W1senMP,MP: Whether YP ever identified (by anyone) as having special educational needs,numeric,NOMINAL,-999.0 thru -1.0,"[{""value"": ""-99.0"", ""label"": ""MP not interviewed""}, {""value"": ""-92.0"", ""label"": ""Refused""}, {""value"": ""-91.0"", ""label"": ""Not applicable""}, {""value"": ""-1.0"", ""label"": ""Don't know""}, {""value"": ""1.0"", ""label"": ""Yes""}, {""value"": ""2.0"", ""label"": ""No""}]"
12,W1senageMP,MP: Age of YP when first identified as having special educational needs,numeric,SCALE,-999.0 thru -1.0,"[{""value"": ""-998.0"", ""label"": ""Interviewer missed question""}, {""value"": ""-99.0"", ""label"": ""MP not interviewed""}, {""value"": ""-92.0"", ""label"": ""Refused""}, {""value"": ""-91.0"", ""label"": ""Not applicable""}, {""value"": ""-1.0"", ""label"": ""Don't Know""}]"
13,W1sencurrMP,MP: Whether YP currently thought to have special educational needs,numeric,NOMINAL,-999.0 thru -1.0,"[{""value"": ""-99.0"", ""label"": ""MP not interviewed""}, {""value"": ""-92.0"", ""label"": ""Refused""}, {""value"": ""-91.0"", ""label"": ""Not applicable""}, {""value"": ""-1.0"", ""label"": ""Don't know""}, {""value"": ""1.0"", ""label"": ""Yes""}, {""value"": ""2.0"", ""label"": ""No""}]"
14,W1sen1MP0a,"MP: Nature of YP's special needs: Dyslexia, reading difficulties (specifically mentioned)",numeric,NOMINAL,-999.0 thru -1.0,"[{""value"": ""-998.0"", ""label"": ""Interviewer missed question""}, {""value"": ""-99.0"", ""label"": ""MP not interviewed""}, {""value"": ""-92.0"", ""label"": ""Refused""}, {""value"": ""-91.0"", ""label"": ""Not applicable""}, {""value"": ""0.0"", ""label"": ""Not mentioned""}, {""value"": ""1.0"", ""label"": ""Mentioned""}]"
15,W1sen1MP0b,"MP: Nature of YP's special needs: Literacy, expression, communication, interaction",numeric,NOMINAL,-999.0 thru -1.0,"[{""value"": ""-998.0"", ""label"": ""Interviewer missed question""}, {""value"": ""-99.0"", ""label"": ""MP not interviewed""}, {""value"": ""-92.0"", ""label"": ""Refused""}, {""value"": ""-91.0"", ""label"": ""Not applicable""}, {""value"": ""0.0"", ""label"": ""Not mentioned""}, {""value"": ""1.0"", ""label"": ""Mentioned""}]"
16,W1sen1MP0c,MP: Nature of YP's special needs: English not first language,numeric,NOMINAL,-999.0 thru -1.0,"[{""value"": ""-998.0"", ""label"": ""Interviewer missed question""}, {""value"": ""-99.0"", ""label"": ""MP not interviewed""}, {""value"": ""-92.0"", ""label"": ""Refused""}, {""value"": ""-91.0"", ""label"": ""Not applicable""}, {""value"": ""0.0"", ""label"": ""Not mentioned""}, {""value"": ""1.0"", ""label"": ""Mentioned""}]"
17,W1sen1MP0d,MP: Nature of YP's special needs: Numeracy problems (problems with maths etc),numeric,NOMINAL,-999.0 thru -1.0,"[{""value"": ""-998.0"", ""label"": ""Interviewer missed question""}, {""value"": ""-99.0"", ""label"": ""MP not interviewed""}, {""value"": ""-92.0"", ""label"": ""Refused""}, {""value"": ""-91.0"", ""label"": ""Not applicable""}, {""value"": ""0.0"", ""label"": ""Not mentioned""}, {""value"": ""1.0"", ""label"": ""Mentioned""}]"
18,W1sen1MP0e,"MP: Nature of YP's special needs: Specific physical problems (eg. deafness, sight difficulties)",numeric,NOMINAL,-999.0 thru -1.0,"[{""value"": ""-998.0"", ""label"": ""Interviewer missed question""}, {""value"": ""-99.0"", ""label"": ""MP not interviewed""}, {""value"": ""-92.0"", ""label"": ""Refused""}, {""value"": ""-91.0"", ""label"": ""Not applicable""}, {""value"": ""0.0"", ""label"": ""Not mentioned""}, {""value"": ""1.0"", ""label"": ""Mentioned""}]"
19,W1sen1MP0f,"MP: Nature of YP's special needs: Attention deficit, hyperactivity disorder, adhd (where specifically mentioned)",numeric,NOMINAL,-999.0 thru -1.0,"[{""value"": ""-998.0"", ""label"": ""Interviewer missed question""}, {""value"": ""-99.0"", ""label"": ""MP not interviewed""}, {""value"": ""-92.0"", ""label"": ""Refused""}, {""value"": ""-91.0"", ""label"": ""Not applicable""}, {""value"": ""0.0"", ""label"": ""Not mentioned""}, {""value"": ""1.0"", ""label"": ""Mentioned""}]"
20,W1sen1MP0g,"MP: Nature of YP's special needs: Other behaviour problems (including emotional, psychological)",numeric,NOMINAL,-999.0 thru -1.0,"[{""value"": ""-998.0"", ""label"": ""Interviewer missed question""}, {""value"": ""-99.0"", ""label"": ""MP not interviewed""}, {""value"": ""-92.0"", ""label"": ""Refused""}, {""value"": ""-91.0"", ""label"": ""Not applicable""}, {""value"": ""0.0"", ""label"": ""Not mentioned""}, {""value"": ""1.0"", ""label"": ""Mentioned""}]"
21,W1sen1MP0h,"MP: Nature of YP's special needs: General or unspecified learning, memory difficulties",numeric,NOMINAL,-999.0 thru -1.0,"[{""value"": ""-998.0"", ""label"": ""Interviewer missed question""}, {""value"": ""-99.0"", ""label"": ""MP not interviewed""}, {""value"": ""-92.0"", ""label"": ""Refused""}, {""value"": ""-91.0"", ""label"": ""Not applicable""}, {""value"": ""0.0"", ""label"": ""Not mentioned""}, {""value"": ""1.0"", ""label"": ""Mentioned""}]"
22,W1sen1MP0i,"MP: Nature of YP's special needs: Bright, gifted, talented",numeric,NOMINAL,-999.0 thru -1.0,"[{""value"": ""-998.0"", ""label"": ""Interviewer missed question""}, {""value"": ""-99.0"", ""label"": ""MP not interviewed""}, {""value"": ""-92.0"", ""label"": ""Refused""}, {""value"": ""-91.0"", ""label"": ""Not applicable""}, {""value"": ""0.0"", ""label"": ""Not mentioned""}, {""value"": ""1.0"", ""label"": ""Mentioned""}]"
23,W1sen1MP0j,MP: Nature of YP's special needs: Other answers,numeric,NOMINAL,-999.0 thru -1.0,"[{""value"": ""-998.0"", ""label"": ""Interviewer missed question""}, {""value"": ""-99.0"", ""label"": ""MP not interviewed""}, {""value"": ""-92.0"", ""label"": ""Refused""}, {""value"": ""-91.0"", ""label"": ""Not applicable""}, {""value"": ""0.0"", ""label"": ""Not mentioned""}, {""value"": ""1.0"", ""label"": ""Mentioned""}]"
24,W1sen1MP0k,MP: Nature of YP's special needs: Don't know,numeric,NOMINAL,-999.0 thru -1.0,"[{""value"": ""-998.0"", ""label"": ""Interviewer missed question""}, {""value"": ""-99.0"", ""label"": ""MP not interviewed""}, {""value"": ""-92.0"", ""label"": ""Refused""}, {""value"": ""-91.0"", ""label"": ""Not applicable""}, {""value"": ""0.0"", ""label"": ""Not mentioned""}, {""value"": ""1.0"", ""label"": ""Mentioned""}]"
25,W1statedMP,MP: Whether YP has ever been given statement of needs,numeric,NOMINAL,-999.0 thru -1.0,"[{""value"": ""-99.0"", ""label"": ""MP not interviewed""}, {""value"": ""-92.0"", ""label"": ""Refused""}, {""value"": ""-91.0"", ""label"": ""Not applicable""}, {""value"": ""-1.0"", ""label"": ""Don't know""}, {""value"": ""1.0"", ""label"": ""Yes, GOT statement""}, {""value"": ""2.0"", ""label"": ""Yes, AWAITING statement""}, {""value"": ""3.0"", ""label"": ""No, not statemented""}]"
26,W1stated2MP,MP: Whether YP currently has statement of needs,numeric,NOMINAL,-999.0 thru -1.0,"[{""value"": ""-99.0"", ""label"": ""MP not interviewed""}, {""value"": ""-92.0"", ""label"": ""Refused""}, {""value"": ""-91.0"", ""label"": ""Not applicable""}, {""value"": ""-1.0"", ""label"": ""Don't know""}, {""value"": ""1.0"", ""label"": ""Yes, current statement""}, {""value"": ""2.0"", ""label"": ""No current statement""}]"
27,W1sencurr2MP,MP: Satisfaction with how YP's current school deals with their needs,numeric,ORDINAL,-999.0 thru -1.0,"[{""value"": ""-99.0"", ""label"": ""MP not interviewed""}, {""value"": ""-92.0"", ""label"": ""Refused""}, {""value"": ""-91.0"", ""label"": ""Not applicable""}, {""value"": ""-1.0"", ""label"": ""Don't know""}, {""value"": ""1.0"", ""label"": ""Very satisfied""}, {""value"": ""2.0"", ""label"": ""Fairly satisfied""}, {""value"": ""3.0"", ""label"": ""Not very satisfied""}, {""value"": ""4.0"", ""label"": ""Not at all satisfied""}]"
28,W1sentranMP,MP: Whether transition plan has been drawn up for YP,numeric,NOMINAL,-999.0 thru -1.0,"[{""value"": ""-99.0"", ""label"": ""MP not interviewed""}, {""value"": ""-92.0"", ""label"": ""Refused""}, {""value"": ""-91.0"", ""label"": ""Not applicable""}, {""value"": ""-1.0"", ""label"": ""Don't know""}, {""value"": ""1.0"", ""label"": ""Yes""}, {""value"": ""2.0"", ""label"": ""No""}]"
29,W1scomadiMP,Admin: Interviewer code whether MP accepted self-completion section,numeric,NOMINAL,-999.0 thru -1.0,"[{""value"": ""-99.0"", ""label"": ""MP not interviewed""}, {""value"": ""-92.0"", ""label"": ""Refused""}, {""value"": ""-91.0"", ""label"": ""Not applicable""}, {""value"": ""1.0"", ""label"": ""Respondent accepted self-completion""}, {""value"": ""2.0"", ""label"": ""Respondent refused self-completion""}, {""value"": ""3.0"", ""label"": ""(SPONTANEOUS ANSWER ONLY) Interviewer will administer self-c""}]"
30,W1parqualMP,MP: Frequency of arguing with YP,numeric,ORDINAL,-999.0 thru -1.0,"[{""value"": ""-998.0"", ""label"": ""Interviewer missed question""}, {""value"": ""-99.0"", ""label"": ""MP not interviewed""}, {""value"": ""-97.0"", ""label"": ""MP refused CASI section""}, {""value"": ""-96.0"", ""label"": ""MP unable to complete CASI section""}, {""value"": ""-92.0"", ""label"": ""Refused""}, {""value"": ""-91.0"", ""label"": ""Not applicable""}, {""value"": ""-1.0"", ""label"": ""Don't know""}, {""value"": ""1.0"", ""label"": ""Most days""}, {""value"": ""2.0"", ""label"": ""More than once a week""}, {""value"": ""3.0"", ""label"": ""Less than once a week""}, {""value"": ""4.0"", ""label"": ""Hardly ever""}, {""value"": ""5.0"", ""label"": ""Or never""}]"
31,W1kiddifMP,MP: How well get on with YP,numeric,ORDINAL,-999.0 thru -1.0,"[{""value"": ""-998.0"", ""label"": ""Interviewer missed question""}, {""value"": ""-99.0"", ""label"": ""MP not interviewed""}, {""value"": ""-97.0"", ""label"": ""MP refused CASI section""}, {""value"": ""-96.0"", ""label"": ""MP unable to complete CASI section""}, {""value"": ""-92.0"", ""label"": ""Refused""}, {""value"": ""-91.0"", ""label"": ""Not applicable""}, {""value"": ""-1.0"", ""label"": ""Don't know""}, {""value"": ""1.0"", ""label"": ""Very well""}, {""value"": ""2.0"", ""label"": ""Fairly well""}, {""value"": ""3.0"", ""label"": ""Fairly badly""}, {""value"": ""4.0"", ""label"": ""Very badly""}]"
32,W1servssMP,MP: Whether been in contact with social services about YP's behaviour,numeric,NOMINAL,-999.0 thru -1.0,"[{""value"": ""-99.0"", ""label"": ""MP not interviewed""}, {""value"": ""-97.0"", ""label"": ""MP refused CASI section""}, {""value"": ""-96.0"", ""label"": ""MP unable to complete CASI section""}, {""value"": ""-92.0"", ""label"": ""Refused""}, {""value"": ""-91.0"", ""label"": ""Not applicable""}, {""value"": ""-1.0"", ""label"": ""Don't know""}, {""value"": ""1.0"", ""label"": ""Yes""}, {""value"": ""2.0"", ""label"": ""No""}]"
33,W1servewMP,MP: Whether been in touch with educational welfare services in last 12 months because of YP's behaviour,numeric,NOMINAL,-999.0 thru -1.0,"[{""value"": ""-99.0"", ""label"": ""MP not interviewed""}, {""value"": ""-97.0"", ""label"": ""MP refused CASI section""}, {""value"": ""-96.0"", ""label"": ""MP unable to complete CASI section""}, {""value"": ""-92.0"", ""label"": ""Refused""}, {""value"": ""-91.0"", ""label"": ""Not applicable""}, {""value"": ""-1.0"", ""label"": ""Don't know""}, {""value"": ""1.0"", ""label"": ""Yes""}, {""value"": ""2.0"", ""label"": ""No""}]"
34,W1servothMP,MP: Whether been in contact with any other similar services about YP's behaviour,numeric,NOMINAL,-999.0 thru -1.0,"[{""value"": ""-99.0"", ""label"": ""MP not interviewed""}, {""value"": ""-97.0"", ""label"": ""MP refused CASI section""}, {""value"": ""-96.0"", ""label"": ""MP unable to complete CASI section""}, {""value"": ""-92.0"", ""label"": ""Refused""}, {""value"": ""-91.0"", ""label"": ""Not applicable""}, {""value"": ""-1.0"", ""label"": ""Don't know""}, {""value"": ""1.0"", ""label"": ""Yes""}, {""value"": ""2.0"", ""label"": ""No""}]"
35,W1evercarMP0a,MP: Whether YP has ever been in care in these ways: Never been in care,numeric,NOMINAL,-999.0 thru -1.0,"[{""value"": ""-99.0"", ""label"": ""MP not interviewed""}, {""value"": ""-97.0"", ""label"": ""MP refused CASI section""}, {""value"": ""-96.0"", ""label"": ""MP unable to complete CASI section""}, {""value"": ""-92.0"", ""label"": ""Refused""}, {""value"": ""-91.0"", ""label"": ""Not applicable""}, {""value"": ""0.0"", ""label"": ""Not mentioned""}, {""value"": ""1.0"", ""label"": ""Mentioned""}]"
36,W1evercarMP0b,MP: Whether YP has ever been in care in these ways: With foster parents,numeric,NOMINAL,-999.0 thru -1.0,"[{""value"": ""-99.0"", ""label"": ""MP not interviewed""}, {""value"": ""-97.0"", ""label"": ""MP refused CASI section""}, {""value"": ""-96.0"", ""label"": ""MP unable to complete CASI section""}, {""value"": ""-92.0"", ""label"": ""Refused""}, {""value"": ""-91.0"", ""label"": ""Not applicable""}, {""value"": ""0.0"", ""label"": ""Not mentioned""}, {""value"": ""1.0"", ""label"": ""Mentioned""}]"
37,W1evercarMP0c,MP: Whether YP has ever been in care in these ways: In young people's home,numeric,NOMINAL,-999.0 thru -1.0,"[{""value"": ""-99.0"", ""label"": ""MP not interviewed""}, {""value"": ""-97.0"", ""label"": ""MP refused CASI section""}, {""value"": ""-96.0"", ""label"": ""MP unable to complete CASI section""}, {""value"": ""-92.0"", ""label"": ""Refused""}, {""value"": ""-91.0"", ""label"": ""Not applicable""}, {""value"": ""0.0"", ""label"": ""Not mentioned""}, {""value"": ""1.0"", ""label"": ""Mentioned""}]"
38,W1evercarMP0d,"MP: Whether YP has ever been in care in these ways: In local authority care, but remaining with own parents",numeric,NOMINAL,-999.0 thru -1.0,"[{""value"": ""-99.0"", ""label"": ""MP not interviewed""}, {""value"": ""-97.0"", ""label"": ""MP refused CASI section""}, {""value"": ""-96.0"", ""label"": ""MP unable to complete CASI section""}, {""value"": ""-92.0"", ""label"": ""Refused""}, {""value"": ""-91.0"", ""label"": ""Not applicable""}, {""value"": ""0.0"", ""label"": ""Not mentioned""}, {""value"": ""1.0"", ""label"": ""Mentioned""}]"
39,W1evercarMP0e,MP: Whether YP has ever been in care in these ways: Placed for adoption,numeric,NOMINAL,-999.0 thru -1.0,"[{""value"": ""-99.0"", ""label"": ""MP not interviewed""}, {""value"": ""-97.0"", ""label"": ""MP refused CASI section""}, {""value"": ""-96.0"", ""label"": ""MP unable to complete CASI section""}, {""value"": ""-92.0"", ""label"": ""Refused""}, {""value"": ""-91.0"", ""label"": ""Not applicable""}, {""value"": ""0.0"", ""label"": ""Not mentioned""}, {""value"": ""1.0"", ""label"": ""Mentioned""}]"
40,W1evercarMP0f,MP: Whether YP has ever been in care in these ways: In local authority care in some other arrangement,numeric,NOMINAL,-999.0 thru -1.0,"[{""value"": ""-99.0"", ""label"": ""MP not interviewed""}, {""value"": ""-97.0"", ""label"": ""MP refused CASI section""}, {""value"": ""-96.0"", ""label"": ""MP unable to complete CASI section""}, {""value"": ""-92.0"", ""label"": ""Refused""}, {""value"": ""-91.0"", ""label"": ""Not applicable""}, {""value"": ""0.0"", ""label"": ""Not mentioned""}, {""value"": ""1.0"", ""label"": ""Mentioned""}]"
41,W1evercarMP0g,MP: Whether YP has ever been in care in these ways: Don't know,numeric,NOMINAL,-999.0 thru -1.0,"[{""value"": ""-99.0"", ""label"": ""MP not interviewed""}, {""value"": ""-97.0"", ""label"": ""MP refused CASI section""}, {""value"": ""-96.0"", ""label"": ""MP unable to complete CASI section""}, {""value"": ""-92.0"", ""label"": ""Refused""}, {""value"": ""-91.0"", ""label"": ""Not applicable""}, {""value"": ""0.0"", ""label"": ""Not mentioned""}, {""value"": ""1.0"", ""label"": ""Mentioned""}]"
42,W1evercarMP0h,MP: Whether YP has ever been in care in these ways: Don't want to answer,numeric,NOMINAL,-999.0 thru -1.0,"[{""value"": ""-99.0"", ""label"": ""MP not interviewed""}, {""value"": ""-97.0"", ""label"": ""MP refused CASI section""}, {""value"": ""-96.0"", ""label"": ""MP unable to complete CASI section""}, {""value"": ""-92.0"", ""label"": ""Refused""}, {""value"": ""-91.0"", ""label"": ""Not applicable""}, {""value"": ""0.0"", ""label"": ""Not mentioned""}, {""value"": ""1.0"", ""label"": ""Mentioned""}]"
43,W1whencarMP,MP: Number of times YP has been in care,numeric,SCALE,-999.0 thru -1.0,"[{""value"": ""-99.0"", ""label"": ""MP not interviewed""}, {""value"": ""-97.0"", ""label"": ""MP refused CASI section""}, {""value"": ""-96.0"", ""label"": ""MP unable to complete CASI section""}, {""value"": ""-92.0"", ""label"": ""Refused""}, {""value"": ""-91.0"", ""label"": ""Not applicable""}, {""value"": ""-2.0"", ""label"": ""Refused""}, {""value"": ""-1.0"", ""label"": ""Don't Know""}]"
44,W1montcar1MP,MP: Longest period of time YP has spent in care (years),numeric,SCALE,-999.0 thru -1.0,"[{""value"": ""-99.0"", ""label"": ""MP not interviewed""}, {""value"": ""-97.0"", ""label"": ""MP refused CASI section""}, {""value"": ""-96.0"", ""label"": ""MP unable to complete CASI section""}, {""value"": ""-92.0"", ""label"": ""Refused""}, {""value"": ""-91.0"", ""label"": ""Not applicable""}, {""value"": ""-1.0"", ""label"": ""Don't Know""}]"
45,W1montcar2MP,MP: Longest period of time YP has spent in care (months),numeric,SCALE,-999.0 thru -1.0,"[{""value"": ""-99.0"", ""label"": ""MP not interviewed""}, {""value"": ""-97.0"", ""label"": ""MP refused CASI section""}, {""value"": ""-96.0"", ""label"": ""MP unable to complete CASI section""}, {""value"": ""-92.0"", ""label"": ""Refused""}, {""value"": ""-91.0"", ""label"": ""Not applicable""}, {""value"": ""-1.0"", ""label"": ""Don't Know""}]"
46,W1nowcareMP,MP: Whether YP currently in care,numeric,NOMINAL,-999.0 thru -1.0,"[{""value"": ""-99.0"", ""label"": ""MP not interviewed""}, {""value"": ""-97.0"", ""label"": ""MP refused CASI section""}, {""value"": ""-96.0"", ""label"": ""MP unable to complete CASI section""}, {""value"": ""-92.0"", ""label"": ""Refused""}, {""value"": ""-91.0"", ""label"": ""Not applicable""}, {""value"": ""-1.0"", ""label"": ""Don't know""}, {""value"": ""1.0"", ""label"": ""Yes""}, {""value"": ""2.0"", ""label"": ""No""}]"
47,W1nowcaryMP,MP: Year YP entered care,numeric,SCALE,-999.0 thru -1.0,"[{""value"": ""-99.0"", ""label"": ""MP not interviewed""}, {""value"": ""-97.0"", ""label"": ""MP refused CASI section""}, {""value"": ""-96.0"", ""label"": ""MP unable to complete CASI section""}, {""value"": ""-92.0"", ""label"": ""Refused""}, {""value"": ""-91.0"", ""label"": ""Not applicable""}, {""value"": ""-1.0"", ""label"": ""Don't know""}, {""value"": ""1.0"", ""label"": ""2004""}, {""value"": ""2.0"", ""label"": ""2003""}, {""value"": ""3.0"", ""label"": ""2002""}, {""value"": ""4.0"", ""label"": ""2001""}, {""value"": ""5.0"", ""label"": ""2000""}, {""value"": ""6.0"", ""label"": ""1999""}, {""value"": ""7.0"", ""label"": ""1998""}, {""value"": ""8.0"", ""label"": ""1997""}, {""value"": ""9.0"", ""label"": ""1996""}, {""value"": ""10.0"", ""label"": ""1995""}, {""value"": ""11.0"", ""label"": ""1994""}, {""value"": ""12.0"", ""label"": ""1993""}, {""value"": ""13.0"", ""label"": ""1992""}, {""value"": ""14.0"", ""label"": ""1991""}, {""value"": ""15.0"", ""label"": ""1990""}, {""value"": ""16.0"", ""label"": ""1989""}, {""value"": ""17.0"", ""label"": ""1988""}, {""value"": ""18.0"", ""label"": ""1987""}, {""value"": ""19.0"", ""label"": ""1986""}, {""value"": ""20.0"", ""label"": ""1985""}]"
48,W1nowcarmMP,MP: Month YP entered care,numeric,SCALE,-999.0 thru -1.0,"[{""value"": ""-998.0"", ""label"": ""Interviewer missed question""}, {""value"": ""-99.0"", ""label"": ""MP not interviewed""}, {""value"": ""-97.0"", ""label"": ""MP refused CASI section""}, {""value"": ""-96.0"", ""label"": ""MP unable to complete CASI section""}, {""value"": ""-92.0"", ""label"": ""Refused""}, {""value"": ""-91.0"", ""label"": ""Not applicable""}, {""value"": ""-1.0"", ""label"": ""Don't know""}, {""value"": ""1.0"", ""label"": ""January""}, {""value"": ""2.0"", ""label"": ""February""}, {""value"": ""3.0"", ""label"": ""March""}, {""value"": ""4.0"", ""label"": ""April""}, {""value"": ""5.0"", ""label"": ""May""}, {""value"": ""6.0"", ""label"": ""June""}, {""value"": ""7.0"", ""label"": ""July""}, {""value"": ""8.0"", ""label"": ""August""}, {""value"": ""9.0"", ""label"": ""September""}, {""value"": ""10.0"", ""label"": ""October""}, {""value"": ""11.0"", ""label"": ""November""}, {""value"": ""12.0"", ""label"": ""December""}]"
49,W1chstyrMP,MP: Year YP started living with guardian (no natural parents present),numeric,SCALE,-999.0 thru -1.0,"[{""value"": ""-99.0"", ""label"": ""MP not interviewed""}, {""value"": ""-97.0"", ""label"": ""MP refused CASI section""}, {""value"": ""-96.0"", ""label"": ""MP unable to complete CASI section""}, {""value"": ""-92.0"", ""label"": ""Refused""}, {""value"": ""-91.0"", ""label"": ""Not applicable""}, {""value"": ""-1.0"", ""label"": ""Don't know""}, {""value"": ""1.0"", ""label"": ""2004""}, {""value"": ""2.0"", ""label"": ""2003""}, {""value"": ""3.0"", ""label"": ""2002""}, {""value"": ""4.0"", ""label"": ""2001""}, {""value"": ""5.0"", ""label"": ""2000""}, {""value"": ""6.0"", ""label"": ""1999""}, {""value"": ""7.0"", ""label"": ""1998""}, {""value"": ""8.0"", ""label"": ""1997""}, {""value"": ""9.0"", ""label"": ""1996""}, {""value"": ""10.0"", ""label"": ""1995""}, {""value"": ""11.0"", ""label"": ""1994""}, {""value"": ""12.0"", ""label"": ""1993""}, {""value"": ""13.0"", ""label"": ""1992""}, {""value"": ""14.0"", ""label"": ""1991""}, {""value"": ""15.0"", ""label"": ""1990""}, {""value"": ""16.0"", ""label"": ""1989""}, {""value"": ""17.0"", ""label"": ""1988""}, {""value"": ""18.0"", ""label"": ""1987""}, {""value"": ""19.0"", ""label"": ""1986""}, {""value"": ""20.0"", ""label"": ""1985""}]"
50,W1chstmMP,MP: Month YP started living with guardian (no natural parents present),numeric,SCALE,-999.0 thru -1.0,"[{""value"": ""-997.0"", ""label"": ""Script error""}, {""value"": ""-99.0"", ""label"": ""MP not interviewed""}, {""value"": ""-97.0"", ""label"": ""MP refused CASI section""}, {""value"": ""-96.0"", ""label"": ""MP unable to complete CASI section""}, {""value"": ""-92.0"", ""label"": ""Refused""}, {""value"": ""-91.0"", ""label"": ""Not applicable""}, {""value"": ""-1.0"", ""label"": ""Don't know""}, {""value"": ""1.0"", ""label"": ""January""}, {""value"": ""2.0"", ""label"": ""February""}, {""value"": ""3.0"", ""label"": ""March""}, {""value"": ""4.0"", ""label"": ""April""}, {""value"": ""5.0"", ""label"": ""May""}, {""value"": ""6.0"", ""label"": ""June""}, {""value"": ""7.0"", ""label"": ""July""}, {""value"": ""8.0"", ""label"": ""August""}, {""value"": ""9.0"", ""label"": ""September""}, {""value"": ""10.0"", ""label"": ""October""}, {""value"": ""11.0"", ""label"": ""November""}, {""value"": ""12.0"", ""label"": ""December""}]"
51,W1stoplivMP,MP: Why YP no longer lives with natural parents,numeric,NOMINAL,-999.0 thru -1.0,"[{""value"": ""-99.0"", ""label"": ""MP not interviewed""}, {""value"": ""-97.0"", ""label"": ""MP refused CASI section""}, {""value"": ""-96.0"", ""label"": ""MP unable to complete CASI section""}, {""value"": ""-92.0"", ""label"": ""Refused""}, {""value"": ""-91.0"", ""label"": ""Not applicable""}, {""value"": ""-1.0"", ""label"": ""Don't know""}, {""value"": ""1.0"", ""label"": ""Parents divorced or separated""}, {""value"": ""2.0"", ""label"": ""Parent(s) unable to cope""}, {""value"": ""3.0"", ""label"": ""Parent(s) too ill to provide care and security for child""}, {""value"": ""4.0"", ""label"": ""Parent(s) died""}, {""value"": ""5.0"", ""label"": ""Child temporarily placed into alternative care""}, {""value"": ""6.0"", ""label"": ""Some other reason""}]"
52,W1abs3meMP,MP: Whether YP has ever been off school for 3 months or more,numeric,NOMINAL,-999.0 thru -1.0,"[{""value"": ""-99.0"", ""label"": ""MP not interviewed""}, {""value"": ""-97.0"", ""label"": ""MP refused CASI section""}, {""value"": ""-96.0"", ""label"": ""MP unable to complete CASI section""}, {""value"": ""-92.0"", ""label"": ""Refused""}, {""value"": ""-91.0"", ""label"": ""Not applicable""}, {""value"": ""-1.0"", ""label"": ""Don't know""}, {""value"": ""1.0"", ""label"": ""Yes""}, {""value"": ""2.0"", ""label"": ""No""}]"
53,W1abs3mnMP,MP: Number of times YP has been off school for a period of 3 months or more,numeric,SCALE,-999.0 thru -1.0,"[{""value"": ""-99.0"", ""label"": ""MP not interviewed""}, {""value"": ""-97.0"", ""label"": ""MP refused CASI section""}, {""value"": ""-96.0"", ""label"": ""MP unable to complete CASI section""}, {""value"": ""-92.0"", ""label"": ""Refused""}, {""value"": ""-91.0"", ""label"": ""Not applicable""}, {""value"": ""-1.0"", ""label"": ""Don't Know""}]"
54,W1abs3myMP,MP: What is the year that YP was last off school for a period of 3 months or more,numeric,SCALE,-999.0 thru -1.0,"[{""value"": ""-99.0"", ""label"": ""MP not interviewed""}, {""value"": ""-97.0"", ""label"": ""MP refused CASI section""}, {""value"": ""-96.0"", ""label"": ""MP unable to complete CASI section""}, {""value"": ""-92.0"", ""label"": ""Refused""}, {""value"": ""-91.0"", ""label"": ""Not applicable""}, {""value"": ""-1.0"", ""label"": ""Don't know""}, {""value"": ""1.0"", ""label"": ""2004""}, {""value"": ""2.0"", ""label"": ""2003""}, {""value"": ""3.0"", ""label"": ""2002""}, {""value"": ""4.0"", ""label"": ""2001""}, {""value"": ""5.0"", ""label"": ""2000""}, {""value"": ""6.0"", ""label"": ""1999""}, {""value"": ""7.0"", ""label"": ""1998""}, {""value"": ""8.0"", ""label"": ""1997""}, {""value"": ""9.0"", ""label"": ""1996""}, {""value"": ""10.0"", ""label"": ""1995""}, {""value"": ""11.0"", ""label"": ""1994""}, {""value"": ""12.0"", ""label"": ""1993""}, {""value"": ""13.0"", ""label"": ""1992""}, {""value"": ""14.0"", ""label"": ""1991""}, {""value"": ""15.0"", ""label"": ""1990""}, {""value"": ""16.0"", ""label"": ""1989""}, {""value"": ""17.0"", ""label"": ""1988""}, {""value"": ""18.0"", ""label"": ""1987""}, {""value"": ""19.0"", ""label"": ""1986""}, {""value"": ""20.0"", ""label"": ""1985""}]"
55,W1abs3mwMP,MP: Reason for YP's (last) extended period of absence from school,numeric,NOMINAL,-999.0 thru -1.0,"[{""value"": ""-99.0"", ""label"": ""MP not interviewed""}, {""value"": ""-97.0"", ""label"": ""MP refused CASI section""}, {""value"": ""-96.0"", ""label"": ""MP unable to complete CASI section""}, {""value"": ""-92.0"", ""label"": ""Refused""}, {""value"": ""-91.0"", ""label"": ""Not applicable""}, {""value"": ""-1.0"", ""label"": ""Don't know""}, {""value"": ""1.0"", ""label"": ""Suspension or exclusion""}, {""value"": ""2.0"", ""label"": ""Illness""}, {""value"": ""3.0"", ""label"": ""Some other reason""}]"
56,W1abs1myMP,"MP: Whether YP has been absent for 1 month or more, in last 12 months",numeric,NOMINAL,-999.0 thru -1.0,"[{""value"": ""-99.0"", ""label"": ""MP not interviewed""}, {""value"": ""-97.0"", ""label"": ""MP refused CASI section""}, {""value"": ""-96.0"", ""label"": ""MP unable to complete CASI section""}, {""value"": ""-92.0"", ""label"": ""Refused""}, {""value"": ""-91.0"", ""label"": ""Not applicable""}, {""value"": ""-1.0"", ""label"": ""Don't know""}, {""value"": ""1.0"", ""label"": ""Yes""}, {""value"": ""2.0"", ""label"": ""No""}]"
57,W1abs1mwMP,MP: Reason for YP's period of absence from school of 1 month or more in last 12 months,numeric,NOMINAL,-999.0 thru -1.0,"[{""value"": ""-99.0"", ""label"": ""MP not interviewed""}, {""value"": ""-97.0"", ""label"": ""MP refused CASI section""}, {""value"": ""-96.0"", ""label"": ""MP unable to complete CASI section""}, {""value"": ""-92.0"", ""label"": ""Refused""}, {""value"": ""-91.0"", ""label"": ""Not applicable""}, {""value"": ""-1.0"", ""label"": ""Don't know""}, {""value"": ""1.0"", ""label"": ""Suspension or exclusion""}, {""value"": ""2.0"", ""label"": ""Illness""}, {""value"": ""3.0"", ""label"": ""Some other reason""}]"
58,W1suspendMP,MP: Whether YP has ever been temporarily suspended or excluded from school,numeric,NOMINAL,-999.0 thru -1.0,"[{""value"": ""-99.0"", ""label"": ""MP not interviewed""}, {""value"": ""-97.0"", ""label"": ""MP refused CASI section""}, {""value"": ""-96.0"", ""label"": ""MP unable to complete CASI section""}, {""value"": ""-92.0"", ""label"": ""Refused""}, {""value"": ""-91.0"", ""label"": ""Not applicable""}, {""value"": ""-1.0"", ""label"": ""Don't know""}, {""value"": ""1.0"", ""label"": ""Yes""}, {""value"": ""2.0"", ""label"": ""No""}]"
59,W1sutimesMP,MP: Whether YP has been temporarily suspended or excluded in last 3 years,numeric,NOMINAL,-999.0 thru -1.0,"[{""value"": ""-99.0"", ""label"": ""MP not interviewed""}, {""value"": ""-97.0"", ""label"": ""MP refused CASI section""}, {""value"": ""-96.0"", ""label"": ""MP unable to complete CASI section""}, {""value"": ""-92.0"", ""label"": ""Refused""}, {""value"": ""-91.0"", ""label"": ""Not applicable""}, {""value"": ""-1.0"", ""label"": ""Don't know""}, {""value"": ""1.0"", ""label"": ""Yes""}, {""value"": ""2.0"", ""label"": ""No""}]"
60,W1sutime2MP,MP: Number of times YP has been temporarily excluded from school in past 3 years,numeric,SCALE,-999.0 thru -1.0,"[{""value"": ""-99.0"", ""label"": ""MP not interviewed""}, {""value"": ""-97.0"", ""label"": ""MP refused CASI section""}, {""value"": ""-96.0"", ""label"": ""MP unable to complete CASI section""}, {""value"": ""-92.0"", ""label"": ""Refused""}, {""value"": ""-91.0"", ""label"": ""Not applicable""}, {""value"": ""-1.0"", ""label"": ""Don't Know""}]"
61,W1expelMP,MP: Whether YP has ever been expelled or permanently excluded from school,numeric,NOMINAL,-999.0 thru -1.0,"[{""value"": ""-99.0"", ""label"": ""MP not interviewed""}, {""value"": ""-97.0"", ""label"": ""MP refused CASI section""}, {""value"": ""-96.0"", ""label"": ""MP unable to complete CASI section""}, {""value"": ""-92.0"", ""label"": ""Refused""}, {""value"": ""-91.0"", ""label"": ""Not applicable""}, {""value"": ""-1.0"", ""label"": ""Don't know""}, {""value"": ""1.0"", ""label"": ""Yes""}, {""value"": ""2.0"", ""label"": ""No""}]"
62,W1exp3yrMP,MP: Whether YP has been expelled or permanently excluded in last 3 years,numeric,NOMINAL,-999.0 thru -1.0,"[{""value"": ""-99.0"", ""label"": ""MP not interviewed""}, {""value"": ""-97.0"", ""label"": ""MP refused CASI section""}, {""value"": ""-96.0"", ""label"": ""MP unable to complete CASI section""}, {""value"": ""-92.0"", ""label"": ""Refused""}, {""value"": ""-91.0"", ""label"": ""Not applicable""}, {""value"": ""-1.0"", ""label"": ""Don't know""}, {""value"": ""1.0"", ""label"": ""Yes""}, {""value"": ""2.0"", ""label"": ""No""}]"
63,W1exp3yr2MP,MP: Number many times YP been permanently excluded from school in the last 3 years,numeric,NOMINAL,-999.0 thru -1.0,"[{""value"": ""-99.0"", ""label"": ""MP not interviewed""}, {""value"": ""-97.0"", ""label"": ""MP refused CASI section""}, {""value"": ""-96.0"", ""label"": ""MP unable to complete CASI section""}, {""value"": ""-92.0"", ""label"": ""Refused""}, {""value"": ""-91.0"", ""label"": ""Not applicable""}, {""value"": ""-1.0"", ""label"": ""Don't Know""}]"
64,W1expwhatMP0a,MP: Result of YP's most recent exclusion - Went to another secondary school,numeric,NOMINAL,-999.0 thru -1.0,"[{""value"": ""-99.0"", ""label"": ""MP not interviewed""}, {""value"": ""-97.0"", ""label"": ""MP refused CASI section""}, {""value"": ""-96.0"", ""label"": ""MP unable to complete CASI section""}, {""value"": ""-92.0"", ""label"": ""Refused""}, {""value"": ""-91.0"", ""label"": ""Not applicable""}, {""value"": ""0.0"", ""label"": ""Not mentioned""}, {""value"": ""1.0"", ""label"": ""Mentioned""}]"
65,W1expwhatMP0b,MP: Result of YP's most recent exclusion - Went to special school or unit,numeric,NOMINAL,-999.0 thru -1.0,"[{""value"": ""-99.0"", ""label"": ""MP not interviewed""}, {""value"": ""-97.0"", ""label"": ""MP refused CASI section""}, {""value"": ""-96.0"", ""label"": ""MP unable to complete CASI section""}, {""value"": ""-92.0"", ""label"": ""Refused""}, {""value"": ""-91.0"", ""label"": ""Not applicable""}, {""value"": ""0.0"", ""label"": ""Not mentioned""}, {""value"": ""1.0"", ""label"": ""Mentioned""}]"
66,W1expwhatMP0c,MP: Result of YP's most recent exclusion - Went to boarding school,numeric,NOMINAL,-999.0 thru -1.0,"[{""value"": ""-99.0"", ""label"": ""MP not interviewed""}, {""value"": ""-97.0"", ""label"": ""MP refused CASI section""}, {""value"": ""-96.0"", ""label"": ""MP unable to complete CASI section""}, {""value"": ""-92.0"", ""label"": ""Refused""}, {""value"": ""-91.0"", ""label"": ""Not applicable""}, {""value"": ""0.0"", ""label"": ""Not mentioned""}, {""value"": ""1.0"", ""label"": ""Mentioned""}]"
67,W1expwhatMP0d,MP: Result of YP's most recent exclusion - Referred to psychologist/ SPS/ counsellor,numeric,NOMINAL,-999.0 thru -1.0,"[{""value"": ""-99.0"", ""label"": ""MP not interviewed""}, {""value"": ""-97.0"", ""label"": ""MP refused CASI section""}, {""value"": ""-96.0"", ""label"": ""MP unable to complete CASI section""}, {""value"": ""-92.0"", ""label"": ""Refused""}, {""value"": ""-91.0"", ""label"": ""Not applicable""}, {""value"": ""0.0"", ""label"": ""Not mentioned""}, {""value"": ""1.0"", ""label"": ""Mentioned""}]"
68,W1expwhatMP0e,MP: Result of YP's most recent exclusion - Never went back to school,numeric,NOMINAL,-999.0 thru -1.0,"[{""value"": ""-99.0"", ""label"": ""MP not interviewed""}, {""value"": ""-97.0"", ""label"": ""MP refused CASI section""}, {""value"": ""-96.0"", ""label"": ""MP unable to complete CASI section""}, {""value"": ""-92.0"", ""label"": ""Refused""}, {""value"": ""-91.0"", ""label"": ""Not applicable""}, {""value"": ""0.0"", ""label"": ""Not mentioned""}, {""value"": ""1.0"", ""label"": ""Mentioned""}]"
69,W1expwhatMP0f,MP: Result of YP's most recent exclusion - Eventually went back to same school,numeric,NOMINAL,-999.0 thru -1.0,"[{""value"": ""-99.0"", ""label"": ""MP not interviewed""}, {""value"": ""-97.0"", ""label"": ""MP refused CASI section""}, {""value"": ""-96.0"", ""label"": ""MP unable to complete CASI section""}, {""value"": ""-92.0"", ""label"": ""Refused""}, {""value"": ""-91.0"", ""label"": ""Not applicable""}, {""value"": ""0.0"", ""label"": ""Not mentioned""}, {""value"": ""1.0"", ""label"": ""Mentioned""}]"
70,W1expwhatMP0g,MP: Result of YP's most recent exclusion - Taught at home,numeric,NOMINAL,-999.0 thru -1.0,"[{""value"": ""-99.0"", ""label"": ""MP not interviewed""}, {""value"": ""-97.0"", ""label"": ""MP refused CASI section""}, {""value"": ""-96.0"", ""label"": ""MP unable to complete CASI section""}, {""value"": ""-92.0"", ""label"": ""Refused""}, {""value"": ""-91.0"", ""label"": ""Not applicable""}, {""value"": ""0.0"", ""label"": ""Not mentioned""}, {""value"": ""1.0"", ""label"": ""Mentioned""}]"
71,W1expwhatMP0h,MP: Result of YP's most recent exclusion - Other,numeric,NOMINAL,-999.0 thru -1.0,"[{""value"": ""-99.0"", ""label"": ""MP not interviewed""}, {""value"": ""-97.0"", ""label"": ""MP refused CASI section""}, {""value"": ""-96.0"", ""label"": ""MP unable to complete CASI section""}, {""value"": ""-92.0"", ""label"": ""Refused""}, {""value"": ""-91.0"", ""label"": ""Not applicable""}, {""value"": ""0.0"", ""label"": ""Not mentioned""}, {""value"": ""1.0"", ""label"": ""Mentioned""}]"
72,W1expwhatMP0i,MP: Result of YP's most recent exclusion - Don't know,numeric,NOMINAL,-999.0 thru -1.0,"[{""value"": ""-99.0"", ""label"": ""MP not interviewed""}, {""value"": ""-97.0"", ""label"": ""MP refused CASI section""}, {""value"": ""-96.0"", ""label"": ""MP unable to complete CASI section""}, {""value"": ""-92.0"", ""label"": ""Refused""}, {""value"": ""-91.0"", ""label"": ""Not applicable""}, {""value"": ""0.0"", ""label"": ""Not mentioned""}, {""value"": ""1.0"", ""label"": ""Mentioned""}]"
73,W1expwhatMP0j,MP: Result of YP's most recent exclusion - Don't want to answer,numeric,NOMINAL,-999.0 thru -1.0,"[{""value"": ""-99.0"", ""label"": ""MP not interviewed""}, {""value"": ""-97.0"", ""label"": ""MP refused CASI section""}, {""value"": ""-96.0"", ""label"": ""MP unable to complete CASI section""}, {""value"": ""-92.0"", ""label"": ""Refused""}, {""value"": ""-91.0"", ""label"": ""Not applicable""}, {""value"": ""0.0"", ""label"": ""Not mentioned""}, {""value"": ""1.0"", ""label"": ""Mentioned""}]"
74,W1pbull1MP0a,MP: Whether YP has experienced this form of bullying in last 12 months: Called names by other pupils at school,numeric,NOMINAL,-999.0 thru -1.0,"[{""value"": ""-99.0"", ""label"": ""MP not interviewed""}, {""value"": ""-97.0"", ""label"": ""MP refused CASI section""}, {""value"": ""-96.0"", ""label"": ""MP unable to complete CASI section""}, {""value"": ""-92.0"", ""label"": ""Refused""}, {""value"": ""-91.0"", ""label"": ""Not applicable""}, {""value"": ""0.0"", ""label"": ""Not mentioned""}, {""value"": ""1.0"", ""label"": ""Mentioned""}]"
75,W1pbull1MP0b,MP: Whether YP has experienced this form of bullying in last 12 months: Sent offensive or hurtful text messages or emails,numeric,NOMINAL,-999.0 thru -1.0,"[{""value"": ""-99.0"", ""label"": ""MP not interviewed""}, {""value"": ""-97.0"", ""label"": ""MP refused CASI section""}, {""value"": ""-96.0"", ""label"": ""MP unable to complete CASI section""}, {""value"": ""-92.0"", ""label"": ""Refused""}, {""value"": ""-91.0"", ""label"": ""Not applicable""}, {""value"": ""0.0"", ""label"": ""Not mentioned""}, {""value"": ""1.0"", ""label"": ""Mentioned""}]"
76,W1pbull1MP0c,MP: Whether YP has experienced this form of bullying in last 12 months: Shut out from groups or other pupils or from joining in,numeric,NOMINAL,-999.0 thru -1.0,"[{""value"": ""-99.0"", ""label"": ""MP not interviewed""}, {""value"": ""-97.0"", ""label"": ""MP refused CASI section""}, {""value"": ""-96.0"", ""label"": ""MP unable to complete CASI section""}, {""value"": ""-92.0"", ""label"": ""Refused""}, {""value"": ""-91.0"", ""label"": ""Not applicable""}, {""value"": ""0.0"", ""label"": ""Not mentioned""}, {""value"": ""1.0"", ""label"": ""Mentioned""}]"
77,W1pbull1MP0d,MP: Whether YP has experienced this form of bullying in last 12 months: Made to give other pupils their money or belongings,numeric,NOMINAL,-999.0 thru -1.0,"[{""value"": ""-99.0"", ""label"": ""MP not interviewed""}, {""value"": ""-97.0"", ""label"": ""MP refused CASI section""}, {""value"": ""-96.0"", ""label"": ""MP unable to complete CASI section""}, {""value"": ""-92.0"", ""label"": ""Refused""}, {""value"": ""-91.0"", ""label"": ""Not applicable""}, {""value"": ""0.0"", ""label"": ""Not mentioned""}, {""value"": ""1.0"", ""label"": ""Mentioned""}]"
78,W1pbull1MP0e,MP: Whether YP has experienced this form of bullying in last 12 months: Threatened by other pupils with being hit or kicked or any other form of violence,numeric,NOMINAL,-999.0 thru -1.0,"[{""value"": ""-99.0"", ""label"": ""MP not interviewed""}, {""value"": ""-97.0"", ""label"": ""MP refused CASI section""}, {""value"": ""-96.0"", ""label"": ""MP unable to complete CASI section""}, {""value"": ""-92.0"", ""label"": ""Refused""}, {""value"": ""-91.0"", ""label"": ""Not applicable""}, {""value"": ""0.0"", ""label"": ""Not mentioned""}, {""value"": ""1.0"", ""label"": ""Mentioned""}]"
79,W1pbull1MP0f,MP: Whether YP has experienced this form of bullying in last 12 months: Actually being hit or kicked or attacked in any other way,numeric,NOMINAL,-999.0 thru -1.0,"[{""value"": ""-99.0"", ""label"": ""MP not interviewed""}, {""value"": ""-97.0"", ""label"": ""MP refused CASI section""}, {""value"": ""-96.0"", ""label"": ""MP unable to complete CASI section""}, {""value"": ""-92.0"", ""label"": ""Refused""}, {""value"": ""-91.0"", ""label"": ""Not applicable""}, {""value"": ""0.0"", ""label"": ""Not mentioned""}, {""value"": ""1.0"", ""label"": ""Mentioned""}]"
80,W1pbull1MP0g,MP: Whether YP has experienced this form of bullying in last 12 months: Any other sort of bullying,numeric,NOMINAL,-999.0 thru -1.0,"[{""value"": ""-99.0"", ""label"": ""MP not interviewed""}, {""value"": ""-97.0"", ""label"": ""MP refused CASI section""}, {""value"": ""-96.0"", ""label"": ""MP unable to complete CASI section""}, {""value"": ""-92.0"", ""label"": ""Refused""}, {""value"": ""-91.0"", ""label"": ""Not applicable""}, {""value"": ""0.0"", ""label"": ""Not mentioned""}, {""value"": ""1.0"", ""label"": ""Mentioned""}]"
81,W1pbull1MP0h,"MP: Whether YP has experienced this form of bullying in last 12 months: No, none of these things have happened in last 12 months",numeric,NOMINAL,-999.0 thru -1.0,"[{""value"": ""-99.0"", ""label"": ""MP not interviewed""}, {""value"": ""-97.0"", ""label"": ""MP refused CASI section""}, {""value"": ""-96.0"", ""label"": ""MP unable to complete CASI section""}, {""value"": ""-92.0"", ""label"": ""Refused""}, {""value"": ""-91.0"", ""label"": ""Not applicable""}, {""value"": ""0.0"", ""label"": ""Not mentioned""}, {""value"": ""1.0"", ""label"": ""Mentioned""}]"
82,W1pbull1MP0i,MP: Whether YP has experienced this form of bullying in last 12 months: Don't know,numeric,NOMINAL,-999.0 thru -1.0,"[{""value"": ""-99.0"", ""label"": ""MP not interviewed""}, {""value"": ""-97.0"", ""label"": ""MP refused CASI section""}, {""value"": ""-96.0"", ""label"": ""MP unable to complete CASI section""}, {""value"": ""-92.0"", ""label"": ""Refused""}, {""value"": ""-91.0"", ""label"": ""Not applicable""}, {""value"": ""0.0"", ""label"": ""Not mentioned""}, {""value"": ""1.0"", ""label"": ""Mentioned""}]"
83,W1pbull1MP0j,MP: Whether YP has experienced this form of bullying in last 12 months: Don't want to answer,numeric,NOMINAL,-999.0 thru -1.0,"[{""value"": ""-99.0"", ""label"": ""MP not interviewed""}, {""value"": ""-97.0"", ""label"": ""MP refused CASI section""}, {""value"": ""-96.0"", ""label"": ""MP unable to complete CASI section""}, {""value"": ""-92.0"", ""label"": ""Refused""}, {""value"": ""-91.0"", ""label"": ""Not applicable""}, {""value"": ""0.0"", ""label"": ""Not mentioned""}, {""value"": ""1.0"", ""label"": ""Mentioned""}]"
84,W1pbulfrqMP,MP: How often these things have happened to YP in last 12 months,numeric,ORDINAL,-999.0 thru -1.0,"[{""value"": ""-99.0"", ""label"": ""MP not interviewed""}, {""value"": ""-97.0"", ""label"": ""MP refused CASI section""}, {""value"": ""-96.0"", ""label"": ""MP unable to complete CASI section""}, {""value"": ""-92.0"", ""label"": ""Refused""}, {""value"": ""-91.0"", ""label"": ""Not applicable""}, {""value"": ""-1.0"", ""label"": ""Don't know""}, {""value"": ""1.0"", ""label"": ""Every day""}, {""value"": ""2.0"", ""label"": ""A few times a week""}, {""value"": ""3.0"", ""label"": ""Once or twice a week""}, {""value"": ""4.0"", ""label"": ""Once every two weeks""}, {""value"": ""5.0"", ""label"": ""Once a month""}, {""value"": ""6.0"", ""label"": ""Less often than this""}, {""value"": ""7.0"", ""label"": ""It varies""}]"
85,W1Police1MP,MP: Whether police have got in touch because of something YP had done,numeric,NOMINAL,-999.0 thru -1.0,"[{""value"": ""-99.0"", ""label"": ""MP not interviewed""}, {""value"": ""-97.0"", ""label"": ""MP refused CASI section""}, {""value"": ""-96.0"", ""label"": ""MP unable to complete CASI section""}, {""value"": ""-92.0"", ""label"": ""Refused""}, {""value"": ""-91.0"", ""label"": ""Not applicable""}, {""value"": ""-1.0"", ""label"": ""Don't know""}, {""value"": ""1.0"", ""label"": ""Yes, in last three years""}, {""value"": ""2.0"", ""label"": ""No""}, {""value"": ""3.0"", ""label"": ""Not in the last three years""}]"
86,W1police2MP,MP: Number of times police have been in touch about something YP has done,numeric,SCALE,-999.0 thru -1.0,"[{""value"": ""-99.0"", ""label"": ""MP not interviewed""}, {""value"": ""-97.0"", ""label"": ""MP refused CASI section""}, {""value"": ""-96.0"", ""label"": ""MP unable to complete CASI section""}, {""value"": ""-92.0"", ""label"": ""Refused""}, {""value"": ""-91.0"", ""label"": ""Not applicable""}, {""value"": ""-1.0"", ""label"": ""Don't Know""}]"
87,W1chea1HS,"HR: Whether YP has any long-standing illness, disability or infirmity",numeric,NOMINAL,-999.0 thru -1.0,"[{""value"": ""-995.0"", ""label"": ""Missing history section data - unexplained""}, {""value"": ""-99.0"", ""label"": ""History respondent not interviewed""}, {""value"": ""-97.0"", ""label"": ""History respondent misidentified""}, {""value"": ""-1.0"", ""label"": ""Don't know""}, {""value"": ""1.0"", ""label"": ""Yes""}, {""value"": ""2.0"", ""label"": ""No""}]"
88,W1chea4bHS,"HR: Whether have to spend longer looking after YP because of illness, disability or infirmity",numeric,NOMINAL,-999.0 thru -1.0,"[{""value"": ""-995.0"", ""label"": ""Missing history section data - unexplained""}, {""value"": ""-99.0"", ""label"": ""History respondent not interviewed""}, {""value"": ""-97.0"", ""label"": ""History respondent misidentified""}, {""value"": ""-91.0"", ""label"": ""Not applicable""}, {""value"": ""-1.0"", ""label"": ""Don't know""}, {""value"": ""1.0"", ""label"": ""Yes""}, {""value"": ""2.0"", ""label"": ""No""}]"
89,W1chea5HS,HR: Whether MP expects these problems to continue until YP is at least age 16,numeric,NOMINAL,-999.0 thru -1.0,"[{""value"": ""-995.0"", ""label"": ""Missing history section data - unexplained""}, {""value"": ""-99.0"", ""label"": ""History respondent not interviewed""}, {""value"": ""-97.0"", ""label"": ""History respondent misidentified""}, {""value"": ""-91.0"", ""label"": ""Not applicable""}, {""value"": ""-1.0"", ""label"": ""Don't know""}, {""value"": ""1.0"", ""label"": ""Yes""}, {""value"": ""2.0"", ""label"": ""No""}]"
90,W1chea7HS,HR: Whether these problems make it hard for YP to attend school regularly,numeric,NOMINAL,-999.0 thru -1.0,"[{""value"": ""-995.0"", ""label"": ""Missing history section data - unexplained""}, {""value"": ""-99.0"", ""label"": ""History respondent not interviewed""}, {""value"": ""-97.0"", ""label"": ""History respondent misidentified""}, {""value"": ""-91.0"", ""label"": ""Not applicable""}, {""value"": ""-1.0"", ""label"": ""Don't know""}, {""value"": ""1.0"", ""label"": ""Yes""}, {""value"": ""2.0"", ""label"": ""No""}]"
91,W1chea8HS,HR: Whether problems affect YP's ability to do schoolwork,numeric,NOMINAL,-999.0 thru -1.0,"[{""value"": ""-995.0"", ""label"": ""Missing history section data - unexplained""}, {""value"": ""-99.0"", ""label"": ""History respondent not interviewed""}, {""value"": ""-97.0"", ""label"": ""History respondent misidentified""}, {""value"": ""-91.0"", ""label"": ""Not applicable""}, {""value"": ""-1.0"", ""label"": ""Don't know""}, {""value"": ""1.0"", ""label"": ""Yes""}, {""value"": ""2.0"", ""label"": ""No""}]"
92,W1sexYP,Admin: Interviewer code sex of YP,numeric,NOMINAL,-999.0 thru -1.0,"[{""value"": ""-99.0"", ""label"": ""YP not interviewed""}, {""value"": ""-92.0"", ""label"": ""Refused""}, {""value"": ""-91.0"", ""label"": ""Not applicable""}, {""value"": ""1.0"", ""label"": ""Male""}, {""value"": ""2.0"", ""label"": ""Female""}]"
93,W1ethnicYP,YP: Ethnic origin (self-designation),numeric,NOMINAL,-999.0 thru -1.0,"[{""value"": ""-99.0"", ""label"": ""YP not interviewed""}, {""value"": ""-92.0"", ""label"": ""Refused""}, {""value"": ""-91.0"", ""label"": ""Not applicable""}, {""value"": ""-1.0"", ""label"": ""Don't know""}, {""value"": ""1.0"", ""label"": ""White - British""}, {""value"": ""2.0"", ""label"": ""White - Irish""}, {""value"": ""3.0"", ""label"": ""Any other White background""}, {""value"": ""4.0"", ""label"": ""White and Black Caribbean""}, {""value"": ""5.0"", ""label"": ""White and Black African""}, {""value"": ""6.0"", ""label"": ""White and Asian""}, {""value"": ""7.0"", ""label"": ""Any other mixed background""}, {""value"": ""8.0"", ""label"": ""Indian""}, {""value"": ""9.0"", ""label"": ""Pakistani""}, {""value"": ""10.0"", ""label"": ""Bangladeshi""}, {""value"": ""11.0"", ""label"": ""Any other Asian background""}, {""value"": ""12.0"", ""label"": ""Caribbean""}, {""value"": ""13.0"", ""label"": ""African""}, {""value"": ""14.0"", ""label"": ""Any other Black background""}, {""value"": ""15.0"", ""label"": ""Chinese""}, {""value"": ""16.0"", ""label"": ""Any other""}]"
94,W1englangYP,YP: Whether English is first or main language,numeric,NOMINAL,-999.0 thru -1.0,"[{""value"": ""-99.0"", ""label"": ""YP not interviewed""}, {""value"": ""-92.0"", ""label"": ""Refused""}, {""value"": ""-91.0"", ""label"": ""Not applicable""}, {""value"": ""-1.0"", ""label"": ""Don't know""}, {""value"": ""1.0"", ""label"": ""Yes - English only""}, {""value"": ""2.0"", ""label"": ""Yes - English first/ main and speaks other languages""}, {""value"": ""3.0"", ""label"": ""No, another language is respondent's first or main language""}, {""value"": ""4.0"", ""label"": ""Respondent is bilingual""}]"
95,W1relig1YP,YP: YP's religion,numeric,NOMINAL,-999.0 thru -1.0,"[{""value"": ""-99.0"", ""label"": ""YP not interviewed""}, {""value"": ""-92.0"", ""label"": ""Refused""}, {""value"": ""-91.0"", ""label"": ""Not applicable""}, {""value"": ""-1.0"", ""label"": ""Don't know""}, {""value"": ""1.0"", ""label"": ""None""}, {""value"": ""2.0"", ""label"": ""Christian""}, {""value"": ""3.0"", ""label"": ""Buddhist""}, {""value"": ""4.0"", ""label"": ""Hindu""}, {""value"": ""5.0"", ""label"": ""Jewish""}, {""value"": ""6.0"", ""label"": ""Muslim""}, {""value"": ""7.0"", ""label"": ""Sikh""}, {""value"": ""8.0"", ""label"": ""Another religion""}]"
96,W1relig2YP,YP: Christian denomination,numeric,NOMINAL,-999.0 thru -1.0,"[{""value"": ""-99.0"", ""label"": ""YP not interviewed""}, {""value"": ""-92.0"", ""label"": ""Refused""}, {""value"": ""-91.0"", ""label"": ""Not applicable""}, {""value"": ""-1.0"", ""label"": ""Don't know""}, {""value"": ""1.0"", ""label"": ""Roman Catholic""}, {""value"": ""2.0"", ""label"": ""Church of England""}, {""value"": ""3.0"", ""label"": ""Methodist""}, {""value"": ""4.0"", ""label"": ""United Reformed/ Presbyterian/ Congregational""}, {""value"": ""5.0"", ""label"": ""Baptist""}, {""value"": ""6.0"", ""label"": ""Other Christian""}]"
97,W1relig3YP,YP: Importance of religion to YP's way of life,numeric,NOMINAL,-999.0 thru -1.0,"[{""value"": ""-99.0"", ""label"": ""YP not interviewed""}, {""value"": ""-92.0"", ""label"": ""Refused""}, {""value"": ""-91.0"", ""label"": ""Not applicable""}, {""value"": ""-1.0"", ""label"": ""Don't know""}, {""value"": ""1.0"", ""label"": ""Very important""}, {""value"": ""2.0"", ""label"": ""Fairly important""}, {""value"": ""3.0"", ""label"": ""Not very important""}, {""value"": ""4.0"", ""label"": ""Not at all important""}]"
98,W1sfac1YP,YP: Satisfaction with sports facilities at school,numeric,ORDINAL,-999.0 thru -1.0,"[{""value"": ""-99.0"", ""label"": ""YP not interviewed""}, {""value"": ""-92.0"", ""label"": ""Refused""}, {""value"": ""-91.0"", ""label"": ""Not applicable""}, {""value"": ""-1.0"", ""label"": ""Don't know""}, {""value"": ""1.0"", ""label"": ""Agree strongly""}, {""value"": ""2.0"", ""label"": ""Agree a little""}, {""value"": ""3.0"", ""label"": ""Disagree a little""}, {""value"": ""4.0"", ""label"": ""Disagree strongly""}]"
99,W1sfac2YP,YP: Satisfaction with toilet facilities at school,numeric,ORDINAL,-999.0 thru -1.0,"[{""value"": ""-99.0"", ""label"": ""YP not interviewed""}, {""value"": ""-92.0"", ""label"": ""Refused""}, {""value"": ""-91.0"", ""label"": ""Not applicable""}, {""value"": ""-1.0"", ""label"": ""Don't know""}, {""value"": ""1.0"", ""label"": ""Agree strongly""}, {""value"": ""2.0"", ""label"": ""Agree a little""}, {""value"": ""3.0"", ""label"": ""Disagree a little""}, {""value"": ""4.0"", ""label"": ""Disagree strongly""}]"
100,W1sfac3YP,YP: Satisfaction with text book facilities at school,numeric,ORDINAL,-999.0 thru -1.0,"[{""value"": ""-99.0"", ""label"": ""YP not interviewed""}, {""value"": ""-92.0"", ""label"": ""Refused""}, {""value"": ""-91.0"", ""label"": ""Not applicable""}, {""value"": ""-1.0"", ""label"": ""Don't know""}, {""value"": ""1.0"", ""label"": ""Agree strongly""}, {""value"": ""2.0"", ""label"": ""Agree a little""}, {""value"": ""3.0"", ""label"": ""Disagree a little""}, {""value"": ""4.0"", ""label"": ""Disagree strongly""}]"
101,W1sfac4YP,YP: Satisfaction with library facilities at school,numeric,ORDINAL,-999.0 thru -1.0,"[{""value"": ""-99.0"", ""label"": ""YP not interviewed""}, {""value"": ""-92.0"", ""label"": ""Refused""}, {""value"": ""-91.0"", ""label"": ""Not applicable""}, {""value"": ""-1.0"", ""label"": ""Don't know""}, {""value"": ""1.0"", ""label"": ""Agree strongly""}, {""value"": ""2.0"", ""label"": ""Agree a little""}, {""value"": ""3.0"", ""label"": ""Disagree a little""}, {""value"": ""4.0"", ""label"": ""Disagree strongly""}]"
102,W1favesYP,YP: YP's favourite school subject,numeric,NOMINAL,-999.0 thru -1.0,"[{""value"": ""-998.0"", ""label"": ""Interviewer missed question""}, {""value"": ""-99.0"", ""label"": ""YP not interviewed""}, {""value"": ""-92.0"", ""label"": ""Refused""}, {""value"": ""-91.0"", ""label"": ""Not applicable""}, {""value"": ""-1.0"", ""label"": ""Don't know""}, {""value"": ""1.0"", ""label"": ""Mathematics""}, {""value"": ""2.0"", ""label"": ""Science (Biology, Chemistry and Physics)""}, {""value"": ""3.0"", ""label"": ""Design and Technology""}, {""value"": ""4.0"", ""label"": ""ICT, information and communication technology, computing""}, {""value"": ""5.0"", ""label"": ""Home Economics""}, {""value"": ""6.0"", ""label"": ""History""}, {""value"": ""7.0"", ""label"": ""Geography""}, {""value"": ""8.0"", ""label"": ""Physical Education (PE), games, sport (including individual""}, {""value"": ""9.0"", ""label"": ""Business studies or Economics""}, {""value"": ""10.0"", ""label"": ""Humanities, Social Studies or Vocational Studies""}, {""value"": ""11.0"", ""label"": ""Art""}, {""value"": ""12.0"", ""label"": ""English""}, {""value"": ""13.0"", ""label"": ""Modern Languages (e.g.. French, German, Spanish)""}, {""value"": ""14.0"", ""label"": ""Music""}, {""value"": ""15.0"", ""label"": ""Drama or media, film, television studies or communication st""}, {""value"": ""16.0"", ""label"": ""Religious Studies""}, {""value"": ""17.0"", ""label"": ""Sex and Heath education""}, {""value"": ""18.0"", ""label"": ""Citizenship""}, {""value"": ""19.0"", ""label"": ""Other answers""}, {""value"": ""20.0"", ""label"": ""None of these""}]"
103,W1hatesYP,YP:YP's least favourite school subject,numeric,NOMINAL,-999.0 thru -1.0,"[{""value"": ""-998.0"", ""label"": ""Interviewer missed question""}, {""value"": ""-99.0"", ""label"": ""YP not interviewed""}, {""value"": ""-92.0"", ""label"": ""Refused""}, {""value"": ""-91.0"", ""label"": ""Not applicable""}, {""value"": ""-1.0"", ""label"": ""Don't know""}, {""value"": ""1.0"", ""label"": ""Mathematics""}, {""value"": ""2.0"", ""label"": ""Science (Biology, Chemistry and Physics)""}, {""value"": ""3.0"", ""label"": ""Design and Technology""}, {""value"": ""4.0"", ""label"": ""ICT, information and communication technology, computing""}, {""value"": ""5.0"", ""label"": ""Home Economics""}, {""value"": ""6.0"", ""label"": ""History""}, {""value"": ""7.0"", ""label"": ""Geography""}, {""value"": ""8.0"", ""label"": ""Physical Education (PE), games, sport (including individual""}, {""value"": ""9.0"", ""label"": ""Business studies or Economics""}, {""value"": ""10.0"", ""label"": ""Humanities, Social Studies or Vocational Studies""}, {""value"": ""11.0"", ""label"": ""Art""}, {""value"": ""12.0"", ""label"": ""English""}, {""value"": ""13.0"", ""label"": ""Modern Languages (e.g.. French, German, Spanish)""}, {""value"": ""14.0"", ""label"": ""Music""}, {""value"": ""15.0"", ""label"": ""Drama or media, film, television studies or communication st""}, {""value"": ""16.0"", ""label"": ""Religious Studies""}, {""value"": ""17.0"", ""label"": ""Sex and Heath education""}, {""value"": ""18.0"", ""label"": ""Citizenship""}, {""value"": ""19.0"", ""label"": ""Other answers""}, {""value"": ""20.0"", ""label"": ""None of these""}]"
104,W1lmathYP,YP: How much like or dislike this subject: Maths,numeric,ORDINAL,-999.0 thru -1.0,"[{""value"": ""-99.0"", ""label"": ""YP not interviewed""}, {""value"": ""-92.0"", ""label"": ""Refused""}, {""value"": ""-91.0"", ""label"": ""Not applicable""}, {""value"": ""-1.0"", ""label"": ""Don't know""}, {""value"": ""1.0"", ""label"": ""Like it a lot""}, {""value"": ""2.0"", ""label"": ""Like it a little""}, {""value"": ""3.0"", ""label"": ""Don't like it very much""}, {""value"": ""4.0"", ""label"": ""Don't like it at all""}]"
105,W1lengYP,YP: How much like or dislike this subject: English,numeric,ORDINAL,-999.0 thru -1.0,"[{""value"": ""-99.0"", ""label"": ""YP not interviewed""}, {""value"": ""-92.0"", ""label"": ""Refused""}, {""value"": ""-91.0"", ""label"": ""Not applicable""}, {""value"": ""-1.0"", ""label"": ""Don't know""}, {""value"": ""1.0"", ""label"": ""Like it a lot""}, {""value"": ""2.0"", ""label"": ""Like it a little""}, {""value"": ""3.0"", ""label"": ""Don't like it very much""}, {""value"": ""4.0"", ""label"": ""Don't like it at all""}]"
106,W1lsciYP,YP: How much like or dislike this subject: Science,numeric,ORDINAL,-999.0 thru -1.0,"[{""value"": ""-99.0"", ""label"": ""YP not interviewed""}, {""value"": ""-92.0"", ""label"": ""Refused""}, {""value"": ""-91.0"", ""label"": ""Not applicable""}, {""value"": ""-1.0"", ""label"": ""Don't know""}, {""value"": ""1.0"", ""label"": ""Like it a lot""}, {""value"": ""2.0"", ""label"": ""Like it a little""}, {""value"": ""3.0"", ""label"": ""Don't like it very much""}, {""value"": ""4.0"", ""label"": ""Don't like it at all""}]"
107,W1lictYP,YP: How much YP likes or dislikes ICT subjects,numeric,ORDINAL,-999.0 thru -1.0,"[{""value"": ""-99.0"", ""label"": ""YP not interviewed""}, {""value"": ""-92.0"", ""label"": ""Refused""}, {""value"": ""-91.0"", ""label"": ""Not applicable""}, {""value"": ""-1.0"", ""label"": ""Don't know""}, {""value"": ""1.0"", ""label"": ""Like it a lot""}, {""value"": ""2.0"", ""label"": ""Like it a little""}, {""value"": ""3.0"", ""label"": ""Don't like it very much""}, {""value"": ""4.0"", ""label"": ""Don't like it at all""}]"
108,W1gmathYP,YP: How good or bad at this subject: Maths,numeric,ORDINAL,-999.0 thru -1.0,"[{""value"": ""-99.0"", ""label"": ""YP not interviewed""}, {""value"": ""-92.0"", ""label"": ""Refused""}, {""value"": ""-91.0"", ""label"": ""Not applicable""}, {""value"": ""-1.0"", ""label"": ""Don't know""}, {""value"": ""1.0"", ""label"": ""Very good""}, {""value"": ""2.0"", ""label"": ""Fairly good""}, {""value"": ""3.0"", ""label"": ""Not very good""}, {""value"": ""4.0"", ""label"": ""No good at all""}]"
109,W1gengYP,YP: How good or bad at this subject: English,numeric,ORDINAL,-999.0 thru -1.0,"[{""value"": ""-99.0"", ""label"": ""YP not interviewed""}, {""value"": ""-92.0"", ""label"": ""Refused""}, {""value"": ""-91.0"", ""label"": ""Not applicable""}, {""value"": ""-1.0"", ""label"": ""Don't know""}, {""value"": ""1.0"", ""label"": ""Very good""}, {""value"": ""2.0"", ""label"": ""Fairly good""}, {""value"": ""3.0"", ""label"": ""Not very good""}, {""value"": ""4.0"", ""label"": ""No good at all""}]"
110,W1gsciYP,YP: How good or bad at this subject: Science,numeric,ORDINAL,-999.0 thru -1.0,"[{""value"": ""-99.0"", ""label"": ""YP not interviewed""}, {""value"": ""-92.0"", ""label"": ""Refused""}, {""value"": ""-91.0"", ""label"": ""Not applicable""}, {""value"": ""-1.0"", ""label"": ""Don't know""}, {""value"": ""1.0"", ""label"": ""Very good""}, {""value"": ""2.0"", ""label"": ""Fairly good""}, {""value"": ""3.0"", ""label"": ""Not very good""}, {""value"": ""4.0"", ""label"": ""No good at all""}]"
111,W1gictYP,YP: How good YP is at ICT subjects,numeric,ORDINAL,-999.0 thru -1.0,"[{""value"": ""-99.0"", ""label"": ""YP not interviewed""}, {""value"": ""-92.0"", ""label"": ""Refused""}, {""value"": ""-91.0"", ""label"": ""Not applicable""}, {""value"": ""-1.0"", ""label"": ""Don't know""}, {""value"": ""1.0"", ""label"": ""Very good""}, {""value"": ""2.0"", ""label"": ""Fairly good""}, {""value"": ""3.0"", ""label"": ""Not very good""}, {""value"": ""4.0"", ""label"": ""No good at all""}]"
112,W1y10choiYP,YP: Whether Year 10 choices have been definitely settled yet,numeric,NOMINAL,-999.0 thru -1.0,"[{""value"": ""-99.0"", ""label"": ""YP not interviewed""}, {""value"": ""-92.0"", ""label"": ""Refused""}, {""value"": ""-91.0"", ""label"": ""Not applicable""}, {""value"": ""-1.0"", ""label"": ""Don't know""}, {""value"": ""1.0"", ""label"": ""Yes""}, {""value"": ""2.0"", ""label"": ""No""}]"
113,W1choicYP0a,YP: Who decided Year 10 subjects: Parents,numeric,NOMINAL,-999.0 thru -1.0,"[{""value"": ""-99.0"", ""label"": ""YP not interviewed""}, {""value"": ""-92.0"", ""label"": ""Refused""}, {""value"": ""-91.0"", ""label"": ""Not applicable""}, {""value"": ""0.0"", ""label"": ""Not mentioned""}, {""value"": ""1.0"", ""label"": ""Mentioned""}]"
114,W1choicYP0b,YP: Who decided Year 10 subjects: School Teachers,numeric,NOMINAL,-999.0 thru -1.0,"[{""value"": ""-99.0"", ""label"": ""YP not interviewed""}, {""value"": ""-92.0"", ""label"": ""Refused""}, {""value"": ""-91.0"", ""label"": ""Not applicable""}, {""value"": ""0.0"", ""label"": ""Not mentioned""}, {""value"": ""1.0"", ""label"": ""Mentioned""}]"
115,W1choicYP0c,"YP: Who decided Year 10 subjects: You, yourself",numeric,NOMINAL,-999.0 thru -1.0,"[{""value"": ""-99.0"", ""label"": ""YP not interviewed""}, {""value"": ""-92.0"", ""label"": ""Refused""}, {""value"": ""-91.0"", ""label"": ""Not applicable""}, {""value"": ""0.0"", ""label"": ""Not mentioned""}, {""value"": ""1.0"", ""label"": ""Mentioned""}]"
116,W1choicYP0d,YP: Who decided Year 10 subjects: Someone else,numeric,NOMINAL,-999.0 thru -1.0,"[{""value"": ""-99.0"", ""label"": ""YP not interviewed""}, {""value"": ""-92.0"", ""label"": ""Refused""}, {""value"": ""-91.0"", ""label"": ""Not applicable""}, {""value"": ""0.0"", ""label"": ""Not mentioned""}, {""value"": ""1.0"", ""label"": ""Mentioned""}]"
117,W1choicYP0e,YP: Who decided Year 10 subjects: Don't Know,numeric,NOMINAL,-999.0 thru -1.0,"[{""value"": ""-99.0"", ""label"": ""YP not interviewed""}, {""value"": ""-92.0"", ""label"": ""Refused""}, {""value"": ""-91.0"", ""label"": ""Not applicable""}, {""value"": ""0.0"", ""label"": ""Not mentioned""}, {""value"": ""1.0"", ""label"": ""Mentioned""}]"
118,W1Choice1YP,YP: Who had the most say in deciding which subjects YP would be studying,numeric,NOMINAL,-999.0 thru -1.0,"[{""value"": ""-99.0"", ""label"": ""YP not interviewed""}, {""value"": ""-92.0"", ""label"": ""Refused""}, {""value"": ""-91.0"", ""label"": ""Not applicable""}, {""value"": ""-1.0"", ""label"": ""Don't know""}, {""value"": ""1.0"", ""label"": ""Parents""}, {""value"": ""2.0"", ""label"": ""School/teachers""}, {""value"": ""3.0"", ""label"": ""You""}, {""value"": ""4.0"", ""label"": ""Someone else""}]"
119,W1choice3YP,YP: How much final decision on Year 10 subjects will depend on exam grades,numeric,ORDINAL,-999.0 thru -1.0,"[{""value"": ""-99.0"", ""label"": ""YP not interviewed""}, {""value"": ""-92.0"", ""label"": ""Refused""}, {""value"": ""-91.0"", ""label"": ""Not applicable""}, {""value"": ""-1.0"", ""label"": ""Don't know""}, {""value"": ""1.0"", ""label"": ""A great deal""}, {""value"": ""2.0"", ""label"": ""Quite a lot""}, {""value"": ""3.0"", ""label"": ""Not very much""}, {""value"": ""4.0"", ""label"": ""Not at all""}]"
120,W1choice3aYP,YP: Agreement with statements: I only want to do subjects that I know I will do well at in exams,numeric,ORDINAL,-999.0 thru -1.0,"[{""value"": ""-99.0"", ""label"": ""YP not interviewed""}, {""value"": ""-92.0"", ""label"": ""Refused""}, {""value"": ""-91.0"", ""label"": ""Not applicable""}, {""value"": ""-1.0"", ""label"": ""Don't know""}, {""value"": ""1.0"", ""label"": ""Agree strongly""}, {""value"": ""2.0"", ""label"": ""Agree a little""}, {""value"": ""3.0"", ""label"": ""Disagree a little""}, {""value"": ""4.0"", ""label"": ""Disagree a lot""}, {""value"": ""5.0"", ""label"": ""Not given a choice""}]"
121,W1choice4YP,YP: Agreement with statements: I chose these subjects because I only wanted to do subjects I'm interested in,numeric,ORDINAL,-999.0 thru -1.0,"[{""value"": ""-998.0"", ""label"": ""Interviewer missed question""}, {""value"": ""-99.0"", ""label"": ""YP not interviewed""}, {""value"": ""-92.0"", ""label"": ""Refused""}, {""value"": ""-91.0"", ""label"": ""Not applicable""}, {""value"": ""-1.0"", ""label"": ""Don't know""}, {""value"": ""1.0"", ""label"": ""Agree strongly""}, {""value"": ""2.0"", ""label"": ""Agree slightly""}, {""value"": ""3.0"", ""label"": ""Disagree slightly""}, {""value"": ""4.0"", ""label"": ""Disagree strongly""}]"
122,W1choice5YP,YP: Agreement with statements: I chose these subjects because I like the teachers who teach these subjects in Year 10,numeric,ORDINAL,-999.0 thru -1.0,"[{""value"": ""-998.0"", ""label"": ""Interviewer missed question""}, {""value"": ""-99.0"", ""label"": ""YP not interviewed""}, {""value"": ""-92.0"", ""label"": ""Refused""}, {""value"": ""-91.0"", ""label"": ""Not applicable""}, {""value"": ""-1.0"", ""label"": ""Don't know""}, {""value"": ""1.0"", ""label"": ""Agree strongly""}, {""value"": ""2.0"", ""label"": ""Agree slightly""}, {""value"": ""3.0"", ""label"": ""Disagree slightly""}, {""value"": ""4.0"", ""label"": ""Disagree strongly""}]"
123,W1choice6YP,YP: Agreement with statements: I chose these subjects because I wanted to do the same subjects as my friends,numeric,ORDINAL,-999.0 thru -1.0,"[{""value"": ""-998.0"", ""label"": ""Interviewer missed question""}, {""value"": ""-99.0"", ""label"": ""YP not interviewed""}, {""value"": ""-92.0"", ""label"": ""Refused""}, {""value"": ""-91.0"", ""label"": ""Not applicable""}, {""value"": ""-1.0"", ""label"": ""Don't know""}, {""value"": ""1.0"", ""label"": ""Agree strongly""}, {""value"": ""2.0"", ""label"": ""Agree slightly""}, {""value"": ""3.0"", ""label"": ""Disagree slightly""}, {""value"": ""4.0"", ""label"": ""Disagree strongly""}]"
124,W1choice7YP,YP: Agreement with statements: I chose these subjects because I will need passes in them for the courses I want to do after Year 11,numeric,ORDINAL,-999.0 thru -1.0,"[{""value"": ""-998.0"", ""label"": ""Interviewer missed question""}, {""value"": ""-99.0"", ""label"": ""YP not interviewed""}, {""value"": ""-92.0"", ""label"": ""Refused""}, {""value"": ""-91.0"", ""label"": ""Not applicable""}, {""value"": ""-1.0"", ""label"": ""Don't know""}, {""value"": ""1.0"", ""label"": ""Agree strongly""}, {""value"": ""2.0"", ""label"": ""Agree slightly""}, {""value"": ""3.0"", ""label"": ""Disagree slightly""}, {""value"": ""4.0"", ""label"": ""Disagree strongly""}]"
125,W1choice8YP,YP: Agreement with statements: I chose these subjects because I will need passes in them for the job or career I want to have after I leave school,numeric,ORDINAL,-999.0 thru -1.0,"[{""value"": ""-998.0"", ""label"": ""Interviewer missed question""}, {""value"": ""-99.0"", ""label"": ""YP not interviewed""}, {""value"": ""-92.0"", ""label"": ""Refused""}, {""value"": ""-91.0"", ""label"": ""Not applicable""}, {""value"": ""-1.0"", ""label"": ""Don't know""}, {""value"": ""1.0"", ""label"": ""Agree strongly""}, {""value"": ""2.0"", ""label"": ""Agree slightly""}, {""value"": ""3.0"", ""label"": ""Disagree slightly""}, {""value"": ""4.0"", ""label"": ""Disagree strongly""}]"
126,W1y10satYP,YP: Satisfaction with choice of courses and subjects for Year 10 at school,numeric,ORDINAL,-999.0 thru -1.0,"[{""value"": ""-998.0"", ""label"": ""Interviewer missed question""}, {""value"": ""-99.0"", ""label"": ""YP not interviewed""}, {""value"": ""-92.0"", ""label"": ""Refused""}, {""value"": ""-91.0"", ""label"": ""Not applicable""}, {""value"": ""-1.0"", ""label"": ""Don't know""}, {""value"": ""1.0"", ""label"": ""Very satisfied""}, {""value"": ""2.0"", ""label"": ""Fairly satisfied""}, {""value"": ""3.0"", ""label"": ""Not very satisfied""}, {""value"": ""4.0"", ""label"": ""Not at all satisfied""}]"
127,W1sruleYP,YP: Level of rules in school,numeric,ORDINAL,-999.0 thru -1.0,"[{""value"": ""-99.0"", ""label"": ""YP not interviewed""}, {""value"": ""-92.0"", ""label"": ""Refused""}, {""value"": ""-91.0"", ""label"": ""Not applicable""}, {""value"": ""-1.0"", ""label"": ""Don't know""}, {""value"": ""1.0"", ""label"": ""Too many rules""}, {""value"": ""2.0"", ""label"": ""About the right number of rules""}, {""value"": ""3.0"", ""label"": ""Not enough rules""}]"
128,W1sdiscYP,YP: Level of discipline in school,numeric,ORDINAL,-999.0 thru -1.0,"[{""value"": ""-99.0"", ""label"": ""YP not interviewed""}, {""value"": ""-92.0"", ""label"": ""Refused""}, {""value"": ""-91.0"", ""label"": ""Not applicable""}, {""value"": ""-1.0"", ""label"": ""Don't know""}, {""value"": ""1.0"", ""label"": ""Too strict""}, {""value"": ""2.0"", ""label"": ""About right""}, {""value"": ""3.0"", ""label"": ""Not strict enough""}]"
129,W1squietYP,YP: Frequency of misbehaviour or troublemaking in classes (by others),numeric,ORDINAL,-999.0 thru -1.0,"[{""value"": ""-99.0"", ""label"": ""YP not interviewed""}, {""value"": ""-92.0"", ""label"": ""Refused""}, {""value"": ""-91.0"", ""label"": ""Not applicable""}, {""value"": ""-1.0"", ""label"": ""Don't know""}, {""value"": ""1.0"", ""label"": ""In most or all of your classes""}, {""value"": ""2.0"", ""label"": ""Less often but in more than half of them""}, {""value"": ""3.0"", ""label"": ""In about half your classes""}, {""value"": ""4.0"", ""label"": ""Now and then""}, {""value"": ""5.0"", ""label"": ""Or has this not been a problem at all?""}]"
130,W1squiet2YP,YP: Frequency of misbehaviour or troublemaking in classes (by self),numeric,ORDINAL,-999.0 thru -1.0,"[{""value"": ""-99.0"", ""label"": ""YP not interviewed""}, {""value"": ""-92.0"", ""label"": ""Refused""}, {""value"": ""-91.0"", ""label"": ""Not applicable""}, {""value"": ""-1.0"", ""label"": ""Don't know""}, {""value"": ""1.0"", ""label"": ""In most or all of your classes""}, {""value"": ""2.0"", ""label"": ""Less often but in more than half of them""}, {""value"": ""3.0"", ""label"": ""In about half your classes""}, {""value"": ""4.0"", ""label"": ""Now and then""}, {""value"": ""5.0"", ""label"": ""Or has this not been a problem at all?""}]"
131,W1snodisYP,YP: How often in last year has been difficult to study or follow teacher because of bad behaviour by others,numeric,ORDINAL,-999.0 thru -1.0,"[{""value"": ""-99.0"", ""label"": ""YP not interviewed""}, {""value"": ""-92.0"", ""label"": ""Refused""}, {""value"": ""-91.0"", ""label"": ""Not applicable""}, {""value"": ""-1.0"", ""label"": ""Don't know""}, {""value"": ""1.0"", ""label"": ""In most or all of your classes""}, {""value"": ""2.0"", ""label"": ""Less often but in more than half of them""}, {""value"": ""3.0"", ""label"": ""In about half your classes""}, {""value"": ""4.0"", ""label"": ""Now and then""}, {""value"": ""5.0"", ""label"": ""Or has this not been a problem at all?""}]"
132,W1hwhaveYP,YP: Whether ever set homework at school,numeric,NOMINAL,-999.0 thru -1.0,"[{""value"": ""-99.0"", ""label"": ""YP not interviewed""}, {""value"": ""-92.0"", ""label"": ""Refused""}, {""value"": ""-91.0"", ""label"": ""Not applicable""}, {""value"": ""-1.0"", ""label"": ""Don't know""}, {""value"": ""1.0"", ""label"": ""Yes""}, {""value"": ""2.0"", ""label"": ""No""}]"
133,W1hwdoYP,YP: How often YP set homework,numeric,ORDINAL,-999.0 thru -1.0,"[{""value"": ""-99.0"", ""label"": ""YP not interviewed""}, {""value"": ""-92.0"", ""label"": ""Refused""}, {""value"": ""-91.0"", ""label"": ""Not applicable""}, {""value"": ""-1.0"", ""label"": ""Don't know""}, {""value"": ""1.0"", ""label"": ""Most days""}, {""value"": ""2.0"", ""label"": ""Once a week at least""}, {""value"": ""3.0"", ""label"": ""Occasionally, that is less than once a week""}, {""value"": ""4.0"", ""label"": ""Hardly ever""}, {""value"": ""5.0"", ""label"": ""Never""}]"
134,W1hwdo1YP,YP: Whether spend any time doing homework in typical term-time week,numeric,NOMINAL,-999.0 thru -1.0,"[{""value"": ""-99.0"", ""label"": ""YP not interviewed""}, {""value"": ""-92.0"", ""label"": ""Refused""}, {""value"": ""-91.0"", ""label"": ""Not applicable""}, {""value"": ""-1.0"", ""label"": ""Don't know""}, {""value"": ""1.0"", ""label"": ""Yes""}, {""value"": ""2.0"", ""label"": ""No""}]"
135,W1hwndayYP,YP: Number of evenings do homework,numeric,SCALE,-999.0 thru -1.0,"[{""value"": ""-998.0"", ""label"": ""Interviewer missed question""}, {""value"": ""-99.0"", ""label"": ""YP not interviewed""}, {""value"": ""-92.0"", ""label"": ""Refused""}, {""value"": ""-91.0"", ""label"": ""Not applicable""}, {""value"": ""-1.0"", ""label"": ""Don't Know""}]"
136,W1hwhelpYP,YP: Whether anyone at home helps them with homework,numeric,NOMINAL,-999.0 thru -1.0,"[{""value"": ""-99.0"", ""label"": ""YP not interviewed""}, {""value"": ""-92.0"", ""label"": ""Refused""}, {""value"": ""-91.0"", ""label"": ""Not applicable""}, {""value"": ""-1.0"", ""label"": ""Don't know""}, {""value"": ""1.0"", ""label"": ""Yes""}, {""value"": ""2.0"", ""label"": ""No""}, {""value"": ""3.0"", ""label"": ""Don't get any homework""}]"
137,W1hwpchlYP,YP: Whether anyone at home makes sure that do homework,numeric,ORDINAL,-999.0 thru -1.0,"[{""value"": ""-99.0"", ""label"": ""YP not interviewed""}, {""value"": ""-92.0"", ""label"": ""Refused""}, {""value"": ""-91.0"", ""label"": ""Not applicable""}, {""value"": ""-1.0"", ""label"": ""Don't know""}, {""value"": ""1.0"", ""label"": ""Every time""}, {""value"": ""2.0"", ""label"": ""Sometimes""}, {""value"": ""3.0"", ""label"": ""Occasionally""}, {""value"": ""4.0"", ""label"": ""Never""}, {""value"": ""5.0"", ""label"": ""(DO NOT PROMPT) Depends what it is""}]"
138,W1hwtchkYP,YP: How many of YP's teachers who set homework make sure YP does it,numeric,ORDINAL,-999.0 thru -1.0,"[{""value"": ""-99.0"", ""label"": ""YP not interviewed""}, {""value"": ""-92.0"", ""label"": ""Refused""}, {""value"": ""-91.0"", ""label"": ""Not applicable""}, {""value"": ""-1.0"", ""label"": ""Don't know""}, {""value"": ""1.0"", ""label"": ""All teachers""}, {""value"": ""2.0"", ""label"": ""Most teachers""}, {""value"": ""3.0"", ""label"": ""Some teachers""}, {""value"": ""4.0"", ""label"": ""Hardly any teachers""}, {""value"": ""5.0"", ""label"": ""No teachers""}]"
139,W1comlocYP0a,YP: Where use PC or laptop computer: Home,numeric,NOMINAL,-999.0 thru -1.0,"[{""value"": ""-99.0"", ""label"": ""YP not interviewed""}, {""value"": ""-92.0"", ""label"": ""Refused""}, {""value"": ""-91.0"", ""label"": ""Not applicable""}, {""value"": ""0.0"", ""label"": ""Not mentioned""}, {""value"": ""1.0"", ""label"": ""Mentioned""}]"
140,W1comlocYP0b,YP: Where use PC or laptop computer: School,numeric,NOMINAL,-999.0 thru -1.0,"[{""value"": ""-99.0"", ""label"": ""YP not interviewed""}, {""value"": ""-92.0"", ""label"": ""Refused""}, {""value"": ""-91.0"", ""label"": ""Not applicable""}, {""value"": ""0.0"", ""label"": ""Not mentioned""}, {""value"": ""1.0"", ""label"": ""Mentioned""}]"
141,W1comlocYP0c,YP: Where use PC or laptop computer: Anywhere else,numeric,NOMINAL,-999.0 thru -1.0,"[{""value"": ""-99.0"", ""label"": ""YP not interviewed""}, {""value"": ""-92.0"", ""label"": ""Refused""}, {""value"": ""-91.0"", ""label"": ""Not applicable""}, {""value"": ""0.0"", ""label"": ""Not mentioned""}, {""value"": ""1.0"", ""label"": ""Mentioned""}]"
142,W1comlocYP0d,YP: Where use PC or laptop computer: Do not use a computer,numeric,NOMINAL,-999.0 thru -1.0,"[{""value"": ""-99.0"", ""label"": ""YP not interviewed""}, {""value"": ""-92.0"", ""label"": ""Refused""}, {""value"": ""-91.0"", ""label"": ""Not applicable""}, {""value"": ""0.0"", ""label"": ""Not mentioned""}, {""value"": ""1.0"", ""label"": ""Mentioned""}]"
143,W1comlocYP0e,YP: Where use PC or laptop computer: Not stated,numeric,NOMINAL,-999.0 thru -1.0,"[{""value"": ""-99.0"", ""label"": ""YP not interviewed""}, {""value"": ""-92.0"", ""label"": ""Refused""}, {""value"": ""-91.0"", ""label"": ""Not applicable""}, {""value"": ""0.0"", ""label"": ""Not mentioned""}, {""value"": ""1.0"", ""label"": ""Mentioned""}]"
144,W1comloc2YP,YP: Whether ever use home computer for school work,numeric,NOMINAL,-999.0 thru -1.0,"[{""value"": ""-99.0"", ""label"": ""YP not interviewed""}, {""value"": ""-92.0"", ""label"": ""Refused""}, {""value"": ""-91.0"", ""label"": ""Not applicable""}, {""value"": ""-1.0"", ""label"": ""Don't know""}, {""value"": ""1.0"", ""label"": ""Yes""}, {""value"": ""2.0"", ""label"": ""No""}]"
145,W1comloc3YP,"YP: Days a week YP usually uses home computer for school work, during term time",numeric,ORDINAL,-999.0 thru -1.0,"[{""value"": ""-99.0"", ""label"": ""YP not interviewed""}, {""value"": ""-92.0"", ""label"": ""Refused""}, {""value"": ""-91.0"", ""label"": ""Not applicable""}, {""value"": ""-1.0"", ""label"": ""Don't know""}, {""value"": ""1.0"", ""label"": ""Most days (5 or more)""}, {""value"": ""2.0"", ""label"": ""3 - 4 days""}, {""value"": ""3.0"", ""label"": ""1 - 2 days""}, {""value"": ""4.0"", ""label"": ""Less than 1 day a week on average""}, {""value"": ""5.0"", ""label"": ""Never""}]"
146,W1hcomsYP,"YP: Number of hours YP uses home computer for school work, on a day when use computer",numeric,SCALE,-999.0 thru -1.0,"[{""value"": ""-998.0"", ""label"": ""Interviewer missed question""}, {""value"": ""-99.0"", ""label"": ""YP not interviewed""}, {""value"": ""-92.0"", ""label"": ""Refused""}, {""value"": ""-91.0"", ""label"": ""Not applicable""}, {""value"": ""-1.0"", ""label"": ""Don't Know""}]"
147,W1hintdYP0a,YP: Whether YP uses home computer for school work in this way - Word processing,numeric,NOMINAL,-999.0 thru -1.0,"[{""value"": ""-99.0"", ""label"": ""YP not interviewed""}, {""value"": ""-92.0"", ""label"": ""Refused""}, {""value"": ""-91.0"", ""label"": ""Not applicable""}, {""value"": ""0.0"", ""label"": ""Not mentioned""}, {""value"": ""1.0"", ""label"": ""Mentioned""}]"
148,W1hintdYP0b,YP: Whether YP uses home computer for school work in this way - Spreadsheets,numeric,NOMINAL,-999.0 thru -1.0,"[{""value"": ""-99.0"", ""label"": ""YP not interviewed""}, {""value"": ""-92.0"", ""label"": ""Refused""}, {""value"": ""-91.0"", ""label"": ""Not applicable""}, {""value"": ""0.0"", ""label"": ""Not mentioned""}, {""value"": ""1.0"", ""label"": ""Mentioned""}]"
149,W1hintdYP0c,YP: Whether YP uses home computer for school work in this way - Graphics,numeric,NOMINAL,-999.0 thru -1.0,"[{""value"": ""-99.0"", ""label"": ""YP not interviewed""}, {""value"": ""-92.0"", ""label"": ""Refused""}, {""value"": ""-91.0"", ""label"": ""Not applicable""}, {""value"": ""0.0"", ""label"": ""Not mentioned""}, {""value"": ""1.0"", ""label"": ""Mentioned""}]"
150,W1hintdYP0d,YP:Whether YP uses home computer for school work in this way - Other sorts of packages on computer,numeric,NOMINAL,-999.0 thru -1.0,"[{""value"": ""-99.0"", ""label"": ""YP not interviewed""}, {""value"": ""-92.0"", ""label"": ""Refused""}, {""value"": ""-91.0"", ""label"": ""Not applicable""}, {""value"": ""0.0"", ""label"": ""Not mentioned""}, {""value"": ""1.0"", ""label"": ""Mentioned""}]"
151,W1hintdYP0e,YP:Whether YP uses home computer for school work in this way - Emails,numeric,NOMINAL,-999.0 thru -1.0,"[{""value"": ""-99.0"", ""label"": ""YP not interviewed""}, {""value"": ""-92.0"", ""label"": ""Refused""}, {""value"": ""-91.0"", ""label"": ""Not applicable""}, {""value"": ""0.0"", ""label"": ""Not mentioned""}, {""value"": ""1.0"", ""label"": ""Mentioned""}]"
152,W1hintdYP0f,YP:Whether YP uses home computer for school work in this way - Use the web for information,numeric,NOMINAL,-999.0 thru -1.0,"[{""value"": ""-99.0"", ""label"": ""YP not interviewed""}, {""value"": ""-92.0"", ""label"": ""Refused""}, {""value"": ""-91.0"", ""label"": ""Not applicable""}, {""value"": ""0.0"", ""label"": ""Not mentioned""}, {""value"": ""1.0"", ""label"": ""Mentioned""}]"
153,W1hintdYP0g,YP: Whether YP uses home computer for school work in this way - Something else,numeric,NOMINAL,-999.0 thru -1.0,"[{""value"": ""-99.0"", ""label"": ""YP not interviewed""}, {""value"": ""-92.0"", ""label"": ""Refused""}, {""value"": ""-91.0"", ""label"": ""Not applicable""}, {""value"": ""0.0"", ""label"": ""Not mentioned""}, {""value"": ""1.0"", ""label"": ""Mentioned""}]"
154,W1hintdYP0h,YP: Whether YP uses home computer for school work in this way - Don't know,numeric,NOMINAL,-999.0 thru -1.0,"[{""value"": ""-99.0"", ""label"": ""YP not interviewed""}, {""value"": ""-92.0"", ""label"": ""Refused""}, {""value"": ""-91.0"", ""label"": ""Not applicable""}, {""value"": ""0.0"", ""label"": ""Not mentioned""}, {""value"": ""1.0"", ""label"": ""Mentioned""}]"
155,W1hintdYP0i,YP: Whether YP uses home computer for school work in this way - None of these,numeric,NOMINAL,-999.0 thru -1.0,"[{""value"": ""-99.0"", ""label"": ""YP not interviewed""}, {""value"": ""-92.0"", ""label"": ""Refused""}, {""value"": ""-91.0"", ""label"": ""Not applicable""}, {""value"": ""0.0"", ""label"": ""Not mentioned""}, {""value"": ""1.0"", ""label"": ""Mentioned""}]"
156,W1hintdYP0j,YP: Ways use home computer to help with schoolwork: Not stated,numeric,NOMINAL,-999.0 thru -1.0,"[{""value"": ""-99.0"", ""label"": ""YP not interviewed""}, {""value"": ""-92.0"", ""label"": ""Refused""}, {""value"": ""-91.0"", ""label"": ""Not applicable""}, {""value"": ""0.0"", ""label"": ""Not mentioned""}, {""value"": ""1.0"", ""label"": ""Mentioned""}]"
157,W1hint1YP0a,"YP: Non-school work YP uses home computer for - Word processing, spreadsheets, graphics or other sorts of packages",numeric,NOMINAL,-999.0 thru -1.0,"[{""value"": ""-99.0"", ""label"": ""YP not interviewed""}, {""value"": ""-92.0"", ""label"": ""Refused""}, {""value"": ""-91.0"", ""label"": ""Not applicable""}, {""value"": ""0.0"", ""label"": ""Not mentioned""}, {""value"": ""1.0"", ""label"": ""Mentioned""}]"
158,W1hint1YP0b,YP: Non-school work YP uses home computer for - Emails,numeric,NOMINAL,-999.0 thru -1.0,"[{""value"": ""-99.0"", ""label"": ""YP not interviewed""}, {""value"": ""-92.0"", ""label"": ""Refused""}, {""value"": ""-91.0"", ""label"": ""Not applicable""}, {""value"": ""0.0"", ""label"": ""Not mentioned""}, {""value"": ""1.0"", ""label"": ""Mentioned""}]"
159,W1hint1YP0c,YP: Non-school work YP uses home computer for - Chatrooms or discussion boards on web,numeric,NOMINAL,-999.0 thru -1.0,"[{""value"": ""-99.0"", ""label"": ""YP not interviewed""}, {""value"": ""-92.0"", ""label"": ""Refused""}, {""value"": ""-91.0"", ""label"": ""Not applicable""}, {""value"": ""0.0"", ""label"": ""Not mentioned""}, {""value"": ""1.0"", ""label"": ""Mentioned""}]"
160,W1hint1YP0d,YP: Non-school work YP uses home computer for - Browsing or downloading from web,numeric,NOMINAL,-999.0 thru -1.0,"[{""value"": ""-99.0"", ""label"": ""YP not interviewed""}, {""value"": ""-92.0"", ""label"": ""Refused""}, {""value"": ""-91.0"", ""label"": ""Not applicable""}, {""value"": ""0.0"", ""label"": ""Not mentioned""}, {""value"": ""1.0"", ""label"": ""Mentioned""}]"
161,W1hint1YP0e,YP: Non-school work YP uses home computer for - Playing games,numeric,NOMINAL,-999.0 thru -1.0,"[{""value"": ""-99.0"", ""label"": ""YP not interviewed""}, {""value"": ""-92.0"", ""label"": ""Refused""}, {""value"": ""-91.0"", ""label"": ""Not applicable""}, {""value"": ""0.0"", ""label"": ""Not mentioned""}, {""value"": ""1.0"", ""label"": ""Mentioned""}]"
162,W1hint1YP0f,YP: Non-school work YP uses home computer for - Listening to music,numeric,NOMINAL,-999.0 thru -1.0,"[{""value"": ""-99.0"", ""label"": ""YP not interviewed""}, {""value"": ""-92.0"", ""label"": ""Refused""}, {""value"": ""-91.0"", ""label"": ""Not applicable""}, {""value"": ""0.0"", ""label"": ""Not mentioned""}, {""value"": ""1.0"", ""label"": ""Mentioned""}]"
163,W1hint1YP0g,YP: Non-school work YP uses home computer for - CD-ROMs,numeric,NOMINAL,-999.0 thru -1.0,"[{""value"": ""-99.0"", ""label"": ""YP not interviewed""}, {""value"": ""-92.0"", ""label"": ""Refused""}, {""value"": ""-91.0"", ""label"": ""Not applicable""}, {""value"": ""0.0"", ""label"": ""Not mentioned""}, {""value"": ""1.0"", ""label"": ""Mentioned""}]"
164,W1hint1YP0h,YP: Non-school work YP uses home computer for - Something else,numeric,NOMINAL,-999.0 thru -1.0,"[{""value"": ""-99.0"", ""label"": ""YP not interviewed""}, {""value"": ""-92.0"", ""label"": ""Refused""}, {""value"": ""-91.0"", ""label"": ""Not applicable""}, {""value"": ""0.0"", ""label"": ""Not mentioned""}, {""value"": ""1.0"", ""label"": ""Mentioned""}]"
165,W1hint1YP0i,"YP: Non-school work YP uses home computer for - Nothing, only for school work",numeric,NOMINAL,-999.0 thru -1.0,"[{""value"": ""-99.0"", ""label"": ""YP not interviewed""}, {""value"": ""-92.0"", ""label"": ""Refused""}, {""value"": ""-91.0"", ""label"": ""Not applicable""}, {""value"": ""0.0"", ""label"": ""Not mentioned""}, {""value"": ""1.0"", ""label"": ""Mentioned""}]"
166,W1hint1YP0j,YP: Non-school work YP uses home computer for - Don't know,numeric,NOMINAL,-999.0 thru -1.0,"[{""value"": ""-99.0"", ""label"": ""YP not interviewed""}, {""value"": ""-92.0"", ""label"": ""Refused""}, {""value"": ""-91.0"", ""label"": ""Not applicable""}, {""value"": ""0.0"", ""label"": ""Not mentioned""}, {""value"": ""1.0"", ""label"": ""Mentioned""}]"
167,W1hint1YP0k,YP: Non-school work YP uses home computer for - None of these,numeric,NOMINAL,-999.0 thru -1.0,"[{""value"": ""-99.0"", ""label"": ""YP not interviewed""}, {""value"": ""-92.0"", ""label"": ""Refused""}, {""value"": ""-91.0"", ""label"": ""Not applicable""}, {""value"": ""0.0"", ""label"": ""Not mentioned""}, {""value"": ""1.0"", ""label"": ""Mentioned""}]"
168,W1scomictYP,YP: Number of days a week YP uses computer at school,numeric,ORDINAL,-999.0 thru -1.0,"[{""value"": ""-99.0"", ""label"": ""YP not interviewed""}, {""value"": ""-92.0"", ""label"": ""Refused""}, {""value"": ""-91.0"", ""label"": ""Not applicable""}, {""value"": ""-1.0"", ""label"": ""Don't know""}, {""value"": ""1.0"", ""label"": ""Most days (5 or more)""}, {""value"": ""2.0"", ""label"": ""3 - 4 days a week""}, {""value"": ""3.0"", ""label"": ""1 - 2 days a week""}, {""value"": ""4.0"", ""label"": ""Less than 1 day a week on average""}, {""value"": ""5.0"", ""label"": ""Never""}]"
169,W1scomothYP,YP: How many days a week use computers in non-computing lessons,numeric,ORDINAL,-999.0 thru -1.0,"[{""value"": ""-99.0"", ""label"": ""YP not interviewed""}, {""value"": ""-92.0"", ""label"": ""Refused""}, {""value"": ""-91.0"", ""label"": ""Not applicable""}, {""value"": ""-1.0"", ""label"": ""Don't know""}, {""value"": ""1.0"", ""label"": ""Most days (5 or more)""}, {""value"": ""2.0"", ""label"": ""3 - 4 days a week""}, {""value"": ""3.0"", ""label"": ""1 - 2 days a week""}, {""value"": ""4.0"", ""label"": ""Less than 1 day a week on average""}, {""value"": ""5.0"", ""label"": ""Never""}]"
170,W1scomhelYP,YP: How important computers are in helping YP to do well at school,numeric,ORDINAL,-999.0 thru -1.0,"[{""value"": ""-99.0"", ""label"": ""YP not interviewed""}, {""value"": ""-92.0"", ""label"": ""Refused""}, {""value"": ""-91.0"", ""label"": ""Not applicable""}, {""value"": ""-1.0"", ""label"": ""Don't know""}, {""value"": ""1.0"", ""label"": ""Very important""}, {""value"": ""2.0"", ""label"": ""Fairly important""}, {""value"": ""3.0"", ""label"": ""Not very important""}, {""value"": ""4.0"", ""label"": ""Not at all important""}]"
171,W1mobpho1YP,YP: Whether have own mobile phone,numeric,NOMINAL,-999.0 thru -1.0,"[{""value"": ""-99.0"", ""label"": ""YP not interviewed""}, {""value"": ""-92.0"", ""label"": ""Refused""}, {""value"": ""-91.0"", ""label"": ""Not applicable""}, {""value"": ""-1.0"", ""label"": ""Don't know""}, {""value"": ""1.0"", ""label"": ""Yes""}, {""value"": ""2.0"", ""label"": ""No""}]"
172,W1mobp2YP0a,YP: Whether YP uses their mobile phone for - Accessing web sites,numeric,NOMINAL,-999.0 thru -1.0,"[{""value"": ""-99.0"", ""label"": ""YP not interviewed""}, {""value"": ""-92.0"", ""label"": ""Refused""}, {""value"": ""-91.0"", ""label"": ""Not applicable""}, {""value"": ""0.0"", ""label"": ""Not mentioned""}, {""value"": ""1.0"", ""label"": ""Mentioned""}]"
173,W1mobp2YP0b,YP: Whether YP uses their mobile phone for - Emailing,numeric,NOMINAL,-999.0 thru -1.0,"[{""value"": ""-99.0"", ""label"": ""YP not interviewed""}, {""value"": ""-92.0"", ""label"": ""Refused""}, {""value"": ""-91.0"", ""label"": ""Not applicable""}, {""value"": ""0.0"", ""label"": ""Not mentioned""}, {""value"": ""1.0"", ""label"": ""Mentioned""}]"
174,W1mobp2YP0c,YP: Whether YP uses their mobile phone for - Sending picture messages,numeric,NOMINAL,-999.0 thru -1.0,"[{""value"": ""-99.0"", ""label"": ""YP not interviewed""}, {""value"": ""-92.0"", ""label"": ""Refused""}, {""value"": ""-91.0"", ""label"": ""Not applicable""}, {""value"": ""0.0"", ""label"": ""Not mentioned""}, {""value"": ""1.0"", ""label"": ""Mentioned""}]"
175,W1mobp2YP0d,YP: Whether YP uses their mobile phone for - Playing games,numeric,NOMINAL,-999.0 thru -1.0,"[{""value"": ""-99.0"", ""label"": ""YP not interviewed""}, {""value"": ""-92.0"", ""label"": ""Refused""}, {""value"": ""-91.0"", ""label"": ""Not applicable""}, {""value"": ""0.0"", ""label"": ""Not mentioned""}, {""value"": ""1.0"", ""label"": ""Mentioned""}]"
176,W1mobp2YP0e,YP: Whether YP uses their mobile phone for - None of these,numeric,NOMINAL,-999.0 thru -1.0,"[{""value"": ""-99.0"", ""label"": ""YP not interviewed""}, {""value"": ""-92.0"", ""label"": ""Refused""}, {""value"": ""-91.0"", ""label"": ""Not applicable""}, {""value"": ""0.0"", ""label"": ""Not mentioned""}, {""value"": ""1.0"", ""label"": ""Mentioned""}]"
177,W1sssportYP,YP: Whether can use school sports facilities outside of lessons,numeric,NOMINAL,-999.0 thru -1.0,"[{""value"": ""-99.0"", ""label"": ""YP not interviewed""}, {""value"": ""-92.0"", ""label"": ""Refused""}, {""value"": ""-91.0"", ""label"": ""Not applicable""}, {""value"": ""-1.0"", ""label"": ""Don't know""}, {""value"": ""1.0"", ""label"": ""Yes""}, {""value"": ""2.0"", ""label"": ""No""}]"
178,W1ssportfYP,YP: How many times per week on average use sports facilities outside of lessons,numeric,ORDINAL,-999.0 thru -1.0,"[{""value"": ""-99.0"", ""label"": ""YP not interviewed""}, {""value"": ""-92.0"", ""label"": ""Refused""}, {""value"": ""-91.0"", ""label"": ""Not applicable""}, {""value"": ""-1.0"", ""label"": ""Don't know""}, {""value"": ""1.0"", ""label"": ""5 times a week or more""}, {""value"": ""2.0"", ""label"": ""3 - 4 times a week""}, {""value"": ""3.0"", ""label"": ""Once or twice a week""}, {""value"": ""4.0"", ""label"": ""Less than once a week on average""}, {""value"": ""5.0"", ""label"": ""Never""}]"
179,W1ssclubYP,YP: Whether school has any clubs or societies after lessons,numeric,NOMINAL,-999.0 thru -1.0,"[{""value"": ""-99.0"", ""label"": ""YP not interviewed""}, {""value"": ""-92.0"", ""label"": ""Refused""}, {""value"": ""-91.0"", ""label"": ""Not applicable""}, {""value"": ""-1.0"", ""label"": ""Don't know""}, {""value"": ""1.0"", ""label"": ""Yes""}, {""value"": ""2.0"", ""label"": ""No""}]"
180,W1ssclubfYP,YP: How many times per week on average go to one of these clubs or societies,numeric,ORDINAL,-999.0 thru -1.0,"[{""value"": ""-99.0"", ""label"": ""YP not interviewed""}, {""value"": ""-92.0"", ""label"": ""Refused""}, {""value"": ""-91.0"", ""label"": ""Not applicable""}, {""value"": ""-1.0"", ""label"": ""Don't know""}, {""value"": ""1.0"", ""label"": ""5 times a week or more""}, {""value"": ""2.0"", ""label"": ""3 - 4 times a week""}, {""value"": ""3.0"", ""label"": ""Once or twice a week""}, {""value"": ""4.0"", ""label"": ""Less than once a week on average""}, {""value"": ""5.0"", ""label"": ""Never""}]"
181,W1ssexamYP,YP: Whether have teacher-led study groups outside lessons,numeric,NOMINAL,-999.0 thru -1.0,"[{""value"": ""-998.0"", ""label"": ""Interviewer missed question""}, {""value"": ""-99.0"", ""label"": ""YP not interviewed""}, {""value"": ""-92.0"", ""label"": ""Refused""}, {""value"": ""-91.0"", ""label"": ""Not applicable""}, {""value"": ""-1.0"", ""label"": ""Don't know""}, {""value"": ""1.0"", ""label"": ""Yes""}, {""value"": ""2.0"", ""label"": ""No""}]"
182,W1ssexamfYP,YP: How many time a week YP works with teacher to prepare for exams outside lessons,numeric,ORDINAL,-999.0 thru -1.0,"[{""value"": ""-99.0"", ""label"": ""YP not interviewed""}, {""value"": ""-92.0"", ""label"": ""Refused""}, {""value"": ""-91.0"", ""label"": ""Not applicable""}, {""value"": ""-1.0"", ""label"": ""Don't know""}, {""value"": ""1.0"", ""label"": ""5 times a week or more""}, {""value"": ""2.0"", ""label"": ""3 - 4 times a week""}, {""value"": ""3.0"", ""label"": ""Once or twice a week""}, {""value"": ""4.0"", ""label"": ""Less than once a week on average""}, {""value"": ""5.0"", ""label"": ""Never""}]"
183,W1ssdropYP,YP: Whether school has times outside lessons when can study (with other students) without teachers,numeric,NOMINAL,-999.0 thru -1.0,"[{""value"": ""-99.0"", ""label"": ""YP not interviewed""}, {""value"": ""-92.0"", ""label"": ""Refused""}, {""value"": ""-91.0"", ""label"": ""Not applicable""}, {""value"": ""-1.0"", ""label"": ""Don't know""}, {""value"": ""1.0"", ""label"": ""Yes""}, {""value"": ""2.0"", ""label"": ""No""}]"
184,W1ssdropfYP,YP: How many times a week YP goes to study club,numeric,ORDINAL,-999.0 thru -1.0,"[{""value"": ""-99.0"", ""label"": ""YP not interviewed""}, {""value"": ""-92.0"", ""label"": ""Refused""}, {""value"": ""-91.0"", ""label"": ""Not applicable""}, {""value"": ""-1.0"", ""label"": ""Don't know""}, {""value"": ""1.0"", ""label"": ""5 times a week or more""}, {""value"": ""2.0"", ""label"": ""3 - 4 times a week""}, {""value"": ""3.0"", ""label"": ""Once or twice a week""}, {""value"": ""4.0"", ""label"": ""Less than once a week on average""}, {""value"": ""5.0"", ""label"": ""Never""}]"
185,W1ssholYP,YP: Whether YP's school has times during school holidays when they can go in and work with a teacher or just work by themselves (study club),numeric,NOMINAL,-999.0 thru -1.0,"[{""value"": ""-99.0"", ""label"": ""YP not interviewed""}, {""value"": ""-92.0"", ""label"": ""Refused""}, {""value"": ""-91.0"", ""label"": ""Not applicable""}, {""value"": ""-1.0"", ""label"": ""Don't know""}, {""value"": ""1.0"", ""label"": ""Yes""}, {""value"": ""2.0"", ""label"": ""No""}]"
186,W1ssholfYP,YP: Whether have ever gone into school during holidays to work,numeric,NOMINAL,-999.0 thru -1.0,"[{""value"": ""-99.0"", ""label"": ""YP not interviewed""}, {""value"": ""-92.0"", ""label"": ""Refused""}, {""value"": ""-91.0"", ""label"": ""Not applicable""}, {""value"": ""-1.0"", ""label"": ""Don't know""}, {""value"": ""1.0"", ""label"": ""Yes""}, {""value"": ""2.0"", ""label"": ""No""}]"
187,W1advconYP,YP: Whether heard about Connexions before interview,numeric,NOMINAL,-999.0 thru -1.0,"[{""value"": ""-99.0"", ""label"": ""YP not interviewed""}, {""value"": ""-92.0"", ""label"": ""Refused""}, {""value"": ""-91.0"", ""label"": ""Not applicable""}, {""value"": ""-1.0"", ""label"": ""Don't know""}, {""value"": ""1.0"", ""label"": ""Yes""}, {""value"": ""2.0"", ""label"": ""No""}]"
188,W1advperYP,YP: Whether ever talked to Connexions Personal Advisor,numeric,NOMINAL,-999.0 thru -1.0,"[{""value"": ""-99.0"", ""label"": ""YP not interviewed""}, {""value"": ""-92.0"", ""label"": ""Refused""}, {""value"": ""-91.0"", ""label"": ""Not applicable""}, {""value"": ""-1.0"", ""label"": ""Don't know""}, {""value"": ""1.0"", ""label"": ""Yes""}, {""value"": ""2.0"", ""label"": ""No""}]"
189,W1advconnYP,YP: How often talk about plans for future study with - Someone from Connexions,numeric,ORDINAL,-999.0 thru -1.0,"[{""value"": ""-99.0"", ""label"": ""YP not interviewed""}, {""value"": ""-92.0"", ""label"": ""Refused""}, {""value"": ""-91.0"", ""label"": ""Not applicable""}, {""value"": ""-1.0"", ""label"": ""Don't know""}, {""value"": ""1.0"", ""label"": ""Not at all""}, {""value"": ""2.0"", ""label"": ""Not very often""}, {""value"": ""3.0"", ""label"": ""A little""}, {""value"": ""4.0"", ""label"": ""Quite a lot""}, {""value"": ""5.0"", ""label"": ""A lot""}]"
190,W1advfrsYP,YP: How often talk about plans for future study with - Teachers as part of lesson,numeric,ORDINAL,-999.0 thru -1.0,"[{""value"": ""-99.0"", ""label"": ""YP not interviewed""}, {""value"": ""-92.0"", ""label"": ""Refused""}, {""value"": ""-91.0"", ""label"": ""Not applicable""}, {""value"": ""-1.0"", ""label"": ""Don't know""}, {""value"": ""1.0"", ""label"": ""Not at all""}, {""value"": ""2.0"", ""label"": ""Not very often""}, {""value"": ""3.0"", ""label"": ""A little""}, {""value"": ""4.0"", ""label"": ""Quite a lot""}, {""value"": ""5.0"", ""label"": ""A lot""}]"
191,W1advteacYP,YP: How often talk about plans for future study with - Teachers outside lessons,numeric,ORDINAL,-999.0 thru -1.0,"[{""value"": ""-99.0"", ""label"": ""YP not interviewed""}, {""value"": ""-92.0"", ""label"": ""Refused""}, {""value"": ""-91.0"", ""label"": ""Not applicable""}, {""value"": ""-1.0"", ""label"": ""Don't know""}, {""value"": ""1.0"", ""label"": ""Not at all""}, {""value"": ""2.0"", ""label"": ""Not very often""}, {""value"": ""3.0"", ""label"": ""A little""}, {""value"": ""4.0"", ""label"": ""Quite a lot""}, {""value"": ""5.0"", ""label"": ""A lot""}]"
192,W1advfamYP,YP: How often talk about plans for future study with - Members of family,numeric,ORDINAL,-999.0 thru -1.0,"[{""value"": ""-99.0"", ""label"": ""YP not interviewed""}, {""value"": ""-92.0"", ""label"": ""Refused""}, {""value"": ""-91.0"", ""label"": ""Not applicable""}, {""value"": ""-1.0"", ""label"": ""Don't know""}, {""value"": ""1.0"", ""label"": ""Not at all""}, {""value"": ""2.0"", ""label"": ""Not very often""}, {""value"": ""3.0"", ""label"": ""A little""}, {""value"": ""4.0"", ""label"": ""Quite a lot""}, {""value"": ""5.0"", ""label"": ""A lot""}]"
193,W1advpalYP,YP: How often talk about plans for future study with - friends,numeric,ORDINAL,-999.0 thru -1.0,"[{""value"": ""-99.0"", ""label"": ""YP not interviewed""}, {""value"": ""-92.0"", ""label"": ""Refused""}, {""value"": ""-91.0"", ""label"": ""Not applicable""}, {""value"": ""-1.0"", ""label"": ""Don't know""}, {""value"": ""1.0"", ""label"": ""Not at all""}, {""value"": ""2.0"", ""label"": ""Not very often""}, {""value"": ""3.0"", ""label"": ""A little""}, {""value"": ""4.0"", ""label"": ""Quite a lot""}, {""value"": ""5.0"", ""label"": ""A lot""}]"
194,W1infoconYP,YP: Usefulness of information from this source: from a Connexions Service Personal Advisor (PA) or someone else from Connexions,numeric,ORDINAL,-999.0 thru -1.0,"[{""value"": ""-99.0"", ""label"": ""YP not interviewed""}, {""value"": ""-92.0"", ""label"": ""Refused""}, {""value"": ""-91.0"", ""label"": ""Not applicable""}, {""value"": ""-1.0"", ""label"": ""Don't know""}, {""value"": ""1.0"", ""label"": ""Not at all useful""}, {""value"": ""2.0"", ""label"": ""Not very useful""}, {""value"": ""3.0"", ""label"": ""A little bit useful""}, {""value"": ""4.0"", ""label"": ""Quite useful""}, {""value"": ""5.0"", ""label"": ""Very useful""}]"
195,W1infofrnYP,YP: Usefulness of information from this source: as part of a lesson,numeric,ORDINAL,-999.0 thru -1.0,"[{""value"": ""-99.0"", ""label"": ""YP not interviewed""}, {""value"": ""-92.0"", ""label"": ""Refused""}, {""value"": ""-91.0"", ""label"": ""Not applicable""}, {""value"": ""-1.0"", ""label"": ""Don't know""}, {""value"": ""1.0"", ""label"": ""Not at all useful""}, {""value"": ""2.0"", ""label"": ""Not very useful""}, {""value"": ""3.0"", ""label"": ""A little bit useful""}, {""value"": ""4.0"", ""label"": ""Quite useful""}, {""value"": ""5.0"", ""label"": ""Very useful""}]"
196,W1infoteYP,YP: Usefulness of information from this source: from teachers outside lessons,numeric,ORDINAL,-999.0 thru -1.0,"[{""value"": ""-99.0"", ""label"": ""YP not interviewed""}, {""value"": ""-92.0"", ""label"": ""Refused""}, {""value"": ""-91.0"", ""label"": ""Not applicable""}, {""value"": ""-1.0"", ""label"": ""Don't know""}, {""value"": ""1.0"", ""label"": ""Not at all useful""}, {""value"": ""2.0"", ""label"": ""Not very useful""}, {""value"": ""3.0"", ""label"": ""A little bit useful""}, {""value"": ""4.0"", ""label"": ""Quite useful""}, {""value"": ""5.0"", ""label"": ""Very useful""}]"
197,W1infofamYP,"YP: Usefulness of information from this source: from members of your family such as your mum or dad, a brother or a sister",numeric,ORDINAL,-999.0 thru -1.0,"[{""value"": ""-99.0"", ""label"": ""YP not interviewed""}, {""value"": ""-92.0"", ""label"": ""Refused""}, {""value"": ""-91.0"", ""label"": ""Not applicable""}, {""value"": ""-1.0"", ""label"": ""Don't know""}, {""value"": ""1.0"", ""label"": ""Not at all useful""}, {""value"": ""2.0"", ""label"": ""Not very useful""}, {""value"": ""3.0"", ""label"": ""A little bit useful""}, {""value"": ""4.0"", ""label"": ""Quite useful""}, {""value"": ""5.0"", ""label"": ""Very useful""}]"
198,W1plann16YP,YP: YP's intentions after Year 11,numeric,NOMINAL,-999.0 thru -1.0,"[{""value"": ""-99.0"", ""label"": ""YP not interviewed""}, {""value"": ""-92.0"", ""label"": ""Refused""}, {""value"": ""-91.0"", ""label"": ""Not applicable""}, {""value"": ""-1.0"", ""label"": ""Don't know""}, {""value"": ""1.0"", ""label"": ""Stay on in full-time education, either at the school you are""}, {""value"": ""2.0"", ""label"": ""Or leave full-time education""}, {""value"": ""3.0"", ""label"": ""(DO NOT READ OUT) Leave FT education but return later, eg. G""}]"
199,W1plast16YP,YP: YP's intentions for further education after Year 11,numeric,NOMINAL,-999.0 thru -1.0,"[{""value"": ""-99.0"", ""label"": ""YP not interviewed""}, {""value"": ""-92.0"", ""label"": ""Refused""}, {""value"": ""-91.0"", ""label"": ""Not applicable""}, {""value"": ""-1.0"", ""label"": ""Don't know""}, {""value"": ""1.0"", ""label"": ""To go into the sixth form at the same school as now""}, {""value"": ""2.0"", ""label"": ""To go into the sixth form at a different school from now""}, {""value"": ""3.0"", ""label"": ""To go to a sixth form college""}, {""value"": ""4.0"", ""label"": ""To take a course at a college of further education""}, {""value"": ""5.0"", ""label"": ""To take a course at another type of college""}]"
200,W1heposs9YP,YP: Likelihood of YP applying for university,numeric,ORDINAL,-999.0 thru -1.0,"[{""value"": ""-99.0"", ""label"": ""YP not interviewed""}, {""value"": ""-92.0"", ""label"": ""Refused""}, {""value"": ""-91.0"", ""label"": ""Not applicable""}, {""value"": ""-1.0"", ""label"": ""Don't know""}, {""value"": ""1.0"", ""label"": ""Very likely""}, {""value"": ""2.0"", ""label"": ""Fairly likely""}, {""value"": ""3.0"", ""label"": ""Not very likely""}, {""value"": ""4.0"", ""label"": ""Not at all likely""}]"
201,W1hlikeYP,YP: Likelihood of YP getting into university if apply,numeric,ORDINAL,-999.0 thru -1.0,"[{""value"": ""-99.0"", ""label"": ""YP not interviewed""}, {""value"": ""-92.0"", ""label"": ""Refused""}, {""value"": ""-91.0"", ""label"": ""Not applicable""}, {""value"": ""-1.0"", ""label"": ""Don't know""}, {""value"": ""1.0"", ""label"": ""Very likely""}, {""value"": ""2.0"", ""label"": ""Fairly likely""}, {""value"": ""3.0"", ""label"": ""Not very likely""}, {""value"": ""4.0"", ""label"": ""Not at all likely""}]"
202,W1pladk16YP,YP: What want to do at age 16 other than further education,numeric,NOMINAL,-999.0 thru -1.0,"[{""value"": ""-99.0"", ""label"": ""YP not interviewed""}, {""value"": ""-92.0"", ""label"": ""Refused""}, {""value"": ""-91.0"", ""label"": ""Not applicable""}, {""value"": ""-1.0"", ""label"": ""Don't know""}, {""value"": ""1.0"", ""label"": ""To start working full time""}, {""value"": ""2.0"", ""label"": ""Start learning a trade/ start work-based training""}, {""value"": ""3.0"", ""label"": ""Be unemployed/ sign on""}, {""value"": ""4.0"", ""label"": ""Something else""}]"
203,W1pladk2YP,YP: What expect to do at age 16 other than further education,numeric,NOMINAL,-999.0 thru -1.0,"[{""value"": ""-99.0"", ""label"": ""YP not interviewed""}, {""value"": ""-92.0"", ""label"": ""Refused""}, {""value"": ""-91.0"", ""label"": ""Not applicable""}, {""value"": ""-1.0"", ""label"": ""Don't know""}, {""value"": ""1.0"", ""label"": ""Start working full time""}, {""value"": ""2.0"", ""label"": ""Start learning a trade/ start work-based training""}, {""value"": ""3.0"", ""label"": ""Be unemployed/ sign on""}, {""value"": ""4.0"", ""label"": ""Something else""}]"
204,W1fplan16YP,YP: What think most of friends will do after Year 11,numeric,NOMINAL,-999.0 thru -1.0,"[{""value"": ""-99.0"", ""label"": ""YP not interviewed""}, {""value"": ""-92.0"", ""label"": ""Refused""}, {""value"": ""-91.0"", ""label"": ""Not applicable""}, {""value"": ""-1.0"", ""label"": ""Don't know""}, {""value"": ""1.0"", ""label"": ""Stay on in full time education, either at the school or some""}, {""value"": ""2.0"", ""label"": ""Or leave full-time education altogether?""}, {""value"": ""3.0"", ""label"": ""(DO NOT READ OUT) Something else""}]"
205,W1plan16YP,YP: Agreement that having a job is better than being unemployed,numeric,ORDINAL,-999.0 thru -1.0,"[{""value"": ""-99.0"", ""label"": ""YP not interviewed""}, {""value"": ""-92.0"", ""label"": ""Refused""}, {""value"": ""-91.0"", ""label"": ""Not applicable""}, {""value"": ""-1.0"", ""label"": ""Don't know""}, {""value"": ""1.0"", ""label"": ""Agree strongly""}, {""value"": ""2.0"", ""label"": ""Agree a little""}, {""value"": ""3.0"", ""label"": ""Disagree a little""}, {""value"": ""4.0"", ""label"": ""Disagree strongly""}]"
206,W1pla16YP,YP: Agreement that having a job that leads somewhere is important,numeric,ORDINAL,-999.0 thru -1.0,"[{""value"": ""-99.0"", ""label"": ""YP not interviewed""}, {""value"": ""-92.0"", ""label"": ""Refused""}, {""value"": ""-91.0"", ""label"": ""Not applicable""}, {""value"": ""-1.0"", ""label"": ""Don't know""}, {""value"": ""1.0"", ""label"": ""Agree strongly""}, {""value"": ""2.0"", ""label"": ""Agree""}, {""value"": ""3.0"", ""label"": ""Disagree""}, {""value"": ""4.0"", ""label"": ""Disagree strongly""}]"
207,W1quahelpYP,YP: How much this matters in deciding on a job: To have a job where I help other people,numeric,ORDINAL,-999.0 thru -1.0,"[{""value"": ""-99.0"", ""label"": ""YP not interviewed""}, {""value"": ""-92.0"", ""label"": ""Refused""}, {""value"": ""-91.0"", ""label"": ""Not applicable""}, {""value"": ""-1.0"", ""label"": ""Don't know""}, {""value"": ""1.0"", ""label"": ""Matters a lot to me""}, {""value"": ""2.0"", ""label"": ""Matters a little to me""}, {""value"": ""3.0"", ""label"": ""Doesn't matter""}]"
208,W1quawageYP,YP: How much this matters in deciding on a job: To have a job which pays well,numeric,ORDINAL,-999.0 thru -1.0,"[{""value"": ""-99.0"", ""label"": ""YP not interviewed""}, {""value"": ""-92.0"", ""label"": ""Refused""}, {""value"": ""-91.0"", ""label"": ""Not applicable""}, {""value"": ""-1.0"", ""label"": ""Don't know""}, {""value"": ""1.0"", ""label"": ""Matters a lot to me""}, {""value"": ""2.0"", ""label"": ""Matters a little to me""}, {""value"": ""3.0"", ""label"": ""Doesn't matter""}]"
209,W1quaworkYP,YP: How much this matters in deciding on a job: To be my own boss or have my own business,numeric,ORDINAL,-999.0 thru -1.0,"[{""value"": ""-99.0"", ""label"": ""YP not interviewed""}, {""value"": ""-92.0"", ""label"": ""Refused""}, {""value"": ""-91.0"", ""label"": ""Not applicable""}, {""value"": ""-1.0"", ""label"": ""Don't know""}, {""value"": ""1.0"", ""label"": ""Matters a lot to me""}, {""value"": ""2.0"", ""label"": ""Matters a little to me""}, {""value"": ""3.0"", ""label"": ""Doesn't matter""}]"
210,W1quavarYP,YP: How much this matters in deciding on a job: To have a job that's interesting and not routine,numeric,ORDINAL,-999.0 thru -1.0,"[{""value"": ""-99.0"", ""label"": ""YP not interviewed""}, {""value"": ""-92.0"", ""label"": ""Refused""}, {""value"": ""-91.0"", ""label"": ""Not applicable""}, {""value"": ""-1.0"", ""label"": ""Don't know""}, {""value"": ""1.0"", ""label"": ""Matters a lot to me""}, {""value"": ""2.0"", ""label"": ""Matters a little to me""}, {""value"": ""3.0"", ""label"": ""Doesn't matter""}]"
211,W1quapromYP,YP: How much this matters in deciding on a job: To have a job where I can get promoted and get ahead,numeric,ORDINAL,-999.0 thru -1.0,"[{""value"": ""-99.0"", ""label"": ""YP not interviewed""}, {""value"": ""-92.0"", ""label"": ""Refused""}, {""value"": ""-91.0"", ""label"": ""Not applicable""}, {""value"": ""-1.0"", ""label"": ""Don't know""}, {""value"": ""1.0"", ""label"": ""Matters a lot to me""}, {""value"": ""2.0"", ""label"": ""Matters a little to me""}, {""value"": ""3.0"", ""label"": ""Doesn't matter""}]"
212,W1quahourYP,YP: How much this matters in deciding on a job: To have a job with regular hours,numeric,ORDINAL,-999.0 thru -1.0,"[{""value"": ""-99.0"", ""label"": ""YP not interviewed""}, {""value"": ""-92.0"", ""label"": ""Refused""}, {""value"": ""-91.0"", ""label"": ""Not applicable""}, {""value"": ""-1.0"", ""label"": ""Don't know""}, {""value"": ""1.0"", ""label"": ""Matters a lot to me""}, {""value"": ""2.0"", ""label"": ""Matters a little to me""}, {""value"": ""3.0"", ""label"": ""Doesn't matter""}]"
213,W1impjobYP,YP: Agreement with statement about importance in future: Having a job or career in the future is important to me,numeric,ORDINAL,-999.0 thru -1.0,"[{""value"": ""-99.0"", ""label"": ""YP not interviewed""}, {""value"": ""-92.0"", ""label"": ""Refused""}, {""value"": ""-91.0"", ""label"": ""Not applicable""}, {""value"": ""-1.0"", ""label"": ""Don't know""}, {""value"": ""1.0"", ""label"": ""Agree strongly""}, {""value"": ""2.0"", ""label"": ""Agree a little""}, {""value"": ""3.0"", ""label"": ""Disagree a little""}, {""value"": ""4.0"", ""label"": ""Disagree strongly""}]"
214,W1impfamYP,YP: Agreement with statement about importance in future: Raising a family in the future is important to me,numeric,ORDINAL,-999.0 thru -1.0,"[{""value"": ""-99.0"", ""label"": ""YP not interviewed""}, {""value"": ""-92.0"", ""label"": ""Refused""}, {""value"": ""-91.0"", ""label"": ""Not applicable""}, {""value"": ""-1.0"", ""label"": ""Don't know""}, {""value"": ""1.0"", ""label"": ""Agree strongly""}, {""value"": ""2.0"", ""label"": ""Agree a little""}, {""value"": ""3.0"", ""label"": ""Disagree a little""}, {""value"": ""4.0"", ""label"": ""Disagree strongly""}]"
215,W1nextyearYP,YP: Agreement with statement about importance in future: I don't really think much about what I might be doing in a few years' time,numeric,ORDINAL,-999.0 thru -1.0,"[{""value"": ""-99.0"", ""label"": ""YP not interviewed""}, {""value"": ""-92.0"", ""label"": ""Refused""}, {""value"": ""-91.0"", ""label"": ""Not applicable""}, {""value"": ""-1.0"", ""label"": ""Don't know""}, {""value"": ""1.0"", ""label"": ""Agree strongly""}, {""value"": ""2.0"", ""label"": ""Agree a little""}, {""value"": ""3.0"", ""label"": ""Disagree a little""}, {""value"": ""4.0"", ""label"": ""Disagree strongly""}]"
216,W1mightyrYP,YP: Agreement with statement about importance in future: doing something that I enjoy is more important than something that will help get a job later on,numeric,ORDINAL,-999.0 thru -1.0,"[{""value"": ""-99.0"", ""label"": ""YP not interviewed""}, {""value"": ""-92.0"", ""label"": ""Refused""}, {""value"": ""-91.0"", ""label"": ""Not applicable""}, {""value"": ""-1.0"", ""label"": ""Don't know""}, {""value"": ""1.0"", ""label"": ""Agree strongly""}, {""value"": ""2.0"", ""label"": ""Agree a little""}, {""value"": ""3.0"", ""label"": ""Disagree a little""}, {""value"": ""4.0"", ""label"": ""Disagree strongly""}, {""value"": ""5.0"", ""label"": ""DO NOT READ OUT Both equally important""}]"
217,W1endupYP,YP: Agreement with statement about importance in future: I'll just wait and see where I end up,numeric,ORDINAL,-999.0 thru -1.0,"[{""value"": ""-99.0"", ""label"": ""YP not interviewed""}, {""value"": ""-92.0"", ""label"": ""Refused""}, {""value"": ""-91.0"", ""label"": ""Not applicable""}, {""value"": ""-1.0"", ""label"": ""Don't know""}, {""value"": ""1.0"", ""label"": ""Agree strongly""}, {""value"": ""2.0"", ""label"": ""Agree a little""}, {""value"": ""3.0"", ""label"": ""Disagree a little""}, {""value"": ""4.0"", ""label"": ""Disagree strongly""}]"
218,W1ambitYP,YP: Whether any ideas about what want to do after finishing full-time education,numeric,NOMINAL,-999.0 thru -1.0,"[{""value"": ""-99.0"", ""label"": ""YP not interviewed""}, {""value"": ""-92.0"", ""label"": ""Refused""}, {""value"": ""-91.0"", ""label"": ""Not applicable""}, {""value"": ""-1.0"", ""label"": ""Don't know""}, {""value"": ""1.0"", ""label"": ""Yes""}, {""value"": ""2.0"", ""label"": ""No""}]"
219,W1scompinYP,Admin: Interviewer code whether YP accepted self-completion section,numeric,NOMINAL,-999.0 thru -1.0,"[{""value"": ""-99.0"", ""label"": ""YP not interviewed""}, {""value"": ""-96.0"", ""label"": ""YP unable to complete CASI section""}, {""value"": ""-92.0"", ""label"": ""Refused""}, {""value"": ""-91.0"", ""label"": ""Not applicable""}, {""value"": ""1.0"", ""label"": ""Respondent accepted self-completion""}, {""value"": ""2.0"", ""label"": ""Respondent refused self-completion""}, {""value"": ""3.0"", ""label"": ""(SPONTANEOUS ANSWER ONLY) Interviewer will administer self-c""}]"
220,W1yys1YP,YP: Feelings about school: I am happy when I am at school,numeric,ORDINAL,-999.0 thru -1.0,"[{""value"": ""-99.0"", ""label"": ""YP not interviewed""}, {""value"": ""-97.0"", ""label"": ""YP refused CASI section""}, {""value"": ""-96.0"", ""label"": ""YP unable to complete CASI section""}, {""value"": ""-92.0"", ""label"": ""Refused""}, {""value"": ""-91.0"", ""label"": ""Not applicable""}, {""value"": ""-1.0"", ""label"": ""Don't know""}, {""value"": ""1.0"", ""label"": ""Strongly agree""}, {""value"": ""2.0"", ""label"": ""Agree""}, {""value"": ""3.0"", ""label"": ""Disagree""}, {""value"": ""4.0"", ""label"": ""Strongly disagree""}]"
221,W1yys2YP,YP: Feelings about school: School is a waste of time for me,numeric,ORDINAL,-999.0 thru -1.0,"[{""value"": ""-99.0"", ""label"": ""YP not interviewed""}, {""value"": ""-97.0"", ""label"": ""YP refused CASI section""}, {""value"": ""-96.0"", ""label"": ""YP unable to complete CASI section""}, {""value"": ""-92.0"", ""label"": ""Refused""}, {""value"": ""-91.0"", ""label"": ""Not applicable""}, {""value"": ""-1.0"", ""label"": ""Don't know""}, {""value"": ""1.0"", ""label"": ""Strongly agree""}, {""value"": ""2.0"", ""label"": ""Agree""}, {""value"": ""3.0"", ""label"": ""Disagree""}, {""value"": ""4.0"", ""label"": ""Strongly disagree""}]"
222,W1yys3YP,YP: Feelings about school: School work is worth doing,numeric,ORDINAL,-999.0 thru -1.0,"[{""value"": ""-99.0"", ""label"": ""YP not interviewed""}, {""value"": ""-97.0"", ""label"": ""YP refused CASI section""}, {""value"": ""-96.0"", ""label"": ""YP unable to complete CASI section""}, {""value"": ""-92.0"", ""label"": ""Refused""}, {""value"": ""-91.0"", ""label"": ""Not applicable""}, {""value"": ""-1.0"", ""label"": ""Don't know""}, {""value"": ""1.0"", ""label"": ""Strongly agree""}, {""value"": ""2.0"", ""label"": ""Agree""}, {""value"": ""3.0"", ""label"": ""Disagree""}, {""value"": ""4.0"", ""label"": ""Strongly disagree""}]"
223,W1yys4YP,YP: Feelings about school: Most of the time I don't want to go to school,numeric,ORDINAL,-999.0 thru -1.0,"[{""value"": ""-99.0"", ""label"": ""YP not interviewed""}, {""value"": ""-97.0"", ""label"": ""YP refused CASI section""}, {""value"": ""-96.0"", ""label"": ""YP unable to complete CASI section""}, {""value"": ""-92.0"", ""label"": ""Refused""}, {""value"": ""-91.0"", ""label"": ""Not applicable""}, {""value"": ""-1.0"", ""label"": ""Don't know""}, {""value"": ""1.0"", ""label"": ""Strongly agree""}, {""value"": ""2.0"", ""label"": ""Agree""}, {""value"": ""3.0"", ""label"": ""Disagree""}, {""value"": ""4.0"", ""label"": ""Strongly disagree""}]"
224,W1yys5YP,YP: Feelings about school: People think my school is a good school,numeric,ORDINAL,-999.0 thru -1.0,"[{""value"": ""-99.0"", ""label"": ""YP not interviewed""}, {""value"": ""-97.0"", ""label"": ""YP refused CASI section""}, {""value"": ""-96.0"", ""label"": ""YP unable to complete CASI section""}, {""value"": ""-92.0"", ""label"": ""Refused""}, {""value"": ""-91.0"", ""label"": ""Not applicable""}, {""value"": ""-1.0"", ""label"": ""Don't know""}, {""value"": ""1.0"", ""label"": ""Strongly agree""}, {""value"": ""2.0"", ""label"": ""Agree""}, {""value"": ""3.0"", ""label"": ""Disagree""}, {""value"": ""4.0"", ""label"": ""Strongly disagree""}]"
225,W1yys6YP,YP: Feelings about school: On the whole I like being at school,numeric,ORDINAL,-999.0 thru -1.0,"[{""value"": ""-99.0"", ""label"": ""YP not interviewed""}, {""value"": ""-97.0"", ""label"": ""YP refused CASI section""}, {""value"": ""-96.0"", ""label"": ""YP unable to complete CASI section""}, {""value"": ""-92.0"", ""label"": ""Refused""}, {""value"": ""-91.0"", ""label"": ""Not applicable""}, {""value"": ""-1.0"", ""label"": ""Don't know""}, {""value"": ""1.0"", ""label"": ""Strongly agree""}, {""value"": ""2.0"", ""label"": ""Agree""}, {""value"": ""3.0"", ""label"": ""Disagree""}, {""value"": ""4.0"", ""label"": ""Strongly disagree""}]"
226,W1yys7YP,YP: Feelings about school: I work as hard as I can in school,numeric,ORDINAL,-999.0 thru -1.0,"[{""value"": ""-99.0"", ""label"": ""YP not interviewed""}, {""value"": ""-97.0"", ""label"": ""YP refused CASI section""}, {""value"": ""-96.0"", ""label"": ""YP unable to complete CASI section""}, {""value"": ""-92.0"", ""label"": ""Refused""}, {""value"": ""-91.0"", ""label"": ""Not applicable""}, {""value"": ""-1.0"", ""label"": ""Don't know""}, {""value"": ""1.0"", ""label"": ""Strongly agree""}, {""value"": ""2.0"", ""label"": ""Agree""}, {""value"": ""3.0"", ""label"": ""Disagree""}, {""value"": ""4.0"", ""label"": ""Strongly disagree""}]"
227,W1yys8YP,"YP: Feelings about school: In a lesson, I often count the minutes till it ends",numeric,ORDINAL,-999.0 thru -1.0,"[{""value"": ""-99.0"", ""label"": ""YP not interviewed""}, {""value"": ""-97.0"", ""label"": ""YP refused CASI section""}, {""value"": ""-96.0"", ""label"": ""YP unable to complete CASI section""}, {""value"": ""-92.0"", ""label"": ""Refused""}, {""value"": ""-91.0"", ""label"": ""Not applicable""}, {""value"": ""-1.0"", ""label"": ""Don't know""}, {""value"": ""1.0"", ""label"": ""Strongly agree""}, {""value"": ""2.0"", ""label"": ""Agree""}, {""value"": ""3.0"", ""label"": ""Disagree""}, {""value"": ""4.0"", ""label"": ""Strongly disagree""}]"
228,W1yys9YP,YP: Feelings about school: I am bored in lessons,numeric,ORDINAL,-999.0 thru -1.0,"[{""value"": ""-99.0"", ""label"": ""YP not interviewed""}, {""value"": ""-97.0"", ""label"": ""YP refused CASI section""}, {""value"": ""-96.0"", ""label"": ""YP unable to complete CASI section""}, {""value"": ""-92.0"", ""label"": ""Refused""}, {""value"": ""-91.0"", ""label"": ""Not applicable""}, {""value"": ""-1.0"", ""label"": ""Don't know""}, {""value"": ""1.0"", ""label"": ""Strongly agree""}, {""value"": ""2.0"", ""label"": ""Agree""}, {""value"": ""3.0"", ""label"": ""Disagree""}, {""value"": ""4.0"", ""label"": ""Strongly disagree""}]"
229,W1yys10YP,YP: Feelings about school: The work I do in lessons is a waste of time,numeric,ORDINAL,-999.0 thru -1.0,"[{""value"": ""-99.0"", ""label"": ""YP not interviewed""}, {""value"": ""-97.0"", ""label"": ""YP refused CASI section""}, {""value"": ""-96.0"", ""label"": ""YP unable to complete CASI section""}, {""value"": ""-92.0"", ""label"": ""Refused""}, {""value"": ""-91.0"", ""label"": ""Not applicable""}, {""value"": ""-1.0"", ""label"": ""Don't know""}, {""value"": ""1.0"", ""label"": ""Strongly agree""}, {""value"": ""2.0"", ""label"": ""Agree""}, {""value"": ""3.0"", ""label"": ""Disagree""}, {""value"": ""4.0"", ""label"": ""Strongly disagree""}]"
230,W1yys11YP,YP: Feelings about school: The work I do in lessons is interesting to me,numeric,ORDINAL,-999.0 thru -1.0,"[{""value"": ""-99.0"", ""label"": ""YP not interviewed""}, {""value"": ""-97.0"", ""label"": ""YP refused CASI section""}, {""value"": ""-96.0"", ""label"": ""YP unable to complete CASI section""}, {""value"": ""-92.0"", ""label"": ""Refused""}, {""value"": ""-91.0"", ""label"": ""Not applicable""}, {""value"": ""-1.0"", ""label"": ""Don't know""}, {""value"": ""1.0"", ""label"": ""Strongly agree""}, {""value"": ""2.0"", ""label"": ""Agree""}, {""value"": ""3.0"", ""label"": ""Disagree""}, {""value"": ""4.0"", ""label"": ""Strongly disagree""}]"
231,W1yys12YP,YP: Feelings about school: I get good marks for my work,numeric,ORDINAL,-999.0 thru -1.0,"[{""value"": ""-99.0"", ""label"": ""YP not interviewed""}, {""value"": ""-97.0"", ""label"": ""YP refused CASI section""}, {""value"": ""-96.0"", ""label"": ""YP unable to complete CASI section""}, {""value"": ""-92.0"", ""label"": ""Refused""}, {""value"": ""-91.0"", ""label"": ""Not applicable""}, {""value"": ""-1.0"", ""label"": ""Don't know""}, {""value"": ""1.0"", ""label"": ""Strongly agree""}, {""value"": ""2.0"", ""label"": ""Agree""}, {""value"": ""3.0"", ""label"": ""Disagree""}, {""value"": ""4.0"", ""label"": ""Strongly disagree""}]"
232,W1yys13YP,YP: Feelings about school: My school is clean and tidy,numeric,ORDINAL,-999.0 thru -1.0,"[{""value"": ""-99.0"", ""label"": ""YP not interviewed""}, {""value"": ""-97.0"", ""label"": ""YP refused CASI section""}, {""value"": ""-96.0"", ""label"": ""YP unable to complete CASI section""}, {""value"": ""-92.0"", ""label"": ""Refused""}, {""value"": ""-91.0"", ""label"": ""Not applicable""}, {""value"": ""-1.0"", ""label"": ""Don't know""}, {""value"": ""1.0"", ""label"": ""Strongly agree""}, {""value"": ""2.0"", ""label"": ""Agree""}, {""value"": ""3.0"", ""label"": ""Disagree""}, {""value"": ""4.0"", ""label"": ""Strongly disagree""}]"
233,W1yys14YP,YP: How many teachers this applies to: My teachers make sure we do any homework that is set,numeric,ORDINAL,-999.0 thru -1.0,"[{""value"": ""-99.0"", ""label"": ""YP not interviewed""}, {""value"": ""-97.0"", ""label"": ""YP refused CASI section""}, {""value"": ""-96.0"", ""label"": ""YP unable to complete CASI section""}, {""value"": ""-92.0"", ""label"": ""Refused""}, {""value"": ""-91.0"", ""label"": ""Not applicable""}, {""value"": ""-1.0"", ""label"": ""Don't know""}, {""value"": ""1.0"", ""label"": ""All of my teachers""}, {""value"": ""2.0"", ""label"": ""Most of my teachers""}, {""value"": ""3.0"", ""label"": ""Some of my teachers""}, {""value"": ""4.0"", ""label"": ""Hardly any of my teachers""}, {""value"": ""5.0"", ""label"": ""None of my teachers""}]"
234,W1yys15YP,YP: How many teachers this applies to: The teachers at my school make it clear how we should behave,numeric,ORDINAL,-999.0 thru -1.0,"[{""value"": ""-99.0"", ""label"": ""YP not interviewed""}, {""value"": ""-97.0"", ""label"": ""YP refused CASI section""}, {""value"": ""-96.0"", ""label"": ""YP unable to complete CASI section""}, {""value"": ""-92.0"", ""label"": ""Refused""}, {""value"": ""-91.0"", ""label"": ""Not applicable""}, {""value"": ""-1.0"", ""label"": ""Don't know""}, {""value"": ""1.0"", ""label"": ""All of my teachers""}, {""value"": ""2.0"", ""label"": ""Most of my teachers""}, {""value"": ""3.0"", ""label"": ""Some of my teachers""}, {""value"": ""4.0"", ""label"": ""Hardly any of my teachers""}, {""value"": ""5.0"", ""label"": ""None of my teachers""}]"
235,W1yys16YP,YP: How many teachers this applies to: The teachers in my school take action when they see anyone breaking school rules,numeric,ORDINAL,-999.0 thru -1.0,"[{""value"": ""-99.0"", ""label"": ""YP not interviewed""}, {""value"": ""-97.0"", ""label"": ""YP refused CASI section""}, {""value"": ""-96.0"", ""label"": ""YP unable to complete CASI section""}, {""value"": ""-92.0"", ""label"": ""Refused""}, {""value"": ""-91.0"", ""label"": ""Not applicable""}, {""value"": ""-1.0"", ""label"": ""Don't know""}, {""value"": ""1.0"", ""label"": ""All of my teachers""}, {""value"": ""2.0"", ""label"": ""Most of my teachers""}, {""value"": ""3.0"", ""label"": ""Some of my teachers""}, {""value"": ""4.0"", ""label"": ""Hardly any of my teachers""}, {""value"": ""5.0"", ""label"": ""None of my teachers""}]"
236,W1yys17YP,YP: How many teachers this applies to: My teachers praise me when I do my school work well,numeric,ORDINAL,-999.0 thru -1.0,"[{""value"": ""-99.0"", ""label"": ""YP not interviewed""}, {""value"": ""-97.0"", ""label"": ""YP refused CASI section""}, {""value"": ""-96.0"", ""label"": ""YP unable to complete CASI section""}, {""value"": ""-92.0"", ""label"": ""Refused""}, {""value"": ""-91.0"", ""label"": ""Not applicable""}, {""value"": ""-1.0"", ""label"": ""Don't know""}, {""value"": ""1.0"", ""label"": ""All of my teachers""}, {""value"": ""2.0"", ""label"": ""Most of my teachers""}, {""value"": ""3.0"", ""label"": ""Some of my teachers""}, {""value"": ""4.0"", ""label"": ""Hardly any of my teachers""}, {""value"": ""5.0"", ""label"": ""None of my teachers""}]"
237,W1yys18YP,YP: How many teachers this applies to: I like my teachers,numeric,ORDINAL,-999.0 thru -1.0,"[{""value"": ""-99.0"", ""label"": ""YP not interviewed""}, {""value"": ""-97.0"", ""label"": ""YP refused CASI section""}, {""value"": ""-96.0"", ""label"": ""YP unable to complete CASI section""}, {""value"": ""-92.0"", ""label"": ""Refused""}, {""value"": ""-91.0"", ""label"": ""Not applicable""}, {""value"": ""-1.0"", ""label"": ""Don't know""}, {""value"": ""1.0"", ""label"": ""All of my teachers""}, {""value"": ""2.0"", ""label"": ""Most of my teachers""}, {""value"": ""3.0"", ""label"": ""Some of my teachers""}, {""value"": ""4.0"", ""label"": ""Hardly any of my teachers""}, {""value"": ""5.0"", ""label"": ""None of my teachers""}]"
238,W1yys19YP,YP: How many teachers this applies to: My teachers can keep order in class,numeric,ORDINAL,-999.0 thru -1.0,"[{""value"": ""-99.0"", ""label"": ""YP not interviewed""}, {""value"": ""-97.0"", ""label"": ""YP refused CASI section""}, {""value"": ""-96.0"", ""label"": ""YP unable to complete CASI section""}, {""value"": ""-92.0"", ""label"": ""Refused""}, {""value"": ""-91.0"", ""label"": ""Not applicable""}, {""value"": ""-1.0"", ""label"": ""Don't know""}, {""value"": ""1.0"", ""label"": ""All of my teachers""}, {""value"": ""2.0"", ""label"": ""Most of my teachers""}, {""value"": ""3.0"", ""label"": ""Some of my teachers""}, {""value"": ""4.0"", ""label"": ""Hardly any of my teachers""}, {""value"": ""5.0"", ""label"": ""None of my teachers""}]"
239,W1yys20YP,YP: How hard teachers make YP work,numeric,ORDINAL,-999.0 thru -1.0,"[{""value"": ""-99.0"", ""label"": ""YP not interviewed""}, {""value"": ""-97.0"", ""label"": ""YP refused CASI section""}, {""value"": ""-96.0"", ""label"": ""YP unable to complete CASI section""}, {""value"": ""-92.0"", ""label"": ""Refused""}, {""value"": ""-91.0"", ""label"": ""Not applicable""}, {""value"": ""-1.0"", ""label"": ""Don't know""}, {""value"": ""1.0"", ""label"": ""Try hard to make me work as well as I am able""}, {""value"": ""2.0"", ""label"": ""Are fairly easily satisfied""}, {""value"": ""3.0"", ""label"": ""Don't seem to care whether I work or not""}]"
240,W1yys21YP,YP: How often most teachers mark YP's work,numeric,ORDINAL,-999.0 thru -1.0,"[{""value"": ""-99.0"", ""label"": ""YP not interviewed""}, {""value"": ""-97.0"", ""label"": ""YP refused CASI section""}, {""value"": ""-96.0"", ""label"": ""YP unable to complete CASI section""}, {""value"": ""-92.0"", ""label"": ""Refused""}, {""value"": ""-91.0"", ""label"": ""Not applicable""}, {""value"": ""-1.0"", ""label"": ""Don't know""}, {""value"": ""1.0"", ""label"": ""Always mark my work""}, {""value"": ""2.0"", ""label"": ""Usually mark my work""}, {""value"": ""3.0"", ""label"": ""Hardly ever mark my work""}]"
241,W1yys22YP,YP: How good YP thinks YP is at school work,numeric,ORDINAL,-999.0 thru -1.0,"[{""value"": ""-99.0"", ""label"": ""YP not interviewed""}, {""value"": ""-97.0"", ""label"": ""YP refused CASI section""}, {""value"": ""-96.0"", ""label"": ""YP unable to complete CASI section""}, {""value"": ""-92.0"", ""label"": ""Refused""}, {""value"": ""-91.0"", ""label"": ""Not applicable""}, {""value"": ""-1.0"", ""label"": ""Don't know""}, {""value"": ""1.0"", ""label"": ""Very good""}, {""value"": ""2.0"", ""label"": ""Above average""}, {""value"": ""3.0"", ""label"": ""Average""}, {""value"": ""4.0"", ""label"": ""Below average""}, {""value"": ""5.0"", ""label"": ""Not at all good""}]"
242,W1yys23YP,YP: How good teachers think YP is at school work,numeric,ORDINAL,-999.0 thru -1.0,"[{""value"": ""-99.0"", ""label"": ""YP not interviewed""}, {""value"": ""-97.0"", ""label"": ""YP refused CASI section""}, {""value"": ""-96.0"", ""label"": ""YP unable to complete CASI section""}, {""value"": ""-92.0"", ""label"": ""Refused""}, {""value"": ""-91.0"", ""label"": ""Not applicable""}, {""value"": ""-1.0"", ""label"": ""Don't know""}, {""value"": ""1.0"", ""label"": ""Very good""}, {""value"": ""2.0"", ""label"": ""Above average""}, {""value"": ""3.0"", ""label"": ""Average""}, {""value"": ""4.0"", ""label"": ""Below average""}, {""value"": ""5.0"", ""label"": ""Not at all good""}]"
243,W1mgetonYP,YP: How well get on with (step-)mother,numeric,ORDINAL,-999.0 thru -1.0,"[{""value"": ""-997.0"", ""label"": ""Script error""}, {""value"": ""-99.0"", ""label"": ""YP not interviewed""}, {""value"": ""-97.0"", ""label"": ""YP refused CASI section""}, {""value"": ""-96.0"", ""label"": ""YP unable to complete CASI section""}, {""value"": ""-92.0"", ""label"": ""Refused""}, {""value"": ""-91.0"", ""label"": ""Not applicable""}, {""value"": ""-1.0"", ""label"": ""Don't know""}, {""value"": ""1.0"", ""label"": ""Very well""}, {""value"": ""2.0"", ""label"": ""Fairly well""}, {""value"": ""3.0"", ""label"": ""Fairly badly""}, {""value"": ""4.0"", ""label"": ""Very badly""}, {""value"": ""5.0"", ""label"": ""I don't see her""}]"
244,W1fgetonYP,YP: How well get on with (step-)father,numeric,ORDINAL,-999.0 thru -1.0,"[{""value"": ""-997.0"", ""label"": ""Script error""}, {""value"": ""-99.0"", ""label"": ""YP not interviewed""}, {""value"": ""-97.0"", ""label"": ""YP refused CASI section""}, {""value"": ""-96.0"", ""label"": ""YP unable to complete CASI section""}, {""value"": ""-92.0"", ""label"": ""Refused""}, {""value"": ""-91.0"", ""label"": ""Not applicable""}, {""value"": ""-1.0"", ""label"": ""Don't know""}, {""value"": ""1.0"", ""label"": ""Very well""}, {""value"": ""2.0"", ""label"": ""Fairly well""}, {""value"": ""3.0"", ""label"": ""Fairly badly""}, {""value"": ""4.0"", ""label"": ""Very badly""}, {""value"": ""5.0"", ""label"": ""I don't see him""}]"
245,W1mquarreYP,YP: How often fall out with (step-)mother,numeric,ORDINAL,-999.0 thru -1.0,"[{""value"": ""-997.0"", ""label"": ""Script error""}, {""value"": ""-99.0"", ""label"": ""YP not interviewed""}, {""value"": ""-97.0"", ""label"": ""YP refused CASI section""}, {""value"": ""-96.0"", ""label"": ""YP unable to complete CASI section""}, {""value"": ""-92.0"", ""label"": ""Refused""}, {""value"": ""-91.0"", ""label"": ""Not applicable""}, {""value"": ""-1.0"", ""label"": ""Don't know""}, {""value"": ""1.0"", ""label"": ""Most days""}, {""value"": ""2.0"", ""label"": ""More than once a week""}, {""value"": ""3.0"", ""label"": ""Less than once a week""}, {""value"": ""4.0"", ""label"": ""Hardly ever""}, {""value"": ""5.0"", ""label"": ""Never/ Not at all""}]"
246,W1fquarreYP,YP: How often fall out with (step-)father,numeric,ORDINAL,-999.0 thru -1.0,"[{""value"": ""-997.0"", ""label"": ""Script error""}, {""value"": ""-99.0"", ""label"": ""YP not interviewed""}, {""value"": ""-97.0"", ""label"": ""YP refused CASI section""}, {""value"": ""-96.0"", ""label"": ""YP unable to complete CASI section""}, {""value"": ""-92.0"", ""label"": ""Refused""}, {""value"": ""-91.0"", ""label"": ""Not applicable""}, {""value"": ""-1.0"", ""label"": ""Don't know""}, {""value"": ""1.0"", ""label"": ""Most days""}, {""value"": ""2.0"", ""label"": ""More than once a week""}, {""value"": ""3.0"", ""label"": ""Less than once a week""}, {""value"": ""4.0"", ""label"": ""Hardly ever""}, {""value"": ""5.0"", ""label"": ""Never/ Not at all""}]"
247,W1talkmumYP,YP: How often talk to (step-)mother about things that matter to YP,numeric,ORDINAL,-999.0 thru -1.0,"[{""value"": ""-997.0"", ""label"": ""Script error""}, {""value"": ""-99.0"", ""label"": ""YP not interviewed""}, {""value"": ""-97.0"", ""label"": ""YP refused CASI section""}, {""value"": ""-96.0"", ""label"": ""YP unable to complete CASI section""}, {""value"": ""-92.0"", ""label"": ""Refused""}, {""value"": ""-91.0"", ""label"": ""Not applicable""}, {""value"": ""-1.0"", ""label"": ""Don't know""}, {""value"": ""1.0"", ""label"": ""Most days""}, {""value"": ""2.0"", ""label"": ""More than once a week""}, {""value"": ""3.0"", ""label"": ""Less than once a week""}, {""value"": ""4.0"", ""label"": ""Hardly ever""}, {""value"": ""5.0"", ""label"": ""Never/ Not at all""}]"
248,W1talkdadYP,YP: How often talk to (step-)father about things that matter to YP,numeric,ORDINAL,-999.0 thru -1.0,"[{""value"": ""-997.0"", ""label"": ""Script error""}, {""value"": ""-99.0"", ""label"": ""YP not interviewed""}, {""value"": ""-97.0"", ""label"": ""YP refused CASI section""}, {""value"": ""-96.0"", ""label"": ""YP unable to complete CASI section""}, {""value"": ""-92.0"", ""label"": ""Refused""}, {""value"": ""-91.0"", ""label"": ""Not applicable""}, {""value"": ""-1.0"", ""label"": ""Don't know""}, {""value"": ""1.0"", ""label"": ""Most days""}, {""value"": ""2.0"", ""label"": ""More than once a week""}, {""value"": ""3.0"", ""label"": ""Less than once a week""}, {""value"": ""4.0"", ""label"": ""Hardly ever""}, {""value"": ""5.0"", ""label"": ""Never/ Not at all""}]"
249,W1mothdecYP,YP: How true it is to say (step-)mother likes YP to make own decisions,numeric,ORDINAL,-999.0 thru -1.0,"[{""value"": ""-997.0"", ""label"": ""Script error""}, {""value"": ""-99.0"", ""label"": ""YP not interviewed""}, {""value"": ""-97.0"", ""label"": ""YP refused CASI section""}, {""value"": ""-96.0"", ""label"": ""YP unable to complete CASI section""}, {""value"": ""-92.0"", ""label"": ""Refused""}, {""value"": ""-91.0"", ""label"": ""Not applicable""}, {""value"": ""-1.0"", ""label"": ""Don't know""}, {""value"": ""1.0"", ""label"": ""Not true""}, {""value"": ""2.0"", ""label"": ""Somewhat true""}, {""value"": ""3.0"", ""label"": ""Certainly true""}]"
250,W1fathdecYP,YP: How true it is to say (step-)father likes YP to make own decisions,numeric,ORDINAL,-999.0 thru -1.0,"[{""value"": ""-997.0"", ""label"": ""Script error""}, {""value"": ""-99.0"", ""label"": ""YP not interviewed""}, {""value"": ""-97.0"", ""label"": ""YP refused CASI section""}, {""value"": ""-96.0"", ""label"": ""YP unable to complete CASI section""}, {""value"": ""-92.0"", ""label"": ""Refused""}, {""value"": ""-91.0"", ""label"": ""Not applicable""}, {""value"": ""-1.0"", ""label"": ""Don't know""}, {""value"": ""1.0"", ""label"": ""Not true""}, {""value"": ""2.0"", ""label"": ""Somewhat true""}, {""value"": ""3.0"", ""label"": ""Certainly true""}]"
251,W1fameatYP,YP: How many times eaten evening meal with family in last 7 days,numeric,ORDINAL,-999.0 thru -1.0,"[{""value"": ""-998.0"", ""label"": ""Interviewer missed question""}, {""value"": ""-99.0"", ""label"": ""YP not interviewed""}, {""value"": ""-97.0"", ""label"": ""YP refused CASI section""}, {""value"": ""-96.0"", ""label"": ""YP unable to complete CASI section""}, {""value"": ""-92.0"", ""label"": ""Refused""}, {""value"": ""-91.0"", ""label"": ""Not applicable""}, {""value"": ""-1.0"", ""label"": ""Don't know""}, {""value"": ""1.0"", ""label"": ""None""}, {""value"": ""2.0"", ""label"": ""1 or 2""}, {""value"": ""3.0"", ""label"": ""3 - 5""}, {""value"": ""4.0"", ""label"": ""6 - 7""}]"
252,W1gowhereYP,YP: How often parents know where going when out in evening,numeric,ORDINAL,-999.0 thru -1.0,"[{""value"": ""-99.0"", ""label"": ""YP not interviewed""}, {""value"": ""-97.0"", ""label"": ""YP refused CASI section""}, {""value"": ""-96.0"", ""label"": ""YP unable to complete CASI section""}, {""value"": ""-92.0"", ""label"": ""Refused""}, {""value"": ""-91.0"", ""label"": ""Not applicable""}, {""value"": ""-1.0"", ""label"": ""Don't know""}, {""value"": ""1.0"", ""label"": ""Always""}, {""value"": ""2.0"", ""label"": ""Usually""}, {""value"": ""3.0"", ""label"": ""Sometimes""}, {""value"": ""4.0"", ""label"": ""Rarely (hardly ever)""}, {""value"": ""5.0"", ""label"": ""Never""}, {""value"": ""6.0"", ""label"": ""Don't go out in the evening""}]"
253,W1limitsnYP,YP: Whether parents ever set curfew on school nights,numeric,ORDINAL,-999.0 thru -1.0,"[{""value"": ""-99.0"", ""label"": ""YP not interviewed""}, {""value"": ""-97.0"", ""label"": ""YP refused CASI section""}, {""value"": ""-96.0"", ""label"": ""YP unable to complete CASI section""}, {""value"": ""-92.0"", ""label"": ""Refused""}, {""value"": ""-91.0"", ""label"": ""Not applicable""}, {""value"": ""-1.0"", ""label"": ""Don't know""}, {""value"": ""1.0"", ""label"": ""Never""}, {""value"": ""2.0"", ""label"": ""Sometimes""}, {""value"": ""3.0"", ""label"": ""Often""}, {""value"": ""4.0"", ""label"": ""Not allowed out/ don't go out""}]"
254,W1talkschYP,YP: How often parents talk to YP about day at school,numeric,ORDINAL,-999.0 thru -1.0,"[{""value"": ""-99.0"", ""label"": ""YP not interviewed""}, {""value"": ""-97.0"", ""label"": ""YP refused CASI section""}, {""value"": ""-96.0"", ""label"": ""YP unable to complete CASI section""}, {""value"": ""-92.0"", ""label"": ""Refused""}, {""value"": ""-91.0"", ""label"": ""Not applicable""}, {""value"": ""-1.0"", ""label"": ""Don't know""}, {""value"": ""1.0"", ""label"": ""Never""}, {""value"": ""2.0"", ""label"": ""Sometimes""}, {""value"": ""3.0"", ""label"": ""Often""}]"
255,W1truantYP,YP: Whether played truant in last 12 months,numeric,NOMINAL,-999.0 thru -1.0,"[{""value"": ""-99.0"", ""label"": ""YP not interviewed""}, {""value"": ""-97.0"", ""label"": ""YP refused CASI section""}, {""value"": ""-96.0"", ""label"": ""YP unable to complete CASI section""}, {""value"": ""-92.0"", ""label"": ""Refused""}, {""value"": ""-91.0"", ""label"": ""Not applicable""}, {""value"": ""-1.0"", ""label"": ""Don't know""}, {""value"": ""1.0"", ""label"": ""Yes""}, {""value"": ""2.0"", ""label"": ""No""}]"
256,W1truant1YP,YP: Longest period of truancy in last 12 months,numeric,ORDINAL,-999.0 thru -1.0,"[{""value"": ""-99.0"", ""label"": ""YP not interviewed""}, {""value"": ""-97.0"", ""label"": ""YP refused CASI section""}, {""value"": ""-96.0"", ""label"": ""YP unable to complete CASI section""}, {""value"": ""-92.0"", ""label"": ""Refused""}, {""value"": ""-91.0"", ""label"": ""Not applicable""}, {""value"": ""-1.0"", ""label"": ""Don't know""}, {""value"": ""1.0"", ""label"": ""For weeks at a time""}, {""value"": ""2.0"", ""label"": ""For several days at a time""}, {""value"": ""3.0"", ""label"": ""For particular lessons""}, {""value"": ""4.0"", ""label"": ""Only the odd day or lesson""}]"
257,W1truant2YP,YP: Main reason for playing truant,numeric,NOMINAL,-999.0 thru -1.0,"[{""value"": ""-99.0"", ""label"": ""YP not interviewed""}, {""value"": ""-97.0"", ""label"": ""YP refused CASI section""}, {""value"": ""-96.0"", ""label"": ""YP unable to complete CASI section""}, {""value"": ""-92.0"", ""label"": ""Refused""}, {""value"": ""-91.0"", ""label"": ""Not applicable""}, {""value"": ""-1.0"", ""label"": ""Don't know""}, {""value"": ""1.0"", ""label"": ""Bullying""}, {""value"": ""2.0"", ""label"": ""Bored""}, {""value"": ""3.0"", ""label"": ""Just don't like school""}, {""value"": ""4.0"", ""label"": ""Don't like particular teacher or teachers""}, {""value"": ""5.0"", ""label"": ""Don't like particular lesson or subject""}, {""value"": ""6.0"", ""label"": ""Something else""}]"
258,W1truant3YP,YP: Whether parents ever keep YP off school,numeric,NOMINAL,-999.0 thru -1.0,"[{""value"": ""-99.0"", ""label"": ""YP not interviewed""}, {""value"": ""-97.0"", ""label"": ""YP refused CASI section""}, {""value"": ""-96.0"", ""label"": ""YP unable to complete CASI section""}, {""value"": ""-92.0"", ""label"": ""Refused""}, {""value"": ""-91.0"", ""label"": ""Not applicable""}, {""value"": ""-1.0"", ""label"": ""Don't know""}, {""value"": ""1.0"", ""label"": ""Yes""}, {""value"": ""2.0"", ""label"": ""No""}]"
259,W1truant4YP,YP: Frequency of parents keeping YP off school,numeric,ORDINAL,-999.0 thru -1.0,"[{""value"": ""-99.0"", ""label"": ""YP not interviewed""}, {""value"": ""-97.0"", ""label"": ""YP refused CASI section""}, {""value"": ""-96.0"", ""label"": ""YP unable to complete CASI section""}, {""value"": ""-92.0"", ""label"": ""Refused""}, {""value"": ""-91.0"", ""label"": ""Not applicable""}, {""value"": ""-1.0"", ""label"": ""Don't know""}, {""value"": ""1.0"", ""label"": ""Every week""}, {""value"": ""2.0"", ""label"": ""Once or twice a month""}, {""value"": ""3.0"", ""label"": ""Less often than this""}]"
260,W1namesYP,YP: Whether have been upset by name-calling inc text or email in last 12 months,numeric,NOMINAL,-999.0 thru -1.0,"[{""value"": ""-99.0"", ""label"": ""YP not interviewed""}, {""value"": ""-97.0"", ""label"": ""YP refused CASI section""}, {""value"": ""-96.0"", ""label"": ""YP unable to complete CASI section""}, {""value"": ""-92.0"", ""label"": ""Refused""}, {""value"": ""-91.0"", ""label"": ""Not applicable""}, {""value"": ""-1.0"", ""label"": ""Don't know""}, {""value"": ""1.0"", ""label"": ""Yes""}, {""value"": ""2.0"", ""label"": ""No""}]"
261,W1excpalYP,YP: Whether have been excluded from a group of friends in last 12 months,numeric,NOMINAL,-999.0 thru -1.0,"[{""value"": ""-99.0"", ""label"": ""YP not interviewed""}, {""value"": ""-97.0"", ""label"": ""YP refused CASI section""}, {""value"": ""-96.0"", ""label"": ""YP unable to complete CASI section""}, {""value"": ""-92.0"", ""label"": ""Refused""}, {""value"": ""-91.0"", ""label"": ""Not applicable""}, {""value"": ""-1.0"", ""label"": ""Don't know""}, {""value"": ""1.0"", ""label"": ""Yes""}, {""value"": ""2.0"", ""label"": ""No""}]"
262,W1moneyYP,YP: Whether have been made to hand over money or possessions in last 12 months,numeric,NOMINAL,-999.0 thru -1.0,"[{""value"": ""-99.0"", ""label"": ""YP not interviewed""}, {""value"": ""-97.0"", ""label"": ""YP refused CASI section""}, {""value"": ""-96.0"", ""label"": ""YP unable to complete CASI section""}, {""value"": ""-92.0"", ""label"": ""Refused""}, {""value"": ""-91.0"", ""label"": ""Not applicable""}, {""value"": ""-1.0"", ""label"": ""Don't know""}, {""value"": ""1.0"", ""label"": ""Yes""}, {""value"": ""2.0"", ""label"": ""No""}]"
263,W1thhitYP,YP: Whether have been threatened with violence by students in last 12 months,numeric,NOMINAL,-999.0 thru -1.0,"[{""value"": ""-99.0"", ""label"": ""YP not interviewed""}, {""value"": ""-97.0"", ""label"": ""YP refused CASI section""}, {""value"": ""-96.0"", ""label"": ""YP unable to complete CASI section""}, {""value"": ""-92.0"", ""label"": ""Refused""}, {""value"": ""-91.0"", ""label"": ""Not applicable""}, {""value"": ""-1.0"", ""label"": ""Don't know""}, {""value"": ""1.0"", ""label"": ""Yes""}, {""value"": ""2.0"", ""label"": ""No""}]"
264,W1achitYP,YP: Whether have experienced violence from students in last 12 months,numeric,NOMINAL,-999.0 thru -1.0,"[{""value"": ""-99.0"", ""label"": ""YP not interviewed""}, {""value"": ""-97.0"", ""label"": ""YP refused CASI section""}, {""value"": ""-96.0"", ""label"": ""YP unable to complete CASI section""}, {""value"": ""-92.0"", ""label"": ""Refused""}, {""value"": ""-91.0"", ""label"": ""Not applicable""}, {""value"": ""-1.0"", ""label"": ""Don't know""}, {""value"": ""1.0"", ""label"": ""Yes""}, {""value"": ""2.0"", ""label"": ""No""}]"
265,W1youbulnYP0a,YP: How often hurt by name-calling in last 12 months,numeric,ORDINAL,-999.0 thru -1.0,"[{""value"": ""-99.0"", ""label"": ""YP not interviewed""}, {""value"": ""-97.0"", ""label"": ""YP refused CASI section""}, {""value"": ""-96.0"", ""label"": ""YP unable to complete CASI section""}, {""value"": ""-92.0"", ""label"": ""Refused""}, {""value"": ""-91.0"", ""label"": ""Not applicable""}, {""value"": ""-1.0"", ""label"": ""Don't know""}, {""value"": ""1.0"", ""label"": ""Every day""}, {""value"": ""2.0"", ""label"": ""A few times a week""}, {""value"": ""3.0"", ""label"": ""Once or twice a week""}, {""value"": ""4.0"", ""label"": ""Once every two weeks""}, {""value"": ""5.0"", ""label"": ""Once a month""}, {""value"": ""6.0"", ""label"": ""Less often than this""}, {""value"": ""7.0"", ""label"": ""It varies""}]"
266,W1youbulnYP0b,YP: How often socially excluded in last 12 months,numeric,ORDINAL,-999.0 thru -1.0,"[{""value"": ""-99.0"", ""label"": ""YP not interviewed""}, {""value"": ""-97.0"", ""label"": ""YP refused CASI section""}, {""value"": ""-96.0"", ""label"": ""YP unable to complete CASI section""}, {""value"": ""-92.0"", ""label"": ""Refused""}, {""value"": ""-91.0"", ""label"": ""Not applicable""}, {""value"": ""-1.0"", ""label"": ""Don't know""}, {""value"": ""1.0"", ""label"": ""Every day""}, {""value"": ""2.0"", ""label"": ""A few times a week""}, {""value"": ""3.0"", ""label"": ""Once or twice a week""}, {""value"": ""4.0"", ""label"": ""Once every two weeks""}, {""value"": ""5.0"", ""label"": ""Once a month""}, {""value"": ""6.0"", ""label"": ""Less often than this""}, {""value"": ""7.0"", ""label"": ""It varies""}]"
267,W1youbulnYP0c,YP: How often made to hand over money or possessions in last 12 months,numeric,ORDINAL,-999.0 thru -1.0,"[{""value"": ""-99.0"", ""label"": ""YP not interviewed""}, {""value"": ""-97.0"", ""label"": ""YP refused CASI section""}, {""value"": ""-96.0"", ""label"": ""YP unable to complete CASI section""}, {""value"": ""-92.0"", ""label"": ""Refused""}, {""value"": ""-91.0"", ""label"": ""Not applicable""}, {""value"": ""-1.0"", ""label"": ""Don't know""}, {""value"": ""1.0"", ""label"": ""Every day""}, {""value"": ""2.0"", ""label"": ""A few times a week""}, {""value"": ""3.0"", ""label"": ""Once or twice a week""}, {""value"": ""4.0"", ""label"": ""Once every two weeks""}, {""value"": ""5.0"", ""label"": ""Once a month""}, {""value"": ""6.0"", ""label"": ""Less often than this""}, {""value"": ""7.0"", ""label"": ""It varies""}]"
268,W1youbulnYP0d,YP: How often threatened with violence in last 12 months,numeric,ORDINAL,-999.0 thru -1.0,"[{""value"": ""-99.0"", ""label"": ""YP not interviewed""}, {""value"": ""-97.0"", ""label"": ""YP refused CASI section""}, {""value"": ""-96.0"", ""label"": ""YP unable to complete CASI section""}, {""value"": ""-92.0"", ""label"": ""Refused""}, {""value"": ""-91.0"", ""label"": ""Not applicable""}, {""value"": ""-1.0"", ""label"": ""Don't know""}, {""value"": ""1.0"", ""label"": ""Every day""}, {""value"": ""2.0"", ""label"": ""A few times a week""}, {""value"": ""3.0"", ""label"": ""Once or twice a week""}, {""value"": ""4.0"", ""label"": ""Once every two weeks""}, {""value"": ""5.0"", ""label"": ""Once a month""}, {""value"": ""6.0"", ""label"": ""Less often than this""}, {""value"": ""7.0"", ""label"": ""It varies""}]"
269,W1youbulnYP0e,YP: How often experienced violence from students in last 12 months,numeric,ORDINAL,-999.0 thru -1.0,"[{""value"": ""-99.0"", ""label"": ""YP not interviewed""}, {""value"": ""-97.0"", ""label"": ""YP refused CASI section""}, {""value"": ""-96.0"", ""label"": ""YP unable to complete CASI section""}, {""value"": ""-92.0"", ""label"": ""Refused""}, {""value"": ""-91.0"", ""label"": ""Not applicable""}, {""value"": ""-1.0"", ""label"": ""Don't know""}, {""value"": ""1.0"", ""label"": ""Every day""}, {""value"": ""2.0"", ""label"": ""A few times a week""}, {""value"": ""3.0"", ""label"": ""Once or twice a week""}, {""value"": ""4.0"", ""label"": ""Once every two weeks""}, {""value"": ""5.0"", ""label"": ""Once a month""}, {""value"": ""6.0"", ""label"": ""Less often than this""}, {""value"": ""7.0"", ""label"": ""It varies""}]"
270,W1cignowYP,YP: Whether ever smoke cigarettes,numeric,NOMINAL,-999.0 thru -1.0,"[{""value"": ""-99.0"", ""label"": ""YP not interviewed""}, {""value"": ""-97.0"", ""label"": ""YP refused CASI section""}, {""value"": ""-96.0"", ""label"": ""YP unable to complete CASI section""}, {""value"": ""-92.0"", ""label"": ""Refused""}, {""value"": ""-91.0"", ""label"": ""Not applicable""}, {""value"": ""-1.0"", ""label"": ""Don't know""}, {""value"": ""1.0"", ""label"": ""Yes""}, {""value"": ""2.0"", ""label"": ""No""}]"
271,W1cigfreqYP,YP: Frequency of smoking cigarettes,numeric,ORDINAL,-999.0 thru -1.0,"[{""value"": ""-99.0"", ""label"": ""YP not interviewed""}, {""value"": ""-97.0"", ""label"": ""YP refused CASI section""}, {""value"": ""-96.0"", ""label"": ""YP unable to complete CASI section""}, {""value"": ""-92.0"", ""label"": ""Refused""}, {""value"": ""-91.0"", ""label"": ""Not applicable""}, {""value"": ""-1.0"", ""label"": ""Don't know""}, {""value"": ""1.0"", ""label"": ""I have never smoked""}, {""value"": ""2.0"", ""label"": ""I have only ever tried smoking once""}, {""value"": ""3.0"", ""label"": ""I used to smoke sometimes but I never smoke a cigarette now""}, {""value"": ""4.0"", ""label"": ""I sometimes smoke cigarettes now but I don't smoke as many a""}, {""value"": ""5.0"", ""label"": ""I usually smoke between one and six cigarettes a week""}, {""value"": ""6.0"", ""label"": ""I usually smoke more than six cigarettes a week""}]"
272,W1alceverYP,YP: Whether ever had proper alcoholic drink,numeric,NOMINAL,-999.0 thru -1.0,"[{""value"": ""-99.0"", ""label"": ""YP not interviewed""}, {""value"": ""-97.0"", ""label"": ""YP refused CASI section""}, {""value"": ""-96.0"", ""label"": ""YP unable to complete CASI section""}, {""value"": ""-92.0"", ""label"": ""Refused""}, {""value"": ""-91.0"", ""label"": ""Not applicable""}, {""value"": ""-1.0"", ""label"": ""Don't know""}, {""value"": ""1.0"", ""label"": ""Yes""}, {""value"": ""2.0"", ""label"": ""No""}]"
273,W1alcmonYP,YP: Whether had alcoholic drink in last 12 months,numeric,NOMINAL,-999.0 thru -1.0,"[{""value"": ""-99.0"", ""label"": ""YP not interviewed""}, {""value"": ""-97.0"", ""label"": ""YP refused CASI section""}, {""value"": ""-96.0"", ""label"": ""YP unable to complete CASI section""}, {""value"": ""-92.0"", ""label"": ""Refused""}, {""value"": ""-91.0"", ""label"": ""Not applicable""}, {""value"": ""-1.0"", ""label"": ""Don't know""}, {""value"": ""1.0"", ""label"": ""Yes""}, {""value"": ""2.0"", ""label"": ""No""}]"
274,W1alcfreqYP,YP: Frequency of having alcoholic drink in last 12 months,numeric,ORDINAL,-999.0 thru -1.0,"[{""value"": ""-99.0"", ""label"": ""YP not interviewed""}, {""value"": ""-97.0"", ""label"": ""YP refused CASI section""}, {""value"": ""-96.0"", ""label"": ""YP unable to complete CASI section""}, {""value"": ""-92.0"", ""label"": ""Refused""}, {""value"": ""-91.0"", ""label"": ""Not applicable""}, {""value"": ""-1.0"", ""label"": ""Don't know""}, {""value"": ""1.0"", ""label"": ""Most days""}, {""value"": ""2.0"", ""label"": ""Once or twice a week""}, {""value"": ""3.0"", ""label"": ""Two or three times a month""}, {""value"": ""4.0"", ""label"": ""Once a month""}, {""value"": ""5.0"", ""label"": ""Once every couple of months""}, {""value"": ""6.0"", ""label"": ""Less often""}]"
275,W1canntryYP,YP: Whether ever tried Cannabis,numeric,NOMINAL,-999.0 thru -1.0,"[{""value"": ""-99.0"", ""label"": ""YP not interviewed""}, {""value"": ""-97.0"", ""label"": ""YP refused CASI section""}, {""value"": ""-96.0"", ""label"": ""YP unable to complete CASI section""}, {""value"": ""-92.0"", ""label"": ""Refused""}, {""value"": ""-91.0"", ""label"": ""Not applicable""}, {""value"": ""-1.0"", ""label"": ""Don't know""}, {""value"": ""1.0"", ""label"": ""Yes""}, {""value"": ""2.0"", ""label"": ""No""}]"
276,W1sprayYP,YP: Whether ever graffittied on walls,numeric,NOMINAL,-999.0 thru -1.0,"[{""value"": ""-99.0"", ""label"": ""YP not interviewed""}, {""value"": ""-97.0"", ""label"": ""YP refused CASI section""}, {""value"": ""-96.0"", ""label"": ""YP unable to complete CASI section""}, {""value"": ""-92.0"", ""label"": ""Refused""}, {""value"": ""-91.0"", ""label"": ""Not applicable""}, {""value"": ""-1.0"", ""label"": ""Don't know""}, {""value"": ""1.0"", ""label"": ""Yes""}, {""value"": ""2.0"", ""label"": ""No""}]"
277,W1smashYP,YP: Whether ever vandalised public property,numeric,NOMINAL,-999.0 thru -1.0,"[{""value"": ""-99.0"", ""label"": ""YP not interviewed""}, {""value"": ""-97.0"", ""label"": ""YP refused CASI section""}, {""value"": ""-96.0"", ""label"": ""YP unable to complete CASI section""}, {""value"": ""-92.0"", ""label"": ""Refused""}, {""value"": ""-91.0"", ""label"": ""Not applicable""}, {""value"": ""-1.0"", ""label"": ""Don't know""}, {""value"": ""1.0"", ""label"": ""Yes""}, {""value"": ""2.0"", ""label"": ""No""}]"
278,W1shopYP,YP: Whether ever shoplifted,numeric,NOMINAL,-999.0 thru -1.0,"[{""value"": ""-99.0"", ""label"": ""YP not interviewed""}, {""value"": ""-97.0"", ""label"": ""YP refused CASI section""}, {""value"": ""-96.0"", ""label"": ""YP unable to complete CASI section""}, {""value"": ""-92.0"", ""label"": ""Refused""}, {""value"": ""-91.0"", ""label"": ""Not applicable""}, {""value"": ""-1.0"", ""label"": ""Don't know""}, {""value"": ""1.0"", ""label"": ""Yes""}, {""value"": ""2.0"", ""label"": ""No""}]"
279,W1fightYP,YP: Whether ever taken part in fighting or public disturbance,numeric,NOMINAL,-999.0 thru -1.0,"[{""value"": ""-99.0"", ""label"": ""YP not interviewed""}, {""value"": ""-97.0"", ""label"": ""YP refused CASI section""}, {""value"": ""-96.0"", ""label"": ""YP unable to complete CASI section""}, {""value"": ""-92.0"", ""label"": ""Refused""}, {""value"": ""-91.0"", ""label"": ""Not applicable""}, {""value"": ""-1.0"", ""label"": ""Don't know""}, {""value"": ""1.0"", ""label"": ""Yes""}, {""value"": ""2.0"", ""label"": ""No""}]"
280,W1dwhopreYP0a,Admin: Who else present during YP self-completion: Non-one else in room,numeric,NOMINAL,-999.0 thru -1.0,"[{""value"": ""-99.0"", ""label"": ""YP not interviewed""}, {""value"": ""-97.0"", ""label"": ""YP refused CASI section""}, {""value"": ""-96.0"", ""label"": ""YP unable to complete CASI section""}, {""value"": ""-92.0"", ""label"": ""Refused""}, {""value"": ""-91.0"", ""label"": ""Not applicable""}, {""value"": ""0.0"", ""label"": ""Not mentioned""}, {""value"": ""1.0"", ""label"": ""Mentioned""}]"
281,W1dwhopreYP0b,"Admin: Who else present during YP self-completion: Mother, step-mother, female guardian",numeric,NOMINAL,-999.0 thru -1.0,"[{""value"": ""-99.0"", ""label"": ""YP not interviewed""}, {""value"": ""-97.0"", ""label"": ""YP refused CASI section""}, {""value"": ""-96.0"", ""label"": ""YP unable to complete CASI section""}, {""value"": ""-92.0"", ""label"": ""Refused""}, {""value"": ""-91.0"", ""label"": ""Not applicable""}, {""value"": ""0.0"", ""label"": ""Not mentioned""}, {""value"": ""1.0"", ""label"": ""Mentioned""}]"
282,W1dwhopreYP0c,"Admin: Who else present during YP self-completion: Father, step father, male guardian",numeric,NOMINAL,-999.0 thru -1.0,"[{""value"": ""-99.0"", ""label"": ""YP not interviewed""}, {""value"": ""-97.0"", ""label"": ""YP refused CASI section""}, {""value"": ""-96.0"", ""label"": ""YP unable to complete CASI section""}, {""value"": ""-92.0"", ""label"": ""Refused""}, {""value"": ""-91.0"", ""label"": ""Not applicable""}, {""value"": ""0.0"", ""label"": ""Not mentioned""}, {""value"": ""1.0"", ""label"": ""Mentioned""}]"
283,W1dwhopreYP0d,"Admin: Who else present during YP self-completion: (Step-) Brother(s), Sister(s)",numeric,NOMINAL,-999.0 thru -1.0,"[{""value"": ""-99.0"", ""label"": ""YP not interviewed""}, {""value"": ""-97.0"", ""label"": ""YP refused CASI section""}, {""value"": ""-96.0"", ""label"": ""YP unable to complete CASI section""}, {""value"": ""-92.0"", ""label"": ""Refused""}, {""value"": ""-91.0"", ""label"": ""Not applicable""}, {""value"": ""0.0"", ""label"": ""Not mentioned""}, {""value"": ""1.0"", ""label"": ""Mentioned""}]"
284,W1dwhopreYP0e,Admin: Who else present during YP self-completion: Other adult relative(s),numeric,NOMINAL,-999.0 thru -1.0,"[{""value"": ""-99.0"", ""label"": ""YP not interviewed""}, {""value"": ""-97.0"", ""label"": ""YP refused CASI section""}, {""value"": ""-96.0"", ""label"": ""YP unable to complete CASI section""}, {""value"": ""-92.0"", ""label"": ""Refused""}, {""value"": ""-91.0"", ""label"": ""Not applicable""}, {""value"": ""0.0"", ""label"": ""Not mentioned""}, {""value"": ""1.0"", ""label"": ""Mentioned""}]"
285,W1dwhopreYP0f,Admin: Who else present during YP self-completion: Other child(ren) under 16,numeric,NOMINAL,-999.0 thru -1.0,"[{""value"": ""-99.0"", ""label"": ""YP not interviewed""}, {""value"": ""-97.0"", ""label"": ""YP refused CASI section""}, {""value"": ""-96.0"", ""label"": ""YP unable to complete CASI section""}, {""value"": ""-92.0"", ""label"": ""Refused""}, {""value"": ""-91.0"", ""label"": ""Not applicable""}, {""value"": ""0.0"", ""label"": ""Not mentioned""}, {""value"": ""1.0"", ""label"": ""Mentioned""}]"
286,W1dwhopreYP0g,Admin: Who else present during YP self-completion: Other adult(s) including visitor,numeric,NOMINAL,-999.0 thru -1.0,"[{""value"": ""-99.0"", ""label"": ""YP not interviewed""}, {""value"": ""-97.0"", ""label"": ""YP refused CASI section""}, {""value"": ""-96.0"", ""label"": ""YP unable to complete CASI section""}, {""value"": ""-92.0"", ""label"": ""Refused""}, {""value"": ""-91.0"", ""label"": ""Not applicable""}, {""value"": ""0.0"", ""label"": ""Not mentioned""}, {""value"": ""1.0"", ""label"": ""Mentioned""}]"
287,W1dwhopreYP0h,Admin: Who else present during YP self-completion: Other,numeric,NOMINAL,-999.0 thru -1.0,"[{""value"": ""-99.0"", ""label"": ""YP not interviewed""}, {""value"": ""-97.0"", ""label"": ""YP refused CASI section""}, {""value"": ""-96.0"", ""label"": ""YP unable to complete CASI section""}, {""value"": ""-92.0"", ""label"": ""Refused""}, {""value"": ""-91.0"", ""label"": ""Not applicable""}, {""value"": ""0.0"", ""label"": ""Not mentioned""}, {""value"": ""1.0"", ""label"": ""Mentioned""}]"
288,W1careYP,YP: Whether YP has any caring responsibilities within household,numeric,NOMINAL,-999.0 thru -1.0,"[{""value"": ""-99.0"", ""label"": ""YP not interviewed""}, {""value"": ""-92.0"", ""label"": ""Refused""}, {""value"": ""-91.0"", ""label"": ""Not applicable""}, {""value"": ""-1.0"", ""label"": ""Don't know""}, {""value"": ""1.0"", ""label"": ""Yes - in this household""}, {""value"": ""2.0"", ""label"": ""No""}]"
289,W1cawhoYP0a,YP: Who YP has caring responsibility for - Father/ mother,numeric,NOMINAL,-999.0 thru -1.0,"[{""value"": ""-99.0"", ""label"": ""YP not interviewed""}, {""value"": ""-92.0"", ""label"": ""Refused""}, {""value"": ""-91.0"", ""label"": ""Not applicable""}, {""value"": ""0.0"", ""label"": ""Not mentioned""}, {""value"": ""1.0"", ""label"": ""Mentioned""}]"
290,W1cawhoYP0b,YP: Who YP has caring responsibility for - Grandfather/ grandmother,numeric,NOMINAL,-999.0 thru -1.0,"[{""value"": ""-99.0"", ""label"": ""YP not interviewed""}, {""value"": ""-92.0"", ""label"": ""Refused""}, {""value"": ""-91.0"", ""label"": ""Not applicable""}, {""value"": ""0.0"", ""label"": ""Not mentioned""}, {""value"": ""1.0"", ""label"": ""Mentioned""}]"
291,W1cawhoYP0c,YP: Who YP has caring responsibility for - Brother/ sister,numeric,NOMINAL,-999.0 thru -1.0,"[{""value"": ""-99.0"", ""label"": ""YP not interviewed""}, {""value"": ""-92.0"", ""label"": ""Refused""}, {""value"": ""-91.0"", ""label"": ""Not applicable""}, {""value"": ""0.0"", ""label"": ""Not mentioned""}, {""value"": ""1.0"", ""label"": ""Mentioned""}]"
292,W1cawhoYP0d,YP: Who YP has caring responsibility for - Other adult relative,numeric,NOMINAL,-999.0 thru -1.0,"[{""value"": ""-99.0"", ""label"": ""YP not interviewed""}, {""value"": ""-92.0"", ""label"": ""Refused""}, {""value"": ""-91.0"", ""label"": ""Not applicable""}, {""value"": ""0.0"", ""label"": ""Not mentioned""}, {""value"": ""1.0"", ""label"": ""Mentioned""}]"
293,W1cawhoYP0e,"YP: Who YP has caring responsibility for - Other adult, non-relative",numeric,NOMINAL,-999.0 thru -1.0,"[{""value"": ""-99.0"", ""label"": ""YP not interviewed""}, {""value"": ""-92.0"", ""label"": ""Refused""}, {""value"": ""-91.0"", ""label"": ""Not applicable""}, {""value"": ""0.0"", ""label"": ""Not mentioned""}, {""value"": ""1.0"", ""label"": ""Mentioned""}]"
294,W1cawhoYP0f,YP: Who YP has caring responsibility for - Other child relative,numeric,NOMINAL,-999.0 thru -1.0,"[{""value"": ""-99.0"", ""label"": ""YP not interviewed""}, {""value"": ""-92.0"", ""label"": ""Refused""}, {""value"": ""-91.0"", ""label"": ""Not applicable""}, {""value"": ""0.0"", ""label"": ""Not mentioned""}, {""value"": ""1.0"", ""label"": ""Mentioned""}]"
295,W1cawhoYP0g,"YP: Who YP has caring responsibility for - Other child , non-relative",numeric,NOMINAL,-999.0 thru -1.0,"[{""value"": ""-99.0"", ""label"": ""YP not interviewed""}, {""value"": ""-92.0"", ""label"": ""Refused""}, {""value"": ""-91.0"", ""label"": ""Not applicable""}, {""value"": ""0.0"", ""label"": ""Not mentioned""}, {""value"": ""1.0"", ""label"": ""Mentioned""}]"
296,W1cawhoYP0h,YP: Who YP has caring responsibility for - Don't know,numeric,NOMINAL,-999.0 thru -1.0,"[{""value"": ""-99.0"", ""label"": ""YP not interviewed""}, {""value"": ""-92.0"", ""label"": ""Refused""}, {""value"": ""-91.0"", ""label"": ""Not applicable""}, {""value"": ""0.0"", ""label"": ""Not mentioned""}, {""value"": ""1.0"", ""label"": ""Mentioned""}]"
297,W1carehrsYP,YP: Hours per week YP spends on caring responsibilities,numeric,SCALE,-999.0 thru -1.0,"[{""value"": ""-99.0"", ""label"": ""YP not interviewed""}, {""value"": ""-92.0"", ""label"": ""Refused""}, {""value"": ""-91.0"", ""label"": ""Not applicable""}, {""value"": ""-1.0"", ""label"": ""Don't know""}]"
298,W1carehr1YP,YP: Whether ever miss school because of caring responsibilities,numeric,NOMINAL,-999.0 thru -1.0,"[{""value"": ""-99.0"", ""label"": ""YP not interviewed""}, {""value"": ""-92.0"", ""label"": ""Refused""}, {""value"": ""-91.0"", ""label"": ""Not applicable""}, {""value"": ""-1.0"", ""label"": ""Don't know""}, {""value"": ""1.0"", ""label"": ""Yes""}, {""value"": ""2.0"", ""label"": ""No""}]"
299,W1carehr2YP,YP: Frequency of missing school due to caring responsibilities,numeric,ORDINAL,-999.0 thru -1.0,"[{""value"": ""-99.0"", ""label"": ""YP not interviewed""}, {""value"": ""-92.0"", ""label"": ""Refused""}, {""value"": ""-91.0"", ""label"": ""Not applicable""}, {""value"": ""-1.0"", ""label"": ""Don't know""}, {""value"": ""1.0"", ""label"": ""Once a week or more often""}, {""value"": ""2.0"", ""label"": ""Once or twice a month""}, {""value"": ""3.0"", ""label"": ""Less often than this""}]"
300,W1domhrsYP,YP: Hours per week YP spends on domestic chores,numeric,SCALE,-999.0 thru -1.0,"[{""value"": ""-99.0"", ""label"": ""YP not interviewed""}, {""value"": ""-92.0"", ""label"": ""Refused""}, {""value"": ""-91.0"", ""label"": ""Not applicable""}, {""value"": ""-1.0"", ""label"": ""Don't Know""}]"
301,W1jobYP,YP: Whether work in paid job at all during term-time,numeric,NOMINAL,-999.0 thru -1.0,"[{""value"": ""-99.0"", ""label"": ""YP not interviewed""}, {""value"": ""-92.0"", ""label"": ""Refused""}, {""value"": ""-91.0"", ""label"": ""Not applicable""}, {""value"": ""-1.0"", ""label"": ""Don't know""}, {""value"": ""1.0"", ""label"": ""Yes""}, {""value"": ""2.0"", ""label"": ""No""}]"
302,W1jobtimeYP,"YP: Hours per week YP spends on paid job, during term-time",numeric,SCALE,-999.0 thru -1.0,"[{""value"": ""-99.0"", ""label"": ""YP not interviewed""}, {""value"": ""-92.0"", ""label"": ""Refused""}, {""value"": ""-91.0"", ""label"": ""Not applicable""}, {""value"": ""-1.0"", ""label"": ""Don't Know""}]"
303,W1jobearnYP,"YP: How much YP earns per week from paid job, during term-time",numeric,SCALE,-999.0 thru -1.0,"[{""value"": ""-998.0"", ""label"": ""Interviewer missed question""}, {""value"": ""-99.0"", ""label"": ""YP not interviewed""}, {""value"": ""-92.0"", ""label"": ""Refused""}, {""value"": ""-91.0"", ""label"": ""Not applicable""}, {""value"": ""-1.0"", ""label"": ""Don't Know""}]"
304,W1famsupYP,YP: Whether receive any pocket money or allowance or support from parents or relatives,numeric,NOMINAL,-999.0 thru -1.0,"[{""value"": ""-99.0"", ""label"": ""YP not interviewed""}, {""value"": ""-92.0"", ""label"": ""Refused""}, {""value"": ""-91.0"", ""label"": ""Not applicable""}, {""value"": ""-1.0"", ""label"": ""Don't know""}, {""value"": ""1.0"", ""label"": ""Yes""}, {""value"": ""2.0"", ""label"": ""No""}]"
305,W1tvYP,YP: Average hours spend watching TV after school,numeric,ORDINAL,-999.0 thru -1.0,"[{""value"": ""-99.0"", ""label"": ""YP not interviewed""}, {""value"": ""-92.0"", ""label"": ""Refused""}, {""value"": ""-91.0"", ""label"": ""Not applicable""}, {""value"": ""-1.0"", ""label"": ""Don't know""}, {""value"": ""1.0"", ""label"": ""None or less than an hour""}, {""value"": ""2.0"", ""label"": ""1 - 3 hours""}, {""value"": ""3.0"", ""label"": ""4 - 6 hours""}, {""value"": ""4.0"", ""label"": ""7 or more hours""}, {""value"": ""5.0"", ""label"": ""No TV in household""}]"
306,W1HcomGYP,YP: Days per week use home computer to play games,numeric,ORDINAL,-999.0 thru -1.0,"[{""value"": ""-99.0"", ""label"": ""YP not interviewed""}, {""value"": ""-92.0"", ""label"": ""Refused""}, {""value"": ""-91.0"", ""label"": ""Not applicable""}, {""value"": ""-1.0"", ""label"": ""Don't know""}, {""value"": ""1.0"", ""label"": ""None""}, {""value"": ""2.0"", ""label"": ""1 - 2 days""}, {""value"": ""3.0"", ""label"": ""3 - 4 days""}, {""value"": ""4.0"", ""label"": ""Most days (5 or more)""}]"
307,W1hcomg2YP,YP: Number of hours per day spent playing computer games,numeric,SCALE,-999.0 thru -1.0,"[{""value"": ""-998.0"", ""label"": ""Interviewer missed question""}, {""value"": ""-99.0"", ""label"": ""YP not interviewed""}, {""value"": ""-92.0"", ""label"": ""Refused""}, {""value"": ""-91.0"", ""label"": ""Not applicable""}, {""value"": ""-1.0"", ""label"": ""Don't Know""}]"
308,W1palhomeYP,YP: How many times YP had friends round to house in last 7 days,numeric,ORDINAL,-999.0 thru -1.0,"[{""value"": ""-99.0"", ""label"": ""YP not interviewed""}, {""value"": ""-92.0"", ""label"": ""Refused""}, {""value"": ""-91.0"", ""label"": ""Not applicable""}, {""value"": ""-1.0"", ""label"": ""Don't know""}, {""value"": ""1.0"", ""label"": ""None""}, {""value"": ""2.0"", ""label"": ""Once or twice""}, {""value"": ""3.0"", ""label"": ""3 - 5 times""}, {""value"": ""4.0"", ""label"": ""6 times or more""}]"
309,W1paloutYP,YP: How many times gone out with friends in last 7 days,numeric,ORDINAL,-999.0 thru -1.0,"[{""value"": ""-99.0"", ""label"": ""YP not interviewed""}, {""value"": ""-92.0"", ""label"": ""Refused""}, {""value"": ""-91.0"", ""label"": ""Not applicable""}, {""value"": ""-1.0"", ""label"": ""Don't know""}, {""value"": ""1.0"", ""label"": ""None""}, {""value"": ""2.0"", ""label"": ""Once or twice""}, {""value"": ""3.0"", ""label"": ""3 - 5 times""}, {""value"": ""4.0"", ""label"": ""6 or more times""}]"
310,W1whofreeYP,YP: How mainly spend free time,numeric,NOMINAL,-999.0 thru -1.0,"[{""value"": ""-99.0"", ""label"": ""YP not interviewed""}, {""value"": ""-92.0"", ""label"": ""Refused""}, {""value"": ""-91.0"", ""label"": ""Not applicable""}, {""value"": ""-1.0"", ""label"": ""Don't know""}, {""value"": ""1.0"", ""label"": ""Go out somewhere with friends""}, {""value"": ""2.0"", ""label"": ""Go round to a friend's house (or friends come round to yours""}, {""value"": ""3.0"", ""label"": ""Spend time with your family""}, {""value"": ""4.0"", ""label"": ""Spend time with brother(s)/sister(s)""}, {""value"": ""5.0"", ""label"": ""Spend time by yourself""}, {""value"": ""7.0"", ""label"": ""None of these""}]"
311,W1whothesYP,YP: Sex of friends YP spends time with,numeric,NOMINAL,-999.0 thru -1.0,"[{""value"": ""-99.0"", ""label"": ""YP not interviewed""}, {""value"": ""-92.0"", ""label"": ""Refused""}, {""value"": ""-91.0"", ""label"": ""Not applicable""}, {""value"": ""-1.0"", ""label"": ""Don't know""}, {""value"": ""1.0"", ""label"": ""Friends of the same sex""}, {""value"": ""2.0"", ""label"": ""Friends of the opposite sex""}, {""value"": ""3.0"", ""label"": ""Mainly a mixed group""}, {""value"": ""4.0"", ""label"": ""Current boyfriends/ girlfriends""}]"
312,W1alei1YP0a,"YP: Whether been to or done in last 4 weeks: Played snooker, darts or pool",numeric,NOMINAL,-999.0 thru -1.0,"[{""value"": ""-99.0"", ""label"": ""YP not interviewed""}, {""value"": ""-92.0"", ""label"": ""Refused""}, {""value"": ""-91.0"", ""label"": ""Not applicable""}, {""value"": ""0.0"", ""label"": ""Not mentioned""}, {""value"": ""1.0"", ""label"": ""Mentioned""}]"
313,W1alei1YP0b,YP: Whether been to or done in last 4 weeks: Took part in any kind of sport,numeric,NOMINAL,-999.0 thru -1.0,"[{""value"": ""-99.0"", ""label"": ""YP not interviewed""}, {""value"": ""-92.0"", ""label"": ""Refused""}, {""value"": ""-91.0"", ""label"": ""Not applicable""}, {""value"": ""0.0"", ""label"": ""Not mentioned""}, {""value"": ""1.0"", ""label"": ""Mentioned""}]"
314,W1alei1YP0c,YP: Whether been to or done in last 4 weeks: Gone to see a football match or other sports event,numeric,NOMINAL,-999.0 thru -1.0,"[{""value"": ""-99.0"", ""label"": ""YP not interviewed""}, {""value"": ""-92.0"", ""label"": ""Refused""}, {""value"": ""-91.0"", ""label"": ""Not applicable""}, {""value"": ""0.0"", ""label"": ""Not mentioned""}, {""value"": ""1.0"", ""label"": ""Mentioned""}]"
315,W1alei1YP0d,YP: Whether been to or done in last 4 weeks: Gone to an amusement arcade,numeric,NOMINAL,-999.0 thru -1.0,"[{""value"": ""-99.0"", ""label"": ""YP not interviewed""}, {""value"": ""-92.0"", ""label"": ""Refused""}, {""value"": ""-91.0"", ""label"": ""Not applicable""}, {""value"": ""0.0"", ""label"": ""Not mentioned""}, {""value"": ""1.0"", ""label"": ""Mentioned""}]"
316,W1alei1YP0e,"YP: Whether been to or done in last 4 weeks: Gone to a party, dance, nightclub or disco",numeric,NOMINAL,-999.0 thru -1.0,"[{""value"": ""-99.0"", ""label"": ""YP not interviewed""}, {""value"": ""-92.0"", ""label"": ""Refused""}, {""value"": ""-91.0"", ""label"": ""Not applicable""}, {""value"": ""0.0"", ""label"": ""Not mentioned""}, {""value"": ""1.0"", ""label"": ""Mentioned""}]"
317,W1alei1YP0f,YP: Whether been to or done in last 4 weeks: Gone to a pub or bar,numeric,NOMINAL,-999.0 thru -1.0,"[{""value"": ""-99.0"", ""label"": ""YP not interviewed""}, {""value"": ""-92.0"", ""label"": ""Refused""}, {""value"": ""-91.0"", ""label"": ""Not applicable""}, {""value"": ""0.0"", ""label"": ""Not mentioned""}, {""value"": ""1.0"", ""label"": ""Mentioned""}]"
318,W1alei1YP0g,"YP: Whether been to or done in last 4 weeks: Gone to a cinema, theatre or concert",numeric,NOMINAL,-999.0 thru -1.0,"[{""value"": ""-99.0"", ""label"": ""YP not interviewed""}, {""value"": ""-92.0"", ""label"": ""Refused""}, {""value"": ""-91.0"", ""label"": ""Not applicable""}, {""value"": ""0.0"", ""label"": ""Not mentioned""}, {""value"": ""1.0"", ""label"": ""Mentioned""}]"
319,W1alei1YP0h,YP: Whether been to or done in last 4 weeks: Played a musical instrument,numeric,NOMINAL,-999.0 thru -1.0,"[{""value"": ""-99.0"", ""label"": ""YP not interviewed""}, {""value"": ""-92.0"", ""label"": ""Refused""}, {""value"": ""-91.0"", ""label"": ""Not applicable""}, {""value"": ""0.0"", ""label"": ""Not mentioned""}, {""value"": ""1.0"", ""label"": ""Mentioned""}]"
320,W1alei1YP0i,YP: Whether been to or done in last 4 weeks: All of these,numeric,NOMINAL,-999.0 thru -1.0,"[{""value"": ""-99.0"", ""label"": ""YP not interviewed""}, {""value"": ""-92.0"", ""label"": ""Refused""}, {""value"": ""-91.0"", ""label"": ""Not applicable""}, {""value"": ""0.0"", ""label"": ""Not mentioned""}, {""value"": ""1.0"", ""label"": ""Mentioned""}]"
321,W1alei1YP0j,YP: Whether been to or done in last 4 weeks: None of these,numeric,NOMINAL,-999.0 thru -1.0,"[{""value"": ""-99.0"", ""label"": ""YP not interviewed""}, {""value"": ""-92.0"", ""label"": ""Refused""}, {""value"": ""-91.0"", ""label"": ""Not applicable""}, {""value"": ""0.0"", ""label"": ""Not mentioned""}, {""value"": ""1.0"", ""label"": ""Mentioned""}]"
322,W1alei1YP0k,"YP: Whether been to or done in last 4 weeks (2): Gone to a political meeting, march, rally or demonstration",numeric,NOMINAL,-999.0 thru -1.0,"[{""value"": ""-99.0"", ""label"": ""YP not interviewed""}, {""value"": ""-92.0"", ""label"": ""Refused""}, {""value"": ""-91.0"", ""label"": ""Not applicable""}, {""value"": ""0.0"", ""label"": ""Not mentioned""}, {""value"": ""1.0"", ""label"": ""Mentioned""}]"
323,W1alei1YP0l,YP: Whether been to or done in last 4 weeks (2): Done community work,numeric,NOMINAL,-999.0 thru -1.0,"[{""value"": ""-99.0"", ""label"": ""YP not interviewed""}, {""value"": ""-92.0"", ""label"": ""Refused""}, {""value"": ""-91.0"", ""label"": ""Not applicable""}, {""value"": ""0.0"", ""label"": ""Not mentioned""}, {""value"": ""1.0"", ""label"": ""Mentioned""}]"
324,W1alei1YP0m,YP: Whether been to or done in last 4 weeks (2): Gone to a youth club or something like it (including scouts or girl guides),numeric,NOMINAL,-999.0 thru -1.0,"[{""value"": ""-99.0"", ""label"": ""YP not interviewed""}, {""value"": ""-92.0"", ""label"": ""Refused""}, {""value"": ""-91.0"", ""label"": ""Not applicable""}, {""value"": ""0.0"", ""label"": ""Not mentioned""}, {""value"": ""1.0"", ""label"": ""Mentioned""}]"
325,W1alei1YP0n,"YP: Whether been to or done in last 4 weeks (2): Just hung around, messed about near to your home",numeric,NOMINAL,-999.0 thru -1.0,"[{""value"": ""-99.0"", ""label"": ""YP not interviewed""}, {""value"": ""-92.0"", ""label"": ""Refused""}, {""value"": ""-91.0"", ""label"": ""Not applicable""}, {""value"": ""0.0"", ""label"": ""Not mentioned""}, {""value"": ""1.0"", ""label"": ""Mentioned""}]"
326,W1alei1YP0o,"YP: Whether been to or done in last 4 weeks (2): Just hung around, messed about in the high street or the town, city centre",numeric,NOMINAL,-999.0 thru -1.0,"[{""value"": ""-99.0"", ""label"": ""YP not interviewed""}, {""value"": ""-92.0"", ""label"": ""Refused""}, {""value"": ""-91.0"", ""label"": ""Not applicable""}, {""value"": ""0.0"", ""label"": ""Not mentioned""}, {""value"": ""1.0"", ""label"": ""Mentioned""}]"
327,W1alei1YP0p,YP: Whether been to or done in last 4 weeks (2): All of these,numeric,NOMINAL,-999.0 thru -1.0,"[{""value"": ""-99.0"", ""label"": ""YP not interviewed""}, {""value"": ""-92.0"", ""label"": ""Refused""}, {""value"": ""-91.0"", ""label"": ""Not applicable""}, {""value"": ""0.0"", ""label"": ""Not mentioned""}, {""value"": ""1.0"", ""label"": ""Mentioned""}]"
328,W1alei1YP0q,YP: Whether been to or done in last 4 weeks (2): None of these,numeric,NOMINAL,-999.0 thru -1.0,"[{""value"": ""-99.0"", ""label"": ""YP not interviewed""}, {""value"": ""-92.0"", ""label"": ""Refused""}, {""value"": ""-91.0"", ""label"": ""Not applicable""}, {""value"": ""0.0"", ""label"": ""Not mentioned""}, {""value"": ""1.0"", ""label"": ""Mentioned""}]"
329,W1relig4YP,YP: Whether gone to religious classes or courses in last 12 months,numeric,NOMINAL,-999.0 thru -1.0,"[{""value"": ""-99.0"", ""label"": ""YP not interviewed""}, {""value"": ""-92.0"", ""label"": ""Refused""}, {""value"": ""-91.0"", ""label"": ""Not applicable""}, {""value"": ""-1.0"", ""label"": ""Don't know""}, {""value"": ""1.0"", ""label"": ""Yes""}, {""value"": ""2.0"", ""label"": ""No""}]"
330,W1relig5YP,YP: Frequency of going to religious classes or courses in last 12 months,numeric,ORDINAL,-999.0 thru -1.0,"[{""value"": ""-99.0"", ""label"": ""YP not interviewed""}, {""value"": ""-92.0"", ""label"": ""Refused""}, {""value"": ""-91.0"", ""label"": ""Not applicable""}, {""value"": ""-1.0"", ""label"": ""Don't know""}, {""value"": ""1.0"", ""label"": ""More than once a week""}, {""value"": ""2.0"", ""label"": ""About once a week""}, {""value"": ""3.0"", ""label"": ""Two or three times a month""}, {""value"": ""4.0"", ""label"": ""About once a month""}, {""value"": ""5.0"", ""label"": ""Less than once a month""}]"
331,W1sportYP,YP: Frequency of doing sports,numeric,ORDINAL,-999.0 thru -1.0,"[{""value"": ""-99.0"", ""label"": ""YP not interviewed""}, {""value"": ""-92.0"", ""label"": ""Refused""}, {""value"": ""-91.0"", ""label"": ""Not applicable""}, {""value"": ""-1.0"", ""label"": ""Don't know""}, {""value"": ""1.0"", ""label"": ""Most days""}, {""value"": ""2.0"", ""label"": ""More than once a week""}, {""value"": ""3.0"", ""label"": ""Once a week""}, {""value"": ""4.0"", ""label"": ""Less than once a week""}, {""value"": ""5.0"", ""label"": ""Hardly ever""}, {""value"": ""6.0"", ""label"": ""Never""}]"
332,W1readsYP,YP: Frequency of reading for pleasure,numeric,ORDINAL,-999.0 thru -1.0,"[{""value"": ""-99.0"", ""label"": ""YP not interviewed""}, {""value"": ""-92.0"", ""label"": ""Refused""}, {""value"": ""-91.0"", ""label"": ""Not applicable""}, {""value"": ""-1.0"", ""label"": ""Don't know""}, {""value"": ""1.0"", ""label"": ""Most days""}, {""value"": ""2.0"", ""label"": ""More than once a week""}, {""value"": ""3.0"", ""label"": ""Once a week""}, {""value"": ""4.0"", ""label"": ""Less than once a week""}, {""value"": ""5.0"", ""label"": ""Hardly ever""}, {""value"": ""6.0"", ""label"": ""Never""}]"
333,W1chpreYP0a,Admin: Who else present during YP interview : No-one else in room,numeric,NOMINAL,-999.0 thru -1.0,"[{""value"": ""-99.0"", ""label"": ""YP not interviewed""}, {""value"": ""-92.0"", ""label"": ""Refused""}, {""value"": ""-91.0"", ""label"": ""Not applicable""}, {""value"": ""0.0"", ""label"": ""Not mentioned""}, {""value"": ""1.0"", ""label"": ""Mentioned""}]"
334,W1chpreYP0b,"Admin: Who else present during YP interview: Mother, step-mother, female guardian",numeric,NOMINAL,-999.0 thru -1.0,"[{""value"": ""-99.0"", ""label"": ""YP not interviewed""}, {""value"": ""-92.0"", ""label"": ""Refused""}, {""value"": ""-91.0"", ""label"": ""Not applicable""}, {""value"": ""0.0"", ""label"": ""Not mentioned""}, {""value"": ""1.0"", ""label"": ""Mentioned""}]"
335,W1chpreYP0c,"Admin: Who else present during YP interview: Father, step father, male guardian",numeric,NOMINAL,-999.0 thru -1.0,"[{""value"": ""-99.0"", ""label"": ""YP not interviewed""}, {""value"": ""-92.0"", ""label"": ""Refused""}, {""value"": ""-91.0"", ""label"": ""Not applicable""}, {""value"": ""0.0"", ""label"": ""Not mentioned""}, {""value"": ""1.0"", ""label"": ""Mentioned""}]"
336,W1chpreYP0d,"Admin: Who else present during YP interview: (Step-) Brother(s), Sister(s)",numeric,NOMINAL,-999.0 thru -1.0,"[{""value"": ""-99.0"", ""label"": ""YP not interviewed""}, {""value"": ""-92.0"", ""label"": ""Refused""}, {""value"": ""-91.0"", ""label"": ""Not applicable""}, {""value"": ""0.0"", ""label"": ""Not mentioned""}, {""value"": ""1.0"", ""label"": ""Mentioned""}]"
337,W1chpreYP0e,Admin: Who else present during YP interview: Other adult relative(s),numeric,NOMINAL,-999.0 thru -1.0,"[{""value"": ""-99.0"", ""label"": ""YP not interviewed""}, {""value"": ""-92.0"", ""label"": ""Refused""}, {""value"": ""-91.0"", ""label"": ""Not applicable""}, {""value"": ""0.0"", ""label"": ""Not mentioned""}, {""value"": ""1.0"", ""label"": ""Mentioned""}]"
338,W1chpreYP0f,Admin: Who else present during YP interview: Other child(ren) under 16,numeric,NOMINAL,-999.0 thru -1.0,"[{""value"": ""-99.0"", ""label"": ""YP not interviewed""}, {""value"": ""-92.0"", ""label"": ""Refused""}, {""value"": ""-91.0"", ""label"": ""Not applicable""}, {""value"": ""0.0"", ""label"": ""Not mentioned""}, {""value"": ""1.0"", ""label"": ""Mentioned""}]"
339,W1chpreYP0g,Admin: Who else present during YP interview: Other adult(s) including visitor,numeric,NOMINAL,-999.0 thru -1.0,"[{""value"": ""-99.0"", ""label"": ""YP not interviewed""}, {""value"": ""-92.0"", ""label"": ""Refused""}, {""value"": ""-91.0"", ""label"": ""Not applicable""}, {""value"": ""0.0"", ""label"": ""Not mentioned""}, {""value"": ""1.0"", ""label"": ""Mentioned""}]"
340,W1chpreYP0h,Admin: Who else present during YP interview: Other,numeric,NOMINAL,-999.0 thru -1.0,"[{""value"": ""-99.0"", ""label"": ""YP not interviewed""}, {""value"": ""-92.0"", ""label"": ""Refused""}, {""value"": ""-91.0"", ""label"": ""Not applicable""}, {""value"": ""0.0"", ""label"": ""Not mentioned""}, {""value"": ""1.0"", ""label"": ""Mentioned""}]"
341,W1LangHom1,DV: 1st language other than English spoken at home,numeric,NOMINAL,-999.0 thru -1.0,"[{""value"": ""-99.0"", ""label"": ""Young person not interviewed at wave 1""}, {""value"": ""-94.0"", ""label"": ""Insufficient information""}, {""value"": ""-91.0"", ""label"": ""Not applicable""}, {""value"": ""0.0"", ""label"": ""No further languages""}, {""value"": ""1.0"", ""label"": ""Afrikaans""}, {""value"": ""2.0"", ""label"": ""Akan""}, {""value"": ""3.0"", ""label"": ""Albania""}, {""value"": ""4.0"", ""label"": ""Amharic""}, {""value"": ""5.0"", ""label"": ""Arabic""}, {""value"": ""6.0"", ""label"": ""Armenian""}, {""value"": ""7.0"", ""label"": ""Azerbaijani""}, {""value"": ""8.0"", ""label"": ""Bangla, bengali, bangladeshi""}, {""value"": ""9.0"", ""label"": ""Bravanese""}, {""value"": ""10.0"", ""label"": ""Bulgarian""}, {""value"": ""11.0"", ""label"": ""Burmese""}, {""value"": ""12.0"", ""label"": ""Cantonese""}, {""value"": ""13.0"", ""label"": ""Caribbean""}, {""value"": ""14.0"", ""label"": ""Cebuano""}, {""value"": ""15.0"", ""label"": ""Chichewa""}, {""value"": ""16.0"", ""label"": ""Chinese""}, {""value"": ""17.0"", ""label"": ""Chinyanja""}, {""value"": ""18.0"", ""label"": ""Creole (english based)""}, {""value"": ""19.0"", ""label"": ""Creole (french based)""}, {""value"": ""20.0"", ""label"": ""Creole (origin not specified)""}, {""value"": ""21.0"", ""label"": ""Croat""}, {""value"": ""22.0"", ""label"": ""Czech""}, {""value"": ""23.0"", ""label"": ""Danish""}, {""value"": ""24.0"", ""label"": ""Dari""}, {""value"": ""25.0"", ""label"": ""Dutch""}, {""value"": ""26.0"", ""label"": ""Edo""}, {""value"": ""27.0"", ""label"": ""English""}, {""value"": ""28.0"", ""label"": ""Farsi""}, {""value"": ""29.0"", ""label"": ""Fijian""}, {""value"": ""30.0"", ""label"": ""Finnish""}, {""value"": ""31.0"", ""label"": ""French""}, {""value"": ""32.0"", ""label"": ""Fulla""}, {""value"": ""33.0"", ""label"": ""Ga""}, {""value"": ""34.0"", ""label"": ""Gaelic""}, {""value"": ""35.0"", ""label"": ""Georgian""}, {""value"": ""36.0"", ""label"": ""German""}, {""value"": ""37.0"", ""label"": ""Greek""}, {""value"": ""38.0"", ""label"": ""Gujerati""}, {""value"": ""39.0"", ""label"": ""Hausa""}, {""value"": ""40.0"", ""label"": ""Hebrew""}, {""value"": ""41.0"", ""label"": ""Hindi""}, {""value"": ""42.0"", ""label"": ""Hungarian""}, {""value"": ""43.0"", ""label"": ""Icelandic""}, {""value"": ""44.0"", ""label"": ""Igbo""}, {""value"": ""45.0"", ""label"": ""Indian""}, {""value"": ""46.0"", ""label"": ""Italian""}, {""value"": ""47.0"", ""label"": ""Japanese""}, {""value"": ""48.0"", ""label"": ""Kashmiri""}, {""value"": ""49.0"", ""label"": ""Konkani""}, {""value"": ""50.0"", ""label"": ""Korean""}, {""value"": ""51.0"", ""label"": ""Krio""}, {""value"": ""52.0"", ""label"": ""Kurdish""}, {""value"": ""53.0"", ""label"": ""Kurmanji""}, {""value"": ""54.0"", ""label"": ""Lao""}, {""value"": ""55.0"", ""label"": ""Latvian""}, {""value"": ""56.0"", ""label"": ""Lingala""}, {""value"": ""57.0"", ""label"": ""Lithuanian""}, {""value"": ""58.0"", ""label"": ""Luganda""}, {""value"": ""59.0"", ""label"": ""Luo""}, {""value"": ""60.0"", ""label"": ""Lusoga""}, {""value"": ""61.0"", ""label"": ""Macedonian""}, {""value"": ""62.0"", ""label"": ""Malay""}, {""value"": ""63.0"", ""label"": ""Malayalam""}, {""value"": ""64.0"", ""label"": ""Maltese""}, {""value"": ""65.0"", ""label"": ""Mandarin""}, {""value"": ""66.0"", ""label"": ""Marathi""}, {""value"": ""67.0"", ""label"": ""Memon""}, {""value"": ""68.0"", ""label"": ""Mirpuri""}, {""value"": ""69.0"", ""label"": ""Moldovan""}, {""value"": ""70.0"", ""label"": ""Mongolian""}, {""value"": ""71.0"", ""label"": ""Ndebele""}, {""value"": ""72.0"", ""label"": ""Nepali""}, {""value"": ""73.0"", ""label"": ""Norwegian""}, {""value"": ""74.0"", ""label"": ""Pakistani""}, {""value"": ""75.0"", ""label"": ""Pashto""}, {""value"": ""76.0"", ""label"": ""Polish""}, {""value"": ""77.0"", ""label"": ""Portugese""}, {""value"": ""78.0"", ""label"": ""Pothwari""}, {""value"": ""79.0"", ""label"": ""Punjabi""}, {""value"": ""80.0"", ""label"": ""Pushtu""}, {""value"": ""81.0"", ""label"": ""Romanian""}, {""value"": ""82.0"", ""label"": ""Russian""}, {""value"": ""83.0"", ""label"": ""Samoan""}, {""value"": ""84.0"", ""label"": ""Serbian""}, {""value"": ""85.0"", ""label"": ""Shona""}, {""value"": ""86.0"", ""label"": ""Sinhalese""}, {""value"": ""87.0"", ""label"": ""Slovak""}, {""value"": ""88.0"", ""label"": ""Slovenian""}, {""value"": ""89.0"", ""label"": ""Somali""}, {""value"": ""90.0"", ""label"": ""Spanish""}, {""value"": ""91.0"", ""label"": ""Swahili""}, {""value"": ""92.0"", ""label"": ""Swedish""}, {""value"": ""93.0"", ""label"": ""Sylheti""}, {""value"": ""94.0"", ""label"": ""Tagalog""}, {""value"": ""95.0"", ""label"": ""Taiwanese""}, {""value"": ""96.0"", ""label"": ""Tamil""}, {""value"": ""97.0"", ""label"": ""Telugu""}, {""value"": ""98.0"", ""label"": ""Temne""}, {""value"": ""99.0"", ""label"": ""Thai""}, {""value"": ""100.0"", ""label"": ""Tibetan""}, {""value"": ""101.0"", ""label"": ""Tigre""}, {""value"": ""102.0"", ""label"": ""Tigrinya""}, {""value"": ""103.0"", ""label"": ""Tongan""}, {""value"": ""104.0"", ""label"": ""Turkish""}, {""value"": ""105.0"", ""label"": ""Twi""}, {""value"": ""106.0"", ""label"": ""Ukranian""}, {""value"": ""107.0"", ""label"": ""Urdu""}, {""value"": ""108.0"", ""label"": ""Urhobo""}, {""value"": ""109.0"", ""label"": ""Uzbek""}, {""value"": ""110.0"", ""label"": ""Vietnamese""}, {""value"": ""111.0"", ""label"": ""Welsh""}, {""value"": ""112.0"", ""label"": ""Xhosa""}, {""value"": ""113.0"", ""label"": ""Yemeni""}, {""value"": ""114.0"", ""label"": ""Yiddish""}, {""value"": ""115.0"", ""label"": ""Yoruba""}, {""value"": ""116.0"", ""label"": ""Zulu""}, {""value"": ""117.0"", ""label"": ""Don't know""}, {""value"": ""118.0"", ""label"": ""Refused""}, {""value"": ""119.0"", ""label"": ""Other answers""}]"
342,W1LangHom2,DV: 2nd language other than English spoken at home,numeric,NOMINAL,-999.0 thru -1.0,"[{""value"": ""-99.0"", ""label"": ""Young person not interviewed at wave 1""}, {""value"": ""-94.0"", ""label"": ""Insufficient information""}, {""value"": ""-91.0"", ""label"": ""Not applicable""}, {""value"": ""0.0"", ""label"": ""No further languages""}, {""value"": ""1.0"", ""label"": ""Afrikaans""}, {""value"": ""2.0"", ""label"": ""Akan""}, {""value"": ""3.0"", ""label"": ""Albania""}, {""value"": ""4.0"", ""label"": ""Amharic""}, {""value"": ""5.0"", ""label"": ""Arabic""}, {""value"": ""6.0"", ""label"": ""Armenian""}, {""value"": ""7.0"", ""label"": ""Azerbaijani""}, {""value"": ""8.0"", ""label"": ""Bangla, bengali, bangladeshi""}, {""value"": ""9.0"", ""label"": ""Bravanese""}, {""value"": ""10.0"", ""label"": ""Bulgarian""}, {""value"": ""11.0"", ""label"": ""Burmese""}, {""value"": ""12.0"", ""label"": ""Cantonese""}, {""value"": ""13.0"", ""label"": ""Caribbean""}, {""value"": ""14.0"", ""label"": ""Cebuano""}, {""value"": ""15.0"", ""label"": ""Chichewa""}, {""value"": ""16.0"", ""label"": ""Chinese""}, {""value"": ""17.0"", ""label"": ""Chinyanja""}, {""value"": ""18.0"", ""label"": ""Creole (english based)""}, {""value"": ""19.0"", ""label"": ""Creole (french based)""}, {""value"": ""20.0"", ""label"": ""Creole (origin not specified)""}, {""value"": ""21.0"", ""label"": ""Croat""}, {""value"": ""22.0"", ""label"": ""Czech""}, {""value"": ""23.0"", ""label"": ""Danish""}, {""value"": ""24.0"", ""label"": ""Dari""}, {""value"": ""25.0"", ""label"": ""Dutch""}, {""value"": ""26.0"", ""label"": ""Edo""}, {""value"": ""27.0"", ""label"": ""English""}, {""value"": ""28.0"", ""label"": ""Farsi""}, {""value"": ""29.0"", ""label"": ""Fijian""}, {""value"": ""30.0"", ""label"": ""Finnish""}, {""value"": ""31.0"", ""label"": ""French""}, {""value"": ""32.0"", ""label"": ""Fulla""}, {""value"": ""33.0"", ""label"": ""Ga""}, {""value"": ""34.0"", ""label"": ""Gaelic""}, {""value"": ""35.0"", ""label"": ""Georgian""}, {""value"": ""36.0"", ""label"": ""German""}, {""value"": ""37.0"", ""label"": ""Greek""}, {""value"": ""38.0"", ""label"": ""Gujerati""}, {""value"": ""39.0"", ""label"": ""Hausa""}, {""value"": ""40.0"", ""label"": ""Hebrew""}, {""value"": ""41.0"", ""label"": ""Hindi""}, {""value"": ""42.0"", ""label"": ""Hungarian""}, {""value"": ""43.0"", ""label"": ""Icelandic""}, {""value"": ""44.0"", ""label"": ""Igbo""}, {""value"": ""45.0"", ""label"": ""Indian""}, {""value"": ""46.0"", ""label"": ""Italian""}, {""value"": ""47.0"", ""label"": ""Japanese""}, {""value"": ""48.0"", ""label"": ""Kashmiri""}, {""value"": ""49.0"", ""label"": ""Konkani""}, {""value"": ""50.0"", ""label"": ""Korean""}, {""value"": ""51.0"", ""label"": ""Krio""}, {""value"": ""52.0"", ""label"": ""Kurdish""}, {""value"": ""53.0"", ""label"": ""Kurmanji""}, {""value"": ""54.0"", ""label"": ""Lao""}, {""value"": ""55.0"", ""label"": ""Latvian""}, {""value"": ""56.0"", ""label"": ""Lingala""}, {""value"": ""57.0"", ""label"": ""Lithuanian""}, {""value"": ""58.0"", ""label"": ""Luganda""}, {""value"": ""59.0"", ""label"": ""Luo""}, {""value"": ""60.0"", ""label"": ""Lusoga""}, {""value"": ""61.0"", ""label"": ""Macedonian""}, {""value"": ""62.0"", ""label"": ""Malay""}, {""value"": ""63.0"", ""label"": ""Malayalam""}, {""value"": ""64.0"", ""label"": ""Maltese""}, {""value"": ""65.0"", ""label"": ""Mandarin""}, {""value"": ""66.0"", ""label"": ""Marathi""}, {""value"": ""67.0"", ""label"": ""Memon""}, {""value"": ""68.0"", ""label"": ""Mirpuri""}, {""value"": ""69.0"", ""label"": ""Moldovan""}, {""value"": ""70.0"", ""label"": ""Mongolian""}, {""value"": ""71.0"", ""label"": ""Ndebele""}, {""value"": ""72.0"", ""label"": ""Nepali""}, {""value"": ""73.0"", ""label"": ""Norwegian""}, {""value"": ""74.0"", ""label"": ""Pakistani""}, {""value"": ""75.0"", ""label"": ""Pashto""}, {""value"": ""76.0"", ""label"": ""Polish""}, {""value"": ""77.0"", ""label"": ""Portugese""}, {""value"": ""78.0"", ""label"": ""Pothwari""}, {""value"": ""79.0"", ""label"": ""Punjabi""}, {""value"": ""80.0"", ""label"": ""Pushtu""}, {""value"": ""81.0"", ""label"": ""Romanian""}, {""value"": ""82.0"", ""label"": ""Russian""}, {""value"": ""83.0"", ""label"": ""Samoan""}, {""value"": ""84.0"", ""label"": ""Serbian""}, {""value"": ""85.0"", ""label"": ""Shona""}, {""value"": ""86.0"", ""label"": ""Sinhalese""}, {""value"": ""87.0"", ""label"": ""Slovak""}, {""value"": ""88.0"", ""label"": ""Slovenian""}, {""value"": ""89.0"", ""label"": ""Somali""}, {""value"": ""90.0"", ""label"": ""Spanish""}, {""value"": ""91.0"", ""label"": ""Swahili""}, {""value"": ""92.0"", ""label"": ""Swedish""}, {""value"": ""93.0"", ""label"": ""Sylheti""}, {""value"": ""94.0"", ""label"": ""Tagalog""}, {""value"": ""95.0"", ""label"": ""Taiwanese""}, {""value"": ""96.0"", ""label"": ""Tamil""}, {""value"": ""97.0"", ""label"": ""Telugu""}, {""value"": ""98.0"", ""label"": ""Temne""}, {""value"": ""99.0"", ""label"": ""Thai""}, {""value"": ""100.0"", ""label"": ""Tibetan""}, {""value"": ""101.0"", ""label"": ""Tigre""}, {""value"": ""102.0"", ""label"": ""Tigrinya""}, {""value"": ""103.0"", ""label"": ""Tongan""}, {""value"": ""104.0"", ""label"": ""Turkish""}, {""value"": ""105.0"", ""label"": ""Twi""}, {""value"": ""106.0"", ""label"": ""Ukranian""}, {""value"": ""107.0"", ""label"": ""Urdu""}, {""value"": ""108.0"", ""label"": ""Urhobo""}, {""value"": ""109.0"", ""label"": ""Uzbek""}, {""value"": ""110.0"", ""label"": ""Vietnamese""}, {""value"": ""111.0"", ""label"": ""Welsh""}, {""value"": ""112.0"", ""label"": ""Xhosa""}, {""value"": ""113.0"", ""label"": ""Yemeni""}, {""value"": ""114.0"", ""label"": ""Yiddish""}, {""value"": ""115.0"", ""label"": ""Yoruba""}, {""value"": ""116.0"", ""label"": ""Zulu""}, {""value"": ""117.0"", ""label"": ""Don't know""}, {""value"": ""118.0"", ""label"": ""Refused""}, {""value"": ""119.0"", ""label"": ""Other answers""}]"
343,W1LangHom3,DV: 3rd language other than English spoken at home,numeric,NOMINAL,-999.0 thru -1.0,"[{""value"": ""-99.0"", ""label"": ""Young person not interviewed at wave 1""}, {""value"": ""-94.0"", ""label"": ""Insufficient information""}, {""value"": ""-91.0"", ""label"": ""Not applicable""}, {""value"": ""0.0"", ""label"": ""No further languages""}, {""value"": ""1.0"", ""label"": ""Afrikaans""}, {""value"": ""2.0"", ""label"": ""Akan""}, {""value"": ""3.0"", ""label"": ""Albania""}, {""value"": ""4.0"", ""label"": ""Amharic""}, {""value"": ""5.0"", ""label"": ""Arabic""}, {""value"": ""6.0"", ""label"": ""Armenian""}, {""value"": ""7.0"", ""label"": ""Azerbaijani""}, {""value"": ""8.0"", ""label"": ""Bangla, bengali, bangladeshi""}, {""value"": ""9.0"", ""label"": ""Bravanese""}, {""value"": ""10.0"", ""label"": ""Bulgarian""}, {""value"": ""11.0"", ""label"": ""Burmese""}, {""value"": ""12.0"", ""label"": ""Cantonese""}, {""value"": ""13.0"", ""label"": ""Caribbean""}, {""value"": ""14.0"", ""label"": ""Cebuano""}, {""value"": ""15.0"", ""label"": ""Chichewa""}, {""value"": ""16.0"", ""label"": ""Chinese""}, {""value"": ""17.0"", ""label"": ""Chinyanja""}, {""value"": ""18.0"", ""label"": ""Creole (english based)""}, {""value"": ""19.0"", ""label"": ""Creole (french based)""}, {""value"": ""20.0"", ""label"": ""Creole (origin not specified)""}, {""value"": ""21.0"", ""label"": ""Croat""}, {""value"": ""22.0"", ""label"": ""Czech""}, {""value"": ""23.0"", ""label"": ""Danish""}, {""value"": ""24.0"", ""label"": ""Dari""}, {""value"": ""25.0"", ""label"": ""Dutch""}, {""value"": ""26.0"", ""label"": ""Edo""}, {""value"": ""27.0"", ""label"": ""English""}, {""value"": ""28.0"", ""label"": ""Farsi""}, {""value"": ""29.0"", ""label"": ""Fijian""}, {""value"": ""30.0"", ""label"": ""Finnish""}, {""value"": ""31.0"", ""label"": ""French""}, {""value"": ""32.0"", ""label"": ""Fulla""}, {""value"": ""33.0"", ""label"": ""Ga""}, {""value"": ""34.0"", ""label"": ""Gaelic""}, {""value"": ""35.0"", ""label"": ""Georgian""}, {""value"": ""36.0"", ""label"": ""German""}, {""value"": ""37.0"", ""label"": ""Greek""}, {""value"": ""38.0"", ""label"": ""Gujerati""}, {""value"": ""39.0"", ""label"": ""Hausa""}, {""value"": ""40.0"", ""label"": ""Hebrew""}, {""value"": ""41.0"", ""label"": ""Hindi""}, {""value"": ""42.0"", ""label"": ""Hungarian""}, {""value"": ""43.0"", ""label"": ""Icelandic""}, {""value"": ""44.0"", ""label"": ""Igbo""}, {""value"": ""45.0"", ""label"": ""Indian""}, {""value"": ""46.0"", ""label"": ""Italian""}, {""value"": ""47.0"", ""label"": ""Japanese""}, {""value"": ""48.0"", ""label"": ""Kashmiri""}, {""value"": ""49.0"", ""label"": ""Konkani""}, {""value"": ""50.0"", ""label"": ""Korean""}, {""value"": ""51.0"", ""label"": ""Krio""}, {""value"": ""52.0"", ""label"": ""Kurdish""}, {""value"": ""53.0"", ""label"": ""Kurmanji""}, {""value"": ""54.0"", ""label"": ""Lao""}, {""value"": ""55.0"", ""label"": ""Latvian""}, {""value"": ""56.0"", ""label"": ""Lingala""}, {""value"": ""57.0"", ""label"": ""Lithuanian""}, {""value"": ""58.0"", ""label"": ""Luganda""}, {""value"": ""59.0"", ""label"": ""Luo""}, {""value"": ""60.0"", ""label"": ""Lusoga""}, {""value"": ""61.0"", ""label"": ""Macedonian""}, {""value"": ""62.0"", ""label"": ""Malay""}, {""value"": ""63.0"", ""label"": ""Malayalam""}, {""value"": ""64.0"", ""label"": ""Maltese""}, {""value"": ""65.0"", ""label"": ""Mandarin""}, {""value"": ""66.0"", ""label"": ""Marathi""}, {""value"": ""67.0"", ""label"": ""Memon""}, {""value"": ""68.0"", ""label"": ""Mirpuri""}, {""value"": ""69.0"", ""label"": ""Moldovan""}, {""value"": ""70.0"", ""label"": ""Mongolian""}, {""value"": ""71.0"", ""label"": ""Ndebele""}, {""value"": ""72.0"", ""label"": ""Nepali""}, {""value"": ""73.0"", ""label"": ""Norwegian""}, {""value"": ""74.0"", ""label"": ""Pakistani""}, {""value"": ""75.0"", ""label"": ""Pashto""}, {""value"": ""76.0"", ""label"": ""Polish""}, {""value"": ""77.0"", ""label"": ""Portugese""}, {""value"": ""78.0"", ""label"": ""Pothwari""}, {""value"": ""79.0"", ""label"": ""Punjabi""}, {""value"": ""80.0"", ""label"": ""Pushtu""}, {""value"": ""81.0"", ""label"": ""Romanian""}, {""value"": ""82.0"", ""label"": ""Russian""}, {""value"": ""83.0"", ""label"": ""Samoan""}, {""value"": ""84.0"", ""label"": ""Serbian""}, {""value"": ""85.0"", ""label"": ""Shona""}, {""value"": ""86.0"", ""label"": ""Sinhalese""}, {""value"": ""87.0"", ""label"": ""Slovak""}, {""value"": ""88.0"", ""label"": ""Slovenian""}, {""value"": ""89.0"", ""label"": ""Somali""}, {""value"": ""90.0"", ""label"": ""Spanish""}, {""value"": ""91.0"", ""label"": ""Swahili""}, {""value"": ""92.0"", ""label"": ""Swedish""}, {""value"": ""93.0"", ""label"": ""Sylheti""}, {""value"": ""94.0"", ""label"": ""Tagalog""}, {""value"": ""95.0"", ""label"": ""Taiwanese""}, {""value"": ""96.0"", ""label"": ""Tamil""}, {""value"": ""97.0"", ""label"": ""Telugu""}, {""value"": ""98.0"", ""label"": ""Temne""}, {""value"": ""99.0"", ""label"": ""Thai""}, {""value"": ""100.0"", ""label"": ""Tibetan""}, {""value"": ""101.0"", ""label"": ""Tigre""}, {""value"": ""102.0"", ""label"": ""Tigrinya""}, {""value"": ""103.0"", ""label"": ""Tongan""}, {""value"": ""104.0"", ""label"": ""Turkish""}, {""value"": ""105.0"", ""label"": ""Twi""}, {""value"": ""106.0"", ""label"": ""Ukranian""}, {""value"": ""107.0"", ""label"": ""Urdu""}, {""value"": ""108.0"", ""label"": ""Urhobo""}, {""value"": ""109.0"", ""label"": ""Uzbek""}, {""value"": ""110.0"", ""label"": ""Vietnamese""}, {""value"": ""111.0"", ""label"": ""Welsh""}, {""value"": ""112.0"", ""label"": ""Xhosa""}, {""value"": ""113.0"", ""label"": ""Yemeni""}, {""value"": ""114.0"", ""label"": ""Yiddish""}, {""value"": ""115.0"", ""label"": ""Yoruba""}, {""value"": ""116.0"", ""label"": ""Zulu""}, {""value"": ""117.0"", ""label"": ""Don't know""}, {""value"": ""118.0"", ""label"": ""Refused""}, {""value"": ""119.0"", ""label"": ""Other answers""}]"
344,W1bulrc,DV: Whether YP bullied in any way in last 12 months,numeric,SCALE,-999.0 thru -1.0,"[{""value"": ""-99.0"", ""label"": ""YP not interviewed""}, {""value"": ""-97.0"", ""label"": ""YP refused CASI section""}, {""value"": ""-96.0"", ""label"": ""YP unable to complete CASI section""}, {""value"": ""-92.0"", ""label"": ""Refused""}, {""value"": ""-1.0"", ""label"": ""Don't know""}, {""value"": ""1.0"", ""label"": ""Yes""}, {""value"": ""2.0"", ""label"": ""No""}]"
345,W1pbulrc,DV: Whether YP bullied in some way in last 12 months (parental report),numeric,SCALE,-999.0 thru -1.0,"[{""value"": ""-99.0"", ""label"": ""MP not interviewed""}, {""value"": ""-97.0"", ""label"": ""MP refused CASI section""}, {""value"": ""-96.0"", ""label"": ""MP unable to complete CASI section""}, {""value"": ""-92.0"", ""label"": ""Refused""}, {""value"": ""-1.0"", ""label"": ""Don't know""}, {""value"": ""1.0"", ""label"": ""Yes""}, {""value"": ""2.0"", ""label"": ""No""}]"
346,W1yschat1,DV: Young person's attitude to school (additive),numeric,SCALE,-999.0 thru -1.0,"[{""value"": ""-99.0"", ""label"": ""YP not interviewed""}, {""value"": ""-97.0"", ""label"": ""YP refused CASI section""}, {""value"": ""-96.0"", ""label"": ""YP unable to complete CASI section""}, {""value"": ""-92.0"", ""label"": ""Refused""}, {""value"": ""-1.0"", ""label"": ""Don't know""}]"
347,W1risk,DV: Number of risk factors young person has experienced,numeric,SCALE,-999.0 thru -1.0,"[{""value"": ""-99.0"", ""label"": ""YP not interviewed""}, {""value"": ""-97.0"", ""label"": ""YP refused CASI section""}, {""value"": ""-96.0"", ""label"": ""YP unable to complete CASI section""}, {""value"": ""-92.0"", ""label"": ""Refused""}, {""value"": ""-1.0"", ""label"": ""Don't know""}]"
348,W1disabYP,DV: Whether young person has a disability/long term illness or health problem,numeric,SCALE,-999.0 thru -1.0,"[{""value"": ""-995.0"", ""label"": ""Missing history section data - unexplained""}, {""value"": ""-99.0"", ""label"": ""History respondent not interviewed""}, {""value"": ""-98.0"", ""label"": ""History respondent not identified""}, {""value"": ""-97.0"", ""label"": ""History respondent misidentified""}, {""value"": ""-94.0"", ""label"": ""Insufficient information""}, {""value"": ""-92.0"", ""label"": ""Refused""}, {""value"": ""-91.0"", ""label"": ""Not applicable""}, {""value"": ""-1.0"", ""label"": ""Don't know""}, {""value"": ""1.0"", ""label"": ""Has disability and schooling affected""}, {""value"": ""2.0"", ""label"": ""Has disability, but schooling not affected""}, {""value"": ""3.0"", ""label"": ""No disabilty or longstanding illness""}]"
349,W1ethgrpYP,DV: Young person's ethnic group (grouped),numeric,NOMINAL,-999.0 thru -1.0,"[{""value"": ""-999.0"", ""label"": ""Missing - household data lost""}, {""value"": ""-94.0"", ""label"": ""Insufficient information""}, {""value"": ""-92.0"", ""label"": ""Refused""}, {""value"": ""-91.0"", ""label"": ""Not applicable""}, {""value"": ""-1.0"", ""label"": ""Don't know""}, {""value"": ""1.0"", ""label"": ""White""}, {""value"": ""2.0"", ""label"": ""Mixed""}, {""value"": ""3.0"", ""label"": ""Indian""}, {""value"": ""4.0"", ""label"": ""Pakistani""}, {""value"": ""5.0"", ""label"": ""Bangladeshi""}, {""value"": ""6.0"", ""label"": ""Black Caribbean""}, {""value"": ""7.0"", ""label"": ""Black African""}, {""value"": ""8.0"", ""label"": ""Other""}]"
350,W1ethnic2YP,DV: Young person's ethnic group (detailed),numeric,NOMINAL,-999.0 thru -1.0,"[{""value"": ""-999.0"", ""label"": ""Missing - household data lost""}, {""value"": ""-94.0"", ""label"": ""Insufficient information""}, {""value"": ""-92.0"", ""label"": ""Refused""}, {""value"": ""-91.0"", ""label"": ""Not applicable""}, {""value"": ""-1.0"", ""label"": ""Don't know""}, {""value"": ""1.0"", ""label"": ""White - British""}, {""value"": ""2.0"", ""label"": ""White - Irish""}, {""value"": ""3.0"", ""label"": ""Any other White background""}, {""value"": ""4.0"", ""label"": ""Mixed - White and Black Caribbean""}, {""value"": ""5.0"", ""label"": ""Mixed - White and Black African""}, {""value"": ""6.0"", ""label"": ""Mixed - White and Asian""}, {""value"": ""7.0"", ""label"": ""Any other mixed background""}, {""value"": ""8.0"", ""label"": ""Indian""}, {""value"": ""9.0"", ""label"": ""Pakistani""}, {""value"": ""10.0"", ""label"": ""Bangladeshi""}, {""value"": ""11.0"", ""label"": ""Any other Asian background""}, {""value"": ""12.0"", ""label"": ""Black Caribbean""}, {""value"": ""13.0"", ""label"": ""Black African""}, {""value"": ""14.0"", ""label"": ""Any other Black background""}, {""value"": ""15.0"", ""label"": ""Chinese""}, {""value"": ""16.0"", ""label"": ""Any other ethnic background""}]"
