pos,variable,variable_label,variable_type,measurement_level,spss_user_missing_values,value_labels_json
1,NSID,NSID - cohort member identifier,NA,NA,NA,[]
2,Designweight,Weight: Design weight,numeric,SCALE,-999.0 thru -1.0,[]
3,SampPSU,Sampling: School (primary sampling unit),numeric,SCALE,-999.0 thru -1.0,[]
4,SampStratum,Sampling: Stratum,numeric,SCALE,-999.0 thru -1.0,[]
5,IndSchool,DV: Whether YP was at an independent or maintained school at sampling stage,numeric,SCALE,-999.0 thru -1.0,"[{""value"": ""0.0"", ""label"": ""Maintained""}, {""value"": ""1.0"", ""label"": ""Independent""}]"
6,W1FinWt,Weight: Design weight * NR weights (trimmed for independent schools),numeric,SCALE,-999.0 thru -1.0,[]
7,w1intmonthMP,Admin: MP month of interview,numeric,SCALE,-999.0 thru -1.0,"[{""value"": ""1.0"", ""label"": ""January""}, {""value"": ""2.0"", ""label"": ""February""}, {""value"": ""3.0"", ""label"": ""March""}, {""value"": ""4.0"", ""label"": ""April""}, {""value"": ""5.0"", ""label"": ""May""}, {""value"": ""6.0"", ""label"": ""June""}, {""value"": ""7.0"", ""label"": ""July""}, {""value"": ""8.0"", ""label"": ""August""}, {""value"": ""9.0"", ""label"": ""September""}, {""value"": ""10.0"", ""label"": ""October""}, {""value"": ""11.0"", ""label"": ""November""}, {""value"": ""12.0"", ""label"": ""December""}]"
8,w1intyearMP,Admin: MP year of interview,numeric,SCALE,-999.0 thru -1.0,[]
9,w1intmonthSP,Admin: SP month of interview,numeric,SCALE,-999.0 thru -1.0,"[{""value"": ""1.0"", ""label"": ""January""}, {""value"": ""2.0"", ""label"": ""February""}, {""value"": ""3.0"", ""label"": ""March""}, {""value"": ""4.0"", ""label"": ""April""}, {""value"": ""5.0"", ""label"": ""May""}, {""value"": ""6.0"", ""label"": ""June""}, {""value"": ""7.0"", ""label"": ""July""}, {""value"": ""8.0"", ""label"": ""August""}, {""value"": ""9.0"", ""label"": ""September""}, {""value"": ""10.0"", ""label"": ""October""}, {""value"": ""11.0"", ""label"": ""November""}, {""value"": ""12.0"", ""label"": ""December""}]"
10,w1intyearSP,Admin: SP year of interview,numeric,SCALE,-999.0 thru -1.0,[]
11,W1mainres,Admin: Person number of main parent,numeric,NOMINAL,-999.0 thru -1.0,"[{""value"": ""-999.0"", ""label"": ""Household grid missing""}, {""value"": ""-998.0"", ""label"": ""Interviewer missed question""}, {""value"": ""-92.0"", ""label"": ""Refused""}, {""value"": ""-91.0"", ""label"": ""Not applicable""}, {""value"": ""15.0"", ""label"": ""Non-household member""}]"
12,W1kidskolMP,MP: Overall quality of YP's school,numeric,ORDINAL,-999.0 thru -1.0,"[{""value"": ""-99.0"", ""label"": ""MP not interviewed""}, {""value"": ""-92.0"", ""label"": ""Refused""}, {""value"": ""-91.0"", ""label"": ""Not applicable""}, {""value"": ""1.0"", ""label"": ""Very good""}, {""value"": ""2.0"", ""label"": ""Fairly good""}, {""value"": ""3.0"", ""label"": ""Neither good nor bad""}, {""value"": ""4.0"", ""label"": ""Fairly bad""}, {""value"": ""5.0"", ""label"": ""Very bad""}, {""value"": ""6.0"", ""label"": ""Can't say (ONLY IF MENTIONED SPONTANEOUSLY)""}]"
13,W1qualprgMP,MP: Satisfaction with: YP's school progress in general,numeric,ORDINAL,-999.0 thru -1.0,"[{""value"": ""-99.0"", ""label"": ""MP not interviewed""}, {""value"": ""-92.0"", ""label"": ""Refused""}, {""value"": ""-91.0"", ""label"": ""Not applicable""}, {""value"": ""1.0"", ""label"": ""Very satisfied""}, {""value"": ""2.0"", ""label"": ""Fairly satisfied""}, {""value"": ""3.0"", ""label"": ""Fairly dissatisfied""}, {""value"": ""4.0"", ""label"": ""Very dissatisfied""}, {""value"": ""5.0"", ""label"": ""Can't say""}]"
14,W1qualdecMP,MP: Satisfaction with: the subjects YP has on offer at the school,numeric,ORDINAL,-999.0 thru -1.0,"[{""value"": ""-99.0"", ""label"": ""MP not interviewed""}, {""value"": ""-92.0"", ""label"": ""Refused""}, {""value"": ""-91.0"", ""label"": ""Not applicable""}, {""value"": ""1.0"", ""label"": ""Very satisfied""}, {""value"": ""2.0"", ""label"": ""Fairly satisfied""}, {""value"": ""3.0"", ""label"": ""Fairly dissatisfied""}, {""value"": ""4.0"", ""label"": ""Very dissatisfied""}, {""value"": ""5.0"", ""label"": ""Can't say""}]"
15,W1qualintMP,MP: Satisfaction with: how much interest the teachers show in YP,numeric,ORDINAL,-999.0 thru -1.0,"[{""value"": ""-99.0"", ""label"": ""MP not interviewed""}, {""value"": ""-92.0"", ""label"": ""Refused""}, {""value"": ""-91.0"", ""label"": ""Not applicable""}, {""value"": ""1.0"", ""label"": ""Very satisfied""}, {""value"": ""2.0"", ""label"": ""Fairly satisfied""}, {""value"": ""3.0"", ""label"": ""Fairly dissatisfied""}, {""value"": ""4.0"", ""label"": ""Very dissatisfied""}, {""value"": ""5.0"", ""label"": ""Can't say""}]"
16,W1qualdisMP,MP: Satisfaction with: discipline at YP's school,numeric,ORDINAL,-999.0 thru -1.0,"[{""value"": ""-99.0"", ""label"": ""MP not interviewed""}, {""value"": ""-92.0"", ""label"": ""Refused""}, {""value"": ""-91.0"", ""label"": ""Not applicable""}, {""value"": ""1.0"", ""label"": ""Very satisfied""}, {""value"": ""2.0"", ""label"": ""Fairly satisfied""}, {""value"": ""3.0"", ""label"": ""Fairly dissatisfied""}, {""value"": ""4.0"", ""label"": ""Very dissatisfied""}, {""value"": ""5.0"", ""label"": ""Can't say""}]"
17,W1qualrelMP,MP: Satisfaction with: how well YP gets on with the other young people at the school,numeric,ORDINAL,-999.0 thru -1.0,"[{""value"": ""-99.0"", ""label"": ""MP not interviewed""}, {""value"": ""-92.0"", ""label"": ""Refused""}, {""value"": ""-91.0"", ""label"": ""Not applicable""}, {""value"": ""1.0"", ""label"": ""Very satisfied""}, {""value"": ""2.0"", ""label"": ""Fairly satisfied""}, {""value"": ""3.0"", ""label"": ""Fairly dissatisfied""}, {""value"": ""4.0"", ""label"": ""Very dissatisfied""}, {""value"": ""5.0"", ""label"": ""Can't say""}]"
18,W1pareveMP,MP: Whether self or partner have been to any parents' evenings or similar events at school,numeric,NOMINAL,-999.0 thru -1.0,"[{""value"": ""-99.0"", ""label"": ""MP not interviewed""}, {""value"": ""-92.0"", ""label"": ""Refused""}, {""value"": ""-91.0"", ""label"": ""Not applicable""}, {""value"": ""-1.0"", ""label"": ""Don't know""}, {""value"": ""1.0"", ""label"": ""Yes - respondent and partner/ husband/ wife have gone""}, {""value"": ""2.0"", ""label"": ""Yes - respondent went alone""}, {""value"": ""3.0"", ""label"": ""Yes - respondent's partner/ husband/ wife went alone""}, {""value"": ""4.0"", ""label"": ""No - nobody has been""}]"
19,W1tmeetfMP,MP: Whether had any specially arranged meetings with teachers about YP's schooling,numeric,NOMINAL,-999.0 thru -1.0,"[{""value"": ""-99.0"", ""label"": ""MP not interviewed""}, {""value"": ""-92.0"", ""label"": ""Refused""}, {""value"": ""-91.0"", ""label"": ""Not applicable""}, {""value"": ""-1.0"", ""label"": ""Don't know""}, {""value"": ""1.0"", ""label"": ""Yes""}, {""value"": ""2.0"", ""label"": ""No""}]"
20,W1tspeakMP,MP: How often speak to YP's teachers about schooling,numeric,ORDINAL,-999.0 thru -1.0,"[{""value"": ""-99.0"", ""label"": ""MP not interviewed""}, {""value"": ""-92.0"", ""label"": ""Refused""}, {""value"": ""-91.0"", ""label"": ""Not applicable""}, {""value"": ""-1.0"", ""label"": ""Don't know""}, {""value"": ""1.0"", ""label"": ""At least once a week""}, {""value"": ""2.0"", ""label"": ""Every two or three weeks""}, {""value"": ""3.0"", ""label"": ""At least once a term""}, {""value"": ""4.0"", ""label"": ""Less often than once a term""}, {""value"": ""5.0"", ""label"": ""Never""}]"
21,W1schlifMP,MP: How involved does MP personally feel in YP's school life,numeric,ORDINAL,-999.0 thru -1.0,"[{""value"": ""-99.0"", ""label"": ""MP not interviewed""}, {""value"": ""-92.0"", ""label"": ""Refused""}, {""value"": ""-91.0"", ""label"": ""Not applicable""}, {""value"": ""-1.0"", ""label"": ""Don't know""}, {""value"": ""1.0"", ""label"": ""Very involved""}, {""value"": ""2.0"", ""label"": ""Fairly involved""}, {""value"": ""3.0"", ""label"": ""Not very involved""}, {""value"": ""4.0"", ""label"": ""or Not at all involved?""}]"
22,W1repred1MP,MP: Whether MP ever talks about YP's school reports with them,numeric,NOMINAL,-999.0 thru -1.0,"[{""value"": ""-99.0"", ""label"": ""MP not interviewed""}, {""value"": ""-92.0"", ""label"": ""Refused""}, {""value"": ""-91.0"", ""label"": ""Not applicable""}, {""value"": ""-1.0"", ""label"": ""Don't know""}, {""value"": ""1.0"", ""label"": ""Yes""}, {""value"": ""2.0"", ""label"": ""No""}, {""value"": ""3.0"", ""label"": ""Only if it's bad (DO NOT READ OUT)""}]"
23,W1repred2MP,MP: Frequency of MP talking to YP about report,numeric,ORDINAL,-999.0 thru -1.0,"[{""value"": ""-99.0"", ""label"": ""MP not interviewed""}, {""value"": ""-92.0"", ""label"": ""Refused""}, {""value"": ""-91.0"", ""label"": ""Not applicable""}, {""value"": ""-1.0"", ""label"": ""Don't know""}, {""value"": ""1.0"", ""label"": ""Every time a report comes""}, {""value"": ""2.0"", ""label"": ""Most times""}, {""value"": ""3.0"", ""label"": ""About half""}, {""value"": ""4.0"", ""label"": ""Less than half""}, {""value"": ""5.0"", ""label"": ""Hardly ever""}]"
24,W1schactMP0a,MP: Activities they or partner get involved in: Help out in class,numeric,NOMINAL,-999.0 thru -1.0,"[{""value"": ""-99.0"", ""label"": ""MP not interviewed""}, {""value"": ""-92.0"", ""label"": ""Refused""}, {""value"": ""-91.0"", ""label"": ""Not applicable""}, {""value"": ""0.0"", ""label"": ""Not mentioned""}, {""value"": ""1.0"", ""label"": ""Mentioned""}]"
25,W1schactMP0b,"MP: Activities they or partner get involved in: Help out else where eg. library, school trips, dinner duty",numeric,NOMINAL,-999.0 thru -1.0,"[{""value"": ""-99.0"", ""label"": ""MP not interviewed""}, {""value"": ""-92.0"", ""label"": ""Refused""}, {""value"": ""-91.0"", ""label"": ""Not applicable""}, {""value"": ""0.0"", ""label"": ""Not mentioned""}, {""value"": ""1.0"", ""label"": ""Mentioned""}]"
26,W1schactMP0c,MP: Activities they or partner get involved in: Help out with fundraising activities,numeric,NOMINAL,-999.0 thru -1.0,"[{""value"": ""-99.0"", ""label"": ""MP not interviewed""}, {""value"": ""-92.0"", ""label"": ""Refused""}, {""value"": ""-91.0"", ""label"": ""Not applicable""}, {""value"": ""0.0"", ""label"": ""Not mentioned""}, {""value"": ""1.0"", ""label"": ""Mentioned""}]"
27,W1schactMP0d,"MP: Activities they or partner get involved in: Help out with special interest groups like sports, drama",numeric,NOMINAL,-999.0 thru -1.0,"[{""value"": ""-99.0"", ""label"": ""MP not interviewed""}, {""value"": ""-92.0"", ""label"": ""Refused""}, {""value"": ""-91.0"", ""label"": ""Not applicable""}, {""value"": ""0.0"", ""label"": ""Not mentioned""}, {""value"": ""1.0"", ""label"": ""Mentioned""}]"
28,W1schactMP0e,MP: Activities they or partner get involved in: Get involved in parents and teachers associations,numeric,NOMINAL,-999.0 thru -1.0,"[{""value"": ""-99.0"", ""label"": ""MP not interviewed""}, {""value"": ""-92.0"", ""label"": ""Refused""}, {""value"": ""-91.0"", ""label"": ""Not applicable""}, {""value"": ""0.0"", ""label"": ""Not mentioned""}, {""value"": ""1.0"", ""label"": ""Mentioned""}]"
29,W1schactMP0f,MP: Activities they or partner get involved in: Help with teacher assessments,numeric,NOMINAL,-999.0 thru -1.0,"[{""value"": ""-99.0"", ""label"": ""MP not interviewed""}, {""value"": ""-92.0"", ""label"": ""Refused""}, {""value"": ""-91.0"", ""label"": ""Not applicable""}, {""value"": ""0.0"", ""label"": ""Not mentioned""}, {""value"": ""1.0"", ""label"": ""Mentioned""}]"
30,W1schactMP0g,"MP: Activities they or partner get involved in: School, parent governor",numeric,NOMINAL,-999.0 thru -1.0,"[{""value"": ""-99.0"", ""label"": ""MP not interviewed""}, {""value"": ""-92.0"", ""label"": ""Refused""}, {""value"": ""-91.0"", ""label"": ""Not applicable""}, {""value"": ""0.0"", ""label"": ""Not mentioned""}, {""value"": ""1.0"", ""label"": ""Mentioned""}]"
31,W1schactMP0h,MP: Activities they or partner get involved in: Hosted an exchange student,numeric,NOMINAL,-999.0 thru -1.0,"[{""value"": ""-99.0"", ""label"": ""MP not interviewed""}, {""value"": ""-92.0"", ""label"": ""Refused""}, {""value"": ""-91.0"", ""label"": ""Not applicable""}, {""value"": ""0.0"", ""label"": ""Not mentioned""}, {""value"": ""1.0"", ""label"": ""Mentioned""}]"
32,W1schactMP0i,"MP: Activities they or partner get involved in: Donations, financial support to school",numeric,NOMINAL,-999.0 thru -1.0,"[{""value"": ""-99.0"", ""label"": ""MP not interviewed""}, {""value"": ""-92.0"", ""label"": ""Refused""}, {""value"": ""-91.0"", ""label"": ""Not applicable""}, {""value"": ""0.0"", ""label"": ""Not mentioned""}, {""value"": ""1.0"", ""label"": ""Mentioned""}]"
33,W1schactMP0j,MP: Activities they or partner get involved in: Employed at school,numeric,NOMINAL,-999.0 thru -1.0,"[{""value"": ""-99.0"", ""label"": ""MP not interviewed""}, {""value"": ""-92.0"", ""label"": ""Refused""}, {""value"": ""-91.0"", ""label"": ""Not applicable""}, {""value"": ""0.0"", ""label"": ""Not mentioned""}, {""value"": ""1.0"", ""label"": ""Mentioned""}]"
34,W1schactMP0k,MP: Activities they or partner get involved in: Attend events at school,numeric,NOMINAL,-999.0 thru -1.0,"[{""value"": ""-99.0"", ""label"": ""MP not interviewed""}, {""value"": ""-92.0"", ""label"": ""Refused""}, {""value"": ""-91.0"", ""label"": ""Not applicable""}, {""value"": ""0.0"", ""label"": ""Not mentioned""}, {""value"": ""1.0"", ""label"": ""Mentioned""}]"
35,W1schactMP0l,MP: Activities they or partner get involved in: Other answers,numeric,NOMINAL,-999.0 thru -1.0,"[{""value"": ""-99.0"", ""label"": ""MP not interviewed""}, {""value"": ""-92.0"", ""label"": ""Refused""}, {""value"": ""-91.0"", ""label"": ""Not applicable""}, {""value"": ""0.0"", ""label"": ""Not mentioned""}, {""value"": ""1.0"", ""label"": ""Mentioned""}]"
36,W1schactMP0m,MP: Activities they or partner get involved in: No answer,numeric,NOMINAL,-999.0 thru -1.0,"[{""value"": ""-99.0"", ""label"": ""MP not interviewed""}, {""value"": ""-92.0"", ""label"": ""Refused""}, {""value"": ""-91.0"", ""label"": ""Not applicable""}, {""value"": ""0.0"", ""label"": ""Not mentioned""}, {""value"": ""1.0"", ""label"": ""Mentioned""}]"
37,W1teawelMP,MP: Agreement with statement: I find it easy to deal with the people at YP's school,numeric,ORDINAL,-999.0 thru -1.0,"[{""value"": ""-99.0"", ""label"": ""MP not interviewed""}, {""value"": ""-92.0"", ""label"": ""Refused""}, {""value"": ""-91.0"", ""label"": ""Not applicable""}, {""value"": ""-1.0"", ""label"": ""Don't know""}, {""value"": ""1.0"", ""label"": ""Agree strongly""}, {""value"": ""2.0"", ""label"": ""Agree a little""}, {""value"": ""3.0"", ""label"": ""Disagree a little""}, {""value"": ""4.0"", ""label"": ""Disagree strongly""}]"
38,W1teacleaMP,MP: Agreement with statement: YP's school gives me clear information on how YP is getting on,numeric,ORDINAL,-999.0 thru -1.0,"[{""value"": ""-99.0"", ""label"": ""MP not interviewed""}, {""value"": ""-92.0"", ""label"": ""Refused""}, {""value"": ""-91.0"", ""label"": ""Not applicable""}, {""value"": ""-1.0"", ""label"": ""Don't know""}, {""value"": ""1.0"", ""label"": ""Agree strongly""}, {""value"": ""2.0"", ""label"": ""Agree a little""}, {""value"": ""3.0"", ""label"": ""Disagree a little""}, {""value"": ""4.0"", ""label"": ""Disagree strongly""}]"
39,W1teainvMP,MP: Agreement with statement: YP's school makes it easy for me to get involved in YP's education,numeric,ORDINAL,-999.0 thru -1.0,"[{""value"": ""-99.0"", ""label"": ""MP not interviewed""}, {""value"": ""-92.0"", ""label"": ""Refused""}, {""value"": ""-91.0"", ""label"": ""Not applicable""}, {""value"": ""-1.0"", ""label"": ""Don't know""}, {""value"": ""1.0"", ""label"": ""Agree strongly""}, {""value"": ""2.0"", ""label"": ""Agree a little""}, {""value"": ""3.0"", ""label"": ""Disagree a little""}, {""value"": ""4.0"", ""label"": ""Disagree strongly""}]"
40,W1teachelMP,MP: Agreement with statement: I know all I need to know about how I can help with YP's education,numeric,ORDINAL,-999.0 thru -1.0,"[{""value"": ""-99.0"", ""label"": ""MP not interviewed""}, {""value"": ""-92.0"", ""label"": ""Refused""}, {""value"": ""-91.0"", ""label"": ""Not applicable""}, {""value"": ""-1.0"", ""label"": ""Don't know""}, {""value"": ""1.0"", ""label"": ""Agree strongly""}, {""value"": ""2.0"", ""label"": ""Agree a little""}, {""value"": ""3.0"", ""label"": ""Disagree a little""}, {""value"": ""4.0"", ""label"": ""Disagree strongly""}]"
41,W1extrtu1MP,MP: Whether in the last twelve months MP has paid for private classes in subjects also taught at YP's school,numeric,NOMINAL,-999.0 thru -1.0,"[{""value"": ""-99.0"", ""label"": ""MP not interviewed""}, {""value"": ""-92.0"", ""label"": ""Refused""}, {""value"": ""-91.0"", ""label"": ""Not applicable""}, {""value"": ""-1.0"", ""label"": ""Don't know""}, {""value"": ""1.0"", ""label"": ""Yes""}, {""value"": ""2.0"", ""label"": ""No""}]"
42,W1extrtu2MP0a,MP: Subjects paid for additional private lessons in: Maths,numeric,NOMINAL,-999.0 thru -1.0,"[{""value"": ""-99.0"", ""label"": ""MP not interviewed""}, {""value"": ""-92.0"", ""label"": ""Refused""}, {""value"": ""-91.0"", ""label"": ""Not applicable""}, {""value"": ""0.0"", ""label"": ""Not mentioned""}, {""value"": ""1.0"", ""label"": ""Mentioned""}]"
43,W1extrtu2MP0b,MP: Subjects paid for additional private lessons in: English,numeric,NOMINAL,-999.0 thru -1.0,"[{""value"": ""-99.0"", ""label"": ""MP not interviewed""}, {""value"": ""-92.0"", ""label"": ""Refused""}, {""value"": ""-91.0"", ""label"": ""Not applicable""}, {""value"": ""0.0"", ""label"": ""Not mentioned""}, {""value"": ""1.0"", ""label"": ""Mentioned""}]"
44,W1extrtu2MP0c,MP: Subjects paid for additional private lessons in: Languages,numeric,NOMINAL,-999.0 thru -1.0,"[{""value"": ""-99.0"", ""label"": ""MP not interviewed""}, {""value"": ""-92.0"", ""label"": ""Refused""}, {""value"": ""-91.0"", ""label"": ""Not applicable""}, {""value"": ""0.0"", ""label"": ""Not mentioned""}, {""value"": ""1.0"", ""label"": ""Mentioned""}]"
45,W1extrtu2MP0d,MP: Subjects paid for additional private lessons in: Science,numeric,NOMINAL,-999.0 thru -1.0,"[{""value"": ""-99.0"", ""label"": ""MP not interviewed""}, {""value"": ""-92.0"", ""label"": ""Refused""}, {""value"": ""-91.0"", ""label"": ""Not applicable""}, {""value"": ""0.0"", ""label"": ""Not mentioned""}, {""value"": ""1.0"", ""label"": ""Mentioned""}]"
46,W1extrtu2MP0e,MP: Subjects paid for additional private lessons in: Sports,numeric,NOMINAL,-999.0 thru -1.0,"[{""value"": ""-99.0"", ""label"": ""MP not interviewed""}, {""value"": ""-92.0"", ""label"": ""Refused""}, {""value"": ""-91.0"", ""label"": ""Not applicable""}, {""value"": ""0.0"", ""label"": ""Not mentioned""}, {""value"": ""1.0"", ""label"": ""Mentioned""}]"
47,W1extrtu2MP0f,MP: Subjects paid for additional private lessons in: Music,numeric,NOMINAL,-999.0 thru -1.0,"[{""value"": ""-99.0"", ""label"": ""MP not interviewed""}, {""value"": ""-92.0"", ""label"": ""Refused""}, {""value"": ""-91.0"", ""label"": ""Not applicable""}, {""value"": ""0.0"", ""label"": ""Not mentioned""}, {""value"": ""1.0"", ""label"": ""Mentioned""}]"
48,W1extrtu2MP0g,MP: Subjects paid for additional private lessons in: Drama,numeric,NOMINAL,-999.0 thru -1.0,"[{""value"": ""-99.0"", ""label"": ""MP not interviewed""}, {""value"": ""-92.0"", ""label"": ""Refused""}, {""value"": ""-91.0"", ""label"": ""Not applicable""}, {""value"": ""0.0"", ""label"": ""Not mentioned""}, {""value"": ""1.0"", ""label"": ""Mentioned""}]"
49,W1extrtu2MP0h,MP: Subjects paid for additional private lessons in: Dance,numeric,NOMINAL,-999.0 thru -1.0,"[{""value"": ""-99.0"", ""label"": ""MP not interviewed""}, {""value"": ""-92.0"", ""label"": ""Refused""}, {""value"": ""-91.0"", ""label"": ""Not applicable""}, {""value"": ""0.0"", ""label"": ""Not mentioned""}, {""value"": ""1.0"", ""label"": ""Mentioned""}]"
50,W1extrtu2MP0i,MP: Subjects paid for additional private lessons in: Singing,numeric,NOMINAL,-999.0 thru -1.0,"[{""value"": ""-99.0"", ""label"": ""MP not interviewed""}, {""value"": ""-92.0"", ""label"": ""Refused""}, {""value"": ""-91.0"", ""label"": ""Not applicable""}, {""value"": ""0.0"", ""label"": ""Not mentioned""}, {""value"": ""1.0"", ""label"": ""Mentioned""}]"
51,W1extrtu2MP0j,MP: Subjects paid for additional private lessons in: Religious activity,numeric,NOMINAL,-999.0 thru -1.0,"[{""value"": ""-99.0"", ""label"": ""MP not interviewed""}, {""value"": ""-92.0"", ""label"": ""Refused""}, {""value"": ""-91.0"", ""label"": ""Not applicable""}, {""value"": ""0.0"", ""label"": ""Not mentioned""}, {""value"": ""1.0"", ""label"": ""Mentioned""}]"
52,W1extrtu2MP0k,MP: Subjects paid for additional private lessons in: Horse riding,numeric,NOMINAL,-999.0 thru -1.0,"[{""value"": ""-99.0"", ""label"": ""MP not interviewed""}, {""value"": ""-92.0"", ""label"": ""Refused""}, {""value"": ""-91.0"", ""label"": ""Not applicable""}, {""value"": ""0.0"", ""label"": ""Not mentioned""}, {""value"": ""1.0"", ""label"": ""Mentioned""}]"
53,W1extrtu2MP0l,"MP: Subjects paid for additional private lessons in: Sea, air, army cadets",numeric,NOMINAL,-999.0 thru -1.0,"[{""value"": ""-99.0"", ""label"": ""MP not interviewed""}, {""value"": ""-92.0"", ""label"": ""Refused""}, {""value"": ""-91.0"", ""label"": ""Not applicable""}, {""value"": ""0.0"", ""label"": ""Not mentioned""}, {""value"": ""1.0"", ""label"": ""Mentioned""}]"
54,W1extrtu2MP0m,MP: Subjects paid for additional private lessons in: Other answers,numeric,NOMINAL,-999.0 thru -1.0,"[{""value"": ""-99.0"", ""label"": ""MP not interviewed""}, {""value"": ""-92.0"", ""label"": ""Refused""}, {""value"": ""-91.0"", ""label"": ""Not applicable""}, {""value"": ""0.0"", ""label"": ""Not mentioned""}, {""value"": ""1.0"", ""label"": ""Mentioned""}]"
55,W1extrtu2MP0n,MP: Subjects paid for additional private lessons in: Don't know,numeric,NOMINAL,-999.0 thru -1.0,"[{""value"": ""-99.0"", ""label"": ""MP not interviewed""}, {""value"": ""-92.0"", ""label"": ""Refused""}, {""value"": ""-91.0"", ""label"": ""Not applicable""}, {""value"": ""0.0"", ""label"": ""Not mentioned""}, {""value"": ""1.0"", ""label"": ""Mentioned""}]"
56,W1extrtu3MP,MP: Frequency of additional private lessons over last 12 months,numeric,ORDINAL,-999.0 thru -1.0,"[{""value"": ""-99.0"", ""label"": ""MP not interviewed""}, {""value"": ""-92.0"", ""label"": ""Refused""}, {""value"": ""-91.0"", ""label"": ""Not applicable""}, {""value"": ""-1.0"", ""label"": ""Don't know""}, {""value"": ""1.0"", ""label"": ""More than once a week""}, {""value"": ""2.0"", ""label"": ""Once a week""}, {""value"": ""3.0"", ""label"": ""or Less than once a week?""}, {""value"": ""4.0"", ""label"": ""(DO NOT READ OUT, SPONTANEOUS ANSWER ONLY) Once only""}]"
57,W1extrtu4MP,MP: Whether paid for any private lessons in supplementary subjects,numeric,NOMINAL,-999.0 thru -1.0,"[{""value"": ""-99.0"", ""label"": ""MP not interviewed""}, {""value"": ""-92.0"", ""label"": ""Refused""}, {""value"": ""-91.0"", ""label"": ""Not applicable""}, {""value"": ""-1.0"", ""label"": ""Don't know""}, {""value"": ""1.0"", ""label"": ""Yes""}, {""value"": ""2.0"", ""label"": ""No""}]"
58,W1extrtu5MP0a,MP: Supplementary subjects paid for: Maths,numeric,NOMINAL,-999.0 thru -1.0,"[{""value"": ""-99.0"", ""label"": ""MP not interviewed""}, {""value"": ""-92.0"", ""label"": ""Refused""}, {""value"": ""-91.0"", ""label"": ""Not applicable""}, {""value"": ""0.0"", ""label"": ""Not mentioned""}, {""value"": ""1.0"", ""label"": ""Mentioned""}]"
59,W1extrtu5MP0b,MP: Supplementary subjects paid for: English,numeric,NOMINAL,-999.0 thru -1.0,"[{""value"": ""-99.0"", ""label"": ""MP not interviewed""}, {""value"": ""-92.0"", ""label"": ""Refused""}, {""value"": ""-91.0"", ""label"": ""Not applicable""}, {""value"": ""0.0"", ""label"": ""Not mentioned""}, {""value"": ""1.0"", ""label"": ""Mentioned""}]"
60,W1extrtu5MP0c,MP: Supplementary subjects paid for: Languages,numeric,NOMINAL,-999.0 thru -1.0,"[{""value"": ""-99.0"", ""label"": ""MP not interviewed""}, {""value"": ""-92.0"", ""label"": ""Refused""}, {""value"": ""-91.0"", ""label"": ""Not applicable""}, {""value"": ""0.0"", ""label"": ""Not mentioned""}, {""value"": ""1.0"", ""label"": ""Mentioned""}]"
61,W1extrtu5MP0d,MP: Supplementary subjects paid for: Science,numeric,NOMINAL,-999.0 thru -1.0,"[{""value"": ""-99.0"", ""label"": ""MP not interviewed""}, {""value"": ""-92.0"", ""label"": ""Refused""}, {""value"": ""-91.0"", ""label"": ""Not applicable""}, {""value"": ""0.0"", ""label"": ""Not mentioned""}, {""value"": ""1.0"", ""label"": ""Mentioned""}]"
62,W1extrtu5MP0e,MP: Supplementary subjects paid for: Music,numeric,NOMINAL,-999.0 thru -1.0,"[{""value"": ""-99.0"", ""label"": ""MP not interviewed""}, {""value"": ""-92.0"", ""label"": ""Refused""}, {""value"": ""-91.0"", ""label"": ""Not applicable""}, {""value"": ""0.0"", ""label"": ""Not mentioned""}, {""value"": ""1.0"", ""label"": ""Mentioned""}]"
63,W1extrtu5MP0f,MP: Supplementary subjects paid for: Sports,numeric,NOMINAL,-999.0 thru -1.0,"[{""value"": ""-99.0"", ""label"": ""MP not interviewed""}, {""value"": ""-92.0"", ""label"": ""Refused""}, {""value"": ""-91.0"", ""label"": ""Not applicable""}, {""value"": ""0.0"", ""label"": ""Not mentioned""}, {""value"": ""1.0"", ""label"": ""Mentioned""}]"
64,W1extrtu5MP0g,MP: Supplementary subjects paid for: Drama,numeric,NOMINAL,-999.0 thru -1.0,"[{""value"": ""-99.0"", ""label"": ""MP not interviewed""}, {""value"": ""-92.0"", ""label"": ""Refused""}, {""value"": ""-91.0"", ""label"": ""Not applicable""}, {""value"": ""0.0"", ""label"": ""Not mentioned""}, {""value"": ""1.0"", ""label"": ""Mentioned""}]"
65,W1extrtu5MP0h,MP: Supplementary subjects paid for: Dance,numeric,NOMINAL,-999.0 thru -1.0,"[{""value"": ""-99.0"", ""label"": ""MP not interviewed""}, {""value"": ""-92.0"", ""label"": ""Refused""}, {""value"": ""-91.0"", ""label"": ""Not applicable""}, {""value"": ""0.0"", ""label"": ""Not mentioned""}, {""value"": ""1.0"", ""label"": ""Mentioned""}]"
66,W1extrtu5MP0i,MP: Supplementary subjects paid for: Singing,numeric,NOMINAL,-999.0 thru -1.0,"[{""value"": ""-99.0"", ""label"": ""MP not interviewed""}, {""value"": ""-92.0"", ""label"": ""Refused""}, {""value"": ""-91.0"", ""label"": ""Not applicable""}, {""value"": ""0.0"", ""label"": ""Not mentioned""}, {""value"": ""1.0"", ""label"": ""Mentioned""}]"
67,W1extrtu5MP0j,MP: Supplementary subjects paid for: Religious Activity,numeric,NOMINAL,-999.0 thru -1.0,"[{""value"": ""-99.0"", ""label"": ""MP not interviewed""}, {""value"": ""-92.0"", ""label"": ""Refused""}, {""value"": ""-91.0"", ""label"": ""Not applicable""}, {""value"": ""0.0"", ""label"": ""Not mentioned""}, {""value"": ""1.0"", ""label"": ""Mentioned""}]"
68,W1extrtu5MP0k,MP: Supplementary subjects paid for: Horse riding,numeric,NOMINAL,-999.0 thru -1.0,"[{""value"": ""-99.0"", ""label"": ""MP not interviewed""}, {""value"": ""-92.0"", ""label"": ""Refused""}, {""value"": ""-91.0"", ""label"": ""Not applicable""}, {""value"": ""0.0"", ""label"": ""Not mentioned""}, {""value"": ""1.0"", ""label"": ""Mentioned""}]"
69,W1extrtu5MP0l,"MP: Supplementary subjects paid for: Sea, air, army cadets",numeric,NOMINAL,-999.0 thru -1.0,"[{""value"": ""-99.0"", ""label"": ""MP not interviewed""}, {""value"": ""-92.0"", ""label"": ""Refused""}, {""value"": ""-91.0"", ""label"": ""Not applicable""}, {""value"": ""0.0"", ""label"": ""Not mentioned""}, {""value"": ""1.0"", ""label"": ""Mentioned""}]"
70,W1extrtu5MP0m,MP: Supplementary subjects paid for: Other answers,numeric,NOMINAL,-999.0 thru -1.0,"[{""value"": ""-99.0"", ""label"": ""MP not interviewed""}, {""value"": ""-92.0"", ""label"": ""Refused""}, {""value"": ""-91.0"", ""label"": ""Not applicable""}, {""value"": ""0.0"", ""label"": ""Not mentioned""}, {""value"": ""1.0"", ""label"": ""Mentioned""}]"
71,W1extrtu5MP0n,MP: Supplementary subjects paid for: Don't know,numeric,NOMINAL,-999.0 thru -1.0,"[{""value"": ""-99.0"", ""label"": ""MP not interviewed""}, {""value"": ""-92.0"", ""label"": ""Refused""}, {""value"": ""-91.0"", ""label"": ""Not applicable""}, {""value"": ""0.0"", ""label"": ""Not mentioned""}, {""value"": ""1.0"", ""label"": ""Mentioned""}]"
72,W1extrtu6MP,MP: How often does YP go to supplementary lessons or classes over the last 12 months,numeric,ORDINAL,-999.0 thru -1.0,"[{""value"": ""-99.0"", ""label"": ""MP not interviewed""}, {""value"": ""-92.0"", ""label"": ""Refused""}, {""value"": ""-91.0"", ""label"": ""Not applicable""}, {""value"": ""-1.0"", ""label"": ""Don't know""}, {""value"": ""1.0"", ""label"": ""Three or four times a week or more""}, {""value"": ""2.0"", ""label"": ""Less than this but more than once a week""}, {""value"": ""3.0"", ""label"": ""Once a week""}, {""value"": ""4.0"", ""label"": ""or Less than once a week?""}, {""value"": ""5.0"", ""label"": ""(DO NOT READ OUT, SPONTANEOUS ANSWER ONLY) One off""}]"
73,W1y10choiMP,MP: Whether YP's Year 10 options have been decided yet,numeric,NOMINAL,-999.0 thru -1.0,"[{""value"": ""-99.0"", ""label"": ""MP not interviewed""}, {""value"": ""-92.0"", ""label"": ""Refused""}, {""value"": ""-91.0"", ""label"": ""Not applicable""}, {""value"": ""-1.0"", ""label"": ""Don't know""}, {""value"": ""1.0"", ""label"": ""Yes""}, {""value"": ""2.0"", ""label"": ""No""}]"
74,W1subjch8MP,MP: Whether talked with YP about choice of Year 10 subjects,numeric,NOMINAL,-999.0 thru -1.0,"[{""value"": ""-99.0"", ""label"": ""MP not interviewed""}, {""value"": ""-92.0"", ""label"": ""Refused""}, {""value"": ""-91.0"", ""label"": ""Not applicable""}, {""value"": ""-1.0"", ""label"": ""Don't know""}, {""value"": ""1.0"", ""label"": ""Yes""}, {""value"": ""2.0"", ""label"": ""No""}]"
75,W1subcho9MP,MP: Whether gave YP any advice about what thought ought to do in Year 10,numeric,NOMINAL,-999.0 thru -1.0,"[{""value"": ""-99.0"", ""label"": ""MP not interviewed""}, {""value"": ""-92.0"", ""label"": ""Refused""}, {""value"": ""-91.0"", ""label"": ""Not applicable""}, {""value"": ""-1.0"", ""label"": ""Don't know""}, {""value"": ""1.0"", ""label"": ""Yes""}, {""value"": ""2.0"", ""label"": ""No""}]"
76,W1y10satMP,MP: Satisfaction with choice of Year 10 courses or subjects available to YP,numeric,ORDINAL,-999.0 thru -1.0,"[{""value"": ""-99.0"", ""label"": ""MP not interviewed""}, {""value"": ""-92.0"", ""label"": ""Refused""}, {""value"": ""-91.0"", ""label"": ""Not applicable""}, {""value"": ""-1.0"", ""label"": ""Don't know""}, {""value"": ""1.0"", ""label"": ""Very satisfied""}, {""value"": ""2.0"", ""label"": ""Fairly satisfied""}, {""value"": ""3.0"", ""label"": ""Not very satisfied""}, {""value"": ""4.0"", ""label"": ""Not at all satisfied?""}]"
77,W1y10futMP,MP: How important think Year 10 choices are to YP's options at age 16,numeric,ORDINAL,-999.0 thru -1.0,"[{""value"": ""-99.0"", ""label"": ""MP not interviewed""}, {""value"": ""-92.0"", ""label"": ""Refused""}, {""value"": ""-91.0"", ""label"": ""Not applicable""}, {""value"": ""-1.0"", ""label"": ""Don't know""}, {""value"": ""1.0"", ""label"": ""Very important""}, {""value"": ""2.0"", ""label"": ""Fairly important""}, {""value"": ""3.0"", ""label"": ""Not very important""}, {""value"": ""4.0"", ""label"": ""Not at all important?""}]"
78,W1pattintMP,MP: Agreement with statement: Young people don't get enough advice about what to do after Year 9 at school,numeric,ORDINAL,-999.0 thru -1.0,"[{""value"": ""-99.0"", ""label"": ""MP not interviewed""}, {""value"": ""-92.0"", ""label"": ""Refused""}, {""value"": ""-91.0"", ""label"": ""Not applicable""}, {""value"": ""-1.0"", ""label"": ""Don't know""}, {""value"": ""1.0"", ""label"": ""Agree strongly""}, {""value"": ""2.0"", ""label"": ""Agree a little""}, {""value"": ""3.0"", ""label"": ""Disagree a little""}, {""value"": ""4.0"", ""label"": ""Disagree strongly""}]"
79,W1subjcho1MP,MP: Agreement with statement: I don't know enough about modern qualifications to give YP proper advice about what to do,numeric,ORDINAL,-999.0 thru -1.0,"[{""value"": ""-99.0"", ""label"": ""MP not interviewed""}, {""value"": ""-92.0"", ""label"": ""Refused""}, {""value"": ""-91.0"", ""label"": ""Not applicable""}, {""value"": ""-1.0"", ""label"": ""Don't know""}, {""value"": ""1.0"", ""label"": ""Agree strongly""}, {""value"": ""2.0"", ""label"": ""Agree a little""}, {""value"": ""3.0"", ""label"": ""Disagree a little""}, {""value"": ""4.0"", ""label"": ""Disagree strongly""}]"
80,W1patt1MP,MP: Agreement with statement: About education/work/training for young people: Nowadays you need quals to get a job worth having,numeric,ORDINAL,-999.0 thru -1.0,"[{""value"": ""-99.0"", ""label"": ""MP not interviewed""}, {""value"": ""-92.0"", ""label"": ""Refused""}, {""value"": ""-91.0"", ""label"": ""Not applicable""}, {""value"": ""-1.0"", ""label"": ""Don't know""}, {""value"": ""1.0"", ""label"": ""Agree strongly""}, {""value"": ""2.0"", ""label"": ""Agree a little""}, {""value"": ""3.0"", ""label"": ""Disagree a little""}, {""value"": ""4.0"", ""label"": ""Disagree strongly""}]"
81,W1patt2MP,MP: Agreement with statement: Leaving school at 16 limits young people's career opportunities later in life,numeric,ORDINAL,-999.0 thru -1.0,"[{""value"": ""-99.0"", ""label"": ""MP not interviewed""}, {""value"": ""-92.0"", ""label"": ""Refused""}, {""value"": ""-91.0"", ""label"": ""Not applicable""}, {""value"": ""-1.0"", ""label"": ""Don't know""}, {""value"": ""1.0"", ""label"": ""Agree strongly""}, {""value"": ""2.0"", ""label"": ""Agree a little""}, {""value"": ""3.0"", ""label"": ""Disagree a little""}, {""value"": ""4.0"", ""label"": ""Disagree strongly""}]"
82,W1patt3MP,MP: Whether want YP to have a better education than MP had,numeric,ORDINAL,-999.0 thru -1.0,"[{""value"": ""-99.0"", ""label"": ""MP not interviewed""}, {""value"": ""-92.0"", ""label"": ""Refused""}, {""value"": ""-91.0"", ""label"": ""Not applicable""}, {""value"": ""-1.0"", ""label"": ""Don't know""}, {""value"": ""1.0"", ""label"": ""Agree strongly""}, {""value"": ""2.0"", ""label"": ""Agree a little""}, {""value"": ""3.0"", ""label"": ""Disagree a little""}, {""value"": ""4.0"", ""label"": ""Disagree strongly""}]"
83,W1parasp2MP,MP: What would like YP to do when reach school leaving age,numeric,NOMINAL,-999.0 thru -1.0,"[{""value"": ""-998.0"", ""label"": ""Interviewer missed question""}, {""value"": ""-99.0"", ""label"": ""MP not interviewed""}, {""value"": ""-92.0"", ""label"": ""Refused""}, {""value"": ""-91.0"", ""label"": ""Not applicable""}, {""value"": ""-1.0"", ""label"": ""Don't know""}, {""value"": ""1.0"", ""label"": ""Continue in full time education""}, {""value"": ""2.0"", ""label"": ""Start learning a trade/ Get a place on a training course""}, {""value"": ""3.0"", ""label"": ""Start an apprenticeship""}, {""value"": ""4.0"", ""label"": ""Get a full-time paid job (either as an employee or self empl""}, {""value"": ""5.0"", ""label"": ""Something else""}]"
84,W1parasp1MP,MP: What think YP will do when reaches school leaving age,numeric,NOMINAL,-999.0 thru -1.0,"[{""value"": ""-99.0"", ""label"": ""MP not interviewed""}, {""value"": ""-92.0"", ""label"": ""Refused""}, {""value"": ""-91.0"", ""label"": ""Not applicable""}, {""value"": ""-1.0"", ""label"": ""Don't know""}, {""value"": ""1.0"", ""label"": ""Continue in full time education""}, {""value"": ""2.0"", ""label"": ""Start learning a trade/ Get a place on a training course""}, {""value"": ""3.0"", ""label"": ""Start an apprenticeship""}, {""value"": ""4.0"", ""label"": ""Get a full-time paid job (either as an employee or self empl""}, {""value"": ""5.0"", ""label"": ""Something else""}]"
85,W1jobdiscMP,MP: Whether talked to YP about YP staying on in full-time education,numeric,NOMINAL,-999.0 thru -1.0,"[{""value"": ""-99.0"", ""label"": ""MP not interviewed""}, {""value"": ""-92.0"", ""label"": ""Refused""}, {""value"": ""-91.0"", ""label"": ""Not applicable""}, {""value"": ""-1.0"", ""label"": ""Don't know""}, {""value"": ""1.0"", ""label"": ""Yes""}, {""value"": ""2.0"", ""label"": ""No""}]"
86,W1fefinMP0a,MP: How YP's expenses would be paid if stayed on in education - EMA,numeric,NOMINAL,-999.0 thru -1.0,"[{""value"": ""-99.0"", ""label"": ""MP not interviewed""}, {""value"": ""-92.0"", ""label"": ""Refused""}, {""value"": ""-91.0"", ""label"": ""Not applicable""}, {""value"": ""0.0"", ""label"": ""Not mentioned""}, {""value"": ""1.0"", ""label"": ""Mentioned""}]"
87,W1fefinMP0b,MP: How YP's expenses would be paid if stayed on in education - YP get job or work part time,numeric,NOMINAL,-999.0 thru -1.0,"[{""value"": ""-99.0"", ""label"": ""MP not interviewed""}, {""value"": ""-92.0"", ""label"": ""Refused""}, {""value"": ""-91.0"", ""label"": ""Not applicable""}, {""value"": ""0.0"", ""label"": ""Not mentioned""}, {""value"": ""1.0"", ""label"": ""Mentioned""}]"
88,W1fefinMP0c,MP: How YP's expenses would be paid if stayed on in education - Parent(s) will support or give money,numeric,NOMINAL,-999.0 thru -1.0,"[{""value"": ""-99.0"", ""label"": ""MP not interviewed""}, {""value"": ""-92.0"", ""label"": ""Refused""}, {""value"": ""-91.0"", ""label"": ""Not applicable""}, {""value"": ""0.0"", ""label"": ""Not mentioned""}, {""value"": ""1.0"", ""label"": ""Mentioned""}]"
89,W1fefinMP0d,MP: How YP's expenses would be paid if stayed on in education - Other relative(s) will support or give money,numeric,NOMINAL,-999.0 thru -1.0,"[{""value"": ""-99.0"", ""label"": ""MP not interviewed""}, {""value"": ""-92.0"", ""label"": ""Refused""}, {""value"": ""-91.0"", ""label"": ""Not applicable""}, {""value"": ""0.0"", ""label"": ""Not mentioned""}, {""value"": ""1.0"", ""label"": ""Mentioned""}]"
90,W1fefinMP0e,MP: How YP's expenses would be paid if stayed on in education - Some other means,numeric,NOMINAL,-999.0 thru -1.0,"[{""value"": ""-99.0"", ""label"": ""MP not interviewed""}, {""value"": ""-92.0"", ""label"": ""Refused""}, {""value"": ""-91.0"", ""label"": ""Not applicable""}, {""value"": ""0.0"", ""label"": ""Not mentioned""}, {""value"": ""1.0"", ""label"": ""Mentioned""}]"
91,W1fefinMP0f,MP: How YP's expenses would be paid if stayed on in education - YP definitely won't stay on (UNPROMPTED),numeric,NOMINAL,-999.0 thru -1.0,"[{""value"": ""-99.0"", ""label"": ""MP not interviewed""}, {""value"": ""-92.0"", ""label"": ""Refused""}, {""value"": ""-91.0"", ""label"": ""Not applicable""}, {""value"": ""0.0"", ""label"": ""Not mentioned""}, {""value"": ""1.0"", ""label"": ""Mentioned""}]"
92,W1fefinMP0g,MP: How YP's expenses would be paid if stayed on in education - Don't know,numeric,NOMINAL,-999.0 thru -1.0,"[{""value"": ""-99.0"", ""label"": ""MP not interviewed""}, {""value"": ""-92.0"", ""label"": ""Refused""}, {""value"": ""-91.0"", ""label"": ""Not applicable""}, {""value"": ""0.0"", ""label"": ""Not mentioned""}, {""value"": ""1.0"", ""label"": ""Mentioned""}]"
93,W1fefinMP0h,MP: How YP's expenses would be paid if stayed on in education - Not Applicable,numeric,NOMINAL,-999.0 thru -1.0,"[{""value"": ""-99.0"", ""label"": ""MP not interviewed""}, {""value"": ""-92.0"", ""label"": ""Refused""}, {""value"": ""-91.0"", ""label"": ""Not applicable""}, {""value"": ""0.0"", ""label"": ""Not mentioned""}, {""value"": ""1.0"", ""label"": ""Mentioned""}]"
94,W1fefn2MP0a,MP: What likely to do to help keep YP in education - Save money now specifically for education,numeric,NOMINAL,-999.0 thru -1.0,"[{""value"": ""-99.0"", ""label"": ""MP not interviewed""}, {""value"": ""-92.0"", ""label"": ""Refused""}, {""value"": ""-91.0"", ""label"": ""Not applicable""}, {""value"": ""0.0"", ""label"": ""Not mentioned""}, {""value"": ""1.0"", ""label"": ""Mentioned""}]"
95,W1fefn2MP0b,MP: What likely to do to help keep YP in education - Give money from existing savings,numeric,NOMINAL,-999.0 thru -1.0,"[{""value"": ""-99.0"", ""label"": ""MP not interviewed""}, {""value"": ""-92.0"", ""label"": ""Refused""}, {""value"": ""-91.0"", ""label"": ""Not applicable""}, {""value"": ""0.0"", ""label"": ""Not mentioned""}, {""value"": ""1.0"", ""label"": ""Mentioned""}]"
96,W1fefn2MP0c,MP: What likely to do to help keep YP in education - Support out of wages or earnings,numeric,NOMINAL,-999.0 thru -1.0,"[{""value"": ""-99.0"", ""label"": ""MP not interviewed""}, {""value"": ""-92.0"", ""label"": ""Refused""}, {""value"": ""-91.0"", ""label"": ""Not applicable""}, {""value"": ""0.0"", ""label"": ""Not mentioned""}, {""value"": ""1.0"", ""label"": ""Mentioned""}]"
97,W1fefn2MP0d,MP: What likely to do to help keep YP in education - Take out loan or remortgage,numeric,NOMINAL,-999.0 thru -1.0,"[{""value"": ""-99.0"", ""label"": ""MP not interviewed""}, {""value"": ""-92.0"", ""label"": ""Refused""}, {""value"": ""-91.0"", ""label"": ""Not applicable""}, {""value"": ""0.0"", ""label"": ""Not mentioned""}, {""value"": ""1.0"", ""label"": ""Mentioned""}]"
98,W1fefn2MP0e,MP: What likely to do to help keep YP in education - Pay school or college fees,numeric,NOMINAL,-999.0 thru -1.0,"[{""value"": ""-99.0"", ""label"": ""MP not interviewed""}, {""value"": ""-92.0"", ""label"": ""Refused""}, {""value"": ""-91.0"", ""label"": ""Not applicable""}, {""value"": ""0.0"", ""label"": ""Not mentioned""}, {""value"": ""1.0"", ""label"": ""Mentioned""}]"
99,W1fefn2MP0f,MP: What likely to do to help keep YP in education - Help with accommodation (eg. Let YP stay rent-free),numeric,NOMINAL,-999.0 thru -1.0,"[{""value"": ""-99.0"", ""label"": ""MP not interviewed""}, {""value"": ""-92.0"", ""label"": ""Refused""}, {""value"": ""-91.0"", ""label"": ""Not applicable""}, {""value"": ""0.0"", ""label"": ""Not mentioned""}, {""value"": ""1.0"", ""label"": ""Mentioned""}]"
100,W1fefn2MP0g,MP: What likely to do to help keep YP in education - Borrow money from other relatives or friends,numeric,NOMINAL,-999.0 thru -1.0,"[{""value"": ""-99.0"", ""label"": ""MP not interviewed""}, {""value"": ""-92.0"", ""label"": ""Refused""}, {""value"": ""-91.0"", ""label"": ""Not applicable""}, {""value"": ""0.0"", ""label"": ""Not mentioned""}, {""value"": ""1.0"", ""label"": ""Mentioned""}]"
101,W1fefn2MP0h,MP: What likely to do to help keep YP in education - Help in other ways,numeric,NOMINAL,-999.0 thru -1.0,"[{""value"": ""-99.0"", ""label"": ""MP not interviewed""}, {""value"": ""-92.0"", ""label"": ""Refused""}, {""value"": ""-91.0"", ""label"": ""Not applicable""}, {""value"": ""0.0"", ""label"": ""Not mentioned""}, {""value"": ""1.0"", ""label"": ""Mentioned""}]"
102,W1fefn2MP0i,MP: What likely to do to help keep YP in education - YP definitely won't stay on (UNPROMPTED),numeric,NOMINAL,-999.0 thru -1.0,"[{""value"": ""-99.0"", ""label"": ""MP not interviewed""}, {""value"": ""-92.0"", ""label"": ""Refused""}, {""value"": ""-91.0"", ""label"": ""Not applicable""}, {""value"": ""0.0"", ""label"": ""Not mentioned""}, {""value"": ""1.0"", ""label"": ""Mentioned""}]"
103,W1fefn2MP0j,MP: What likely to do to help keep YP in education - Don' t know,numeric,NOMINAL,-999.0 thru -1.0,"[{""value"": ""-99.0"", ""label"": ""MP not interviewed""}, {""value"": ""-92.0"", ""label"": ""Refused""}, {""value"": ""-91.0"", ""label"": ""Not applicable""}, {""value"": ""0.0"", ""label"": ""Not mentioned""}, {""value"": ""1.0"", ""label"": ""Mentioned""}]"
104,W1hepossMP,MP: Likelihood of YP going into Higher Education,numeric,ORDINAL,-999.0 thru -1.0,"[{""value"": ""-99.0"", ""label"": ""MP not interviewed""}, {""value"": ""-92.0"", ""label"": ""Refused""}, {""value"": ""-91.0"", ""label"": ""Not applicable""}, {""value"": ""-1.0"", ""label"": ""Don't know""}, {""value"": ""1.0"", ""label"": ""Very likely""}, {""value"": ""2.0"", ""label"": ""Fairly likely""}, {""value"": ""3.0"", ""label"": ""Not very likely""}, {""value"": ""4.0"", ""label"": ""Not likely at all""}]"
105,W1henotMP0a,MP: Why think it unlikely YP will go into Higher Education: Will not get necessary grades,numeric,NOMINAL,-999.0 thru -1.0,"[{""value"": ""-99.0"", ""label"": ""MP not interviewed""}, {""value"": ""-92.0"", ""label"": ""Refused""}, {""value"": ""-91.0"", ""label"": ""Not applicable""}, {""value"": ""0.0"", ""label"": ""Not mentioned""}, {""value"": ""1.0"", ""label"": ""Mentioned""}]"
106,W1henotMP0b,MP: Why think it unlikely YP will go into Higher Education: Family can't afford it,numeric,NOMINAL,-999.0 thru -1.0,"[{""value"": ""-99.0"", ""label"": ""MP not interviewed""}, {""value"": ""-92.0"", ""label"": ""Refused""}, {""value"": ""-91.0"", ""label"": ""Not applicable""}, {""value"": ""0.0"", ""label"": ""Not mentioned""}, {""value"": ""1.0"", ""label"": ""Mentioned""}]"
107,W1henotMP0c,MP: Why think it unlikely YP will go into Higher Education: YP has no interest in going,numeric,NOMINAL,-999.0 thru -1.0,"[{""value"": ""-99.0"", ""label"": ""MP not interviewed""}, {""value"": ""-92.0"", ""label"": ""Refused""}, {""value"": ""-91.0"", ""label"": ""Not applicable""}, {""value"": ""0.0"", ""label"": ""Not mentioned""}, {""value"": ""1.0"", ""label"": ""Mentioned""}]"
108,W1henotMP0d,"MP: Why think it unlikely YP will go into Higher Education: Has job in mind already, does not need the quals to do what want to do",numeric,NOMINAL,-999.0 thru -1.0,"[{""value"": ""-99.0"", ""label"": ""MP not interviewed""}, {""value"": ""-92.0"", ""label"": ""Refused""}, {""value"": ""-91.0"", ""label"": ""Not applicable""}, {""value"": ""0.0"", ""label"": ""Not mentioned""}, {""value"": ""1.0"", ""label"": ""Mentioned""}]"
109,W1henotMP0e,"MP: Why think it unlikely YP will go into Higher Education: SEN, learning problems",numeric,NOMINAL,-999.0 thru -1.0,"[{""value"": ""-99.0"", ""label"": ""MP not interviewed""}, {""value"": ""-92.0"", ""label"": ""Refused""}, {""value"": ""-91.0"", ""label"": ""Not applicable""}, {""value"": ""0.0"", ""label"": ""Not mentioned""}, {""value"": ""1.0"", ""label"": ""Mentioned""}]"
110,W1henotMP0f,"MP: Why think it unlikely YP will go into Higher Education: Wants to start working, earning",numeric,NOMINAL,-999.0 thru -1.0,"[{""value"": ""-99.0"", ""label"": ""MP not interviewed""}, {""value"": ""-92.0"", ""label"": ""Refused""}, {""value"": ""-91.0"", ""label"": ""Not applicable""}, {""value"": ""0.0"", ""label"": ""Not mentioned""}, {""value"": ""1.0"", ""label"": ""Mentioned""}]"
111,W1henotMP0g,"MP: Why think it unlikely YP will go into Higher Education: Taking education at college, elsewhere other than university",numeric,NOMINAL,-999.0 thru -1.0,"[{""value"": ""-99.0"", ""label"": ""MP not interviewed""}, {""value"": ""-92.0"", ""label"": ""Refused""}, {""value"": ""-91.0"", ""label"": ""Not applicable""}, {""value"": ""0.0"", ""label"": ""Not mentioned""}, {""value"": ""1.0"", ""label"": ""Mentioned""}]"
112,W1henotMP0h,"MP: Why think it unlikely YP will go into Higher Education: Not academic, not good at studying",numeric,NOMINAL,-999.0 thru -1.0,"[{""value"": ""-99.0"", ""label"": ""MP not interviewed""}, {""value"": ""-92.0"", ""label"": ""Refused""}, {""value"": ""-91.0"", ""label"": ""Not applicable""}, {""value"": ""0.0"", ""label"": ""Not mentioned""}, {""value"": ""1.0"", ""label"": ""Mentioned""}]"
113,W1henotMP0i,MP: Why think it unlikely YP will go into Higher Education: Other answers,numeric,NOMINAL,-999.0 thru -1.0,"[{""value"": ""-99.0"", ""label"": ""MP not interviewed""}, {""value"": ""-92.0"", ""label"": ""Refused""}, {""value"": ""-91.0"", ""label"": ""Not applicable""}, {""value"": ""0.0"", ""label"": ""Not mentioned""}, {""value"": ""1.0"", ""label"": ""Mentioned""}]"
114,W1henotMP0j,MP: Why think it unlikely YP will go into Higher Education: Don't know,numeric,NOMINAL,-999.0 thru -1.0,"[{""value"": ""-99.0"", ""label"": ""MP not interviewed""}, {""value"": ""-92.0"", ""label"": ""Refused""}, {""value"": ""-91.0"", ""label"": ""Not applicable""}, {""value"": ""0.0"", ""label"": ""Not mentioned""}, {""value"": ""1.0"", ""label"": ""Mentioned""}]"
115,W1hepfinMP,MP: Whether they (or partner) saving money or making other financial arrangements now to help pay for YP's HE costs,numeric,NOMINAL,-999.0 thru -1.0,"[{""value"": ""-99.0"", ""label"": ""MP not interviewed""}, {""value"": ""-92.0"", ""label"": ""Refused""}, {""value"": ""-91.0"", ""label"": ""Not applicable""}, {""value"": ""-1.0"", ""label"": ""Don't know""}, {""value"": ""1.0"", ""label"": ""Yes""}, {""value"": ""2.0"", ""label"": ""No""}]"
116,W1heffinMP,MP: Whether any other family members saving money or making other financial arrangements now to help pay for YP's HE costs,numeric,NOMINAL,-999.0 thru -1.0,"[{""value"": ""-99.0"", ""label"": ""MP not interviewed""}, {""value"": ""-92.0"", ""label"": ""Refused""}, {""value"": ""-91.0"", ""label"": ""Not applicable""}, {""value"": ""-1.0"", ""label"": ""Don't know""}, {""value"": ""1.0"", ""label"": ""Yes""}, {""value"": ""2.0"", ""label"": ""No""}]"
117,W1whopresMP0a,Admin: Who else present during MP section: No-one else present,numeric,NOMINAL,-999.0 thru -1.0,"[{""value"": ""-99.0"", ""label"": ""MP not interviewed""}, {""value"": ""-92.0"", ""label"": ""Refused""}, {""value"": ""-91.0"", ""label"": ""Not applicable""}, {""value"": ""0.0"", ""label"": ""Not mentioned""}, {""value"": ""1.0"", ""label"": ""Mentioned""}]"
118,W1whopresMP0b,"Admin: Who else present during MP section: Respondent's partner, husband, wife",numeric,NOMINAL,-999.0 thru -1.0,"[{""value"": ""-99.0"", ""label"": ""MP not interviewed""}, {""value"": ""-92.0"", ""label"": ""Refused""}, {""value"": ""-91.0"", ""label"": ""Not applicable""}, {""value"": ""0.0"", ""label"": ""Not mentioned""}, {""value"": ""1.0"", ""label"": ""Mentioned""}]"
119,W1whopresMP0c,Admin: Who else present during MP section: Sampled YP,numeric,NOMINAL,-999.0 thru -1.0,"[{""value"": ""-99.0"", ""label"": ""MP not interviewed""}, {""value"": ""-92.0"", ""label"": ""Refused""}, {""value"": ""-91.0"", ""label"": ""Not applicable""}, {""value"": ""0.0"", ""label"": ""Not mentioned""}, {""value"": ""1.0"", ""label"": ""Mentioned""}]"
120,W1whopresMP0d,Admin: Who else present during MP section: Other adult living in household,numeric,NOMINAL,-999.0 thru -1.0,"[{""value"": ""-99.0"", ""label"": ""MP not interviewed""}, {""value"": ""-92.0"", ""label"": ""Refused""}, {""value"": ""-91.0"", ""label"": ""Not applicable""}, {""value"": ""0.0"", ""label"": ""Not mentioned""}, {""value"": ""1.0"", ""label"": ""Mentioned""}]"
121,W1whopresMP0e,Admin: Who else present during MP section: Other YP living in household,numeric,NOMINAL,-999.0 thru -1.0,"[{""value"": ""-99.0"", ""label"": ""MP not interviewed""}, {""value"": ""-92.0"", ""label"": ""Refused""}, {""value"": ""-91.0"", ""label"": ""Not applicable""}, {""value"": ""0.0"", ""label"": ""Not mentioned""}, {""value"": ""1.0"", ""label"": ""Mentioned""}]"
122,W1whopresMP0f,"Admin: Who else present during MP section: Other adult, YP not living in household",numeric,NOMINAL,-999.0 thru -1.0,"[{""value"": ""-99.0"", ""label"": ""MP not interviewed""}, {""value"": ""-92.0"", ""label"": ""Refused""}, {""value"": ""-91.0"", ""label"": ""Not applicable""}, {""value"": ""0.0"", ""label"": ""Not mentioned""}, {""value"": ""1.0"", ""label"": ""Mentioned""}]"
123,W1state1HS,HR: Whether current school was first choice,numeric,NOMINAL,-999.0 thru -1.0,"[{""value"": ""-995.0"", ""label"": ""Missing history section data - unexplained""}, {""value"": ""-99.0"", ""label"": ""History respondent not interviewed""}, {""value"": ""-97.0"", ""label"": ""History respondent misidentified""}, {""value"": ""-91.0"", ""label"": ""Not applicable""}, {""value"": ""-1.0"", ""label"": ""Don't know""}, {""value"": ""1.0"", ""label"": ""Yes""}, {""value"": ""2.0"", ""label"": ""No""}]"
124,W1StascHS0a,HR: First choice because YP's friends were going there,numeric,NOMINAL,-999.0 thru -1.0,"[{""value"": ""-995.0"", ""label"": ""Missing history section data - unexplained""}, {""value"": ""-99.0"", ""label"": ""History respondent not interviewed""}, {""value"": ""-97.0"", ""label"": ""History respondent misidentified""}, {""value"": ""-91.0"", ""label"": ""Not applicable""}, {""value"": ""0.0"", ""label"": ""Not mentioned""}, {""value"": ""1.0"", ""label"": ""Mentioned""}]"
125,W1StascHS0b,HR: First choice because it's easy to get to,numeric,NOMINAL,-999.0 thru -1.0,"[{""value"": ""-995.0"", ""label"": ""Missing history section data - unexplained""}, {""value"": ""-99.0"", ""label"": ""History respondent not interviewed""}, {""value"": ""-97.0"", ""label"": ""History respondent misidentified""}, {""value"": ""-91.0"", ""label"": ""Not applicable""}, {""value"": ""0.0"", ""label"": ""Not mentioned""}, {""value"": ""1.0"", ""label"": ""Mentioned""}]"
126,W1StascHS0c,HR: First choice because school has good exam results,numeric,NOMINAL,-999.0 thru -1.0,"[{""value"": ""-995.0"", ""label"": ""Missing history section data - unexplained""}, {""value"": ""-99.0"", ""label"": ""History respondent not interviewed""}, {""value"": ""-97.0"", ""label"": ""History respondent misidentified""}, {""value"": ""-91.0"", ""label"": ""Not applicable""}, {""value"": ""0.0"", ""label"": ""Not mentioned""}, {""value"": ""1.0"", ""label"": ""Mentioned""}]"
127,W1StascHS0d,HR: First choice because it's the local school,numeric,NOMINAL,-999.0 thru -1.0,"[{""value"": ""-995.0"", ""label"": ""Missing history section data - unexplained""}, {""value"": ""-99.0"", ""label"": ""History respondent not interviewed""}, {""value"": ""-97.0"", ""label"": ""History respondent misidentified""}, {""value"": ""-91.0"", ""label"": ""Not applicable""}, {""value"": ""0.0"", ""label"": ""Not mentioned""}, {""value"": ""1.0"", ""label"": ""Mentioned""}]"
128,W1StascHS0e,HR: First choice because there is relatively little bullying at the school,numeric,NOMINAL,-999.0 thru -1.0,"[{""value"": ""-995.0"", ""label"": ""Missing history section data - unexplained""}, {""value"": ""-99.0"", ""label"": ""History respondent not interviewed""}, {""value"": ""-97.0"", ""label"": ""History respondent misidentified""}, {""value"": ""-91.0"", ""label"": ""Not applicable""}, {""value"": ""0.0"", ""label"": ""Not mentioned""}, {""value"": ""1.0"", ""label"": ""Mentioned""}]"
129,W1StascHS0f,HR: First choice because of religious grounds,numeric,NOMINAL,-999.0 thru -1.0,"[{""value"": ""-995.0"", ""label"": ""Missing history section data - unexplained""}, {""value"": ""-99.0"", ""label"": ""History respondent not interviewed""}, {""value"": ""-97.0"", ""label"": ""History respondent misidentified""}, {""value"": ""-91.0"", ""label"": ""Not applicable""}, {""value"": ""0.0"", ""label"": ""Not mentioned""}, {""value"": ""1.0"", ""label"": ""Mentioned""}]"
130,W1StascHS0g,HR: First choice because of financial reasons,numeric,NOMINAL,-999.0 thru -1.0,"[{""value"": ""-995.0"", ""label"": ""Missing history section data - unexplained""}, {""value"": ""-99.0"", ""label"": ""History respondent not interviewed""}, {""value"": ""-97.0"", ""label"": ""History respondent misidentified""}, {""value"": ""-91.0"", ""label"": ""Not applicable""}, {""value"": ""0.0"", ""label"": ""Not mentioned""}, {""value"": ""1.0"", ""label"": ""Mentioned""}]"
131,W1StascHS0h,HR: First choice because YP's brother or sister goes or went there,numeric,NOMINAL,-999.0 thru -1.0,"[{""value"": ""-995.0"", ""label"": ""Missing history section data - unexplained""}, {""value"": ""-99.0"", ""label"": ""History respondent not interviewed""}, {""value"": ""-97.0"", ""label"": ""History respondent misidentified""}, {""value"": ""-91.0"", ""label"": ""Not applicable""}, {""value"": ""0.0"", ""label"": ""Not mentioned""}, {""value"": ""1.0"", ""label"": ""Mentioned""}]"
132,W1StascHS0i,HR: First choice because YP's mother or father went there,numeric,NOMINAL,-999.0 thru -1.0,"[{""value"": ""-995.0"", ""label"": ""Missing history section data - unexplained""}, {""value"": ""-99.0"", ""label"": ""History respondent not interviewed""}, {""value"": ""-97.0"", ""label"": ""History respondent misidentified""}, {""value"": ""-91.0"", ""label"": ""Not applicable""}, {""value"": ""0.0"", ""label"": ""Not mentioned""}, {""value"": ""1.0"", ""label"": ""Mentioned""}]"
133,W1StascHS0j,HR: First choice because other relative went there,numeric,NOMINAL,-999.0 thru -1.0,"[{""value"": ""-995.0"", ""label"": ""Missing history section data - unexplained""}, {""value"": ""-99.0"", ""label"": ""History respondent not interviewed""}, {""value"": ""-97.0"", ""label"": ""History respondent misidentified""}, {""value"": ""-91.0"", ""label"": ""Not applicable""}, {""value"": ""0.0"", ""label"": ""Not mentioned""}, {""value"": ""1.0"", ""label"": ""Mentioned""}]"
134,W1StascHS0k,HR: First choice because of it's good reputation or well recommended,numeric,NOMINAL,-999.0 thru -1.0,"[{""value"": ""-995.0"", ""label"": ""Missing history section data - unexplained""}, {""value"": ""-99.0"", ""label"": ""History respondent not interviewed""}, {""value"": ""-97.0"", ""label"": ""History respondent misidentified""}, {""value"": ""-91.0"", ""label"": ""Not applicable""}, {""value"": ""0.0"", ""label"": ""Not mentioned""}, {""value"": ""1.0"", ""label"": ""Mentioned""}]"
135,W1StascHS0l,HR: First choice because it's a popular school,numeric,NOMINAL,-999.0 thru -1.0,"[{""value"": ""-995.0"", ""label"": ""Missing history section data - unexplained""}, {""value"": ""-99.0"", ""label"": ""History respondent not interviewed""}, {""value"": ""-97.0"", ""label"": ""History respondent misidentified""}, {""value"": ""-91.0"", ""label"": ""Not applicable""}, {""value"": ""0.0"", ""label"": ""Not mentioned""}, {""value"": ""1.0"", ""label"": ""Mentioned""}]"
136,W1StascHS0m,HR: First choice because of it's firm discipline,numeric,NOMINAL,-999.0 thru -1.0,"[{""value"": ""-995.0"", ""label"": ""Missing history section data - unexplained""}, {""value"": ""-99.0"", ""label"": ""History respondent not interviewed""}, {""value"": ""-97.0"", ""label"": ""History respondent misidentified""}, {""value"": ""-91.0"", ""label"": ""Not applicable""}, {""value"": ""0.0"", ""label"": ""Not mentioned""}, {""value"": ""1.0"", ""label"": ""Mentioned""}]"
137,W1StascHS0n,HR: First choice because it has strict uniform or dress code,numeric,NOMINAL,-999.0 thru -1.0,"[{""value"": ""-995.0"", ""label"": ""Missing history section data - unexplained""}, {""value"": ""-99.0"", ""label"": ""History respondent not interviewed""}, {""value"": ""-97.0"", ""label"": ""History respondent misidentified""}, {""value"": ""-91.0"", ""label"": ""Not applicable""}, {""value"": ""0.0"", ""label"": ""Not mentioned""}, {""value"": ""1.0"", ""label"": ""Mentioned""}]"
138,W1StascHS0o,HR: First choice because YP wants to go there,numeric,NOMINAL,-999.0 thru -1.0,"[{""value"": ""-995.0"", ""label"": ""Missing history section data - unexplained""}, {""value"": ""-99.0"", ""label"": ""History respondent not interviewed""}, {""value"": ""-97.0"", ""label"": ""History respondent misidentified""}, {""value"": ""-91.0"", ""label"": ""Not applicable""}, {""value"": ""0.0"", ""label"": ""Not mentioned""}, {""value"": ""1.0"", ""label"": ""Mentioned""}]"
139,W1StascHS0p,HR: First choice because YP will be happy there,numeric,NOMINAL,-999.0 thru -1.0,"[{""value"": ""-995.0"", ""label"": ""Missing history section data - unexplained""}, {""value"": ""-99.0"", ""label"": ""History respondent not interviewed""}, {""value"": ""-97.0"", ""label"": ""History respondent misidentified""}, {""value"": ""-91.0"", ""label"": ""Not applicable""}, {""value"": ""0.0"", ""label"": ""Not mentioned""}, {""value"": ""1.0"", ""label"": ""Mentioned""}]"
140,W1StascHS0q,HR: First choice because it's suited to YP's academic needs,numeric,NOMINAL,-999.0 thru -1.0,"[{""value"": ""-995.0"", ""label"": ""Missing history section data - unexplained""}, {""value"": ""-99.0"", ""label"": ""History respondent not interviewed""}, {""value"": ""-97.0"", ""label"": ""History respondent misidentified""}, {""value"": ""-91.0"", ""label"": ""Not applicable""}, {""value"": ""0.0"", ""label"": ""Not mentioned""}, {""value"": ""1.0"", ""label"": ""Mentioned""}]"
141,W1StascHS0r,HR: First choice because it's suited to YP's special needs,numeric,NOMINAL,-999.0 thru -1.0,"[{""value"": ""-995.0"", ""label"": ""Missing history section data - unexplained""}, {""value"": ""-99.0"", ""label"": ""History respondent not interviewed""}, {""value"": ""-97.0"", ""label"": ""History respondent misidentified""}, {""value"": ""-91.0"", ""label"": ""Not applicable""}, {""value"": ""0.0"", ""label"": ""Not mentioned""}, {""value"": ""1.0"", ""label"": ""Mentioned""}]"
142,W1StascHS0s,HR: First choice because it respects YP's cultural or ethnic origins,numeric,NOMINAL,-999.0 thru -1.0,"[{""value"": ""-995.0"", ""label"": ""Missing history section data - unexplained""}, {""value"": ""-99.0"", ""label"": ""History respondent not interviewed""}, {""value"": ""-97.0"", ""label"": ""History respondent misidentified""}, {""value"": ""-91.0"", ""label"": ""Not applicable""}, {""value"": ""0.0"", ""label"": ""Not mentioned""}, {""value"": ""1.0"", ""label"": ""Mentioned""}]"
143,W1StascHS0t,HR: First choice because it's on way or near to MP's work or office,numeric,NOMINAL,-999.0 thru -1.0,"[{""value"": ""-995.0"", ""label"": ""Missing history section data - unexplained""}, {""value"": ""-99.0"", ""label"": ""History respondent not interviewed""}, {""value"": ""-97.0"", ""label"": ""History respondent misidentified""}, {""value"": ""-91.0"", ""label"": ""Not applicable""}, {""value"": ""0.0"", ""label"": ""Not mentioned""}, {""value"": ""1.0"", ""label"": ""Mentioned""}]"
144,W1StascHS0u,HR: First choice because its broad curriculum or wide choice of subjects or options,numeric,NOMINAL,-999.0 thru -1.0,"[{""value"": ""-995.0"", ""label"": ""Missing history section data - unexplained""}, {""value"": ""-99.0"", ""label"": ""History respondent not interviewed""}, {""value"": ""-97.0"", ""label"": ""History respondent misidentified""}, {""value"": ""-91.0"", ""label"": ""Not applicable""}, {""value"": ""0.0"", ""label"": ""Not mentioned""}, {""value"": ""1.0"", ""label"": ""Mentioned""}]"
145,W1StascHS0v,HR: First choice because it's strength in particular specialism,numeric,NOMINAL,-999.0 thru -1.0,"[{""value"": ""-995.0"", ""label"": ""Missing history section data - unexplained""}, {""value"": ""-99.0"", ""label"": ""History respondent not interviewed""}, {""value"": ""-97.0"", ""label"": ""History respondent misidentified""}, {""value"": ""-91.0"", ""label"": ""Not applicable""}, {""value"": ""0.0"", ""label"": ""Not mentioned""}, {""value"": ""1.0"", ""label"": ""Mentioned""}]"
146,W1StascHS0w,HR: First choice because it has good facilities - e g computing or language or music or sports,numeric,NOMINAL,-999.0 thru -1.0,"[{""value"": ""-995.0"", ""label"": ""Missing history section data - unexplained""}, {""value"": ""-99.0"", ""label"": ""History respondent not interviewed""}, {""value"": ""-97.0"", ""label"": ""History respondent misidentified""}, {""value"": ""-91.0"", ""label"": ""Not applicable""}, {""value"": ""0.0"", ""label"": ""Not mentioned""}, {""value"": ""1.0"", ""label"": ""Mentioned""}]"
147,W1StascHS0x,HR: First choice because there are many activities or hobbies or clubs,numeric,NOMINAL,-999.0 thru -1.0,"[{""value"": ""-995.0"", ""label"": ""Missing history section data - unexplained""}, {""value"": ""-99.0"", ""label"": ""History respondent not interviewed""}, {""value"": ""-97.0"", ""label"": ""History respondent misidentified""}, {""value"": ""-91.0"", ""label"": ""Not applicable""}, {""value"": ""0.0"", ""label"": ""Not mentioned""}, {""value"": ""1.0"", ""label"": ""Mentioned""}]"
148,W1StascHS0y,HR: First choice because it is single sex,numeric,NOMINAL,-999.0 thru -1.0,"[{""value"": ""-995.0"", ""label"": ""Missing history section data - unexplained""}, {""value"": ""-99.0"", ""label"": ""History respondent not interviewed""}, {""value"": ""-97.0"", ""label"": ""History respondent misidentified""}, {""value"": ""-91.0"", ""label"": ""Not applicable""}, {""value"": ""0.0"", ""label"": ""Not mentioned""}, {""value"": ""1.0"", ""label"": ""Mentioned""}]"
149,W1StascHS0z,HR: First choice because it is co-educational,numeric,NOMINAL,-999.0 thru -1.0,"[{""value"": ""-995.0"", ""label"": ""Missing history section data - unexplained""}, {""value"": ""-99.0"", ""label"": ""History respondent not interviewed""}, {""value"": ""-97.0"", ""label"": ""History respondent misidentified""}, {""value"": ""-91.0"", ""label"": ""Not applicable""}, {""value"": ""0.0"", ""label"": ""Not mentioned""}, {""value"": ""1.0"", ""label"": ""Mentioned""}]"
150,W1StascHSaa,HR: First choice because it's a grammar school,numeric,NOMINAL,-999.0 thru -1.0,"[{""value"": ""-995.0"", ""label"": ""Missing history section data - unexplained""}, {""value"": ""-99.0"", ""label"": ""History respondent not interviewed""}, {""value"": ""-97.0"", ""label"": ""History respondent misidentified""}, {""value"": ""-91.0"", ""label"": ""Not applicable""}, {""value"": ""0.0"", ""label"": ""Not mentioned""}, {""value"": ""1.0"", ""label"": ""Mentioned""}]"
151,W1StascHSab,HR: First choice because it's a private school,numeric,NOMINAL,-999.0 thru -1.0,"[{""value"": ""-995.0"", ""label"": ""Missing history section data - unexplained""}, {""value"": ""-99.0"", ""label"": ""History respondent not interviewed""}, {""value"": ""-97.0"", ""label"": ""History respondent misidentified""}, {""value"": ""-91.0"", ""label"": ""Not applicable""}, {""value"": ""0.0"", ""label"": ""Not mentioned""}, {""value"": ""1.0"", ""label"": ""Mentioned""}]"
152,W1StascHSac,HR: First choice because it's a comprehensive school,numeric,NOMINAL,-999.0 thru -1.0,"[{""value"": ""-995.0"", ""label"": ""Missing history section data - unexplained""}, {""value"": ""-99.0"", ""label"": ""History respondent not interviewed""}, {""value"": ""-97.0"", ""label"": ""History respondent misidentified""}, {""value"": ""-91.0"", ""label"": ""Not applicable""}, {""value"": ""0.0"", ""label"": ""Not mentioned""}, {""value"": ""1.0"", ""label"": ""Mentioned""}]"
153,W1StascHSad,HR: First choice because of the caring staff,numeric,NOMINAL,-999.0 thru -1.0,"[{""value"": ""-995.0"", ""label"": ""Missing history section data - unexplained""}, {""value"": ""-99.0"", ""label"": ""History respondent not interviewed""}, {""value"": ""-97.0"", ""label"": ""History respondent misidentified""}, {""value"": ""-91.0"", ""label"": ""Not applicable""}, {""value"": ""0.0"", ""label"": ""Not mentioned""}, {""value"": ""1.0"", ""label"": ""Mentioned""}]"
154,W1StascHSae,HR: First choice because it has competent teachers,numeric,NOMINAL,-999.0 thru -1.0,"[{""value"": ""-995.0"", ""label"": ""Missing history section data - unexplained""}, {""value"": ""-99.0"", ""label"": ""History respondent not interviewed""}, {""value"": ""-97.0"", ""label"": ""History respondent misidentified""}, {""value"": ""-91.0"", ""label"": ""Not applicable""}, {""value"": ""0.0"", ""label"": ""Not mentioned""}, {""value"": ""1.0"", ""label"": ""Mentioned""}]"
155,W1StascHSaf,HR: First choice because it has a good headteacher,numeric,NOMINAL,-999.0 thru -1.0,"[{""value"": ""-995.0"", ""label"": ""Missing history section data - unexplained""}, {""value"": ""-99.0"", ""label"": ""History respondent not interviewed""}, {""value"": ""-97.0"", ""label"": ""History respondent misidentified""}, {""value"": ""-91.0"", ""label"": ""Not applicable""}, {""value"": ""0.0"", ""label"": ""Not mentioned""}, {""value"": ""1.0"", ""label"": ""Mentioned""}]"
156,W1StascHSag,HR: First choice because it is well funded,numeric,NOMINAL,-999.0 thru -1.0,"[{""value"": ""-995.0"", ""label"": ""Missing history section data - unexplained""}, {""value"": ""-99.0"", ""label"": ""History respondent not interviewed""}, {""value"": ""-97.0"", ""label"": ""History respondent misidentified""}, {""value"": ""-91.0"", ""label"": ""Not applicable""}, {""value"": ""0.0"", ""label"": ""Not mentioned""}, {""value"": ""1.0"", ""label"": ""Mentioned""}]"
157,W1StascHSah,HR: First choice because it is in education action zone,numeric,NOMINAL,-999.0 thru -1.0,"[{""value"": ""-995.0"", ""label"": ""Missing history section data - unexplained""}, {""value"": ""-99.0"", ""label"": ""History respondent not interviewed""}, {""value"": ""-97.0"", ""label"": ""History respondent misidentified""}, {""value"": ""-91.0"", ""label"": ""Not applicable""}, {""value"": ""0.0"", ""label"": ""Not mentioned""}, {""value"": ""1.0"", ""label"": ""Mentioned""}]"
158,W1StascHSai,HR: First choice because it is part of excellence in cities initiative,numeric,NOMINAL,-999.0 thru -1.0,"[{""value"": ""-995.0"", ""label"": ""Missing history section data - unexplained""}, {""value"": ""-99.0"", ""label"": ""History respondent not interviewed""}, {""value"": ""-97.0"", ""label"": ""History respondent misidentified""}, {""value"": ""-91.0"", ""label"": ""Not applicable""}, {""value"": ""0.0"", ""label"": ""Not mentioned""}, {""value"": ""1.0"", ""label"": ""Mentioned""}]"
159,W1StascHSaj,HR: First choice because it receives extra funding because part of govt initiative,numeric,NOMINAL,-999.0 thru -1.0,"[{""value"": ""-995.0"", ""label"": ""Missing history section data - unexplained""}, {""value"": ""-99.0"", ""label"": ""History respondent not interviewed""}, {""value"": ""-97.0"", ""label"": ""History respondent misidentified""}, {""value"": ""-91.0"", ""label"": ""Not applicable""}, {""value"": ""0.0"", ""label"": ""Not mentioned""}, {""value"": ""1.0"", ""label"": ""Mentioned""}]"
160,W1StascHSak,HR: First choice because YP has a good chance of being offered place,numeric,NOMINAL,-999.0 thru -1.0,"[{""value"": ""-995.0"", ""label"": ""Missing history section data - unexplained""}, {""value"": ""-99.0"", ""label"": ""History respondent not interviewed""}, {""value"": ""-97.0"", ""label"": ""History respondent misidentified""}, {""value"": ""-91.0"", ""label"": ""Not applicable""}, {""value"": ""0.0"", ""label"": ""Not mentioned""}, {""value"": ""1.0"", ""label"": ""Mentioned""}]"
161,W1StascHSal,HR: First choice because it is the only school in area,numeric,NOMINAL,-999.0 thru -1.0,"[{""value"": ""-995.0"", ""label"": ""Missing history section data - unexplained""}, {""value"": ""-99.0"", ""label"": ""History respondent not interviewed""}, {""value"": ""-97.0"", ""label"": ""History respondent misidentified""}, {""value"": ""-91.0"", ""label"": ""Not applicable""}, {""value"": ""0.0"", ""label"": ""Not mentioned""}, {""value"": ""1.0"", ""label"": ""Mentioned""}]"
162,W1StascHSam,HR: First choice because it is in link or feeder school,numeric,NOMINAL,-999.0 thru -1.0,"[{""value"": ""-995.0"", ""label"": ""Missing history section data - unexplained""}, {""value"": ""-99.0"", ""label"": ""History respondent not interviewed""}, {""value"": ""-97.0"", ""label"": ""History respondent misidentified""}, {""value"": ""-91.0"", ""label"": ""Not applicable""}, {""value"": ""0.0"", ""label"": ""Not mentioned""}, {""value"": ""1.0"", ""label"": ""Mentioned""}]"
163,W1StascHSan,HR: First choice because YP's parent is a teacher there,numeric,NOMINAL,-999.0 thru -1.0,"[{""value"": ""-995.0"", ""label"": ""Missing history section data - unexplained""}, {""value"": ""-99.0"", ""label"": ""History respondent not interviewed""}, {""value"": ""-97.0"", ""label"": ""History respondent misidentified""}, {""value"": ""-91.0"", ""label"": ""Not applicable""}, {""value"": ""0.0"", ""label"": ""Not mentioned""}, {""value"": ""1.0"", ""label"": ""Mentioned""}]"
164,W1StascHSao,HR: First choice because it is in catchment area,numeric,NOMINAL,-999.0 thru -1.0,"[{""value"": ""-995.0"", ""label"": ""Missing history section data - unexplained""}, {""value"": ""-99.0"", ""label"": ""History respondent not interviewed""}, {""value"": ""-97.0"", ""label"": ""History respondent misidentified""}, {""value"": ""-91.0"", ""label"": ""Not applicable""}, {""value"": ""0.0"", ""label"": ""Not mentioned""}, {""value"": ""1.0"", ""label"": ""Mentioned""}]"
165,W1StascHSap,HR: First choice because they have small classes,numeric,NOMINAL,-999.0 thru -1.0,"[{""value"": ""-995.0"", ""label"": ""Missing history section data - unexplained""}, {""value"": ""-99.0"", ""label"": ""History respondent not interviewed""}, {""value"": ""-97.0"", ""label"": ""History respondent misidentified""}, {""value"": ""-91.0"", ""label"": ""Not applicable""}, {""value"": ""0.0"", ""label"": ""Not mentioned""}, {""value"": ""1.0"", ""label"": ""Mentioned""}]"
166,W1StascHSaq,HR: First choice because YP's parent just liked it with no specific reason,numeric,NOMINAL,-999.0 thru -1.0,"[{""value"": ""-995.0"", ""label"": ""Missing history section data - unexplained""}, {""value"": ""-99.0"", ""label"": ""History respondent not interviewed""}, {""value"": ""-97.0"", ""label"": ""History respondent misidentified""}, {""value"": ""-91.0"", ""label"": ""Not applicable""}, {""value"": ""0.0"", ""label"": ""Not mentioned""}, {""value"": ""1.0"", ""label"": ""Mentioned""}]"
167,W1StascHSar,HR: First choice because of 11 plus,numeric,NOMINAL,-999.0 thru -1.0,"[{""value"": ""-995.0"", ""label"": ""Missing history section data - unexplained""}, {""value"": ""-99.0"", ""label"": ""History respondent not interviewed""}, {""value"": ""-97.0"", ""label"": ""History respondent misidentified""}, {""value"": ""-91.0"", ""label"": ""Not applicable""}, {""value"": ""0.0"", ""label"": ""Not mentioned""}, {""value"": ""1.0"", ""label"": ""Mentioned""}]"
168,W1StascHSas,HR: First choice because it has special curriculum,numeric,NOMINAL,-999.0 thru -1.0,"[{""value"": ""-995.0"", ""label"": ""Missing history section data - unexplained""}, {""value"": ""-99.0"", ""label"": ""History respondent not interviewed""}, {""value"": ""-97.0"", ""label"": ""History respondent misidentified""}, {""value"": ""-91.0"", ""label"": ""Not applicable""}, {""value"": ""0.0"", ""label"": ""Not mentioned""}, {""value"": ""1.0"", ""label"": ""Mentioned""}]"
169,W1StascHSat,HR: First choice because there was no other option,numeric,NOMINAL,-999.0 thru -1.0,"[{""value"": ""-995.0"", ""label"": ""Missing history section data - unexplained""}, {""value"": ""-99.0"", ""label"": ""History respondent not interviewed""}, {""value"": ""-97.0"", ""label"": ""History respondent misidentified""}, {""value"": ""-91.0"", ""label"": ""Not applicable""}, {""value"": ""0.0"", ""label"": ""Not mentioned""}, {""value"": ""1.0"", ""label"": ""Mentioned""}]"
170,W1StascHSau,HR: First choice because there is transportation provided,numeric,NOMINAL,-999.0 thru -1.0,"[{""value"": ""-995.0"", ""label"": ""Missing history section data - unexplained""}, {""value"": ""-99.0"", ""label"": ""History respondent not interviewed""}, {""value"": ""-97.0"", ""label"": ""History respondent misidentified""}, {""value"": ""-91.0"", ""label"": ""Not applicable""}, {""value"": ""0.0"", ""label"": ""Not mentioned""}, {""value"": ""1.0"", ""label"": ""Mentioned""}]"
171,W1StascHSav,HR: First choice because MP liked ethos or atmosphere,numeric,NOMINAL,-999.0 thru -1.0,"[{""value"": ""-995.0"", ""label"": ""Missing history section data - unexplained""}, {""value"": ""-99.0"", ""label"": ""History respondent not interviewed""}, {""value"": ""-97.0"", ""label"": ""History respondent misidentified""}, {""value"": ""-91.0"", ""label"": ""Not applicable""}, {""value"": ""0.0"", ""label"": ""Not mentioned""}, {""value"": ""1.0"", ""label"": ""Mentioned""}]"
172,W1StascHSaw,HR: First choice because MP didn't like alternative or other school,numeric,NOMINAL,-999.0 thru -1.0,"[{""value"": ""-995.0"", ""label"": ""Missing history section data - unexplained""}, {""value"": ""-99.0"", ""label"": ""History respondent not interviewed""}, {""value"": ""-97.0"", ""label"": ""History respondent misidentified""}, {""value"": ""-91.0"", ""label"": ""Not applicable""}, {""value"": ""0.0"", ""label"": ""Not mentioned""}, {""value"": ""1.0"", ""label"": ""Mentioned""}]"
173,W1StascHSax,HR: First choice because it is the good or better or best school in the area,numeric,NOMINAL,-999.0 thru -1.0,"[{""value"": ""-995.0"", ""label"": ""Missing history section data - unexplained""}, {""value"": ""-99.0"", ""label"": ""History respondent not interviewed""}, {""value"": ""-97.0"", ""label"": ""History respondent misidentified""}, {""value"": ""-91.0"", ""label"": ""Not applicable""}, {""value"": ""0.0"", ""label"": ""Not mentioned""}, {""value"": ""1.0"", ""label"": ""Mentioned""}]"
174,W1StascHSay,HR: First choice because it is a smaller school,numeric,NOMINAL,-999.0 thru -1.0,"[{""value"": ""-995.0"", ""label"": ""Missing history section data - unexplained""}, {""value"": ""-99.0"", ""label"": ""History respondent not interviewed""}, {""value"": ""-97.0"", ""label"": ""History respondent misidentified""}, {""value"": ""-91.0"", ""label"": ""Not applicable""}, {""value"": ""0.0"", ""label"": ""Not mentioned""}, {""value"": ""1.0"", ""label"": ""Mentioned""}]"
175,W1StascHSaz,HR: First choice because of other reasons,numeric,NOMINAL,-999.0 thru -1.0,"[{""value"": ""-995.0"", ""label"": ""Missing history section data - unexplained""}, {""value"": ""-99.0"", ""label"": ""History respondent not interviewed""}, {""value"": ""-97.0"", ""label"": ""History respondent misidentified""}, {""value"": ""-91.0"", ""label"": ""Not applicable""}, {""value"": ""0.0"", ""label"": ""Not mentioned""}, {""value"": ""1.0"", ""label"": ""Mentioned""}]"
176,W1StascHSba,HR: MP doesn't know why it was their first choice,numeric,NOMINAL,-999.0 thru -1.0,"[{""value"": ""-995.0"", ""label"": ""Missing history section data - unexplained""}, {""value"": ""-99.0"", ""label"": ""History respondent not interviewed""}, {""value"": ""-97.0"", ""label"": ""History respondent misidentified""}, {""value"": ""-91.0"", ""label"": ""Not applicable""}, {""value"": ""0.0"", ""label"": ""Not mentioned""}, {""value"": ""1.0"", ""label"": ""Mentioned""}]"
177,W1YNtApHS0a,HR: Chose independent or private school because YP's friends were going there,numeric,NOMINAL,-999.0 thru -1.0,"[{""value"": ""-995.0"", ""label"": ""Missing history section data - unexplained""}, {""value"": ""-99.0"", ""label"": ""History respondent not interviewed""}, {""value"": ""-97.0"", ""label"": ""History respondent misidentified""}, {""value"": ""-91.0"", ""label"": ""Not applicable""}, {""value"": ""0.0"", ""label"": ""Not mentioned""}, {""value"": ""1.0"", ""label"": ""Mentioned""}]"
178,W1YNtApHS0b,HR: Chose independent or private school because the school has good exam results,numeric,NOMINAL,-999.0 thru -1.0,"[{""value"": ""-995.0"", ""label"": ""Missing history section data - unexplained""}, {""value"": ""-99.0"", ""label"": ""History respondent not interviewed""}, {""value"": ""-97.0"", ""label"": ""History respondent misidentified""}, {""value"": ""-91.0"", ""label"": ""Not applicable""}, {""value"": ""0.0"", ""label"": ""Not mentioned""}, {""value"": ""1.0"", ""label"": ""Mentioned""}]"
179,W1YNtApHS0c,HR: Chose independent or private school because there is relatively little bullying at the school,numeric,NOMINAL,-999.0 thru -1.0,"[{""value"": ""-995.0"", ""label"": ""Missing history section data - unexplained""}, {""value"": ""-99.0"", ""label"": ""History respondent not interviewed""}, {""value"": ""-97.0"", ""label"": ""History respondent misidentified""}, {""value"": ""-91.0"", ""label"": ""Not applicable""}, {""value"": ""0.0"", ""label"": ""Not mentioned""}, {""value"": ""1.0"", ""label"": ""Mentioned""}]"
180,W1YNtApHS0d,HR: Chose independent or private school because it's easy to get to,numeric,NOMINAL,-999.0 thru -1.0,"[{""value"": ""-995.0"", ""label"": ""Missing history section data - unexplained""}, {""value"": ""-99.0"", ""label"": ""History respondent not interviewed""}, {""value"": ""-97.0"", ""label"": ""History respondent misidentified""}, {""value"": ""-91.0"", ""label"": ""Not applicable""}, {""value"": ""0.0"", ""label"": ""Not mentioned""}, {""value"": ""1.0"", ""label"": ""Mentioned""}]"
181,W1YNtApHS0e,HR: Chose independent or private school because of religious grounds,numeric,NOMINAL,-999.0 thru -1.0,"[{""value"": ""-995.0"", ""label"": ""Missing history section data - unexplained""}, {""value"": ""-99.0"", ""label"": ""History respondent not interviewed""}, {""value"": ""-97.0"", ""label"": ""History respondent misidentified""}, {""value"": ""-91.0"", ""label"": ""Not applicable""}, {""value"": ""0.0"", ""label"": ""Not mentioned""}, {""value"": ""1.0"", ""label"": ""Mentioned""}]"
182,W1YNtApHS0f,HR: Chose independent or private school because YP's brother or sister goes or went there,numeric,NOMINAL,-999.0 thru -1.0,"[{""value"": ""-998.0"", ""label"": ""Mising history section data - unexplained""}, {""value"": ""-995.0"", ""label"": ""Missing history section data - unexplained""}, {""value"": ""-99.0"", ""label"": ""History respondent not interviewed""}, {""value"": ""-97.0"", ""label"": ""History respondent misidentified""}, {""value"": ""-91.0"", ""label"": ""Not applicable""}, {""value"": ""0.0"", ""label"": ""Not mentioned""}, {""value"": ""1.0"", ""label"": ""Mentioned""}]"
183,W1YNtApHS0g,HR: Chose independent or private school because it takes the pupils from the school the child was at before,numeric,NOMINAL,-999.0 thru -1.0,"[{""value"": ""-995.0"", ""label"": ""Missing history section data - unexplained""}, {""value"": ""-99.0"", ""label"": ""History respondent not interviewed""}, {""value"": ""-97.0"", ""label"": ""History respondent misidentified""}, {""value"": ""-91.0"", ""label"": ""Not applicable""}, {""value"": ""0.0"", ""label"": ""Not mentioned""}, {""value"": ""1.0"", ""label"": ""Mentioned""}]"
184,W1YNtApHS0h,HR: Chose independent or private school because MP (or partner) went there,numeric,NOMINAL,-999.0 thru -1.0,"[{""value"": ""-995.0"", ""label"": ""Missing history section data - unexplained""}, {""value"": ""-99.0"", ""label"": ""History respondent not interviewed""}, {""value"": ""-97.0"", ""label"": ""History respondent misidentified""}, {""value"": ""-91.0"", ""label"": ""Not applicable""}, {""value"": ""0.0"", ""label"": ""Not mentioned""}, {""value"": ""1.0"", ""label"": ""Mentioned""}]"
185,W1YNtApHS0i,HR: Chose independent or private school because other relative went there,numeric,NOMINAL,-999.0 thru -1.0,"[{""value"": ""-995.0"", ""label"": ""Missing history section data - unexplained""}, {""value"": ""-99.0"", ""label"": ""History respondent not interviewed""}, {""value"": ""-97.0"", ""label"": ""History respondent misidentified""}, {""value"": ""-91.0"", ""label"": ""Not applicable""}, {""value"": ""0.0"", ""label"": ""Not mentioned""}, {""value"": ""1.0"", ""label"": ""Mentioned""}]"
186,W1YNtApHS0j,HR: Chose independent or private school because it has a good reputation or was well recommended,numeric,NOMINAL,-999.0 thru -1.0,"[{""value"": ""-995.0"", ""label"": ""Missing history section data - unexplained""}, {""value"": ""-99.0"", ""label"": ""History respondent not interviewed""}, {""value"": ""-97.0"", ""label"": ""History respondent misidentified""}, {""value"": ""-91.0"", ""label"": ""Not applicable""}, {""value"": ""0.0"", ""label"": ""Not mentioned""}, {""value"": ""1.0"", ""label"": ""Mentioned""}]"
187,W1YNtApHS0k,HR: Chose independent or private school because it is a popular school,numeric,NOMINAL,-999.0 thru -1.0,"[{""value"": ""-995.0"", ""label"": ""Missing history section data - unexplained""}, {""value"": ""-99.0"", ""label"": ""History respondent not interviewed""}, {""value"": ""-97.0"", ""label"": ""History respondent misidentified""}, {""value"": ""-91.0"", ""label"": ""Not applicable""}, {""value"": ""0.0"", ""label"": ""Not mentioned""}, {""value"": ""1.0"", ""label"": ""Mentioned""}]"
188,W1YNtApHS0l,HR: Chose independent or private school because it has firm discipline,numeric,NOMINAL,-999.0 thru -1.0,"[{""value"": ""-995.0"", ""label"": ""Missing history section data - unexplained""}, {""value"": ""-99.0"", ""label"": ""History respondent not interviewed""}, {""value"": ""-97.0"", ""label"": ""History respondent misidentified""}, {""value"": ""-91.0"", ""label"": ""Not applicable""}, {""value"": ""0.0"", ""label"": ""Not mentioned""}, {""value"": ""1.0"", ""label"": ""Mentioned""}]"
189,W1YNtApHS0m,HR: Chose independent or private school because it has a strict uniform or dress code,numeric,NOMINAL,-999.0 thru -1.0,"[{""value"": ""-995.0"", ""label"": ""Missing history section data - unexplained""}, {""value"": ""-99.0"", ""label"": ""History respondent not interviewed""}, {""value"": ""-97.0"", ""label"": ""History respondent misidentified""}, {""value"": ""-91.0"", ""label"": ""Not applicable""}, {""value"": ""0.0"", ""label"": ""Not mentioned""}, {""value"": ""1.0"", ""label"": ""Mentioned""}]"
190,W1YNtApHS0n,HR: Chose independent or private school because YP wanted to go there,numeric,NOMINAL,-999.0 thru -1.0,"[{""value"": ""-995.0"", ""label"": ""Missing history section data - unexplained""}, {""value"": ""-99.0"", ""label"": ""History respondent not interviewed""}, {""value"": ""-97.0"", ""label"": ""History respondent misidentified""}, {""value"": ""-91.0"", ""label"": ""Not applicable""}, {""value"": ""0.0"", ""label"": ""Not mentioned""}, {""value"": ""1.0"", ""label"": ""Mentioned""}]"
191,W1YNtApHS0o,HR: Chose independent or private school because YP will be happy there,numeric,NOMINAL,-999.0 thru -1.0,"[{""value"": ""-995.0"", ""label"": ""Missing history section data - unexplained""}, {""value"": ""-99.0"", ""label"": ""History respondent not interviewed""}, {""value"": ""-97.0"", ""label"": ""History respondent misidentified""}, {""value"": ""-91.0"", ""label"": ""Not applicable""}, {""value"": ""0.0"", ""label"": ""Not mentioned""}, {""value"": ""1.0"", ""label"": ""Mentioned""}]"
192,W1YNtApHS0p,HR: Chose independent or private school because it suited to YP's academic needs,numeric,NOMINAL,-999.0 thru -1.0,"[{""value"": ""-995.0"", ""label"": ""Missing history section data - unexplained""}, {""value"": ""-99.0"", ""label"": ""History respondent not interviewed""}, {""value"": ""-97.0"", ""label"": ""History respondent misidentified""}, {""value"": ""-91.0"", ""label"": ""Not applicable""}, {""value"": ""0.0"", ""label"": ""Not mentioned""}, {""value"": ""1.0"", ""label"": ""Mentioned""}]"
193,W1YNtApHS0q,HR: Chose independent or private school because it suited to YP's special needs,numeric,NOMINAL,-999.0 thru -1.0,"[{""value"": ""-995.0"", ""label"": ""Missing history section data - unexplained""}, {""value"": ""-99.0"", ""label"": ""History respondent not interviewed""}, {""value"": ""-97.0"", ""label"": ""History respondent misidentified""}, {""value"": ""-91.0"", ""label"": ""Not applicable""}, {""value"": ""0.0"", ""label"": ""Not mentioned""}, {""value"": ""1.0"", ""label"": ""Mentioned""}]"
194,W1YNtApHS0r,HR: Chose independent or private school because it respects YP's cultural or ethnic origins,numeric,NOMINAL,-999.0 thru -1.0,"[{""value"": ""-995.0"", ""label"": ""Missing history section data - unexplained""}, {""value"": ""-99.0"", ""label"": ""History respondent not interviewed""}, {""value"": ""-97.0"", ""label"": ""History respondent misidentified""}, {""value"": ""-91.0"", ""label"": ""Not applicable""}, {""value"": ""0.0"", ""label"": ""Not mentioned""}, {""value"": ""1.0"", ""label"": ""Mentioned""}]"
195,W1YNtApHS0s,HR: Chose independent or private school because it is near to home or in locality or short distance from home,numeric,NOMINAL,-999.0 thru -1.0,"[{""value"": ""-995.0"", ""label"": ""Missing history section data - unexplained""}, {""value"": ""-99.0"", ""label"": ""History respondent not interviewed""}, {""value"": ""-97.0"", ""label"": ""History respondent misidentified""}, {""value"": ""-91.0"", ""label"": ""Not applicable""}, {""value"": ""0.0"", ""label"": ""Not mentioned""}, {""value"": ""1.0"", ""label"": ""Mentioned""}]"
196,W1YNtApHS0t,HR: Chose independent or private school because it's on way or near to work or office,numeric,NOMINAL,-999.0 thru -1.0,"[{""value"": ""-995.0"", ""label"": ""Missing history section data - unexplained""}, {""value"": ""-99.0"", ""label"": ""History respondent not interviewed""}, {""value"": ""-97.0"", ""label"": ""History respondent misidentified""}, {""value"": ""-91.0"", ""label"": ""Not applicable""}, {""value"": ""0.0"", ""label"": ""Not mentioned""}, {""value"": ""1.0"", ""label"": ""Mentioned""}]"
197,W1YNtApHS0u,HR: Chose independent or private school because its broad curriculum or wide choice of subjects or options,numeric,NOMINAL,-999.0 thru -1.0,"[{""value"": ""-995.0"", ""label"": ""Missing history section data - unexplained""}, {""value"": ""-99.0"", ""label"": ""History respondent not interviewed""}, {""value"": ""-97.0"", ""label"": ""History respondent misidentified""}, {""value"": ""-91.0"", ""label"": ""Not applicable""}, {""value"": ""0.0"", ""label"": ""Not mentioned""}, {""value"": ""1.0"", ""label"": ""Mentioned""}]"
198,W1YNtApHS0v,HR: Chose independent or private school because it's strength in particular specialism,numeric,NOMINAL,-999.0 thru -1.0,"[{""value"": ""-995.0"", ""label"": ""Missing history section data - unexplained""}, {""value"": ""-99.0"", ""label"": ""History respondent not interviewed""}, {""value"": ""-97.0"", ""label"": ""History respondent misidentified""}, {""value"": ""-91.0"", ""label"": ""Not applicable""}, {""value"": ""0.0"", ""label"": ""Not mentioned""}, {""value"": ""1.0"", ""label"": ""Mentioned""}]"
199,W1YNtApHS0w,HR: Chose independent or private school because it has good facilities - e g computing or language or music or sports,numeric,NOMINAL,-999.0 thru -1.0,"[{""value"": ""-995.0"", ""label"": ""Missing history section data - unexplained""}, {""value"": ""-99.0"", ""label"": ""History respondent not interviewed""}, {""value"": ""-97.0"", ""label"": ""History respondent misidentified""}, {""value"": ""-91.0"", ""label"": ""Not applicable""}, {""value"": ""0.0"", ""label"": ""Not mentioned""}, {""value"": ""1.0"", ""label"": ""Mentioned""}]"
200,W1YNtApHS0x,HR: Chose independent or private school because there are many activities or hobbies or clubs,numeric,NOMINAL,-999.0 thru -1.0,"[{""value"": ""-995.0"", ""label"": ""Missing history section data - unexplained""}, {""value"": ""-99.0"", ""label"": ""History respondent not interviewed""}, {""value"": ""-97.0"", ""label"": ""History respondent misidentified""}, {""value"": ""-91.0"", ""label"": ""Not applicable""}, {""value"": ""0.0"", ""label"": ""Not mentioned""}, {""value"": ""1.0"", ""label"": ""Mentioned""}]"
201,W1YNtApHS0y,HR: Chose independent or private school because it is single sex,numeric,NOMINAL,-999.0 thru -1.0,"[{""value"": ""-995.0"", ""label"": ""Missing history section data - unexplained""}, {""value"": ""-99.0"", ""label"": ""History respondent not interviewed""}, {""value"": ""-97.0"", ""label"": ""History respondent misidentified""}, {""value"": ""-91.0"", ""label"": ""Not applicable""}, {""value"": ""0.0"", ""label"": ""Not mentioned""}, {""value"": ""1.0"", ""label"": ""Mentioned""}]"
202,W1YNtApHS0z,HR: Chose independent or private school because it is co-educational,numeric,NOMINAL,-999.0 thru -1.0,"[{""value"": ""-995.0"", ""label"": ""Missing history section data - unexplained""}, {""value"": ""-99.0"", ""label"": ""History respondent not interviewed""}, {""value"": ""-97.0"", ""label"": ""History respondent misidentified""}, {""value"": ""-91.0"", ""label"": ""Not applicable""}, {""value"": ""0.0"", ""label"": ""Not mentioned""}, {""value"": ""1.0"", ""label"": ""Mentioned""}]"
203,W1YNtApHSaa,HR: Chose independent or private school because it's a grammar school,numeric,NOMINAL,-999.0 thru -1.0,"[{""value"": ""-995.0"", ""label"": ""Missing history section data - unexplained""}, {""value"": ""-99.0"", ""label"": ""History respondent not interviewed""}, {""value"": ""-97.0"", ""label"": ""History respondent misidentified""}, {""value"": ""-91.0"", ""label"": ""Not applicable""}, {""value"": ""0.0"", ""label"": ""Not mentioned""}, {""value"": ""1.0"", ""label"": ""Mentioned""}]"
204,W1YNtApHSab,HR: Chose independent or private school because it's a private school,numeric,NOMINAL,-999.0 thru -1.0,"[{""value"": ""-995.0"", ""label"": ""Missing history section data - unexplained""}, {""value"": ""-99.0"", ""label"": ""History respondent not interviewed""}, {""value"": ""-97.0"", ""label"": ""History respondent misidentified""}, {""value"": ""-91.0"", ""label"": ""Not applicable""}, {""value"": ""0.0"", ""label"": ""Not mentioned""}, {""value"": ""1.0"", ""label"": ""Mentioned""}]"
205,W1YNtApHSac,HR: Chose independent or private school because it's a comprehensive school,numeric,NOMINAL,-999.0 thru -1.0,"[{""value"": ""-995.0"", ""label"": ""Missing history section data - unexplained""}, {""value"": ""-99.0"", ""label"": ""History respondent not interviewed""}, {""value"": ""-97.0"", ""label"": ""History respondent misidentified""}, {""value"": ""-91.0"", ""label"": ""Not applicable""}, {""value"": ""0.0"", ""label"": ""Not mentioned""}, {""value"": ""1.0"", ""label"": ""Mentioned""}]"
206,W1YNtApHSad,HR: Chose independent or private school because of the caring staff,numeric,NOMINAL,-999.0 thru -1.0,"[{""value"": ""-995.0"", ""label"": ""Missing history section data - unexplained""}, {""value"": ""-99.0"", ""label"": ""History respondent not interviewed""}, {""value"": ""-97.0"", ""label"": ""History respondent misidentified""}, {""value"": ""-91.0"", ""label"": ""Not applicable""}, {""value"": ""0.0"", ""label"": ""Not mentioned""}, {""value"": ""1.0"", ""label"": ""Mentioned""}]"
207,W1YNtApHSae,HR: Chose independent or private school because it has competent teachers,numeric,NOMINAL,-999.0 thru -1.0,"[{""value"": ""-995.0"", ""label"": ""Missing history section data - unexplained""}, {""value"": ""-99.0"", ""label"": ""History respondent not interviewed""}, {""value"": ""-97.0"", ""label"": ""History respondent misidentified""}, {""value"": ""-91.0"", ""label"": ""Not applicable""}, {""value"": ""0.0"", ""label"": ""Not mentioned""}, {""value"": ""1.0"", ""label"": ""Mentioned""}]"
208,W1YNtApHSaf,HR: Chose independent or private school because it has good teachers,numeric,NOMINAL,-999.0 thru -1.0,"[{""value"": ""-995.0"", ""label"": ""Missing history section data - unexplained""}, {""value"": ""-99.0"", ""label"": ""History respondent not interviewed""}, {""value"": ""-97.0"", ""label"": ""History respondent misidentified""}, {""value"": ""-91.0"", ""label"": ""Not applicable""}, {""value"": ""0.0"", ""label"": ""Not mentioned""}, {""value"": ""1.0"", ""label"": ""Mentioned""}]"
209,W1YNtApHSag,HR: Chose independent or private school because it has a good headteacher,numeric,NOMINAL,-999.0 thru -1.0,"[{""value"": ""-995.0"", ""label"": ""Missing history section data - unexplained""}, {""value"": ""-99.0"", ""label"": ""History respondent not interviewed""}, {""value"": ""-97.0"", ""label"": ""History respondent misidentified""}, {""value"": ""-91.0"", ""label"": ""Not applicable""}, {""value"": ""0.0"", ""label"": ""Not mentioned""}, {""value"": ""1.0"", ""label"": ""Mentioned""}]"
210,W1YNtApHSah,HR: Chose independent or private school because it is well funded,numeric,NOMINAL,-999.0 thru -1.0,"[{""value"": ""-995.0"", ""label"": ""Missing history section data - unexplained""}, {""value"": ""-99.0"", ""label"": ""History respondent not interviewed""}, {""value"": ""-97.0"", ""label"": ""History respondent misidentified""}, {""value"": ""-91.0"", ""label"": ""Not applicable""}, {""value"": ""0.0"", ""label"": ""Not mentioned""}, {""value"": ""1.0"", ""label"": ""Mentioned""}]"
211,W1YNtApHSai,HR: Chose independent or private school because it is in education action zone,numeric,NOMINAL,-999.0 thru -1.0,"[{""value"": ""-995.0"", ""label"": ""Missing history section data - unexplained""}, {""value"": ""-99.0"", ""label"": ""History respondent not interviewed""}, {""value"": ""-97.0"", ""label"": ""History respondent misidentified""}, {""value"": ""-91.0"", ""label"": ""Not applicable""}, {""value"": ""0.0"", ""label"": ""Not mentioned""}, {""value"": ""1.0"", ""label"": ""Mentioned""}]"
212,W1YNtApHSaj,HR: Chose independent or private school because it is part of excellence in cities initiative,numeric,NOMINAL,-999.0 thru -1.0,"[{""value"": ""-995.0"", ""label"": ""Missing history section data - unexplained""}, {""value"": ""-99.0"", ""label"": ""History respondent not interviewed""}, {""value"": ""-97.0"", ""label"": ""History respondent misidentified""}, {""value"": ""-91.0"", ""label"": ""Not applicable""}, {""value"": ""0.0"", ""label"": ""Not mentioned""}, {""value"": ""1.0"", ""label"": ""Mentioned""}]"
213,W1YNtApHSak,HR: Chose independent or private school because it receives extra funding because part of govt initiative,numeric,NOMINAL,-999.0 thru -1.0,"[{""value"": ""-995.0"", ""label"": ""Missing history section data - unexplained""}, {""value"": ""-99.0"", ""label"": ""History respondent not interviewed""}, {""value"": ""-97.0"", ""label"": ""History respondent misidentified""}, {""value"": ""-91.0"", ""label"": ""Not applicable""}, {""value"": ""0.0"", ""label"": ""Not mentioned""}, {""value"": ""1.0"", ""label"": ""Mentioned""}]"
214,W1YNtApHSal,HR: Chose independent or private school because YP had a good chance of being offered place,numeric,NOMINAL,-999.0 thru -1.0,"[{""value"": ""-995.0"", ""label"": ""Missing history section data - unexplained""}, {""value"": ""-99.0"", ""label"": ""History respondent not interviewed""}, {""value"": ""-97.0"", ""label"": ""History respondent misidentified""}, {""value"": ""-91.0"", ""label"": ""Not applicable""}, {""value"": ""0.0"", ""label"": ""Not mentioned""}, {""value"": ""1.0"", ""label"": ""Mentioned""}]"
215,W1YNtApHSam,HR: Chose independent or private school because it is the only school in area,numeric,NOMINAL,-999.0 thru -1.0,"[{""value"": ""-995.0"", ""label"": ""Missing history section data - unexplained""}, {""value"": ""-99.0"", ""label"": ""History respondent not interviewed""}, {""value"": ""-97.0"", ""label"": ""History respondent misidentified""}, {""value"": ""-91.0"", ""label"": ""Not applicable""}, {""value"": ""0.0"", ""label"": ""Not mentioned""}, {""value"": ""1.0"", ""label"": ""Mentioned""}]"
216,W1YNtApHSan,HR: Chose independent or private school because YP's parent is a teacher there,numeric,NOMINAL,-999.0 thru -1.0,"[{""value"": ""-995.0"", ""label"": ""Missing history section data - unexplained""}, {""value"": ""-99.0"", ""label"": ""History respondent not interviewed""}, {""value"": ""-97.0"", ""label"": ""History respondent misidentified""}, {""value"": ""-91.0"", ""label"": ""Not applicable""}, {""value"": ""0.0"", ""label"": ""Not mentioned""}, {""value"": ""1.0"", ""label"": ""Mentioned""}]"
217,W1YNtApHSao,HR: Chose independent or private school because it is in catchment area,numeric,NOMINAL,-999.0 thru -1.0,"[{""value"": ""-995.0"", ""label"": ""Missing history section data - unexplained""}, {""value"": ""-99.0"", ""label"": ""History respondent not interviewed""}, {""value"": ""-97.0"", ""label"": ""History respondent misidentified""}, {""value"": ""-91.0"", ""label"": ""Not applicable""}, {""value"": ""0.0"", ""label"": ""Not mentioned""}, {""value"": ""1.0"", ""label"": ""Mentioned""}]"
218,W1YNtApHSap,HR: Chose independent or private school because they have small classes,numeric,NOMINAL,-999.0 thru -1.0,"[{""value"": ""-995.0"", ""label"": ""Missing history section data - unexplained""}, {""value"": ""-99.0"", ""label"": ""History respondent not interviewed""}, {""value"": ""-97.0"", ""label"": ""History respondent misidentified""}, {""value"": ""-91.0"", ""label"": ""Not applicable""}, {""value"": ""0.0"", ""label"": ""Not mentioned""}, {""value"": ""1.0"", ""label"": ""Mentioned""}]"
219,W1YNtApHSaq,HR: Chose independent or private school because MP liked it with no specific reason,numeric,NOMINAL,-999.0 thru -1.0,"[{""value"": ""-995.0"", ""label"": ""Missing history section data - unexplained""}, {""value"": ""-99.0"", ""label"": ""History respondent not interviewed""}, {""value"": ""-97.0"", ""label"": ""History respondent misidentified""}, {""value"": ""-91.0"", ""label"": ""Not applicable""}, {""value"": ""0.0"", ""label"": ""Not mentioned""}, {""value"": ""1.0"", ""label"": ""Mentioned""}]"
220,W1YNtApHSar,HR: Chose independent or private school because of 11 plus,numeric,NOMINAL,-999.0 thru -1.0,"[{""value"": ""-995.0"", ""label"": ""Missing history section data - unexplained""}, {""value"": ""-99.0"", ""label"": ""History respondent not interviewed""}, {""value"": ""-97.0"", ""label"": ""History respondent misidentified""}, {""value"": ""-91.0"", ""label"": ""Not applicable""}, {""value"": ""0.0"", ""label"": ""Not mentioned""}, {""value"": ""1.0"", ""label"": ""Mentioned""}]"
221,W1YNtApHSas,HR: Chose independent or private school because it has special curriculum,numeric,NOMINAL,-999.0 thru -1.0,"[{""value"": ""-995.0"", ""label"": ""Missing history section data - unexplained""}, {""value"": ""-99.0"", ""label"": ""History respondent not interviewed""}, {""value"": ""-97.0"", ""label"": ""History respondent misidentified""}, {""value"": ""-91.0"", ""label"": ""Not applicable""}, {""value"": ""0.0"", ""label"": ""Not mentioned""}, {""value"": ""1.0"", ""label"": ""Mentioned""}]"
222,W1YNtApHSat,HR: Chose independent or private school because there was no other option,numeric,NOMINAL,-999.0 thru -1.0,"[{""value"": ""-995.0"", ""label"": ""Missing history section data - unexplained""}, {""value"": ""-99.0"", ""label"": ""History respondent not interviewed""}, {""value"": ""-97.0"", ""label"": ""History respondent misidentified""}, {""value"": ""-91.0"", ""label"": ""Not applicable""}, {""value"": ""0.0"", ""label"": ""Not mentioned""}, {""value"": ""1.0"", ""label"": ""Mentioned""}]"
223,W1YNtApHSau,HR: Chose independent or private school because there is transportation provided,numeric,NOMINAL,-999.0 thru -1.0,"[{""value"": ""-995.0"", ""label"": ""Missing history section data - unexplained""}, {""value"": ""-99.0"", ""label"": ""History respondent not interviewed""}, {""value"": ""-97.0"", ""label"": ""History respondent misidentified""}, {""value"": ""-91.0"", ""label"": ""Not applicable""}, {""value"": ""0.0"", ""label"": ""Not mentioned""}, {""value"": ""1.0"", ""label"": ""Mentioned""}]"
224,W1YNtApHSav,HR: Chose independent or private school because it is the good or better or best in the area,numeric,NOMINAL,-999.0 thru -1.0,"[{""value"": ""-995.0"", ""label"": ""Missing history section data - unexplained""}, {""value"": ""-99.0"", ""label"": ""History respondent not interviewed""}, {""value"": ""-97.0"", ""label"": ""History respondent misidentified""}, {""value"": ""-91.0"", ""label"": ""Not applicable""}, {""value"": ""0.0"", ""label"": ""Not mentioned""}, {""value"": ""1.0"", ""label"": ""Mentioned""}]"
225,W1YNtApHSaw,HR: Chose independent or private school because of other reasons,numeric,NOMINAL,-999.0 thru -1.0,"[{""value"": ""-995.0"", ""label"": ""Missing history section data - unexplained""}, {""value"": ""-99.0"", ""label"": ""History respondent not interviewed""}, {""value"": ""-97.0"", ""label"": ""History respondent misidentified""}, {""value"": ""-91.0"", ""label"": ""Not applicable""}, {""value"": ""0.0"", ""label"": ""Not mentioned""}, {""value"": ""1.0"", ""label"": ""Mentioned""}]"
226,W1YNtApHSax,HR: Doesn't know why wanted YP to go to independent or private school,numeric,NOMINAL,-999.0 thru -1.0,"[{""value"": ""-995.0"", ""label"": ""Missing history section data - unexplained""}, {""value"": ""-99.0"", ""label"": ""History respondent not interviewed""}, {""value"": ""-97.0"", ""label"": ""History respondent misidentified""}, {""value"": ""-91.0"", ""label"": ""Not applicable""}, {""value"": ""0.0"", ""label"": ""Not mentioned""}, {""value"": ""1.0"", ""label"": ""Mentioned""}]"
227,W1WhyBeHS0a,HR: Wanted YP to go to current school because YP's friends were going there,numeric,NOMINAL,-999.0 thru -1.0,"[{""value"": ""-995.0"", ""label"": ""Missing history section data - unexplained""}, {""value"": ""-99.0"", ""label"": ""History respondent not interviewed""}, {""value"": ""-97.0"", ""label"": ""History respondent misidentified""}, {""value"": ""-91.0"", ""label"": ""Not applicable""}, {""value"": ""0.0"", ""label"": ""Not mentioned""}, {""value"": ""1.0"", ""label"": ""Mentioned""}]"
228,W1WhyBeHS0b,HR: Wanted YP to go to current school because school has good exam results,numeric,NOMINAL,-999.0 thru -1.0,"[{""value"": ""-995.0"", ""label"": ""Missing history section data - unexplained""}, {""value"": ""-99.0"", ""label"": ""History respondent not interviewed""}, {""value"": ""-97.0"", ""label"": ""History respondent misidentified""}, {""value"": ""-91.0"", ""label"": ""Not applicable""}, {""value"": ""0.0"", ""label"": ""Not mentioned""}, {""value"": ""1.0"", ""label"": ""Mentioned""}]"
229,W1WhyBeHS0c,HR: Wanted YP to go to current school because there is relatively little bullying at the school,numeric,NOMINAL,-999.0 thru -1.0,"[{""value"": ""-995.0"", ""label"": ""Missing history section data - unexplained""}, {""value"": ""-99.0"", ""label"": ""History respondent not interviewed""}, {""value"": ""-97.0"", ""label"": ""History respondent misidentified""}, {""value"": ""-91.0"", ""label"": ""Not applicable""}, {""value"": ""0.0"", ""label"": ""Not mentioned""}, {""value"": ""1.0"", ""label"": ""Mentioned""}]"
230,W1WhyBeHS0d,HR: Wanted YP to go to current school because it's easy to get to,numeric,NOMINAL,-999.0 thru -1.0,"[{""value"": ""-995.0"", ""label"": ""Missing history section data - unexplained""}, {""value"": ""-99.0"", ""label"": ""History respondent not interviewed""}, {""value"": ""-97.0"", ""label"": ""History respondent misidentified""}, {""value"": ""-91.0"", ""label"": ""Not applicable""}, {""value"": ""0.0"", ""label"": ""Not mentioned""}, {""value"": ""1.0"", ""label"": ""Mentioned""}]"
231,W1WhyBeHS0e,HR: Wanted YP to go to current school because of religious grounds,numeric,NOMINAL,-999.0 thru -1.0,"[{""value"": ""-995.0"", ""label"": ""Missing history section data - unexplained""}, {""value"": ""-99.0"", ""label"": ""History respondent not interviewed""}, {""value"": ""-97.0"", ""label"": ""History respondent misidentified""}, {""value"": ""-91.0"", ""label"": ""Not applicable""}, {""value"": ""0.0"", ""label"": ""Not mentioned""}, {""value"": ""1.0"", ""label"": ""Mentioned""}]"
232,W1WhyBeHS0f,HR: Wanted YP to go to current school because YP's brother or sister goes or went there,numeric,NOMINAL,-999.0 thru -1.0,"[{""value"": ""-995.0"", ""label"": ""Missing history section data - unexplained""}, {""value"": ""-99.0"", ""label"": ""History respondent not interviewed""}, {""value"": ""-97.0"", ""label"": ""History respondent misidentified""}, {""value"": ""-91.0"", ""label"": ""Not applicable""}, {""value"": ""0.0"", ""label"": ""Not mentioned""}, {""value"": ""1.0"", ""label"": ""Mentioned""}]"
233,W1WhyBeHS0g,HR: Wanted YP to go to current school because it takes its pupils from the school they were at before,numeric,NOMINAL,-999.0 thru -1.0,"[{""value"": ""-995.0"", ""label"": ""Missing history section data - unexplained""}, {""value"": ""-99.0"", ""label"": ""History respondent not interviewed""}, {""value"": ""-97.0"", ""label"": ""History respondent misidentified""}, {""value"": ""-91.0"", ""label"": ""Not applicable""}, {""value"": ""0.0"", ""label"": ""Not mentioned""}, {""value"": ""1.0"", ""label"": ""Mentioned""}]"
234,W1WhyBeHS0h,HR: Wanted YP to go to current school because MP (or partner) went there,numeric,NOMINAL,-999.0 thru -1.0,"[{""value"": ""-995.0"", ""label"": ""Missing history section data - unexplained""}, {""value"": ""-99.0"", ""label"": ""History respondent not interviewed""}, {""value"": ""-97.0"", ""label"": ""History respondent misidentified""}, {""value"": ""-91.0"", ""label"": ""Not applicable""}, {""value"": ""0.0"", ""label"": ""Not mentioned""}, {""value"": ""1.0"", ""label"": ""Mentioned""}]"
235,W1WhyBeHS0i,HR: Wanted YP to go to current school because other relative went there,numeric,NOMINAL,-999.0 thru -1.0,"[{""value"": ""-995.0"", ""label"": ""Missing history section data - unexplained""}, {""value"": ""-99.0"", ""label"": ""History respondent not interviewed""}, {""value"": ""-97.0"", ""label"": ""History respondent misidentified""}, {""value"": ""-91.0"", ""label"": ""Not applicable""}, {""value"": ""0.0"", ""label"": ""Not mentioned""}, {""value"": ""1.0"", ""label"": ""Mentioned""}]"
236,W1WhyBeHS0j,HR: Wanted YP to go to current school because of it's good reputation or well recommended,numeric,NOMINAL,-999.0 thru -1.0,"[{""value"": ""-995.0"", ""label"": ""Missing history section data - unexplained""}, {""value"": ""-99.0"", ""label"": ""History respondent not interviewed""}, {""value"": ""-97.0"", ""label"": ""History respondent misidentified""}, {""value"": ""-91.0"", ""label"": ""Not applicable""}, {""value"": ""0.0"", ""label"": ""Not mentioned""}, {""value"": ""1.0"", ""label"": ""Mentioned""}]"
237,W1WhyBeHS0k,HR: Wanted YP to go to current school because it's a popular school,numeric,NOMINAL,-999.0 thru -1.0,"[{""value"": ""-995.0"", ""label"": ""Missing history section data - unexplained""}, {""value"": ""-99.0"", ""label"": ""History respondent not interviewed""}, {""value"": ""-97.0"", ""label"": ""History respondent misidentified""}, {""value"": ""-91.0"", ""label"": ""Not applicable""}, {""value"": ""0.0"", ""label"": ""Not mentioned""}, {""value"": ""1.0"", ""label"": ""Mentioned""}]"
238,W1WhyBeHS0l,HR: Wanted YP to go to current school because of it's firm discipline,numeric,NOMINAL,-999.0 thru -1.0,"[{""value"": ""-995.0"", ""label"": ""Missing history section data - unexplained""}, {""value"": ""-99.0"", ""label"": ""History respondent not interviewed""}, {""value"": ""-97.0"", ""label"": ""History respondent misidentified""}, {""value"": ""-91.0"", ""label"": ""Not applicable""}, {""value"": ""0.0"", ""label"": ""Not mentioned""}, {""value"": ""1.0"", ""label"": ""Mentioned""}]"
239,W1WhyBeHS0m,HR: Wanted YP to go to current school because it has strict uniform or dress code,numeric,NOMINAL,-999.0 thru -1.0,"[{""value"": ""-995.0"", ""label"": ""Missing history section data - unexplained""}, {""value"": ""-99.0"", ""label"": ""History respondent not interviewed""}, {""value"": ""-97.0"", ""label"": ""History respondent misidentified""}, {""value"": ""-91.0"", ""label"": ""Not applicable""}, {""value"": ""0.0"", ""label"": ""Not mentioned""}, {""value"": ""1.0"", ""label"": ""Mentioned""}]"
240,W1WhyBeHS0n,HR: Wanted YP to go to current school because YP wants to go there,numeric,NOMINAL,-999.0 thru -1.0,"[{""value"": ""-995.0"", ""label"": ""Missing history section data - unexplained""}, {""value"": ""-99.0"", ""label"": ""History respondent not interviewed""}, {""value"": ""-97.0"", ""label"": ""History respondent misidentified""}, {""value"": ""-91.0"", ""label"": ""Not applicable""}, {""value"": ""0.0"", ""label"": ""Not mentioned""}, {""value"": ""1.0"", ""label"": ""Mentioned""}]"
241,W1WhyBeHS0o,HR: Wanted YP to go to current school because YP will be happy there,numeric,NOMINAL,-999.0 thru -1.0,"[{""value"": ""-995.0"", ""label"": ""Missing history section data - unexplained""}, {""value"": ""-99.0"", ""label"": ""History respondent not interviewed""}, {""value"": ""-97.0"", ""label"": ""History respondent misidentified""}, {""value"": ""-91.0"", ""label"": ""Not applicable""}, {""value"": ""0.0"", ""label"": ""Not mentioned""}, {""value"": ""1.0"", ""label"": ""Mentioned""}]"
242,W1WhyBeHS0p,HR: Wanted YP to go to current school because it suited to YP's academic needs,numeric,NOMINAL,-999.0 thru -1.0,"[{""value"": ""-995.0"", ""label"": ""Missing history section data - unexplained""}, {""value"": ""-99.0"", ""label"": ""History respondent not interviewed""}, {""value"": ""-97.0"", ""label"": ""History respondent misidentified""}, {""value"": ""-91.0"", ""label"": ""Not applicable""}, {""value"": ""0.0"", ""label"": ""Not mentioned""}, {""value"": ""1.0"", ""label"": ""Mentioned""}]"
243,W1WhyBeHS0q,HR: Wanted YP to go to current school because it suited to YP's special needs,numeric,NOMINAL,-999.0 thru -1.0,"[{""value"": ""-995.0"", ""label"": ""Missing history section data - unexplained""}, {""value"": ""-99.0"", ""label"": ""History respondent not interviewed""}, {""value"": ""-97.0"", ""label"": ""History respondent misidentified""}, {""value"": ""-91.0"", ""label"": ""Not applicable""}, {""value"": ""0.0"", ""label"": ""Not mentioned""}, {""value"": ""1.0"", ""label"": ""Mentioned""}]"
244,W1WhyBeHS0r,HR: Wanted YP to go to current school because it is a short distance from home,numeric,NOMINAL,-999.0 thru -1.0,"[{""value"": ""-995.0"", ""label"": ""Missing history section data - unexplained""}, {""value"": ""-99.0"", ""label"": ""History respondent not interviewed""}, {""value"": ""-97.0"", ""label"": ""History respondent misidentified""}, {""value"": ""-91.0"", ""label"": ""Not applicable""}, {""value"": ""0.0"", ""label"": ""Not mentioned""}, {""value"": ""1.0"", ""label"": ""Mentioned""}]"
245,W1WhyBeHS0s,HR: Wanted YP to go to current school because it respects YP's cultural or ethnic origins,numeric,NOMINAL,-999.0 thru -1.0,"[{""value"": ""-995.0"", ""label"": ""Missing history section data - unexplained""}, {""value"": ""-99.0"", ""label"": ""History respondent not interviewed""}, {""value"": ""-97.0"", ""label"": ""History respondent misidentified""}, {""value"": ""-91.0"", ""label"": ""Not applicable""}, {""value"": ""0.0"", ""label"": ""Not mentioned""}, {""value"": ""1.0"", ""label"": ""Mentioned""}]"
246,W1WhyBeHS0t,HR: Wanted YP to go to current school because it's on way or near to work or office,numeric,NOMINAL,-999.0 thru -1.0,"[{""value"": ""-995.0"", ""label"": ""Missing history section data - unexplained""}, {""value"": ""-99.0"", ""label"": ""History respondent not interviewed""}, {""value"": ""-97.0"", ""label"": ""History respondent misidentified""}, {""value"": ""-91.0"", ""label"": ""Not applicable""}, {""value"": ""0.0"", ""label"": ""Not mentioned""}, {""value"": ""1.0"", ""label"": ""Mentioned""}]"
247,W1WhyBeHS0u,HR: Wanted YP to go to current school because of its broad curriculum or wide choice of subjects or options,numeric,NOMINAL,-999.0 thru -1.0,"[{""value"": ""-995.0"", ""label"": ""Missing history section data - unexplained""}, {""value"": ""-99.0"", ""label"": ""History respondent not interviewed""}, {""value"": ""-97.0"", ""label"": ""History respondent misidentified""}, {""value"": ""-91.0"", ""label"": ""Not applicable""}, {""value"": ""0.0"", ""label"": ""Not mentioned""}, {""value"": ""1.0"", ""label"": ""Mentioned""}]"
248,W1WhyBeHS0v,HR: Wanted YP to go to current school because of it's strength in particular specialism,numeric,NOMINAL,-999.0 thru -1.0,"[{""value"": ""-995.0"", ""label"": ""Missing history section data - unexplained""}, {""value"": ""-99.0"", ""label"": ""History respondent not interviewed""}, {""value"": ""-97.0"", ""label"": ""History respondent misidentified""}, {""value"": ""-91.0"", ""label"": ""Not applicable""}, {""value"": ""0.0"", ""label"": ""Not mentioned""}, {""value"": ""1.0"", ""label"": ""Mentioned""}]"
249,W1WhyBeHS0w,HR: Wanted YP to go to current school because it has good facilities - e g computing or language or music or sports,numeric,NOMINAL,-999.0 thru -1.0,"[{""value"": ""-995.0"", ""label"": ""Missing history section data - unexplained""}, {""value"": ""-99.0"", ""label"": ""History respondent not interviewed""}, {""value"": ""-97.0"", ""label"": ""History respondent misidentified""}, {""value"": ""-91.0"", ""label"": ""Not applicable""}, {""value"": ""0.0"", ""label"": ""Not mentioned""}, {""value"": ""1.0"", ""label"": ""Mentioned""}]"
250,W1WhyBeHS0x,HR: Wanted YP to go to current school because there are many activities or hobbies or clubs,numeric,NOMINAL,-999.0 thru -1.0,"[{""value"": ""-995.0"", ""label"": ""Missing history section data - unexplained""}, {""value"": ""-99.0"", ""label"": ""History respondent not interviewed""}, {""value"": ""-97.0"", ""label"": ""History respondent misidentified""}, {""value"": ""-91.0"", ""label"": ""Not applicable""}, {""value"": ""0.0"", ""label"": ""Not mentioned""}, {""value"": ""1.0"", ""label"": ""Mentioned""}]"
251,W1WhyBeHS0y,HR: Wanted YP to go to current school because it is single sex,numeric,NOMINAL,-999.0 thru -1.0,"[{""value"": ""-995.0"", ""label"": ""Missing history section data - unexplained""}, {""value"": ""-99.0"", ""label"": ""History respondent not interviewed""}, {""value"": ""-97.0"", ""label"": ""History respondent misidentified""}, {""value"": ""-91.0"", ""label"": ""Not applicable""}, {""value"": ""0.0"", ""label"": ""Not mentioned""}, {""value"": ""1.0"", ""label"": ""Mentioned""}]"
252,W1WhyBeHS0z,HR: Wanted YP to go to current school because it is co-educational,numeric,NOMINAL,-999.0 thru -1.0,"[{""value"": ""-995.0"", ""label"": ""Missing history section data - unexplained""}, {""value"": ""-99.0"", ""label"": ""History respondent not interviewed""}, {""value"": ""-97.0"", ""label"": ""History respondent misidentified""}, {""value"": ""-91.0"", ""label"": ""Not applicable""}, {""value"": ""0.0"", ""label"": ""Not mentioned""}, {""value"": ""1.0"", ""label"": ""Mentioned""}]"
253,W1WhyBeHSaa,HR: Wanted YP to go to current school because it's a grammar school,numeric,NOMINAL,-999.0 thru -1.0,"[{""value"": ""-995.0"", ""label"": ""Missing history section data - unexplained""}, {""value"": ""-99.0"", ""label"": ""History respondent not interviewed""}, {""value"": ""-97.0"", ""label"": ""History respondent misidentified""}, {""value"": ""-91.0"", ""label"": ""Not applicable""}, {""value"": ""0.0"", ""label"": ""Not mentioned""}, {""value"": ""1.0"", ""label"": ""Mentioned""}]"
254,W1WhyBeHSab,HR: Wanted YP to go to current school because it's a private school,numeric,NOMINAL,-999.0 thru -1.0,"[{""value"": ""-998.0"", ""label"": ""Missing history section data - unexplained""}, {""value"": ""-995.0"", ""label"": ""Missing history section data - unexplained""}, {""value"": ""-99.0"", ""label"": ""History respondent not interviewed""}, {""value"": ""-97.0"", ""label"": ""History respondent misidentified""}, {""value"": ""-91.0"", ""label"": ""Not applicable""}, {""value"": ""0.0"", ""label"": ""Not mentioned""}, {""value"": ""1.0"", ""label"": ""Mentioned""}]"
255,W1WhyBeHSac,HR: Wanted YP to go to current school because it's a comprehensive school,numeric,NOMINAL,-999.0 thru -1.0,"[{""value"": ""-995.0"", ""label"": ""Missing history section data - unexplained""}, {""value"": ""-99.0"", ""label"": ""History respondent not interviewed""}, {""value"": ""-97.0"", ""label"": ""History respondent misidentified""}, {""value"": ""-91.0"", ""label"": ""Not applicable""}, {""value"": ""0.0"", ""label"": ""Not mentioned""}, {""value"": ""1.0"", ""label"": ""Mentioned""}]"
256,W1WhyBeHSad,HR: Wanted YP to go to current school because of the caring staff,numeric,NOMINAL,-999.0 thru -1.0,"[{""value"": ""-995.0"", ""label"": ""Missing history section data - unexplained""}, {""value"": ""-99.0"", ""label"": ""History respondent not interviewed""}, {""value"": ""-97.0"", ""label"": ""History respondent misidentified""}, {""value"": ""-91.0"", ""label"": ""Not applicable""}, {""value"": ""0.0"", ""label"": ""Not mentioned""}, {""value"": ""1.0"", ""label"": ""Mentioned""}]"
257,W1WhyBeHSae,HR: Wanted YP to go to current school because it has competent teachers,numeric,NOMINAL,-999.0 thru -1.0,"[{""value"": ""-995.0"", ""label"": ""Missing history section data - unexplained""}, {""value"": ""-99.0"", ""label"": ""History respondent not interviewed""}, {""value"": ""-97.0"", ""label"": ""History respondent misidentified""}, {""value"": ""-91.0"", ""label"": ""Not applicable""}, {""value"": ""0.0"", ""label"": ""Not mentioned""}, {""value"": ""1.0"", ""label"": ""Mentioned""}]"
258,W1WhyBeHSaf,HR: Wanted YP to go to current school because it has a good headteacher,numeric,NOMINAL,-999.0 thru -1.0,"[{""value"": ""-995.0"", ""label"": ""Missing history section data - unexplained""}, {""value"": ""-99.0"", ""label"": ""History respondent not interviewed""}, {""value"": ""-97.0"", ""label"": ""History respondent misidentified""}, {""value"": ""-91.0"", ""label"": ""Not applicable""}, {""value"": ""0.0"", ""label"": ""Not mentioned""}, {""value"": ""1.0"", ""label"": ""Mentioned""}]"
259,W1WhyBeHSag,HR: Wanted YP to go to current school because it is well funded,numeric,NOMINAL,-999.0 thru -1.0,"[{""value"": ""-995.0"", ""label"": ""Missing history section data - unexplained""}, {""value"": ""-99.0"", ""label"": ""History respondent not interviewed""}, {""value"": ""-97.0"", ""label"": ""History respondent misidentified""}, {""value"": ""-91.0"", ""label"": ""Not applicable""}, {""value"": ""0.0"", ""label"": ""Not mentioned""}, {""value"": ""1.0"", ""label"": ""Mentioned""}]"
260,W1WhyBeHSah,HR: Wanted YP to go to current school because it is in education action zone,numeric,NOMINAL,-999.0 thru -1.0,"[{""value"": ""-995.0"", ""label"": ""Missing history section data - unexplained""}, {""value"": ""-99.0"", ""label"": ""History respondent not interviewed""}, {""value"": ""-97.0"", ""label"": ""History respondent misidentified""}, {""value"": ""-91.0"", ""label"": ""Not applicable""}, {""value"": ""0.0"", ""label"": ""Not mentioned""}, {""value"": ""1.0"", ""label"": ""Mentioned""}]"
261,W1WhyBeHSai,HR: Wanted YP to go to current school because it is part of excellence in cities initiative,numeric,NOMINAL,-999.0 thru -1.0,"[{""value"": ""-995.0"", ""label"": ""Missing history section data - unexplained""}, {""value"": ""-99.0"", ""label"": ""History respondent not interviewed""}, {""value"": ""-97.0"", ""label"": ""History respondent misidentified""}, {""value"": ""-91.0"", ""label"": ""Not applicable""}, {""value"": ""0.0"", ""label"": ""Not mentioned""}, {""value"": ""1.0"", ""label"": ""Mentioned""}]"
262,W1WhyBeHSaj,HR: Wanted YP to go to current school because it receives extra funding because part of govt initiative,numeric,NOMINAL,-999.0 thru -1.0,"[{""value"": ""-995.0"", ""label"": ""Missing history section data - unexplained""}, {""value"": ""-99.0"", ""label"": ""History respondent not interviewed""}, {""value"": ""-97.0"", ""label"": ""History respondent misidentified""}, {""value"": ""-91.0"", ""label"": ""Not applicable""}, {""value"": ""0.0"", ""label"": ""Not mentioned""}, {""value"": ""1.0"", ""label"": ""Mentioned""}]"
263,W1WhyBeHSak,HR: Wanted YP to go to current school because YP had good chance of being offered place,numeric,NOMINAL,-999.0 thru -1.0,"[{""value"": ""-995.0"", ""label"": ""Missing history section data - unexplained""}, {""value"": ""-99.0"", ""label"": ""History respondent not interviewed""}, {""value"": ""-97.0"", ""label"": ""History respondent misidentified""}, {""value"": ""-91.0"", ""label"": ""Not applicable""}, {""value"": ""0.0"", ""label"": ""Not mentioned""}, {""value"": ""1.0"", ""label"": ""Mentioned""}]"
264,W1WhyBeHSal,HR: Wanted YP to go to current school because it is the only school in area,numeric,NOMINAL,-999.0 thru -1.0,"[{""value"": ""-995.0"", ""label"": ""Missing history section data - unexplained""}, {""value"": ""-99.0"", ""label"": ""History respondent not interviewed""}, {""value"": ""-97.0"", ""label"": ""History respondent misidentified""}, {""value"": ""-91.0"", ""label"": ""Not applicable""}, {""value"": ""0.0"", ""label"": ""Not mentioned""}, {""value"": ""1.0"", ""label"": ""Mentioned""}]"
265,W1WhyBeHSam,HR: Wanted YP to go to current school because YP's parent is a teacher there,numeric,NOMINAL,-999.0 thru -1.0,"[{""value"": ""-995.0"", ""label"": ""Missing history section data - unexplained""}, {""value"": ""-99.0"", ""label"": ""History respondent not interviewed""}, {""value"": ""-97.0"", ""label"": ""History respondent misidentified""}, {""value"": ""-91.0"", ""label"": ""Not applicable""}, {""value"": ""0.0"", ""label"": ""Not mentioned""}, {""value"": ""1.0"", ""label"": ""Mentioned""}]"
266,W1WhyBeHSan,HR: Wanted YP to go to current school because it is in catchment area,numeric,NOMINAL,-999.0 thru -1.0,"[{""value"": ""-995.0"", ""label"": ""Missing history section data - unexplained""}, {""value"": ""-99.0"", ""label"": ""History respondent not interviewed""}, {""value"": ""-97.0"", ""label"": ""History respondent misidentified""}, {""value"": ""-91.0"", ""label"": ""Not applicable""}, {""value"": ""0.0"", ""label"": ""Not mentioned""}, {""value"": ""1.0"", ""label"": ""Mentioned""}]"
267,W1WhyBeHSao,HR: Wanted YP to go to current school because they have small classes,numeric,NOMINAL,-999.0 thru -1.0,"[{""value"": ""-995.0"", ""label"": ""Missing history section data - unexplained""}, {""value"": ""-99.0"", ""label"": ""History respondent not interviewed""}, {""value"": ""-97.0"", ""label"": ""History respondent misidentified""}, {""value"": ""-91.0"", ""label"": ""Not applicable""}, {""value"": ""0.0"", ""label"": ""Not mentioned""}, {""value"": ""1.0"", ""label"": ""Mentioned""}]"
268,W1WhyBeHSap,HR: Wanted YP to go to current school because MP liked it with no specific reason,numeric,NOMINAL,-999.0 thru -1.0,"[{""value"": ""-995.0"", ""label"": ""Missing history section data - unexplained""}, {""value"": ""-99.0"", ""label"": ""History respondent not interviewed""}, {""value"": ""-97.0"", ""label"": ""History respondent misidentified""}, {""value"": ""-91.0"", ""label"": ""Not applicable""}, {""value"": ""0.0"", ""label"": ""Not mentioned""}, {""value"": ""1.0"", ""label"": ""Mentioned""}]"
269,W1WhyBeHSaq,HR: Wanted YP to go to current school because of 11 plus,numeric,NOMINAL,-999.0 thru -1.0,"[{""value"": ""-995.0"", ""label"": ""Missing history section data - unexplained""}, {""value"": ""-99.0"", ""label"": ""History respondent not interviewed""}, {""value"": ""-97.0"", ""label"": ""History respondent misidentified""}, {""value"": ""-91.0"", ""label"": ""Not applicable""}, {""value"": ""0.0"", ""label"": ""Not mentioned""}, {""value"": ""1.0"", ""label"": ""Mentioned""}]"
270,W1WhyBeHSar,HR: Wanted YP to go to current school because it has special curriculum,numeric,NOMINAL,-999.0 thru -1.0,"[{""value"": ""-995.0"", ""label"": ""Missing history section data - unexplained""}, {""value"": ""-99.0"", ""label"": ""History respondent not interviewed""}, {""value"": ""-97.0"", ""label"": ""History respondent misidentified""}, {""value"": ""-91.0"", ""label"": ""Not applicable""}, {""value"": ""0.0"", ""label"": ""Not mentioned""}, {""value"": ""1.0"", ""label"": ""Mentioned""}]"
271,W1WhyBeHSas,HR: Wanted YP to go to current school because there was no other option,numeric,NOMINAL,-999.0 thru -1.0,"[{""value"": ""-995.0"", ""label"": ""Missing history section data - unexplained""}, {""value"": ""-99.0"", ""label"": ""History respondent not interviewed""}, {""value"": ""-97.0"", ""label"": ""History respondent misidentified""}, {""value"": ""-91.0"", ""label"": ""Not applicable""}, {""value"": ""0.0"", ""label"": ""Not mentioned""}, {""value"": ""1.0"", ""label"": ""Mentioned""}]"
272,W1WhyBeHSat,HR: Wanted YP to go to current school because there is transportation provided,numeric,NOMINAL,-999.0 thru -1.0,"[{""value"": ""-995.0"", ""label"": ""Missing history section data - unexplained""}, {""value"": ""-99.0"", ""label"": ""History respondent not interviewed""}, {""value"": ""-97.0"", ""label"": ""History respondent misidentified""}, {""value"": ""-91.0"", ""label"": ""Not applicable""}, {""value"": ""0.0"", ""label"": ""Not mentioned""}, {""value"": ""1.0"", ""label"": ""Mentioned""}]"
273,W1WhyBeHSau,HR: Wanted YP to go to current school because of other reasons,numeric,NOMINAL,-999.0 thru -1.0,"[{""value"": ""-995.0"", ""label"": ""Missing history section data - unexplained""}, {""value"": ""-99.0"", ""label"": ""History respondent not interviewed""}, {""value"": ""-97.0"", ""label"": ""History respondent misidentified""}, {""value"": ""-91.0"", ""label"": ""Not applicable""}, {""value"": ""0.0"", ""label"": ""Not mentioned""}, {""value"": ""1.0"", ""label"": ""Mentioned""}]"
274,W1WhyBeHSav,HR: Doesn't know why wanted YP to go to current school,numeric,NOMINAL,-999.0 thru -1.0,"[{""value"": ""-995.0"", ""label"": ""Missing history section data - unexplained""}, {""value"": ""-99.0"", ""label"": ""History respondent not interviewed""}, {""value"": ""-97.0"", ""label"": ""History respondent misidentified""}, {""value"": ""-91.0"", ""label"": ""Not applicable""}, {""value"": ""0.0"", ""label"": ""Not mentioned""}, {""value"": ""1.0"", ""label"": ""Mentioned""}]"
275,W1WhatiHS0a,HR: Information MP used to decide school: Views of other parents or friends,numeric,NOMINAL,-999.0 thru -1.0,"[{""value"": ""-998.0"", ""label"": ""Interviewer missed question""}, {""value"": ""-995.0"", ""label"": ""Missing history section data - unexplained""}, {""value"": ""-99.0"", ""label"": ""History respondent not interviewed""}, {""value"": ""-98.0"", ""label"": ""History respondent not identified""}, {""value"": ""-97.0"", ""label"": ""History respondent misidentified""}, {""value"": ""-92.0"", ""label"": ""Refused""}, {""value"": ""-91.0"", ""label"": ""Not applicable""}, {""value"": ""0.0"", ""label"": ""Not mentioned""}, {""value"": ""1.0"", ""label"": ""Mentioned""}]"
276,W1WhatiHS0b,HR: Information MP used to decide school: Advice of primary school teaching staff,numeric,NOMINAL,-999.0 thru -1.0,"[{""value"": ""-998.0"", ""label"": ""Interviewer missed question""}, {""value"": ""-995.0"", ""label"": ""Missing history section data - unexplained""}, {""value"": ""-99.0"", ""label"": ""History respondent not interviewed""}, {""value"": ""-98.0"", ""label"": ""History respondent not identified""}, {""value"": ""-97.0"", ""label"": ""History respondent misidentified""}, {""value"": ""-92.0"", ""label"": ""Refused""}, {""value"": ""-91.0"", ""label"": ""Not applicable""}, {""value"": ""0.0"", ""label"": ""Not mentioned""}, {""value"": ""1.0"", ""label"": ""Mentioned""}]"
277,W1WhatiHS0c,HR: Information MP used to decide school: Newspaper articles,numeric,NOMINAL,-999.0 thru -1.0,"[{""value"": ""-998.0"", ""label"": ""Interviewer missed question""}, {""value"": ""-995.0"", ""label"": ""Missing history section data - unexplained""}, {""value"": ""-99.0"", ""label"": ""History respondent not interviewed""}, {""value"": ""-98.0"", ""label"": ""History respondent not identified""}, {""value"": ""-97.0"", ""label"": ""History respondent misidentified""}, {""value"": ""-92.0"", ""label"": ""Refused""}, {""value"": ""-91.0"", ""label"": ""Not applicable""}, {""value"": ""0.0"", ""label"": ""Not mentioned""}, {""value"": ""1.0"", ""label"": ""Mentioned""}]"
278,W1WhatiHS0d,HR: Information MP used to decide school: Websites on the internet,numeric,NOMINAL,-999.0 thru -1.0,"[{""value"": ""-998.0"", ""label"": ""Interviewer missed question""}, {""value"": ""-995.0"", ""label"": ""Missing history section data - unexplained""}, {""value"": ""-99.0"", ""label"": ""History respondent not interviewed""}, {""value"": ""-98.0"", ""label"": ""History respondent not identified""}, {""value"": ""-97.0"", ""label"": ""History respondent misidentified""}, {""value"": ""-92.0"", ""label"": ""Refused""}, {""value"": ""-91.0"", ""label"": ""Not applicable""}, {""value"": ""0.0"", ""label"": ""Not mentioned""}, {""value"": ""1.0"", ""label"": ""Mentioned""}]"
279,W1WhatiHS0e,HR: Information MP used to decide school: Local education authority booklet,numeric,NOMINAL,-999.0 thru -1.0,"[{""value"": ""-998.0"", ""label"": ""Interviewer missed question""}, {""value"": ""-995.0"", ""label"": ""Missing history section data - unexplained""}, {""value"": ""-99.0"", ""label"": ""History respondent not interviewed""}, {""value"": ""-98.0"", ""label"": ""History respondent not identified""}, {""value"": ""-97.0"", ""label"": ""History respondent misidentified""}, {""value"": ""-92.0"", ""label"": ""Refused""}, {""value"": ""-91.0"", ""label"": ""Not applicable""}, {""value"": ""0.0"", ""label"": ""Not mentioned""}, {""value"": ""1.0"", ""label"": ""Mentioned""}]"
280,W1WhatiHS0f,HR: Information MP used to decide school: School prospectuses or brochures,numeric,NOMINAL,-999.0 thru -1.0,"[{""value"": ""-998.0"", ""label"": ""Interviewer missed question""}, {""value"": ""-995.0"", ""label"": ""Missing history section data - unexplained""}, {""value"": ""-99.0"", ""label"": ""History respondent not interviewed""}, {""value"": ""-98.0"", ""label"": ""History respondent not identified""}, {""value"": ""-97.0"", ""label"": ""History respondent misidentified""}, {""value"": ""-92.0"", ""label"": ""Refused""}, {""value"": ""-91.0"", ""label"": ""Not applicable""}, {""value"": ""0.0"", ""label"": ""Not mentioned""}, {""value"": ""1.0"", ""label"": ""Mentioned""}]"
281,W1WhatiHS0g,HR: Information MP used to decide school: Parent or teacher associations,numeric,NOMINAL,-999.0 thru -1.0,"[{""value"": ""-998.0"", ""label"": ""Interviewer missed question""}, {""value"": ""-995.0"", ""label"": ""Missing history section data - unexplained""}, {""value"": ""-99.0"", ""label"": ""History respondent not interviewed""}, {""value"": ""-98.0"", ""label"": ""History respondent not identified""}, {""value"": ""-97.0"", ""label"": ""History respondent misidentified""}, {""value"": ""-92.0"", ""label"": ""Refused""}, {""value"": ""-91.0"", ""label"": ""Not applicable""}, {""value"": ""0.0"", ""label"": ""Not mentioned""}, {""value"": ""1.0"", ""label"": ""Mentioned""}]"
282,W1WhatiHS0h,HR: Information MP used to decide school: School performance tables comparing school exam results,numeric,NOMINAL,-999.0 thru -1.0,"[{""value"": ""-998.0"", ""label"": ""Interviewer missed question""}, {""value"": ""-995.0"", ""label"": ""Missing history section data - unexplained""}, {""value"": ""-99.0"", ""label"": ""History respondent not interviewed""}, {""value"": ""-98.0"", ""label"": ""History respondent not identified""}, {""value"": ""-97.0"", ""label"": ""History respondent misidentified""}, {""value"": ""-92.0"", ""label"": ""Refused""}, {""value"": ""-91.0"", ""label"": ""Not applicable""}, {""value"": ""0.0"", ""label"": ""Not mentioned""}, {""value"": ""1.0"", ""label"": ""Mentioned""}]"
283,W1WhatiHS0i,HR: Information MP used to decide school: Ofsted inspector's reports,numeric,NOMINAL,-999.0 thru -1.0,"[{""value"": ""-998.0"", ""label"": ""Interviewer missed question""}, {""value"": ""-995.0"", ""label"": ""Missing history section data - unexplained""}, {""value"": ""-99.0"", ""label"": ""History respondent not interviewed""}, {""value"": ""-98.0"", ""label"": ""History respondent not identified""}, {""value"": ""-97.0"", ""label"": ""History respondent misidentified""}, {""value"": ""-92.0"", ""label"": ""Refused""}, {""value"": ""-91.0"", ""label"": ""Not applicable""}, {""value"": ""0.0"", ""label"": ""Not mentioned""}, {""value"": ""1.0"", ""label"": ""Mentioned""}]"
284,W1WhatiHS0j,HR: Information MP used to decide school: Open day,numeric,NOMINAL,-999.0 thru -1.0,"[{""value"": ""-998.0"", ""label"": ""Interviewer missed question""}, {""value"": ""-995.0"", ""label"": ""Missing history section data - unexplained""}, {""value"": ""-99.0"", ""label"": ""History respondent not interviewed""}, {""value"": ""-98.0"", ""label"": ""History respondent not identified""}, {""value"": ""-97.0"", ""label"": ""History respondent misidentified""}, {""value"": ""-92.0"", ""label"": ""Refused""}, {""value"": ""-91.0"", ""label"": ""Not applicable""}, {""value"": ""0.0"", ""label"": ""Not mentioned""}, {""value"": ""1.0"", ""label"": ""Mentioned""}]"
285,W1WhatiHS0k,HR: Information MP used to decide school: Siblings attending or attended school,numeric,NOMINAL,-999.0 thru -1.0,"[{""value"": ""-998.0"", ""label"": ""Interviewer missed question""}, {""value"": ""-995.0"", ""label"": ""Missing history section data - unexplained""}, {""value"": ""-99.0"", ""label"": ""History respondent not interviewed""}, {""value"": ""-98.0"", ""label"": ""History respondent not identified""}, {""value"": ""-97.0"", ""label"": ""History respondent misidentified""}, {""value"": ""-92.0"", ""label"": ""Refused""}, {""value"": ""-91.0"", ""label"": ""Not applicable""}, {""value"": ""0.0"", ""label"": ""Not mentioned""}, {""value"": ""1.0"", ""label"": ""Mentioned""}]"
286,W1WhatiHS0l,HR: Information MP used to decide school: Personal experience or judgement or knowledge,numeric,NOMINAL,-999.0 thru -1.0,"[{""value"": ""-998.0"", ""label"": ""Interviewer missed question""}, {""value"": ""-995.0"", ""label"": ""Missing history section data - unexplained""}, {""value"": ""-99.0"", ""label"": ""History respondent not interviewed""}, {""value"": ""-98.0"", ""label"": ""History respondent not identified""}, {""value"": ""-97.0"", ""label"": ""History respondent misidentified""}, {""value"": ""-92.0"", ""label"": ""Refused""}, {""value"": ""-91.0"", ""label"": ""Not applicable""}, {""value"": ""0.0"", ""label"": ""Not mentioned""}, {""value"": ""1.0"", ""label"": ""Mentioned""}]"
287,W1WhatiHS0m,HR: Information MP used to decide school: MP (or partner) attended,numeric,NOMINAL,-999.0 thru -1.0,"[{""value"": ""-998.0"", ""label"": ""Interviewer missed question""}, {""value"": ""-995.0"", ""label"": ""Missing history section data - unexplained""}, {""value"": ""-99.0"", ""label"": ""History respondent not interviewed""}, {""value"": ""-98.0"", ""label"": ""History respondent not identified""}, {""value"": ""-97.0"", ""label"": ""History respondent misidentified""}, {""value"": ""-92.0"", ""label"": ""Refused""}, {""value"": ""-91.0"", ""label"": ""Not applicable""}, {""value"": ""0.0"", ""label"": ""Not mentioned""}, {""value"": ""1.0"", ""label"": ""Mentioned""}]"
288,W1WhatiHS0n,HR: Information MP used to decide school: Special needs school book,numeric,NOMINAL,-999.0 thru -1.0,"[{""value"": ""-998.0"", ""label"": ""Interviewer missed question""}, {""value"": ""-995.0"", ""label"": ""Missing history section data - unexplained""}, {""value"": ""-99.0"", ""label"": ""History respondent not interviewed""}, {""value"": ""-98.0"", ""label"": ""History respondent not identified""}, {""value"": ""-97.0"", ""label"": ""History respondent misidentified""}, {""value"": ""-92.0"", ""label"": ""Refused""}, {""value"": ""-91.0"", ""label"": ""Not applicable""}, {""value"": ""0.0"", ""label"": ""Not mentioned""}, {""value"": ""1.0"", ""label"": ""Mentioned""}]"
289,W1WhatiHS0o,HR: Information MP used to decide school: Social services,numeric,NOMINAL,-999.0 thru -1.0,"[{""value"": ""-998.0"", ""label"": ""Interviewer missed question""}, {""value"": ""-995.0"", ""label"": ""Missing history section data - unexplained""}, {""value"": ""-99.0"", ""label"": ""History respondent not interviewed""}, {""value"": ""-98.0"", ""label"": ""History respondent not identified""}, {""value"": ""-97.0"", ""label"": ""History respondent misidentified""}, {""value"": ""-92.0"", ""label"": ""Refused""}, {""value"": ""-91.0"", ""label"": ""Not applicable""}, {""value"": ""0.0"", ""label"": ""Not mentioned""}, {""value"": ""1.0"", ""label"": ""Mentioned""}]"
290,W1WhatiHS0p,HR: Information MP used to decide school: Good reputation,numeric,NOMINAL,-999.0 thru -1.0,"[{""value"": ""-998.0"", ""label"": ""Interviewer missed question""}, {""value"": ""-995.0"", ""label"": ""Missing history section data - unexplained""}, {""value"": ""-99.0"", ""label"": ""History respondent not interviewed""}, {""value"": ""-98.0"", ""label"": ""History respondent not identified""}, {""value"": ""-97.0"", ""label"": ""History respondent misidentified""}, {""value"": ""-92.0"", ""label"": ""Refused""}, {""value"": ""-91.0"", ""label"": ""Not applicable""}, {""value"": ""0.0"", ""label"": ""Not mentioned""}, {""value"": ""1.0"", ""label"": ""Mentioned""}]"
291,W1WhatiHS0q,HR: Information MP used to decide school: Visited school (not an open day),numeric,NOMINAL,-999.0 thru -1.0,"[{""value"": ""-998.0"", ""label"": ""Interviewer missed question""}, {""value"": ""-995.0"", ""label"": ""Missing history section data - unexplained""}, {""value"": ""-99.0"", ""label"": ""History respondent not interviewed""}, {""value"": ""-98.0"", ""label"": ""History respondent not identified""}, {""value"": ""-97.0"", ""label"": ""History respondent misidentified""}, {""value"": ""-92.0"", ""label"": ""Refused""}, {""value"": ""-91.0"", ""label"": ""Not applicable""}, {""value"": ""0.0"", ""label"": ""Not mentioned""}, {""value"": ""1.0"", ""label"": ""Mentioned""}]"
292,W1WhatiHS0r,HR: Information MP used to decide school: Spoke to faculty at school,numeric,NOMINAL,-999.0 thru -1.0,"[{""value"": ""-998.0"", ""label"": ""Interviewer missed question""}, {""value"": ""-995.0"", ""label"": ""Missing history section data - unexplained""}, {""value"": ""-99.0"", ""label"": ""History respondent not interviewed""}, {""value"": ""-98.0"", ""label"": ""History respondent not identified""}, {""value"": ""-97.0"", ""label"": ""History respondent misidentified""}, {""value"": ""-92.0"", ""label"": ""Refused""}, {""value"": ""-91.0"", ""label"": ""Not applicable""}, {""value"": ""0.0"", ""label"": ""Not mentioned""}, {""value"": ""1.0"", ""label"": ""Mentioned""}]"
293,W1WhatiHS0s,HR: Information MP used to decide school: MP (or partner) work there,numeric,NOMINAL,-999.0 thru -1.0,"[{""value"": ""-998.0"", ""label"": ""Interviewer missed question""}, {""value"": ""-995.0"", ""label"": ""Missing history section data - unexplained""}, {""value"": ""-99.0"", ""label"": ""History respondent not interviewed""}, {""value"": ""-98.0"", ""label"": ""History respondent not identified""}, {""value"": ""-97.0"", ""label"": ""History respondent misidentified""}, {""value"": ""-92.0"", ""label"": ""Refused""}, {""value"": ""-91.0"", ""label"": ""Not applicable""}, {""value"": ""0.0"", ""label"": ""Not mentioned""}, {""value"": ""1.0"", ""label"": ""Mentioned""}]"
294,W1WhatiHS0t,HR: Information MP used to decide school: Other relatives attending or attended,numeric,NOMINAL,-999.0 thru -1.0,"[{""value"": ""-998.0"", ""label"": ""Interviewer missed question""}, {""value"": ""-995.0"", ""label"": ""Missing history section data - unexplained""}, {""value"": ""-99.0"", ""label"": ""History respondent not interviewed""}, {""value"": ""-98.0"", ""label"": ""History respondent not identified""}, {""value"": ""-97.0"", ""label"": ""History respondent misidentified""}, {""value"": ""-92.0"", ""label"": ""Refused""}, {""value"": ""-91.0"", ""label"": ""Not applicable""}, {""value"": ""0.0"", ""label"": ""Not mentioned""}, {""value"": ""1.0"", ""label"": ""Mentioned""}]"
295,W1WhatiHS0u,HR: Information MP used to decide school: No choice in destination school,numeric,NOMINAL,-999.0 thru -1.0,"[{""value"": ""-998.0"", ""label"": ""Interviewer missed question""}, {""value"": ""-995.0"", ""label"": ""Missing history section data - unexplained""}, {""value"": ""-99.0"", ""label"": ""History respondent not interviewed""}, {""value"": ""-98.0"", ""label"": ""History respondent not identified""}, {""value"": ""-97.0"", ""label"": ""History respondent misidentified""}, {""value"": ""-92.0"", ""label"": ""Refused""}, {""value"": ""-91.0"", ""label"": ""Not applicable""}, {""value"": ""0.0"", ""label"": ""Not mentioned""}, {""value"": ""1.0"", ""label"": ""Mentioned""}]"
296,W1WhatiHS0v,HR: Information MP used to decide school: School was a feeder school,numeric,NOMINAL,-999.0 thru -1.0,"[{""value"": ""-998.0"", ""label"": ""Interviewer missed question""}, {""value"": ""-995.0"", ""label"": ""Missing history section data - unexplained""}, {""value"": ""-99.0"", ""label"": ""History respondent not interviewed""}, {""value"": ""-98.0"", ""label"": ""History respondent not identified""}, {""value"": ""-97.0"", ""label"": ""History respondent misidentified""}, {""value"": ""-92.0"", ""label"": ""Refused""}, {""value"": ""-91.0"", ""label"": ""Not applicable""}, {""value"": ""0.0"", ""label"": ""Not mentioned""}, {""value"": ""1.0"", ""label"": ""Mentioned""}]"
297,W1WhatiHS0w,HR: Information MP used to decide school: School was a catchment or local school,numeric,NOMINAL,-999.0 thru -1.0,"[{""value"": ""-998.0"", ""label"": ""Interviewer missed question""}, {""value"": ""-995.0"", ""label"": ""Missing history section data - unexplained""}, {""value"": ""-99.0"", ""label"": ""History respondent not interviewed""}, {""value"": ""-98.0"", ""label"": ""History respondent not identified""}, {""value"": ""-97.0"", ""label"": ""History respondent misidentified""}, {""value"": ""-92.0"", ""label"": ""Refused""}, {""value"": ""-91.0"", ""label"": ""Not applicable""}, {""value"": ""0.0"", ""label"": ""Not mentioned""}, {""value"": ""1.0"", ""label"": ""Mentioned""}]"
298,W1WhatiHS0x,HR: Information MP used to decide school: School was YP's own choice as they wanted to be with friends,numeric,NOMINAL,-999.0 thru -1.0,"[{""value"": ""-998.0"", ""label"": ""Interviewer missed question""}, {""value"": ""-995.0"", ""label"": ""Missing history section data - unexplained""}, {""value"": ""-99.0"", ""label"": ""History respondent not interviewed""}, {""value"": ""-98.0"", ""label"": ""History respondent not identified""}, {""value"": ""-97.0"", ""label"": ""History respondent misidentified""}, {""value"": ""-92.0"", ""label"": ""Refused""}, {""value"": ""-91.0"", ""label"": ""Not applicable""}, {""value"": ""0.0"", ""label"": ""Not mentioned""}, {""value"": ""1.0"", ""label"": ""Mentioned""}]"
299,W1WhatiHS0y,HR: Information MP used to decide school: School was new,numeric,NOMINAL,-999.0 thru -1.0,"[{""value"": ""-998.0"", ""label"": ""Interviewer missed question""}, {""value"": ""-995.0"", ""label"": ""Missing history section data - unexplained""}, {""value"": ""-99.0"", ""label"": ""History respondent not interviewed""}, {""value"": ""-98.0"", ""label"": ""History respondent not identified""}, {""value"": ""-97.0"", ""label"": ""History respondent misidentified""}, {""value"": ""-92.0"", ""label"": ""Refused""}, {""value"": ""-91.0"", ""label"": ""Not applicable""}, {""value"": ""0.0"", ""label"": ""Not mentioned""}, {""value"": ""1.0"", ""label"": ""Mentioned""}]"
300,W1WhatiHS0z,HR: Information MP used to decide school: Based upon proximity or location,numeric,NOMINAL,-999.0 thru -1.0,"[{""value"": ""-998.0"", ""label"": ""Interviewer missed question""}, {""value"": ""-995.0"", ""label"": ""Missing history section data - unexplained""}, {""value"": ""-99.0"", ""label"": ""History respondent not interviewed""}, {""value"": ""-98.0"", ""label"": ""History respondent not identified""}, {""value"": ""-97.0"", ""label"": ""History respondent misidentified""}, {""value"": ""-92.0"", ""label"": ""Refused""}, {""value"": ""-91.0"", ""label"": ""Not applicable""}, {""value"": ""0.0"", ""label"": ""Not mentioned""}, {""value"": ""1.0"", ""label"": ""Mentioned""}]"
301,W1WhatiHSaa,HR: Information MP used to decide school: Other information,numeric,NOMINAL,-999.0 thru -1.0,"[{""value"": ""-998.0"", ""label"": ""Interviewer missed question""}, {""value"": ""-995.0"", ""label"": ""Missing history section data - unexplained""}, {""value"": ""-99.0"", ""label"": ""History respondent not interviewed""}, {""value"": ""-98.0"", ""label"": ""History respondent not identified""}, {""value"": ""-97.0"", ""label"": ""History respondent misidentified""}, {""value"": ""-92.0"", ""label"": ""Refused""}, {""value"": ""-91.0"", ""label"": ""Not applicable""}, {""value"": ""0.0"", ""label"": ""Not mentioned""}, {""value"": ""1.0"", ""label"": ""Mentioned""}]"
302,W1WhatiHSab,HR: Information MP used to decide school: Doesn't know what the information was,numeric,NOMINAL,-999.0 thru -1.0,"[{""value"": ""-998.0"", ""label"": ""Interviewer missed question""}, {""value"": ""-995.0"", ""label"": ""Missing history section data - unexplained""}, {""value"": ""-99.0"", ""label"": ""History respondent not interviewed""}, {""value"": ""-98.0"", ""label"": ""History respondent not identified""}, {""value"": ""-97.0"", ""label"": ""History respondent misidentified""}, {""value"": ""-92.0"", ""label"": ""Refused""}, {""value"": ""-91.0"", ""label"": ""Not applicable""}, {""value"": ""0.0"", ""label"": ""Not mentioned""}, {""value"": ""1.0"", ""label"": ""Mentioned""}]"
303,W1WhatiHSac,HR: Information MP used to decide school: No answer,numeric,NOMINAL,-999.0 thru -1.0,"[{""value"": ""-998.0"", ""label"": ""Interviewer missed question""}, {""value"": ""-995.0"", ""label"": ""Missing history section data - unexplained""}, {""value"": ""-99.0"", ""label"": ""History respondent not interviewed""}, {""value"": ""-98.0"", ""label"": ""History respondent not identified""}, {""value"": ""-97.0"", ""label"": ""History respondent misidentified""}, {""value"": ""-92.0"", ""label"": ""Refused""}, {""value"": ""-91.0"", ""label"": ""Not applicable""}, {""value"": ""0.0"", ""label"": ""Not mentioned""}, {""value"": ""1.0"", ""label"": ""Mentioned""}]"
