pos,variable,variable_label,variable_type,measurement_level,spss_user_missing_values,value_labels_json
1,BCSID,research case identifier,NA,NA,NA,[]
2,DIETNO,sortkey: Loop ID,numeric,NOMINAL,NA,[]
3,B10ODQSDM,Date questionnaire was started - Month,numeric,NOMINAL,-9.0 thru -8.0 and -1.0,"[{""value"": ""-9.0"", ""label"": ""Not answered""}, {""value"": ""-8.0"", ""label"": ""Not known""}, {""value"": ""-1.0"", ""label"": ""Not applicable""}, {""value"": ""1.0"", ""label"": ""January""}, {""value"": ""2.0"", ""label"": ""February""}, {""value"": ""3.0"", ""label"": ""March""}, {""value"": ""4.0"", ""label"": ""April""}, {""value"": ""5.0"", ""label"": ""May""}, {""value"": ""6.0"", ""label"": ""June""}, {""value"": ""7.0"", ""label"": ""July""}, {""value"": ""8.0"", ""label"": ""August""}, {""value"": ""9.0"", ""label"": ""September""}, {""value"": ""10.0"", ""label"": ""October""}, {""value"": ""11.0"", ""label"": ""November""}, {""value"": ""12.0"", ""label"": ""December""}]"
4,B10ODQSDY,Date questionnaire was started - Year,numeric,SCALE,-9.0 thru -8.0 and -1.0,"[{""value"": ""-9.0"", ""label"": ""Not answered""}, {""value"": ""-8.0"", ""label"": ""Not known""}, {""value"": ""-1.0"", ""label"": ""Not applicable""}]"
5,B10ODQFDM,Date questionnaire was finished - Month,numeric,NOMINAL,-9.0 thru -8.0 and -1.0,"[{""value"": ""-9.0"", ""label"": ""Not answered""}, {""value"": ""-8.0"", ""label"": ""Not known""}, {""value"": ""-1.0"", ""label"": ""Not applicable""}, {""value"": ""1.0"", ""label"": ""January""}, {""value"": ""2.0"", ""label"": ""February""}, {""value"": ""3.0"", ""label"": ""March""}, {""value"": ""4.0"", ""label"": ""April""}, {""value"": ""5.0"", ""label"": ""May""}, {""value"": ""6.0"", ""label"": ""June""}, {""value"": ""7.0"", ""label"": ""July""}, {""value"": ""8.0"", ""label"": ""August""}, {""value"": ""9.0"", ""label"": ""September""}, {""value"": ""10.0"", ""label"": ""October""}, {""value"": ""11.0"", ""label"": ""November""}, {""value"": ""12.0"", ""label"": ""December""}]"
6,B10ODQFDY,Date questionnaire was finished - Year,numeric,SCALE,-9.0 thru -8.0 and -1.0,"[{""value"": ""-9.0"", ""label"": ""Not answered""}, {""value"": ""-8.0"", ""label"": ""Not known""}, {""value"": ""-1.0"", ""label"": ""Not applicable""}]"
7,B10ODQPRTN,How would CM describe serving size?,numeric,NOMINAL,NA,"[{""value"": ""-3.0"", ""label"": ""Unanswered (user not shown question)""}, {""value"": ""-1.0"", ""label"": ""Unanswered""}, {""value"": ""5.0"", ""label"": ""Smaller""}, {""value"": ""10.0"", ""label"": ""Average""}, {""value"": ""15.0"", ""label"": ""Larger""}]"
8,B10ODQTYNY,Whether what CM ate and drank yesterday was fairly typical for them,numeric,NOMINAL,NA,"[{""value"": ""-3.0"", ""label"": ""Unanswered (user not shown question)""}, {""value"": ""-1.0"", ""label"": ""Unanswered""}, {""value"": ""0.0"", ""label"": ""No""}, {""value"": ""1.0"", ""label"": ""Yes""}]"
9,B10ODQYDY1,Why diet was not typical yesterday: CM was ill,numeric,SCALE,NA,"[{""value"": ""-3.0"", ""label"": ""Unanswered (user not shown question)""}, {""value"": ""-1.0"", ""label"": ""Unanswered""}, {""value"": ""0.0"", ""label"": ""No""}, {""value"": ""1.0"", ""label"": ""Yes""}]"
10,B10ODQYDY2,Why diet was not typical yesterday: CM was fasting,numeric,SCALE,NA,"[{""value"": ""-3.0"", ""label"": ""Unanswered (user not shown question)""}, {""value"": ""-1.0"", ""label"": ""Unanswered""}, {""value"": ""0.0"", ""label"": ""No""}, {""value"": ""1.0"", ""label"": ""Yes""}]"
11,B10ODQYDY3,Why diet was not typical yesterday: CM was away from home or place of work,numeric,SCALE,NA,"[{""value"": ""-3.0"", ""label"": ""Unanswered (user not shown question)""}, {""value"": ""-1.0"", ""label"": ""Unanswered""}, {""value"": ""0.0"", ""label"": ""No""}, {""value"": ""1.0"", ""label"": ""Yes""}]"
12,B10ODQYDY4,Why diet was not typical yesterday: Other reasons,numeric,SCALE,NA,"[{""value"": ""-3.0"", ""label"": ""Unanswered (user not shown question)""}, {""value"": ""-1.0"", ""label"": ""Unanswered""}, {""value"": ""0.0"", ""label"": ""No""}, {""value"": ""1.0"", ""label"": ""Yes""}]"
13,B10ODQGLTN,CM on Gluten free or wheat free diet,numeric,SCALE,NA,"[{""value"": ""-3.0"", ""label"": ""Unanswered (user not shown question)""}, {""value"": ""-1.0"", ""label"": ""Unanswered""}, {""value"": ""0.0"", ""label"": ""No""}, {""value"": ""1.0"", ""label"": ""Yes""}]"
14,B10ODQLCTS,CM on Diet for lactose intolerance,numeric,SCALE,NA,"[{""value"": ""-3.0"", ""label"": ""Unanswered (user not shown question)""}, {""value"": ""-1.0"", ""label"": ""Unanswered""}, {""value"": ""0.0"", ""label"": ""No""}, {""value"": ""1.0"", ""label"": ""Yes""}]"
15,B10ODQDT1,"CM on Vegetarian diet (no meat, no poultry and no fish)",numeric,SCALE,NA,"[{""value"": ""-3.0"", ""label"": ""Unanswered (user not shown question)""}, {""value"": ""-1.0"", ""label"": ""Unanswered""}, {""value"": ""0.0"", ""label"": ""No""}, {""value"": ""1.0"", ""label"": ""Yes""}]"
16,B10ODQDT2,CM on Vegan diet,numeric,SCALE,NA,"[{""value"": ""-3.0"", ""label"": ""Unanswered (user not shown question)""}, {""value"": ""-1.0"", ""label"": ""Unanswered""}, {""value"": ""0.0"", ""label"": ""No""}, {""value"": ""1.0"", ""label"": ""Yes""}]"
17,B10ODQDT3,CM on Low calorie/weight controlled diet,numeric,SCALE,NA,"[{""value"": ""-3.0"", ""label"": ""Unanswered (user not shown question)""}, {""value"": ""-1.0"", ""label"": ""Unanswered""}, {""value"": ""0.0"", ""label"": ""No""}, {""value"": ""1.0"", ""label"": ""Yes""}]"
18,B10ODQDT4,CM on High calorie diet to prevent weight loss (e.g. following surgery),numeric,SCALE,NA,"[{""value"": ""-3.0"", ""label"": ""Unanswered (user not shown question)""}, {""value"": ""-1.0"", ""label"": ""Unanswered""}, {""value"": ""0.0"", ""label"": ""No""}, {""value"": ""1.0"", ""label"": ""Yes""}]"
19,B10ODQDT5,CM on Low fibre diet (e.g. following surgery),numeric,SCALE,NA,"[{""value"": ""-3.0"", ""label"": ""Unanswered (user not shown question)""}, {""value"": ""-1.0"", ""label"": ""Unanswered""}, {""value"": ""0.0"", ""label"": ""No""}, {""value"": ""1.0"", ""label"": ""Yes""}]"
20,B10ODQDT6,CM on Other special diet,numeric,SCALE,NA,"[{""value"": ""-3.0"", ""label"": ""Unanswered (user not shown question)""}, {""value"": ""-1.0"", ""label"": ""Unanswered""}, {""value"": ""0.0"", ""label"": ""No""}, {""value"": ""1.0"", ""label"": ""Yes""}]"
21,B10ODQDNK1,"Glass/Beaker(s) of Water (e.g. still, fizzy, tap) consumed",numeric,SCALE,NA,"[{""value"": ""-3.0"", ""label"": ""Unanswered (user not shown question)""}, {""value"": ""-1.0"", ""label"": ""Unanswered""}, {""value"": ""0.0"", ""label"": ""None""}, {""value"": ""1.0"", ""label"": ""1""}, {""value"": ""2.0"", ""label"": ""2""}, {""value"": ""3.0"", ""label"": ""3""}, {""value"": ""4.0"", ""label"": ""4""}, {""value"": ""5.0"", ""label"": ""5""}, {""value"": ""6.0"", ""label"": ""6""}, {""value"": ""200.0"", ""label"": ""(2+) 2 or more""}, {""value"": ""300.0"", ""label"": ""(3+) 3 or more""}, {""value"": ""400.0"", ""label"": ""(4+) 4 or more""}, {""value"": ""444.0"", ""label"": ""1/4 (quarter)""}, {""value"": ""500.0"", ""label"": ""(5+) 5 or more""}, {""value"": ""555.0"", ""label"": ""1/2 (half)""}, {""value"": ""600.0"", ""label"": ""(6+) 6 or more""}]"
22,B10ODQDNK2,"Glass/Can(s) of Low calorie or diet drinks (e.g. fizzy, squash) consumed",numeric,SCALE,NA,"[{""value"": ""-3.0"", ""label"": ""Unanswered (user not shown question)""}, {""value"": ""-1.0"", ""label"": ""Unanswered""}, {""value"": ""0.0"", ""label"": ""None""}, {""value"": ""1.0"", ""label"": ""1""}, {""value"": ""2.0"", ""label"": ""2""}, {""value"": ""3.0"", ""label"": ""3""}, {""value"": ""4.0"", ""label"": ""4""}, {""value"": ""5.0"", ""label"": ""5""}, {""value"": ""6.0"", ""label"": ""6""}, {""value"": ""200.0"", ""label"": ""(2+) 2 or more""}, {""value"": ""300.0"", ""label"": ""(3+) 3 or more""}, {""value"": ""400.0"", ""label"": ""(4+) 4 or more""}, {""value"": ""444.0"", ""label"": ""1/4 (quarter)""}, {""value"": ""500.0"", ""label"": ""(5+) 5 or more""}, {""value"": ""555.0"", ""label"": ""1/2 (half)""}, {""value"": ""600.0"", ""label"": ""(6+) 6 or more""}]"
23,B10ODQDNK3,Glass/Can(s) of Carbonated (fizzy) drinks consumed,numeric,SCALE,NA,"[{""value"": ""-3.0"", ""label"": ""Unanswered (user not shown question)""}, {""value"": ""-1.0"", ""label"": ""Unanswered""}, {""value"": ""0.0"", ""label"": ""None""}, {""value"": ""1.0"", ""label"": ""1""}, {""value"": ""2.0"", ""label"": ""2""}, {""value"": ""3.0"", ""label"": ""3""}, {""value"": ""4.0"", ""label"": ""4""}, {""value"": ""5.0"", ""label"": ""5""}, {""value"": ""6.0"", ""label"": ""6""}, {""value"": ""200.0"", ""label"": ""(2+) 2 or more""}, {""value"": ""300.0"", ""label"": ""(3+) 3 or more""}, {""value"": ""400.0"", ""label"": ""(4+) 4 or more""}, {""value"": ""444.0"", ""label"": ""1/4 (quarter)""}, {""value"": ""500.0"", ""label"": ""(5+) 5 or more""}, {""value"": ""555.0"", ""label"": ""1/2 (half)""}, {""value"": ""600.0"", ""label"": ""(6+) 6 or more""}]"
24,B10ODQDNK4,"Glass/Carton/250ml(s) of Fruit drinks, J20, squash or cordial consumed",numeric,SCALE,NA,"[{""value"": ""-3.0"", ""label"": ""Unanswered (user not shown question)""}, {""value"": ""-1.0"", ""label"": ""Unanswered""}, {""value"": ""0.0"", ""label"": ""None""}, {""value"": ""1.0"", ""label"": ""1""}, {""value"": ""2.0"", ""label"": ""2""}, {""value"": ""3.0"", ""label"": ""3""}, {""value"": ""4.0"", ""label"": ""4""}, {""value"": ""5.0"", ""label"": ""5""}, {""value"": ""6.0"", ""label"": ""6""}, {""value"": ""200.0"", ""label"": ""(2+) 2 or more""}, {""value"": ""300.0"", ""label"": ""(3+) 3 or more""}, {""value"": ""400.0"", ""label"": ""(4+) 4 or more""}, {""value"": ""444.0"", ""label"": ""1/4 (quarter)""}, {""value"": ""500.0"", ""label"": ""(5+) 5 or more""}, {""value"": ""555.0"", ""label"": ""1/2 (half)""}, {""value"": ""600.0"", ""label"": ""(6+) 6 or more""}]"
25,B10ODQDNK5,Glass/Carton/250ml(s) of Pure orange juice consumed,numeric,SCALE,NA,"[{""value"": ""-3.0"", ""label"": ""Unanswered (user not shown question)""}, {""value"": ""-1.0"", ""label"": ""Unanswered""}, {""value"": ""0.0"", ""label"": ""None""}, {""value"": ""1.0"", ""label"": ""1""}, {""value"": ""2.0"", ""label"": ""2""}, {""value"": ""3.0"", ""label"": ""3""}, {""value"": ""4.0"", ""label"": ""4""}, {""value"": ""5.0"", ""label"": ""5""}, {""value"": ""6.0"", ""label"": ""6""}, {""value"": ""200.0"", ""label"": ""(2+) 2 or more""}, {""value"": ""300.0"", ""label"": ""(3+) 3 or more""}, {""value"": ""400.0"", ""label"": ""(4+) 4 or more""}, {""value"": ""444.0"", ""label"": ""1/4 (quarter)""}, {""value"": ""500.0"", ""label"": ""(5+) 5 or more""}, {""value"": ""555.0"", ""label"": ""1/2 (half)""}, {""value"": ""600.0"", ""label"": ""(6+) 6 or more""}]"
26,B10ODQDNK6,Glass/Carton/250ml(s) of Pure grapefruit juice consumed,numeric,SCALE,NA,"[{""value"": ""-3.0"", ""label"": ""Unanswered (user not shown question)""}, {""value"": ""-1.0"", ""label"": ""Unanswered""}, {""value"": ""0.0"", ""label"": ""None""}, {""value"": ""1.0"", ""label"": ""1""}, {""value"": ""2.0"", ""label"": ""2""}, {""value"": ""3.0"", ""label"": ""3""}, {""value"": ""4.0"", ""label"": ""4""}, {""value"": ""5.0"", ""label"": ""5""}, {""value"": ""6.0"", ""label"": ""6""}, {""value"": ""200.0"", ""label"": ""(2+) 2 or more""}, {""value"": ""300.0"", ""label"": ""(3+) 3 or more""}, {""value"": ""400.0"", ""label"": ""(4+) 4 or more""}, {""value"": ""444.0"", ""label"": ""1/4 (quarter)""}, {""value"": ""500.0"", ""label"": ""(5+) 5 or more""}, {""value"": ""555.0"", ""label"": ""1/2 (half)""}, {""value"": ""600.0"", ""label"": ""(6+) 6 or more""}]"
27,B10ODQDNK7,Glass/Carton/250ml(s) of Other pure fruit / vegetable juice consumed,numeric,SCALE,NA,"[{""value"": ""-3.0"", ""label"": ""Unanswered (user not shown question)""}, {""value"": ""-1.0"", ""label"": ""Unanswered""}, {""value"": ""0.0"", ""label"": ""None""}, {""value"": ""1.0"", ""label"": ""1""}, {""value"": ""2.0"", ""label"": ""2""}, {""value"": ""3.0"", ""label"": ""3""}, {""value"": ""4.0"", ""label"": ""4""}, {""value"": ""5.0"", ""label"": ""5""}, {""value"": ""6.0"", ""label"": ""6""}, {""value"": ""200.0"", ""label"": ""(2+) 2 or more""}, {""value"": ""300.0"", ""label"": ""(3+) 3 or more""}, {""value"": ""400.0"", ""label"": ""(4+) 4 or more""}, {""value"": ""444.0"", ""label"": ""1/4 (quarter)""}, {""value"": ""500.0"", ""label"": ""(5+) 5 or more""}, {""value"": ""555.0"", ""label"": ""1/2 (half)""}, {""value"": ""600.0"", ""label"": ""(6+) 6 or more""}]"
28,B10ODQSMFR,Glass/Bottle/250ml(s) of Fruit smoothie consumed,numeric,SCALE,NA,"[{""value"": ""-3.0"", ""label"": ""Unanswered (user not shown question)""}, {""value"": ""-1.0"", ""label"": ""Unanswered""}, {""value"": ""0.0"", ""label"": ""None""}, {""value"": ""1.0"", ""label"": ""1""}, {""value"": ""2.0"", ""label"": ""2""}, {""value"": ""3.0"", ""label"": ""3""}, {""value"": ""4.0"", ""label"": ""4""}, {""value"": ""5.0"", ""label"": ""5""}, {""value"": ""6.0"", ""label"": ""6""}, {""value"": ""200.0"", ""label"": ""(2+) 2 or more""}, {""value"": ""300.0"", ""label"": ""(3+) 3 or more""}, {""value"": ""400.0"", ""label"": ""(4+) 4 or more""}, {""value"": ""444.0"", ""label"": ""1/4 (quarter)""}, {""value"": ""500.0"", ""label"": ""(5+) 5 or more""}, {""value"": ""555.0"", ""label"": ""1/2 (half)""}, {""value"": ""600.0"", ""label"": ""(6+) 6 or more""}]"
29,B10ODQSMDY,Glass/Bottle/250ml(s) of Dairy/yogurt based smoothie consumed,numeric,SCALE,NA,"[{""value"": ""-3.0"", ""label"": ""Unanswered (user not shown question)""}, {""value"": ""-1.0"", ""label"": ""Unanswered""}, {""value"": ""0.0"", ""label"": ""None""}, {""value"": ""1.0"", ""label"": ""1""}, {""value"": ""2.0"", ""label"": ""2""}, {""value"": ""3.0"", ""label"": ""3""}, {""value"": ""4.0"", ""label"": ""4""}, {""value"": ""5.0"", ""label"": ""5""}, {""value"": ""6.0"", ""label"": ""6""}, {""value"": ""200.0"", ""label"": ""(2+) 2 or more""}, {""value"": ""300.0"", ""label"": ""(3+) 3 or more""}, {""value"": ""400.0"", ""label"": ""(4+) 4 or more""}, {""value"": ""444.0"", ""label"": ""1/4 (quarter)""}, {""value"": ""500.0"", ""label"": ""(5+) 5 or more""}, {""value"": ""555.0"", ""label"": ""1/2 (half)""}, {""value"": ""600.0"", ""label"": ""(6+) 6 or more""}]"
30,B10ODQCF,Did you drink any coffee yesterday?,numeric,NOMINAL,NA,"[{""value"": ""-3.0"", ""label"": ""Unanswered (user not shown question)""}, {""value"": ""-1.0"", ""label"": ""Unanswered""}, {""value"": ""0.0"", ""label"": ""No""}, {""value"": ""1.0"", ""label"": ""Yes""}]"
31,B10ODQCFI1,Mug/Cup(s) of Instant coffee consumed,numeric,SCALE,NA,"[{""value"": ""-3.0"", ""label"": ""Unanswered (user not shown question)""}, {""value"": ""-1.0"", ""label"": ""Unanswered""}, {""value"": ""0.0"", ""label"": ""None""}, {""value"": ""1.0"", ""label"": ""1""}, {""value"": ""2.0"", ""label"": ""2""}, {""value"": ""3.0"", ""label"": ""3""}, {""value"": ""4.0"", ""label"": ""4""}, {""value"": ""5.0"", ""label"": ""5""}, {""value"": ""6.0"", ""label"": ""6""}, {""value"": ""200.0"", ""label"": ""(2+) 2 or more""}, {""value"": ""300.0"", ""label"": ""(3+) 3 or more""}, {""value"": ""400.0"", ""label"": ""(4+) 4 or more""}, {""value"": ""444.0"", ""label"": ""1/4 (quarter)""}, {""value"": ""500.0"", ""label"": ""(5+) 5 or more""}, {""value"": ""555.0"", ""label"": ""1/2 (half)""}, {""value"": ""600.0"", ""label"": ""(6+) 6 or more""}]"
32,B10ODQCFI2,"Whether added milk, cream or whitener (e.g. Coffee-mate) to instant coffee?",numeric,SCALE,NA,"[{""value"": ""-3.0"", ""label"": ""Unanswered (user not shown question)""}, {""value"": ""-1.0"", ""label"": ""Unanswered""}, {""value"": ""0.0"", ""label"": ""No""}, {""value"": ""1.0"", ""label"": ""Yes""}, {""value"": ""111.0"", ""label"": ""Varied""}]"
33,B10ODQCFF1,Mug/Cup(s) of Filter/Americano/Cafetière consumed,numeric,SCALE,NA,"[{""value"": ""-3.0"", ""label"": ""Unanswered (user not shown question)""}, {""value"": ""-1.0"", ""label"": ""Unanswered""}, {""value"": ""0.0"", ""label"": ""None""}, {""value"": ""1.0"", ""label"": ""1""}, {""value"": ""2.0"", ""label"": ""2""}, {""value"": ""3.0"", ""label"": ""3""}, {""value"": ""4.0"", ""label"": ""4""}, {""value"": ""5.0"", ""label"": ""5""}, {""value"": ""6.0"", ""label"": ""6""}, {""value"": ""200.0"", ""label"": ""(2+) 2 or more""}, {""value"": ""300.0"", ""label"": ""(3+) 3 or more""}, {""value"": ""400.0"", ""label"": ""(4+) 4 or more""}, {""value"": ""444.0"", ""label"": ""1/4 (quarter)""}, {""value"": ""500.0"", ""label"": ""(5+) 5 or more""}, {""value"": ""555.0"", ""label"": ""1/2 (half)""}, {""value"": ""600.0"", ""label"": ""(6+) 6 or more""}]"
34,B10ODQCFF2,"Whether added milk, cream or whitener to filter/americano/cafetière coffee?",numeric,SCALE,NA,"[{""value"": ""-3.0"", ""label"": ""Unanswered (user not shown question)""}, {""value"": ""-1.0"", ""label"": ""Unanswered""}, {""value"": ""0.0"", ""label"": ""No""}, {""value"": ""1.0"", ""label"": ""Yes""}, {""value"": ""111.0"", ""label"": ""Varied""}]"
35,B10ODQCFCP,Mug/Cup(s) of Cappuccino consumed,numeric,SCALE,NA,"[{""value"": ""-3.0"", ""label"": ""Unanswered (user not shown question)""}, {""value"": ""-1.0"", ""label"": ""Unanswered""}, {""value"": ""0.0"", ""label"": ""None""}, {""value"": ""1.0"", ""label"": ""1""}, {""value"": ""2.0"", ""label"": ""2""}, {""value"": ""3.0"", ""label"": ""3""}, {""value"": ""4.0"", ""label"": ""4""}, {""value"": ""5.0"", ""label"": ""5""}, {""value"": ""6.0"", ""label"": ""6""}, {""value"": ""200.0"", ""label"": ""(2+) 2 or more""}, {""value"": ""300.0"", ""label"": ""(3+) 3 or more""}, {""value"": ""400.0"", ""label"": ""(4+) 4 or more""}, {""value"": ""444.0"", ""label"": ""1/4 (quarter)""}, {""value"": ""500.0"", ""label"": ""(5+) 5 or more""}, {""value"": ""555.0"", ""label"": ""1/2 (half)""}, {""value"": ""600.0"", ""label"": ""(6+) 6 or more""}]"
36,B10ODQCFLT,Mug/Cup(s) of Latte consumed,numeric,SCALE,NA,"[{""value"": ""-3.0"", ""label"": ""Unanswered (user not shown question)""}, {""value"": ""-1.0"", ""label"": ""Unanswered""}, {""value"": ""0.0"", ""label"": ""None""}, {""value"": ""1.0"", ""label"": ""1""}, {""value"": ""2.0"", ""label"": ""2""}, {""value"": ""3.0"", ""label"": ""3""}, {""value"": ""4.0"", ""label"": ""4""}, {""value"": ""5.0"", ""label"": ""5""}, {""value"": ""6.0"", ""label"": ""6""}, {""value"": ""200.0"", ""label"": ""(2+) 2 or more""}, {""value"": ""300.0"", ""label"": ""(3+) 3 or more""}, {""value"": ""400.0"", ""label"": ""(4+) 4 or more""}, {""value"": ""444.0"", ""label"": ""1/4 (quarter)""}, {""value"": ""500.0"", ""label"": ""(5+) 5 or more""}, {""value"": ""555.0"", ""label"": ""1/2 (half)""}, {""value"": ""600.0"", ""label"": ""(6+) 6 or more""}]"
37,B10ODQCFE1,Cup(s) of Espresso consumed,numeric,SCALE,NA,"[{""value"": ""-3.0"", ""label"": ""Unanswered (user not shown question)""}, {""value"": ""-1.0"", ""label"": ""Unanswered""}, {""value"": ""0.0"", ""label"": ""None""}, {""value"": ""1.0"", ""label"": ""1""}, {""value"": ""2.0"", ""label"": ""2""}, {""value"": ""3.0"", ""label"": ""3""}, {""value"": ""4.0"", ""label"": ""4""}, {""value"": ""5.0"", ""label"": ""5""}, {""value"": ""6.0"", ""label"": ""6""}, {""value"": ""200.0"", ""label"": ""(2+) 2 or more""}, {""value"": ""300.0"", ""label"": ""(3+) 3 or more""}, {""value"": ""400.0"", ""label"": ""(4+) 4 or more""}, {""value"": ""444.0"", ""label"": ""1/4 (quarter)""}, {""value"": ""500.0"", ""label"": ""(5+) 5 or more""}, {""value"": ""555.0"", ""label"": ""1/2 (half)""}, {""value"": ""600.0"", ""label"": ""(6+) 6 or more""}]"
38,B10ODQCFE2,"Whether added milk, cream or whitener (e.g. Coffee-mate) to espresso?",numeric,SCALE,NA,"[{""value"": ""-3.0"", ""label"": ""Unanswered (user not shown question)""}, {""value"": ""-1.0"", ""label"": ""Unanswered""}, {""value"": ""0.0"", ""label"": ""No""}, {""value"": ""1.0"", ""label"": ""Yes""}, {""value"": ""111.0"", ""label"": ""Varied""}]"
39,B10ODQCFO1,Mug/Cup(s) of Other coffee drinks consumed,numeric,SCALE,NA,"[{""value"": ""-3.0"", ""label"": ""Unanswered (user not shown question)""}, {""value"": ""-1.0"", ""label"": ""Unanswered""}, {""value"": ""0.0"", ""label"": ""None""}, {""value"": ""1.0"", ""label"": ""1""}, {""value"": ""2.0"", ""label"": ""2""}, {""value"": ""3.0"", ""label"": ""3""}, {""value"": ""4.0"", ""label"": ""4""}, {""value"": ""5.0"", ""label"": ""5""}, {""value"": ""6.0"", ""label"": ""6""}, {""value"": ""200.0"", ""label"": ""(2+) 2 or more""}, {""value"": ""300.0"", ""label"": ""(3+) 3 or more""}, {""value"": ""400.0"", ""label"": ""(4+) 4 or more""}, {""value"": ""444.0"", ""label"": ""1/4 (quarter)""}, {""value"": ""500.0"", ""label"": ""(5+) 5 or more""}, {""value"": ""555.0"", ""label"": ""1/2 (half)""}, {""value"": ""600.0"", ""label"": ""(6+) 6 or more""}]"
40,B10ODQCFO2,"Whether added milk, cream or whitener to other type of coffee?",numeric,SCALE,NA,"[{""value"": ""-3.0"", ""label"": ""Unanswered (user not shown question)""}, {""value"": ""-1.0"", ""label"": ""Unanswered""}, {""value"": ""0.0"", ""label"": ""No""}, {""value"": ""1.0"", ""label"": ""Yes""}, {""value"": ""111.0"", ""label"": ""Varied""}]"
41,B10ODQCFA1,Was it decaffeinated coffee?,numeric,NOMINAL,NA,"[{""value"": ""-3.0"", ""label"": ""Unanswered (user not shown question)""}, {""value"": ""-1.0"", ""label"": ""Unanswered""}, {""value"": ""0.0"", ""label"": ""No""}, {""value"": ""1.0"", ""label"": ""Yes""}, {""value"": ""111.0"", ""label"": ""Varied""}]"
42,B10ODQCFA2,Teaspoon(s) of sugar added to your coffee (per drink)?,numeric,NOMINAL,NA,"[{""value"": ""-3.0"", ""label"": ""Unanswered (user not shown question)""}, {""value"": ""-1.0"", ""label"": ""Unanswered""}, {""value"": ""0.0"", ""label"": ""None""}, {""value"": ""1.0"", ""label"": ""1""}, {""value"": ""2.0"", ""label"": ""2""}, {""value"": ""3.0"", ""label"": ""3""}, {""value"": ""4.0"", ""label"": ""4""}, {""value"": ""5.0"", ""label"": ""5""}, {""value"": ""6.0"", ""label"": ""6""}, {""value"": ""200.0"", ""label"": ""(2+) 2 or more""}, {""value"": ""300.0"", ""label"": ""(3+) 3 or more""}, {""value"": ""400.0"", ""label"": ""(4+) 4 or more""}, {""value"": ""444.0"", ""label"": ""1/4 (quarter)""}, {""value"": ""500.0"", ""label"": ""(5+) 5 or more""}, {""value"": ""555.0"", ""label"": ""1/2 (half)""}, {""value"": ""600.0"", ""label"": ""(6+) 6 or more""}]"
43,B10ODQCFA3,Teaspoon/tablet(s) of sweetener (e.g. Canderel) added (per drink)?,numeric,SCALE,NA,"[{""value"": ""-3.0"", ""label"": ""Unanswered (user not shown question)""}, {""value"": ""-1.0"", ""label"": ""Unanswered""}, {""value"": ""0.0"", ""label"": ""None""}, {""value"": ""1.0"", ""label"": ""1""}, {""value"": ""2.0"", ""label"": ""2""}, {""value"": ""3.0"", ""label"": ""3""}, {""value"": ""4.0"", ""label"": ""4""}, {""value"": ""5.0"", ""label"": ""5""}, {""value"": ""6.0"", ""label"": ""6""}, {""value"": ""200.0"", ""label"": ""(2+) 2 or more""}, {""value"": ""300.0"", ""label"": ""(3+) 3 or more""}, {""value"": ""400.0"", ""label"": ""(4+) 4 or more""}, {""value"": ""444.0"", ""label"": ""1/4 (quarter)""}, {""value"": ""500.0"", ""label"": ""(5+) 5 or more""}, {""value"": ""555.0"", ""label"": ""1/2 (half)""}, {""value"": ""600.0"", ""label"": ""(6+) 6 or more""}]"
44,B10ODQTEA,Did you drink any tea / infusion yesterday?,numeric,NOMINAL,NA,"[{""value"": ""-3.0"", ""label"": ""Unanswered (user not shown question)""}, {""value"": ""-1.0"", ""label"": ""Unanswered""}, {""value"": ""0.0"", ""label"": ""No""}, {""value"": ""1.0"", ""label"": ""Yes""}]"
45,B10ODQTEAB,"Mug/Cup(s) of Standard tea (e.g. Tetley, PG Tips, Assam, Darjeeling) consumed",numeric,SCALE,NA,"[{""value"": ""-3.0"", ""label"": ""Unanswered (user not shown question)""}, {""value"": ""-1.0"", ""label"": ""Unanswered""}, {""value"": ""0.0"", ""label"": ""None""}, {""value"": ""1.0"", ""label"": ""1""}, {""value"": ""2.0"", ""label"": ""2""}, {""value"": ""3.0"", ""label"": ""3""}, {""value"": ""4.0"", ""label"": ""4""}, {""value"": ""5.0"", ""label"": ""5""}, {""value"": ""6.0"", ""label"": ""6""}, {""value"": ""200.0"", ""label"": ""(2+) 2 or more""}, {""value"": ""300.0"", ""label"": ""(3+) 3 or more""}, {""value"": ""400.0"", ""label"": ""(4+) 4 or more""}, {""value"": ""444.0"", ""label"": ""1/4 (quarter)""}, {""value"": ""500.0"", ""label"": ""(5+) 5 or more""}, {""value"": ""555.0"", ""label"": ""1/2 (half)""}, {""value"": ""600.0"", ""label"": ""(6+) 6 or more""}]"
46,B10ODQTEAR,Mug/Cup(s) of Rooibos / Redbush tea (e.g. Tick Tock) consumed,numeric,SCALE,NA,"[{""value"": ""-3.0"", ""label"": ""Unanswered (user not shown question)""}, {""value"": ""-1.0"", ""label"": ""Unanswered""}, {""value"": ""0.0"", ""label"": ""None""}, {""value"": ""1.0"", ""label"": ""1""}, {""value"": ""2.0"", ""label"": ""2""}, {""value"": ""3.0"", ""label"": ""3""}, {""value"": ""4.0"", ""label"": ""4""}, {""value"": ""5.0"", ""label"": ""5""}, {""value"": ""6.0"", ""label"": ""6""}, {""value"": ""200.0"", ""label"": ""(2+) 2 or more""}, {""value"": ""300.0"", ""label"": ""(3+) 3 or more""}, {""value"": ""400.0"", ""label"": ""(4+) 4 or more""}, {""value"": ""444.0"", ""label"": ""1/4 (quarter)""}, {""value"": ""500.0"", ""label"": ""(5+) 5 or more""}, {""value"": ""555.0"", ""label"": ""1/2 (half)""}, {""value"": ""600.0"", ""label"": ""(6+) 6 or more""}]"
47,B10ODQTEAG,Mug/Cup(s) of Green tea consumed,numeric,SCALE,NA,"[{""value"": ""-3.0"", ""label"": ""Unanswered (user not shown question)""}, {""value"": ""-1.0"", ""label"": ""Unanswered""}, {""value"": ""0.0"", ""label"": ""None""}, {""value"": ""1.0"", ""label"": ""1""}, {""value"": ""2.0"", ""label"": ""2""}, {""value"": ""3.0"", ""label"": ""3""}, {""value"": ""4.0"", ""label"": ""4""}, {""value"": ""5.0"", ""label"": ""5""}, {""value"": ""6.0"", ""label"": ""6""}, {""value"": ""200.0"", ""label"": ""(2+) 2 or more""}, {""value"": ""300.0"", ""label"": ""(3+) 3 or more""}, {""value"": ""400.0"", ""label"": ""(4+) 4 or more""}, {""value"": ""444.0"", ""label"": ""1/4 (quarter)""}, {""value"": ""500.0"", ""label"": ""(5+) 5 or more""}, {""value"": ""555.0"", ""label"": ""1/2 (half)""}, {""value"": ""600.0"", ""label"": ""(6+) 6 or more""}]"
48,B10ODQTEAH,Mug/Cup(s) of Herbal or fruit tea (infusion) consumed,numeric,SCALE,NA,"[{""value"": ""-3.0"", ""label"": ""Unanswered (user not shown question)""}, {""value"": ""-1.0"", ""label"": ""Unanswered""}, {""value"": ""0.0"", ""label"": ""None""}, {""value"": ""1.0"", ""label"": ""1""}, {""value"": ""2.0"", ""label"": ""2""}, {""value"": ""3.0"", ""label"": ""3""}, {""value"": ""4.0"", ""label"": ""4""}, {""value"": ""5.0"", ""label"": ""5""}, {""value"": ""6.0"", ""label"": ""6""}, {""value"": ""200.0"", ""label"": ""(2+) 2 or more""}, {""value"": ""300.0"", ""label"": ""(3+) 3 or more""}, {""value"": ""400.0"", ""label"": ""(4+) 4 or more""}, {""value"": ""444.0"", ""label"": ""1/4 (quarter)""}, {""value"": ""500.0"", ""label"": ""(5+) 5 or more""}, {""value"": ""555.0"", ""label"": ""1/2 (half)""}, {""value"": ""600.0"", ""label"": ""(6+) 6 or more""}]"
49,B10ODQTEAO,Mug/Cup(s) of Other tea or infusion consumed,numeric,SCALE,NA,"[{""value"": ""-3.0"", ""label"": ""Unanswered (user not shown question)""}, {""value"": ""-1.0"", ""label"": ""Unanswered""}, {""value"": ""0.0"", ""label"": ""None""}, {""value"": ""1.0"", ""label"": ""1""}, {""value"": ""2.0"", ""label"": ""2""}, {""value"": ""3.0"", ""label"": ""3""}, {""value"": ""4.0"", ""label"": ""4""}, {""value"": ""5.0"", ""label"": ""5""}, {""value"": ""6.0"", ""label"": ""6""}, {""value"": ""200.0"", ""label"": ""(2+) 2 or more""}, {""value"": ""300.0"", ""label"": ""(3+) 3 or more""}, {""value"": ""400.0"", ""label"": ""(4+) 4 or more""}, {""value"": ""444.0"", ""label"": ""1/4 (quarter)""}, {""value"": ""500.0"", ""label"": ""(5+) 5 or more""}, {""value"": ""555.0"", ""label"": ""1/2 (half)""}, {""value"": ""600.0"", ""label"": ""(6+) 6 or more""}]"
50,B10ODQTEA1,Did you add milk to your standard tea?,numeric,SCALE,NA,"[{""value"": ""-3.0"", ""label"": ""Unanswered (user not shown question)""}, {""value"": ""-1.0"", ""label"": ""Unanswered""}, {""value"": ""0.0"", ""label"": ""No""}, {""value"": ""1.0"", ""label"": ""Yes""}, {""value"": ""111.0"", ""label"": ""Varied""}]"
51,B10ODQTEA2,Was your standard tea decaffeinated?,numeric,SCALE,NA,"[{""value"": ""-3.0"", ""label"": ""Unanswered (user not shown question)""}, {""value"": ""-1.0"", ""label"": ""Unanswered""}, {""value"": ""0.0"", ""label"": ""No""}, {""value"": ""1.0"", ""label"": ""Yes""}, {""value"": ""111.0"", ""label"": ""Varied""}]"
52,B10ODQTEA3,Did you add milk to your rooibos/redbush tea?,numeric,SCALE,NA,"[{""value"": ""-3.0"", ""label"": ""Unanswered (user not shown question)""}, {""value"": ""-1.0"", ""label"": ""Unanswered""}, {""value"": ""0.0"", ""label"": ""No""}, {""value"": ""1.0"", ""label"": ""Yes""}, {""value"": ""111.0"", ""label"": ""Varied""}]"
53,B10ODQTEA4,Teaspoon(s) of sugar added to your tea / infusion (per drink)?,numeric,NOMINAL,NA,"[{""value"": ""-3.0"", ""label"": ""Unanswered (user not shown question)""}, {""value"": ""-1.0"", ""label"": ""Unanswered""}, {""value"": ""0.0"", ""label"": ""None""}, {""value"": ""1.0"", ""label"": ""1""}, {""value"": ""2.0"", ""label"": ""2""}, {""value"": ""3.0"", ""label"": ""3""}, {""value"": ""4.0"", ""label"": ""4""}, {""value"": ""5.0"", ""label"": ""5""}, {""value"": ""6.0"", ""label"": ""6""}, {""value"": ""200.0"", ""label"": ""(2+) 2 or more""}, {""value"": ""300.0"", ""label"": ""(3+) 3 or more""}, {""value"": ""400.0"", ""label"": ""(4+) 4 or more""}, {""value"": ""444.0"", ""label"": ""1/4 (quarter)""}, {""value"": ""500.0"", ""label"": ""(5+) 5 or more""}, {""value"": ""555.0"", ""label"": ""1/2 (half)""}, {""value"": ""600.0"", ""label"": ""(6+) 6 or more""}]"
54,B10ODQTEA5,Teaspoon / tablet(s) of sweetener (e.g. Canderel) added (per drink)?,numeric,SCALE,NA,"[{""value"": ""-3.0"", ""label"": ""Unanswered (user not shown question)""}, {""value"": ""-1.0"", ""label"": ""Unanswered""}, {""value"": ""0.0"", ""label"": ""None""}, {""value"": ""1.0"", ""label"": ""1""}, {""value"": ""2.0"", ""label"": ""2""}, {""value"": ""3.0"", ""label"": ""3""}, {""value"": ""4.0"", ""label"": ""4""}, {""value"": ""5.0"", ""label"": ""5""}, {""value"": ""6.0"", ""label"": ""6""}, {""value"": ""200.0"", ""label"": ""(2+) 2 or more""}, {""value"": ""300.0"", ""label"": ""(3+) 3 or more""}, {""value"": ""400.0"", ""label"": ""(4+) 4 or more""}, {""value"": ""444.0"", ""label"": ""1/4 (quarter)""}, {""value"": ""500.0"", ""label"": ""(5+) 5 or more""}, {""value"": ""555.0"", ""label"": ""1/2 (half)""}, {""value"": ""600.0"", ""label"": ""(6+) 6 or more""}]"
55,B10ODQODNK,Did you have any other (non-alcoholic) drinks yesterday?,numeric,NOMINAL,NA,"[{""value"": ""-3.0"", ""label"": ""Unanswered (user not shown question)""}, {""value"": ""-1.0"", ""label"": ""Unanswered""}, {""value"": ""0.0"", ""label"": ""No""}, {""value"": ""1.0"", ""label"": ""Yes""}]"
56,B10ODQODK1,Glass/Carton/250ml(s) of Milk (excluding milkshakes) consumed,numeric,SCALE,NA,"[{""value"": ""-3.0"", ""label"": ""Unanswered (user not shown question)""}, {""value"": ""-1.0"", ""label"": ""Unanswered""}, {""value"": ""0.0"", ""label"": ""None""}, {""value"": ""1.0"", ""label"": ""1""}, {""value"": ""2.0"", ""label"": ""2""}, {""value"": ""3.0"", ""label"": ""3""}, {""value"": ""4.0"", ""label"": ""4""}, {""value"": ""5.0"", ""label"": ""5""}, {""value"": ""6.0"", ""label"": ""6""}, {""value"": ""200.0"", ""label"": ""(2+) 2 or more""}, {""value"": ""300.0"", ""label"": ""(3+) 3 or more""}, {""value"": ""400.0"", ""label"": ""(4+) 4 or more""}, {""value"": ""444.0"", ""label"": ""1/4 (quarter)""}, {""value"": ""500.0"", ""label"": ""(5+) 5 or more""}, {""value"": ""555.0"", ""label"": ""1/2 (half)""}, {""value"": ""600.0"", ""label"": ""(6+) 6 or more""}]"
57,B10ODQODK2,"Glass/Carton/250ml(s) of Yogurt drinks, flavoured milk or milkshakes consumed",numeric,SCALE,NA,"[{""value"": ""-3.0"", ""label"": ""Unanswered (user not shown question)""}, {""value"": ""-1.0"", ""label"": ""Unanswered""}, {""value"": ""0.0"", ""label"": ""None""}, {""value"": ""1.0"", ""label"": ""1""}, {""value"": ""2.0"", ""label"": ""2""}, {""value"": ""3.0"", ""label"": ""3""}, {""value"": ""4.0"", ""label"": ""4""}, {""value"": ""5.0"", ""label"": ""5""}, {""value"": ""6.0"", ""label"": ""6""}, {""value"": ""200.0"", ""label"": ""(2+) 2 or more""}, {""value"": ""300.0"", ""label"": ""(3+) 3 or more""}, {""value"": ""400.0"", ""label"": ""(4+) 4 or more""}, {""value"": ""444.0"", ""label"": ""1/4 (quarter)""}, {""value"": ""500.0"", ""label"": ""(5+) 5 or more""}, {""value"": ""555.0"", ""label"": ""1/2 (half)""}, {""value"": ""600.0"", ""label"": ""(6+) 6 or more""}]"
58,B10ODQODK3,Mug/Cup(s) of Low calorie hot chocolate drinks consumed,numeric,SCALE,NA,"[{""value"": ""-3.0"", ""label"": ""Unanswered (user not shown question)""}, {""value"": ""-1.0"", ""label"": ""Unanswered""}, {""value"": ""0.0"", ""label"": ""None""}, {""value"": ""1.0"", ""label"": ""1""}, {""value"": ""2.0"", ""label"": ""2""}, {""value"": ""3.0"", ""label"": ""3""}, {""value"": ""4.0"", ""label"": ""4""}, {""value"": ""5.0"", ""label"": ""5""}, {""value"": ""6.0"", ""label"": ""6""}, {""value"": ""200.0"", ""label"": ""(2+) 2 or more""}, {""value"": ""300.0"", ""label"": ""(3+) 3 or more""}, {""value"": ""400.0"", ""label"": ""(4+) 4 or more""}, {""value"": ""444.0"", ""label"": ""1/4 (quarter)""}, {""value"": ""500.0"", ""label"": ""(5+) 5 or more""}, {""value"": ""555.0"", ""label"": ""1/2 (half)""}, {""value"": ""600.0"", ""label"": ""(6+) 6 or more""}]"
59,B10ODQODK4,Mug/Cup(s) of Hot chocolate or other milk-based drinks consumed,numeric,SCALE,NA,"[{""value"": ""-3.0"", ""label"": ""Unanswered (user not shown question)""}, {""value"": ""-1.0"", ""label"": ""Unanswered""}, {""value"": ""0.0"", ""label"": ""None""}, {""value"": ""1.0"", ""label"": ""1""}, {""value"": ""2.0"", ""label"": ""2""}, {""value"": ""3.0"", ""label"": ""3""}, {""value"": ""4.0"", ""label"": ""4""}, {""value"": ""5.0"", ""label"": ""5""}, {""value"": ""6.0"", ""label"": ""6""}, {""value"": ""200.0"", ""label"": ""(2+) 2 or more""}, {""value"": ""300.0"", ""label"": ""(3+) 3 or more""}, {""value"": ""400.0"", ""label"": ""(4+) 4 or more""}, {""value"": ""444.0"", ""label"": ""1/4 (quarter)""}, {""value"": ""500.0"", ""label"": ""(5+) 5 or more""}, {""value"": ""555.0"", ""label"": ""1/2 (half)""}, {""value"": ""600.0"", ""label"": ""(6+) 6 or more""}]"
60,B10ODQODK5,Glass/Mug/Cup(s) of Other drinks consumed,numeric,SCALE,NA,"[{""value"": ""-3.0"", ""label"": ""Unanswered (user not shown question)""}, {""value"": ""-1.0"", ""label"": ""Unanswered""}, {""value"": ""0.0"", ""label"": ""None""}, {""value"": ""1.0"", ""label"": ""1""}, {""value"": ""2.0"", ""label"": ""2""}, {""value"": ""3.0"", ""label"": ""3""}, {""value"": ""4.0"", ""label"": ""4""}, {""value"": ""5.0"", ""label"": ""5""}, {""value"": ""6.0"", ""label"": ""6""}, {""value"": ""200.0"", ""label"": ""(2+) 2 or more""}, {""value"": ""300.0"", ""label"": ""(3+) 3 or more""}, {""value"": ""400.0"", ""label"": ""(4+) 4 or more""}, {""value"": ""444.0"", ""label"": ""1/4 (quarter)""}, {""value"": ""500.0"", ""label"": ""(5+) 5 or more""}, {""value"": ""555.0"", ""label"": ""1/2 (half)""}, {""value"": ""600.0"", ""label"": ""(6+) 6 or more""}]"
61,B10ODQALCH,Did you have any alcoholic drinks yesterday?,numeric,NOMINAL,NA,"[{""value"": ""-3.0"", ""label"": ""Unanswered (user not shown question)""}, {""value"": ""-1.0"", ""label"": ""Unanswered""}, {""value"": ""0.0"", ""label"": ""No""}, {""value"": ""1.0"", ""label"": ""Yes""}]"
62,B10ODQRDW1,Wine glass(es) of Red wine consumed,numeric,SCALE,NA,"[{""value"": ""-3.0"", ""label"": ""Unanswered (user not shown question)""}, {""value"": ""-1.0"", ""label"": ""Unanswered""}, {""value"": ""0.0"", ""label"": ""None""}, {""value"": ""1.0"", ""label"": ""1""}, {""value"": ""2.0"", ""label"": ""2""}, {""value"": ""3.0"", ""label"": ""3""}, {""value"": ""4.0"", ""label"": ""4""}, {""value"": ""5.0"", ""label"": ""5""}, {""value"": ""6.0"", ""label"": ""6""}, {""value"": ""200.0"", ""label"": ""(2+) 2 or more""}, {""value"": ""300.0"", ""label"": ""(3+) 3 or more""}, {""value"": ""400.0"", ""label"": ""(4+) 4 or more""}, {""value"": ""444.0"", ""label"": ""1/4 (quarter)""}, {""value"": ""500.0"", ""label"": ""(5+) 5 or more""}, {""value"": ""555.0"", ""label"": ""1/2 (half)""}, {""value"": ""600.0"", ""label"": ""(6+) 6 or more""}]"
63,B10ODQRDW2,Red wine small glass (125ml),numeric,SCALE,NA,"[{""value"": ""-3.0"", ""label"": ""Unanswered (user not shown question)""}, {""value"": ""-1.0"", ""label"": ""Unanswered""}, {""value"": ""0.0"", ""label"": ""No""}, {""value"": ""1.0"", ""label"": ""Yes""}]"
64,B10ODQRDW3,Red wine medium glass (175ml),numeric,SCALE,NA,"[{""value"": ""-3.0"", ""label"": ""Unanswered (user not shown question)""}, {""value"": ""-1.0"", ""label"": ""Unanswered""}, {""value"": ""0.0"", ""label"": ""No""}, {""value"": ""1.0"", ""label"": ""Yes""}]"
65,B10ODQRDW4,Red wine large glass (250ml),numeric,SCALE,NA,"[{""value"": ""-3.0"", ""label"": ""Unanswered (user not shown question)""}, {""value"": ""-1.0"", ""label"": ""Unanswered""}, {""value"": ""0.0"", ""label"": ""No""}, {""value"": ""1.0"", ""label"": ""Yes""}]"
66,B10ODQRSW1,Wine glass(es) of Rosé wine (include sparkling) consumed,numeric,SCALE,NA,"[{""value"": ""-3.0"", ""label"": ""Unanswered (user not shown question)""}, {""value"": ""-1.0"", ""label"": ""Unanswered""}, {""value"": ""0.0"", ""label"": ""None""}, {""value"": ""1.0"", ""label"": ""1""}, {""value"": ""2.0"", ""label"": ""2""}, {""value"": ""3.0"", ""label"": ""3""}, {""value"": ""4.0"", ""label"": ""4""}, {""value"": ""5.0"", ""label"": ""5""}, {""value"": ""6.0"", ""label"": ""6""}, {""value"": ""200.0"", ""label"": ""(2+) 2 or more""}, {""value"": ""300.0"", ""label"": ""(3+) 3 or more""}, {""value"": ""400.0"", ""label"": ""(4+) 4 or more""}, {""value"": ""444.0"", ""label"": ""1/4 (quarter)""}, {""value"": ""500.0"", ""label"": ""(5+) 5 or more""}, {""value"": ""555.0"", ""label"": ""1/2 (half)""}, {""value"": ""600.0"", ""label"": ""(6+) 6 or more""}]"
67,B10ODQRSW2,Rosé wine (include sparkling) small glass (125ml),numeric,SCALE,NA,"[{""value"": ""-3.0"", ""label"": ""Unanswered (user not shown question)""}, {""value"": ""-1.0"", ""label"": ""Unanswered""}, {""value"": ""0.0"", ""label"": ""No""}, {""value"": ""1.0"", ""label"": ""Yes""}]"
68,B10ODQRSW3,Rosé wine (include sparkling) medium glass (175ml),numeric,SCALE,NA,"[{""value"": ""-3.0"", ""label"": ""Unanswered (user not shown question)""}, {""value"": ""-1.0"", ""label"": ""Unanswered""}, {""value"": ""0.0"", ""label"": ""No""}, {""value"": ""1.0"", ""label"": ""Yes""}]"
69,B10ODQRSW4,Rosé wine (include sparkling) large glass (250ml),numeric,SCALE,NA,"[{""value"": ""-3.0"", ""label"": ""Unanswered (user not shown question)""}, {""value"": ""-1.0"", ""label"": ""Unanswered""}, {""value"": ""0.0"", ""label"": ""No""}, {""value"": ""1.0"", ""label"": ""Yes""}]"
70,B10ODQWHW1,Wine glass(es) of White wine (include sparkling) consumed,numeric,SCALE,NA,"[{""value"": ""-3.0"", ""label"": ""Unanswered (user not shown question)""}, {""value"": ""-1.0"", ""label"": ""Unanswered""}, {""value"": ""0.0"", ""label"": ""None""}, {""value"": ""1.0"", ""label"": ""1""}, {""value"": ""2.0"", ""label"": ""2""}, {""value"": ""3.0"", ""label"": ""3""}, {""value"": ""4.0"", ""label"": ""4""}, {""value"": ""5.0"", ""label"": ""5""}, {""value"": ""6.0"", ""label"": ""6""}, {""value"": ""200.0"", ""label"": ""(2+) 2 or more""}, {""value"": ""300.0"", ""label"": ""(3+) 3 or more""}, {""value"": ""400.0"", ""label"": ""(4+) 4 or more""}, {""value"": ""444.0"", ""label"": ""1/4 (quarter)""}, {""value"": ""500.0"", ""label"": ""(5+) 5 or more""}, {""value"": ""555.0"", ""label"": ""1/2 (half)""}, {""value"": ""600.0"", ""label"": ""(6+) 6 or more""}]"
71,B10ODQWHW2,White wine (include sparkling) small glass (125ml),numeric,SCALE,NA,"[{""value"": ""-3.0"", ""label"": ""Unanswered (user not shown question)""}, {""value"": ""-1.0"", ""label"": ""Unanswered""}, {""value"": ""0.0"", ""label"": ""No""}, {""value"": ""1.0"", ""label"": ""Yes""}]"
72,B10ODQWHW3,White wine (include sparkling) medium glass (175ml),numeric,SCALE,NA,"[{""value"": ""-3.0"", ""label"": ""Unanswered (user not shown question)""}, {""value"": ""-1.0"", ""label"": ""Unanswered""}, {""value"": ""0.0"", ""label"": ""No""}, {""value"": ""1.0"", ""label"": ""Yes""}]"
73,B10ODQWHW4,White wine (include sparkling) large glass (250ml),numeric,SCALE,NA,"[{""value"": ""-3.0"", ""label"": ""Unanswered (user not shown question)""}, {""value"": ""-1.0"", ""label"": ""Unanswered""}, {""value"": ""0.0"", ""label"": ""No""}, {""value"": ""1.0"", ""label"": ""Yes""}]"
74,B10ODQBEER,"Pint(s) of Beer, lager or cider consumed",numeric,SCALE,NA,"[{""value"": ""-3.0"", ""label"": ""Unanswered (user not shown question)""}, {""value"": ""-1.0"", ""label"": ""Unanswered""}, {""value"": ""0.0"", ""label"": ""None""}, {""value"": ""1.0"", ""label"": ""1""}, {""value"": ""2.0"", ""label"": ""2""}, {""value"": ""3.0"", ""label"": ""3""}, {""value"": ""4.0"", ""label"": ""4""}, {""value"": ""5.0"", ""label"": ""5""}, {""value"": ""6.0"", ""label"": ""6""}, {""value"": ""200.0"", ""label"": ""(2+) 2 or more""}, {""value"": ""300.0"", ""label"": ""(3+) 3 or more""}, {""value"": ""400.0"", ""label"": ""(4+) 4 or more""}, {""value"": ""444.0"", ""label"": ""1/4 (quarter)""}, {""value"": ""500.0"", ""label"": ""(5+) 5 or more""}, {""value"": ""555.0"", ""label"": ""1/2 (half)""}, {""value"": ""600.0"", ""label"": ""(6+) 6 or more""}]"
75,B10ODQFORT,"Sherry/port glass(es) of Sherry, fortified wine or port consumed",numeric,SCALE,NA,"[{""value"": ""-3.0"", ""label"": ""Unanswered (user not shown question)""}, {""value"": ""-1.0"", ""label"": ""Unanswered""}, {""value"": ""0.0"", ""label"": ""None""}, {""value"": ""1.0"", ""label"": ""1""}, {""value"": ""2.0"", ""label"": ""2""}, {""value"": ""3.0"", ""label"": ""3""}, {""value"": ""4.0"", ""label"": ""4""}, {""value"": ""5.0"", ""label"": ""5""}, {""value"": ""6.0"", ""label"": ""6""}, {""value"": ""200.0"", ""label"": ""(2+) 2 or more""}, {""value"": ""300.0"", ""label"": ""(3+) 3 or more""}, {""value"": ""400.0"", ""label"": ""(4+) 4 or more""}, {""value"": ""444.0"", ""label"": ""1/4 (quarter)""}, {""value"": ""500.0"", ""label"": ""(5+) 5 or more""}, {""value"": ""555.0"", ""label"": ""1/2 (half)""}, {""value"": ""600.0"", ""label"": ""(6+) 6 or more""}]"
76,B10ODQSPRT,"Measure(s) of Spirits e.g. vodka, whisky, gin, rum consumed",numeric,SCALE,NA,"[{""value"": ""-3.0"", ""label"": ""Unanswered (user not shown question)""}, {""value"": ""-1.0"", ""label"": ""Unanswered""}, {""value"": ""0.0"", ""label"": ""None""}, {""value"": ""1.0"", ""label"": ""1""}, {""value"": ""2.0"", ""label"": ""2""}, {""value"": ""3.0"", ""label"": ""3""}, {""value"": ""4.0"", ""label"": ""4""}, {""value"": ""5.0"", ""label"": ""5""}, {""value"": ""6.0"", ""label"": ""6""}, {""value"": ""200.0"", ""label"": ""(2+) 2 or more""}, {""value"": ""300.0"", ""label"": ""(3+) 3 or more""}, {""value"": ""400.0"", ""label"": ""(4+) 4 or more""}, {""value"": ""444.0"", ""label"": ""1/4 (quarter)""}, {""value"": ""500.0"", ""label"": ""(5+) 5 or more""}, {""value"": ""555.0"", ""label"": ""1/2 (half)""}, {""value"": ""600.0"", ""label"": ""(6+) 6 or more""}]"
77,B10ODQOTHA,Units of Other alcoholic drinks consumed,numeric,SCALE,NA,"[{""value"": ""-3.0"", ""label"": ""Unanswered (user not shown question)""}, {""value"": ""-1.0"", ""label"": ""Unanswered""}, {""value"": ""0.0"", ""label"": ""None""}, {""value"": ""1.0"", ""label"": ""1""}, {""value"": ""2.0"", ""label"": ""2""}, {""value"": ""3.0"", ""label"": ""3""}, {""value"": ""4.0"", ""label"": ""4""}, {""value"": ""5.0"", ""label"": ""5""}, {""value"": ""6.0"", ""label"": ""6""}, {""value"": ""200.0"", ""label"": ""(2+) 2 or more""}, {""value"": ""300.0"", ""label"": ""(3+) 3 or more""}, {""value"": ""400.0"", ""label"": ""(4+) 4 or more""}, {""value"": ""444.0"", ""label"": ""1/4 (quarter)""}, {""value"": ""500.0"", ""label"": ""(5+) 5 or more""}, {""value"": ""555.0"", ""label"": ""1/2 (half)""}, {""value"": ""600.0"", ""label"": ""(6+) 6 or more""}]"
78,B10ODQCERL,Did you eat any breakfast cereal yesterday?,numeric,NOMINAL,NA,"[{""value"": ""-3.0"", ""label"": ""Unanswered (user not shown question)""}, {""value"": ""-1.0"", ""label"": ""Unanswered""}, {""value"": ""0.0"", ""label"": ""No""}, {""value"": ""1.0"", ""label"": ""Yes""}]"
79,B10ODQCLP1,"Bowl(s) of Porridge, hot oat cereal (e.g. Ready Brek) consumed",numeric,SCALE,NA,"[{""value"": ""-3.0"", ""label"": ""Unanswered (user not shown question)""}, {""value"": ""-1.0"", ""label"": ""Unanswered""}, {""value"": ""0.0"", ""label"": ""None""}, {""value"": ""1.0"", ""label"": ""1""}, {""value"": ""2.0"", ""label"": ""2""}, {""value"": ""3.0"", ""label"": ""3""}, {""value"": ""4.0"", ""label"": ""4""}, {""value"": ""5.0"", ""label"": ""5""}, {""value"": ""6.0"", ""label"": ""6""}, {""value"": ""200.0"", ""label"": ""(2+) 2 or more""}, {""value"": ""300.0"", ""label"": ""(3+) 3 or more""}, {""value"": ""400.0"", ""label"": ""(4+) 4 or more""}, {""value"": ""444.0"", ""label"": ""1/4 (quarter)""}, {""value"": ""500.0"", ""label"": ""(5+) 5 or more""}, {""value"": ""555.0"", ""label"": ""1/2 (half)""}, {""value"": ""600.0"", ""label"": ""(6+) 6 or more""}]"
80,B10ODQCLP2,"Porridge, hot oat cereal (e.g. Ready Brek): Made with water",numeric,SCALE,NA,"[{""value"": ""-3.0"", ""label"": ""Unanswered (user not shown question)""}, {""value"": ""-1.0"", ""label"": ""Unanswered""}, {""value"": ""0.0"", ""label"": ""No""}, {""value"": ""1.0"", ""label"": ""Yes""}]"
81,B10ODQCLP3,"Porridge, hot oat cereal (e.g. Ready Brek): Made with milk",numeric,SCALE,NA,"[{""value"": ""-3.0"", ""label"": ""Unanswered (user not shown question)""}, {""value"": ""-1.0"", ""label"": ""Unanswered""}, {""value"": ""0.0"", ""label"": ""No""}, {""value"": ""1.0"", ""label"": ""Yes""}]"
82,B10ODQCLMS,Bowl(s) of Muesli consumed,numeric,SCALE,NA,"[{""value"": ""-3.0"", ""label"": ""Unanswered (user not shown question)""}, {""value"": ""-1.0"", ""label"": ""Unanswered""}, {""value"": ""0.0"", ""label"": ""None""}, {""value"": ""1.0"", ""label"": ""1""}, {""value"": ""2.0"", ""label"": ""2""}, {""value"": ""3.0"", ""label"": ""3""}, {""value"": ""4.0"", ""label"": ""4""}, {""value"": ""5.0"", ""label"": ""5""}, {""value"": ""6.0"", ""label"": ""6""}, {""value"": ""200.0"", ""label"": ""(2+) 2 or more""}, {""value"": ""300.0"", ""label"": ""(3+) 3 or more""}, {""value"": ""400.0"", ""label"": ""(4+) 4 or more""}, {""value"": ""444.0"", ""label"": ""1/4 (quarter)""}, {""value"": ""500.0"", ""label"": ""(5+) 5 or more""}, {""value"": ""555.0"", ""label"": ""1/2 (half)""}, {""value"": ""600.0"", ""label"": ""(6+) 6 or more""}]"
83,B10ODQCLOC,Bowl(s) of Sweetened oat crunch type cereal (e.g. Country Crisp) consumed,numeric,SCALE,NA,"[{""value"": ""-3.0"", ""label"": ""Unanswered (user not shown question)""}, {""value"": ""-1.0"", ""label"": ""Unanswered""}, {""value"": ""0.0"", ""label"": ""None""}, {""value"": ""1.0"", ""label"": ""1""}, {""value"": ""2.0"", ""label"": ""2""}, {""value"": ""3.0"", ""label"": ""3""}, {""value"": ""4.0"", ""label"": ""4""}, {""value"": ""5.0"", ""label"": ""5""}, {""value"": ""6.0"", ""label"": ""6""}, {""value"": ""200.0"", ""label"": ""(2+) 2 or more""}, {""value"": ""300.0"", ""label"": ""(3+) 3 or more""}, {""value"": ""400.0"", ""label"": ""(4+) 4 or more""}, {""value"": ""444.0"", ""label"": ""1/4 (quarter)""}, {""value"": ""500.0"", ""label"": ""(5+) 5 or more""}, {""value"": ""555.0"", ""label"": ""1/2 (half)""}, {""value"": ""600.0"", ""label"": ""(6+) 6 or more""}]"
84,B10ODQCLSW,"Bowl(s) of Other sweetened cereals (e.g. Ricicles, Coco Pops) consumed",numeric,SCALE,NA,"[{""value"": ""-3.0"", ""label"": ""Unanswered (user not shown question)""}, {""value"": ""-1.0"", ""label"": ""Unanswered""}, {""value"": ""0.0"", ""label"": ""None""}, {""value"": ""1.0"", ""label"": ""1""}, {""value"": ""2.0"", ""label"": ""2""}, {""value"": ""3.0"", ""label"": ""3""}, {""value"": ""4.0"", ""label"": ""4""}, {""value"": ""5.0"", ""label"": ""5""}, {""value"": ""6.0"", ""label"": ""6""}, {""value"": ""200.0"", ""label"": ""(2+) 2 or more""}, {""value"": ""300.0"", ""label"": ""(3+) 3 or more""}, {""value"": ""400.0"", ""label"": ""(4+) 4 or more""}, {""value"": ""444.0"", ""label"": ""1/4 (quarter)""}, {""value"": ""500.0"", ""label"": ""(5+) 5 or more""}, {""value"": ""555.0"", ""label"": ""1/2 (half)""}, {""value"": ""600.0"", ""label"": ""(6+) 6 or more""}]"
85,B10ODQCLPN,"Bowl(s) of Plain cereals (e.g. Cornflakes, Rice Krispies, Special K) consumed",numeric,SCALE,NA,"[{""value"": ""-3.0"", ""label"": ""Unanswered (user not shown question)""}, {""value"": ""-1.0"", ""label"": ""Unanswered""}, {""value"": ""0.0"", ""label"": ""None""}, {""value"": ""1.0"", ""label"": ""1""}, {""value"": ""2.0"", ""label"": ""2""}, {""value"": ""3.0"", ""label"": ""3""}, {""value"": ""4.0"", ""label"": ""4""}, {""value"": ""5.0"", ""label"": ""5""}, {""value"": ""6.0"", ""label"": ""6""}, {""value"": ""200.0"", ""label"": ""(2+) 2 or more""}, {""value"": ""300.0"", ""label"": ""(3+) 3 or more""}, {""value"": ""400.0"", ""label"": ""(4+) 4 or more""}, {""value"": ""444.0"", ""label"": ""1/4 (quarter)""}, {""value"": ""500.0"", ""label"": ""(5+) 5 or more""}, {""value"": ""555.0"", ""label"": ""1/2 (half)""}, {""value"": ""600.0"", ""label"": ""(6+) 6 or more""}]"
86,B10ODQCLBN,"Bowl(s) of Bran cereals (e.g. bran flakes, All Bran) consumed",numeric,SCALE,NA,"[{""value"": ""-3.0"", ""label"": ""Unanswered (user not shown question)""}, {""value"": ""-1.0"", ""label"": ""Unanswered""}, {""value"": ""0.0"", ""label"": ""None""}, {""value"": ""1.0"", ""label"": ""1""}, {""value"": ""2.0"", ""label"": ""2""}, {""value"": ""3.0"", ""label"": ""3""}, {""value"": ""4.0"", ""label"": ""4""}, {""value"": ""5.0"", ""label"": ""5""}, {""value"": ""6.0"", ""label"": ""6""}, {""value"": ""200.0"", ""label"": ""(2+) 2 or more""}, {""value"": ""300.0"", ""label"": ""(3+) 3 or more""}, {""value"": ""400.0"", ""label"": ""(4+) 4 or more""}, {""value"": ""444.0"", ""label"": ""1/4 (quarter)""}, {""value"": ""500.0"", ""label"": ""(5+) 5 or more""}, {""value"": ""555.0"", ""label"": ""1/2 (half)""}, {""value"": ""600.0"", ""label"": ""(6+) 6 or more""}]"
87,B10ODQCLWW,"Bowl(s) of Wholewheat cereals (e.g. Weetabix, Shreddies) consumed",numeric,SCALE,NA,"[{""value"": ""-3.0"", ""label"": ""Unanswered (user not shown question)""}, {""value"": ""-1.0"", ""label"": ""Unanswered""}, {""value"": ""0.0"", ""label"": ""None""}, {""value"": ""1.0"", ""label"": ""1""}, {""value"": ""2.0"", ""label"": ""2""}, {""value"": ""3.0"", ""label"": ""3""}, {""value"": ""4.0"", ""label"": ""4""}, {""value"": ""5.0"", ""label"": ""5""}, {""value"": ""6.0"", ""label"": ""6""}, {""value"": ""200.0"", ""label"": ""(2+) 2 or more""}, {""value"": ""300.0"", ""label"": ""(3+) 3 or more""}, {""value"": ""400.0"", ""label"": ""(4+) 4 or more""}, {""value"": ""444.0"", ""label"": ""1/4 (quarter)""}, {""value"": ""500.0"", ""label"": ""(5+) 5 or more""}, {""value"": ""555.0"", ""label"": ""1/2 (half)""}, {""value"": ""600.0"", ""label"": ""(6+) 6 or more""}]"
88,B10ODQCLOT,Bowl(s) of Other cereal consumed,numeric,SCALE,NA,"[{""value"": ""-3.0"", ""label"": ""Unanswered (user not shown question)""}, {""value"": ""-1.0"", ""label"": ""Unanswered""}, {""value"": ""0.0"", ""label"": ""None""}, {""value"": ""1.0"", ""label"": ""1""}, {""value"": ""2.0"", ""label"": ""2""}, {""value"": ""3.0"", ""label"": ""3""}, {""value"": ""4.0"", ""label"": ""4""}, {""value"": ""5.0"", ""label"": ""5""}, {""value"": ""6.0"", ""label"": ""6""}, {""value"": ""200.0"", ""label"": ""(2+) 2 or more""}, {""value"": ""300.0"", ""label"": ""(3+) 3 or more""}, {""value"": ""400.0"", ""label"": ""(4+) 4 or more""}, {""value"": ""444.0"", ""label"": ""1/4 (quarter)""}, {""value"": ""500.0"", ""label"": ""(5+) 5 or more""}, {""value"": ""555.0"", ""label"": ""1/2 (half)""}, {""value"": ""600.0"", ""label"": ""(6+) 6 or more""}]"
89,B10ODQCLA1,"Did your cereal contain any dried fruit? (e.g. Sultana Bran, Fruit 'n' Fibre)",numeric,NOMINAL,NA,"[{""value"": ""-3.0"", ""label"": ""Unanswered (user not shown question)""}, {""value"": ""-1.0"", ""label"": ""Unanswered""}, {""value"": ""0.0"", ""label"": ""No""}, {""value"": ""1.0"", ""label"": ""Yes""}, {""value"": ""111.0"", ""label"": ""Varied""}]"
90,B10ODQCLA2,Did you add milk to your cereal?,numeric,NOMINAL,NA,"[{""value"": ""-3.0"", ""label"": ""Unanswered (user not shown question)""}, {""value"": ""-1.0"", ""label"": ""Unanswered""}, {""value"": ""0.0"", ""label"": ""No""}, {""value"": ""1.0"", ""label"": ""Yes""}, {""value"": ""111.0"", ""label"": ""Varied""}]"
91,B10ODQCLA3,"How much sugar, jam, honey or syrup added to cereal or porridge (per bowl)?",numeric,NOMINAL,NA,"[{""value"": ""-3.0"", ""label"": ""Unanswered (user not shown question)""}, {""value"": ""-1.0"", ""label"": ""Unanswered""}, {""value"": ""0.0"", ""label"": ""None""}, {""value"": ""1.0"", ""label"": ""1""}, {""value"": ""2.0"", ""label"": ""2""}, {""value"": ""3.0"", ""label"": ""3""}, {""value"": ""4.0"", ""label"": ""4""}, {""value"": ""5.0"", ""label"": ""5""}, {""value"": ""6.0"", ""label"": ""6""}, {""value"": ""200.0"", ""label"": ""(2+) 2 or more""}, {""value"": ""300.0"", ""label"": ""(3+) 3 or more""}, {""value"": ""400.0"", ""label"": ""(4+) 4 or more""}, {""value"": ""444.0"", ""label"": ""1/4 (quarter)""}, {""value"": ""500.0"", ""label"": ""(5+) 5 or more""}, {""value"": ""555.0"", ""label"": ""1/2 (half)""}, {""value"": ""600.0"", ""label"": ""(6+) 6 or more""}]"
92,B10ODQCLA4,How much sweetener (e.g. Canderel) added to cereal or porridge (per bowl)?,numeric,SCALE,NA,"[{""value"": ""-3.0"", ""label"": ""Unanswered (user not shown question)""}, {""value"": ""-1.0"", ""label"": ""Unanswered""}, {""value"": ""0.0"", ""label"": ""None""}, {""value"": ""1.0"", ""label"": ""1""}, {""value"": ""2.0"", ""label"": ""2""}, {""value"": ""3.0"", ""label"": ""3""}, {""value"": ""4.0"", ""label"": ""4""}, {""value"": ""5.0"", ""label"": ""5""}, {""value"": ""6.0"", ""label"": ""6""}, {""value"": ""200.0"", ""label"": ""(2+) 2 or more""}, {""value"": ""300.0"", ""label"": ""(3+) 3 or more""}, {""value"": ""400.0"", ""label"": ""(4+) 4 or more""}, {""value"": ""444.0"", ""label"": ""1/4 (quarter)""}, {""value"": ""500.0"", ""label"": ""(5+) 5 or more""}, {""value"": ""555.0"", ""label"": ""1/2 (half)""}, {""value"": ""600.0"", ""label"": ""(6+) 6 or more""}]"
93,B10ODQMLKM,Which type of milk did you use most frequently yesterday?,numeric,NOMINAL,NA,"[{""value"": ""-3.0"", ""label"": ""Unanswered (user not shown question)""}, {""value"": ""-1.0"", ""label"": ""Unanswered""}, {""value"": ""0.0"", ""label"": ""None (milk or substitute yesterday)""}, {""value"": ""222.0"", ""label"": ""Don't know type of milk I used most""}, {""value"": ""2102.0"", ""label"": ""Semi-skimmed cow's milk""}, {""value"": ""2103.0"", ""label"": ""Skimmed cow's milk""}, {""value"": ""2104.0"", ""label"": ""Whole (full cream) cow's milk""}, {""value"": ""2105.0"", ""label"": ""Soya milk with added calcium""}, {""value"": ""2106.0"", ""label"": ""Soya milk without added calcium""}, {""value"": ""2107.0"", ""label"": ""Goat's or sheep's milk""}, {""value"": ""2108.0"", ""label"": ""Rice, oat milk/other vegetable milk""}, {""value"": ""2109.0"", ""label"": ""Powdered milk""}, {""value"": ""2110.0"", ""label"": ""Cholesterol lowering milk""}, {""value"": ""2199.0"", ""label"": ""Other type of milk""}]"
94,B10ODQBRD,Did you eat any bread or crackers yesterday?,numeric,NOMINAL,NA,"[{""value"": ""-3.0"", ""label"": ""Unanswered (user not shown question)""}, {""value"": ""-1.0"", ""label"": ""Unanswered""}, {""value"": ""0.0"", ""label"": ""No""}, {""value"": ""1.0"", ""label"": ""Yes""}]"
95,B10ODQBDS1,Slice(s) of Sliced bread consumed,numeric,SCALE,NA,"[{""value"": ""-3.0"", ""label"": ""Unanswered (user not shown question)""}, {""value"": ""-1.0"", ""label"": ""Unanswered""}, {""value"": ""0.0"", ""label"": ""None""}, {""value"": ""1.0"", ""label"": ""1""}, {""value"": ""2.0"", ""label"": ""2""}, {""value"": ""3.0"", ""label"": ""3""}, {""value"": ""4.0"", ""label"": ""4""}, {""value"": ""5.0"", ""label"": ""5""}, {""value"": ""6.0"", ""label"": ""6""}, {""value"": ""200.0"", ""label"": ""(2+) 2 or more""}, {""value"": ""300.0"", ""label"": ""(3+) 3 or more""}, {""value"": ""400.0"", ""label"": ""(4+) 4 or more""}, {""value"": ""444.0"", ""label"": ""1/4 (quarter)""}, {""value"": ""500.0"", ""label"": ""(5+) 5 or more""}, {""value"": ""555.0"", ""label"": ""1/2 (half)""}, {""value"": ""600.0"", ""label"": ""(6+) 6 or more""}]"
96,B10ODQBDS2,Type of sliced bread: White,numeric,SCALE,NA,"[{""value"": ""-3.0"", ""label"": ""Unanswered (user not shown question)""}, {""value"": ""-1.0"", ""label"": ""Unanswered""}, {""value"": ""0.0"", ""label"": ""No""}, {""value"": ""1.0"", ""label"": ""Yes""}]"
97,B10ODQBDS3,"Type of sliced bread: Granary, brown, mixed flours/grains, white with extras",numeric,SCALE,NA,"[{""value"": ""-3.0"", ""label"": ""Unanswered (user not shown question)""}, {""value"": ""-1.0"", ""label"": ""Unanswered""}, {""value"": ""0.0"", ""label"": ""No""}, {""value"": ""1.0"", ""label"": ""Yes""}]"
98,B10ODQBDS4,Type of sliced bread: Wholemeal,numeric,SCALE,NA,"[{""value"": ""-3.0"", ""label"": ""Unanswered (user not shown question)""}, {""value"": ""-1.0"", ""label"": ""Unanswered""}, {""value"": ""0.0"", ""label"": ""No""}, {""value"": ""1.0"", ""label"": ""Yes""}]"
99,B10ODQBDS5,Type of sliced bread: Seeded (inside and/or on top),numeric,SCALE,NA,"[{""value"": ""-3.0"", ""label"": ""Unanswered (user not shown question)""}, {""value"": ""-1.0"", ""label"": ""Unanswered""}, {""value"": ""0.0"", ""label"": ""No""}, {""value"": ""1.0"", ""label"": ""Yes""}]"
100,B10ODQBDS6,Type of sliced bread: Other flour,numeric,SCALE,NA,"[{""value"": ""-3.0"", ""label"": ""Unanswered (user not shown question)""}, {""value"": ""-1.0"", ""label"": ""Unanswered""}, {""value"": ""0.0"", ""label"": ""No""}, {""value"": ""1.0"", ""label"": ""Yes""}]"
101,B10ODQBDB1,"Bread item(s) of Sandwich baguette, ciabatta, panini, or sub consumed",numeric,SCALE,NA,"[{""value"": ""-3.0"", ""label"": ""Unanswered (user not shown question)""}, {""value"": ""-1.0"", ""label"": ""Unanswered""}, {""value"": ""0.0"", ""label"": ""None""}, {""value"": ""1.0"", ""label"": ""1""}, {""value"": ""2.0"", ""label"": ""2""}, {""value"": ""3.0"", ""label"": ""3""}, {""value"": ""4.0"", ""label"": ""4""}, {""value"": ""5.0"", ""label"": ""5""}, {""value"": ""6.0"", ""label"": ""6""}, {""value"": ""200.0"", ""label"": ""(2+) 2 or more""}, {""value"": ""300.0"", ""label"": ""(3+) 3 or more""}, {""value"": ""400.0"", ""label"": ""(4+) 4 or more""}, {""value"": ""444.0"", ""label"": ""1/4 (quarter)""}, {""value"": ""500.0"", ""label"": ""(5+) 5 or more""}, {""value"": ""555.0"", ""label"": ""1/2 (half)""}, {""value"": ""600.0"", ""label"": ""(6+) 6 or more""}]"
102,B10ODQBDB2,Type of baguette/ciabatta/panini/sub: White,numeric,SCALE,NA,"[{""value"": ""-3.0"", ""label"": ""Unanswered (user not shown question)""}, {""value"": ""-1.0"", ""label"": ""Unanswered""}, {""value"": ""0.0"", ""label"": ""No""}, {""value"": ""1.0"", ""label"": ""Yes""}]"
103,B10ODQBDB3,"Type of baguette/ciabatta/panini/sub: Granary, brown, mixed flours/grains etc",numeric,SCALE,NA,"[{""value"": ""-3.0"", ""label"": ""Unanswered (user not shown question)""}, {""value"": ""-1.0"", ""label"": ""Unanswered""}, {""value"": ""0.0"", ""label"": ""No""}, {""value"": ""1.0"", ""label"": ""Yes""}]"
104,B10ODQBDB4,Type of baguette/ciabatta/panini/sub: Wholemeal,numeric,SCALE,NA,"[{""value"": ""-3.0"", ""label"": ""Unanswered (user not shown question)""}, {""value"": ""-1.0"", ""label"": ""Unanswered""}, {""value"": ""0.0"", ""label"": ""No""}, {""value"": ""1.0"", ""label"": ""Yes""}]"
105,B10ODQBDB5,Type of baguette/ciabatta/panini/sub: Seeded (inside and/or on top),numeric,SCALE,NA,"[{""value"": ""-3.0"", ""label"": ""Unanswered (user not shown question)""}, {""value"": ""-1.0"", ""label"": ""Unanswered""}, {""value"": ""0.0"", ""label"": ""No""}, {""value"": ""1.0"", ""label"": ""Yes""}]"
106,B10ODQBDB6,Type of baguette/ciabatta/panini/sub: Other flour,numeric,SCALE,NA,"[{""value"": ""-3.0"", ""label"": ""Unanswered (user not shown question)""}, {""value"": ""-1.0"", ""label"": ""Unanswered""}, {""value"": ""0.0"", ""label"": ""No""}, {""value"": ""1.0"", ""label"": ""Yes""}]"
107,B10ODQBDL1,"Bread item(s) of Large sandwich bap, stotty, pitta bread consumed",numeric,SCALE,NA,"[{""value"": ""-3.0"", ""label"": ""Unanswered (user not shown question)""}, {""value"": ""-1.0"", ""label"": ""Unanswered""}, {""value"": ""0.0"", ""label"": ""None""}, {""value"": ""1.0"", ""label"": ""1""}, {""value"": ""2.0"", ""label"": ""2""}, {""value"": ""3.0"", ""label"": ""3""}, {""value"": ""4.0"", ""label"": ""4""}, {""value"": ""5.0"", ""label"": ""5""}, {""value"": ""6.0"", ""label"": ""6""}, {""value"": ""200.0"", ""label"": ""(2+) 2 or more""}, {""value"": ""300.0"", ""label"": ""(3+) 3 or more""}, {""value"": ""400.0"", ""label"": ""(4+) 4 or more""}, {""value"": ""444.0"", ""label"": ""1/4 (quarter)""}, {""value"": ""500.0"", ""label"": ""(5+) 5 or more""}, {""value"": ""555.0"", ""label"": ""1/2 (half)""}, {""value"": ""600.0"", ""label"": ""(6+) 6 or more""}]"
108,B10ODQBDL2,Type of sandwich bap/stotty/pitta: White,numeric,SCALE,NA,"[{""value"": ""-3.0"", ""label"": ""Unanswered (user not shown question)""}, {""value"": ""-1.0"", ""label"": ""Unanswered""}, {""value"": ""0.0"", ""label"": ""No""}, {""value"": ""1.0"", ""label"": ""Yes""}]"
109,B10ODQBDL3,"Type of sandwich bap/stotty/pitta: Granary, brown, mixed flours/grains etc",numeric,SCALE,NA,"[{""value"": ""-3.0"", ""label"": ""Unanswered (user not shown question)""}, {""value"": ""-1.0"", ""label"": ""Unanswered""}, {""value"": ""0.0"", ""label"": ""No""}, {""value"": ""1.0"", ""label"": ""Yes""}]"
110,B10ODQBDL4,Type of sandwich bap/stotty/pitta: Wholemeal,numeric,SCALE,NA,"[{""value"": ""-3.0"", ""label"": ""Unanswered (user not shown question)""}, {""value"": ""-1.0"", ""label"": ""Unanswered""}, {""value"": ""0.0"", ""label"": ""No""}, {""value"": ""1.0"", ""label"": ""Yes""}]"
111,B10ODQBDL5,Type of sandwich bap/stotty/pitta: Seeded (inside and/or on top),numeric,SCALE,NA,"[{""value"": ""-3.0"", ""label"": ""Unanswered (user not shown question)""}, {""value"": ""-1.0"", ""label"": ""Unanswered""}, {""value"": ""0.0"", ""label"": ""No""}, {""value"": ""1.0"", ""label"": ""Yes""}]"
112,B10ODQBDL6,Type of sandwich bap/stotty/pitta: Other flour,numeric,SCALE,NA,"[{""value"": ""-3.0"", ""label"": ""Unanswered (user not shown question)""}, {""value"": ""-1.0"", ""label"": ""Unanswered""}, {""value"": ""0.0"", ""label"": ""No""}, {""value"": ""1.0"", ""label"": ""Yes""}]"
113,B10ODQBDR1,"Bread item(s) of Bread roll, bap, burger bun, hotdog roll, bagel consumed",numeric,SCALE,NA,"[{""value"": ""-3.0"", ""label"": ""Unanswered (user not shown question)""}, {""value"": ""-1.0"", ""label"": ""Unanswered""}, {""value"": ""0.0"", ""label"": ""None""}, {""value"": ""1.0"", ""label"": ""1""}, {""value"": ""2.0"", ""label"": ""2""}, {""value"": ""3.0"", ""label"": ""3""}, {""value"": ""4.0"", ""label"": ""4""}, {""value"": ""5.0"", ""label"": ""5""}, {""value"": ""6.0"", ""label"": ""6""}, {""value"": ""200.0"", ""label"": ""(2+) 2 or more""}, {""value"": ""300.0"", ""label"": ""(3+) 3 or more""}, {""value"": ""400.0"", ""label"": ""(4+) 4 or more""}, {""value"": ""444.0"", ""label"": ""1/4 (quarter)""}, {""value"": ""500.0"", ""label"": ""(5+) 5 or more""}, {""value"": ""555.0"", ""label"": ""1/2 (half)""}, {""value"": ""600.0"", ""label"": ""(6+) 6 or more""}]"
114,B10ODQBDR2,Type of bread roll/bap/burger bun/roll/bagel: White,numeric,SCALE,NA,"[{""value"": ""-3.0"", ""label"": ""Unanswered (user not shown question)""}, {""value"": ""-1.0"", ""label"": ""Unanswered""}, {""value"": ""0.0"", ""label"": ""No""}, {""value"": ""1.0"", ""label"": ""Yes""}]"
115,B10ODQBDR3,"Type of bread roll/bap/burger bun/roll/bagel: Granary, brown, mixed grain etc",numeric,SCALE,NA,"[{""value"": ""-3.0"", ""label"": ""Unanswered (user not shown question)""}, {""value"": ""-1.0"", ""label"": ""Unanswered""}, {""value"": ""0.0"", ""label"": ""No""}, {""value"": ""1.0"", ""label"": ""Yes""}]"
116,B10ODQBDR4,Type of bread roll/bap/burger bun/roll/bagel: Wholemeal,numeric,SCALE,NA,"[{""value"": ""-3.0"", ""label"": ""Unanswered (user not shown question)""}, {""value"": ""-1.0"", ""label"": ""Unanswered""}, {""value"": ""0.0"", ""label"": ""No""}, {""value"": ""1.0"", ""label"": ""Yes""}]"
117,B10ODQBDR5,Type of bread roll/bap/burger bun/roll/bagel: Seeded (inside and/or on top),numeric,SCALE,NA,"[{""value"": ""-3.0"", ""label"": ""Unanswered (user not shown question)""}, {""value"": ""-1.0"", ""label"": ""Unanswered""}, {""value"": ""0.0"", ""label"": ""No""}, {""value"": ""1.0"", ""label"": ""Yes""}]"
118,B10ODQBDR6,Type of bread roll/bap/burger bun/roll/bagel: Other flour,numeric,SCALE,NA,"[{""value"": ""-3.0"", ""label"": ""Unanswered (user not shown question)""}, {""value"": ""-1.0"", ""label"": ""Unanswered""}, {""value"": ""0.0"", ""label"": ""No""}, {""value"": ""1.0"", ""label"": ""Yes""}]"
119,B10ODQBDNA,Bread item(s) of Naan bread consumed,numeric,SCALE,NA,"[{""value"": ""-3.0"", ""label"": ""Unanswered (user not shown question)""}, {""value"": ""-1.0"", ""label"": ""Unanswered""}, {""value"": ""0.0"", ""label"": ""None""}, {""value"": ""1.0"", ""label"": ""1""}, {""value"": ""2.0"", ""label"": ""2""}, {""value"": ""3.0"", ""label"": ""3""}, {""value"": ""4.0"", ""label"": ""4""}, {""value"": ""5.0"", ""label"": ""5""}, {""value"": ""6.0"", ""label"": ""6""}, {""value"": ""200.0"", ""label"": ""(2+) 2 or more""}, {""value"": ""300.0"", ""label"": ""(3+) 3 or more""}, {""value"": ""400.0"", ""label"": ""(4+) 4 or more""}, {""value"": ""444.0"", ""label"": ""1/4 (quarter)""}, {""value"": ""500.0"", ""label"": ""(5+) 5 or more""}, {""value"": ""555.0"", ""label"": ""1/2 (half)""}, {""value"": ""600.0"", ""label"": ""(6+) 6 or more""}]"
120,B10ODQBDGL,Slice(s) of Garlic bread consumed,numeric,SCALE,NA,"[{""value"": ""-3.0"", ""label"": ""Unanswered (user not shown question)""}, {""value"": ""-1.0"", ""label"": ""Unanswered""}, {""value"": ""0.0"", ""label"": ""None""}, {""value"": ""1.0"", ""label"": ""1""}, {""value"": ""2.0"", ""label"": ""2""}, {""value"": ""3.0"", ""label"": ""3""}, {""value"": ""4.0"", ""label"": ""4""}, {""value"": ""5.0"", ""label"": ""5""}, {""value"": ""6.0"", ""label"": ""6""}, {""value"": ""200.0"", ""label"": ""(2+) 2 or more""}, {""value"": ""300.0"", ""label"": ""(3+) 3 or more""}, {""value"": ""400.0"", ""label"": ""(4+) 4 or more""}, {""value"": ""444.0"", ""label"": ""1/4 (quarter)""}, {""value"": ""500.0"", ""label"": ""(5+) 5 or more""}, {""value"": ""555.0"", ""label"": ""1/2 (half)""}, {""value"": ""600.0"", ""label"": ""(6+) 6 or more""}]"
121,B10ODQBDCR,"Biscuit/Item(s) of Crackers, crispbread, rice cakes, corn cakes consumed",numeric,SCALE,NA,"[{""value"": ""-3.0"", ""label"": ""Unanswered (user not shown question)""}, {""value"": ""-1.0"", ""label"": ""Unanswered""}, {""value"": ""0.0"", ""label"": ""None""}, {""value"": ""1.0"", ""label"": ""1""}, {""value"": ""2.0"", ""label"": ""2""}, {""value"": ""3.0"", ""label"": ""3""}, {""value"": ""4.0"", ""label"": ""4""}, {""value"": ""5.0"", ""label"": ""5""}, {""value"": ""6.0"", ""label"": ""6""}, {""value"": ""200.0"", ""label"": ""(2+) 2 or more""}, {""value"": ""300.0"", ""label"": ""(3+) 3 or more""}, {""value"": ""400.0"", ""label"": ""(4+) 4 or more""}, {""value"": ""444.0"", ""label"": ""1/4 (quarter)""}, {""value"": ""500.0"", ""label"": ""(5+) 5 or more""}, {""value"": ""555.0"", ""label"": ""1/2 (half)""}, {""value"": ""600.0"", ""label"": ""(6+) 6 or more""}]"
122,B10ODQOATC,Biscuit(s) of Oat cakes consumed,numeric,SCALE,NA,"[{""value"": ""-3.0"", ""label"": ""Unanswered (user not shown question)""}, {""value"": ""-1.0"", ""label"": ""Unanswered""}, {""value"": ""0.0"", ""label"": ""None""}, {""value"": ""1.0"", ""label"": ""1""}, {""value"": ""2.0"", ""label"": ""2""}, {""value"": ""3.0"", ""label"": ""3""}, {""value"": ""4.0"", ""label"": ""4""}, {""value"": ""5.0"", ""label"": ""5""}, {""value"": ""6.0"", ""label"": ""6""}, {""value"": ""200.0"", ""label"": ""(2+) 2 or more""}, {""value"": ""300.0"", ""label"": ""(3+) 3 or more""}, {""value"": ""400.0"", ""label"": ""(4+) 4 or more""}, {""value"": ""444.0"", ""label"": ""1/4 (quarter)""}, {""value"": ""500.0"", ""label"": ""(5+) 5 or more""}, {""value"": ""555.0"", ""label"": ""1/2 (half)""}, {""value"": ""600.0"", ""label"": ""(6+) 6 or more""}]"
123,B10ODQBDOT,"Slice/Item(s) of Other bread (e.g. crumpets, wraps, breadsticks) consumed",numeric,SCALE,NA,"[{""value"": ""-3.0"", ""label"": ""Unanswered (user not shown question)""}, {""value"": ""-1.0"", ""label"": ""Unanswered""}, {""value"": ""0.0"", ""label"": ""None""}, {""value"": ""1.0"", ""label"": ""1""}, {""value"": ""2.0"", ""label"": ""2""}, {""value"": ""3.0"", ""label"": ""3""}, {""value"": ""4.0"", ""label"": ""4""}, {""value"": ""5.0"", ""label"": ""5""}, {""value"": ""6.0"", ""label"": ""6""}, {""value"": ""200.0"", ""label"": ""(2+) 2 or more""}, {""value"": ""300.0"", ""label"": ""(3+) 3 or more""}, {""value"": ""400.0"", ""label"": ""(4+) 4 or more""}, {""value"": ""444.0"", ""label"": ""1/4 (quarter)""}, {""value"": ""500.0"", ""label"": ""(5+) 5 or more""}, {""value"": ""555.0"", ""label"": ""1/2 (half)""}, {""value"": ""600.0"", ""label"": ""(6+) 6 or more""}]"
124,B10ODQBDMG,Did you have any butter or margarine on your bread or crackers?,numeric,SCALE,NA,"[{""value"": ""-3.0"", ""label"": ""Unanswered (user not shown question)""}, {""value"": ""-1.0"", ""label"": ""Unanswered""}, {""value"": ""0.0"", ""label"": ""No""}, {""value"": ""1.0"", ""label"": ""Yes""}]"
125,B10ODQBMS1,How many sliced bread items had butter/margarine?,numeric,SCALE,NA,"[{""value"": ""-3.0"", ""label"": ""Unanswered (user not shown question)""}, {""value"": ""-1.0"", ""label"": ""Unanswered""}, {""value"": ""0.0"", ""label"": ""None""}, {""value"": ""1.0"", ""label"": ""1""}, {""value"": ""2.0"", ""label"": ""2""}, {""value"": ""3.0"", ""label"": ""3""}, {""value"": ""4.0"", ""label"": ""4""}, {""value"": ""5.0"", ""label"": ""5""}, {""value"": ""6.0"", ""label"": ""6""}, {""value"": ""200.0"", ""label"": ""(2+) 2 or more""}, {""value"": ""300.0"", ""label"": ""(3+) 3 or more""}, {""value"": ""400.0"", ""label"": ""(4+) 4 or more""}, {""value"": ""444.0"", ""label"": ""1/4 (quarter)""}, {""value"": ""500.0"", ""label"": ""(5+) 5 or more""}, {""value"": ""555.0"", ""label"": ""1/2 (half)""}, {""value"": ""600.0"", ""label"": ""(6+) 6 or more""}]"
126,B10ODQBMS2,Sliced bread: Thickly spread,numeric,SCALE,NA,"[{""value"": ""-3.0"", ""label"": ""Unanswered (user not shown question)""}, {""value"": ""-1.0"", ""label"": ""Unanswered""}, {""value"": ""0.0"", ""label"": ""No""}, {""value"": ""1.0"", ""label"": ""Yes""}]"
127,B10ODQBMS3,Sliced bread: Medium,numeric,SCALE,NA,"[{""value"": ""-3.0"", ""label"": ""Unanswered (user not shown question)""}, {""value"": ""-1.0"", ""label"": ""Unanswered""}, {""value"": ""0.0"", ""label"": ""No""}, {""value"": ""1.0"", ""label"": ""Yes""}]"
128,B10ODQBMS4,Sliced bread: Thinly spread,numeric,SCALE,NA,"[{""value"": ""-3.0"", ""label"": ""Unanswered (user not shown question)""}, {""value"": ""-1.0"", ""label"": ""Unanswered""}, {""value"": ""0.0"", ""label"": ""No""}, {""value"": ""1.0"", ""label"": ""Yes""}]"
129,B10ODQBMB1,How many Sandwich baguette/ciabatta/panini/sub items had butter/margarine?,numeric,SCALE,NA,"[{""value"": ""-3.0"", ""label"": ""Unanswered (user not shown question)""}, {""value"": ""-1.0"", ""label"": ""Unanswered""}, {""value"": ""0.0"", ""label"": ""None""}, {""value"": ""1.0"", ""label"": ""1""}, {""value"": ""2.0"", ""label"": ""2""}, {""value"": ""3.0"", ""label"": ""3""}, {""value"": ""4.0"", ""label"": ""4""}, {""value"": ""5.0"", ""label"": ""5""}, {""value"": ""6.0"", ""label"": ""6""}, {""value"": ""200.0"", ""label"": ""(2+) 2 or more""}, {""value"": ""300.0"", ""label"": ""(3+) 3 or more""}, {""value"": ""400.0"", ""label"": ""(4+) 4 or more""}, {""value"": ""444.0"", ""label"": ""1/4 (quarter)""}, {""value"": ""500.0"", ""label"": ""(5+) 5 or more""}, {""value"": ""555.0"", ""label"": ""1/2 (half)""}, {""value"": ""600.0"", ""label"": ""(6+) 6 or more""}]"
130,B10ODQBMB2,Sandwich baguette/ciabatta/panini/sub: Thickly spread,numeric,SCALE,NA,"[{""value"": ""-3.0"", ""label"": ""Unanswered (user not shown question)""}, {""value"": ""-1.0"", ""label"": ""Unanswered""}, {""value"": ""0.0"", ""label"": ""No""}, {""value"": ""1.0"", ""label"": ""Yes""}]"
131,B10ODQBMB3,Sandwich baguette/ciabatta/panini/sub: Medium,numeric,SCALE,NA,"[{""value"": ""-3.0"", ""label"": ""Unanswered (user not shown question)""}, {""value"": ""-1.0"", ""label"": ""Unanswered""}, {""value"": ""0.0"", ""label"": ""No""}, {""value"": ""1.0"", ""label"": ""Yes""}]"
132,B10ODQBMB4,Sandwich baguette/ciabatta/panini/sub: Thinly spread,numeric,SCALE,NA,"[{""value"": ""-3.0"", ""label"": ""Unanswered (user not shown question)""}, {""value"": ""-1.0"", ""label"": ""Unanswered""}, {""value"": ""0.0"", ""label"": ""No""}, {""value"": ""1.0"", ""label"": ""Yes""}]"
133,B10ODQBML1,How many Large sandwich bap/stotty/pitta bread items had butter/margarine?,numeric,SCALE,NA,"[{""value"": ""-3.0"", ""label"": ""Unanswered (user not shown question)""}, {""value"": ""-1.0"", ""label"": ""Unanswered""}, {""value"": ""0.0"", ""label"": ""None""}, {""value"": ""1.0"", ""label"": ""1""}, {""value"": ""2.0"", ""label"": ""2""}, {""value"": ""3.0"", ""label"": ""3""}, {""value"": ""4.0"", ""label"": ""4""}, {""value"": ""5.0"", ""label"": ""5""}, {""value"": ""6.0"", ""label"": ""6""}, {""value"": ""200.0"", ""label"": ""(2+) 2 or more""}, {""value"": ""300.0"", ""label"": ""(3+) 3 or more""}, {""value"": ""400.0"", ""label"": ""(4+) 4 or more""}, {""value"": ""444.0"", ""label"": ""1/4 (quarter)""}, {""value"": ""500.0"", ""label"": ""(5+) 5 or more""}, {""value"": ""555.0"", ""label"": ""1/2 (half)""}, {""value"": ""600.0"", ""label"": ""(6+) 6 or more""}]"
134,B10ODQBML2,Large sandwich bap/stotty/pitta bread: Thickly spread,numeric,SCALE,NA,"[{""value"": ""-3.0"", ""label"": ""Unanswered (user not shown question)""}, {""value"": ""-1.0"", ""label"": ""Unanswered""}, {""value"": ""0.0"", ""label"": ""No""}, {""value"": ""1.0"", ""label"": ""Yes""}]"
135,B10ODQBML3,Large sandwich bap/stotty/pitta bread: Medium,numeric,SCALE,NA,"[{""value"": ""-3.0"", ""label"": ""Unanswered (user not shown question)""}, {""value"": ""-1.0"", ""label"": ""Unanswered""}, {""value"": ""0.0"", ""label"": ""No""}, {""value"": ""1.0"", ""label"": ""Yes""}]"
136,B10ODQBML4,Large sandwich bap/stotty/pitta bread: Thinly spread,numeric,SCALE,NA,"[{""value"": ""-3.0"", ""label"": ""Unanswered (user not shown question)""}, {""value"": ""-1.0"", ""label"": ""Unanswered""}, {""value"": ""0.0"", ""label"": ""No""}, {""value"": ""1.0"", ""label"": ""Yes""}]"
137,B10ODQBMR1,How many Bread roll/bap/bun/hotdog roll/bagel items had butter/margarine?,numeric,SCALE,NA,"[{""value"": ""-3.0"", ""label"": ""Unanswered (user not shown question)""}, {""value"": ""-1.0"", ""label"": ""Unanswered""}, {""value"": ""0.0"", ""label"": ""None""}, {""value"": ""1.0"", ""label"": ""1""}, {""value"": ""2.0"", ""label"": ""2""}, {""value"": ""3.0"", ""label"": ""3""}, {""value"": ""4.0"", ""label"": ""4""}, {""value"": ""5.0"", ""label"": ""5""}, {""value"": ""6.0"", ""label"": ""6""}, {""value"": ""200.0"", ""label"": ""(2+) 2 or more""}, {""value"": ""300.0"", ""label"": ""(3+) 3 or more""}, {""value"": ""400.0"", ""label"": ""(4+) 4 or more""}, {""value"": ""444.0"", ""label"": ""1/4 (quarter)""}, {""value"": ""500.0"", ""label"": ""(5+) 5 or more""}, {""value"": ""555.0"", ""label"": ""1/2 (half)""}, {""value"": ""600.0"", ""label"": ""(6+) 6 or more""}]"
138,B10ODQBMR2,Bread roll/bap/bun/hotdog roll/bagel: Thickly spread,numeric,SCALE,NA,"[{""value"": ""-3.0"", ""label"": ""Unanswered (user not shown question)""}, {""value"": ""-1.0"", ""label"": ""Unanswered""}, {""value"": ""0.0"", ""label"": ""No""}, {""value"": ""1.0"", ""label"": ""Yes""}]"
139,B10ODQBMR3,Bread roll/bap/bun/hotdog roll/bagel: Medium,numeric,SCALE,NA,"[{""value"": ""-3.0"", ""label"": ""Unanswered (user not shown question)""}, {""value"": ""-1.0"", ""label"": ""Unanswered""}, {""value"": ""0.0"", ""label"": ""No""}, {""value"": ""1.0"", ""label"": ""Yes""}]"
140,B10ODQBMR4,Bread roll/bap/bun/hotdog roll/bagel: Thinly spread,numeric,SCALE,NA,"[{""value"": ""-3.0"", ""label"": ""Unanswered (user not shown question)""}, {""value"": ""-1.0"", ""label"": ""Unanswered""}, {""value"": ""0.0"", ""label"": ""No""}, {""value"": ""1.0"", ""label"": ""Yes""}]"
141,B10ODQBMC1,How many Crackers/crispbread/rice cakes/corn cakes had butter/margarine?,numeric,SCALE,NA,"[{""value"": ""-3.0"", ""label"": ""Unanswered (user not shown question)""}, {""value"": ""-1.0"", ""label"": ""Unanswered""}, {""value"": ""0.0"", ""label"": ""None""}, {""value"": ""1.0"", ""label"": ""1""}, {""value"": ""2.0"", ""label"": ""2""}, {""value"": ""3.0"", ""label"": ""3""}, {""value"": ""4.0"", ""label"": ""4""}, {""value"": ""5.0"", ""label"": ""5""}, {""value"": ""6.0"", ""label"": ""6""}, {""value"": ""200.0"", ""label"": ""(2+) 2 or more""}, {""value"": ""300.0"", ""label"": ""(3+) 3 or more""}, {""value"": ""400.0"", ""label"": ""(4+) 4 or more""}, {""value"": ""444.0"", ""label"": ""1/4 (quarter)""}, {""value"": ""500.0"", ""label"": ""(5+) 5 or more""}, {""value"": ""555.0"", ""label"": ""1/2 (half)""}, {""value"": ""600.0"", ""label"": ""(6+) 6 or more""}]"
142,B10ODQBMC2,Crackers/crispbread/rice cakes/corn cakes: Thickly spread,numeric,SCALE,NA,"[{""value"": ""-3.0"", ""label"": ""Unanswered (user not shown question)""}, {""value"": ""-1.0"", ""label"": ""Unanswered""}, {""value"": ""0.0"", ""label"": ""No""}, {""value"": ""1.0"", ""label"": ""Yes""}]"
143,B10ODQBMC3,Crackers/crispbread/rice cakes/corn cakes: Medium,numeric,SCALE,NA,"[{""value"": ""-3.0"", ""label"": ""Unanswered (user not shown question)""}, {""value"": ""-1.0"", ""label"": ""Unanswered""}, {""value"": ""0.0"", ""label"": ""No""}, {""value"": ""1.0"", ""label"": ""Yes""}]"
144,B10ODQBMC4,Crackers/crispbread/rice cakes/corn cakes: Thinly spread,numeric,SCALE,NA,"[{""value"": ""-3.0"", ""label"": ""Unanswered (user not shown question)""}, {""value"": ""-1.0"", ""label"": ""Unanswered""}, {""value"": ""0.0"", ""label"": ""No""}, {""value"": ""1.0"", ""label"": ""Yes""}]"
145,B10ODQOCM1,How many Oat cakes had butter/margarine?,numeric,SCALE,NA,"[{""value"": ""-3.0"", ""label"": ""Unanswered (user not shown question)""}, {""value"": ""-1.0"", ""label"": ""Unanswered""}, {""value"": ""0.0"", ""label"": ""None""}, {""value"": ""1.0"", ""label"": ""1""}, {""value"": ""2.0"", ""label"": ""2""}, {""value"": ""3.0"", ""label"": ""3""}, {""value"": ""4.0"", ""label"": ""4""}, {""value"": ""5.0"", ""label"": ""5""}, {""value"": ""6.0"", ""label"": ""6""}, {""value"": ""200.0"", ""label"": ""(2+) 2 or more""}, {""value"": ""300.0"", ""label"": ""(3+) 3 or more""}, {""value"": ""400.0"", ""label"": ""(4+) 4 or more""}, {""value"": ""444.0"", ""label"": ""1/4 (quarter)""}, {""value"": ""500.0"", ""label"": ""(5+) 5 or more""}, {""value"": ""555.0"", ""label"": ""1/2 (half)""}, {""value"": ""600.0"", ""label"": ""(6+) 6 or more""}]"
146,B10ODQOCM2,Oat cakes: Thickly spread,numeric,SCALE,NA,"[{""value"": ""-3.0"", ""label"": ""Unanswered (user not shown question)""}, {""value"": ""-1.0"", ""label"": ""Unanswered""}, {""value"": ""0.0"", ""label"": ""No""}, {""value"": ""1.0"", ""label"": ""Yes""}]"
147,B10ODQOCM3,Oat cakes: Medium,numeric,SCALE,NA,"[{""value"": ""-3.0"", ""label"": ""Unanswered (user not shown question)""}, {""value"": ""-1.0"", ""label"": ""Unanswered""}, {""value"": ""0.0"", ""label"": ""No""}, {""value"": ""1.0"", ""label"": ""Yes""}]"
148,B10ODQOCM4,Oat cakes: Thinly spread,numeric,SCALE,NA,"[{""value"": ""-3.0"", ""label"": ""Unanswered (user not shown question)""}, {""value"": ""-1.0"", ""label"": ""Unanswered""}, {""value"": ""0.0"", ""label"": ""No""}, {""value"": ""1.0"", ""label"": ""Yes""}]"
149,B10ODQBMO1,How many Other bread items had butter/margarine?,numeric,SCALE,NA,"[{""value"": ""-3.0"", ""label"": ""Unanswered (user not shown question)""}, {""value"": ""-1.0"", ""label"": ""Unanswered""}, {""value"": ""0.0"", ""label"": ""None""}, {""value"": ""1.0"", ""label"": ""1""}, {""value"": ""2.0"", ""label"": ""2""}, {""value"": ""3.0"", ""label"": ""3""}, {""value"": ""4.0"", ""label"": ""4""}, {""value"": ""5.0"", ""label"": ""5""}, {""value"": ""6.0"", ""label"": ""6""}, {""value"": ""200.0"", ""label"": ""(2+) 2 or more""}, {""value"": ""300.0"", ""label"": ""(3+) 3 or more""}, {""value"": ""400.0"", ""label"": ""(4+) 4 or more""}, {""value"": ""444.0"", ""label"": ""1/4 (quarter)""}, {""value"": ""500.0"", ""label"": ""(5+) 5 or more""}, {""value"": ""555.0"", ""label"": ""1/2 (half)""}, {""value"": ""600.0"", ""label"": ""(6+) 6 or more""}]"
150,B10ODQBMO2,Other bread items: Thickly spread,numeric,SCALE,NA,"[{""value"": ""-3.0"", ""label"": ""Unanswered (user not shown question)""}, {""value"": ""-1.0"", ""label"": ""Unanswered""}, {""value"": ""0.0"", ""label"": ""No""}, {""value"": ""1.0"", ""label"": ""Yes""}]"
151,B10ODQBMO3,Other bread items: Medium,numeric,SCALE,NA,"[{""value"": ""-3.0"", ""label"": ""Unanswered (user not shown question)""}, {""value"": ""-1.0"", ""label"": ""Unanswered""}, {""value"": ""0.0"", ""label"": ""No""}, {""value"": ""1.0"", ""label"": ""Yes""}]"
152,B10ODQBMO4,Other bread items: Thinly spread,numeric,SCALE,NA,"[{""value"": ""-3.0"", ""label"": ""Unanswered (user not shown question)""}, {""value"": ""-1.0"", ""label"": ""Unanswered""}, {""value"": ""0.0"", ""label"": ""No""}, {""value"": ""1.0"", ""label"": ""Yes""}]"
153,B10ODQSPBT,Spread used: Butter,numeric,SCALE,NA,"[{""value"": ""-3.0"", ""label"": ""Unanswered (user not shown question)""}, {""value"": ""-1.0"", ""label"": ""Unanswered""}, {""value"": ""0.0"", ""label"": ""No""}, {""value"": ""1.0"", ""label"": ""Yes""}]"
154,B10ODQSPB1,Type of butter: Spreadable,numeric,SCALE,NA,"[{""value"": ""-3.0"", ""label"": ""Unanswered (user not shown question)""}, {""value"": ""-1.0"", ""label"": ""Unanswered""}, {""value"": ""0.0"", ""label"": ""No""}, {""value"": ""1.0"", ""label"": ""Yes""}]"
155,B10ODQSPB2,Type of butter: Low fat,numeric,SCALE,NA,"[{""value"": ""-3.0"", ""label"": ""Unanswered (user not shown question)""}, {""value"": ""-1.0"", ""label"": ""Unanswered""}, {""value"": ""0.0"", ""label"": ""No""}, {""value"": ""1.0"", ""label"": ""Yes""}]"
156,B10ODQSPB3,Type of butter: Normal fat,numeric,SCALE,NA,"[{""value"": ""-3.0"", ""label"": ""Unanswered (user not shown question)""}, {""value"": ""-1.0"", ""label"": ""Unanswered""}, {""value"": ""0.0"", ""label"": ""No""}, {""value"": ""1.0"", ""label"": ""Yes""}]"
157,B10ODQSPB4,Type of butter: Don't know,numeric,SCALE,NA,"[{""value"": ""-3.0"", ""label"": ""Unanswered (user not shown question)""}, {""value"": ""-1.0"", ""label"": ""Unanswered""}, {""value"": ""0.0"", ""label"": ""No""}, {""value"": ""1.0"", ""label"": ""Yes""}]"
158,B10ODQSPOV,Spread used: Olive based spread (e.g. Bertolli),numeric,SCALE,NA,"[{""value"": ""-3.0"", ""label"": ""Unanswered (user not shown question)""}, {""value"": ""-1.0"", ""label"": ""Unanswered""}, {""value"": ""0.0"", ""label"": ""No""}, {""value"": ""1.0"", ""label"": ""Yes""}]"
159,B10ODQSPO1,Type of Olive based spread (e.g. Bertolli): Very low fat,numeric,SCALE,NA,"[{""value"": ""-3.0"", ""label"": ""Unanswered (user not shown question)""}, {""value"": ""-1.0"", ""label"": ""Unanswered""}, {""value"": ""0.0"", ""label"": ""No""}, {""value"": ""1.0"", ""label"": ""Yes""}]"
160,B10ODQSPO2,Type of Olive based spread (e.g. Bertolli): Low fat,numeric,SCALE,NA,"[{""value"": ""-3.0"", ""label"": ""Unanswered (user not shown question)""}, {""value"": ""-1.0"", ""label"": ""Unanswered""}, {""value"": ""0.0"", ""label"": ""No""}, {""value"": ""1.0"", ""label"": ""Yes""}]"
161,B10ODQSPO3,Type of Olive based spread (e.g. Bertolli): Normal fat,numeric,SCALE,NA,"[{""value"": ""-3.0"", ""label"": ""Unanswered (user not shown question)""}, {""value"": ""-1.0"", ""label"": ""Unanswered""}, {""value"": ""0.0"", ""label"": ""No""}, {""value"": ""1.0"", ""label"": ""Yes""}]"
162,B10ODQSPO4,Type of Olive based spread (e.g. Bertolli): Cholesterol lowering,numeric,SCALE,NA,"[{""value"": ""-3.0"", ""label"": ""Unanswered (user not shown question)""}, {""value"": ""-1.0"", ""label"": ""Unanswered""}, {""value"": ""0.0"", ""label"": ""No""}, {""value"": ""1.0"", ""label"": ""Yes""}]"
163,B10ODQSPO5,Type of Olive based spread (e.g. Bertolli): Don't know,numeric,SCALE,NA,"[{""value"": ""-3.0"", ""label"": ""Unanswered (user not shown question)""}, {""value"": ""-1.0"", ""label"": ""Unanswered""}, {""value"": ""0.0"", ""label"": ""No""}, {""value"": ""1.0"", ""label"": ""Yes""}]"
164,B10ODQSPPM,Spread used: Polyunsaturated margarine (e.g. Flora),numeric,SCALE,NA,"[{""value"": ""-3.0"", ""label"": ""Unanswered (user not shown question)""}, {""value"": ""-1.0"", ""label"": ""Unanswered""}, {""value"": ""0.0"", ""label"": ""No""}, {""value"": ""1.0"", ""label"": ""Yes""}]"
165,B10ODQSPP1,Type of Polyunsaturated margarine (e.g. Flora): Very low fat,numeric,SCALE,NA,"[{""value"": ""-3.0"", ""label"": ""Unanswered (user not shown question)""}, {""value"": ""-1.0"", ""label"": ""Unanswered""}, {""value"": ""0.0"", ""label"": ""No""}, {""value"": ""1.0"", ""label"": ""Yes""}]"
166,B10ODQSPP2,Type of Polyunsaturated margarine (e.g. Flora): Low fat,numeric,SCALE,NA,"[{""value"": ""-3.0"", ""label"": ""Unanswered (user not shown question)""}, {""value"": ""-1.0"", ""label"": ""Unanswered""}, {""value"": ""0.0"", ""label"": ""No""}, {""value"": ""1.0"", ""label"": ""Yes""}]"
167,B10ODQSPP3,Type of Polyunsaturated margarine (e.g. Flora): Normal fat,numeric,SCALE,NA,"[{""value"": ""-3.0"", ""label"": ""Unanswered (user not shown question)""}, {""value"": ""-1.0"", ""label"": ""Unanswered""}, {""value"": ""0.0"", ""label"": ""No""}, {""value"": ""1.0"", ""label"": ""Yes""}]"
168,B10ODQSPP4,Type of Polyunsaturated margarine (e.g. Flora): Cholesterol lowering,numeric,SCALE,NA,"[{""value"": ""-3.0"", ""label"": ""Unanswered (user not shown question)""}, {""value"": ""-1.0"", ""label"": ""Unanswered""}, {""value"": ""0.0"", ""label"": ""No""}, {""value"": ""1.0"", ""label"": ""Yes""}]"
169,B10ODQSPP5,Type of Polyunsaturated margarine (e.g. Flora): Don't know,numeric,SCALE,NA,"[{""value"": ""-3.0"", ""label"": ""Unanswered (user not shown question)""}, {""value"": ""-1.0"", ""label"": ""Unanswered""}, {""value"": ""0.0"", ""label"": ""No""}, {""value"": ""1.0"", ""label"": ""Yes""}]"
170,B10ODQSPDY,Spread used: Dairy spread (e.g. Clover),numeric,SCALE,NA,"[{""value"": ""-3.0"", ""label"": ""Unanswered (user not shown question)""}, {""value"": ""-1.0"", ""label"": ""Unanswered""}, {""value"": ""0.0"", ""label"": ""No""}, {""value"": ""1.0"", ""label"": ""Yes""}]"
171,B10ODQSPD1,Type of Dairy spread (e.g. Clover): Very low fat,numeric,SCALE,NA,"[{""value"": ""-3.0"", ""label"": ""Unanswered (user not shown question)""}, {""value"": ""-1.0"", ""label"": ""Unanswered""}, {""value"": ""0.0"", ""label"": ""No""}, {""value"": ""1.0"", ""label"": ""Yes""}]"
172,B10ODQSPD2,Type of Dairy spread (e.g. Clover): Low fat,numeric,SCALE,NA,"[{""value"": ""-3.0"", ""label"": ""Unanswered (user not shown question)""}, {""value"": ""-1.0"", ""label"": ""Unanswered""}, {""value"": ""0.0"", ""label"": ""No""}, {""value"": ""1.0"", ""label"": ""Yes""}]"
173,B10ODQSPD3,Type of Dairy spread (e.g. Clover): Normal fat,numeric,SCALE,NA,"[{""value"": ""-3.0"", ""label"": ""Unanswered (user not shown question)""}, {""value"": ""-1.0"", ""label"": ""Unanswered""}, {""value"": ""0.0"", ""label"": ""No""}, {""value"": ""1.0"", ""label"": ""Yes""}]"
174,B10ODQSPD4,Type of Dairy spread (e.g. Clover): Cholesterol lowering,numeric,SCALE,NA,"[{""value"": ""-3.0"", ""label"": ""Unanswered (user not shown question)""}, {""value"": ""-1.0"", ""label"": ""Unanswered""}, {""value"": ""0.0"", ""label"": ""No""}, {""value"": ""1.0"", ""label"": ""Yes""}]"
175,B10ODQSPD5,Type of Dairy spread (e.g. Clover): Don't know,numeric,SCALE,NA,"[{""value"": ""-3.0"", ""label"": ""Unanswered (user not shown question)""}, {""value"": ""-1.0"", ""label"": ""Unanswered""}, {""value"": ""0.0"", ""label"": ""No""}, {""value"": ""1.0"", ""label"": ""Yes""}]"
176,B10ODQSPS1,Spread used: Soya/vegan/other milk-free margarine (e.g. Pure),numeric,SCALE,NA,"[{""value"": ""-3.0"", ""label"": ""Unanswered (user not shown question)""}, {""value"": ""-1.0"", ""label"": ""Unanswered""}, {""value"": ""0.0"", ""label"": ""No""}, {""value"": ""1.0"", ""label"": ""Yes""}]"
177,B10ODQSPS2,Type of Soya/vegan/other milk-free margarine (e.g. Pure): Very low fat,numeric,SCALE,NA,"[{""value"": ""-3.0"", ""label"": ""Unanswered (user not shown question)""}, {""value"": ""-1.0"", ""label"": ""Unanswered""}, {""value"": ""0.0"", ""label"": ""No""}, {""value"": ""1.0"", ""label"": ""Yes""}]"
178,B10ODQSPS3,Type of Soya/vegan/other milk-free margarine (e.g. Pure): Low fat,numeric,SCALE,NA,"[{""value"": ""-3.0"", ""label"": ""Unanswered (user not shown question)""}, {""value"": ""-1.0"", ""label"": ""Unanswered""}, {""value"": ""0.0"", ""label"": ""No""}, {""value"": ""1.0"", ""label"": ""Yes""}]"
179,B10ODQSPS4,Type of Soya/vegan/other milk-free margarine (e.g. Pure): Normal fat,numeric,SCALE,NA,"[{""value"": ""-3.0"", ""label"": ""Unanswered (user not shown question)""}, {""value"": ""-1.0"", ""label"": ""Unanswered""}, {""value"": ""0.0"", ""label"": ""No""}, {""value"": ""1.0"", ""label"": ""Yes""}]"
180,B10ODQSPS5,Type of Soya/vegan/other milk-free margarine (e.g. Pure): Cholesterol lowering,numeric,SCALE,NA,"[{""value"": ""-3.0"", ""label"": ""Unanswered (user not shown question)""}, {""value"": ""-1.0"", ""label"": ""Unanswered""}, {""value"": ""0.0"", ""label"": ""No""}, {""value"": ""1.0"", ""label"": ""Yes""}]"
181,B10ODQSPS6,Type of Soya/vegan/other milk-free margarine (e.g. Pure): Don't know,numeric,SCALE,NA,"[{""value"": ""-3.0"", ""label"": ""Unanswered (user not shown question)""}, {""value"": ""-1.0"", ""label"": ""Unanswered""}, {""value"": ""0.0"", ""label"": ""No""}, {""value"": ""1.0"", ""label"": ""Yes""}]"
182,B10ODQSPN1,Spread used: Unknown/other soft margarine,numeric,SCALE,NA,"[{""value"": ""-3.0"", ""label"": ""Unanswered (user not shown question)""}, {""value"": ""-1.0"", ""label"": ""Unanswered""}, {""value"": ""0.0"", ""label"": ""No""}, {""value"": ""1.0"", ""label"": ""Yes""}]"
183,B10ODQSPN2,Type of Unknown/other soft margarine: Very low fat,numeric,SCALE,NA,"[{""value"": ""-3.0"", ""label"": ""Unanswered (user not shown question)""}, {""value"": ""-1.0"", ""label"": ""Unanswered""}, {""value"": ""0.0"", ""label"": ""No""}, {""value"": ""1.0"", ""label"": ""Yes""}]"
184,B10ODQSPN3,Type of Unknown/other soft margarine: Low fat,numeric,SCALE,NA,"[{""value"": ""-3.0"", ""label"": ""Unanswered (user not shown question)""}, {""value"": ""-1.0"", ""label"": ""Unanswered""}, {""value"": ""0.0"", ""label"": ""No""}, {""value"": ""1.0"", ""label"": ""Yes""}]"
185,B10ODQSPN4,Type of Unknown/other soft margarine: Normal fat,numeric,SCALE,NA,"[{""value"": ""-3.0"", ""label"": ""Unanswered (user not shown question)""}, {""value"": ""-1.0"", ""label"": ""Unanswered""}, {""value"": ""0.0"", ""label"": ""No""}, {""value"": ""1.0"", ""label"": ""Yes""}]"
186,B10ODQSPN5,Type of Unknown/other soft margarine: Cholesterol lowering,numeric,SCALE,NA,"[{""value"": ""-3.0"", ""label"": ""Unanswered (user not shown question)""}, {""value"": ""-1.0"", ""label"": ""Unanswered""}, {""value"": ""0.0"", ""label"": ""No""}, {""value"": ""1.0"", ""label"": ""Yes""}]"
187,B10ODQSPN6,Type of Unknown/other soft margarine: Don't know,numeric,SCALE,NA,"[{""value"": ""-3.0"", ""label"": ""Unanswered (user not shown question)""}, {""value"": ""-1.0"", ""label"": ""Unanswered""}, {""value"": ""0.0"", ""label"": ""No""}, {""value"": ""1.0"", ""label"": ""Yes""}]"
188,B10ODQSPHM,"Spread used: Hard margarine (in wrapper, not tub)",numeric,SCALE,NA,"[{""value"": ""-3.0"", ""label"": ""Unanswered (user not shown question)""}, {""value"": ""-1.0"", ""label"": ""Unanswered""}, {""value"": ""0.0"", ""label"": ""No""}, {""value"": ""1.0"", ""label"": ""Yes""}]"
189,B10ODQSPOT,"Spread used: Other (e.g. ghee, dripping)",numeric,SCALE,NA,"[{""value"": ""-3.0"", ""label"": ""Unanswered (user not shown question)""}, {""value"": ""-1.0"", ""label"": ""Unanswered""}, {""value"": ""0.0"", ""label"": ""No""}, {""value"": ""1.0"", ""label"": ""Yes""}]"
190,B10ODQDBLC,Slice/Item(s) of Double crust pie (pie/pasty) consumed,numeric,SCALE,NA,"[{""value"": ""-3.0"", ""label"": ""Unanswered (user not shown question)""}, {""value"": ""-1.0"", ""label"": ""Unanswered""}, {""value"": ""0.0"", ""label"": ""None""}, {""value"": ""1.0"", ""label"": ""1""}, {""value"": ""2.0"", ""label"": ""2""}, {""value"": ""3.0"", ""label"": ""3""}, {""value"": ""4.0"", ""label"": ""4""}, {""value"": ""5.0"", ""label"": ""5""}, {""value"": ""6.0"", ""label"": ""6""}, {""value"": ""200.0"", ""label"": ""(2+) 2 or more""}, {""value"": ""300.0"", ""label"": ""(3+) 3 or more""}, {""value"": ""400.0"", ""label"": ""(4+) 4 or more""}, {""value"": ""444.0"", ""label"": ""1/4 (quarter)""}, {""value"": ""500.0"", ""label"": ""(5+) 5 or more""}, {""value"": ""555.0"", ""label"": ""1/2 (half)""}, {""value"": ""600.0"", ""label"": ""(6+) 6 or more""}]"
191,B10ODQSNGC,Slice/Item(s) of Single crust pie/flan (pastry base or pastry top) consumed,numeric,SCALE,NA,"[{""value"": ""-3.0"", ""label"": ""Unanswered (user not shown question)""}, {""value"": ""-1.0"", ""label"": ""Unanswered""}, {""value"": ""0.0"", ""label"": ""None""}, {""value"": ""1.0"", ""label"": ""1""}, {""value"": ""2.0"", ""label"": ""2""}, {""value"": ""3.0"", ""label"": ""3""}, {""value"": ""4.0"", ""label"": ""4""}, {""value"": ""5.0"", ""label"": ""5""}, {""value"": ""6.0"", ""label"": ""6""}, {""value"": ""200.0"", ""label"": ""(2+) 2 or more""}, {""value"": ""300.0"", ""label"": ""(3+) 3 or more""}, {""value"": ""400.0"", ""label"": ""(4+) 4 or more""}, {""value"": ""444.0"", ""label"": ""1/4 (quarter)""}, {""value"": ""500.0"", ""label"": ""(5+) 5 or more""}, {""value"": ""555.0"", ""label"": ""1/2 (half)""}, {""value"": ""600.0"", ""label"": ""(6+) 6 or more""}]"
192,B10ODQCRMB,"Serving(s) of Crumble topping (e.g. fruit crumble, vegetable crumble) consumed",numeric,SCALE,NA,"[{""value"": ""-3.0"", ""label"": ""Unanswered (user not shown question)""}, {""value"": ""-1.0"", ""label"": ""Unanswered""}, {""value"": ""0.0"", ""label"": ""None""}, {""value"": ""1.0"", ""label"": ""1""}, {""value"": ""2.0"", ""label"": ""2""}, {""value"": ""3.0"", ""label"": ""3""}, {""value"": ""4.0"", ""label"": ""4""}, {""value"": ""5.0"", ""label"": ""5""}, {""value"": ""6.0"", ""label"": ""6""}, {""value"": ""200.0"", ""label"": ""(2+) 2 or more""}, {""value"": ""300.0"", ""label"": ""(3+) 3 or more""}, {""value"": ""400.0"", ""label"": ""(4+) 4 or more""}, {""value"": ""444.0"", ""label"": ""1/4 (quarter)""}, {""value"": ""500.0"", ""label"": ""(5+) 5 or more""}, {""value"": ""555.0"", ""label"": ""1/2 (half)""}, {""value"": ""600.0"", ""label"": ""(6+) 6 or more""}]"
193,B10ODQPZZA,Medium slice(s) of Pizza consumed,numeric,SCALE,NA,"[{""value"": ""-3.0"", ""label"": ""Unanswered (user not shown question)""}, {""value"": ""-1.0"", ""label"": ""Unanswered""}, {""value"": ""0.0"", ""label"": ""None""}, {""value"": ""1.0"", ""label"": ""1""}, {""value"": ""2.0"", ""label"": ""2""}, {""value"": ""3.0"", ""label"": ""3""}, {""value"": ""4.0"", ""label"": ""4""}, {""value"": ""5.0"", ""label"": ""5""}, {""value"": ""6.0"", ""label"": ""6""}, {""value"": ""200.0"", ""label"": ""(2+) 2 or more""}, {""value"": ""300.0"", ""label"": ""(3+) 3 or more""}, {""value"": ""400.0"", ""label"": ""(4+) 4 or more""}, {""value"": ""444.0"", ""label"": ""1/4 (quarter)""}, {""value"": ""500.0"", ""label"": ""(5+) 5 or more""}, {""value"": ""555.0"", ""label"": ""1/2 (half)""}, {""value"": ""600.0"", ""label"": ""(6+) 6 or more""}]"
194,B10ODQPCK1,"Pancake(s) of Pancake, crêpe consumed",numeric,SCALE,NA,"[{""value"": ""-3.0"", ""label"": ""Unanswered (user not shown question)""}, {""value"": ""-1.0"", ""label"": ""Unanswered""}, {""value"": ""0.0"", ""label"": ""None""}, {""value"": ""1.0"", ""label"": ""1""}, {""value"": ""2.0"", ""label"": ""2""}, {""value"": ""3.0"", ""label"": ""3""}, {""value"": ""4.0"", ""label"": ""4""}, {""value"": ""5.0"", ""label"": ""5""}, {""value"": ""6.0"", ""label"": ""6""}, {""value"": ""200.0"", ""label"": ""(2+) 2 or more""}, {""value"": ""300.0"", ""label"": ""(3+) 3 or more""}, {""value"": ""400.0"", ""label"": ""(4+) 4 or more""}, {""value"": ""444.0"", ""label"": ""1/4 (quarter)""}, {""value"": ""500.0"", ""label"": ""(5+) 5 or more""}, {""value"": ""555.0"", ""label"": ""1/2 (half)""}, {""value"": ""600.0"", ""label"": ""(6+) 6 or more""}]"
195,B10ODQPCK2,"Pancake(s) of Scotch pancake, blini, American style pancake consumed",numeric,SCALE,NA,"[{""value"": ""-3.0"", ""label"": ""Unanswered (user not shown question)""}, {""value"": ""-1.0"", ""label"": ""Unanswered""}, {""value"": ""0.0"", ""label"": ""None""}, {""value"": ""1.0"", ""label"": ""1""}, {""value"": ""2.0"", ""label"": ""2""}, {""value"": ""3.0"", ""label"": ""3""}, {""value"": ""4.0"", ""label"": ""4""}, {""value"": ""5.0"", ""label"": ""5""}, {""value"": ""6.0"", ""label"": ""6""}, {""value"": ""200.0"", ""label"": ""(2+) 2 or more""}, {""value"": ""300.0"", ""label"": ""(3+) 3 or more""}, {""value"": ""400.0"", ""label"": ""(4+) 4 or more""}, {""value"": ""444.0"", ""label"": ""1/4 (quarter)""}, {""value"": ""500.0"", ""label"": ""(5+) 5 or more""}, {""value"": ""555.0"", ""label"": ""1/2 (half)""}, {""value"": ""600.0"", ""label"": ""(6+) 6 or more""}]"
196,B10ODQYSPD,Muffin-sized pudding/serving(s) of Yorkshire pudding consumed,numeric,SCALE,NA,"[{""value"": ""-3.0"", ""label"": ""Unanswered (user not shown question)""}, {""value"": ""-1.0"", ""label"": ""Unanswered""}, {""value"": ""0.0"", ""label"": ""None""}, {""value"": ""1.0"", ""label"": ""1""}, {""value"": ""2.0"", ""label"": ""2""}, {""value"": ""3.0"", ""label"": ""3""}, {""value"": ""4.0"", ""label"": ""4""}, {""value"": ""5.0"", ""label"": ""5""}, {""value"": ""6.0"", ""label"": ""6""}, {""value"": ""200.0"", ""label"": ""(2+) 2 or more""}, {""value"": ""300.0"", ""label"": ""(3+) 3 or more""}, {""value"": ""400.0"", ""label"": ""(4+) 4 or more""}, {""value"": ""444.0"", ""label"": ""1/4 (quarter)""}, {""value"": ""500.0"", ""label"": ""(5+) 5 or more""}, {""value"": ""555.0"", ""label"": ""1/2 (half)""}, {""value"": ""600.0"", ""label"": ""(6+) 6 or more""}]"
197,B10ODQINDS,"Item(s) of Pakora, onion bhaji, samosa consumed",numeric,SCALE,NA,"[{""value"": ""-3.0"", ""label"": ""Unanswered (user not shown question)""}, {""value"": ""-1.0"", ""label"": ""Unanswered""}, {""value"": ""0.0"", ""label"": ""None""}, {""value"": ""1.0"", ""label"": ""1""}, {""value"": ""2.0"", ""label"": ""2""}, {""value"": ""3.0"", ""label"": ""3""}, {""value"": ""4.0"", ""label"": ""4""}, {""value"": ""5.0"", ""label"": ""5""}, {""value"": ""6.0"", ""label"": ""6""}, {""value"": ""200.0"", ""label"": ""(2+) 2 or more""}, {""value"": ""300.0"", ""label"": ""(3+) 3 or more""}, {""value"": ""400.0"", ""label"": ""(4+) 4 or more""}, {""value"": ""444.0"", ""label"": ""1/4 (quarter)""}, {""value"": ""500.0"", ""label"": ""(5+) 5 or more""}, {""value"": ""555.0"", ""label"": ""1/2 (half)""}, {""value"": ""600.0"", ""label"": ""(6+) 6 or more""}]"
198,B10ODQCRSS,Pastry(s) of Croissant consumed,numeric,SCALE,NA,"[{""value"": ""-3.0"", ""label"": ""Unanswered (user not shown question)""}, {""value"": ""-1.0"", ""label"": ""Unanswered""}, {""value"": ""0.0"", ""label"": ""None""}, {""value"": ""1.0"", ""label"": ""1""}, {""value"": ""2.0"", ""label"": ""2""}, {""value"": ""3.0"", ""label"": ""3""}, {""value"": ""4.0"", ""label"": ""4""}, {""value"": ""5.0"", ""label"": ""5""}, {""value"": ""6.0"", ""label"": ""6""}, {""value"": ""200.0"", ""label"": ""(2+) 2 or more""}, {""value"": ""300.0"", ""label"": ""(3+) 3 or more""}, {""value"": ""400.0"", ""label"": ""(4+) 4 or more""}, {""value"": ""444.0"", ""label"": ""1/4 (quarter)""}, {""value"": ""500.0"", ""label"": ""(5+) 5 or more""}, {""value"": ""555.0"", ""label"": ""1/2 (half)""}, {""value"": ""600.0"", ""label"": ""(6+) 6 or more""}]"
199,B10ODQDNSH,Pastry(s) of Danish pastry consumed,numeric,SCALE,NA,"[{""value"": ""-3.0"", ""label"": ""Unanswered (user not shown question)""}, {""value"": ""-1.0"", ""label"": ""Unanswered""}, {""value"": ""0.0"", ""label"": ""None""}, {""value"": ""1.0"", ""label"": ""1""}, {""value"": ""2.0"", ""label"": ""2""}, {""value"": ""3.0"", ""label"": ""3""}, {""value"": ""4.0"", ""label"": ""4""}, {""value"": ""5.0"", ""label"": ""5""}, {""value"": ""6.0"", ""label"": ""6""}, {""value"": ""200.0"", ""label"": ""(2+) 2 or more""}, {""value"": ""300.0"", ""label"": ""(3+) 3 or more""}, {""value"": ""400.0"", ""label"": ""(4+) 4 or more""}, {""value"": ""444.0"", ""label"": ""1/4 (quarter)""}, {""value"": ""500.0"", ""label"": ""(5+) 5 or more""}, {""value"": ""555.0"", ""label"": ""1/2 (half)""}, {""value"": ""600.0"", ""label"": ""(6+) 6 or more""}]"
200,B10ODQSCNE,"Scone(s) of Scone (plain, fruit, cheese), cobbler consumed",numeric,SCALE,NA,"[{""value"": ""-3.0"", ""label"": ""Unanswered (user not shown question)""}, {""value"": ""-1.0"", ""label"": ""Unanswered""}, {""value"": ""0.0"", ""label"": ""None""}, {""value"": ""1.0"", ""label"": ""1""}, {""value"": ""2.0"", ""label"": ""2""}, {""value"": ""3.0"", ""label"": ""3""}, {""value"": ""4.0"", ""label"": ""4""}, {""value"": ""5.0"", ""label"": ""5""}, {""value"": ""6.0"", ""label"": ""6""}, {""value"": ""200.0"", ""label"": ""(2+) 2 or more""}, {""value"": ""300.0"", ""label"": ""(3+) 3 or more""}, {""value"": ""400.0"", ""label"": ""(4+) 4 or more""}, {""value"": ""444.0"", ""label"": ""1/4 (quarter)""}, {""value"": ""500.0"", ""label"": ""(5+) 5 or more""}, {""value"": ""555.0"", ""label"": ""1/2 (half)""}, {""value"": ""600.0"", ""label"": ""(6+) 6 or more""}]"
201,B10ODQYGIC,Did you eat any yogurt or ice-cream yesterday?,numeric,NOMINAL,NA,"[{""value"": ""-3.0"", ""label"": ""Unanswered (user not shown question)""}, {""value"": ""-1.0"", ""label"": ""Unanswered""}, {""value"": ""0.0"", ""label"": ""No""}, {""value"": ""1.0"", ""label"": ""Yes""}]"
202,B10ODQYGT1,Serving/Individual pot(s) of Yogurt (plain or flavoured) consumed,numeric,SCALE,NA,"[{""value"": ""-3.0"", ""label"": ""Unanswered (user not shown question)""}, {""value"": ""-1.0"", ""label"": ""Unanswered""}, {""value"": ""0.0"", ""label"": ""None""}, {""value"": ""1.0"", ""label"": ""1""}, {""value"": ""2.0"", ""label"": ""2""}, {""value"": ""3.0"", ""label"": ""3""}, {""value"": ""4.0"", ""label"": ""4""}, {""value"": ""5.0"", ""label"": ""5""}, {""value"": ""6.0"", ""label"": ""6""}, {""value"": ""200.0"", ""label"": ""(2+) 2 or more""}, {""value"": ""300.0"", ""label"": ""(3+) 3 or more""}, {""value"": ""400.0"", ""label"": ""(4+) 4 or more""}, {""value"": ""444.0"", ""label"": ""1/4 (quarter)""}, {""value"": ""500.0"", ""label"": ""(5+) 5 or more""}, {""value"": ""555.0"", ""label"": ""1/2 (half)""}, {""value"": ""600.0"", ""label"": ""(6+) 6 or more""}]"
203,B10ODQYGT2,Type of Yogurt (plain or flavoured): Low fat yogurt,numeric,SCALE,NA,"[{""value"": ""-3.0"", ""label"": ""Unanswered (user not shown question)""}, {""value"": ""-1.0"", ""label"": ""Unanswered""}, {""value"": ""0.0"", ""label"": ""No""}, {""value"": ""1.0"", ""label"": ""Yes""}]"
204,B10ODQYGT3,Type of Yogurt (plain or flavoured): Full fat yogurt,numeric,SCALE,NA,"[{""value"": ""-3.0"", ""label"": ""Unanswered (user not shown question)""}, {""value"": ""-1.0"", ""label"": ""Unanswered""}, {""value"": ""0.0"", ""label"": ""No""}, {""value"": ""1.0"", ""label"": ""Yes""}]"
205,B10ODQICRM,Serving/Individual ice cream(s) of Ice-cream consumed,numeric,SCALE,NA,"[{""value"": ""-3.0"", ""label"": ""Unanswered (user not shown question)""}, {""value"": ""-1.0"", ""label"": ""Unanswered""}, {""value"": ""0.0"", ""label"": ""None""}, {""value"": ""1.0"", ""label"": ""1""}, {""value"": ""2.0"", ""label"": ""2""}, {""value"": ""3.0"", ""label"": ""3""}, {""value"": ""4.0"", ""label"": ""4""}, {""value"": ""5.0"", ""label"": ""5""}, {""value"": ""6.0"", ""label"": ""6""}, {""value"": ""200.0"", ""label"": ""(2+) 2 or more""}, {""value"": ""300.0"", ""label"": ""(3+) 3 or more""}, {""value"": ""400.0"", ""label"": ""(4+) 4 or more""}, {""value"": ""444.0"", ""label"": ""1/4 (quarter)""}, {""value"": ""500.0"", ""label"": ""(5+) 5 or more""}, {""value"": ""555.0"", ""label"": ""1/2 (half)""}, {""value"": ""600.0"", ""label"": ""(6+) 6 or more""}]"
206,B10ODQDSRT,"Did you eat any cakes, puddings or other desserts yesterday?",numeric,NOMINAL,NA,"[{""value"": ""-3.0"", ""label"": ""Unanswered (user not shown question)""}, {""value"": ""-1.0"", ""label"": ""Unanswered""}, {""value"": ""0.0"", ""label"": ""No""}, {""value"": ""1.0"", ""label"": ""Yes""}]"
207,B10ODQDTMP,Serving/Individual pot(s) of Custard/rice pudding/semolina/blancmange consumed,numeric,SCALE,NA,"[{""value"": ""-3.0"", ""label"": ""Unanswered (user not shown question)""}, {""value"": ""-1.0"", ""label"": ""Unanswered""}, {""value"": ""0.0"", ""label"": ""None""}, {""value"": ""1.0"", ""label"": ""1""}, {""value"": ""2.0"", ""label"": ""2""}, {""value"": ""3.0"", ""label"": ""3""}, {""value"": ""4.0"", ""label"": ""4""}, {""value"": ""5.0"", ""label"": ""5""}, {""value"": ""6.0"", ""label"": ""6""}, {""value"": ""200.0"", ""label"": ""(2+) 2 or more""}, {""value"": ""300.0"", ""label"": ""(3+) 3 or more""}, {""value"": ""400.0"", ""label"": ""(4+) 4 or more""}, {""value"": ""444.0"", ""label"": ""1/4 (quarter)""}, {""value"": ""500.0"", ""label"": ""(5+) 5 or more""}, {""value"": ""555.0"", ""label"": ""1/2 (half)""}, {""value"": ""600.0"", ""label"": ""(6+) 6 or more""}]"
208,B10ODQDTMB,Serving/Individual pot(s) of Other milk based desserts (e.g. mousse) consumed,numeric,SCALE,NA,"[{""value"": ""-3.0"", ""label"": ""Unanswered (user not shown question)""}, {""value"": ""-1.0"", ""label"": ""Unanswered""}, {""value"": ""0.0"", ""label"": ""None""}, {""value"": ""1.0"", ""label"": ""1""}, {""value"": ""2.0"", ""label"": ""2""}, {""value"": ""3.0"", ""label"": ""3""}, {""value"": ""4.0"", ""label"": ""4""}, {""value"": ""5.0"", ""label"": ""5""}, {""value"": ""6.0"", ""label"": ""6""}, {""value"": ""200.0"", ""label"": ""(2+) 2 or more""}, {""value"": ""300.0"", ""label"": ""(3+) 3 or more""}, {""value"": ""400.0"", ""label"": ""(4+) 4 or more""}, {""value"": ""444.0"", ""label"": ""1/4 (quarter)""}, {""value"": ""500.0"", ""label"": ""(5+) 5 or more""}, {""value"": ""555.0"", ""label"": ""1/2 (half)""}, {""value"": ""600.0"", ""label"": ""(6+) 6 or more""}]"
209,B10ODQDTSY,Serving/Individual pot(s) of Soya ice cream/yogurt/other soya dessert consumed,numeric,SCALE,NA,"[{""value"": ""-3.0"", ""label"": ""Unanswered (user not shown question)""}, {""value"": ""-1.0"", ""label"": ""Unanswered""}, {""value"": ""0.0"", ""label"": ""None""}, {""value"": ""1.0"", ""label"": ""1""}, {""value"": ""2.0"", ""label"": ""2""}, {""value"": ""3.0"", ""label"": ""3""}, {""value"": ""4.0"", ""label"": ""4""}, {""value"": ""5.0"", ""label"": ""5""}, {""value"": ""6.0"", ""label"": ""6""}, {""value"": ""200.0"", ""label"": ""(2+) 2 or more""}, {""value"": ""300.0"", ""label"": ""(3+) 3 or more""}, {""value"": ""400.0"", ""label"": ""(4+) 4 or more""}, {""value"": ""444.0"", ""label"": ""1/4 (quarter)""}, {""value"": ""500.0"", ""label"": ""(5+) 5 or more""}, {""value"": ""555.0"", ""label"": ""1/2 (half)""}, {""value"": ""600.0"", ""label"": ""(6+) 6 or more""}]"
210,B10ODQFRTC,Slice(s) of Fruit cake consumed,numeric,SCALE,NA,"[{""value"": ""-3.0"", ""label"": ""Unanswered (user not shown question)""}, {""value"": ""-1.0"", ""label"": ""Unanswered""}, {""value"": ""0.0"", ""label"": ""None""}, {""value"": ""1.0"", ""label"": ""1""}, {""value"": ""2.0"", ""label"": ""2""}, {""value"": ""3.0"", ""label"": ""3""}, {""value"": ""4.0"", ""label"": ""4""}, {""value"": ""5.0"", ""label"": ""5""}, {""value"": ""6.0"", ""label"": ""6""}, {""value"": ""200.0"", ""label"": ""(2+) 2 or more""}, {""value"": ""300.0"", ""label"": ""(3+) 3 or more""}, {""value"": ""400.0"", ""label"": ""(4+) 4 or more""}, {""value"": ""444.0"", ""label"": ""1/4 (quarter)""}, {""value"": ""500.0"", ""label"": ""(5+) 5 or more""}, {""value"": ""555.0"", ""label"": ""1/2 (half)""}, {""value"": ""600.0"", ""label"": ""(6+) 6 or more""}]"
211,B10ODQCAKE,"Slice/Item(s) of Cake, muffin, flapjack, brownie, pecan pie consumed",numeric,SCALE,NA,"[{""value"": ""-3.0"", ""label"": ""Unanswered (user not shown question)""}, {""value"": ""-1.0"", ""label"": ""Unanswered""}, {""value"": ""0.0"", ""label"": ""None""}, {""value"": ""1.0"", ""label"": ""1""}, {""value"": ""2.0"", ""label"": ""2""}, {""value"": ""3.0"", ""label"": ""3""}, {""value"": ""4.0"", ""label"": ""4""}, {""value"": ""5.0"", ""label"": ""5""}, {""value"": ""6.0"", ""label"": ""6""}, {""value"": ""200.0"", ""label"": ""(2+) 2 or more""}, {""value"": ""300.0"", ""label"": ""(3+) 3 or more""}, {""value"": ""400.0"", ""label"": ""(4+) 4 or more""}, {""value"": ""444.0"", ""label"": ""1/4 (quarter)""}, {""value"": ""500.0"", ""label"": ""(5+) 5 or more""}, {""value"": ""555.0"", ""label"": ""1/2 (half)""}, {""value"": ""600.0"", ""label"": ""(6+) 6 or more""}]"
212,B10ODQDGNT,Item(s) of Doughnuts consumed,numeric,SCALE,NA,"[{""value"": ""-3.0"", ""label"": ""Unanswered (user not shown question)""}, {""value"": ""-1.0"", ""label"": ""Unanswered""}, {""value"": ""0.0"", ""label"": ""None""}, {""value"": ""1.0"", ""label"": ""1""}, {""value"": ""2.0"", ""label"": ""2""}, {""value"": ""3.0"", ""label"": ""3""}, {""value"": ""4.0"", ""label"": ""4""}, {""value"": ""5.0"", ""label"": ""5""}, {""value"": ""6.0"", ""label"": ""6""}, {""value"": ""200.0"", ""label"": ""(2+) 2 or more""}, {""value"": ""300.0"", ""label"": ""(3+) 3 or more""}, {""value"": ""400.0"", ""label"": ""(4+) 4 or more""}, {""value"": ""444.0"", ""label"": ""1/4 (quarter)""}, {""value"": ""500.0"", ""label"": ""(5+) 5 or more""}, {""value"": ""555.0"", ""label"": ""1/2 (half)""}, {""value"": ""600.0"", ""label"": ""(6+) 6 or more""}]"
213,B10ODQSPGP,Serving(s) of Sponge pudding consumed,numeric,SCALE,NA,"[{""value"": ""-3.0"", ""label"": ""Unanswered (user not shown question)""}, {""value"": ""-1.0"", ""label"": ""Unanswered""}, {""value"": ""0.0"", ""label"": ""None""}, {""value"": ""1.0"", ""label"": ""1""}, {""value"": ""2.0"", ""label"": ""2""}, {""value"": ""3.0"", ""label"": ""3""}, {""value"": ""4.0"", ""label"": ""4""}, {""value"": ""5.0"", ""label"": ""5""}, {""value"": ""6.0"", ""label"": ""6""}, {""value"": ""200.0"", ""label"": ""(2+) 2 or more""}, {""value"": ""300.0"", ""label"": ""(3+) 3 or more""}, {""value"": ""400.0"", ""label"": ""(4+) 4 or more""}, {""value"": ""444.0"", ""label"": ""1/4 (quarter)""}, {""value"": ""500.0"", ""label"": ""(5+) 5 or more""}, {""value"": ""555.0"", ""label"": ""1/2 (half)""}, {""value"": ""600.0"", ""label"": ""(6+) 6 or more""}]"
214,B10ODQCHSC,Serving(s) of Cheesecake consumed,numeric,SCALE,NA,"[{""value"": ""-3.0"", ""label"": ""Unanswered (user not shown question)""}, {""value"": ""-1.0"", ""label"": ""Unanswered""}, {""value"": ""0.0"", ""label"": ""None""}, {""value"": ""1.0"", ""label"": ""1""}, {""value"": ""2.0"", ""label"": ""2""}, {""value"": ""3.0"", ""label"": ""3""}, {""value"": ""4.0"", ""label"": ""4""}, {""value"": ""5.0"", ""label"": ""5""}, {""value"": ""6.0"", ""label"": ""6""}, {""value"": ""200.0"", ""label"": ""(2+) 2 or more""}, {""value"": ""300.0"", ""label"": ""(3+) 3 or more""}, {""value"": ""400.0"", ""label"": ""(4+) 4 or more""}, {""value"": ""444.0"", ""label"": ""1/4 (quarter)""}, {""value"": ""500.0"", ""label"": ""(5+) 5 or more""}, {""value"": ""555.0"", ""label"": ""1/2 (half)""}, {""value"": ""600.0"", ""label"": ""(6+) 6 or more""}]"
215,B10ODQDTOT,Serving/Individual pot(s) of Other dessert consumed,numeric,SCALE,NA,"[{""value"": ""-3.0"", ""label"": ""Unanswered (user not shown question)""}, {""value"": ""-1.0"", ""label"": ""Unanswered""}, {""value"": ""0.0"", ""label"": ""None""}, {""value"": ""1.0"", ""label"": ""1""}, {""value"": ""2.0"", ""label"": ""2""}, {""value"": ""3.0"", ""label"": ""3""}, {""value"": ""4.0"", ""label"": ""4""}, {""value"": ""5.0"", ""label"": ""5""}, {""value"": ""6.0"", ""label"": ""6""}, {""value"": ""200.0"", ""label"": ""(2+) 2 or more""}, {""value"": ""300.0"", ""label"": ""(3+) 3 or more""}, {""value"": ""400.0"", ""label"": ""(4+) 4 or more""}, {""value"": ""444.0"", ""label"": ""1/4 (quarter)""}, {""value"": ""500.0"", ""label"": ""(5+) 5 or more""}, {""value"": ""555.0"", ""label"": ""1/2 (half)""}, {""value"": ""600.0"", ""label"": ""(6+) 6 or more""}]"
216,B10ODQSWSK,"Did you eat any biscuits, chocolate or sweets yesterday?",numeric,NOMINAL,NA,"[{""value"": ""-3.0"", ""label"": ""Unanswered (user not shown question)""}, {""value"": ""-1.0"", ""label"": ""Unanswered""}, {""value"": ""0.0"", ""label"": ""No""}, {""value"": ""1.0"", ""label"": ""Yes""}]"
217,B10ODQCHC1,"Bar(s) (~50g) of Chocolate bars (e.g. Crunchie, Snickers) consumed",numeric,SCALE,NA,"[{""value"": ""-3.0"", ""label"": ""Unanswered (user not shown question)""}, {""value"": ""-1.0"", ""label"": ""Unanswered""}, {""value"": ""0.0"", ""label"": ""None""}, {""value"": ""1.0"", ""label"": ""1""}, {""value"": ""2.0"", ""label"": ""2""}, {""value"": ""3.0"", ""label"": ""3""}, {""value"": ""4.0"", ""label"": ""4""}, {""value"": ""5.0"", ""label"": ""5""}, {""value"": ""6.0"", ""label"": ""6""}, {""value"": ""200.0"", ""label"": ""(2+) 2 or more""}, {""value"": ""300.0"", ""label"": ""(3+) 3 or more""}, {""value"": ""400.0"", ""label"": ""(4+) 4 or more""}, {""value"": ""444.0"", ""label"": ""1/4 (quarter)""}, {""value"": ""500.0"", ""label"": ""(5+) 5 or more""}, {""value"": ""555.0"", ""label"": ""1/2 (half)""}, {""value"": ""600.0"", ""label"": ""(6+) 6 or more""}]"
218,B10ODQCHC2,Bar(s) (~50g) of White chocolate consumed,numeric,SCALE,NA,"[{""value"": ""-3.0"", ""label"": ""Unanswered (user not shown question)""}, {""value"": ""-1.0"", ""label"": ""Unanswered""}, {""value"": ""0.0"", ""label"": ""None""}, {""value"": ""1.0"", ""label"": ""1""}, {""value"": ""2.0"", ""label"": ""2""}, {""value"": ""3.0"", ""label"": ""3""}, {""value"": ""4.0"", ""label"": ""4""}, {""value"": ""5.0"", ""label"": ""5""}, {""value"": ""6.0"", ""label"": ""6""}, {""value"": ""200.0"", ""label"": ""(2+) 2 or more""}, {""value"": ""300.0"", ""label"": ""(3+) 3 or more""}, {""value"": ""400.0"", ""label"": ""(4+) 4 or more""}, {""value"": ""444.0"", ""label"": ""1/4 (quarter)""}, {""value"": ""500.0"", ""label"": ""(5+) 5 or more""}, {""value"": ""555.0"", ""label"": ""1/2 (half)""}, {""value"": ""600.0"", ""label"": ""(6+) 6 or more""}]"
219,B10ODQCHC3,Bar(s) (~50g) of Milk chocolate consumed,numeric,SCALE,NA,"[{""value"": ""-3.0"", ""label"": ""Unanswered (user not shown question)""}, {""value"": ""-1.0"", ""label"": ""Unanswered""}, {""value"": ""0.0"", ""label"": ""None""}, {""value"": ""1.0"", ""label"": ""1""}, {""value"": ""2.0"", ""label"": ""2""}, {""value"": ""3.0"", ""label"": ""3""}, {""value"": ""4.0"", ""label"": ""4""}, {""value"": ""5.0"", ""label"": ""5""}, {""value"": ""6.0"", ""label"": ""6""}, {""value"": ""200.0"", ""label"": ""(2+) 2 or more""}, {""value"": ""300.0"", ""label"": ""(3+) 3 or more""}, {""value"": ""400.0"", ""label"": ""(4+) 4 or more""}, {""value"": ""444.0"", ""label"": ""1/4 (quarter)""}, {""value"": ""500.0"", ""label"": ""(5+) 5 or more""}, {""value"": ""555.0"", ""label"": ""1/2 (half)""}, {""value"": ""600.0"", ""label"": ""(6+) 6 or more""}]"
220,B10ODQCHC4,Bar(s) (~50g) of Plain / dark chocolate consumed,numeric,SCALE,NA,"[{""value"": ""-3.0"", ""label"": ""Unanswered (user not shown question)""}, {""value"": ""-1.0"", ""label"": ""Unanswered""}, {""value"": ""0.0"", ""label"": ""None""}, {""value"": ""1.0"", ""label"": ""1""}, {""value"": ""2.0"", ""label"": ""2""}, {""value"": ""3.0"", ""label"": ""3""}, {""value"": ""4.0"", ""label"": ""4""}, {""value"": ""5.0"", ""label"": ""5""}, {""value"": ""6.0"", ""label"": ""6""}, {""value"": ""200.0"", ""label"": ""(2+) 2 or more""}, {""value"": ""300.0"", ""label"": ""(3+) 3 or more""}, {""value"": ""400.0"", ""label"": ""(4+) 4 or more""}, {""value"": ""444.0"", ""label"": ""1/4 (quarter)""}, {""value"": ""500.0"", ""label"": ""(5+) 5 or more""}, {""value"": ""555.0"", ""label"": ""1/2 (half)""}, {""value"": ""600.0"", ""label"": ""(6+) 6 or more""}]"
221,B10ODQCHC5,Handful(s) of Chocolate/yogurt covered raisins consumed,numeric,SCALE,NA,"[{""value"": ""-3.0"", ""label"": ""Unanswered (user not shown question)""}, {""value"": ""-1.0"", ""label"": ""Unanswered""}, {""value"": ""0.0"", ""label"": ""None""}, {""value"": ""1.0"", ""label"": ""1""}, {""value"": ""2.0"", ""label"": ""2""}, {""value"": ""3.0"", ""label"": ""3""}, {""value"": ""4.0"", ""label"": ""4""}, {""value"": ""5.0"", ""label"": ""5""}, {""value"": ""6.0"", ""label"": ""6""}, {""value"": ""200.0"", ""label"": ""(2+) 2 or more""}, {""value"": ""300.0"", ""label"": ""(3+) 3 or more""}, {""value"": ""400.0"", ""label"": ""(4+) 4 or more""}, {""value"": ""444.0"", ""label"": ""1/4 (quarter)""}, {""value"": ""500.0"", ""label"": ""(5+) 5 or more""}, {""value"": ""555.0"", ""label"": ""1/2 (half)""}, {""value"": ""600.0"", ""label"": ""(6+) 6 or more""}]"
222,B10ODQCHC6,"Handful(s) of Chocolate sweets (e.g. Roses, Milk Tray) consumed",numeric,SCALE,NA,"[{""value"": ""-3.0"", ""label"": ""Unanswered (user not shown question)""}, {""value"": ""-1.0"", ""label"": ""Unanswered""}, {""value"": ""0.0"", ""label"": ""None""}, {""value"": ""1.0"", ""label"": ""1""}, {""value"": ""2.0"", ""label"": ""2""}, {""value"": ""3.0"", ""label"": ""3""}, {""value"": ""4.0"", ""label"": ""4""}, {""value"": ""5.0"", ""label"": ""5""}, {""value"": ""6.0"", ""label"": ""6""}, {""value"": ""200.0"", ""label"": ""(2+) 2 or more""}, {""value"": ""300.0"", ""label"": ""(3+) 3 or more""}, {""value"": ""400.0"", ""label"": ""(4+) 4 or more""}, {""value"": ""444.0"", ""label"": ""1/4 (quarter)""}, {""value"": ""500.0"", ""label"": ""(5+) 5 or more""}, {""value"": ""555.0"", ""label"": ""1/2 (half)""}, {""value"": ""600.0"", ""label"": ""(6+) 6 or more""}]"
223,B10ODQSWT1,Handful(s) of Low sugar / sugar free sweets (hard and soft) consumed,numeric,SCALE,NA,"[{""value"": ""-3.0"", ""label"": ""Unanswered (user not shown question)""}, {""value"": ""-1.0"", ""label"": ""Unanswered""}, {""value"": ""0.0"", ""label"": ""None""}, {""value"": ""1.0"", ""label"": ""1""}, {""value"": ""2.0"", ""label"": ""2""}, {""value"": ""3.0"", ""label"": ""3""}, {""value"": ""4.0"", ""label"": ""4""}, {""value"": ""5.0"", ""label"": ""5""}, {""value"": ""6.0"", ""label"": ""6""}, {""value"": ""200.0"", ""label"": ""(2+) 2 or more""}, {""value"": ""300.0"", ""label"": ""(3+) 3 or more""}, {""value"": ""400.0"", ""label"": ""(4+) 4 or more""}, {""value"": ""444.0"", ""label"": ""1/4 (quarter)""}, {""value"": ""500.0"", ""label"": ""(5+) 5 or more""}, {""value"": ""555.0"", ""label"": ""1/2 (half)""}, {""value"": ""600.0"", ""label"": ""(6+) 6 or more""}]"
224,B10ODQSWT2,Handful(s) of Sweets (hard and soft) consumed,numeric,SCALE,NA,"[{""value"": ""-3.0"", ""label"": ""Unanswered (user not shown question)""}, {""value"": ""-1.0"", ""label"": ""Unanswered""}, {""value"": ""0.0"", ""label"": ""None""}, {""value"": ""1.0"", ""label"": ""1""}, {""value"": ""2.0"", ""label"": ""2""}, {""value"": ""3.0"", ""label"": ""3""}, {""value"": ""4.0"", ""label"": ""4""}, {""value"": ""5.0"", ""label"": ""5""}, {""value"": ""6.0"", ""label"": ""6""}, {""value"": ""200.0"", ""label"": ""(2+) 2 or more""}, {""value"": ""300.0"", ""label"": ""(3+) 3 or more""}, {""value"": ""400.0"", ""label"": ""(4+) 4 or more""}, {""value"": ""444.0"", ""label"": ""1/4 (quarter)""}, {""value"": ""500.0"", ""label"": ""(5+) 5 or more""}, {""value"": ""555.0"", ""label"": ""1/2 (half)""}, {""value"": ""600.0"", ""label"": ""(6+) 6 or more""}]"
225,B10ODQBCT1,Biscuit(s) of Chocolate covered biscuits (e.g. Penguin) consumed,numeric,SCALE,NA,"[{""value"": ""-3.0"", ""label"": ""Unanswered (user not shown question)""}, {""value"": ""-1.0"", ""label"": ""Unanswered""}, {""value"": ""0.0"", ""label"": ""None""}, {""value"": ""1.0"", ""label"": ""1""}, {""value"": ""2.0"", ""label"": ""2""}, {""value"": ""3.0"", ""label"": ""3""}, {""value"": ""4.0"", ""label"": ""4""}, {""value"": ""5.0"", ""label"": ""5""}, {""value"": ""6.0"", ""label"": ""6""}, {""value"": ""200.0"", ""label"": ""(2+) 2 or more""}, {""value"": ""300.0"", ""label"": ""(3+) 3 or more""}, {""value"": ""400.0"", ""label"": ""(4+) 4 or more""}, {""value"": ""444.0"", ""label"": ""1/4 (quarter)""}, {""value"": ""500.0"", ""label"": ""(5+) 5 or more""}, {""value"": ""555.0"", ""label"": ""1/2 (half)""}, {""value"": ""600.0"", ""label"": ""(6+) 6 or more""}]"
226,B10ODQBCT2,Biscuit(s) of Chocolate biscuits (e.g. choc chip cookies) consumed,numeric,SCALE,NA,"[{""value"": ""-3.0"", ""label"": ""Unanswered (user not shown question)""}, {""value"": ""-1.0"", ""label"": ""Unanswered""}, {""value"": ""0.0"", ""label"": ""None""}, {""value"": ""1.0"", ""label"": ""1""}, {""value"": ""2.0"", ""label"": ""2""}, {""value"": ""3.0"", ""label"": ""3""}, {""value"": ""4.0"", ""label"": ""4""}, {""value"": ""5.0"", ""label"": ""5""}, {""value"": ""6.0"", ""label"": ""6""}, {""value"": ""200.0"", ""label"": ""(2+) 2 or more""}, {""value"": ""300.0"", ""label"": ""(3+) 3 or more""}, {""value"": ""400.0"", ""label"": ""(4+) 4 or more""}, {""value"": ""444.0"", ""label"": ""1/4 (quarter)""}, {""value"": ""500.0"", ""label"": ""(5+) 5 or more""}, {""value"": ""555.0"", ""label"": ""1/2 (half)""}, {""value"": ""600.0"", ""label"": ""(6+) 6 or more""}]"
227,B10ODQBCT3,"Biscuit(s) of Sweet biscuits (e.g. digestive, shortbread, ginger nut) consumed",numeric,SCALE,NA,"[{""value"": ""-3.0"", ""label"": ""Unanswered (user not shown question)""}, {""value"": ""-1.0"", ""label"": ""Unanswered""}, {""value"": ""0.0"", ""label"": ""None""}, {""value"": ""1.0"", ""label"": ""1""}, {""value"": ""2.0"", ""label"": ""2""}, {""value"": ""3.0"", ""label"": ""3""}, {""value"": ""4.0"", ""label"": ""4""}, {""value"": ""5.0"", ""label"": ""5""}, {""value"": ""6.0"", ""label"": ""6""}, {""value"": ""200.0"", ""label"": ""(2+) 2 or more""}, {""value"": ""300.0"", ""label"": ""(3+) 3 or more""}, {""value"": ""400.0"", ""label"": ""(4+) 4 or more""}, {""value"": ""444.0"", ""label"": ""1/4 (quarter)""}, {""value"": ""500.0"", ""label"": ""(5+) 5 or more""}, {""value"": ""555.0"", ""label"": ""1/2 (half)""}, {""value"": ""600.0"", ""label"": ""(6+) 6 or more""}]"
228,B10ODQCLBR,Bar(s) of Cereal bars consumed,numeric,SCALE,NA,"[{""value"": ""-3.0"", ""label"": ""Unanswered (user not shown question)""}, {""value"": ""-1.0"", ""label"": ""Unanswered""}, {""value"": ""0.0"", ""label"": ""None""}, {""value"": ""1.0"", ""label"": ""1""}, {""value"": ""2.0"", ""label"": ""2""}, {""value"": ""3.0"", ""label"": ""3""}, {""value"": ""4.0"", ""label"": ""4""}, {""value"": ""5.0"", ""label"": ""5""}, {""value"": ""6.0"", ""label"": ""6""}, {""value"": ""200.0"", ""label"": ""(2+) 2 or more""}, {""value"": ""300.0"", ""label"": ""(3+) 3 or more""}, {""value"": ""400.0"", ""label"": ""(4+) 4 or more""}, {""value"": ""444.0"", ""label"": ""1/4 (quarter)""}, {""value"": ""500.0"", ""label"": ""(5+) 5 or more""}, {""value"": ""555.0"", ""label"": ""1/2 (half)""}, {""value"": ""600.0"", ""label"": ""(6+) 6 or more""}]"
229,B10ODQSK01,Handful/Item(s) of Other sweet snack consumed,numeric,SCALE,NA,"[{""value"": ""-3.0"", ""label"": ""Unanswered (user not shown question)""}, {""value"": ""-1.0"", ""label"": ""Unanswered""}, {""value"": ""0.0"", ""label"": ""None""}, {""value"": ""1.0"", ""label"": ""1""}, {""value"": ""2.0"", ""label"": ""2""}, {""value"": ""3.0"", ""label"": ""3""}, {""value"": ""4.0"", ""label"": ""4""}, {""value"": ""5.0"", ""label"": ""5""}, {""value"": ""6.0"", ""label"": ""6""}, {""value"": ""200.0"", ""label"": ""(2+) 2 or more""}, {""value"": ""300.0"", ""label"": ""(3+) 3 or more""}, {""value"": ""400.0"", ""label"": ""(4+) 4 or more""}, {""value"": ""444.0"", ""label"": ""1/4 (quarter)""}, {""value"": ""500.0"", ""label"": ""(5+) 5 or more""}, {""value"": ""555.0"", ""label"": ""1/2 (half)""}, {""value"": ""600.0"", ""label"": ""(6+) 6 or more""}]"
230,B10ODQSK02,"Did you eat any crisps, nuts or savoury snacks yesterday?",numeric,NOMINAL,NA,"[{""value"": ""-3.0"", ""label"": ""Unanswered (user not shown question)""}, {""value"": ""-1.0"", ""label"": ""Unanswered""}, {""value"": ""0.0"", ""label"": ""No""}, {""value"": ""1.0"", ""label"": ""Yes""}]"
231,B10ODQSK03,"Handful(s) of Peanuts, roasted/salted consumed",numeric,SCALE,NA,"[{""value"": ""-3.0"", ""label"": ""Unanswered (user not shown question)""}, {""value"": ""-1.0"", ""label"": ""Unanswered""}, {""value"": ""0.0"", ""label"": ""None""}, {""value"": ""1.0"", ""label"": ""1""}, {""value"": ""2.0"", ""label"": ""2""}, {""value"": ""3.0"", ""label"": ""3""}, {""value"": ""4.0"", ""label"": ""4""}, {""value"": ""5.0"", ""label"": ""5""}, {""value"": ""6.0"", ""label"": ""6""}, {""value"": ""200.0"", ""label"": ""(2+) 2 or more""}, {""value"": ""300.0"", ""label"": ""(3+) 3 or more""}, {""value"": ""400.0"", ""label"": ""(4+) 4 or more""}, {""value"": ""444.0"", ""label"": ""1/4 (quarter)""}, {""value"": ""500.0"", ""label"": ""(5+) 5 or more""}, {""value"": ""555.0"", ""label"": ""1/2 (half)""}, {""value"": ""600.0"", ""label"": ""(6+) 6 or more""}]"
232,B10ODQSK04,"Handful(s) of Peanuts, unsalted (monkey nuts) consumed",numeric,SCALE,NA,"[{""value"": ""-3.0"", ""label"": ""Unanswered (user not shown question)""}, {""value"": ""-1.0"", ""label"": ""Unanswered""}, {""value"": ""0.0"", ""label"": ""None""}, {""value"": ""1.0"", ""label"": ""1""}, {""value"": ""2.0"", ""label"": ""2""}, {""value"": ""3.0"", ""label"": ""3""}, {""value"": ""4.0"", ""label"": ""4""}, {""value"": ""5.0"", ""label"": ""5""}, {""value"": ""6.0"", ""label"": ""6""}, {""value"": ""200.0"", ""label"": ""(2+) 2 or more""}, {""value"": ""300.0"", ""label"": ""(3+) 3 or more""}, {""value"": ""400.0"", ""label"": ""(4+) 4 or more""}, {""value"": ""444.0"", ""label"": ""1/4 (quarter)""}, {""value"": ""500.0"", ""label"": ""(5+) 5 or more""}, {""value"": ""555.0"", ""label"": ""1/2 (half)""}, {""value"": ""600.0"", ""label"": ""(6+) 6 or more""}]"
233,B10ODQSK05,"Handful(s) of Salted/roasted nuts (e.g. almonds, cashews, pistachios) consumed",numeric,SCALE,NA,"[{""value"": ""-3.0"", ""label"": ""Unanswered (user not shown question)""}, {""value"": ""-1.0"", ""label"": ""Unanswered""}, {""value"": ""0.0"", ""label"": ""None""}, {""value"": ""1.0"", ""label"": ""1""}, {""value"": ""2.0"", ""label"": ""2""}, {""value"": ""3.0"", ""label"": ""3""}, {""value"": ""4.0"", ""label"": ""4""}, {""value"": ""5.0"", ""label"": ""5""}, {""value"": ""6.0"", ""label"": ""6""}, {""value"": ""200.0"", ""label"": ""(2+) 2 or more""}, {""value"": ""300.0"", ""label"": ""(3+) 3 or more""}, {""value"": ""400.0"", ""label"": ""(4+) 4 or more""}, {""value"": ""444.0"", ""label"": ""1/4 (quarter)""}, {""value"": ""500.0"", ""label"": ""(5+) 5 or more""}, {""value"": ""555.0"", ""label"": ""1/2 (half)""}, {""value"": ""600.0"", ""label"": ""(6+) 6 or more""}]"
234,B10ODQSK06,"Handful(s) of Unsalted nuts (e.g. almonds, cashews, walnuts) consumed",numeric,SCALE,NA,"[{""value"": ""-3.0"", ""label"": ""Unanswered (user not shown question)""}, {""value"": ""-1.0"", ""label"": ""Unanswered""}, {""value"": ""0.0"", ""label"": ""None""}, {""value"": ""1.0"", ""label"": ""1""}, {""value"": ""2.0"", ""label"": ""2""}, {""value"": ""3.0"", ""label"": ""3""}, {""value"": ""4.0"", ""label"": ""4""}, {""value"": ""5.0"", ""label"": ""5""}, {""value"": ""6.0"", ""label"": ""6""}, {""value"": ""200.0"", ""label"": ""(2+) 2 or more""}, {""value"": ""300.0"", ""label"": ""(3+) 3 or more""}, {""value"": ""400.0"", ""label"": ""(4+) 4 or more""}, {""value"": ""444.0"", ""label"": ""1/4 (quarter)""}, {""value"": ""500.0"", ""label"": ""(5+) 5 or more""}, {""value"": ""555.0"", ""label"": ""1/2 (half)""}, {""value"": ""600.0"", ""label"": ""(6+) 6 or more""}]"
235,B10ODQSK07,"Handful(s) of Seeds (e.g. sunflower, pumpkin, linseeds) consumed",numeric,SCALE,NA,"[{""value"": ""-3.0"", ""label"": ""Unanswered (user not shown question)""}, {""value"": ""-1.0"", ""label"": ""Unanswered""}, {""value"": ""0.0"", ""label"": ""None""}, {""value"": ""1.0"", ""label"": ""1""}, {""value"": ""2.0"", ""label"": ""2""}, {""value"": ""3.0"", ""label"": ""3""}, {""value"": ""4.0"", ""label"": ""4""}, {""value"": ""5.0"", ""label"": ""5""}, {""value"": ""6.0"", ""label"": ""6""}, {""value"": ""200.0"", ""label"": ""(2+) 2 or more""}, {""value"": ""300.0"", ""label"": ""(3+) 3 or more""}, {""value"": ""400.0"", ""label"": ""(4+) 4 or more""}, {""value"": ""444.0"", ""label"": ""1/4 (quarter)""}, {""value"": ""500.0"", ""label"": ""(5+) 5 or more""}, {""value"": ""555.0"", ""label"": ""1/2 (half)""}, {""value"": ""600.0"", ""label"": ""(6+) 6 or more""}]"
236,B10ODQSK08,"Small bag(s) of Crisps (e.g. Walkers, Doritos, Hula Hoops). consumed",numeric,SCALE,NA,"[{""value"": ""-3.0"", ""label"": ""Unanswered (user not shown question)""}, {""value"": ""-1.0"", ""label"": ""Unanswered""}, {""value"": ""0.0"", ""label"": ""None""}, {""value"": ""1.0"", ""label"": ""1""}, {""value"": ""2.0"", ""label"": ""2""}, {""value"": ""3.0"", ""label"": ""3""}, {""value"": ""4.0"", ""label"": ""4""}, {""value"": ""5.0"", ""label"": ""5""}, {""value"": ""6.0"", ""label"": ""6""}, {""value"": ""200.0"", ""label"": ""(2+) 2 or more""}, {""value"": ""300.0"", ""label"": ""(3+) 3 or more""}, {""value"": ""400.0"", ""label"": ""(4+) 4 or more""}, {""value"": ""444.0"", ""label"": ""1/4 (quarter)""}, {""value"": ""500.0"", ""label"": ""(5+) 5 or more""}, {""value"": ""555.0"", ""label"": ""1/2 (half)""}, {""value"": ""600.0"", ""label"": ""(6+) 6 or more""}]"
237,B10ODQSK09,Bag(s) of Savoury crispbread/corn cake snacks snack size consumed,numeric,SCALE,NA,"[{""value"": ""-3.0"", ""label"": ""Unanswered (user not shown question)""}, {""value"": ""-1.0"", ""label"": ""Unanswered""}, {""value"": ""0.0"", ""label"": ""None""}, {""value"": ""1.0"", ""label"": ""1""}, {""value"": ""2.0"", ""label"": ""2""}, {""value"": ""3.0"", ""label"": ""3""}, {""value"": ""4.0"", ""label"": ""4""}, {""value"": ""5.0"", ""label"": ""5""}, {""value"": ""6.0"", ""label"": ""6""}, {""value"": ""200.0"", ""label"": ""(2+) 2 or more""}, {""value"": ""300.0"", ""label"": ""(3+) 3 or more""}, {""value"": ""400.0"", ""label"": ""(4+) 4 or more""}, {""value"": ""444.0"", ""label"": ""1/4 (quarter)""}, {""value"": ""500.0"", ""label"": ""(5+) 5 or more""}, {""value"": ""555.0"", ""label"": ""1/2 (half)""}, {""value"": ""600.0"", ""label"": ""(6+) 6 or more""}]"
238,B10ODQSK10,"Handful/Bag(s) of Cheesy biscuits (e.g. Mini Cheddars, Tuc) consumed",numeric,SCALE,NA,"[{""value"": ""-3.0"", ""label"": ""Unanswered (user not shown question)""}, {""value"": ""-1.0"", ""label"": ""Unanswered""}, {""value"": ""0.0"", ""label"": ""None""}, {""value"": ""1.0"", ""label"": ""1""}, {""value"": ""2.0"", ""label"": ""2""}, {""value"": ""3.0"", ""label"": ""3""}, {""value"": ""4.0"", ""label"": ""4""}, {""value"": ""5.0"", ""label"": ""5""}, {""value"": ""6.0"", ""label"": ""6""}, {""value"": ""200.0"", ""label"": ""(2+) 2 or more""}, {""value"": ""300.0"", ""label"": ""(3+) 3 or more""}, {""value"": ""400.0"", ""label"": ""(4+) 4 or more""}, {""value"": ""444.0"", ""label"": ""1/4 (quarter)""}, {""value"": ""500.0"", ""label"": ""(5+) 5 or more""}, {""value"": ""555.0"", ""label"": ""1/2 (half)""}, {""value"": ""600.0"", ""label"": ""(6+) 6 or more""}]"
239,B10ODQSK11,Handful(s) of Olives consumed,numeric,SCALE,NA,"[{""value"": ""-3.0"", ""label"": ""Unanswered (user not shown question)""}, {""value"": ""-1.0"", ""label"": ""Unanswered""}, {""value"": ""0.0"", ""label"": ""None""}, {""value"": ""1.0"", ""label"": ""1""}, {""value"": ""2.0"", ""label"": ""2""}, {""value"": ""3.0"", ""label"": ""3""}, {""value"": ""4.0"", ""label"": ""4""}, {""value"": ""5.0"", ""label"": ""5""}, {""value"": ""6.0"", ""label"": ""6""}, {""value"": ""200.0"", ""label"": ""(2+) 2 or more""}, {""value"": ""300.0"", ""label"": ""(3+) 3 or more""}, {""value"": ""400.0"", ""label"": ""(4+) 4 or more""}, {""value"": ""444.0"", ""label"": ""1/4 (quarter)""}, {""value"": ""500.0"", ""label"": ""(5+) 5 or more""}, {""value"": ""555.0"", ""label"": ""1/2 (half)""}, {""value"": ""600.0"", ""label"": ""(6+) 6 or more""}]"
240,B10ODQSK12,Handful/Bag(s) of Other savoury snack consumed,numeric,SCALE,NA,"[{""value"": ""-3.0"", ""label"": ""Unanswered (user not shown question)""}, {""value"": ""-1.0"", ""label"": ""Unanswered""}, {""value"": ""0.0"", ""label"": ""None""}, {""value"": ""1.0"", ""label"": ""1""}, {""value"": ""2.0"", ""label"": ""2""}, {""value"": ""3.0"", ""label"": ""3""}, {""value"": ""4.0"", ""label"": ""4""}, {""value"": ""5.0"", ""label"": ""5""}, {""value"": ""6.0"", ""label"": ""6""}, {""value"": ""200.0"", ""label"": ""(2+) 2 or more""}, {""value"": ""300.0"", ""label"": ""(3+) 3 or more""}, {""value"": ""400.0"", ""label"": ""(4+) 4 or more""}, {""value"": ""444.0"", ""label"": ""1/4 (quarter)""}, {""value"": ""500.0"", ""label"": ""(5+) 5 or more""}, {""value"": ""555.0"", ""label"": ""1/2 (half)""}, {""value"": ""600.0"", ""label"": ""(6+) 6 or more""}]"
241,B10ODQSP,Did you have any soup yesterday?,numeric,NOMINAL,NA,"[{""value"": ""-3.0"", ""label"": ""Unanswered (user not shown question)""}, {""value"": ""-1.0"", ""label"": ""Unanswered""}, {""value"": ""0.0"", ""label"": ""No""}, {""value"": ""1.0"", ""label"": ""Yes""}]"
242,B10ODQSPPW,Mug/Bowl(s) of Dried / powdered soup (e.g. Cup-a-Soup) consumed,numeric,SCALE,NA,"[{""value"": ""-3.0"", ""label"": ""Unanswered (user not shown question)""}, {""value"": ""-1.0"", ""label"": ""Unanswered""}, {""value"": ""0.0"", ""label"": ""None""}, {""value"": ""1.0"", ""label"": ""1""}, {""value"": ""2.0"", ""label"": ""2""}, {""value"": ""3.0"", ""label"": ""3""}, {""value"": ""4.0"", ""label"": ""4""}, {""value"": ""5.0"", ""label"": ""5""}, {""value"": ""6.0"", ""label"": ""6""}, {""value"": ""200.0"", ""label"": ""(2+) 2 or more""}, {""value"": ""300.0"", ""label"": ""(3+) 3 or more""}, {""value"": ""400.0"", ""label"": ""(4+) 4 or more""}, {""value"": ""444.0"", ""label"": ""1/4 (quarter)""}, {""value"": ""500.0"", ""label"": ""(5+) 5 or more""}, {""value"": ""555.0"", ""label"": ""1/2 (half)""}, {""value"": ""600.0"", ""label"": ""(6+) 6 or more""}]"
243,B10ODQSPC1,Bowl(s) of Carton/pouch/canned soup consumed,numeric,SCALE,NA,"[{""value"": ""-3.0"", ""label"": ""Unanswered (user not shown question)""}, {""value"": ""-1.0"", ""label"": ""Unanswered""}, {""value"": ""0.0"", ""label"": ""None""}, {""value"": ""1.0"", ""label"": ""1""}, {""value"": ""2.0"", ""label"": ""2""}, {""value"": ""3.0"", ""label"": ""3""}, {""value"": ""4.0"", ""label"": ""4""}, {""value"": ""5.0"", ""label"": ""5""}, {""value"": ""6.0"", ""label"": ""6""}, {""value"": ""200.0"", ""label"": ""(2+) 2 or more""}, {""value"": ""300.0"", ""label"": ""(3+) 3 or more""}, {""value"": ""400.0"", ""label"": ""(4+) 4 or more""}, {""value"": ""444.0"", ""label"": ""1/4 (quarter)""}, {""value"": ""500.0"", ""label"": ""(5+) 5 or more""}, {""value"": ""555.0"", ""label"": ""1/2 (half)""}, {""value"": ""600.0"", ""label"": ""(6+) 6 or more""}]"
244,B10ODQSPC2,Type of Carton/pouch/canned soup: Pea / bean / lentil,numeric,SCALE,NA,"[{""value"": ""-3.0"", ""label"": ""Unanswered (user not shown question)""}, {""value"": ""-1.0"", ""label"": ""Unanswered""}, {""value"": ""0.0"", ""label"": ""No""}, {""value"": ""1.0"", ""label"": ""Yes""}]"
245,B10ODQSPC3,"Type of Carton/pouch/canned soup: Meat / poultry (e.g. ham, chicken)",numeric,SCALE,NA,"[{""value"": ""-3.0"", ""label"": ""Unanswered (user not shown question)""}, {""value"": ""-1.0"", ""label"": ""Unanswered""}, {""value"": ""0.0"", ""label"": ""No""}, {""value"": ""1.0"", ""label"": ""Yes""}]"
246,B10ODQSPC4,Type of Carton/pouch/canned soup: Fish / seafood,numeric,SCALE,NA,"[{""value"": ""-3.0"", ""label"": ""Unanswered (user not shown question)""}, {""value"": ""-1.0"", ""label"": ""Unanswered""}, {""value"": ""0.0"", ""label"": ""No""}, {""value"": ""1.0"", ""label"": ""Yes""}]"
247,B10ODQSPC5,"Type of Carton/pouch/canned soup: Vegetables (e.g. potato, tomato)",numeric,SCALE,NA,"[{""value"": ""-3.0"", ""label"": ""Unanswered (user not shown question)""}, {""value"": ""-1.0"", ""label"": ""Unanswered""}, {""value"": ""0.0"", ""label"": ""No""}, {""value"": ""1.0"", ""label"": ""Yes""}]"
248,B10ODQSPC6,Type of Carton/pouch/canned soup: Pasta (e.g. noodles),numeric,SCALE,NA,"[{""value"": ""-3.0"", ""label"": ""Unanswered (user not shown question)""}, {""value"": ""-1.0"", ""label"": ""Unanswered""}, {""value"": ""0.0"", ""label"": ""No""}, {""value"": ""1.0"", ""label"": ""Yes""}]"
249,B10ODQSPC7,Type of Carton/pouch/canned soup: Other ingredient in soup,numeric,SCALE,NA,"[{""value"": ""-3.0"", ""label"": ""Unanswered (user not shown question)""}, {""value"": ""-1.0"", ""label"": ""Unanswered""}, {""value"": ""0.0"", ""label"": ""No""}, {""value"": ""1.0"", ""label"": ""Yes""}]"
250,B10ODQSPH1,Bowl(s) of Home-made soup consumed,numeric,SCALE,NA,"[{""value"": ""-3.0"", ""label"": ""Unanswered (user not shown question)""}, {""value"": ""-1.0"", ""label"": ""Unanswered""}, {""value"": ""0.0"", ""label"": ""None""}, {""value"": ""1.0"", ""label"": ""1""}, {""value"": ""2.0"", ""label"": ""2""}, {""value"": ""3.0"", ""label"": ""3""}, {""value"": ""4.0"", ""label"": ""4""}, {""value"": ""5.0"", ""label"": ""5""}, {""value"": ""6.0"", ""label"": ""6""}, {""value"": ""200.0"", ""label"": ""(2+) 2 or more""}, {""value"": ""300.0"", ""label"": ""(3+) 3 or more""}, {""value"": ""400.0"", ""label"": ""(4+) 4 or more""}, {""value"": ""444.0"", ""label"": ""1/4 (quarter)""}, {""value"": ""500.0"", ""label"": ""(5+) 5 or more""}, {""value"": ""555.0"", ""label"": ""1/2 (half)""}, {""value"": ""600.0"", ""label"": ""(6+) 6 or more""}]"
251,B10ODQSPH2,Type of Home-made soup: Pea / bean / lentil,numeric,SCALE,NA,"[{""value"": ""-3.0"", ""label"": ""Unanswered (user not shown question)""}, {""value"": ""-1.0"", ""label"": ""Unanswered""}, {""value"": ""0.0"", ""label"": ""No""}, {""value"": ""1.0"", ""label"": ""Yes""}]"
252,B10ODQSPH3,"Type of Home-made soup: Meat / poultry (e.g. ham, chicken)",numeric,SCALE,NA,"[{""value"": ""-3.0"", ""label"": ""Unanswered (user not shown question)""}, {""value"": ""-1.0"", ""label"": ""Unanswered""}, {""value"": ""0.0"", ""label"": ""No""}, {""value"": ""1.0"", ""label"": ""Yes""}]"
253,B10ODQSPH4,Type of Home-made soup: Fish / seafood,numeric,SCALE,NA,"[{""value"": ""-3.0"", ""label"": ""Unanswered (user not shown question)""}, {""value"": ""-1.0"", ""label"": ""Unanswered""}, {""value"": ""0.0"", ""label"": ""No""}, {""value"": ""1.0"", ""label"": ""Yes""}]"
254,B10ODQSPH5,"Type of Home-made soup: Vegetables (e.g. potato, tomato)",numeric,SCALE,NA,"[{""value"": ""-3.0"", ""label"": ""Unanswered (user not shown question)""}, {""value"": ""-1.0"", ""label"": ""Unanswered""}, {""value"": ""0.0"", ""label"": ""No""}, {""value"": ""1.0"", ""label"": ""Yes""}]"
255,B10ODQSPH6,Type of Home-made soup: Pasta (e.g. noodles),numeric,SCALE,NA,"[{""value"": ""-3.0"", ""label"": ""Unanswered (user not shown question)""}, {""value"": ""-1.0"", ""label"": ""Unanswered""}, {""value"": ""0.0"", ""label"": ""No""}, {""value"": ""1.0"", ""label"": ""Yes""}]"
256,B10ODQSPH7,Type of Home-made soup: Other ingredient in soup,numeric,SCALE,NA,"[{""value"": ""-3.0"", ""label"": ""Unanswered (user not shown question)""}, {""value"": ""-1.0"", ""label"": ""Unanswered""}, {""value"": ""0.0"", ""label"": ""No""}, {""value"": ""1.0"", ""label"": ""Yes""}]"
257,B10ODQSTCH,"Did you eat any pasta, rice, sushi or couscous yesterday?",numeric,NOMINAL,NA,"[{""value"": ""-3.0"", ""label"": ""Unanswered (user not shown question)""}, {""value"": ""-1.0"", ""label"": ""Unanswered""}, {""value"": ""0.0"", ""label"": ""No""}, {""value"": ""1.0"", ""label"": ""Yes""}]"
258,B10ODQPST1,"Serving(s) of Pasta, white/noodles consumed",numeric,SCALE,NA,"[{""value"": ""-3.0"", ""label"": ""Unanswered (user not shown question)""}, {""value"": ""-1.0"", ""label"": ""Unanswered""}, {""value"": ""0.0"", ""label"": ""None""}, {""value"": ""1.0"", ""label"": ""1""}, {""value"": ""2.0"", ""label"": ""2""}, {""value"": ""3.0"", ""label"": ""3""}, {""value"": ""4.0"", ""label"": ""4""}, {""value"": ""5.0"", ""label"": ""5""}, {""value"": ""6.0"", ""label"": ""6""}, {""value"": ""200.0"", ""label"": ""(2+) 2 or more""}, {""value"": ""300.0"", ""label"": ""(3+) 3 or more""}, {""value"": ""400.0"", ""label"": ""(4+) 4 or more""}, {""value"": ""444.0"", ""label"": ""1/4 (quarter)""}, {""value"": ""500.0"", ""label"": ""(5+) 5 or more""}, {""value"": ""555.0"", ""label"": ""1/2 (half)""}, {""value"": ""600.0"", ""label"": ""(6+) 6 or more""}]"
259,B10ODQPST2,"Serving(s) of Pasta, wholemeal consumed",numeric,SCALE,NA,"[{""value"": ""-3.0"", ""label"": ""Unanswered (user not shown question)""}, {""value"": ""-1.0"", ""label"": ""Unanswered""}, {""value"": ""0.0"", ""label"": ""None""}, {""value"": ""1.0"", ""label"": ""1""}, {""value"": ""2.0"", ""label"": ""2""}, {""value"": ""3.0"", ""label"": ""3""}, {""value"": ""4.0"", ""label"": ""4""}, {""value"": ""5.0"", ""label"": ""5""}, {""value"": ""6.0"", ""label"": ""6""}, {""value"": ""200.0"", ""label"": ""(2+) 2 or more""}, {""value"": ""300.0"", ""label"": ""(3+) 3 or more""}, {""value"": ""400.0"", ""label"": ""(4+) 4 or more""}, {""value"": ""444.0"", ""label"": ""1/4 (quarter)""}, {""value"": ""500.0"", ""label"": ""(5+) 5 or more""}, {""value"": ""555.0"", ""label"": ""1/2 (half)""}, {""value"": ""600.0"", ""label"": ""(6+) 6 or more""}]"
260,B10ODQRCE1,"Serving(s) of Rice, white consumed",numeric,SCALE,NA,"[{""value"": ""-3.0"", ""label"": ""Unanswered (user not shown question)""}, {""value"": ""-1.0"", ""label"": ""Unanswered""}, {""value"": ""0.0"", ""label"": ""None""}, {""value"": ""1.0"", ""label"": ""1""}, {""value"": ""2.0"", ""label"": ""2""}, {""value"": ""3.0"", ""label"": ""3""}, {""value"": ""4.0"", ""label"": ""4""}, {""value"": ""5.0"", ""label"": ""5""}, {""value"": ""6.0"", ""label"": ""6""}, {""value"": ""200.0"", ""label"": ""(2+) 2 or more""}, {""value"": ""300.0"", ""label"": ""(3+) 3 or more""}, {""value"": ""400.0"", ""label"": ""(4+) 4 or more""}, {""value"": ""444.0"", ""label"": ""1/4 (quarter)""}, {""value"": ""500.0"", ""label"": ""(5+) 5 or more""}, {""value"": ""555.0"", ""label"": ""1/2 (half)""}, {""value"": ""600.0"", ""label"": ""(6+) 6 or more""}]"
261,B10ODQRCE2,"Serving(s) of Rice, brown consumed",numeric,SCALE,NA,"[{""value"": ""-3.0"", ""label"": ""Unanswered (user not shown question)""}, {""value"": ""-1.0"", ""label"": ""Unanswered""}, {""value"": ""0.0"", ""label"": ""None""}, {""value"": ""1.0"", ""label"": ""1""}, {""value"": ""2.0"", ""label"": ""2""}, {""value"": ""3.0"", ""label"": ""3""}, {""value"": ""4.0"", ""label"": ""4""}, {""value"": ""5.0"", ""label"": ""5""}, {""value"": ""6.0"", ""label"": ""6""}, {""value"": ""200.0"", ""label"": ""(2+) 2 or more""}, {""value"": ""300.0"", ""label"": ""(3+) 3 or more""}, {""value"": ""400.0"", ""label"": ""(4+) 4 or more""}, {""value"": ""444.0"", ""label"": ""1/4 (quarter)""}, {""value"": ""500.0"", ""label"": ""(5+) 5 or more""}, {""value"": ""555.0"", ""label"": ""1/2 (half)""}, {""value"": ""600.0"", ""label"": ""(6+) 6 or more""}]"
262,B10ODQSSHI,Serving(s) of Sushi (sushi rice including seaweed/fish/meat/veg) consumed,numeric,SCALE,NA,"[{""value"": ""-3.0"", ""label"": ""Unanswered (user not shown question)""}, {""value"": ""-1.0"", ""label"": ""Unanswered""}, {""value"": ""0.0"", ""label"": ""None""}, {""value"": ""1.0"", ""label"": ""1""}, {""value"": ""2.0"", ""label"": ""2""}, {""value"": ""3.0"", ""label"": ""3""}, {""value"": ""4.0"", ""label"": ""4""}, {""value"": ""5.0"", ""label"": ""5""}, {""value"": ""6.0"", ""label"": ""6""}, {""value"": ""200.0"", ""label"": ""(2+) 2 or more""}, {""value"": ""300.0"", ""label"": ""(3+) 3 or more""}, {""value"": ""400.0"", ""label"": ""(4+) 4 or more""}, {""value"": ""444.0"", ""label"": ""1/4 (quarter)""}, {""value"": ""500.0"", ""label"": ""(5+) 5 or more""}, {""value"": ""555.0"", ""label"": ""1/2 (half)""}, {""value"": ""600.0"", ""label"": ""(6+) 6 or more""}]"
263,B10ODQSKPT,"Pot(s) of Snack pot, noodles / rice (e.g. Pot Noodle) consumed",numeric,SCALE,NA,"[{""value"": ""-3.0"", ""label"": ""Unanswered (user not shown question)""}, {""value"": ""-1.0"", ""label"": ""Unanswered""}, {""value"": ""0.0"", ""label"": ""None""}, {""value"": ""1.0"", ""label"": ""1""}, {""value"": ""2.0"", ""label"": ""2""}, {""value"": ""3.0"", ""label"": ""3""}, {""value"": ""4.0"", ""label"": ""4""}, {""value"": ""5.0"", ""label"": ""5""}, {""value"": ""6.0"", ""label"": ""6""}, {""value"": ""200.0"", ""label"": ""(2+) 2 or more""}, {""value"": ""300.0"", ""label"": ""(3+) 3 or more""}, {""value"": ""400.0"", ""label"": ""(4+) 4 or more""}, {""value"": ""444.0"", ""label"": ""1/4 (quarter)""}, {""value"": ""500.0"", ""label"": ""(5+) 5 or more""}, {""value"": ""555.0"", ""label"": ""1/2 (half)""}, {""value"": ""600.0"", ""label"": ""(6+) 6 or more""}]"
264,B10ODQGRN1,Serving(s) of Couscous consumed,numeric,SCALE,NA,"[{""value"": ""-3.0"", ""label"": ""Unanswered (user not shown question)""}, {""value"": ""-1.0"", ""label"": ""Unanswered""}, {""value"": ""0.0"", ""label"": ""None""}, {""value"": ""1.0"", ""label"": ""1""}, {""value"": ""2.0"", ""label"": ""2""}, {""value"": ""3.0"", ""label"": ""3""}, {""value"": ""4.0"", ""label"": ""4""}, {""value"": ""5.0"", ""label"": ""5""}, {""value"": ""6.0"", ""label"": ""6""}, {""value"": ""200.0"", ""label"": ""(2+) 2 or more""}, {""value"": ""300.0"", ""label"": ""(3+) 3 or more""}, {""value"": ""400.0"", ""label"": ""(4+) 4 or more""}, {""value"": ""444.0"", ""label"": ""1/4 (quarter)""}, {""value"": ""500.0"", ""label"": ""(5+) 5 or more""}, {""value"": ""555.0"", ""label"": ""1/2 (half)""}, {""value"": ""600.0"", ""label"": ""(6+) 6 or more""}]"
265,B10ODQGRN2,Serving(s) of Other cooked grains (bulgur wheat/millet/pearl barley) consumed,numeric,SCALE,NA,"[{""value"": ""-3.0"", ""label"": ""Unanswered (user not shown question)""}, {""value"": ""-1.0"", ""label"": ""Unanswered""}, {""value"": ""0.0"", ""label"": ""None""}, {""value"": ""1.0"", ""label"": ""1""}, {""value"": ""2.0"", ""label"": ""2""}, {""value"": ""3.0"", ""label"": ""3""}, {""value"": ""4.0"", ""label"": ""4""}, {""value"": ""5.0"", ""label"": ""5""}, {""value"": ""6.0"", ""label"": ""6""}, {""value"": ""200.0"", ""label"": ""(2+) 2 or more""}, {""value"": ""300.0"", ""label"": ""(3+) 3 or more""}, {""value"": ""400.0"", ""label"": ""(4+) 4 or more""}, {""value"": ""444.0"", ""label"": ""1/4 (quarter)""}, {""value"": ""500.0"", ""label"": ""(5+) 5 or more""}, {""value"": ""555.0"", ""label"": ""1/2 (half)""}, {""value"": ""600.0"", ""label"": ""(6+) 6 or more""}]"
266,B10ODQCHSE,Did you eat any cheese yesterday?,numeric,NOMINAL,NA,"[{""value"": ""-3.0"", ""label"": ""Unanswered (user not shown question)""}, {""value"": ""-1.0"", ""label"": ""Unanswered""}, {""value"": ""0.0"", ""label"": ""No""}, {""value"": ""1.0"", ""label"": ""Yes""}]"
267,B10ODQCH01,"Serving(s) of Low fat hard cheese (e.g. Edam, reduced fat Cheddar) consumed",numeric,SCALE,NA,"[{""value"": ""-3.0"", ""label"": ""Unanswered (user not shown question)""}, {""value"": ""-1.0"", ""label"": ""Unanswered""}, {""value"": ""0.0"", ""label"": ""None""}, {""value"": ""1.0"", ""label"": ""1""}, {""value"": ""2.0"", ""label"": ""2""}, {""value"": ""3.0"", ""label"": ""3""}, {""value"": ""4.0"", ""label"": ""4""}, {""value"": ""5.0"", ""label"": ""5""}, {""value"": ""6.0"", ""label"": ""6""}, {""value"": ""200.0"", ""label"": ""(2+) 2 or more""}, {""value"": ""300.0"", ""label"": ""(3+) 3 or more""}, {""value"": ""400.0"", ""label"": ""(4+) 4 or more""}, {""value"": ""444.0"", ""label"": ""1/4 (quarter)""}, {""value"": ""500.0"", ""label"": ""(5+) 5 or more""}, {""value"": ""555.0"", ""label"": ""1/2 (half)""}, {""value"": ""600.0"", ""label"": ""(6+) 6 or more""}]"
268,B10ODQCH02,"Serving(s) of Hard cheese (e.g. Cheddar, Parmesan) consumed",numeric,SCALE,NA,"[{""value"": ""-3.0"", ""label"": ""Unanswered (user not shown question)""}, {""value"": ""-1.0"", ""label"": ""Unanswered""}, {""value"": ""0.0"", ""label"": ""None""}, {""value"": ""1.0"", ""label"": ""1""}, {""value"": ""2.0"", ""label"": ""2""}, {""value"": ""3.0"", ""label"": ""3""}, {""value"": ""4.0"", ""label"": ""4""}, {""value"": ""5.0"", ""label"": ""5""}, {""value"": ""6.0"", ""label"": ""6""}, {""value"": ""200.0"", ""label"": ""(2+) 2 or more""}, {""value"": ""300.0"", ""label"": ""(3+) 3 or more""}, {""value"": ""400.0"", ""label"": ""(4+) 4 or more""}, {""value"": ""444.0"", ""label"": ""1/4 (quarter)""}, {""value"": ""500.0"", ""label"": ""(5+) 5 or more""}, {""value"": ""555.0"", ""label"": ""1/2 (half)""}, {""value"": ""600.0"", ""label"": ""(6+) 6 or more""}]"
269,B10ODQCH03,Serving(s) of Soft cheese (e.g. Brie) consumed,numeric,SCALE,NA,"[{""value"": ""-3.0"", ""label"": ""Unanswered (user not shown question)""}, {""value"": ""-1.0"", ""label"": ""Unanswered""}, {""value"": ""0.0"", ""label"": ""None""}, {""value"": ""1.0"", ""label"": ""1""}, {""value"": ""2.0"", ""label"": ""2""}, {""value"": ""3.0"", ""label"": ""3""}, {""value"": ""4.0"", ""label"": ""4""}, {""value"": ""5.0"", ""label"": ""5""}, {""value"": ""6.0"", ""label"": ""6""}, {""value"": ""200.0"", ""label"": ""(2+) 2 or more""}, {""value"": ""300.0"", ""label"": ""(3+) 3 or more""}, {""value"": ""400.0"", ""label"": ""(4+) 4 or more""}, {""value"": ""444.0"", ""label"": ""1/4 (quarter)""}, {""value"": ""500.0"", ""label"": ""(5+) 5 or more""}, {""value"": ""555.0"", ""label"": ""1/2 (half)""}, {""value"": ""600.0"", ""label"": ""(6+) 6 or more""}]"
270,B10ODQCH04,Serving(s) of Blue cheese (e.g. Stilton) consumed,numeric,SCALE,NA,"[{""value"": ""-3.0"", ""label"": ""Unanswered (user not shown question)""}, {""value"": ""-1.0"", ""label"": ""Unanswered""}, {""value"": ""0.0"", ""label"": ""None""}, {""value"": ""1.0"", ""label"": ""1""}, {""value"": ""2.0"", ""label"": ""2""}, {""value"": ""3.0"", ""label"": ""3""}, {""value"": ""4.0"", ""label"": ""4""}, {""value"": ""5.0"", ""label"": ""5""}, {""value"": ""6.0"", ""label"": ""6""}, {""value"": ""200.0"", ""label"": ""(2+) 2 or more""}, {""value"": ""300.0"", ""label"": ""(3+) 3 or more""}, {""value"": ""400.0"", ""label"": ""(4+) 4 or more""}, {""value"": ""444.0"", ""label"": ""1/4 (quarter)""}, {""value"": ""500.0"", ""label"": ""(5+) 5 or more""}, {""value"": ""555.0"", ""label"": ""1/2 (half)""}, {""value"": ""600.0"", ""label"": ""(6+) 6 or more""}]"
271,B10ODQCH05,Serving(s) of Low fat spreadable cheese consumed,numeric,SCALE,NA,"[{""value"": ""-3.0"", ""label"": ""Unanswered (user not shown question)""}, {""value"": ""-1.0"", ""label"": ""Unanswered""}, {""value"": ""0.0"", ""label"": ""None""}, {""value"": ""1.0"", ""label"": ""1""}, {""value"": ""2.0"", ""label"": ""2""}, {""value"": ""3.0"", ""label"": ""3""}, {""value"": ""4.0"", ""label"": ""4""}, {""value"": ""5.0"", ""label"": ""5""}, {""value"": ""6.0"", ""label"": ""6""}, {""value"": ""200.0"", ""label"": ""(2+) 2 or more""}, {""value"": ""300.0"", ""label"": ""(3+) 3 or more""}, {""value"": ""400.0"", ""label"": ""(4+) 4 or more""}, {""value"": ""444.0"", ""label"": ""1/4 (quarter)""}, {""value"": ""500.0"", ""label"": ""(5+) 5 or more""}, {""value"": ""555.0"", ""label"": ""1/2 (half)""}, {""value"": ""600.0"", ""label"": ""(6+) 6 or more""}]"
272,B10ODQCH06,Serving(s) of Spreadable cheese (e.g. cream cheese) consumed,numeric,SCALE,NA,"[{""value"": ""-3.0"", ""label"": ""Unanswered (user not shown question)""}, {""value"": ""-1.0"", ""label"": ""Unanswered""}, {""value"": ""0.0"", ""label"": ""None""}, {""value"": ""1.0"", ""label"": ""1""}, {""value"": ""2.0"", ""label"": ""2""}, {""value"": ""3.0"", ""label"": ""3""}, {""value"": ""4.0"", ""label"": ""4""}, {""value"": ""5.0"", ""label"": ""5""}, {""value"": ""6.0"", ""label"": ""6""}, {""value"": ""200.0"", ""label"": ""(2+) 2 or more""}, {""value"": ""300.0"", ""label"": ""(3+) 3 or more""}, {""value"": ""400.0"", ""label"": ""(4+) 4 or more""}, {""value"": ""444.0"", ""label"": ""1/4 (quarter)""}, {""value"": ""500.0"", ""label"": ""(5+) 5 or more""}, {""value"": ""555.0"", ""label"": ""1/2 (half)""}, {""value"": ""600.0"", ""label"": ""(6+) 6 or more""}]"
273,B10ODQCH07,Serving(s) of Cottage cheese consumed,numeric,SCALE,NA,"[{""value"": ""-3.0"", ""label"": ""Unanswered (user not shown question)""}, {""value"": ""-1.0"", ""label"": ""Unanswered""}, {""value"": ""0.0"", ""label"": ""None""}, {""value"": ""1.0"", ""label"": ""1""}, {""value"": ""2.0"", ""label"": ""2""}, {""value"": ""3.0"", ""label"": ""3""}, {""value"": ""4.0"", ""label"": ""4""}, {""value"": ""5.0"", ""label"": ""5""}, {""value"": ""6.0"", ""label"": ""6""}, {""value"": ""200.0"", ""label"": ""(2+) 2 or more""}, {""value"": ""300.0"", ""label"": ""(3+) 3 or more""}, {""value"": ""400.0"", ""label"": ""(4+) 4 or more""}, {""value"": ""444.0"", ""label"": ""1/4 (quarter)""}, {""value"": ""500.0"", ""label"": ""(5+) 5 or more""}, {""value"": ""555.0"", ""label"": ""1/2 (half)""}, {""value"": ""600.0"", ""label"": ""(6+) 6 or more""}]"
274,B10ODQCH08,Serving(s) of Feta consumed,numeric,SCALE,NA,"[{""value"": ""-3.0"", ""label"": ""Unanswered (user not shown question)""}, {""value"": ""-1.0"", ""label"": ""Unanswered""}, {""value"": ""0.0"", ""label"": ""None""}, {""value"": ""1.0"", ""label"": ""1""}, {""value"": ""2.0"", ""label"": ""2""}, {""value"": ""3.0"", ""label"": ""3""}, {""value"": ""4.0"", ""label"": ""4""}, {""value"": ""5.0"", ""label"": ""5""}, {""value"": ""6.0"", ""label"": ""6""}, {""value"": ""200.0"", ""label"": ""(2+) 2 or more""}, {""value"": ""300.0"", ""label"": ""(3+) 3 or more""}, {""value"": ""400.0"", ""label"": ""(4+) 4 or more""}, {""value"": ""444.0"", ""label"": ""1/4 (quarter)""}, {""value"": ""500.0"", ""label"": ""(5+) 5 or more""}, {""value"": ""555.0"", ""label"": ""1/2 (half)""}, {""value"": ""600.0"", ""label"": ""(6+) 6 or more""}]"
275,B10ODQCH09,Serving(s) of Mozzarella consumed,numeric,SCALE,NA,"[{""value"": ""-3.0"", ""label"": ""Unanswered (user not shown question)""}, {""value"": ""-1.0"", ""label"": ""Unanswered""}, {""value"": ""0.0"", ""label"": ""None""}, {""value"": ""1.0"", ""label"": ""1""}, {""value"": ""2.0"", ""label"": ""2""}, {""value"": ""3.0"", ""label"": ""3""}, {""value"": ""4.0"", ""label"": ""4""}, {""value"": ""5.0"", ""label"": ""5""}, {""value"": ""6.0"", ""label"": ""6""}, {""value"": ""200.0"", ""label"": ""(2+) 2 or more""}, {""value"": ""300.0"", ""label"": ""(3+) 3 or more""}, {""value"": ""400.0"", ""label"": ""(4+) 4 or more""}, {""value"": ""444.0"", ""label"": ""1/4 (quarter)""}, {""value"": ""500.0"", ""label"": ""(5+) 5 or more""}, {""value"": ""555.0"", ""label"": ""1/2 (half)""}, {""value"": ""600.0"", ""label"": ""(6+) 6 or more""}]"
276,B10ODQCH10,Serving(s) of Goat's cheese consumed,numeric,SCALE,NA,"[{""value"": ""-3.0"", ""label"": ""Unanswered (user not shown question)""}, {""value"": ""-1.0"", ""label"": ""Unanswered""}, {""value"": ""0.0"", ""label"": ""None""}, {""value"": ""1.0"", ""label"": ""1""}, {""value"": ""2.0"", ""label"": ""2""}, {""value"": ""3.0"", ""label"": ""3""}, {""value"": ""4.0"", ""label"": ""4""}, {""value"": ""5.0"", ""label"": ""5""}, {""value"": ""6.0"", ""label"": ""6""}, {""value"": ""200.0"", ""label"": ""(2+) 2 or more""}, {""value"": ""300.0"", ""label"": ""(3+) 3 or more""}, {""value"": ""400.0"", ""label"": ""(4+) 4 or more""}, {""value"": ""444.0"", ""label"": ""1/4 (quarter)""}, {""value"": ""500.0"", ""label"": ""(5+) 5 or more""}, {""value"": ""555.0"", ""label"": ""1/2 (half)""}, {""value"": ""600.0"", ""label"": ""(6+) 6 or more""}]"
277,B10ODQCH11,Serving(s) of Other cheese consumed,numeric,SCALE,NA,"[{""value"": ""-3.0"", ""label"": ""Unanswered (user not shown question)""}, {""value"": ""-1.0"", ""label"": ""Unanswered""}, {""value"": ""0.0"", ""label"": ""None""}, {""value"": ""1.0"", ""label"": ""1""}, {""value"": ""2.0"", ""label"": ""2""}, {""value"": ""3.0"", ""label"": ""3""}, {""value"": ""4.0"", ""label"": ""4""}, {""value"": ""5.0"", ""label"": ""5""}, {""value"": ""6.0"", ""label"": ""6""}, {""value"": ""200.0"", ""label"": ""(2+) 2 or more""}, {""value"": ""300.0"", ""label"": ""(3+) 3 or more""}, {""value"": ""400.0"", ""label"": ""(4+) 4 or more""}, {""value"": ""444.0"", ""label"": ""1/4 (quarter)""}, {""value"": ""500.0"", ""label"": ""(5+) 5 or more""}, {""value"": ""555.0"", ""label"": ""1/2 (half)""}, {""value"": ""600.0"", ""label"": ""(6+) 6 or more""}]"
278,B10ODQEGGS,Did you eat any eggs yesterday?,numeric,NOMINAL,NA,"[{""value"": ""-3.0"", ""label"": ""Unanswered (user not shown question)""}, {""value"": ""-1.0"", ""label"": ""Unanswered""}, {""value"": ""0.0"", ""label"": ""No""}, {""value"": ""1.0"", ""label"": ""Yes""}]"
279,B10ODQEGG1,"Number of Whole eggs (e.g. fried, boiled, poached) consumed",numeric,SCALE,NA,"[{""value"": ""-3.0"", ""label"": ""Unanswered (user not shown question)""}, {""value"": ""-1.0"", ""label"": ""Unanswered""}, {""value"": ""0.0"", ""label"": ""None""}, {""value"": ""1.0"", ""label"": ""1""}, {""value"": ""2.0"", ""label"": ""2""}, {""value"": ""3.0"", ""label"": ""3""}, {""value"": ""4.0"", ""label"": ""4""}, {""value"": ""5.0"", ""label"": ""5""}, {""value"": ""6.0"", ""label"": ""6""}, {""value"": ""200.0"", ""label"": ""(2+) 2 or more""}, {""value"": ""300.0"", ""label"": ""(3+) 3 or more""}, {""value"": ""400.0"", ""label"": ""(4+) 4 or more""}, {""value"": ""444.0"", ""label"": ""1/4 (quarter)""}, {""value"": ""500.0"", ""label"": ""(5+) 5 or more""}, {""value"": ""555.0"", ""label"": ""1/2 (half)""}, {""value"": ""600.0"", ""label"": ""(6+) 6 or more""}]"
280,B10ODQEGG2,Serving(s) of Omelettes or scrambled egg consumed,numeric,SCALE,NA,"[{""value"": ""-3.0"", ""label"": ""Unanswered (user not shown question)""}, {""value"": ""-1.0"", ""label"": ""Unanswered""}, {""value"": ""0.0"", ""label"": ""None""}, {""value"": ""1.0"", ""label"": ""1""}, {""value"": ""2.0"", ""label"": ""2""}, {""value"": ""3.0"", ""label"": ""3""}, {""value"": ""4.0"", ""label"": ""4""}, {""value"": ""5.0"", ""label"": ""5""}, {""value"": ""6.0"", ""label"": ""6""}, {""value"": ""200.0"", ""label"": ""(2+) 2 or more""}, {""value"": ""300.0"", ""label"": ""(3+) 3 or more""}, {""value"": ""400.0"", ""label"": ""(4+) 4 or more""}, {""value"": ""444.0"", ""label"": ""1/4 (quarter)""}, {""value"": ""500.0"", ""label"": ""(5+) 5 or more""}, {""value"": ""555.0"", ""label"": ""1/2 (half)""}, {""value"": ""600.0"", ""label"": ""(6+) 6 or more""}]"
281,B10ODQEGG3,Serving(s) of Egg in sandwiches (made with or without mayonnaise) consumed,numeric,SCALE,NA,"[{""value"": ""-3.0"", ""label"": ""Unanswered (user not shown question)""}, {""value"": ""-1.0"", ""label"": ""Unanswered""}, {""value"": ""0.0"", ""label"": ""None""}, {""value"": ""1.0"", ""label"": ""1""}, {""value"": ""2.0"", ""label"": ""2""}, {""value"": ""3.0"", ""label"": ""3""}, {""value"": ""4.0"", ""label"": ""4""}, {""value"": ""5.0"", ""label"": ""5""}, {""value"": ""6.0"", ""label"": ""6""}, {""value"": ""200.0"", ""label"": ""(2+) 2 or more""}, {""value"": ""300.0"", ""label"": ""(3+) 3 or more""}, {""value"": ""400.0"", ""label"": ""(4+) 4 or more""}, {""value"": ""444.0"", ""label"": ""1/4 (quarter)""}, {""value"": ""500.0"", ""label"": ""(5+) 5 or more""}, {""value"": ""555.0"", ""label"": ""1/2 (half)""}, {""value"": ""600.0"", ""label"": ""(6+) 6 or more""}]"
282,B10ODQEGG4,Number of Scotch egg(s) consumed,numeric,SCALE,NA,"[{""value"": ""-3.0"", ""label"": ""Unanswered (user not shown question)""}, {""value"": ""-1.0"", ""label"": ""Unanswered""}, {""value"": ""0.0"", ""label"": ""None""}, {""value"": ""1.0"", ""label"": ""1""}, {""value"": ""2.0"", ""label"": ""2""}, {""value"": ""3.0"", ""label"": ""3""}, {""value"": ""4.0"", ""label"": ""4""}, {""value"": ""5.0"", ""label"": ""5""}, {""value"": ""6.0"", ""label"": ""6""}, {""value"": ""200.0"", ""label"": ""(2+) 2 or more""}, {""value"": ""300.0"", ""label"": ""(3+) 3 or more""}, {""value"": ""400.0"", ""label"": ""(4+) 4 or more""}, {""value"": ""444.0"", ""label"": ""1/4 (quarter)""}, {""value"": ""500.0"", ""label"": ""(5+) 5 or more""}, {""value"": ""555.0"", ""label"": ""1/2 (half)""}, {""value"": ""600.0"", ""label"": ""(6+) 6 or more""}]"
283,B10ODQEGG5,Serving(s) of Other egg dishes consumed,numeric,SCALE,NA,"[{""value"": ""-3.0"", ""label"": ""Unanswered (user not shown question)""}, {""value"": ""-1.0"", ""label"": ""Unanswered""}, {""value"": ""0.0"", ""label"": ""None""}, {""value"": ""1.0"", ""label"": ""1""}, {""value"": ""2.0"", ""label"": ""2""}, {""value"": ""3.0"", ""label"": ""3""}, {""value"": ""4.0"", ""label"": ""4""}, {""value"": ""5.0"", ""label"": ""5""}, {""value"": ""6.0"", ""label"": ""6""}, {""value"": ""200.0"", ""label"": ""(2+) 2 or more""}, {""value"": ""300.0"", ""label"": ""(3+) 3 or more""}, {""value"": ""400.0"", ""label"": ""(4+) 4 or more""}, {""value"": ""444.0"", ""label"": ""1/4 (quarter)""}, {""value"": ""500.0"", ""label"": ""(5+) 5 or more""}, {""value"": ""555.0"", ""label"": ""1/2 (half)""}, {""value"": ""600.0"", ""label"": ""(6+) 6 or more""}]"
284,B10ODQMEAT,Did you eat any meat or poultry yesterday?,numeric,NOMINAL,NA,"[{""value"": ""-3.0"", ""label"": ""Unanswered (user not shown question)""}, {""value"": ""-1.0"", ""label"": ""Unanswered""}, {""value"": ""0.0"", ""label"": ""No""}, {""value"": ""1.0"", ""label"": ""Yes""}]"
285,B10ODQMTSS,Number of Sausage(s) consumed,numeric,SCALE,NA,"[{""value"": ""-3.0"", ""label"": ""Unanswered (user not shown question)""}, {""value"": ""-1.0"", ""label"": ""Unanswered""}, {""value"": ""0.0"", ""label"": ""None""}, {""value"": ""1.0"", ""label"": ""1""}, {""value"": ""2.0"", ""label"": ""2""}, {""value"": ""3.0"", ""label"": ""3""}, {""value"": ""4.0"", ""label"": ""4""}, {""value"": ""5.0"", ""label"": ""5""}, {""value"": ""6.0"", ""label"": ""6""}, {""value"": ""200.0"", ""label"": ""(2+) 2 or more""}, {""value"": ""300.0"", ""label"": ""(3+) 3 or more""}, {""value"": ""400.0"", ""label"": ""(4+) 4 or more""}, {""value"": ""444.0"", ""label"": ""1/4 (quarter)""}, {""value"": ""500.0"", ""label"": ""(5+) 5 or more""}, {""value"": ""555.0"", ""label"": ""1/2 (half)""}, {""value"": ""600.0"", ""label"": ""(6+) 6 or more""}]"
286,B10ODQMTBF,"Serving(s) of Beef (e.g. roast, steak, mince, curry, burger) consumed",numeric,SCALE,NA,"[{""value"": ""-3.0"", ""label"": ""Unanswered (user not shown question)""}, {""value"": ""-1.0"", ""label"": ""Unanswered""}, {""value"": ""0.0"", ""label"": ""None""}, {""value"": ""1.0"", ""label"": ""1""}, {""value"": ""2.0"", ""label"": ""2""}, {""value"": ""3.0"", ""label"": ""3""}, {""value"": ""4.0"", ""label"": ""4""}, {""value"": ""5.0"", ""label"": ""5""}, {""value"": ""6.0"", ""label"": ""6""}, {""value"": ""200.0"", ""label"": ""(2+) 2 or more""}, {""value"": ""300.0"", ""label"": ""(3+) 3 or more""}, {""value"": ""400.0"", ""label"": ""(4+) 4 or more""}, {""value"": ""444.0"", ""label"": ""1/4 (quarter)""}, {""value"": ""500.0"", ""label"": ""(5+) 5 or more""}, {""value"": ""555.0"", ""label"": ""1/2 (half)""}, {""value"": ""600.0"", ""label"": ""(6+) 6 or more""}]"
287,B10ODQMTPK,"Serving(s) of Pork (e.g roast, chops, sweet and sour) consumed",numeric,SCALE,NA,"[{""value"": ""-3.0"", ""label"": ""Unanswered (user not shown question)""}, {""value"": ""-1.0"", ""label"": ""Unanswered""}, {""value"": ""0.0"", ""label"": ""None""}, {""value"": ""1.0"", ""label"": ""1""}, {""value"": ""2.0"", ""label"": ""2""}, {""value"": ""3.0"", ""label"": ""3""}, {""value"": ""4.0"", ""label"": ""4""}, {""value"": ""5.0"", ""label"": ""5""}, {""value"": ""6.0"", ""label"": ""6""}, {""value"": ""200.0"", ""label"": ""(2+) 2 or more""}, {""value"": ""300.0"", ""label"": ""(3+) 3 or more""}, {""value"": ""400.0"", ""label"": ""(4+) 4 or more""}, {""value"": ""444.0"", ""label"": ""1/4 (quarter)""}, {""value"": ""500.0"", ""label"": ""(5+) 5 or more""}, {""value"": ""555.0"", ""label"": ""1/2 (half)""}, {""value"": ""600.0"", ""label"": ""(6+) 6 or more""}]"
288,B10ODQMTLB,"Serving(s) of Lamb or mutton (e.g. roast, chops, stew, burger) consumed",numeric,SCALE,NA,"[{""value"": ""-3.0"", ""label"": ""Unanswered (user not shown question)""}, {""value"": ""-1.0"", ""label"": ""Unanswered""}, {""value"": ""0.0"", ""label"": ""None""}, {""value"": ""1.0"", ""label"": ""1""}, {""value"": ""2.0"", ""label"": ""2""}, {""value"": ""3.0"", ""label"": ""3""}, {""value"": ""4.0"", ""label"": ""4""}, {""value"": ""5.0"", ""label"": ""5""}, {""value"": ""6.0"", ""label"": ""6""}, {""value"": ""200.0"", ""label"": ""(2+) 2 or more""}, {""value"": ""300.0"", ""label"": ""(3+) 3 or more""}, {""value"": ""400.0"", ""label"": ""(4+) 4 or more""}, {""value"": ""444.0"", ""label"": ""1/4 (quarter)""}, {""value"": ""500.0"", ""label"": ""(5+) 5 or more""}, {""value"": ""555.0"", ""label"": ""1/2 (half)""}, {""value"": ""600.0"", ""label"": ""(6+) 6 or more""}]"
289,B10ODQPLT1,Serving(s) of Chicken or turkey in breadcrumbs or deep fried consumed,numeric,SCALE,NA,"[{""value"": ""-3.0"", ""label"": ""Unanswered (user not shown question)""}, {""value"": ""-1.0"", ""label"": ""Unanswered""}, {""value"": ""0.0"", ""label"": ""None""}, {""value"": ""1.0"", ""label"": ""1""}, {""value"": ""2.0"", ""label"": ""2""}, {""value"": ""3.0"", ""label"": ""3""}, {""value"": ""4.0"", ""label"": ""4""}, {""value"": ""5.0"", ""label"": ""5""}, {""value"": ""6.0"", ""label"": ""6""}, {""value"": ""200.0"", ""label"": ""(2+) 2 or more""}, {""value"": ""300.0"", ""label"": ""(3+) 3 or more""}, {""value"": ""400.0"", ""label"": ""(4+) 4 or more""}, {""value"": ""444.0"", ""label"": ""1/4 (quarter)""}, {""value"": ""500.0"", ""label"": ""(5+) 5 or more""}, {""value"": ""555.0"", ""label"": ""1/2 (half)""}, {""value"": ""600.0"", ""label"": ""(6+) 6 or more""}]"
290,B10ODQPLT2,"Serving(s) of Chicken or turkey (e.g. roast, drumsticks, curry) consumed",numeric,SCALE,NA,"[{""value"": ""-3.0"", ""label"": ""Unanswered (user not shown question)""}, {""value"": ""-1.0"", ""label"": ""Unanswered""}, {""value"": ""0.0"", ""label"": ""None""}, {""value"": ""1.0"", ""label"": ""1""}, {""value"": ""2.0"", ""label"": ""2""}, {""value"": ""3.0"", ""label"": ""3""}, {""value"": ""4.0"", ""label"": ""4""}, {""value"": ""5.0"", ""label"": ""5""}, {""value"": ""6.0"", ""label"": ""6""}, {""value"": ""200.0"", ""label"": ""(2+) 2 or more""}, {""value"": ""300.0"", ""label"": ""(3+) 3 or more""}, {""value"": ""400.0"", ""label"": ""(4+) 4 or more""}, {""value"": ""444.0"", ""label"": ""1/4 (quarter)""}, {""value"": ""500.0"", ""label"": ""(5+) 5 or more""}, {""value"": ""555.0"", ""label"": ""1/2 (half)""}, {""value"": ""600.0"", ""label"": ""(6+) 6 or more""}]"
291,B10ODQMTBN,Rasher(s) of Bacon consumed,numeric,SCALE,NA,"[{""value"": ""-3.0"", ""label"": ""Unanswered (user not shown question)""}, {""value"": ""-1.0"", ""label"": ""Unanswered""}, {""value"": ""0.0"", ""label"": ""None""}, {""value"": ""1.0"", ""label"": ""1""}, {""value"": ""2.0"", ""label"": ""2""}, {""value"": ""3.0"", ""label"": ""3""}, {""value"": ""4.0"", ""label"": ""4""}, {""value"": ""5.0"", ""label"": ""5""}, {""value"": ""6.0"", ""label"": ""6""}, {""value"": ""200.0"", ""label"": ""(2+) 2 or more""}, {""value"": ""300.0"", ""label"": ""(3+) 3 or more""}, {""value"": ""400.0"", ""label"": ""(4+) 4 or more""}, {""value"": ""444.0"", ""label"": ""1/4 (quarter)""}, {""value"": ""500.0"", ""label"": ""(5+) 5 or more""}, {""value"": ""555.0"", ""label"": ""1/2 (half)""}, {""value"": ""600.0"", ""label"": ""(6+) 6 or more""}]"
292,B10ODQMTHM,"Slice(s) of Ham, Parma ham, salami, pastrami, cured meats consumed",numeric,SCALE,NA,"[{""value"": ""-3.0"", ""label"": ""Unanswered (user not shown question)""}, {""value"": ""-1.0"", ""label"": ""Unanswered""}, {""value"": ""0.0"", ""label"": ""None""}, {""value"": ""1.0"", ""label"": ""1""}, {""value"": ""2.0"", ""label"": ""2""}, {""value"": ""3.0"", ""label"": ""3""}, {""value"": ""4.0"", ""label"": ""4""}, {""value"": ""5.0"", ""label"": ""5""}, {""value"": ""6.0"", ""label"": ""6""}, {""value"": ""200.0"", ""label"": ""(2+) 2 or more""}, {""value"": ""300.0"", ""label"": ""(3+) 3 or more""}, {""value"": ""400.0"", ""label"": ""(4+) 4 or more""}, {""value"": ""444.0"", ""label"": ""1/4 (quarter)""}, {""value"": ""500.0"", ""label"": ""(5+) 5 or more""}, {""value"": ""555.0"", ""label"": ""1/2 (half)""}, {""value"": ""600.0"", ""label"": ""(6+) 6 or more""}]"
293,B10ODQMTLV,Serving(s) of Liver or liver pâté consumed,numeric,SCALE,NA,"[{""value"": ""-3.0"", ""label"": ""Unanswered (user not shown question)""}, {""value"": ""-1.0"", ""label"": ""Unanswered""}, {""value"": ""0.0"", ""label"": ""None""}, {""value"": ""1.0"", ""label"": ""1""}, {""value"": ""2.0"", ""label"": ""2""}, {""value"": ""3.0"", ""label"": ""3""}, {""value"": ""4.0"", ""label"": ""4""}, {""value"": ""5.0"", ""label"": ""5""}, {""value"": ""6.0"", ""label"": ""6""}, {""value"": ""200.0"", ""label"": ""(2+) 2 or more""}, {""value"": ""300.0"", ""label"": ""(3+) 3 or more""}, {""value"": ""400.0"", ""label"": ""(4+) 4 or more""}, {""value"": ""444.0"", ""label"": ""1/4 (quarter)""}, {""value"": ""500.0"", ""label"": ""(5+) 5 or more""}, {""value"": ""555.0"", ""label"": ""1/2 (half)""}, {""value"": ""600.0"", ""label"": ""(6+) 6 or more""}]"
294,B10ODQMTOT,"Serving(s) of Other meat (e.g. duck, goose, kidney) consumed",numeric,SCALE,NA,"[{""value"": ""-3.0"", ""label"": ""Unanswered (user not shown question)""}, {""value"": ""-1.0"", ""label"": ""Unanswered""}, {""value"": ""0.0"", ""label"": ""None""}, {""value"": ""1.0"", ""label"": ""1""}, {""value"": ""2.0"", ""label"": ""2""}, {""value"": ""3.0"", ""label"": ""3""}, {""value"": ""4.0"", ""label"": ""4""}, {""value"": ""5.0"", ""label"": ""5""}, {""value"": ""6.0"", ""label"": ""6""}, {""value"": ""200.0"", ""label"": ""(2+) 2 or more""}, {""value"": ""300.0"", ""label"": ""(3+) 3 or more""}, {""value"": ""400.0"", ""label"": ""(4+) 4 or more""}, {""value"": ""444.0"", ""label"": ""1/4 (quarter)""}, {""value"": ""500.0"", ""label"": ""(5+) 5 or more""}, {""value"": ""555.0"", ""label"": ""1/2 (half)""}, {""value"": ""600.0"", ""label"": ""(6+) 6 or more""}]"
295,B10ODQNOFT,Did you remove the skin from the chicken or turkey?,numeric,SCALE,NA,"[{""value"": ""-3.0"", ""label"": ""Unanswered (user not shown question)""}, {""value"": ""-1.0"", ""label"": ""Unanswered""}, {""value"": ""0.0"", ""label"": ""No""}, {""value"": ""1.0"", ""label"": ""Yes""}, {""value"": ""111.0"", ""label"": ""Varied""}, {""value"": ""222.0"", ""label"": ""Don't Know""}, {""value"": ""313.0"", ""label"": ""N/A""}]"
296,B10ODQNOPS,"Did you remove the fat from the beef, pork, lamb, ham or other cured meats?",numeric,SCALE,NA,"[{""value"": ""-3.0"", ""label"": ""Unanswered (user not shown question)""}, {""value"": ""-1.0"", ""label"": ""Unanswered""}, {""value"": ""0.0"", ""label"": ""No""}, {""value"": ""1.0"", ""label"": ""Yes""}, {""value"": ""111.0"", ""label"": ""Varied""}, {""value"": ""222.0"", ""label"": ""Don't Know""}, {""value"": ""313.0"", ""label"": ""N/A""}]"
297,B10ODQFISH,Did you eat any fish or seafood yesterday?,numeric,NOMINAL,NA,"[{""value"": ""-3.0"", ""label"": ""Unanswered (user not shown question)""}, {""value"": ""-1.0"", ""label"": ""Unanswered""}, {""value"": ""0.0"", ""label"": ""No""}, {""value"": ""1.0"", ""label"": ""Yes""}]"
298,B10ODQFSH1,Serving(s) of Tinned tuna consumed,numeric,SCALE,NA,"[{""value"": ""-3.0"", ""label"": ""Unanswered (user not shown question)""}, {""value"": ""-1.0"", ""label"": ""Unanswered""}, {""value"": ""0.0"", ""label"": ""None""}, {""value"": ""1.0"", ""label"": ""1""}, {""value"": ""2.0"", ""label"": ""2""}, {""value"": ""3.0"", ""label"": ""3""}, {""value"": ""4.0"", ""label"": ""4""}, {""value"": ""5.0"", ""label"": ""5""}, {""value"": ""6.0"", ""label"": ""6""}, {""value"": ""200.0"", ""label"": ""(2+) 2 or more""}, {""value"": ""300.0"", ""label"": ""(3+) 3 or more""}, {""value"": ""400.0"", ""label"": ""(4+) 4 or more""}, {""value"": ""444.0"", ""label"": ""1/4 (quarter)""}, {""value"": ""500.0"", ""label"": ""(5+) 5 or more""}, {""value"": ""555.0"", ""label"": ""1/2 (half)""}, {""value"": ""600.0"", ""label"": ""(6+) 6 or more""}]"
299,B10ODQFSH2,"Serving(s) of Oily fish (e.g. salmon, tinned salmon, herring) consumed",numeric,SCALE,NA,"[{""value"": ""-3.0"", ""label"": ""Unanswered (user not shown question)""}, {""value"": ""-1.0"", ""label"": ""Unanswered""}, {""value"": ""0.0"", ""label"": ""None""}, {""value"": ""1.0"", ""label"": ""1""}, {""value"": ""2.0"", ""label"": ""2""}, {""value"": ""3.0"", ""label"": ""3""}, {""value"": ""4.0"", ""label"": ""4""}, {""value"": ""5.0"", ""label"": ""5""}, {""value"": ""6.0"", ""label"": ""6""}, {""value"": ""200.0"", ""label"": ""(2+) 2 or more""}, {""value"": ""300.0"", ""label"": ""(3+) 3 or more""}, {""value"": ""400.0"", ""label"": ""(4+) 4 or more""}, {""value"": ""444.0"", ""label"": ""1/4 (quarter)""}, {""value"": ""500.0"", ""label"": ""(5+) 5 or more""}, {""value"": ""555.0"", ""label"": ""1/2 (half)""}, {""value"": ""600.0"", ""label"": ""(6+) 6 or more""}]"
300,B10ODQFSH3,Serving(s) of Breaded fish (e.g. fish fingers) or fish cakes consumed,numeric,SCALE,NA,"[{""value"": ""-3.0"", ""label"": ""Unanswered (user not shown question)""}, {""value"": ""-1.0"", ""label"": ""Unanswered""}, {""value"": ""0.0"", ""label"": ""None""}, {""value"": ""1.0"", ""label"": ""1""}, {""value"": ""2.0"", ""label"": ""2""}, {""value"": ""3.0"", ""label"": ""3""}, {""value"": ""4.0"", ""label"": ""4""}, {""value"": ""5.0"", ""label"": ""5""}, {""value"": ""6.0"", ""label"": ""6""}, {""value"": ""200.0"", ""label"": ""(2+) 2 or more""}, {""value"": ""300.0"", ""label"": ""(3+) 3 or more""}, {""value"": ""400.0"", ""label"": ""(4+) 4 or more""}, {""value"": ""444.0"", ""label"": ""1/4 (quarter)""}, {""value"": ""500.0"", ""label"": ""(5+) 5 or more""}, {""value"": ""555.0"", ""label"": ""1/2 (half)""}, {""value"": ""600.0"", ""label"": ""(6+) 6 or more""}]"
301,B10ODQFSH4,Serving(s) of Battered fish consumed,numeric,SCALE,NA,"[{""value"": ""-3.0"", ""label"": ""Unanswered (user not shown question)""}, {""value"": ""-1.0"", ""label"": ""Unanswered""}, {""value"": ""0.0"", ""label"": ""None""}, {""value"": ""1.0"", ""label"": ""1""}, {""value"": ""2.0"", ""label"": ""2""}, {""value"": ""3.0"", ""label"": ""3""}, {""value"": ""4.0"", ""label"": ""4""}, {""value"": ""5.0"", ""label"": ""5""}, {""value"": ""6.0"", ""label"": ""6""}, {""value"": ""200.0"", ""label"": ""(2+) 2 or more""}, {""value"": ""300.0"", ""label"": ""(3+) 3 or more""}, {""value"": ""400.0"", ""label"": ""(4+) 4 or more""}, {""value"": ""444.0"", ""label"": ""1/4 (quarter)""}, {""value"": ""500.0"", ""label"": ""(5+) 5 or more""}, {""value"": ""555.0"", ""label"": ""1/2 (half)""}, {""value"": ""600.0"", ""label"": ""(6+) 6 or more""}]"
302,B10ODQFSH5,"Serving(s) of White fish (e.g. cod, haddock, fish pie) consumed",numeric,SCALE,NA,"[{""value"": ""-3.0"", ""label"": ""Unanswered (user not shown question)""}, {""value"": ""-1.0"", ""label"": ""Unanswered""}, {""value"": ""0.0"", ""label"": ""None""}, {""value"": ""1.0"", ""label"": ""1""}, {""value"": ""2.0"", ""label"": ""2""}, {""value"": ""3.0"", ""label"": ""3""}, {""value"": ""4.0"", ""label"": ""4""}, {""value"": ""5.0"", ""label"": ""5""}, {""value"": ""6.0"", ""label"": ""6""}, {""value"": ""200.0"", ""label"": ""(2+) 2 or more""}, {""value"": ""300.0"", ""label"": ""(3+) 3 or more""}, {""value"": ""400.0"", ""label"": ""(4+) 4 or more""}, {""value"": ""444.0"", ""label"": ""1/4 (quarter)""}, {""value"": ""500.0"", ""label"": ""(5+) 5 or more""}, {""value"": ""555.0"", ""label"": ""1/2 (half)""}, {""value"": ""600.0"", ""label"": ""(6+) 6 or more""}]"
303,B10ODQFSH6,Serving(s) of Prawns consumed,numeric,SCALE,NA,"[{""value"": ""-3.0"", ""label"": ""Unanswered (user not shown question)""}, {""value"": ""-1.0"", ""label"": ""Unanswered""}, {""value"": ""0.0"", ""label"": ""None""}, {""value"": ""1.0"", ""label"": ""1""}, {""value"": ""2.0"", ""label"": ""2""}, {""value"": ""3.0"", ""label"": ""3""}, {""value"": ""4.0"", ""label"": ""4""}, {""value"": ""5.0"", ""label"": ""5""}, {""value"": ""6.0"", ""label"": ""6""}, {""value"": ""200.0"", ""label"": ""(2+) 2 or more""}, {""value"": ""300.0"", ""label"": ""(3+) 3 or more""}, {""value"": ""400.0"", ""label"": ""(4+) 4 or more""}, {""value"": ""444.0"", ""label"": ""1/4 (quarter)""}, {""value"": ""500.0"", ""label"": ""(5+) 5 or more""}, {""value"": ""555.0"", ""label"": ""1/2 (half)""}, {""value"": ""600.0"", ""label"": ""(6+) 6 or more""}]"
304,B10ODQFSH7,Serving(s) of Lobster or crab consumed,numeric,SCALE,NA,"[{""value"": ""-3.0"", ""label"": ""Unanswered (user not shown question)""}, {""value"": ""-1.0"", ""label"": ""Unanswered""}, {""value"": ""0.0"", ""label"": ""None""}, {""value"": ""1.0"", ""label"": ""1""}, {""value"": ""2.0"", ""label"": ""2""}, {""value"": ""3.0"", ""label"": ""3""}, {""value"": ""4.0"", ""label"": ""4""}, {""value"": ""5.0"", ""label"": ""5""}, {""value"": ""6.0"", ""label"": ""6""}, {""value"": ""200.0"", ""label"": ""(2+) 2 or more""}, {""value"": ""300.0"", ""label"": ""(3+) 3 or more""}, {""value"": ""400.0"", ""label"": ""(4+) 4 or more""}, {""value"": ""444.0"", ""label"": ""1/4 (quarter)""}, {""value"": ""500.0"", ""label"": ""(5+) 5 or more""}, {""value"": ""555.0"", ""label"": ""1/2 (half)""}, {""value"": ""600.0"", ""label"": ""(6+) 6 or more""}]"
305,B10ODQFSH8,"Serving(s) of Shellfish (e.g. mussels, scallops) consumed",numeric,SCALE,NA,"[{""value"": ""-3.0"", ""label"": ""Unanswered (user not shown question)""}, {""value"": ""-1.0"", ""label"": ""Unanswered""}, {""value"": ""0.0"", ""label"": ""None""}, {""value"": ""1.0"", ""label"": ""1""}, {""value"": ""2.0"", ""label"": ""2""}, {""value"": ""3.0"", ""label"": ""3""}, {""value"": ""4.0"", ""label"": ""4""}, {""value"": ""5.0"", ""label"": ""5""}, {""value"": ""6.0"", ""label"": ""6""}, {""value"": ""200.0"", ""label"": ""(2+) 2 or more""}, {""value"": ""300.0"", ""label"": ""(3+) 3 or more""}, {""value"": ""400.0"", ""label"": ""(4+) 4 or more""}, {""value"": ""444.0"", ""label"": ""1/4 (quarter)""}, {""value"": ""500.0"", ""label"": ""(5+) 5 or more""}, {""value"": ""555.0"", ""label"": ""1/2 (half)""}, {""value"": ""600.0"", ""label"": ""(6+) 6 or more""}]"
306,B10ODQFSH9,Serving(s) of Other fish consumed,numeric,SCALE,NA,"[{""value"": ""-3.0"", ""label"": ""Unanswered (user not shown question)""}, {""value"": ""-1.0"", ""label"": ""Unanswered""}, {""value"": ""0.0"", ""label"": ""None""}, {""value"": ""1.0"", ""label"": ""1""}, {""value"": ""2.0"", ""label"": ""2""}, {""value"": ""3.0"", ""label"": ""3""}, {""value"": ""4.0"", ""label"": ""4""}, {""value"": ""5.0"", ""label"": ""5""}, {""value"": ""6.0"", ""label"": ""6""}, {""value"": ""200.0"", ""label"": ""(2+) 2 or more""}, {""value"": ""300.0"", ""label"": ""(3+) 3 or more""}, {""value"": ""400.0"", ""label"": ""(4+) 4 or more""}, {""value"": ""444.0"", ""label"": ""1/4 (quarter)""}, {""value"": ""500.0"", ""label"": ""(5+) 5 or more""}, {""value"": ""555.0"", ""label"": ""1/2 (half)""}, {""value"": ""600.0"", ""label"": ""(6+) 6 or more""}]"
307,B10ODQVALT,Did you eat any vegetarian alternatives to meat yesterday?,numeric,NOMINAL,NA,"[{""value"": ""-3.0"", ""label"": ""Unanswered (user not shown question)""}, {""value"": ""-1.0"", ""label"": ""Unanswered""}, {""value"": ""0.0"", ""label"": ""No""}, {""value"": ""1.0"", ""label"": ""Yes""}]"
308,B10ODQVAL1,Number of Vegetarian sausage/burger(s) consumed,numeric,SCALE,NA,"[{""value"": ""-3.0"", ""label"": ""Unanswered (user not shown question)""}, {""value"": ""-1.0"", ""label"": ""Unanswered""}, {""value"": ""0.0"", ""label"": ""None""}, {""value"": ""1.0"", ""label"": ""1""}, {""value"": ""2.0"", ""label"": ""2""}, {""value"": ""3.0"", ""label"": ""3""}, {""value"": ""4.0"", ""label"": ""4""}, {""value"": ""5.0"", ""label"": ""5""}, {""value"": ""6.0"", ""label"": ""6""}, {""value"": ""200.0"", ""label"": ""(2+) 2 or more""}, {""value"": ""300.0"", ""label"": ""(3+) 3 or more""}, {""value"": ""400.0"", ""label"": ""(4+) 4 or more""}, {""value"": ""444.0"", ""label"": ""1/4 (quarter)""}, {""value"": ""500.0"", ""label"": ""(5+) 5 or more""}, {""value"": ""555.0"", ""label"": ""1/2 (half)""}, {""value"": ""600.0"", ""label"": ""(6+) 6 or more""}]"
309,B10ODQVAL2,Serving(s) of Tofu/tempeh/TVP/soya mince consumed,numeric,SCALE,NA,"[{""value"": ""-3.0"", ""label"": ""Unanswered (user not shown question)""}, {""value"": ""-1.0"", ""label"": ""Unanswered""}, {""value"": ""0.0"", ""label"": ""None""}, {""value"": ""1.0"", ""label"": ""1""}, {""value"": ""2.0"", ""label"": ""2""}, {""value"": ""3.0"", ""label"": ""3""}, {""value"": ""4.0"", ""label"": ""4""}, {""value"": ""5.0"", ""label"": ""5""}, {""value"": ""6.0"", ""label"": ""6""}, {""value"": ""200.0"", ""label"": ""(2+) 2 or more""}, {""value"": ""300.0"", ""label"": ""(3+) 3 or more""}, {""value"": ""400.0"", ""label"": ""(4+) 4 or more""}, {""value"": ""444.0"", ""label"": ""1/4 (quarter)""}, {""value"": ""500.0"", ""label"": ""(5+) 5 or more""}, {""value"": ""555.0"", ""label"": ""1/2 (half)""}, {""value"": ""600.0"", ""label"": ""(6+) 6 or more""}]"
310,B10ODQVAL3,Serving(s) of Quorn consumed,numeric,SCALE,NA,"[{""value"": ""-3.0"", ""label"": ""Unanswered (user not shown question)""}, {""value"": ""-1.0"", ""label"": ""Unanswered""}, {""value"": ""0.0"", ""label"": ""None""}, {""value"": ""1.0"", ""label"": ""1""}, {""value"": ""2.0"", ""label"": ""2""}, {""value"": ""3.0"", ""label"": ""3""}, {""value"": ""4.0"", ""label"": ""4""}, {""value"": ""5.0"", ""label"": ""5""}, {""value"": ""6.0"", ""label"": ""6""}, {""value"": ""200.0"", ""label"": ""(2+) 2 or more""}, {""value"": ""300.0"", ""label"": ""(3+) 3 or more""}, {""value"": ""400.0"", ""label"": ""(4+) 4 or more""}, {""value"": ""444.0"", ""label"": ""1/4 (quarter)""}, {""value"": ""500.0"", ""label"": ""(5+) 5 or more""}, {""value"": ""555.0"", ""label"": ""1/2 (half)""}, {""value"": ""600.0"", ""label"": ""(6+) 6 or more""}]"
311,B10ODQVAL4,Serving(s) of Other vegetarian alternative (e.g nut roast) consumed,numeric,SCALE,NA,"[{""value"": ""-3.0"", ""label"": ""Unanswered (user not shown question)""}, {""value"": ""-1.0"", ""label"": ""Unanswered""}, {""value"": ""0.0"", ""label"": ""None""}, {""value"": ""1.0"", ""label"": ""1""}, {""value"": ""2.0"", ""label"": ""2""}, {""value"": ""3.0"", ""label"": ""3""}, {""value"": ""4.0"", ""label"": ""4""}, {""value"": ""5.0"", ""label"": ""5""}, {""value"": ""6.0"", ""label"": ""6""}, {""value"": ""200.0"", ""label"": ""(2+) 2 or more""}, {""value"": ""300.0"", ""label"": ""(3+) 3 or more""}, {""value"": ""400.0"", ""label"": ""(4+) 4 or more""}, {""value"": ""444.0"", ""label"": ""1/4 (quarter)""}, {""value"": ""500.0"", ""label"": ""(5+) 5 or more""}, {""value"": ""555.0"", ""label"": ""1/2 (half)""}, {""value"": ""600.0"", ""label"": ""(6+) 6 or more""}]"
312,B10ODQSPRD,"Did you have any spreads, sauces, dips, jams or honey yesterday?",numeric,NOMINAL,NA,"[{""value"": ""-3.0"", ""label"": ""Unanswered (user not shown question)""}, {""value"": ""-1.0"", ""label"": ""Unanswered""}, {""value"": ""0.0"", ""label"": ""No""}, {""value"": ""1.0"", ""label"": ""Yes""}]"
313,B10ODQJHNY,"Type of condiment: Jam, honey or syrup",numeric,SCALE,NA,"[{""value"": ""-3.0"", ""label"": ""Unanswered (user not shown question)""}, {""value"": ""-1.0"", ""label"": ""Unanswered""}, {""value"": ""0.0"", ""label"": ""No""}, {""value"": ""1.0"", ""label"": ""Yes""}]"
314,B10ODQCRM,"Type of condiment: Cream (e.g. single, double, sour, crème fraîche)",numeric,SCALE,NA,"[{""value"": ""-3.0"", ""label"": ""Unanswered (user not shown question)""}, {""value"": ""-1.0"", ""label"": ""Unanswered""}, {""value"": ""0.0"", ""label"": ""No""}, {""value"": ""1.0"", ""label"": ""Yes""}]"
315,B10ODQPBNT,"Type of condiment: Peanut butter, chocolate/nut spread (e.g. Nutella)",numeric,SCALE,NA,"[{""value"": ""-3.0"", ""label"": ""Unanswered (user not shown question)""}, {""value"": ""-1.0"", ""label"": ""Unanswered""}, {""value"": ""0.0"", ""label"": ""No""}, {""value"": ""1.0"", ""label"": ""Yes""}]"
316,B10ODQYSTX,"Type of condiment: Yeast extract (e.g. Marmite, Vegemite)",numeric,SCALE,NA,"[{""value"": ""-3.0"", ""label"": ""Unanswered (user not shown question)""}, {""value"": ""-1.0"", ""label"": ""Unanswered""}, {""value"": ""0.0"", ""label"": ""No""}, {""value"": ""1.0"", ""label"": ""Yes""}]"
317,B10ODQHMUS,Type of condiment: Hummus,numeric,SCALE,NA,"[{""value"": ""-3.0"", ""label"": ""Unanswered (user not shown question)""}, {""value"": ""-1.0"", ""label"": ""Unanswered""}, {""value"": ""0.0"", ""label"": ""No""}, {""value"": ""1.0"", ""label"": ""Yes""}]"
318,B10ODQGUAC,Type of condiment: Guacamole,numeric,SCALE,NA,"[{""value"": ""-3.0"", ""label"": ""Unanswered (user not shown question)""}, {""value"": ""-1.0"", ""label"": ""Unanswered""}, {""value"": ""0.0"", ""label"": ""No""}, {""value"": ""1.0"", ""label"": ""Yes""}]"
319,B10ODQCHNY,Type of condiment: Chutney / pickle,numeric,SCALE,NA,"[{""value"": ""-3.0"", ""label"": ""Unanswered (user not shown question)""}, {""value"": ""-1.0"", ""label"": ""Unanswered""}, {""value"": ""0.0"", ""label"": ""No""}, {""value"": ""1.0"", ""label"": ""Yes""}]"
320,B10ODQSCEK,Type of condiment: Tomato ketchup,numeric,SCALE,NA,"[{""value"": ""-3.0"", ""label"": ""Unanswered (user not shown question)""}, {""value"": ""-1.0"", ""label"": ""Unanswered""}, {""value"": ""0.0"", ""label"": ""No""}, {""value"": ""1.0"", ""label"": ""Yes""}]"
321,B10ODQSCEB,Type of condiment: Brown sauce / BBQ sauce,numeric,SCALE,NA,"[{""value"": ""-3.0"", ""label"": ""Unanswered (user not shown question)""}, {""value"": ""-1.0"", ""label"": ""Unanswered""}, {""value"": ""0.0"", ""label"": ""No""}, {""value"": ""1.0"", ""label"": ""Yes""}]"
322,B10ODQMYO1,Type of condiment: Low fat mayonnaise / low fat salad cream,numeric,SCALE,NA,"[{""value"": ""-3.0"", ""label"": ""Unanswered (user not shown question)""}, {""value"": ""-1.0"", ""label"": ""Unanswered""}, {""value"": ""0.0"", ""label"": ""No""}, {""value"": ""1.0"", ""label"": ""Yes""}]"
323,B10ODQMYO2,Type of condiment: Mayonnaise / salad cream,numeric,SCALE,NA,"[{""value"": ""-3.0"", ""label"": ""Unanswered (user not shown question)""}, {""value"": ""-1.0"", ""label"": ""Unanswered""}, {""value"": ""0.0"", ""label"": ""No""}, {""value"": ""1.0"", ""label"": ""Yes""}]"
324,B10ODQSLDD,Type of condiment: Salad dressing,numeric,SCALE,NA,"[{""value"": ""-3.0"", ""label"": ""Unanswered (user not shown question)""}, {""value"": ""-1.0"", ""label"": ""Unanswered""}, {""value"": ""0.0"", ""label"": ""No""}, {""value"": ""1.0"", ""label"": ""Yes""}]"
325,B10ODQDRZO,Type of condiment: Oil (for drizzling or dunking),numeric,SCALE,NA,"[{""value"": ""-3.0"", ""label"": ""Unanswered (user not shown question)""}, {""value"": ""-1.0"", ""label"": ""Unanswered""}, {""value"": ""0.0"", ""label"": ""No""}, {""value"": ""1.0"", ""label"": ""Yes""}]"
326,B10ODQPSTO,Type of condiment: Pesto,numeric,SCALE,NA,"[{""value"": ""-3.0"", ""label"": ""Unanswered (user not shown question)""}, {""value"": ""-1.0"", ""label"": ""Unanswered""}, {""value"": ""0.0"", ""label"": ""No""}, {""value"": ""1.0"", ""label"": ""Yes""}]"
327,B10ODQSCET,Type of condiment: Tomato-based sauce (e.g. pasta sauce),numeric,SCALE,NA,"[{""value"": ""-3.0"", ""label"": ""Unanswered (user not shown question)""}, {""value"": ""-1.0"", ""label"": ""Unanswered""}, {""value"": ""0.0"", ""label"": ""No""}, {""value"": ""1.0"", ""label"": ""Yes""}]"
328,B10ODQSCEC,Type of condiment: Cheese sauce (e.g. cauliflower cheese),numeric,SCALE,NA,"[{""value"": ""-3.0"", ""label"": ""Unanswered (user not shown question)""}, {""value"": ""-1.0"", ""label"": ""Unanswered""}, {""value"": ""0.0"", ""label"": ""No""}, {""value"": ""1.0"", ""label"": ""Yes""}]"
329,B10ODQSCEW,Type of condiment: White sauce / cream sauce (e.g. bechamel),numeric,SCALE,NA,"[{""value"": ""-3.0"", ""label"": ""Unanswered (user not shown question)""}, {""value"": ""-1.0"", ""label"": ""Unanswered""}, {""value"": ""0.0"", ""label"": ""No""}, {""value"": ""1.0"", ""label"": ""Yes""}]"
330,B10ODQSCEG,Type of condiment: Gravy,numeric,SCALE,NA,"[{""value"": ""-3.0"", ""label"": ""Unanswered (user not shown question)""}, {""value"": ""-1.0"", ""label"": ""Unanswered""}, {""value"": ""0.0"", ""label"": ""No""}, {""value"": ""1.0"", ""label"": ""Yes""}]"
331,B10ODQSDOT,Type of condiment: Other spread / sauce / dip,numeric,SCALE,NA,"[{""value"": ""-3.0"", ""label"": ""Unanswered (user not shown question)""}, {""value"": ""-1.0"", ""label"": ""Unanswered""}, {""value"": ""0.0"", ""label"": ""No""}, {""value"": ""1.0"", ""label"": ""Yes""}]"
332,B10ODQCFTD,Type of cooking fat: Don't know (e.g. hot food from a canteen or a ready meal),numeric,SCALE,NA,"[{""value"": ""-3.0"", ""label"": ""Unanswered (user not shown question)""}, {""value"": ""-1.0"", ""label"": ""Unanswered""}, {""value"": ""0.0"", ""label"": ""No""}, {""value"": ""1.0"", ""label"": ""Yes""}]"
333,B10ODQCKO1,Type of cooking oil: Olive oil,numeric,SCALE,NA,"[{""value"": ""-3.0"", ""label"": ""Unanswered (user not shown question)""}, {""value"": ""-1.0"", ""label"": ""Unanswered""}, {""value"": ""0.0"", ""label"": ""No""}, {""value"": ""1.0"", ""label"": ""Yes""}]"
334,B10ODQCKO2,Type of cooking oil: Sunflower oil,numeric,SCALE,NA,"[{""value"": ""-3.0"", ""label"": ""Unanswered (user not shown question)""}, {""value"": ""-1.0"", ""label"": ""Unanswered""}, {""value"": ""0.0"", ""label"": ""No""}, {""value"": ""1.0"", ""label"": ""Yes""}]"
335,B10ODQCKO3,Type of cooking oil: Vegetable oil,numeric,SCALE,NA,"[{""value"": ""-3.0"", ""label"": ""Unanswered (user not shown question)""}, {""value"": ""-1.0"", ""label"": ""Unanswered""}, {""value"": ""0.0"", ""label"": ""No""}, {""value"": ""1.0"", ""label"": ""Yes""}]"
336,B10ODQCKO4,Type of cooking oil: Rapeseed oil,numeric,SCALE,NA,"[{""value"": ""-3.0"", ""label"": ""Unanswered (user not shown question)""}, {""value"": ""-1.0"", ""label"": ""Unanswered""}, {""value"": ""0.0"", ""label"": ""No""}, {""value"": ""1.0"", ""label"": ""Yes""}]"
337,B10ODQCKO5,Type of cooking oil: Other cooking oil,numeric,SCALE,NA,"[{""value"": ""-3.0"", ""label"": ""Unanswered (user not shown question)""}, {""value"": ""-1.0"", ""label"": ""Unanswered""}, {""value"": ""0.0"", ""label"": ""No""}, {""value"": ""1.0"", ""label"": ""Yes""}]"
338,B10ODQCKB1,Used Butter as cooking fat,numeric,SCALE,NA,"[{""value"": ""-3.0"", ""label"": ""Unanswered (user not shown question)""}, {""value"": ""-1.0"", ""label"": ""Unanswered""}, {""value"": ""0.0"", ""label"": ""No""}, {""value"": ""1.0"", ""label"": ""Yes""}]"
339,B10ODQCKB2,Type of cooking butter: Spreadable,numeric,SCALE,NA,"[{""value"": ""-3.0"", ""label"": ""Unanswered (user not shown question)""}, {""value"": ""-1.0"", ""label"": ""Unanswered""}, {""value"": ""0.0"", ""label"": ""No""}, {""value"": ""1.0"", ""label"": ""Yes""}]"
340,B10ODQCKB3,Type of cooking butter: Low fat,numeric,SCALE,NA,"[{""value"": ""-3.0"", ""label"": ""Unanswered (user not shown question)""}, {""value"": ""-1.0"", ""label"": ""Unanswered""}, {""value"": ""0.0"", ""label"": ""No""}, {""value"": ""1.0"", ""label"": ""Yes""}]"
341,B10ODQCKB4,Type of cooking butter: Normal fat,numeric,SCALE,NA,"[{""value"": ""-3.0"", ""label"": ""Unanswered (user not shown question)""}, {""value"": ""-1.0"", ""label"": ""Unanswered""}, {""value"": ""0.0"", ""label"": ""No""}, {""value"": ""1.0"", ""label"": ""Yes""}]"
342,B10ODQCKB5,Type of cooking butter: Don't know,numeric,SCALE,NA,"[{""value"": ""-3.0"", ""label"": ""Unanswered (user not shown question)""}, {""value"": ""-1.0"", ""label"": ""Unanswered""}, {""value"": ""0.0"", ""label"": ""No""}, {""value"": ""1.0"", ""label"": ""Yes""}]"
343,B10ODQCKLD,Used Lard as cooking fat,numeric,SCALE,NA,"[{""value"": ""-3.0"", ""label"": ""Unanswered (user not shown question)""}, {""value"": ""-1.0"", ""label"": ""Unanswered""}, {""value"": ""0.0"", ""label"": ""No""}, {""value"": ""1.0"", ""label"": ""Yes""}]"
344,B10ODQCSO1,Used Olive based spread (e.g. Bertolli) as cooking fat,numeric,SCALE,NA,"[{""value"": ""-3.0"", ""label"": ""Unanswered (user not shown question)""}, {""value"": ""-1.0"", ""label"": ""Unanswered""}, {""value"": ""0.0"", ""label"": ""No""}, {""value"": ""1.0"", ""label"": ""Yes""}]"
345,B10ODQCSO2,Type of Olive based spread (e.g. Bertolli) used as cooking fat: Very low fat,numeric,SCALE,NA,"[{""value"": ""-3.0"", ""label"": ""Unanswered (user not shown question)""}, {""value"": ""-1.0"", ""label"": ""Unanswered""}, {""value"": ""0.0"", ""label"": ""No""}, {""value"": ""1.0"", ""label"": ""Yes""}]"
346,B10ODQCSO3,Type of Olive based spread (e.g. Bertolli) used as cooking fat: Low fat,numeric,SCALE,NA,"[{""value"": ""-3.0"", ""label"": ""Unanswered (user not shown question)""}, {""value"": ""-1.0"", ""label"": ""Unanswered""}, {""value"": ""0.0"", ""label"": ""No""}, {""value"": ""1.0"", ""label"": ""Yes""}]"
347,B10ODQCSO4,Type of Olive based spread (e.g. Bertolli) used as cooking fat: Normal fat,numeric,SCALE,NA,"[{""value"": ""-3.0"", ""label"": ""Unanswered (user not shown question)""}, {""value"": ""-1.0"", ""label"": ""Unanswered""}, {""value"": ""0.0"", ""label"": ""No""}, {""value"": ""1.0"", ""label"": ""Yes""}]"
348,B10ODQCSO5,Type of Olive based spread used as cooking fat: Cholesterol lowering,numeric,SCALE,NA,"[{""value"": ""-3.0"", ""label"": ""Unanswered (user not shown question)""}, {""value"": ""-1.0"", ""label"": ""Unanswered""}, {""value"": ""0.0"", ""label"": ""No""}, {""value"": ""1.0"", ""label"": ""Yes""}]"
349,B10ODQCSO6,Type of Olive based spread (e.g. Bertolli) used as cooking fat: Don't know,numeric,SCALE,NA,"[{""value"": ""-3.0"", ""label"": ""Unanswered (user not shown question)""}, {""value"": ""-1.0"", ""label"": ""Unanswered""}, {""value"": ""0.0"", ""label"": ""No""}, {""value"": ""1.0"", ""label"": ""Yes""}]"
350,B10ODQCMP1,Used Polyunsaturated margarine (e.g. Flora) as cooking fat,numeric,SCALE,NA,"[{""value"": ""-3.0"", ""label"": ""Unanswered (user not shown question)""}, {""value"": ""-1.0"", ""label"": ""Unanswered""}, {""value"": ""0.0"", ""label"": ""No""}, {""value"": ""1.0"", ""label"": ""Yes""}]"
351,B10ODQCMP2,Type of Polyunsaturated margarine used as cooking fat: Very low fat,numeric,SCALE,NA,"[{""value"": ""-3.0"", ""label"": ""Unanswered (user not shown question)""}, {""value"": ""-1.0"", ""label"": ""Unanswered""}, {""value"": ""0.0"", ""label"": ""No""}, {""value"": ""1.0"", ""label"": ""Yes""}]"
352,B10ODQCMP3,Type of Polyunsaturated margarine (e.g. Flora) used as cooking fat: Low fat,numeric,SCALE,NA,"[{""value"": ""-3.0"", ""label"": ""Unanswered (user not shown question)""}, {""value"": ""-1.0"", ""label"": ""Unanswered""}, {""value"": ""0.0"", ""label"": ""No""}, {""value"": ""1.0"", ""label"": ""Yes""}]"
353,B10ODQCMP4,Type of Polyunsaturated margarine (e.g. Flora) used as cooking fat: Normal fat,numeric,SCALE,NA,"[{""value"": ""-3.0"", ""label"": ""Unanswered (user not shown question)""}, {""value"": ""-1.0"", ""label"": ""Unanswered""}, {""value"": ""0.0"", ""label"": ""No""}, {""value"": ""1.0"", ""label"": ""Yes""}]"
354,B10ODQCMP5,Type of Polyunsaturated margarine used as cooking fat: Cholesterol lowering,numeric,SCALE,NA,"[{""value"": ""-3.0"", ""label"": ""Unanswered (user not shown question)""}, {""value"": ""-1.0"", ""label"": ""Unanswered""}, {""value"": ""0.0"", ""label"": ""No""}, {""value"": ""1.0"", ""label"": ""Yes""}]"
355,B10ODQCMP6,Type of Polyunsaturated margarine (e.g. Flora) used as cooking fat: Don't know,numeric,SCALE,NA,"[{""value"": ""-3.0"", ""label"": ""Unanswered (user not shown question)""}, {""value"": ""-1.0"", ""label"": ""Unanswered""}, {""value"": ""0.0"", ""label"": ""No""}, {""value"": ""1.0"", ""label"": ""Yes""}]"
356,B10ODQCSD1,Used Dairy spread (e.g. Clover) as cooking fat,numeric,SCALE,NA,"[{""value"": ""-3.0"", ""label"": ""Unanswered (user not shown question)""}, {""value"": ""-1.0"", ""label"": ""Unanswered""}, {""value"": ""0.0"", ""label"": ""No""}, {""value"": ""1.0"", ""label"": ""Yes""}]"
357,B10ODQCSD2,Type of Dairy spread (e.g. Clover) used as cooking fat: Very low fat,numeric,SCALE,NA,"[{""value"": ""-3.0"", ""label"": ""Unanswered (user not shown question)""}, {""value"": ""-1.0"", ""label"": ""Unanswered""}, {""value"": ""0.0"", ""label"": ""No""}, {""value"": ""1.0"", ""label"": ""Yes""}]"
358,B10ODQCSD3,Type of Dairy spread (e.g. Clover) used as cooking fat: Low fat,numeric,SCALE,NA,"[{""value"": ""-3.0"", ""label"": ""Unanswered (user not shown question)""}, {""value"": ""-1.0"", ""label"": ""Unanswered""}, {""value"": ""0.0"", ""label"": ""No""}, {""value"": ""1.0"", ""label"": ""Yes""}]"
359,B10ODQCSD4,Type of Dairy spread (e.g. Clover) used as cooking fat: Normal fat,numeric,SCALE,NA,"[{""value"": ""-3.0"", ""label"": ""Unanswered (user not shown question)""}, {""value"": ""-1.0"", ""label"": ""Unanswered""}, {""value"": ""0.0"", ""label"": ""No""}, {""value"": ""1.0"", ""label"": ""Yes""}]"
360,B10ODQCSD5,Type of Dairy spread (e.g. Clover) used as cooking fat: Cholesterol lowering,numeric,SCALE,NA,"[{""value"": ""-3.0"", ""label"": ""Unanswered (user not shown question)""}, {""value"": ""-1.0"", ""label"": ""Unanswered""}, {""value"": ""0.0"", ""label"": ""No""}, {""value"": ""1.0"", ""label"": ""Yes""}]"
361,B10ODQCSD6,Type of Dairy spread (e.g. Clover) used as cooking fat: Don't know,numeric,SCALE,NA,"[{""value"": ""-3.0"", ""label"": ""Unanswered (user not shown question)""}, {""value"": ""-1.0"", ""label"": ""Unanswered""}, {""value"": ""0.0"", ""label"": ""No""}, {""value"": ""1.0"", ""label"": ""Yes""}]"
362,B10ODQCMS1,Used Soya/vegan/other milk-free margarine (e.g. Pure) as cooking fat,numeric,SCALE,NA,"[{""value"": ""-3.0"", ""label"": ""Unanswered (user not shown question)""}, {""value"": ""-1.0"", ""label"": ""Unanswered""}, {""value"": ""0.0"", ""label"": ""No""}, {""value"": ""1.0"", ""label"": ""Yes""}]"
363,B10ODQCMS2,Type of Soya/vegan/other milk-free margarine used as cooking fat: Very low fat,numeric,SCALE,NA,"[{""value"": ""-3.0"", ""label"": ""Unanswered (user not shown question)""}, {""value"": ""-1.0"", ""label"": ""Unanswered""}, {""value"": ""0.0"", ""label"": ""No""}, {""value"": ""1.0"", ""label"": ""Yes""}]"
364,B10ODQCMS3,Type of Soya/vegan/other milk-free margarine used as cooking fat: Low fat,numeric,SCALE,NA,"[{""value"": ""-3.0"", ""label"": ""Unanswered (user not shown question)""}, {""value"": ""-1.0"", ""label"": ""Unanswered""}, {""value"": ""0.0"", ""label"": ""No""}, {""value"": ""1.0"", ""label"": ""Yes""}]"
365,B10ODQCMS4,Type of Soya/vegan/other milk-free margarine used as cooking fat: Normal fat,numeric,SCALE,NA,"[{""value"": ""-3.0"", ""label"": ""Unanswered (user not shown question)""}, {""value"": ""-1.0"", ""label"": ""Unanswered""}, {""value"": ""0.0"", ""label"": ""No""}, {""value"": ""1.0"", ""label"": ""Yes""}]"
366,B10ODQCMS5,Type of Soya/vegan/milk-free margarine used as cook fat: Cholesterol lowering,numeric,SCALE,NA,"[{""value"": ""-3.0"", ""label"": ""Unanswered (user not shown question)""}, {""value"": ""-1.0"", ""label"": ""Unanswered""}, {""value"": ""0.0"", ""label"": ""No""}, {""value"": ""1.0"", ""label"": ""Yes""}]"
367,B10ODQCMS6,Type of Soya/vegan/other milk-free margarine used as cooking fat: Don't know,numeric,SCALE,NA,"[{""value"": ""-3.0"", ""label"": ""Unanswered (user not shown question)""}, {""value"": ""-1.0"", ""label"": ""Unanswered""}, {""value"": ""0.0"", ""label"": ""No""}, {""value"": ""1.0"", ""label"": ""Yes""}]"
368,B10ODQCSN1,Used Unknown/other soft margarine as cooking fat,numeric,SCALE,NA,"[{""value"": ""-3.0"", ""label"": ""Unanswered (user not shown question)""}, {""value"": ""-1.0"", ""label"": ""Unanswered""}, {""value"": ""0.0"", ""label"": ""No""}, {""value"": ""1.0"", ""label"": ""Yes""}]"
369,B10ODQCSN2,Type of Unknown/other soft margarine used as cooking fat: Very low fat,numeric,SCALE,NA,"[{""value"": ""-3.0"", ""label"": ""Unanswered (user not shown question)""}, {""value"": ""-1.0"", ""label"": ""Unanswered""}, {""value"": ""0.0"", ""label"": ""No""}, {""value"": ""1.0"", ""label"": ""Yes""}]"
370,B10ODQCSN3,Type of Unknown/other soft margarine used as cooking fat: Low fat,numeric,SCALE,NA,"[{""value"": ""-3.0"", ""label"": ""Unanswered (user not shown question)""}, {""value"": ""-1.0"", ""label"": ""Unanswered""}, {""value"": ""0.0"", ""label"": ""No""}, {""value"": ""1.0"", ""label"": ""Yes""}]"
371,B10ODQCSN4,Type of Unknown/other soft margarine used as cooking fat: Normal fat,numeric,SCALE,NA,"[{""value"": ""-3.0"", ""label"": ""Unanswered (user not shown question)""}, {""value"": ""-1.0"", ""label"": ""Unanswered""}, {""value"": ""0.0"", ""label"": ""No""}, {""value"": ""1.0"", ""label"": ""Yes""}]"
372,B10ODQCSN5,Type of Unknown/other soft margarine used as cooking fat: Cholesterol lowering,numeric,SCALE,NA,"[{""value"": ""-3.0"", ""label"": ""Unanswered (user not shown question)""}, {""value"": ""-1.0"", ""label"": ""Unanswered""}, {""value"": ""0.0"", ""label"": ""No""}, {""value"": ""1.0"", ""label"": ""Yes""}]"
373,B10ODQCSN6,Type of Unknown/other soft margarine used as cooking fat: Don't know,numeric,SCALE,NA,"[{""value"": ""-3.0"", ""label"": ""Unanswered (user not shown question)""}, {""value"": ""-1.0"", ""label"": ""Unanswered""}, {""value"": ""0.0"", ""label"": ""No""}, {""value"": ""1.0"", ""label"": ""Yes""}]"
374,B10ODQCKMH,"Used Hard margarine (in wrapper, not tub) as cooking fat",numeric,SCALE,NA,"[{""value"": ""-3.0"", ""label"": ""Unanswered (user not shown question)""}, {""value"": ""-1.0"", ""label"": ""Unanswered""}, {""value"": ""0.0"", ""label"": ""No""}, {""value"": ""1.0"", ""label"": ""Yes""}]"
375,B10ODQCKFO,Used Other type of cooking fat,numeric,SCALE,NA,"[{""value"": ""-3.0"", ""label"": ""Unanswered (user not shown question)""}, {""value"": ""-1.0"", ""label"": ""Unanswered""}, {""value"": ""0.0"", ""label"": ""No""}, {""value"": ""1.0"", ""label"": ""Yes""}]"
376,B10ODQCKFN,None - no fats or oils were used in cooking yesterday.,numeric,SCALE,NA,"[{""value"": ""-3.0"", ""label"": ""Unanswered (user not shown question)""}, {""value"": ""-1.0"", ""label"": ""Unanswered""}, {""value"": ""0.0"", ""label"": ""No""}, {""value"": ""1.0"", ""label"": ""Yes""}]"
377,B10ODQVEG,"Did you eat any beans, lentils, potatoes or vegetables yesterday?",numeric,NOMINAL,NA,"[{""value"": ""-3.0"", ""label"": ""Unanswered (user not shown question)""}, {""value"": ""-1.0"", ""label"": ""Unanswered""}, {""value"": ""0.0"", ""label"": ""No""}, {""value"": ""1.0"", ""label"": ""Yes""}]"
378,B10ODQVG01,Serving(s) of Beans (baked beans) consumed,numeric,SCALE,NA,"[{""value"": ""-3.0"", ""label"": ""Unanswered (user not shown question)""}, {""value"": ""-1.0"", ""label"": ""Unanswered""}, {""value"": ""0.0"", ""label"": ""None""}, {""value"": ""1.0"", ""label"": ""1""}, {""value"": ""2.0"", ""label"": ""2""}, {""value"": ""3.0"", ""label"": ""3""}, {""value"": ""4.0"", ""label"": ""4""}, {""value"": ""5.0"", ""label"": ""5""}, {""value"": ""6.0"", ""label"": ""6""}, {""value"": ""200.0"", ""label"": ""(2+) 2 or more""}, {""value"": ""300.0"", ""label"": ""(3+) 3 or more""}, {""value"": ""400.0"", ""label"": ""(4+) 4 or more""}, {""value"": ""444.0"", ""label"": ""1/4 (quarter)""}, {""value"": ""500.0"", ""label"": ""(5+) 5 or more""}, {""value"": ""555.0"", ""label"": ""1/2 (half)""}, {""value"": ""600.0"", ""label"": ""(6+) 6 or more""}]"
379,B10ODQVG02,Serving(s) of Other beans (kidney/chick peas/butter beans) or lentils consumed,numeric,SCALE,NA,"[{""value"": ""-3.0"", ""label"": ""Unanswered (user not shown question)""}, {""value"": ""-1.0"", ""label"": ""Unanswered""}, {""value"": ""0.0"", ""label"": ""None""}, {""value"": ""1.0"", ""label"": ""1""}, {""value"": ""2.0"", ""label"": ""2""}, {""value"": ""3.0"", ""label"": ""3""}, {""value"": ""4.0"", ""label"": ""4""}, {""value"": ""5.0"", ""label"": ""5""}, {""value"": ""6.0"", ""label"": ""6""}, {""value"": ""200.0"", ""label"": ""(2+) 2 or more""}, {""value"": ""300.0"", ""label"": ""(3+) 3 or more""}, {""value"": ""400.0"", ""label"": ""(4+) 4 or more""}, {""value"": ""444.0"", ""label"": ""1/4 (quarter)""}, {""value"": ""500.0"", ""label"": ""(5+) 5 or more""}, {""value"": ""555.0"", ""label"": ""1/2 (half)""}, {""value"": ""600.0"", ""label"": ""(6+) 6 or more""}]"
380,B10ODQVG03,"Serving(s) of Potatoes (fried, chips, wedges, roast) consumed",numeric,SCALE,NA,"[{""value"": ""-3.0"", ""label"": ""Unanswered (user not shown question)""}, {""value"": ""-1.0"", ""label"": ""Unanswered""}, {""value"": ""0.0"", ""label"": ""None""}, {""value"": ""1.0"", ""label"": ""1""}, {""value"": ""2.0"", ""label"": ""2""}, {""value"": ""3.0"", ""label"": ""3""}, {""value"": ""4.0"", ""label"": ""4""}, {""value"": ""5.0"", ""label"": ""5""}, {""value"": ""6.0"", ""label"": ""6""}, {""value"": ""200.0"", ""label"": ""(2+) 2 or more""}, {""value"": ""300.0"", ""label"": ""(3+) 3 or more""}, {""value"": ""400.0"", ""label"": ""(4+) 4 or more""}, {""value"": ""444.0"", ""label"": ""1/4 (quarter)""}, {""value"": ""500.0"", ""label"": ""(5+) 5 or more""}, {""value"": ""555.0"", ""label"": ""1/2 (half)""}, {""value"": ""600.0"", ""label"": ""(6+) 6 or more""}]"
381,B10ODQVG04,"Serving(s) of Potatoes (baked, boiled) consumed",numeric,SCALE,NA,"[{""value"": ""-3.0"", ""label"": ""Unanswered (user not shown question)""}, {""value"": ""-1.0"", ""label"": ""Unanswered""}, {""value"": ""0.0"", ""label"": ""None""}, {""value"": ""1.0"", ""label"": ""1""}, {""value"": ""2.0"", ""label"": ""2""}, {""value"": ""3.0"", ""label"": ""3""}, {""value"": ""4.0"", ""label"": ""4""}, {""value"": ""5.0"", ""label"": ""5""}, {""value"": ""6.0"", ""label"": ""6""}, {""value"": ""200.0"", ""label"": ""(2+) 2 or more""}, {""value"": ""300.0"", ""label"": ""(3+) 3 or more""}, {""value"": ""400.0"", ""label"": ""(4+) 4 or more""}, {""value"": ""444.0"", ""label"": ""1/4 (quarter)""}, {""value"": ""500.0"", ""label"": ""(5+) 5 or more""}, {""value"": ""555.0"", ""label"": ""1/2 (half)""}, {""value"": ""600.0"", ""label"": ""(6+) 6 or more""}]"
382,B10ODQVG05,Added butter or margarine to potato,numeric,SCALE,NA,"[{""value"": ""-3.0"", ""label"": ""Unanswered (user not shown question)""}, {""value"": ""-1.0"", ""label"": ""Unanswered""}, {""value"": ""0.0"", ""label"": ""No""}, {""value"": ""1.0"", ""label"": ""Yes""}]"
383,B10ODQVG06,Serving(s) of Potatoes (mashed) consumed,numeric,SCALE,NA,"[{""value"": ""-3.0"", ""label"": ""Unanswered (user not shown question)""}, {""value"": ""-1.0"", ""label"": ""Unanswered""}, {""value"": ""0.0"", ""label"": ""None""}, {""value"": ""1.0"", ""label"": ""1""}, {""value"": ""2.0"", ""label"": ""2""}, {""value"": ""3.0"", ""label"": ""3""}, {""value"": ""4.0"", ""label"": ""4""}, {""value"": ""5.0"", ""label"": ""5""}, {""value"": ""6.0"", ""label"": ""6""}, {""value"": ""200.0"", ""label"": ""(2+) 2 or more""}, {""value"": ""300.0"", ""label"": ""(3+) 3 or more""}, {""value"": ""400.0"", ""label"": ""(4+) 4 or more""}, {""value"": ""444.0"", ""label"": ""1/4 (quarter)""}, {""value"": ""500.0"", ""label"": ""(5+) 5 or more""}, {""value"": ""555.0"", ""label"": ""1/2 (half)""}, {""value"": ""600.0"", ""label"": ""(6+) 6 or more""}]"
384,B10ODQVG07,Serving(s) of Mixed vegetables (e.g. frozen mixed veg) consumed,numeric,SCALE,NA,"[{""value"": ""-3.0"", ""label"": ""Unanswered (user not shown question)""}, {""value"": ""-1.0"", ""label"": ""Unanswered""}, {""value"": ""0.0"", ""label"": ""None""}, {""value"": ""1.0"", ""label"": ""1""}, {""value"": ""2.0"", ""label"": ""2""}, {""value"": ""3.0"", ""label"": ""3""}, {""value"": ""4.0"", ""label"": ""4""}, {""value"": ""5.0"", ""label"": ""5""}, {""value"": ""6.0"", ""label"": ""6""}, {""value"": ""200.0"", ""label"": ""(2+) 2 or more""}, {""value"": ""300.0"", ""label"": ""(3+) 3 or more""}, {""value"": ""400.0"", ""label"": ""(4+) 4 or more""}, {""value"": ""444.0"", ""label"": ""1/4 (quarter)""}, {""value"": ""500.0"", ""label"": ""(5+) 5 or more""}, {""value"": ""555.0"", ""label"": ""1/2 (half)""}, {""value"": ""600.0"", ""label"": ""(6+) 6 or more""}]"
385,B10ODQVG08,Serving(s) of Vegetable pieces (too small to count as individual veg) consumed,numeric,SCALE,NA,"[{""value"": ""-3.0"", ""label"": ""Unanswered (user not shown question)""}, {""value"": ""-1.0"", ""label"": ""Unanswered""}, {""value"": ""0.0"", ""label"": ""None""}, {""value"": ""1.0"", ""label"": ""1""}, {""value"": ""2.0"", ""label"": ""2""}, {""value"": ""3.0"", ""label"": ""3""}, {""value"": ""4.0"", ""label"": ""4""}, {""value"": ""5.0"", ""label"": ""5""}, {""value"": ""6.0"", ""label"": ""6""}, {""value"": ""200.0"", ""label"": ""(2+) 2 or more""}, {""value"": ""300.0"", ""label"": ""(3+) 3 or more""}, {""value"": ""400.0"", ""label"": ""(4+) 4 or more""}, {""value"": ""444.0"", ""label"": ""1/4 (quarter)""}, {""value"": ""500.0"", ""label"": ""(5+) 5 or more""}, {""value"": ""555.0"", ""label"": ""1/2 (half)""}, {""value"": ""600.0"", ""label"": ""(6+) 6 or more""}]"
386,B10ODQVG09,Serving(s) of Coleslaw or other salad vegetables in mayonnaise consumed,numeric,SCALE,NA,"[{""value"": ""-3.0"", ""label"": ""Unanswered (user not shown question)""}, {""value"": ""-1.0"", ""label"": ""Unanswered""}, {""value"": ""0.0"", ""label"": ""None""}, {""value"": ""1.0"", ""label"": ""1""}, {""value"": ""2.0"", ""label"": ""2""}, {""value"": ""3.0"", ""label"": ""3""}, {""value"": ""4.0"", ""label"": ""4""}, {""value"": ""5.0"", ""label"": ""5""}, {""value"": ""6.0"", ""label"": ""6""}, {""value"": ""200.0"", ""label"": ""(2+) 2 or more""}, {""value"": ""300.0"", ""label"": ""(3+) 3 or more""}, {""value"": ""400.0"", ""label"": ""(4+) 4 or more""}, {""value"": ""444.0"", ""label"": ""1/4 (quarter)""}, {""value"": ""500.0"", ""label"": ""(5+) 5 or more""}, {""value"": ""555.0"", ""label"": ""1/2 (half)""}, {""value"": ""600.0"", ""label"": ""(6+) 6 or more""}]"
387,B10ODQVG10,Serving(s) of Mixed side salad consumed,numeric,SCALE,NA,"[{""value"": ""-3.0"", ""label"": ""Unanswered (user not shown question)""}, {""value"": ""-1.0"", ""label"": ""Unanswered""}, {""value"": ""0.0"", ""label"": ""None""}, {""value"": ""1.0"", ""label"": ""1""}, {""value"": ""2.0"", ""label"": ""2""}, {""value"": ""3.0"", ""label"": ""3""}, {""value"": ""4.0"", ""label"": ""4""}, {""value"": ""5.0"", ""label"": ""5""}, {""value"": ""6.0"", ""label"": ""6""}, {""value"": ""200.0"", ""label"": ""(2+) 2 or more""}, {""value"": ""300.0"", ""label"": ""(3+) 3 or more""}, {""value"": ""400.0"", ""label"": ""(4+) 4 or more""}, {""value"": ""444.0"", ""label"": ""1/4 (quarter)""}, {""value"": ""500.0"", ""label"": ""(5+) 5 or more""}, {""value"": ""555.0"", ""label"": ""1/2 (half)""}, {""value"": ""600.0"", ""label"": ""(6+) 6 or more""}]"
388,B10ODQVG11,Number of Avocado(s) consumed,numeric,SCALE,NA,"[{""value"": ""-3.0"", ""label"": ""Unanswered (user not shown question)""}, {""value"": ""-1.0"", ""label"": ""Unanswered""}, {""value"": ""0.0"", ""label"": ""None""}, {""value"": ""1.0"", ""label"": ""1""}, {""value"": ""2.0"", ""label"": ""2""}, {""value"": ""3.0"", ""label"": ""3""}, {""value"": ""4.0"", ""label"": ""4""}, {""value"": ""5.0"", ""label"": ""5""}, {""value"": ""6.0"", ""label"": ""6""}, {""value"": ""200.0"", ""label"": ""(2+) 2 or more""}, {""value"": ""300.0"", ""label"": ""(3+) 3 or more""}, {""value"": ""400.0"", ""label"": ""(4+) 4 or more""}, {""value"": ""444.0"", ""label"": ""1/4 (quarter)""}, {""value"": ""500.0"", ""label"": ""(5+) 5 or more""}, {""value"": ""555.0"", ""label"": ""1/2 (half)""}, {""value"": ""600.0"", ""label"": ""(6+) 6 or more""}]"
389,B10ODQVG12,Serving(s) of Beans (broad beans) consumed,numeric,SCALE,NA,"[{""value"": ""-3.0"", ""label"": ""Unanswered (user not shown question)""}, {""value"": ""-1.0"", ""label"": ""Unanswered""}, {""value"": ""0.0"", ""label"": ""None""}, {""value"": ""1.0"", ""label"": ""1""}, {""value"": ""2.0"", ""label"": ""2""}, {""value"": ""3.0"", ""label"": ""3""}, {""value"": ""4.0"", ""label"": ""4""}, {""value"": ""5.0"", ""label"": ""5""}, {""value"": ""6.0"", ""label"": ""6""}, {""value"": ""200.0"", ""label"": ""(2+) 2 or more""}, {""value"": ""300.0"", ""label"": ""(3+) 3 or more""}, {""value"": ""400.0"", ""label"": ""(4+) 4 or more""}, {""value"": ""444.0"", ""label"": ""1/4 (quarter)""}, {""value"": ""500.0"", ""label"": ""(5+) 5 or more""}, {""value"": ""555.0"", ""label"": ""1/2 (half)""}, {""value"": ""600.0"", ""label"": ""(6+) 6 or more""}]"
390,B10ODQVG13,"Serving(s) of Beans (green, French, runner) consumed",numeric,SCALE,NA,"[{""value"": ""-3.0"", ""label"": ""Unanswered (user not shown question)""}, {""value"": ""-1.0"", ""label"": ""Unanswered""}, {""value"": ""0.0"", ""label"": ""None""}, {""value"": ""1.0"", ""label"": ""1""}, {""value"": ""2.0"", ""label"": ""2""}, {""value"": ""3.0"", ""label"": ""3""}, {""value"": ""4.0"", ""label"": ""4""}, {""value"": ""5.0"", ""label"": ""5""}, {""value"": ""6.0"", ""label"": ""6""}, {""value"": ""200.0"", ""label"": ""(2+) 2 or more""}, {""value"": ""300.0"", ""label"": ""(3+) 3 or more""}, {""value"": ""400.0"", ""label"": ""(4+) 4 or more""}, {""value"": ""444.0"", ""label"": ""1/4 (quarter)""}, {""value"": ""500.0"", ""label"": ""(5+) 5 or more""}, {""value"": ""555.0"", ""label"": ""1/2 (half)""}, {""value"": ""600.0"", ""label"": ""(6+) 6 or more""}]"
391,B10ODQVG14,Serving(s) of Beetroot consumed,numeric,SCALE,NA,"[{""value"": ""-3.0"", ""label"": ""Unanswered (user not shown question)""}, {""value"": ""-1.0"", ""label"": ""Unanswered""}, {""value"": ""0.0"", ""label"": ""None""}, {""value"": ""1.0"", ""label"": ""1""}, {""value"": ""2.0"", ""label"": ""2""}, {""value"": ""3.0"", ""label"": ""3""}, {""value"": ""4.0"", ""label"": ""4""}, {""value"": ""5.0"", ""label"": ""5""}, {""value"": ""6.0"", ""label"": ""6""}, {""value"": ""200.0"", ""label"": ""(2+) 2 or more""}, {""value"": ""300.0"", ""label"": ""(3+) 3 or more""}, {""value"": ""400.0"", ""label"": ""(4+) 4 or more""}, {""value"": ""444.0"", ""label"": ""1/4 (quarter)""}, {""value"": ""500.0"", ""label"": ""(5+) 5 or more""}, {""value"": ""555.0"", ""label"": ""1/2 (half)""}, {""value"": ""600.0"", ""label"": ""(6+) 6 or more""}]"
392,B10ODQVG15,Serving(s) of Broccoli consumed,numeric,SCALE,NA,"[{""value"": ""-3.0"", ""label"": ""Unanswered (user not shown question)""}, {""value"": ""-1.0"", ""label"": ""Unanswered""}, {""value"": ""0.0"", ""label"": ""None""}, {""value"": ""1.0"", ""label"": ""1""}, {""value"": ""2.0"", ""label"": ""2""}, {""value"": ""3.0"", ""label"": ""3""}, {""value"": ""4.0"", ""label"": ""4""}, {""value"": ""5.0"", ""label"": ""5""}, {""value"": ""6.0"", ""label"": ""6""}, {""value"": ""200.0"", ""label"": ""(2+) 2 or more""}, {""value"": ""300.0"", ""label"": ""(3+) 3 or more""}, {""value"": ""400.0"", ""label"": ""(4+) 4 or more""}, {""value"": ""444.0"", ""label"": ""1/4 (quarter)""}, {""value"": ""500.0"", ""label"": ""(5+) 5 or more""}, {""value"": ""555.0"", ""label"": ""1/2 (half)""}, {""value"": ""600.0"", ""label"": ""(6+) 6 or more""}]"
393,B10ODQVG16,Serving(s) of Butternut squash consumed,numeric,SCALE,NA,"[{""value"": ""-3.0"", ""label"": ""Unanswered (user not shown question)""}, {""value"": ""-1.0"", ""label"": ""Unanswered""}, {""value"": ""0.0"", ""label"": ""None""}, {""value"": ""1.0"", ""label"": ""1""}, {""value"": ""2.0"", ""label"": ""2""}, {""value"": ""3.0"", ""label"": ""3""}, {""value"": ""4.0"", ""label"": ""4""}, {""value"": ""5.0"", ""label"": ""5""}, {""value"": ""6.0"", ""label"": ""6""}, {""value"": ""200.0"", ""label"": ""(2+) 2 or more""}, {""value"": ""300.0"", ""label"": ""(3+) 3 or more""}, {""value"": ""400.0"", ""label"": ""(4+) 4 or more""}, {""value"": ""444.0"", ""label"": ""1/4 (quarter)""}, {""value"": ""500.0"", ""label"": ""(5+) 5 or more""}, {""value"": ""555.0"", ""label"": ""1/2 (half)""}, {""value"": ""600.0"", ""label"": ""(6+) 6 or more""}]"
394,B10ODQVG17,"Serving(s) of Cabbage, greens, kale consumed",numeric,SCALE,NA,"[{""value"": ""-3.0"", ""label"": ""Unanswered (user not shown question)""}, {""value"": ""-1.0"", ""label"": ""Unanswered""}, {""value"": ""0.0"", ""label"": ""None""}, {""value"": ""1.0"", ""label"": ""1""}, {""value"": ""2.0"", ""label"": ""2""}, {""value"": ""3.0"", ""label"": ""3""}, {""value"": ""4.0"", ""label"": ""4""}, {""value"": ""5.0"", ""label"": ""5""}, {""value"": ""6.0"", ""label"": ""6""}, {""value"": ""200.0"", ""label"": ""(2+) 2 or more""}, {""value"": ""300.0"", ""label"": ""(3+) 3 or more""}, {""value"": ""400.0"", ""label"": ""(4+) 4 or more""}, {""value"": ""444.0"", ""label"": ""1/4 (quarter)""}, {""value"": ""500.0"", ""label"": ""(5+) 5 or more""}, {""value"": ""555.0"", ""label"": ""1/2 (half)""}, {""value"": ""600.0"", ""label"": ""(6+) 6 or more""}]"
395,B10ODQVG18,"Serving(s) of Carrots (fresh, frozen, raw, cooked) consumed",numeric,SCALE,NA,"[{""value"": ""-3.0"", ""label"": ""Unanswered (user not shown question)""}, {""value"": ""-1.0"", ""label"": ""Unanswered""}, {""value"": ""0.0"", ""label"": ""None""}, {""value"": ""1.0"", ""label"": ""1""}, {""value"": ""2.0"", ""label"": ""2""}, {""value"": ""3.0"", ""label"": ""3""}, {""value"": ""4.0"", ""label"": ""4""}, {""value"": ""5.0"", ""label"": ""5""}, {""value"": ""6.0"", ""label"": ""6""}, {""value"": ""200.0"", ""label"": ""(2+) 2 or more""}, {""value"": ""300.0"", ""label"": ""(3+) 3 or more""}, {""value"": ""400.0"", ""label"": ""(4+) 4 or more""}, {""value"": ""444.0"", ""label"": ""1/4 (quarter)""}, {""value"": ""500.0"", ""label"": ""(5+) 5 or more""}, {""value"": ""555.0"", ""label"": ""1/2 (half)""}, {""value"": ""600.0"", ""label"": ""(6+) 6 or more""}]"
396,B10ODQVG19,Serving(s) of Cauliflower consumed,numeric,SCALE,NA,"[{""value"": ""-3.0"", ""label"": ""Unanswered (user not shown question)""}, {""value"": ""-1.0"", ""label"": ""Unanswered""}, {""value"": ""0.0"", ""label"": ""None""}, {""value"": ""1.0"", ""label"": ""1""}, {""value"": ""2.0"", ""label"": ""2""}, {""value"": ""3.0"", ""label"": ""3""}, {""value"": ""4.0"", ""label"": ""4""}, {""value"": ""5.0"", ""label"": ""5""}, {""value"": ""6.0"", ""label"": ""6""}, {""value"": ""200.0"", ""label"": ""(2+) 2 or more""}, {""value"": ""300.0"", ""label"": ""(3+) 3 or more""}, {""value"": ""400.0"", ""label"": ""(4+) 4 or more""}, {""value"": ""444.0"", ""label"": ""1/4 (quarter)""}, {""value"": ""500.0"", ""label"": ""(5+) 5 or more""}, {""value"": ""555.0"", ""label"": ""1/2 (half)""}, {""value"": ""600.0"", ""label"": ""(6+) 6 or more""}]"
397,B10ODQVG20,Stick(s) of Celery consumed,numeric,SCALE,NA,"[{""value"": ""-3.0"", ""label"": ""Unanswered (user not shown question)""}, {""value"": ""-1.0"", ""label"": ""Unanswered""}, {""value"": ""0.0"", ""label"": ""None""}, {""value"": ""1.0"", ""label"": ""1""}, {""value"": ""2.0"", ""label"": ""2""}, {""value"": ""3.0"", ""label"": ""3""}, {""value"": ""4.0"", ""label"": ""4""}, {""value"": ""5.0"", ""label"": ""5""}, {""value"": ""6.0"", ""label"": ""6""}, {""value"": ""200.0"", ""label"": ""(2+) 2 or more""}, {""value"": ""300.0"", ""label"": ""(3+) 3 or more""}, {""value"": ""400.0"", ""label"": ""(4+) 4 or more""}, {""value"": ""444.0"", ""label"": ""1/4 (quarter)""}, {""value"": ""500.0"", ""label"": ""(5+) 5 or more""}, {""value"": ""555.0"", ""label"": ""1/2 (half)""}, {""value"": ""600.0"", ""label"": ""(6+) 6 or more""}]"
398,B10ODQVG21,Serving(s) of Courgette consumed,numeric,SCALE,NA,"[{""value"": ""-3.0"", ""label"": ""Unanswered (user not shown question)""}, {""value"": ""-1.0"", ""label"": ""Unanswered""}, {""value"": ""0.0"", ""label"": ""None""}, {""value"": ""1.0"", ""label"": ""1""}, {""value"": ""2.0"", ""label"": ""2""}, {""value"": ""3.0"", ""label"": ""3""}, {""value"": ""4.0"", ""label"": ""4""}, {""value"": ""5.0"", ""label"": ""5""}, {""value"": ""6.0"", ""label"": ""6""}, {""value"": ""200.0"", ""label"": ""(2+) 2 or more""}, {""value"": ""300.0"", ""label"": ""(3+) 3 or more""}, {""value"": ""400.0"", ""label"": ""(4+) 4 or more""}, {""value"": ""444.0"", ""label"": ""1/4 (quarter)""}, {""value"": ""500.0"", ""label"": ""(5+) 5 or more""}, {""value"": ""555.0"", ""label"": ""1/2 (half)""}, {""value"": ""600.0"", ""label"": ""(6+) 6 or more""}]"
399,B10ODQVG22,1 inch / 2½cm portion(s) of Cucumber consumed,numeric,SCALE,NA,"[{""value"": ""-3.0"", ""label"": ""Unanswered (user not shown question)""}, {""value"": ""-1.0"", ""label"": ""Unanswered""}, {""value"": ""0.0"", ""label"": ""None""}, {""value"": ""1.0"", ""label"": ""1""}, {""value"": ""2.0"", ""label"": ""2""}, {""value"": ""3.0"", ""label"": ""3""}, {""value"": ""4.0"", ""label"": ""4""}, {""value"": ""5.0"", ""label"": ""5""}, {""value"": ""6.0"", ""label"": ""6""}, {""value"": ""200.0"", ""label"": ""(2+) 2 or more""}, {""value"": ""300.0"", ""label"": ""(3+) 3 or more""}, {""value"": ""400.0"", ""label"": ""(4+) 4 or more""}, {""value"": ""444.0"", ""label"": ""1/4 (quarter)""}, {""value"": ""500.0"", ""label"": ""(5+) 5 or more""}, {""value"": ""555.0"", ""label"": ""1/2 (half)""}, {""value"": ""600.0"", ""label"": ""(6+) 6 or more""}]"
400,B10ODQVG23,Clove(s) of Garlic consumed,numeric,SCALE,NA,"[{""value"": ""-3.0"", ""label"": ""Unanswered (user not shown question)""}, {""value"": ""-1.0"", ""label"": ""Unanswered""}, {""value"": ""0.0"", ""label"": ""None""}, {""value"": ""1.0"", ""label"": ""1""}, {""value"": ""2.0"", ""label"": ""2""}, {""value"": ""3.0"", ""label"": ""3""}, {""value"": ""4.0"", ""label"": ""4""}, {""value"": ""5.0"", ""label"": ""5""}, {""value"": ""6.0"", ""label"": ""6""}, {""value"": ""200.0"", ""label"": ""(2+) 2 or more""}, {""value"": ""300.0"", ""label"": ""(3+) 3 or more""}, {""value"": ""400.0"", ""label"": ""(4+) 4 or more""}, {""value"": ""444.0"", ""label"": ""1/4 (quarter)""}, {""value"": ""500.0"", ""label"": ""(5+) 5 or more""}, {""value"": ""555.0"", ""label"": ""1/2 (half)""}, {""value"": ""600.0"", ""label"": ""(6+) 6 or more""}]"
401,B10ODQVG24,Serving(s) of Leeks consumed,numeric,SCALE,NA,"[{""value"": ""-3.0"", ""label"": ""Unanswered (user not shown question)""}, {""value"": ""-1.0"", ""label"": ""Unanswered""}, {""value"": ""0.0"", ""label"": ""None""}, {""value"": ""1.0"", ""label"": ""1""}, {""value"": ""2.0"", ""label"": ""2""}, {""value"": ""3.0"", ""label"": ""3""}, {""value"": ""4.0"", ""label"": ""4""}, {""value"": ""5.0"", ""label"": ""5""}, {""value"": ""6.0"", ""label"": ""6""}, {""value"": ""200.0"", ""label"": ""(2+) 2 or more""}, {""value"": ""300.0"", ""label"": ""(3+) 3 or more""}, {""value"": ""400.0"", ""label"": ""(4+) 4 or more""}, {""value"": ""444.0"", ""label"": ""1/4 (quarter)""}, {""value"": ""500.0"", ""label"": ""(5+) 5 or more""}, {""value"": ""555.0"", ""label"": ""1/2 (half)""}, {""value"": ""600.0"", ""label"": ""(6+) 6 or more""}]"
402,B10ODQVG25,Serving(s) of Lettuce consumed,numeric,SCALE,NA,"[{""value"": ""-3.0"", ""label"": ""Unanswered (user not shown question)""}, {""value"": ""-1.0"", ""label"": ""Unanswered""}, {""value"": ""0.0"", ""label"": ""None""}, {""value"": ""1.0"", ""label"": ""1""}, {""value"": ""2.0"", ""label"": ""2""}, {""value"": ""3.0"", ""label"": ""3""}, {""value"": ""4.0"", ""label"": ""4""}, {""value"": ""5.0"", ""label"": ""5""}, {""value"": ""6.0"", ""label"": ""6""}, {""value"": ""200.0"", ""label"": ""(2+) 2 or more""}, {""value"": ""300.0"", ""label"": ""(3+) 3 or more""}, {""value"": ""400.0"", ""label"": ""(4+) 4 or more""}, {""value"": ""444.0"", ""label"": ""1/4 (quarter)""}, {""value"": ""500.0"", ""label"": ""(5+) 5 or more""}, {""value"": ""555.0"", ""label"": ""1/2 (half)""}, {""value"": ""600.0"", ""label"": ""(6+) 6 or more""}]"
403,B10ODQVG26,Serving(s) of Mushrooms consumed,numeric,SCALE,NA,"[{""value"": ""-3.0"", ""label"": ""Unanswered (user not shown question)""}, {""value"": ""-1.0"", ""label"": ""Unanswered""}, {""value"": ""0.0"", ""label"": ""None""}, {""value"": ""1.0"", ""label"": ""1""}, {""value"": ""2.0"", ""label"": ""2""}, {""value"": ""3.0"", ""label"": ""3""}, {""value"": ""4.0"", ""label"": ""4""}, {""value"": ""5.0"", ""label"": ""5""}, {""value"": ""6.0"", ""label"": ""6""}, {""value"": ""200.0"", ""label"": ""(2+) 2 or more""}, {""value"": ""300.0"", ""label"": ""(3+) 3 or more""}, {""value"": ""400.0"", ""label"": ""(4+) 4 or more""}, {""value"": ""444.0"", ""label"": ""1/4 (quarter)""}, {""value"": ""500.0"", ""label"": ""(5+) 5 or more""}, {""value"": ""555.0"", ""label"": ""1/2 (half)""}, {""value"": ""600.0"", ""label"": ""(6+) 6 or more""}]"
404,B10ODQVG27,"Serving(s) of Onion (red, white, pickled, shallots, spring) consumed",numeric,SCALE,NA,"[{""value"": ""-3.0"", ""label"": ""Unanswered (user not shown question)""}, {""value"": ""-1.0"", ""label"": ""Unanswered""}, {""value"": ""0.0"", ""label"": ""None""}, {""value"": ""1.0"", ""label"": ""1""}, {""value"": ""2.0"", ""label"": ""2""}, {""value"": ""3.0"", ""label"": ""3""}, {""value"": ""4.0"", ""label"": ""4""}, {""value"": ""5.0"", ""label"": ""5""}, {""value"": ""6.0"", ""label"": ""6""}, {""value"": ""200.0"", ""label"": ""(2+) 2 or more""}, {""value"": ""300.0"", ""label"": ""(3+) 3 or more""}, {""value"": ""400.0"", ""label"": ""(4+) 4 or more""}, {""value"": ""444.0"", ""label"": ""1/4 (quarter)""}, {""value"": ""500.0"", ""label"": ""(5+) 5 or more""}, {""value"": ""555.0"", ""label"": ""1/2 (half)""}, {""value"": ""600.0"", ""label"": ""(6+) 6 or more""}]"
405,B10ODQVG28,Serving(s) of Parsnip consumed,numeric,SCALE,NA,"[{""value"": ""-3.0"", ""label"": ""Unanswered (user not shown question)""}, {""value"": ""-1.0"", ""label"": ""Unanswered""}, {""value"": ""0.0"", ""label"": ""None""}, {""value"": ""1.0"", ""label"": ""1""}, {""value"": ""2.0"", ""label"": ""2""}, {""value"": ""3.0"", ""label"": ""3""}, {""value"": ""4.0"", ""label"": ""4""}, {""value"": ""5.0"", ""label"": ""5""}, {""value"": ""6.0"", ""label"": ""6""}, {""value"": ""200.0"", ""label"": ""(2+) 2 or more""}, {""value"": ""300.0"", ""label"": ""(3+) 3 or more""}, {""value"": ""400.0"", ""label"": ""(4+) 4 or more""}, {""value"": ""444.0"", ""label"": ""1/4 (quarter)""}, {""value"": ""500.0"", ""label"": ""(5+) 5 or more""}, {""value"": ""555.0"", ""label"": ""1/2 (half)""}, {""value"": ""600.0"", ""label"": ""(6+) 6 or more""}]"
406,B10ODQVG29,"Serving(s) of Peas (frozen, fresh, tinned) consumed",numeric,SCALE,NA,"[{""value"": ""-3.0"", ""label"": ""Unanswered (user not shown question)""}, {""value"": ""-1.0"", ""label"": ""Unanswered""}, {""value"": ""0.0"", ""label"": ""None""}, {""value"": ""1.0"", ""label"": ""1""}, {""value"": ""2.0"", ""label"": ""2""}, {""value"": ""3.0"", ""label"": ""3""}, {""value"": ""4.0"", ""label"": ""4""}, {""value"": ""5.0"", ""label"": ""5""}, {""value"": ""6.0"", ""label"": ""6""}, {""value"": ""200.0"", ""label"": ""(2+) 2 or more""}, {""value"": ""300.0"", ""label"": ""(3+) 3 or more""}, {""value"": ""400.0"", ""label"": ""(4+) 4 or more""}, {""value"": ""444.0"", ""label"": ""1/4 (quarter)""}, {""value"": ""500.0"", ""label"": ""(5+) 5 or more""}, {""value"": ""555.0"", ""label"": ""1/2 (half)""}, {""value"": ""600.0"", ""label"": ""(6+) 6 or more""}]"
407,B10ODQVG30,Number of Peppers (sweet) consumed,numeric,SCALE,NA,"[{""value"": ""-3.0"", ""label"": ""Unanswered (user not shown question)""}, {""value"": ""-1.0"", ""label"": ""Unanswered""}, {""value"": ""0.0"", ""label"": ""None""}, {""value"": ""1.0"", ""label"": ""1""}, {""value"": ""2.0"", ""label"": ""2""}, {""value"": ""3.0"", ""label"": ""3""}, {""value"": ""4.0"", ""label"": ""4""}, {""value"": ""5.0"", ""label"": ""5""}, {""value"": ""6.0"", ""label"": ""6""}, {""value"": ""200.0"", ""label"": ""(2+) 2 or more""}, {""value"": ""300.0"", ""label"": ""(3+) 3 or more""}, {""value"": ""400.0"", ""label"": ""(4+) 4 or more""}, {""value"": ""444.0"", ""label"": ""1/4 (quarter)""}, {""value"": ""500.0"", ""label"": ""(5+) 5 or more""}, {""value"": ""555.0"", ""label"": ""1/2 (half)""}, {""value"": ""600.0"", ""label"": ""(6+) 6 or more""}]"
408,B10ODQVG31,Serving(s) of Spinach consumed,numeric,SCALE,NA,"[{""value"": ""-3.0"", ""label"": ""Unanswered (user not shown question)""}, {""value"": ""-1.0"", ""label"": ""Unanswered""}, {""value"": ""0.0"", ""label"": ""None""}, {""value"": ""1.0"", ""label"": ""1""}, {""value"": ""2.0"", ""label"": ""2""}, {""value"": ""3.0"", ""label"": ""3""}, {""value"": ""4.0"", ""label"": ""4""}, {""value"": ""5.0"", ""label"": ""5""}, {""value"": ""6.0"", ""label"": ""6""}, {""value"": ""200.0"", ""label"": ""(2+) 2 or more""}, {""value"": ""300.0"", ""label"": ""(3+) 3 or more""}, {""value"": ""400.0"", ""label"": ""(4+) 4 or more""}, {""value"": ""444.0"", ""label"": ""1/4 (quarter)""}, {""value"": ""500.0"", ""label"": ""(5+) 5 or more""}, {""value"": ""555.0"", ""label"": ""1/2 (half)""}, {""value"": ""600.0"", ""label"": ""(6+) 6 or more""}]"
409,B10ODQVG32,Serving(s) of Sprouts consumed,numeric,SCALE,NA,"[{""value"": ""-3.0"", ""label"": ""Unanswered (user not shown question)""}, {""value"": ""-1.0"", ""label"": ""Unanswered""}, {""value"": ""0.0"", ""label"": ""None""}, {""value"": ""1.0"", ""label"": ""1""}, {""value"": ""2.0"", ""label"": ""2""}, {""value"": ""3.0"", ""label"": ""3""}, {""value"": ""4.0"", ""label"": ""4""}, {""value"": ""5.0"", ""label"": ""5""}, {""value"": ""6.0"", ""label"": ""6""}, {""value"": ""200.0"", ""label"": ""(2+) 2 or more""}, {""value"": ""300.0"", ""label"": ""(3+) 3 or more""}, {""value"": ""400.0"", ""label"": ""(4+) 4 or more""}, {""value"": ""444.0"", ""label"": ""1/4 (quarter)""}, {""value"": ""500.0"", ""label"": ""(5+) 5 or more""}, {""value"": ""555.0"", ""label"": ""1/2 (half)""}, {""value"": ""600.0"", ""label"": ""(6+) 6 or more""}]"
410,B10ODQVG33,"Serving(s) of Sweetcorn (tinned or frozen, or corn on the cob) consumed",numeric,SCALE,NA,"[{""value"": ""-3.0"", ""label"": ""Unanswered (user not shown question)""}, {""value"": ""-1.0"", ""label"": ""Unanswered""}, {""value"": ""0.0"", ""label"": ""None""}, {""value"": ""1.0"", ""label"": ""1""}, {""value"": ""2.0"", ""label"": ""2""}, {""value"": ""3.0"", ""label"": ""3""}, {""value"": ""4.0"", ""label"": ""4""}, {""value"": ""5.0"", ""label"": ""5""}, {""value"": ""6.0"", ""label"": ""6""}, {""value"": ""200.0"", ""label"": ""(2+) 2 or more""}, {""value"": ""300.0"", ""label"": ""(3+) 3 or more""}, {""value"": ""400.0"", ""label"": ""(4+) 4 or more""}, {""value"": ""444.0"", ""label"": ""1/4 (quarter)""}, {""value"": ""500.0"", ""label"": ""(5+) 5 or more""}, {""value"": ""555.0"", ""label"": ""1/2 (half)""}, {""value"": ""600.0"", ""label"": ""(6+) 6 or more""}]"
411,B10ODQVG34,Serving(s) of Sweet potatoes consumed,numeric,SCALE,NA,"[{""value"": ""-3.0"", ""label"": ""Unanswered (user not shown question)""}, {""value"": ""-1.0"", ""label"": ""Unanswered""}, {""value"": ""0.0"", ""label"": ""None""}, {""value"": ""1.0"", ""label"": ""1""}, {""value"": ""2.0"", ""label"": ""2""}, {""value"": ""3.0"", ""label"": ""3""}, {""value"": ""4.0"", ""label"": ""4""}, {""value"": ""5.0"", ""label"": ""5""}, {""value"": ""6.0"", ""label"": ""6""}, {""value"": ""200.0"", ""label"": ""(2+) 2 or more""}, {""value"": ""300.0"", ""label"": ""(3+) 3 or more""}, {""value"": ""400.0"", ""label"": ""(4+) 4 or more""}, {""value"": ""444.0"", ""label"": ""1/4 (quarter)""}, {""value"": ""500.0"", ""label"": ""(5+) 5 or more""}, {""value"": ""555.0"", ""label"": ""1/2 (half)""}, {""value"": ""600.0"", ""label"": ""(6+) 6 or more""}]"
412,B10ODQVG35,Number of Tomatoes (fresh) consumed,numeric,SCALE,NA,"[{""value"": ""-3.0"", ""label"": ""Unanswered (user not shown question)""}, {""value"": ""-1.0"", ""label"": ""Unanswered""}, {""value"": ""0.0"", ""label"": ""None""}, {""value"": ""1.0"", ""label"": ""1""}, {""value"": ""2.0"", ""label"": ""2""}, {""value"": ""3.0"", ""label"": ""3""}, {""value"": ""4.0"", ""label"": ""4""}, {""value"": ""5.0"", ""label"": ""5""}, {""value"": ""6.0"", ""label"": ""6""}, {""value"": ""200.0"", ""label"": ""(2+) 2 or more""}, {""value"": ""300.0"", ""label"": ""(3+) 3 or more""}, {""value"": ""400.0"", ""label"": ""(4+) 4 or more""}, {""value"": ""444.0"", ""label"": ""1/4 (quarter)""}, {""value"": ""500.0"", ""label"": ""(5+) 5 or more""}, {""value"": ""555.0"", ""label"": ""1/2 (half)""}, {""value"": ""600.0"", ""label"": ""(6+) 6 or more""}]"
413,B10ODQVG36,Serving(s) of Tomatoes (cooked or tinned) consumed,numeric,SCALE,NA,"[{""value"": ""-3.0"", ""label"": ""Unanswered (user not shown question)""}, {""value"": ""-1.0"", ""label"": ""Unanswered""}, {""value"": ""0.0"", ""label"": ""None""}, {""value"": ""1.0"", ""label"": ""1""}, {""value"": ""2.0"", ""label"": ""2""}, {""value"": ""3.0"", ""label"": ""3""}, {""value"": ""4.0"", ""label"": ""4""}, {""value"": ""5.0"", ""label"": ""5""}, {""value"": ""6.0"", ""label"": ""6""}, {""value"": ""200.0"", ""label"": ""(2+) 2 or more""}, {""value"": ""300.0"", ""label"": ""(3+) 3 or more""}, {""value"": ""400.0"", ""label"": ""(4+) 4 or more""}, {""value"": ""444.0"", ""label"": ""1/4 (quarter)""}, {""value"": ""500.0"", ""label"": ""(5+) 5 or more""}, {""value"": ""555.0"", ""label"": ""1/2 (half)""}, {""value"": ""600.0"", ""label"": ""(6+) 6 or more""}]"
414,B10ODQVG37,Serving(s) of Turnip or swede consumed,numeric,SCALE,NA,"[{""value"": ""-3.0"", ""label"": ""Unanswered (user not shown question)""}, {""value"": ""-1.0"", ""label"": ""Unanswered""}, {""value"": ""0.0"", ""label"": ""None""}, {""value"": ""1.0"", ""label"": ""1""}, {""value"": ""2.0"", ""label"": ""2""}, {""value"": ""3.0"", ""label"": ""3""}, {""value"": ""4.0"", ""label"": ""4""}, {""value"": ""5.0"", ""label"": ""5""}, {""value"": ""6.0"", ""label"": ""6""}, {""value"": ""200.0"", ""label"": ""(2+) 2 or more""}, {""value"": ""300.0"", ""label"": ""(3+) 3 or more""}, {""value"": ""400.0"", ""label"": ""(4+) 4 or more""}, {""value"": ""444.0"", ""label"": ""1/4 (quarter)""}, {""value"": ""500.0"", ""label"": ""(5+) 5 or more""}, {""value"": ""555.0"", ""label"": ""1/2 (half)""}, {""value"": ""600.0"", ""label"": ""(6+) 6 or more""}]"
415,B10ODQVG38,Serving(s) of Watercress consumed,numeric,SCALE,NA,"[{""value"": ""-3.0"", ""label"": ""Unanswered (user not shown question)""}, {""value"": ""-1.0"", ""label"": ""Unanswered""}, {""value"": ""0.0"", ""label"": ""None""}, {""value"": ""1.0"", ""label"": ""1""}, {""value"": ""2.0"", ""label"": ""2""}, {""value"": ""3.0"", ""label"": ""3""}, {""value"": ""4.0"", ""label"": ""4""}, {""value"": ""5.0"", ""label"": ""5""}, {""value"": ""6.0"", ""label"": ""6""}, {""value"": ""200.0"", ""label"": ""(2+) 2 or more""}, {""value"": ""300.0"", ""label"": ""(3+) 3 or more""}, {""value"": ""400.0"", ""label"": ""(4+) 4 or more""}, {""value"": ""444.0"", ""label"": ""1/4 (quarter)""}, {""value"": ""500.0"", ""label"": ""(5+) 5 or more""}, {""value"": ""555.0"", ""label"": ""1/2 (half)""}, {""value"": ""600.0"", ""label"": ""(6+) 6 or more""}]"
416,B10ODQVG39,"Serving(s) of Other vegetables (e.g. celeriac, asparagus, fennel) consumed",numeric,SCALE,NA,"[{""value"": ""-3.0"", ""label"": ""Unanswered (user not shown question)""}, {""value"": ""-1.0"", ""label"": ""Unanswered""}, {""value"": ""0.0"", ""label"": ""None""}, {""value"": ""1.0"", ""label"": ""1""}, {""value"": ""2.0"", ""label"": ""2""}, {""value"": ""3.0"", ""label"": ""3""}, {""value"": ""4.0"", ""label"": ""4""}, {""value"": ""5.0"", ""label"": ""5""}, {""value"": ""6.0"", ""label"": ""6""}, {""value"": ""200.0"", ""label"": ""(2+) 2 or more""}, {""value"": ""300.0"", ""label"": ""(3+) 3 or more""}, {""value"": ""400.0"", ""label"": ""(4+) 4 or more""}, {""value"": ""444.0"", ""label"": ""1/4 (quarter)""}, {""value"": ""500.0"", ""label"": ""(5+) 5 or more""}, {""value"": ""555.0"", ""label"": ""1/2 (half)""}, {""value"": ""600.0"", ""label"": ""(6+) 6 or more""}]"
417,B10ODQFRT,Did you eat any fruit yesterday?,numeric,NOMINAL,NA,"[{""value"": ""-3.0"", ""label"": ""Unanswered (user not shown question)""}, {""value"": ""-1.0"", ""label"": ""Unanswered""}, {""value"": ""0.0"", ""label"": ""No""}, {""value"": ""1.0"", ""label"": ""Yes""}]"
418,B10ODQFT01,"Serving(s) of Stewed / cooked fruit e.g. apple, rhubarb, plums consumed",numeric,SCALE,NA,"[{""value"": ""-3.0"", ""label"": ""Unanswered (user not shown question)""}, {""value"": ""-1.0"", ""label"": ""Unanswered""}, {""value"": ""0.0"", ""label"": ""None""}, {""value"": ""1.0"", ""label"": ""1""}, {""value"": ""2.0"", ""label"": ""2""}, {""value"": ""3.0"", ""label"": ""3""}, {""value"": ""4.0"", ""label"": ""4""}, {""value"": ""5.0"", ""label"": ""5""}, {""value"": ""6.0"", ""label"": ""6""}, {""value"": ""200.0"", ""label"": ""(2+) 2 or more""}, {""value"": ""300.0"", ""label"": ""(3+) 3 or more""}, {""value"": ""400.0"", ""label"": ""(4+) 4 or more""}, {""value"": ""444.0"", ""label"": ""1/4 (quarter)""}, {""value"": ""500.0"", ""label"": ""(5+) 5 or more""}, {""value"": ""555.0"", ""label"": ""1/2 (half)""}, {""value"": ""600.0"", ""label"": ""(6+) 6 or more""}]"
419,B10ODQFT02,Handful(s) of Prunes consumed,numeric,SCALE,NA,"[{""value"": ""-3.0"", ""label"": ""Unanswered (user not shown question)""}, {""value"": ""-1.0"", ""label"": ""Unanswered""}, {""value"": ""0.0"", ""label"": ""None""}, {""value"": ""1.0"", ""label"": ""1""}, {""value"": ""2.0"", ""label"": ""2""}, {""value"": ""3.0"", ""label"": ""3""}, {""value"": ""4.0"", ""label"": ""4""}, {""value"": ""5.0"", ""label"": ""5""}, {""value"": ""6.0"", ""label"": ""6""}, {""value"": ""200.0"", ""label"": ""(2+) 2 or more""}, {""value"": ""300.0"", ""label"": ""(3+) 3 or more""}, {""value"": ""400.0"", ""label"": ""(4+) 4 or more""}, {""value"": ""444.0"", ""label"": ""1/4 (quarter)""}, {""value"": ""500.0"", ""label"": ""(5+) 5 or more""}, {""value"": ""555.0"", ""label"": ""1/2 (half)""}, {""value"": ""600.0"", ""label"": ""(6+) 6 or more""}]"
420,B10ODQFT03,"Handful(s) of Other dried fruit (raisins, apple rings, cranberries) consumed",numeric,SCALE,NA,"[{""value"": ""-3.0"", ""label"": ""Unanswered (user not shown question)""}, {""value"": ""-1.0"", ""label"": ""Unanswered""}, {""value"": ""0.0"", ""label"": ""None""}, {""value"": ""1.0"", ""label"": ""1""}, {""value"": ""2.0"", ""label"": ""2""}, {""value"": ""3.0"", ""label"": ""3""}, {""value"": ""4.0"", ""label"": ""4""}, {""value"": ""5.0"", ""label"": ""5""}, {""value"": ""6.0"", ""label"": ""6""}, {""value"": ""200.0"", ""label"": ""(2+) 2 or more""}, {""value"": ""300.0"", ""label"": ""(3+) 3 or more""}, {""value"": ""400.0"", ""label"": ""(4+) 4 or more""}, {""value"": ""444.0"", ""label"": ""1/4 (quarter)""}, {""value"": ""500.0"", ""label"": ""(5+) 5 or more""}, {""value"": ""555.0"", ""label"": ""1/2 (half)""}, {""value"": ""600.0"", ""label"": ""(6+) 6 or more""}]"
421,B10ODQFT04,Serving(s) of Mixed fruit consumed,numeric,SCALE,NA,"[{""value"": ""-3.0"", ""label"": ""Unanswered (user not shown question)""}, {""value"": ""-1.0"", ""label"": ""Unanswered""}, {""value"": ""0.0"", ""label"": ""None""}, {""value"": ""1.0"", ""label"": ""1""}, {""value"": ""2.0"", ""label"": ""2""}, {""value"": ""3.0"", ""label"": ""3""}, {""value"": ""4.0"", ""label"": ""4""}, {""value"": ""5.0"", ""label"": ""5""}, {""value"": ""6.0"", ""label"": ""6""}, {""value"": ""200.0"", ""label"": ""(2+) 2 or more""}, {""value"": ""300.0"", ""label"": ""(3+) 3 or more""}, {""value"": ""400.0"", ""label"": ""(4+) 4 or more""}, {""value"": ""444.0"", ""label"": ""1/4 (quarter)""}, {""value"": ""500.0"", ""label"": ""(5+) 5 or more""}, {""value"": ""555.0"", ""label"": ""1/2 (half)""}, {""value"": ""600.0"", ""label"": ""(6+) 6 or more""}]"
422,B10ODQFT05,Number of Apples consumed,numeric,SCALE,NA,"[{""value"": ""-3.0"", ""label"": ""Unanswered (user not shown question)""}, {""value"": ""-1.0"", ""label"": ""Unanswered""}, {""value"": ""0.0"", ""label"": ""None""}, {""value"": ""1.0"", ""label"": ""1""}, {""value"": ""2.0"", ""label"": ""2""}, {""value"": ""3.0"", ""label"": ""3""}, {""value"": ""4.0"", ""label"": ""4""}, {""value"": ""5.0"", ""label"": ""5""}, {""value"": ""6.0"", ""label"": ""6""}, {""value"": ""200.0"", ""label"": ""(2+) 2 or more""}, {""value"": ""300.0"", ""label"": ""(3+) 3 or more""}, {""value"": ""400.0"", ""label"": ""(4+) 4 or more""}, {""value"": ""444.0"", ""label"": ""1/4 (quarter)""}, {""value"": ""500.0"", ""label"": ""(5+) 5 or more""}, {""value"": ""555.0"", ""label"": ""1/2 (half)""}, {""value"": ""600.0"", ""label"": ""(6+) 6 or more""}]"
423,B10ODQFT06,Number of Bananas consumed,numeric,SCALE,NA,"[{""value"": ""-3.0"", ""label"": ""Unanswered (user not shown question)""}, {""value"": ""-1.0"", ""label"": ""Unanswered""}, {""value"": ""0.0"", ""label"": ""None""}, {""value"": ""1.0"", ""label"": ""1""}, {""value"": ""2.0"", ""label"": ""2""}, {""value"": ""3.0"", ""label"": ""3""}, {""value"": ""4.0"", ""label"": ""4""}, {""value"": ""5.0"", ""label"": ""5""}, {""value"": ""6.0"", ""label"": ""6""}, {""value"": ""200.0"", ""label"": ""(2+) 2 or more""}, {""value"": ""300.0"", ""label"": ""(3+) 3 or more""}, {""value"": ""400.0"", ""label"": ""(4+) 4 or more""}, {""value"": ""444.0"", ""label"": ""1/4 (quarter)""}, {""value"": ""500.0"", ""label"": ""(5+) 5 or more""}, {""value"": ""555.0"", ""label"": ""1/2 (half)""}, {""value"": ""600.0"", ""label"": ""(6+) 6 or more""}]"
424,B10ODQFT07,"Handful(s) of Berries (raspberries, strawberries, blueberries) consumed",numeric,SCALE,NA,"[{""value"": ""-3.0"", ""label"": ""Unanswered (user not shown question)""}, {""value"": ""-1.0"", ""label"": ""Unanswered""}, {""value"": ""0.0"", ""label"": ""None""}, {""value"": ""1.0"", ""label"": ""1""}, {""value"": ""2.0"", ""label"": ""2""}, {""value"": ""3.0"", ""label"": ""3""}, {""value"": ""4.0"", ""label"": ""4""}, {""value"": ""5.0"", ""label"": ""5""}, {""value"": ""6.0"", ""label"": ""6""}, {""value"": ""200.0"", ""label"": ""(2+) 2 or more""}, {""value"": ""300.0"", ""label"": ""(3+) 3 or more""}, {""value"": ""400.0"", ""label"": ""(4+) 4 or more""}, {""value"": ""444.0"", ""label"": ""1/4 (quarter)""}, {""value"": ""500.0"", ""label"": ""(5+) 5 or more""}, {""value"": ""555.0"", ""label"": ""1/2 (half)""}, {""value"": ""600.0"", ""label"": ""(6+) 6 or more""}]"
425,B10ODQFT08,Handful(s) of Cherries consumed,numeric,SCALE,NA,"[{""value"": ""-3.0"", ""label"": ""Unanswered (user not shown question)""}, {""value"": ""-1.0"", ""label"": ""Unanswered""}, {""value"": ""0.0"", ""label"": ""None""}, {""value"": ""1.0"", ""label"": ""1""}, {""value"": ""2.0"", ""label"": ""2""}, {""value"": ""3.0"", ""label"": ""3""}, {""value"": ""4.0"", ""label"": ""4""}, {""value"": ""5.0"", ""label"": ""5""}, {""value"": ""6.0"", ""label"": ""6""}, {""value"": ""200.0"", ""label"": ""(2+) 2 or more""}, {""value"": ""300.0"", ""label"": ""(3+) 3 or more""}, {""value"": ""400.0"", ""label"": ""(4+) 4 or more""}, {""value"": ""444.0"", ""label"": ""1/4 (quarter)""}, {""value"": ""500.0"", ""label"": ""(5+) 5 or more""}, {""value"": ""555.0"", ""label"": ""1/2 (half)""}, {""value"": ""600.0"", ""label"": ""(6+) 6 or more""}]"
426,B10ODQFT09,Whole fruit or serving(s) of Grapefruit consumed,numeric,SCALE,NA,"[{""value"": ""-3.0"", ""label"": ""Unanswered (user not shown question)""}, {""value"": ""-1.0"", ""label"": ""Unanswered""}, {""value"": ""0.0"", ""label"": ""None""}, {""value"": ""1.0"", ""label"": ""1""}, {""value"": ""2.0"", ""label"": ""2""}, {""value"": ""3.0"", ""label"": ""3""}, {""value"": ""4.0"", ""label"": ""4""}, {""value"": ""5.0"", ""label"": ""5""}, {""value"": ""6.0"", ""label"": ""6""}, {""value"": ""200.0"", ""label"": ""(2+) 2 or more""}, {""value"": ""300.0"", ""label"": ""(3+) 3 or more""}, {""value"": ""400.0"", ""label"": ""(4+) 4 or more""}, {""value"": ""444.0"", ""label"": ""1/4 (quarter)""}, {""value"": ""500.0"", ""label"": ""(5+) 5 or more""}, {""value"": ""555.0"", ""label"": ""1/2 (half)""}, {""value"": ""600.0"", ""label"": ""(6+) 6 or more""}]"
427,B10ODQFT10,Handful(s) of Grapes consumed,numeric,SCALE,NA,"[{""value"": ""-3.0"", ""label"": ""Unanswered (user not shown question)""}, {""value"": ""-1.0"", ""label"": ""Unanswered""}, {""value"": ""0.0"", ""label"": ""None""}, {""value"": ""1.0"", ""label"": ""1""}, {""value"": ""2.0"", ""label"": ""2""}, {""value"": ""3.0"", ""label"": ""3""}, {""value"": ""4.0"", ""label"": ""4""}, {""value"": ""5.0"", ""label"": ""5""}, {""value"": ""6.0"", ""label"": ""6""}, {""value"": ""200.0"", ""label"": ""(2+) 2 or more""}, {""value"": ""300.0"", ""label"": ""(3+) 3 or more""}, {""value"": ""400.0"", ""label"": ""(4+) 4 or more""}, {""value"": ""444.0"", ""label"": ""1/4 (quarter)""}, {""value"": ""500.0"", ""label"": ""(5+) 5 or more""}, {""value"": ""555.0"", ""label"": ""1/2 (half)""}, {""value"": ""600.0"", ""label"": ""(6+) 6 or more""}]"
428,B10ODQFT11,Serving(s) of Mango consumed,numeric,SCALE,NA,"[{""value"": ""-3.0"", ""label"": ""Unanswered (user not shown question)""}, {""value"": ""-1.0"", ""label"": ""Unanswered""}, {""value"": ""0.0"", ""label"": ""None""}, {""value"": ""1.0"", ""label"": ""1""}, {""value"": ""2.0"", ""label"": ""2""}, {""value"": ""3.0"", ""label"": ""3""}, {""value"": ""4.0"", ""label"": ""4""}, {""value"": ""5.0"", ""label"": ""5""}, {""value"": ""6.0"", ""label"": ""6""}, {""value"": ""200.0"", ""label"": ""(2+) 2 or more""}, {""value"": ""300.0"", ""label"": ""(3+) 3 or more""}, {""value"": ""400.0"", ""label"": ""(4+) 4 or more""}, {""value"": ""444.0"", ""label"": ""1/4 (quarter)""}, {""value"": ""500.0"", ""label"": ""(5+) 5 or more""}, {""value"": ""555.0"", ""label"": ""1/2 (half)""}, {""value"": ""600.0"", ""label"": ""(6+) 6 or more""}]"
429,B10ODQFT12,Serving(s) of Melon consumed,numeric,SCALE,NA,"[{""value"": ""-3.0"", ""label"": ""Unanswered (user not shown question)""}, {""value"": ""-1.0"", ""label"": ""Unanswered""}, {""value"": ""0.0"", ""label"": ""None""}, {""value"": ""1.0"", ""label"": ""1""}, {""value"": ""2.0"", ""label"": ""2""}, {""value"": ""3.0"", ""label"": ""3""}, {""value"": ""4.0"", ""label"": ""4""}, {""value"": ""5.0"", ""label"": ""5""}, {""value"": ""6.0"", ""label"": ""6""}, {""value"": ""200.0"", ""label"": ""(2+) 2 or more""}, {""value"": ""300.0"", ""label"": ""(3+) 3 or more""}, {""value"": ""400.0"", ""label"": ""(4+) 4 or more""}, {""value"": ""444.0"", ""label"": ""1/4 (quarter)""}, {""value"": ""500.0"", ""label"": ""(5+) 5 or more""}, {""value"": ""555.0"", ""label"": ""1/2 (half)""}, {""value"": ""600.0"", ""label"": ""(6+) 6 or more""}]"
430,B10ODQFT13,Number of Oranges consumed,numeric,SCALE,NA,"[{""value"": ""-3.0"", ""label"": ""Unanswered (user not shown question)""}, {""value"": ""-1.0"", ""label"": ""Unanswered""}, {""value"": ""0.0"", ""label"": ""None""}, {""value"": ""1.0"", ""label"": ""1""}, {""value"": ""2.0"", ""label"": ""2""}, {""value"": ""3.0"", ""label"": ""3""}, {""value"": ""4.0"", ""label"": ""4""}, {""value"": ""5.0"", ""label"": ""5""}, {""value"": ""6.0"", ""label"": ""6""}, {""value"": ""200.0"", ""label"": ""(2+) 2 or more""}, {""value"": ""300.0"", ""label"": ""(3+) 3 or more""}, {""value"": ""400.0"", ""label"": ""(4+) 4 or more""}, {""value"": ""444.0"", ""label"": ""1/4 (quarter)""}, {""value"": ""500.0"", ""label"": ""(5+) 5 or more""}, {""value"": ""555.0"", ""label"": ""1/2 (half)""}, {""value"": ""600.0"", ""label"": ""(6+) 6 or more""}]"
431,B10ODQFT14,Whole fruit or serving(s) of Orange-like small fruits (e.g. satsuma) consumed,numeric,SCALE,NA,"[{""value"": ""-3.0"", ""label"": ""Unanswered (user not shown question)""}, {""value"": ""-1.0"", ""label"": ""Unanswered""}, {""value"": ""0.0"", ""label"": ""None""}, {""value"": ""1.0"", ""label"": ""1""}, {""value"": ""2.0"", ""label"": ""2""}, {""value"": ""3.0"", ""label"": ""3""}, {""value"": ""4.0"", ""label"": ""4""}, {""value"": ""5.0"", ""label"": ""5""}, {""value"": ""6.0"", ""label"": ""6""}, {""value"": ""200.0"", ""label"": ""(2+) 2 or more""}, {""value"": ""300.0"", ""label"": ""(3+) 3 or more""}, {""value"": ""400.0"", ""label"": ""(4+) 4 or more""}, {""value"": ""444.0"", ""label"": ""1/4 (quarter)""}, {""value"": ""500.0"", ""label"": ""(5+) 5 or more""}, {""value"": ""555.0"", ""label"": ""1/2 (half)""}, {""value"": ""600.0"", ""label"": ""(6+) 6 or more""}]"
432,B10ODQFT15,"Whole fruit or serving(s) of Peach, nectarine consumed",numeric,SCALE,NA,"[{""value"": ""-3.0"", ""label"": ""Unanswered (user not shown question)""}, {""value"": ""-1.0"", ""label"": ""Unanswered""}, {""value"": ""0.0"", ""label"": ""None""}, {""value"": ""1.0"", ""label"": ""1""}, {""value"": ""2.0"", ""label"": ""2""}, {""value"": ""3.0"", ""label"": ""3""}, {""value"": ""4.0"", ""label"": ""4""}, {""value"": ""5.0"", ""label"": ""5""}, {""value"": ""6.0"", ""label"": ""6""}, {""value"": ""200.0"", ""label"": ""(2+) 2 or more""}, {""value"": ""300.0"", ""label"": ""(3+) 3 or more""}, {""value"": ""400.0"", ""label"": ""(4+) 4 or more""}, {""value"": ""444.0"", ""label"": ""1/4 (quarter)""}, {""value"": ""500.0"", ""label"": ""(5+) 5 or more""}, {""value"": ""555.0"", ""label"": ""1/2 (half)""}, {""value"": ""600.0"", ""label"": ""(6+) 6 or more""}]"
433,B10ODQFT16,Whole fruit or serving(s) of Pear consumed,numeric,SCALE,NA,"[{""value"": ""-3.0"", ""label"": ""Unanswered (user not shown question)""}, {""value"": ""-1.0"", ""label"": ""Unanswered""}, {""value"": ""0.0"", ""label"": ""None""}, {""value"": ""1.0"", ""label"": ""1""}, {""value"": ""2.0"", ""label"": ""2""}, {""value"": ""3.0"", ""label"": ""3""}, {""value"": ""4.0"", ""label"": ""4""}, {""value"": ""5.0"", ""label"": ""5""}, {""value"": ""6.0"", ""label"": ""6""}, {""value"": ""200.0"", ""label"": ""(2+) 2 or more""}, {""value"": ""300.0"", ""label"": ""(3+) 3 or more""}, {""value"": ""400.0"", ""label"": ""(4+) 4 or more""}, {""value"": ""444.0"", ""label"": ""1/4 (quarter)""}, {""value"": ""500.0"", ""label"": ""(5+) 5 or more""}, {""value"": ""555.0"", ""label"": ""1/2 (half)""}, {""value"": ""600.0"", ""label"": ""(6+) 6 or more""}]"
434,B10ODQFT17,Serving(s) of Pineapple consumed,numeric,SCALE,NA,"[{""value"": ""-3.0"", ""label"": ""Unanswered (user not shown question)""}, {""value"": ""-1.0"", ""label"": ""Unanswered""}, {""value"": ""0.0"", ""label"": ""None""}, {""value"": ""1.0"", ""label"": ""1""}, {""value"": ""2.0"", ""label"": ""2""}, {""value"": ""3.0"", ""label"": ""3""}, {""value"": ""4.0"", ""label"": ""4""}, {""value"": ""5.0"", ""label"": ""5""}, {""value"": ""6.0"", ""label"": ""6""}, {""value"": ""200.0"", ""label"": ""(2+) 2 or more""}, {""value"": ""300.0"", ""label"": ""(3+) 3 or more""}, {""value"": ""400.0"", ""label"": ""(4+) 4 or more""}, {""value"": ""444.0"", ""label"": ""1/4 (quarter)""}, {""value"": ""500.0"", ""label"": ""(5+) 5 or more""}, {""value"": ""555.0"", ""label"": ""1/2 (half)""}, {""value"": ""600.0"", ""label"": ""(6+) 6 or more""}]"
435,B10ODQFT18,Whole fruit(s) of Plum consumed,numeric,SCALE,NA,"[{""value"": ""-3.0"", ""label"": ""Unanswered (user not shown question)""}, {""value"": ""-1.0"", ""label"": ""Unanswered""}, {""value"": ""0.0"", ""label"": ""None""}, {""value"": ""1.0"", ""label"": ""1""}, {""value"": ""2.0"", ""label"": ""2""}, {""value"": ""3.0"", ""label"": ""3""}, {""value"": ""4.0"", ""label"": ""4""}, {""value"": ""5.0"", ""label"": ""5""}, {""value"": ""6.0"", ""label"": ""6""}, {""value"": ""200.0"", ""label"": ""(2+) 2 or more""}, {""value"": ""300.0"", ""label"": ""(3+) 3 or more""}, {""value"": ""400.0"", ""label"": ""(4+) 4 or more""}, {""value"": ""444.0"", ""label"": ""1/4 (quarter)""}, {""value"": ""500.0"", ""label"": ""(5+) 5 or more""}, {""value"": ""555.0"", ""label"": ""1/2 (half)""}, {""value"": ""600.0"", ""label"": ""(6+) 6 or more""}]"
436,B10ODQFT19,"Whole fruit or serving(s) of Other fruit (e.g. pomegranate, kiwi) consumed",numeric,SCALE,NA,"[{""value"": ""-3.0"", ""label"": ""Unanswered (user not shown question)""}, {""value"": ""-1.0"", ""label"": ""Unanswered""}, {""value"": ""0.0"", ""label"": ""None""}, {""value"": ""1.0"", ""label"": ""1""}, {""value"": ""2.0"", ""label"": ""2""}, {""value"": ""3.0"", ""label"": ""3""}, {""value"": ""4.0"", ""label"": ""4""}, {""value"": ""5.0"", ""label"": ""5""}, {""value"": ""6.0"", ""label"": ""6""}, {""value"": ""200.0"", ""label"": ""(2+) 2 or more""}, {""value"": ""300.0"", ""label"": ""(3+) 3 or more""}, {""value"": ""400.0"", ""label"": ""(4+) 4 or more""}, {""value"": ""444.0"", ""label"": ""1/4 (quarter)""}, {""value"": ""500.0"", ""label"": ""(5+) 5 or more""}, {""value"": ""555.0"", ""label"": ""1/2 (half)""}, {""value"": ""600.0"", ""label"": ""(6+) 6 or more""}]"
437,B10ODQABT1,Takeaway meal / meal delivered to your home?,numeric,SCALE,NA,"[{""value"": ""-3.0"", ""label"": ""Unanswered (user not shown question)""}, {""value"": ""-1.0"", ""label"": ""Unanswered""}, {""value"": ""0.0"", ""label"": ""No""}, {""value"": ""1.0"", ""label"": ""Yes""}]"
438,B10ODQABT2,"Restaurant, cafe, canteen or fast food café meal?",numeric,SCALE,NA,"[{""value"": ""-3.0"", ""label"": ""Unanswered (user not shown question)""}, {""value"": ""-1.0"", ""label"": ""Unanswered""}, {""value"": ""0.0"", ""label"": ""No""}, {""value"": ""1.0"", ""label"": ""Yes""}]"
439,B10ODQABT3,"Sandwiches bought at a café, canteen, shop or deli?",numeric,SCALE,NA,"[{""value"": ""-3.0"", ""label"": ""Unanswered (user not shown question)""}, {""value"": ""-1.0"", ""label"": ""Unanswered""}, {""value"": ""0.0"", ""label"": ""No""}, {""value"": ""1.0"", ""label"": ""Yes""}]"
440,B10ODQABT4,Ready prepared meals (e.g. from a supermarket)?,numeric,SCALE,NA,"[{""value"": ""-3.0"", ""label"": ""Unanswered (user not shown question)""}, {""value"": ""-1.0"", ""label"": ""Unanswered""}, {""value"": ""0.0"", ""label"": ""No""}, {""value"": ""1.0"", ""label"": ""Yes""}]"
441,B10ODQABT5,Meals prepared and cooked at home?,numeric,SCALE,NA,"[{""value"": ""-3.0"", ""label"": ""Unanswered (user not shown question)""}, {""value"": ""-1.0"", ""label"": ""Unanswered""}, {""value"": ""0.0"", ""label"": ""No""}, {""value"": ""1.0"", ""label"": ""Yes""}]"
442,B10ODQASLT,Did you add salt to your food? (Do not include salt used in cooking.),numeric,SCALE,NA,"[{""value"": ""-3.0"", ""label"": ""Unanswered (user not shown question)""}, {""value"": ""-1.0"", ""label"": ""Unanswered""}, {""value"": ""0.0"", ""label"": ""No""}, {""value"": ""1.0"", ""label"": ""Yes""}]"
443,B10ODQVTMN,Did you have any vitamin or mineral supplements yesterday?,numeric,NOMINAL,NA,"[{""value"": ""-3.0"", ""label"": ""Unanswered (user not shown question)""}, {""value"": ""-1.0"", ""label"": ""Unanswered""}, {""value"": ""0.0"", ""label"": ""No""}, {""value"": ""1.0"", ""label"": ""Yes""}]"
444,B10ODQVM1,Type of vitamin/mineral supplements: Multivitamins,numeric,SCALE,NA,"[{""value"": ""-3.0"", ""label"": ""Unanswered (user not shown question)""}, {""value"": ""-1.0"", ""label"": ""Unanswered""}, {""value"": ""0.0"", ""label"": ""No""}, {""value"": ""1.0"", ""label"": ""Yes""}]"
445,B10ODQVM2,Type of vitamin/mineral supplements: Multivitamins with iron,numeric,SCALE,NA,"[{""value"": ""-3.0"", ""label"": ""Unanswered (user not shown question)""}, {""value"": ""-1.0"", ""label"": ""Unanswered""}, {""value"": ""0.0"", ""label"": ""No""}, {""value"": ""1.0"", ""label"": ""Yes""}]"
446,B10ODQVM3,Type of vitamin/mineral supplements: Multivitamins with calcium,numeric,SCALE,NA,"[{""value"": ""-3.0"", ""label"": ""Unanswered (user not shown question)""}, {""value"": ""-1.0"", ""label"": ""Unanswered""}, {""value"": ""0.0"", ""label"": ""No""}, {""value"": ""1.0"", ""label"": ""Yes""}]"
447,B10ODQVM4,Type of vitamin/mineral supplements: Multivitamins with multiminerals,numeric,SCALE,NA,"[{""value"": ""-3.0"", ""label"": ""Unanswered (user not shown question)""}, {""value"": ""-1.0"", ""label"": ""Unanswered""}, {""value"": ""0.0"", ""label"": ""No""}, {""value"": ""1.0"", ""label"": ""Yes""}]"
448,B10ODQVA,Type of vitamin/mineral supplements: Vitamin A,numeric,SCALE,NA,"[{""value"": ""-3.0"", ""label"": ""Unanswered (user not shown question)""}, {""value"": ""-1.0"", ""label"": ""Unanswered""}, {""value"": ""0.0"", ""label"": ""No""}, {""value"": ""1.0"", ""label"": ""Yes""}]"
449,B10ODQVB6,Type of vitamin/mineral supplements: Vitamin B6,numeric,SCALE,NA,"[{""value"": ""-3.0"", ""label"": ""Unanswered (user not shown question)""}, {""value"": ""-1.0"", ""label"": ""Unanswered""}, {""value"": ""0.0"", ""label"": ""No""}, {""value"": ""1.0"", ""label"": ""Yes""}]"
450,B10ODQVB12,Type of vitamin/mineral supplements: Vitamin B12,numeric,SCALE,NA,"[{""value"": ""-3.0"", ""label"": ""Unanswered (user not shown question)""}, {""value"": ""-1.0"", ""label"": ""Unanswered""}, {""value"": ""0.0"", ""label"": ""No""}, {""value"": ""1.0"", ""label"": ""Yes""}]"
451,B10ODQVC,Type of vitamin/mineral supplements: Vitamin C,numeric,SCALE,NA,"[{""value"": ""-3.0"", ""label"": ""Unanswered (user not shown question)""}, {""value"": ""-1.0"", ""label"": ""Unanswered""}, {""value"": ""0.0"", ""label"": ""No""}, {""value"": ""1.0"", ""label"": ""Yes""}]"
452,B10ODQVD,Type of vitamin/mineral supplements: Vitamin D,numeric,SCALE,NA,"[{""value"": ""-3.0"", ""label"": ""Unanswered (user not shown question)""}, {""value"": ""-1.0"", ""label"": ""Unanswered""}, {""value"": ""0.0"", ""label"": ""No""}, {""value"": ""1.0"", ""label"": ""Yes""}]"
453,B10ODQVE,Type of vitamin/mineral supplements: Vitamin E,numeric,SCALE,NA,"[{""value"": ""-3.0"", ""label"": ""Unanswered (user not shown question)""}, {""value"": ""-1.0"", ""label"": ""Unanswered""}, {""value"": ""0.0"", ""label"": ""No""}, {""value"": ""1.0"", ""label"": ""Yes""}]"
454,B10ODQFLCA,Type of vitamin/mineral supplements: Folic acid,numeric,SCALE,NA,"[{""value"": ""-3.0"", ""label"": ""Unanswered (user not shown question)""}, {""value"": ""-1.0"", ""label"": ""Unanswered""}, {""value"": ""0.0"", ""label"": ""No""}, {""value"": ""1.0"", ""label"": ""Yes""}]"
455,B10ODQIRON,Type of vitamin/mineral supplements: Iron,numeric,SCALE,NA,"[{""value"": ""-3.0"", ""label"": ""Unanswered (user not shown question)""}, {""value"": ""-1.0"", ""label"": ""Unanswered""}, {""value"": ""0.0"", ""label"": ""No""}, {""value"": ""1.0"", ""label"": ""Yes""}]"
456,B10ODQCALC,Type of vitamin/mineral supplements: Calcium,numeric,SCALE,NA,"[{""value"": ""-3.0"", ""label"": ""Unanswered (user not shown question)""}, {""value"": ""-1.0"", ""label"": ""Unanswered""}, {""value"": ""0.0"", ""label"": ""No""}, {""value"": ""1.0"", ""label"": ""Yes""}]"
457,B10ODQCHRM,Type of vitamin/mineral supplements: Chromium,numeric,SCALE,NA,"[{""value"": ""-3.0"", ""label"": ""Unanswered (user not shown question)""}, {""value"": ""-1.0"", ""label"": ""Unanswered""}, {""value"": ""0.0"", ""label"": ""No""}, {""value"": ""1.0"", ""label"": ""Yes""}]"
458,B10ODQMAGN,Type of vitamin/mineral supplements: Magnesium,numeric,SCALE,NA,"[{""value"": ""-3.0"", ""label"": ""Unanswered (user not shown question)""}, {""value"": ""-1.0"", ""label"": ""Unanswered""}, {""value"": ""0.0"", ""label"": ""No""}, {""value"": ""1.0"", ""label"": ""Yes""}]"
459,B10ODQSLNM,Type of vitamin/mineral supplements: Selenium,numeric,SCALE,NA,"[{""value"": ""-3.0"", ""label"": ""Unanswered (user not shown question)""}, {""value"": ""-1.0"", ""label"": ""Unanswered""}, {""value"": ""0.0"", ""label"": ""No""}, {""value"": ""1.0"", ""label"": ""Yes""}]"
460,B10ODQZINC,Type of vitamin/mineral supplements: Zinc,numeric,SCALE,NA,"[{""value"": ""-3.0"", ""label"": ""Unanswered (user not shown question)""}, {""value"": ""-1.0"", ""label"": ""Unanswered""}, {""value"": ""0.0"", ""label"": ""No""}, {""value"": ""1.0"", ""label"": ""Yes""}]"
461,B10ODQGLCS,Type of vitamin/mineral supplements: Glucosamine/chondroitin,numeric,SCALE,NA,"[{""value"": ""-3.0"", ""label"": ""Unanswered (user not shown question)""}, {""value"": ""-1.0"", ""label"": ""Unanswered""}, {""value"": ""0.0"", ""label"": ""No""}, {""value"": ""1.0"", ""label"": ""Yes""}]"
462,B10ODQFSHO,Type of vitamin/mineral supplements: Fish oil,numeric,SCALE,NA,"[{""value"": ""-3.0"", ""label"": ""Unanswered (user not shown question)""}, {""value"": ""-1.0"", ""label"": ""Unanswered""}, {""value"": ""0.0"", ""label"": ""No""}, {""value"": ""1.0"", ""label"": ""Yes""}]"
463,B10ODQEVPR,Type of vitamin/mineral supplements: Starflower/evening primrose oil,numeric,SCALE,NA,"[{""value"": ""-3.0"", ""label"": ""Unanswered (user not shown question)""}, {""value"": ""-1.0"", ""label"": ""Unanswered""}, {""value"": ""0.0"", ""label"": ""No""}, {""value"": ""1.0"", ""label"": ""Yes""}]"
464,B10ODQVITO,Type of vitamin/mineral supplements: Other vitamins or minerals,numeric,SCALE,NA,"[{""value"": ""-3.0"", ""label"": ""Unanswered (user not shown question)""}, {""value"": ""-1.0"", ""label"": ""Unanswered""}, {""value"": ""0.0"", ""label"": ""No""}, {""value"": ""1.0"", ""label"": ""Yes""}]"
465,B10ODQACT1,"Yesterday, approximate time spent doing vigorous effort activities",numeric,NOMINAL,NA,"[{""value"": ""-3.0"", ""label"": ""Unanswered (user not shown question)""}, {""value"": ""-1.0"", ""label"": ""Unanswered""}, {""value"": ""0.0"", ""label"": ""None""}, {""value"": ""1.0"", ""label"": ""Under 1 hour""}, {""value"": ""10.0"", ""label"": ""Under 10 mins""}, {""value"": ""12.0"", ""label"": ""1-2 hours""}, {""value"": ""13.0"", ""label"": ""1-3 hours""}, {""value"": ""24.0"", ""label"": ""2-4 hours""}, {""value"": ""35.0"", ""label"": ""3-5 hours""}, {""value"": ""46.0"", ""label"": ""4-6 hours""}, {""value"": ""57.0"", ""label"": ""5-7 hours""}, {""value"": ""79.0"", ""label"": ""7-9 hours""}, {""value"": ""600.0"", ""label"": ""6+ hours""}, {""value"": ""912.0"", ""label"": ""9-12 hours""}, {""value"": ""1030.0"", ""label"": ""10-30 mins""}, {""value"": ""1200.0"", ""label"": ""12+ hours""}, {""value"": ""3060.0"", ""label"": ""½ - 1 hour""}]"
466,B10ODQACT2,"Yesterday, approximate time spent doing moderate effort activities",numeric,NOMINAL,NA,"[{""value"": ""-3.0"", ""label"": ""Unanswered (user not shown question)""}, {""value"": ""-1.0"", ""label"": ""Unanswered""}, {""value"": ""0.0"", ""label"": ""None""}, {""value"": ""1.0"", ""label"": ""Under 1 hour""}, {""value"": ""10.0"", ""label"": ""Under 10 mins""}, {""value"": ""12.0"", ""label"": ""1-2 hours""}, {""value"": ""13.0"", ""label"": ""1-3 hours""}, {""value"": ""24.0"", ""label"": ""2-4 hours""}, {""value"": ""35.0"", ""label"": ""3-5 hours""}, {""value"": ""46.0"", ""label"": ""4-6 hours""}, {""value"": ""57.0"", ""label"": ""5-7 hours""}, {""value"": ""79.0"", ""label"": ""7-9 hours""}, {""value"": ""600.0"", ""label"": ""6+ hours""}, {""value"": ""912.0"", ""label"": ""9-12 hours""}, {""value"": ""1030.0"", ""label"": ""10-30 mins""}, {""value"": ""1200.0"", ""label"": ""12+ hours""}, {""value"": ""3060.0"", ""label"": ""½ - 1 hour""}]"
467,B10ODQACT3,"Yesterday, approximate time spent doing light effort activities",numeric,NOMINAL,NA,"[{""value"": ""-3.0"", ""label"": ""Unanswered (user not shown question)""}, {""value"": ""-1.0"", ""label"": ""Unanswered""}, {""value"": ""0.0"", ""label"": ""None""}, {""value"": ""1.0"", ""label"": ""Under 1 hour""}, {""value"": ""10.0"", ""label"": ""Under 10 mins""}, {""value"": ""12.0"", ""label"": ""1-2 hours""}, {""value"": ""13.0"", ""label"": ""1-3 hours""}, {""value"": ""24.0"", ""label"": ""2-4 hours""}, {""value"": ""35.0"", ""label"": ""3-5 hours""}, {""value"": ""46.0"", ""label"": ""4-6 hours""}, {""value"": ""57.0"", ""label"": ""5-7 hours""}, {""value"": ""79.0"", ""label"": ""7-9 hours""}, {""value"": ""600.0"", ""label"": ""6+ hours""}, {""value"": ""912.0"", ""label"": ""9-12 hours""}, {""value"": ""1030.0"", ""label"": ""10-30 mins""}, {""value"": ""1200.0"", ""label"": ""12+ hours""}, {""value"": ""3060.0"", ""label"": ""½ - 1 hour""}]"
468,B10ODQFDWT,Calculated Food weight (g) in diet (excluding supplements),numeric,SCALE,NA,[]
469,B10ODQENGY,Calculated Energy (kJ) in diet (excluding supplements),numeric,SCALE,NA,[]
470,B10ODQPROT,Calculated Protein (g) in diet (excluding supplements),numeric,SCALE,NA,[]
471,B10ODQFAT,Calculated Total fat (g) in diet (excluding supplements),numeric,SCALE,NA,[]
472,B10ODQCARB,Calculated Carbohydrate (g) in diet (excluding supplements),numeric,SCALE,NA,[]
473,B10ODQSTFT,Calculated Saturated fat (g) in diet (excluding supplements),numeric,SCALE,NA,[]
474,B10ODQPOLY,Calculated Polyunsaturated fat (g) in diet (excluding supplements),numeric,SCALE,NA,[]
475,B10ODQTSUG,Calculated Total sugars (g) in diet (excluding supplements),numeric,SCALE,NA,[]
476,B10ODQENGF,Calculated Englyst fibre (g) in diet (excluding supplements),numeric,SCALE,NA,[]
477,B10ODQCA,Calculated Calcium (mg) in diet (excluding supplements),numeric,SCALE,NA,[]
478,B10ODQFE,Calculated Iron (mg) in diet (excluding supplements),numeric,SCALE,NA,[]
479,B10ODQTB6,Calculated Vitamin B6 (mg) in diet (excluding supplements),numeric,SCALE,NA,[]
480,B10ODQTB12,Calculated Vitamin B12 (ug) in diet (excluding supplements),numeric,SCALE,NA,[]
481,B10ODQFOLT,Calculated Folate (ug) in diet (excluding supplements),numeric,SCALE,NA,[]
482,B10ODQVITC,Calculated Vitamin C (mg) in diet (excluding supplements),numeric,SCALE,NA,[]
483,B10ODQK,Calculated Potassium (mg) in diet (excluding supplements),numeric,SCALE,NA,[]
484,B10ODQMG,Calculated Magnesium (mg) in diet (excluding supplements),numeric,SCALE,NA,[]
485,B10ODQRET,Calculated Retinol (ug) in diet (excluding supplements),numeric,SCALE,NA,[]
486,B10ODQCARQ,Calculated Carotene (ug) in diet (excluding supplements),numeric,SCALE,NA,[]
487,B10ODQVITE,Calculated Vitamin E (mg) in diet (excluding supplements),numeric,SCALE,NA,[]
488,B10ODQVITD,Calculated Vitamin D (ug) in diet (excluding supplements),numeric,SCALE,NA,[]
489,B10ODQALCO,Calculated Alcohol (g) in diet (excluding supplements),numeric,SCALE,NA,[]
490,B10ODQSTAR,Calculated Starch (g) in diet (excluding supplements),numeric,SCALE,NA,[]
