pos,variable,variable_label,variable_type,measurement_level,spss_user_missing_values,value_labels_json
1,BCSID,research case identifier,NA,NA,NA,[]
1,B10Q20A,Number of times CM climbs up a flight of stairs (approx 10 steps) at work,numeric,NOMINAL,-9.0 thru -8.0 and -1.0,"[{""value"":""-9.0"",""label"":""Not answered""},{""value"":""-8.0"",""label"":""Invalid answer, mulitple responses""},{""value"":""-1.0"",""label"":""Not applicable""},{""value"":""1.0"",""label"":""None""},{""value"":""2.0"",""label"":""1 to 5 times a day""},{""value"":""3.0"",""label"":""6 to 10 times a day""},{""value"":""4.0"",""label"":""11 to 15 times a day""},{""value"":""5.0"",""label"":""16 to 20 times a day""},{""value"":""6.0"",""label"":""More than 20 times a day""}]"
1,B10Q20B,Number of times CM climbs up a ladder at work,numeric,NOMINAL,-9.0 thru -8.0 and -1.0,"[{""value"":""-9.0"",""label"":""Not answered""},{""value"":""-8.0"",""label"":""Invalid answer, mulitple responses""},{""value"":""-1.0"",""label"":""Not applicable""},{""value"":""1.0"",""label"":""None""},{""value"":""2.0"",""label"":""1 to 5 times a day""},{""value"":""3.0"",""label"":""6 to 10 times a day""},{""value"":""4.0"",""label"":""11 to 15 times a day""},{""value"":""5.0"",""label"":""16 to 20 times a day""},{""value"":""6.0"",""label"":""More than 20 times a day""}]"
1,B10Q21A,On average working day does CM: kneel for more than one hour in total,numeric,NOMINAL,-9.0 thru -8.0 and -1.0,"[{""value"":""-9.0"",""label"":""Not answered""},{""value"":""-8.0"",""label"":""Invalid answer, mulitple responses""},{""value"":""-1.0"",""label"":""Not applicable""},{""value"":""1.0"",""label"":""Yes""},{""value"":""2.0"",""label"":""No""}]"
1,B10Q21B,On average working day does CM: squat for more than one hour in total,numeric,NOMINAL,-9.0 thru -8.0 and -1.0,"[{""value"":""-9.0"",""label"":""Not answered""},{""value"":""-8.0"",""label"":""Invalid answer, mulitple responses""},{""value"":""-1.0"",""label"":""Not applicable""},{""value"":""1.0"",""label"":""Yes""},{""value"":""2.0"",""label"":""No""}]"
1,B10Q21C,On average working day does CM: get up from kneeling/squatting over 30 times,numeric,NOMINAL,-9.0 thru -8.0 and -1.0,"[{""value"":""-9.0"",""label"":""Not answered""},{""value"":""-8.0"",""label"":""Invalid answer, mulitple responses""},{""value"":""-1.0"",""label"":""Not applicable""},{""value"":""1.0"",""label"":""Yes""},{""value"":""2.0"",""label"":""No""}]"
1,B10Q22,Roughly how many miles from home to job ('0' if CM works at home),numeric,SCALE,-9.0 thru -8.0 and -1.0,"[{""value"":""-9.0"",""label"":""Not answered""},{""value"":""-8.0"",""label"":""Invalid answer, mulitple responses""},{""value"":""-1.0"",""label"":""Not applicable""}]"
1,B10Q22MID,Mid-point used at Q22,numeric,NOMINAL,-9.0 thru -8.0 and -1.0,"[{""value"":""-9.0"",""label"":""Not answered""},{""value"":""-8.0"",""label"":""Invalid answer, mulitple responses""},{""value"":""-1.0"",""label"":""Not applicable""},{""value"":""1.0"",""label"":""Yes""}]"
1,B10Q23,How many times a week CM travels from home to job ('0' if CM works at home),numeric,SCALE,-9.0 thru -8.0 and -1.0,"[{""value"":""-9.0"",""label"":""Not answered""},{""value"":""-8.0"",""label"":""Invalid answer, mulitple responses""},{""value"":""-1.0"",""label"":""Not applicable""}]"
1,B10Q23MID,Mid-point used at Q23,numeric,NOMINAL,-9.0 thru -8.0 and -1.0,"[{""value"":""-9.0"",""label"":""Not answered""},{""value"":""-8.0"",""label"":""Invalid answer, mulitple responses""},{""value"":""-1.0"",""label"":""Not applicable""},{""value"":""1.0"",""label"":""Yes""}]"
1,B10Q24A,How often CM uses Car to travel to job,numeric,NOMINAL,-9.0 thru -8.0 and -1.0,"[{""value"":""-9.0"",""label"":""Not answered""},{""value"":""-8.0"",""label"":""Invalid answer, mulitple responses""},{""value"":""-1.0"",""label"":""Not applicable""},{""value"":""1.0"",""label"":""Always""},{""value"":""2.0"",""label"":""Usually""},{""value"":""3.0"",""label"":""Occasionally""},{""value"":""4.0"",""label"":""Never""}]"
1,B10Q24B,How often CM uses Public transport to travel to job,numeric,NOMINAL,-9.0 thru -8.0 and -1.0,"[{""value"":""-9.0"",""label"":""Not answered""},{""value"":""-8.0"",""label"":""Invalid answer, mulitple responses""},{""value"":""-1.0"",""label"":""Not applicable""},{""value"":""1.0"",""label"":""Always""},{""value"":""2.0"",""label"":""Usually""},{""value"":""3.0"",""label"":""Occasionally""},{""value"":""4.0"",""label"":""Never""}]"
1,B10Q24C,How often CM uses Bicycle to travel to job,numeric,NOMINAL,-9.0 thru -8.0 and -1.0,"[{""value"":""-9.0"",""label"":""Not answered""},{""value"":""-8.0"",""label"":""Invalid answer, mulitple responses""},{""value"":""-1.0"",""label"":""Not applicable""},{""value"":""1.0"",""label"":""Always""},{""value"":""2.0"",""label"":""Usually""},{""value"":""3.0"",""label"":""Occasionally""},{""value"":""4.0"",""label"":""Never""}]"
1,B10Q24D,How often CM walks to travel to job,numeric,NOMINAL,-9.0 thru -8.0 and -1.0,"[{""value"":""-9.0"",""label"":""Not answered""},{""value"":""-8.0"",""label"":""Invalid answer, mulitple responses""},{""value"":""-1.0"",""label"":""Not applicable""},{""value"":""1.0"",""label"":""Always""},{""value"":""2.0"",""label"":""Usually""},{""value"":""3.0"",""label"":""Occasionally""},{""value"":""4.0"",""label"":""Never""}]"
1,B10Q25A,Past 12 months average frequency: Swimming - competitive,numeric,NOMINAL,-9.0 thru -8.0 and -1.0,"[{""value"":""-9.0"",""label"":""Not answered""},{""value"":""-8.0"",""label"":""Invalid answer, mulitple responses""},{""value"":""-1.0"",""label"":""Not applicable""},{""value"":""1.0"",""label"":""None""},{""value"":""2.0"",""label"":""Less than once a month""},{""value"":""3.0"",""label"":""Once a month""},{""value"":""4.0"",""label"":""2 to 3 times a month""},{""value"":""5.0"",""label"":""Once a week""},{""value"":""6.0"",""label"":""2 to 3 times a week""},{""value"":""7.0"",""label"":""4 to 5 times a week""},{""value"":""8.0"",""label"":""6 times a week or more""}]"
1,B10Q25AH,Length of time per occasion: Swimming - competitive (HOURS),numeric,NOMINAL,-9.0 thru -8.0 and -1.0,"[{""value"":""-9.0"",""label"":""Not answered""},{""value"":""-8.0"",""label"":""Invalid answer, mulitple responses""},{""value"":""-1.0"",""label"":""Not applicable""}]"
1,B10Q25AM,Length of time per occasion: Swimming - competitive (MINUTES),numeric,NOMINAL,-9.0 thru -8.0 and -1.0,"[{""value"":""-9.0"",""label"":""Not answered""},{""value"":""-8.0"",""label"":""Invalid answer, mulitple responses""},{""value"":""-1.0"",""label"":""Not applicable""}]"
1,B10Q25B,Past 12 months average frequency: Swimming - leisurely,numeric,NOMINAL,-9.0 thru -8.0 and -1.0,"[{""value"":""-9.0"",""label"":""Not answered""},{""value"":""-8.0"",""label"":""Invalid answer, mulitple responses""},{""value"":""-1.0"",""label"":""Not applicable""},{""value"":""1.0"",""label"":""None""},{""value"":""2.0"",""label"":""Less than once a month""},{""value"":""3.0"",""label"":""Once a month""},{""value"":""4.0"",""label"":""2 to 3 times a month""},{""value"":""5.0"",""label"":""Once a week""},{""value"":""6.0"",""label"":""2 to 3 times a week""},{""value"":""7.0"",""label"":""4 to 5 times a week""},{""value"":""8.0"",""label"":""6 times a week or more""}]"
1,B10Q25BH,Length of time per occasion: Swimming - leisurely (HOURS),numeric,NOMINAL,-9.0 thru -8.0 and -1.0,"[{""value"":""-9.0"",""label"":""Not answered""},{""value"":""-8.0"",""label"":""Invalid answer, mulitple responses""},{""value"":""-1.0"",""label"":""Not applicable""}]"
1,B10Q25BM,Length of time per occasion: Swimming - leisurely (MINUTES),numeric,NOMINAL,-9.0 thru -8.0 and -1.0,"[{""value"":""-9.0"",""label"":""Not answered""},{""value"":""-8.0"",""label"":""Invalid answer, mulitple responses""},{""value"":""-1.0"",""label"":""Not applicable""}]"
1,B10Q25C,Past 12 months average frequency: Backpacking or mountain climbing,numeric,NOMINAL,-9.0 thru -8.0 and -1.0,"[{""value"":""-9.0"",""label"":""Not answered""},{""value"":""-8.0"",""label"":""Invalid answer, mulitple responses""},{""value"":""-1.0"",""label"":""Not applicable""},{""value"":""1.0"",""label"":""None""},{""value"":""2.0"",""label"":""Less than once a month""},{""value"":""3.0"",""label"":""Once a month""},{""value"":""4.0"",""label"":""2 to 3 times a month""},{""value"":""5.0"",""label"":""Once a week""},{""value"":""6.0"",""label"":""2 to 3 times a week""},{""value"":""7.0"",""label"":""4 to 5 times a week""},{""value"":""8.0"",""label"":""6 times a week or more""}]"
1,B10Q25CH,Length of time per occasion: Backpacking or mountain climbing (HOURS),numeric,SCALE,-9.0 thru -8.0 and -1.0,"[{""value"":""-9.0"",""label"":""Not answered""},{""value"":""-8.0"",""label"":""Invalid answer, mulitple responses""},{""value"":""-1.0"",""label"":""Not applicable""}]"
1,B10Q25CM,Length of time per occasion: Backpacking or mountain climbing (MINUTES),numeric,NOMINAL,-9.0 thru -8.0 and -1.0,"[{""value"":""-9.0"",""label"":""Not answered""},{""value"":""-8.0"",""label"":""Invalid answer, mulitple responses""},{""value"":""-1.0"",""label"":""Not applicable""}]"
1,B10Q25D,Past 12 months average frequency: Walking for pleasure,numeric,NOMINAL,-9.0 thru -8.0 and -1.0,"[{""value"":""-9.0"",""label"":""Not answered""},{""value"":""-8.0"",""label"":""Invalid answer, mulitple responses""},{""value"":""-1.0"",""label"":""Not applicable""},{""value"":""1.0"",""label"":""None""},{""value"":""2.0"",""label"":""Less than once a month""},{""value"":""3.0"",""label"":""Once a month""},{""value"":""4.0"",""label"":""2 to 3 times a month""},{""value"":""5.0"",""label"":""Once a week""},{""value"":""6.0"",""label"":""2 to 3 times a week""},{""value"":""7.0"",""label"":""4 to 5 times a week""},{""value"":""8.0"",""label"":""6 times a week or more""}]"
1,B10Q25DH,Length of time per occasion: Walking for pleasure (HOURS),numeric,SCALE,-9.0 thru -8.0 and -1.0,"[{""value"":""-9.0"",""label"":""Not answered""},{""value"":""-8.0"",""label"":""Invalid answer, mulitple responses""},{""value"":""-1.0"",""label"":""Not applicable""}]"
1,B10Q25DM,Length of time per occasion: Walking for pleasure (MINUTES),numeric,NOMINAL,-9.0 thru -8.0 and -1.0,"[{""value"":""-9.0"",""label"":""Not answered""},{""value"":""-8.0"",""label"":""Invalid answer, mulitple responses""},{""value"":""-1.0"",""label"":""Not applicable""}]"
1,B10Q25E,Past 12 months average frequency: Racing or rough terrain cycling,numeric,NOMINAL,-9.0 thru -8.0 and -1.0,"[{""value"":""-9.0"",""label"":""Not answered""},{""value"":""-8.0"",""label"":""Invalid answer, mulitple responses""},{""value"":""-1.0"",""label"":""Not applicable""},{""value"":""1.0"",""label"":""None""},{""value"":""2.0"",""label"":""Less than once a month""},{""value"":""3.0"",""label"":""Once a month""},{""value"":""4.0"",""label"":""2 to 3 times a month""},{""value"":""5.0"",""label"":""Once a week""},{""value"":""6.0"",""label"":""2 to 3 times a week""},{""value"":""7.0"",""label"":""4 to 5 times a week""},{""value"":""8.0"",""label"":""6 times a week or more""}]"
1,B10Q25EH,Length of time per occasion: Racing or rough terrain cycling (HOURS),numeric,NOMINAL,-9.0 thru -8.0 and -1.0,"[{""value"":""-9.0"",""label"":""Not answered""},{""value"":""-8.0"",""label"":""Invalid answer, mulitple responses""},{""value"":""-1.0"",""label"":""Not applicable""}]"
1,B10Q25EM,Length of time per occasion: Racing or rough terrain cycling (MINUTES),numeric,NOMINAL,-9.0 thru -8.0 and -1.0,"[{""value"":""-9.0"",""label"":""Not answered""},{""value"":""-8.0"",""label"":""Invalid answer, mulitple responses""},{""value"":""-1.0"",""label"":""Not applicable""}]"
1,B10Q25F,Past 12 months average frequency: Cycling for pleasure,numeric,NOMINAL,-9.0 thru -8.0 and -1.0,"[{""value"":""-9.0"",""label"":""Not answered""},{""value"":""-8.0"",""label"":""Invalid answer, mulitple responses""},{""value"":""-1.0"",""label"":""Not applicable""},{""value"":""1.0"",""label"":""None""},{""value"":""2.0"",""label"":""Less than once a month""},{""value"":""3.0"",""label"":""Once a month""},{""value"":""4.0"",""label"":""2 to 3 times a month""},{""value"":""5.0"",""label"":""Once a week""},{""value"":""6.0"",""label"":""2 to 3 times a week""},{""value"":""7.0"",""label"":""4 to 5 times a week""},{""value"":""8.0"",""label"":""6 times a week or more""}]"
1,B10Q25FH,Length of time per occasion: Cycling for pleasure (HOURS),numeric,NOMINAL,-9.0 thru -8.0 and -1.0,"[{""value"":""-9.0"",""label"":""Not answered""},{""value"":""-8.0"",""label"":""Invalid answer, mulitple responses""},{""value"":""-1.0"",""label"":""Not applicable""}]"
1,B10Q25FM,Length of time per occasion: Cycling for pleasure (MINUTES),numeric,NOMINAL,-9.0 thru -8.0 and -1.0,"[{""value"":""-9.0"",""label"":""Not answered""},{""value"":""-8.0"",""label"":""Invalid answer, mulitple responses""},{""value"":""-1.0"",""label"":""Not applicable""}]"
1,B10Q25G,Past 12 months average frequency: Mowing the lawn - grass cutting season,numeric,NOMINAL,-9.0 thru -8.0 and -1.0,"[{""value"":""-9.0"",""label"":""Not answered""},{""value"":""-8.0"",""label"":""Invalid answer, mulitple responses""},{""value"":""-1.0"",""label"":""Not applicable""},{""value"":""1.0"",""label"":""None""},{""value"":""2.0"",""label"":""Less than once a month""},{""value"":""3.0"",""label"":""Once a month""},{""value"":""4.0"",""label"":""2 to 3 times a month""},{""value"":""5.0"",""label"":""Once a week""},{""value"":""6.0"",""label"":""2 to 3 times a week""},{""value"":""7.0"",""label"":""4 to 5 times a week""},{""value"":""8.0"",""label"":""6 times a week or more""}]"
1,B10Q25GH,Length of time per occasion: Mowing the lawn (HOURS),numeric,SCALE,-9.0 thru -8.0 and -1.0,"[{""value"":""-9.0"",""label"":""Not answered""},{""value"":""-8.0"",""label"":""Invalid answer, mulitple responses""},{""value"":""-1.0"",""label"":""Not applicable""}]"
1,B10Q25GM,Length of time per occasion: Mowing the lawn (MINUTES),numeric,NOMINAL,-9.0 thru -8.0 and -1.0,"[{""value"":""-9.0"",""label"":""Not answered""},{""value"":""-8.0"",""label"":""Invalid answer, mulitple responses""},{""value"":""-1.0"",""label"":""Not applicable""}]"
1,B10Q25H,Past 12 months average frequency: Watering the lawn or garden in summer,numeric,NOMINAL,-9.0 thru -8.0 and -1.0,"[{""value"":""-9.0"",""label"":""Not answered""},{""value"":""-8.0"",""label"":""Invalid answer, mulitple responses""},{""value"":""-1.0"",""label"":""Not applicable""},{""value"":""1.0"",""label"":""None""},{""value"":""2.0"",""label"":""Less than once a month""},{""value"":""3.0"",""label"":""Once a month""},{""value"":""4.0"",""label"":""2 to 3 times a month""},{""value"":""5.0"",""label"":""Once a week""},{""value"":""6.0"",""label"":""2 to 3 times a week""},{""value"":""7.0"",""label"":""4 to 5 times a week""},{""value"":""8.0"",""label"":""6 times a week or more""}]"
1,B10Q25HHO,Length of time per occasion: Watering the lawn or garden in summer (HOURS),numeric,NOMINAL,-9.0 thru -8.0 and -1.0,"[{""value"":""-9.0"",""label"":""Not answered""},{""value"":""-8.0"",""label"":""Invalid answer, mulitple responses""},{""value"":""-1.0"",""label"":""Not applicable""}]"
1,B10Q25HMI,Length of time per occasion: Watering the lawn or garden in summer (MINUTES),numeric,NOMINAL,-9.0 thru -8.0 and -1.0,"[{""value"":""-9.0"",""label"":""Not answered""},{""value"":""-8.0"",""label"":""Invalid answer, mulitple responses""},{""value"":""-1.0"",""label"":""Not applicable""}]"
1,B10Q25I,"Past 12 months average frequency: Digging, shovelling or chopping wood",numeric,NOMINAL,-9.0 thru -8.0 and -1.0,"[{""value"":""-9.0"",""label"":""Not answered""},{""value"":""-8.0"",""label"":""Invalid answer, mulitple responses""},{""value"":""-1.0"",""label"":""Not applicable""},{""value"":""1.0"",""label"":""None""},{""value"":""2.0"",""label"":""Less than once a month""},{""value"":""3.0"",""label"":""Once a month""},{""value"":""4.0"",""label"":""2 to 3 times a month""},{""value"":""5.0"",""label"":""Once a week""},{""value"":""6.0"",""label"":""2 to 3 times a week""},{""value"":""7.0"",""label"":""4 to 5 times a week""},{""value"":""8.0"",""label"":""6 times a week or more""}]"
1,B10Q25IH,"Length of time per occasion: Digging, shovelling or chopping wood (HOURS)",numeric,NOMINAL,-9.0 thru -8.0 and -1.0,"[{""value"":""-9.0"",""label"":""Not answered""},{""value"":""-8.0"",""label"":""Invalid answer, mulitple responses""},{""value"":""-1.0"",""label"":""Not applicable""}]"
1,B10Q25IM,"Length of time per occasion: Digging, shovelling or chopping wood (MINUTES)",numeric,NOMINAL,-9.0 thru -8.0 and -1.0,"[{""value"":""-9.0"",""label"":""Not answered""},{""value"":""-8.0"",""label"":""Invalid answer, mulitple responses""},{""value"":""-1.0"",""label"":""Not applicable""}]"
1,B10Q25J,Past 12 months average frequency: Weeding or pruning,numeric,NOMINAL,-9.0 thru -8.0 and -1.0,"[{""value"":""-9.0"",""label"":""Not answered""},{""value"":""-8.0"",""label"":""Invalid answer, mulitple responses""},{""value"":""-1.0"",""label"":""Not applicable""},{""value"":""1.0"",""label"":""None""},{""value"":""2.0"",""label"":""Less than once a month""},{""value"":""3.0"",""label"":""Once a month""},{""value"":""4.0"",""label"":""2 to 3 times a month""},{""value"":""5.0"",""label"":""Once a week""},{""value"":""6.0"",""label"":""2 to 3 times a week""},{""value"":""7.0"",""label"":""4 to 5 times a week""},{""value"":""8.0"",""label"":""6 times a week or more""}]"
1,B10Q25JH,Length of time per occasion: Weeding or pruning (HOURS),numeric,NOMINAL,-9.0 thru -8.0 and -1.0,"[{""value"":""-9.0"",""label"":""Not answered""},{""value"":""-8.0"",""label"":""Invalid answer, mulitple responses""},{""value"":""-1.0"",""label"":""Not applicable""}]"
1,B10Q25JM,Length of time per occasion: Weeding or pruning (MINUTES),numeric,NOMINAL,-9.0 thru -8.0 and -1.0,"[{""value"":""-9.0"",""label"":""Not answered""},{""value"":""-8.0"",""label"":""Invalid answer, mulitple responses""},{""value"":""-1.0"",""label"":""Not applicable""}]"
1,B10Q25K,Past 12 months average frequency: DIY - carpentry/home/car maintenance,numeric,NOMINAL,-9.0 thru -8.0 and -1.0,"[{""value"":""-9.0"",""label"":""Not answered""},{""value"":""-8.0"",""label"":""Invalid answer, mulitple responses""},{""value"":""-1.0"",""label"":""Not applicable""},{""value"":""1.0"",""label"":""None""},{""value"":""2.0"",""label"":""Less than once a month""},{""value"":""3.0"",""label"":""Once a month""},{""value"":""4.0"",""label"":""2 to 3 times a month""},{""value"":""5.0"",""label"":""Once a week""},{""value"":""6.0"",""label"":""2 to 3 times a week""},{""value"":""7.0"",""label"":""4 to 5 times a week""},{""value"":""8.0"",""label"":""6 times a week or more""}]"
1,B10Q25KH,Length of time per occasion: DIY - carpentry/home/car maintenance (HOURS),numeric,SCALE,-9.0 thru -8.0 and -1.0,"[{""value"":""-9.0"",""label"":""Not answered""},{""value"":""-8.0"",""label"":""Invalid answer, mulitple responses""},{""value"":""-1.0"",""label"":""Not applicable""}]"
1,B10Q25KM,Length of time per occasion: DIY - carpentry/home/car maintenance (MINUTES),numeric,NOMINAL,-9.0 thru -8.0 and -1.0,"[{""value"":""-9.0"",""label"":""Not answered""},{""value"":""-8.0"",""label"":""Invalid answer, mulitple responses""},{""value"":""-1.0"",""label"":""Not applicable""}]"
1,B10Q25L,Past 12 months average frequency: High impact aerobics or step aerobics,numeric,NOMINAL,-9.0 thru -8.0 and -1.0,"[{""value"":""-9.0"",""label"":""Not answered""},{""value"":""-8.0"",""label"":""Invalid answer, mulitple responses""},{""value"":""-1.0"",""label"":""Not applicable""},{""value"":""1.0"",""label"":""None""},{""value"":""2.0"",""label"":""Less than once a month""},{""value"":""3.0"",""label"":""Once a month""},{""value"":""4.0"",""label"":""2 to 3 times a month""},{""value"":""5.0"",""label"":""Once a week""},{""value"":""6.0"",""label"":""2 to 3 times a week""},{""value"":""7.0"",""label"":""4 to 5 times a week""},{""value"":""8.0"",""label"":""6 times a week or more""}]"
1,B10Q25LH,Length of time per occasion: High impact aerobics or step aerobics (HOURS),numeric,NOMINAL,-9.0 thru -8.0 and -1.0,"[{""value"":""-9.0"",""label"":""Not answered""},{""value"":""-8.0"",""label"":""Invalid answer, mulitple responses""},{""value"":""-1.0"",""label"":""Not applicable""}]"
1,B10Q25LM,Length of time per occasion: High impact aerobics or step aerobics (MINUTES),numeric,NOMINAL,-9.0 thru -8.0 and -1.0,"[{""value"":""-9.0"",""label"":""Not answered""},{""value"":""-8.0"",""label"":""Invalid answer, mulitple responses""},{""value"":""-1.0"",""label"":""Not applicable""}]"
1,B10Q25M,Past 12 months average frequency: Other type of aerobics,numeric,NOMINAL,-9.0 thru -8.0 and -1.0,"[{""value"":""-9.0"",""label"":""Not answered""},{""value"":""-8.0"",""label"":""Invalid answer, mulitple responses""},{""value"":""-1.0"",""label"":""Not applicable""},{""value"":""1.0"",""label"":""None""},{""value"":""2.0"",""label"":""Less than once a month""},{""value"":""3.0"",""label"":""Once a month""},{""value"":""4.0"",""label"":""2 to 3 times a month""},{""value"":""5.0"",""label"":""Once a week""},{""value"":""6.0"",""label"":""2 to 3 times a week""},{""value"":""7.0"",""label"":""4 to 5 times a week""},{""value"":""8.0"",""label"":""6 times a week or more""}]"
1,B10Q25MH,Length of time per occasion: Other type of aerobics (HOURS),numeric,NOMINAL,-9.0 thru -8.0 and -1.0,"[{""value"":""-9.0"",""label"":""Not answered""},{""value"":""-8.0"",""label"":""Invalid answer, mulitple responses""},{""value"":""-1.0"",""label"":""Not applicable""}]"
1,B10Q25MM,Length of time per occasion: Other type of aerobics (MINUTES),numeric,NOMINAL,-9.0 thru -8.0 and -1.0,"[{""value"":""-9.0"",""label"":""Not answered""},{""value"":""-8.0"",""label"":""Invalid answer, mulitple responses""},{""value"":""-1.0"",""label"":""Not applicable""}]"
1,B10Q25N,Past 12 months average frequency: Exercises with weights,numeric,NOMINAL,-9.0 thru -8.0 and -1.0,"[{""value"":""-9.0"",""label"":""Not answered""},{""value"":""-8.0"",""label"":""Invalid answer, mulitple responses""},{""value"":""-1.0"",""label"":""Not applicable""},{""value"":""1.0"",""label"":""None""},{""value"":""2.0"",""label"":""Less than once a month""},{""value"":""3.0"",""label"":""Once a month""},{""value"":""4.0"",""label"":""2 to 3 times a month""},{""value"":""5.0"",""label"":""Once a week""},{""value"":""6.0"",""label"":""2 to 3 times a week""},{""value"":""7.0"",""label"":""4 to 5 times a week""},{""value"":""8.0"",""label"":""6 times a week or more""}]"
1,B10Q25NH,Length of time per occasion: Exercises with weights (HOURS),numeric,NOMINAL,-9.0 thru -8.0 and -1.0,"[{""value"":""-9.0"",""label"":""Not answered""},{""value"":""-8.0"",""label"":""Invalid answer, mulitple responses""},{""value"":""-1.0"",""label"":""Not applicable""}]"
1,B10Q25NM,Length of time per occasion: Exercises with weights (MINUTES),numeric,NOMINAL,-9.0 thru -8.0 and -1.0,"[{""value"":""-9.0"",""label"":""Not answered""},{""value"":""-8.0"",""label"":""Invalid answer, mulitple responses""},{""value"":""-1.0"",""label"":""Not applicable""}]"
1,B10Q25O,Past 12 months average frequency: Conditioning exercises - e.g. exercise bike,numeric,NOMINAL,-9.0 thru -8.0 and -1.0,"[{""value"":""-9.0"",""label"":""Not answered""},{""value"":""-8.0"",""label"":""Invalid answer, mulitple responses""},{""value"":""-1.0"",""label"":""Not applicable""},{""value"":""1.0"",""label"":""None""},{""value"":""2.0"",""label"":""Less than once a month""},{""value"":""3.0"",""label"":""Once a month""},{""value"":""4.0"",""label"":""2 to 3 times a month""},{""value"":""5.0"",""label"":""Once a week""},{""value"":""6.0"",""label"":""2 to 3 times a week""},{""value"":""7.0"",""label"":""4 to 5 times a week""},{""value"":""8.0"",""label"":""6 times a week or more""}]"
1,B10Q25OH,Length of time per occasion: Conditioning exercises (HOURS),numeric,NOMINAL,-9.0 thru -8.0 and -1.0,"[{""value"":""-9.0"",""label"":""Not answered""},{""value"":""-8.0"",""label"":""Invalid answer, mulitple responses""},{""value"":""-1.0"",""label"":""Not applicable""}]"
1,B10Q25OM,Length of time per occasion: Conditioning exercises (MINUTES),numeric,NOMINAL,-9.0 thru -8.0 and -1.0,"[{""value"":""-9.0"",""label"":""Not answered""},{""value"":""-8.0"",""label"":""Invalid answer, mulitple responses""},{""value"":""-1.0"",""label"":""Not applicable""}]"
1,B10Q25P,Past 12 months average frequency: Floor exercises - e.g. yoga,numeric,NOMINAL,-9.0 thru -8.0 and -1.0,"[{""value"":""-9.0"",""label"":""Not answered""},{""value"":""-8.0"",""label"":""Invalid answer, mulitple responses""},{""value"":""-1.0"",""label"":""Not applicable""},{""value"":""1.0"",""label"":""None""},{""value"":""2.0"",""label"":""Less than once a month""},{""value"":""3.0"",""label"":""Once a month""},{""value"":""4.0"",""label"":""2 to 3 times a month""},{""value"":""5.0"",""label"":""Once a week""},{""value"":""6.0"",""label"":""2 to 3 times a week""},{""value"":""7.0"",""label"":""4 to 5 times a week""},{""value"":""8.0"",""label"":""6 times a week or more""}]"
1,B10Q25PH,Length of time per occasion: Floor exercises (HOURS),numeric,NOMINAL,-9.0 thru -8.0 and -1.0,"[{""value"":""-9.0"",""label"":""Not answered""},{""value"":""-8.0"",""label"":""Invalid answer, mulitple responses""},{""value"":""-1.0"",""label"":""Not applicable""}]"
1,B10Q25PM,Length of time per occasion: Floor exercises (MINUTES),numeric,NOMINAL,-9.0 thru -8.0 and -1.0,"[{""value"":""-9.0"",""label"":""Not answered""},{""value"":""-8.0"",""label"":""Invalid answer, mulitple responses""},{""value"":""-1.0"",""label"":""Not applicable""}]"
1,B10Q25Q,Past 12 months average frequency: Dancing - e.g. ballroom or disco,numeric,NOMINAL,-9.0 thru -8.0 and -1.0,"[{""value"":""-9.0"",""label"":""Not answered""},{""value"":""-8.0"",""label"":""Invalid answer, mulitple responses""},{""value"":""-1.0"",""label"":""Not applicable""},{""value"":""1.0"",""label"":""None""},{""value"":""2.0"",""label"":""Less than once a month""},{""value"":""3.0"",""label"":""Once a month""},{""value"":""4.0"",""label"":""2 to 3 times a month""},{""value"":""5.0"",""label"":""Once a week""},{""value"":""6.0"",""label"":""2 to 3 times a week""},{""value"":""7.0"",""label"":""4 to 5 times a week""},{""value"":""8.0"",""label"":""6 times a week or more""}]"
1,B10Q25QH,Length of time per occasion: Dancing (HOURS),numeric,NOMINAL,-9.0 thru -8.0 and -1.0,"[{""value"":""-9.0"",""label"":""Not answered""},{""value"":""-8.0"",""label"":""Invalid answer, mulitple responses""},{""value"":""-1.0"",""label"":""Not applicable""}]"
1,B10Q25QM,Length of time per occasion: Dancing (MINUTES),numeric,NOMINAL,-9.0 thru -8.0 and -1.0,"[{""value"":""-9.0"",""label"":""Not answered""},{""value"":""-8.0"",""label"":""Invalid answer, mulitple responses""},{""value"":""-1.0"",""label"":""Not applicable""}]"
1,B10Q25R,Past 12 months average frequency: Competitive running,numeric,NOMINAL,-9.0 thru -8.0 and -1.0,"[{""value"":""-9.0"",""label"":""Not answered""},{""value"":""-8.0"",""label"":""Invalid answer, mulitple responses""},{""value"":""-1.0"",""label"":""Not applicable""},{""value"":""1.0"",""label"":""None""},{""value"":""2.0"",""label"":""Less than once a month""},{""value"":""3.0"",""label"":""Once a month""},{""value"":""4.0"",""label"":""2 to 3 times a month""},{""value"":""5.0"",""label"":""Once a week""},{""value"":""6.0"",""label"":""2 to 3 times a week""},{""value"":""7.0"",""label"":""4 to 5 times a week""},{""value"":""8.0"",""label"":""6 times a week or more""}]"
1,B10Q25RH,Length of time per occasion: Competitive running (HOURS),numeric,NOMINAL,-9.0 thru -8.0 and -1.0,"[{""value"":""-9.0"",""label"":""Not answered""},{""value"":""-8.0"",""label"":""Invalid answer, mulitple responses""},{""value"":""-1.0"",""label"":""Not applicable""}]"
1,B10Q25RM,Length of time per occasion: Competitive running (MINUTES),numeric,NOMINAL,-9.0 thru -8.0 and -1.0,"[{""value"":""-9.0"",""label"":""Not answered""},{""value"":""-8.0"",""label"":""Invalid answer, mulitple responses""},{""value"":""-1.0"",""label"":""Not applicable""}]"
1,B10Q25S,Past 12 months average frequency: Jogging,numeric,NOMINAL,-9.0 thru -8.0 and -1.0,"[{""value"":""-9.0"",""label"":""Not answered""},{""value"":""-8.0"",""label"":""Invalid answer, mulitple responses""},{""value"":""-1.0"",""label"":""Not applicable""},{""value"":""1.0"",""label"":""None""},{""value"":""2.0"",""label"":""Less than once a month""},{""value"":""3.0"",""label"":""Once a month""},{""value"":""4.0"",""label"":""2 to 3 times a month""},{""value"":""5.0"",""label"":""Once a week""},{""value"":""6.0"",""label"":""2 to 3 times a week""},{""value"":""7.0"",""label"":""4 to 5 times a week""},{""value"":""8.0"",""label"":""6 times a week or more""}]"
1,B10Q25SH,Length of time per occasion: Jogging (HOURS),numeric,NOMINAL,-9.0 thru -8.0 and -1.0,"[{""value"":""-9.0"",""label"":""Not answered""},{""value"":""-8.0"",""label"":""Invalid answer, mulitple responses""},{""value"":""-1.0"",""label"":""Not applicable""}]"
1,B10Q25SM,Length of time per occasion: Jogging (MINUTES),numeric,NOMINAL,-9.0 thru -8.0 and -1.0,"[{""value"":""-9.0"",""label"":""Not answered""},{""value"":""-8.0"",""label"":""Invalid answer, mulitple responses""},{""value"":""-1.0"",""label"":""Not applicable""}]"
1,B10Q25T,"Past 12 months average frequency: Bowling - indoor, lawn or 10 pin",numeric,NOMINAL,-9.0 thru -8.0 and -1.0,"[{""value"":""-9.0"",""label"":""Not answered""},{""value"":""-8.0"",""label"":""Invalid answer, mulitple responses""},{""value"":""-1.0"",""label"":""Not applicable""},{""value"":""1.0"",""label"":""None""},{""value"":""2.0"",""label"":""Less than once a month""},{""value"":""3.0"",""label"":""Once a month""},{""value"":""4.0"",""label"":""2 to 3 times a month""},{""value"":""5.0"",""label"":""Once a week""},{""value"":""6.0"",""label"":""2 to 3 times a week""},{""value"":""7.0"",""label"":""4 to 5 times a week""},{""value"":""8.0"",""label"":""6 times a week or more""}]"
1,B10Q25TH,Length of time per occasion: Bowling (HOURS),numeric,NOMINAL,-9.0 thru -8.0 and -1.0,"[{""value"":""-9.0"",""label"":""Not answered""},{""value"":""-8.0"",""label"":""Invalid answer, mulitple responses""},{""value"":""-1.0"",""label"":""Not applicable""}]"
1,B10Q25TM,Length of time per occasion: Bowling (MINUTES),numeric,NOMINAL,-9.0 thru -8.0 and -1.0,"[{""value"":""-9.0"",""label"":""Not answered""},{""value"":""-8.0"",""label"":""Invalid answer, mulitple responses""},{""value"":""-1.0"",""label"":""Not applicable""}]"
1,B10Q25U,Past 12 months average frequency: Tennis or badminton,numeric,NOMINAL,-9.0 thru -8.0 and -1.0,"[{""value"":""-9.0"",""label"":""Not answered""},{""value"":""-8.0"",""label"":""Invalid answer, mulitple responses""},{""value"":""-1.0"",""label"":""Not applicable""},{""value"":""1.0"",""label"":""None""},{""value"":""2.0"",""label"":""Less than once a month""},{""value"":""3.0"",""label"":""Once a month""},{""value"":""4.0"",""label"":""2 to 3 times a month""},{""value"":""5.0"",""label"":""Once a week""},{""value"":""6.0"",""label"":""2 to 3 times a week""},{""value"":""7.0"",""label"":""4 to 5 times a week""},{""value"":""8.0"",""label"":""6 times a week or more""}]"
1,B10Q25UH,Length of time per occasion: Tennis or badminton (HOURS),numeric,NOMINAL,-9.0 thru -8.0 and -1.0,"[{""value"":""-9.0"",""label"":""Not answered""},{""value"":""-8.0"",""label"":""Invalid answer, mulitple responses""},{""value"":""-1.0"",""label"":""Not applicable""}]"
1,B10Q25UM,Length of time per occasion: Tennis or badminton (MINUTES),numeric,NOMINAL,-9.0 thru -8.0 and -1.0,"[{""value"":""-9.0"",""label"":""Not answered""},{""value"":""-8.0"",""label"":""Invalid answer, mulitple responses""},{""value"":""-1.0"",""label"":""Not applicable""}]"
1,B10Q25V,Past 12 months average frequency: Squash,numeric,NOMINAL,-9.0 thru -8.0 and -1.0,"[{""value"":""-9.0"",""label"":""Not answered""},{""value"":""-8.0"",""label"":""Invalid answer, mulitple responses""},{""value"":""-1.0"",""label"":""Not applicable""},{""value"":""1.0"",""label"":""None""},{""value"":""2.0"",""label"":""Less than once a month""},{""value"":""3.0"",""label"":""Once a month""},{""value"":""4.0"",""label"":""2 to 3 times a month""},{""value"":""5.0"",""label"":""Once a week""},{""value"":""6.0"",""label"":""2 to 3 times a week""},{""value"":""7.0"",""label"":""4 to 5 times a week""},{""value"":""8.0"",""label"":""6 times a week or more""}]"
1,B10Q25VH,Length of time per occasion: Squash (HOURS),numeric,NOMINAL,-9.0 thru -8.0 and -1.0,"[{""value"":""-9.0"",""label"":""Not answered""},{""value"":""-8.0"",""label"":""Invalid answer, mulitple responses""},{""value"":""-1.0"",""label"":""Not applicable""}]"
1,B10Q25VM,Length of time per occasion: Squash (MINUTES),numeric,NOMINAL,-9.0 thru -8.0 and -1.0,"[{""value"":""-9.0"",""label"":""Not answered""},{""value"":""-8.0"",""label"":""Invalid answer, mulitple responses""},{""value"":""-1.0"",""label"":""Not applicable""}]"
1,B10Q25W,Past 12 months average frequency: Table tennis,numeric,NOMINAL,-9.0 thru -8.0 and -1.0,"[{""value"":""-9.0"",""label"":""Not answered""},{""value"":""-8.0"",""label"":""Invalid answer, mulitple responses""},{""value"":""-1.0"",""label"":""Not applicable""},{""value"":""1.0"",""label"":""None""},{""value"":""2.0"",""label"":""Less than once a month""},{""value"":""3.0"",""label"":""Once a month""},{""value"":""4.0"",""label"":""2 to 3 times a month""},{""value"":""5.0"",""label"":""Once a week""},{""value"":""6.0"",""label"":""2 to 3 times a week""},{""value"":""7.0"",""label"":""4 to 5 times a week""},{""value"":""8.0"",""label"":""6 times a week or more""}]"
1,B10Q25WH,Length of time per occasion: Table tennis (HOURS),numeric,NOMINAL,-9.0 thru -8.0 and -1.0,"[{""value"":""-9.0"",""label"":""Not answered""},{""value"":""-8.0"",""label"":""Invalid answer, mulitple responses""},{""value"":""-1.0"",""label"":""Not applicable""}]"
1,B10Q25WM,Length of time per occasion: Table tennis (MINUTES),numeric,NOMINAL,-9.0 thru -8.0 and -1.0,"[{""value"":""-9.0"",""label"":""Not answered""},{""value"":""-8.0"",""label"":""Invalid answer, mulitple responses""},{""value"":""-1.0"",""label"":""Not applicable""}]"
1,B10Q25X,Past 12 months average frequency: Golf,numeric,NOMINAL,-9.0 thru -8.0 and -1.0,"[{""value"":""-9.0"",""label"":""Not answered""},{""value"":""-8.0"",""label"":""Invalid answer, mulitple responses""},{""value"":""-1.0"",""label"":""Not applicable""},{""value"":""1.0"",""label"":""None""},{""value"":""2.0"",""label"":""Less than once a month""},{""value"":""3.0"",""label"":""Once a month""},{""value"":""4.0"",""label"":""2 to 3 times a month""},{""value"":""5.0"",""label"":""Once a week""},{""value"":""6.0"",""label"":""2 to 3 times a week""},{""value"":""7.0"",""label"":""4 to 5 times a week""},{""value"":""8.0"",""label"":""6 times a week or more""}]"
1,B10Q25XH,Length of time per occasion: Golf (HOURS),numeric,NOMINAL,-9.0 thru -8.0 and -1.0,"[{""value"":""-9.0"",""label"":""Not answered""},{""value"":""-8.0"",""label"":""Invalid answer, mulitple responses""},{""value"":""-1.0"",""label"":""Not applicable""}]"
1,B10Q25XM,Length of time per occasion: Golf (MINUTES),numeric,NOMINAL,-9.0 thru -8.0 and -1.0,"[{""value"":""-9.0"",""label"":""Not answered""},{""value"":""-8.0"",""label"":""Invalid answer, mulitple responses""},{""value"":""-1.0"",""label"":""Not applicable""}]"
1,B10Q25Y,"Past 12 months average frequency: Football, rugby or hockey (during season)",numeric,NOMINAL,-9.0 thru -8.0 and -1.0,"[{""value"":""-9.0"",""label"":""Not answered""},{""value"":""-8.0"",""label"":""Invalid answer, mulitple responses""},{""value"":""-1.0"",""label"":""Not applicable""},{""value"":""1.0"",""label"":""None""},{""value"":""2.0"",""label"":""Less than once a month""},{""value"":""3.0"",""label"":""Once a month""},{""value"":""4.0"",""label"":""2 to 3 times a month""},{""value"":""5.0"",""label"":""Once a week""},{""value"":""6.0"",""label"":""2 to 3 times a week""},{""value"":""7.0"",""label"":""4 to 5 times a week""},{""value"":""8.0"",""label"":""6 times a week or more""}]"
1,B10Q25YH,"Length of time per occasion: Football, rugby or hockey (HOURS)",numeric,NOMINAL,-9.0 thru -8.0 and -1.0,"[{""value"":""-9.0"",""label"":""Not answered""},{""value"":""-8.0"",""label"":""Invalid answer, mulitple responses""},{""value"":""-1.0"",""label"":""Not applicable""}]"
1,B10Q25YM,"Length of time per occasion: Football, rugby or hockey (MINUTES)",numeric,NOMINAL,-9.0 thru -8.0 and -1.0,"[{""value"":""-9.0"",""label"":""Not answered""},{""value"":""-8.0"",""label"":""Invalid answer, mulitple responses""},{""value"":""-1.0"",""label"":""Not applicable""}]"
1,B10Q25Z,Past 12 months average frequency: Cricket (during season),numeric,NOMINAL,-9.0 thru -8.0 and -1.0,"[{""value"":""-9.0"",""label"":""Not answered""},{""value"":""-8.0"",""label"":""Invalid answer, mulitple responses""},{""value"":""-1.0"",""label"":""Not applicable""},{""value"":""1.0"",""label"":""None""},{""value"":""2.0"",""label"":""Less than once a month""},{""value"":""3.0"",""label"":""Once a month""},{""value"":""4.0"",""label"":""2 to 3 times a month""},{""value"":""5.0"",""label"":""Once a week""},{""value"":""6.0"",""label"":""2 to 3 times a week""},{""value"":""7.0"",""label"":""4 to 5 times a week""},{""value"":""8.0"",""label"":""6 times a week or more""}]"
1,B10Q25ZH,Length of time per occasion: Cricket (HOURS),numeric,NOMINAL,-9.0 thru -8.0 and -1.0,"[{""value"":""-9.0"",""label"":""Not answered""},{""value"":""-8.0"",""label"":""Invalid answer, mulitple responses""},{""value"":""-1.0"",""label"":""Not applicable""}]"
1,B10Q25ZM,Length of time per occasion: Cricket (MINUTES),numeric,NOMINAL,-9.0 thru -8.0 and -1.0,"[{""value"":""-9.0"",""label"":""Not answered""},{""value"":""-8.0"",""label"":""Invalid answer, mulitple responses""},{""value"":""-1.0"",""label"":""Not applicable""}]"
1,B10Q25AA,Past 12 months average frequency: Rowing,numeric,NOMINAL,-9.0 thru -8.0 and -1.0,"[{""value"":""-9.0"",""label"":""Not answered""},{""value"":""-8.0"",""label"":""Invalid answer, mulitple responses""},{""value"":""-1.0"",""label"":""Not applicable""},{""value"":""1.0"",""label"":""None""},{""value"":""2.0"",""label"":""Less than once a month""},{""value"":""3.0"",""label"":""Once a month""},{""value"":""4.0"",""label"":""2 to 3 times a month""},{""value"":""5.0"",""label"":""Once a week""},{""value"":""6.0"",""label"":""2 to 3 times a week""},{""value"":""7.0"",""label"":""4 to 5 times a week""},{""value"":""8.0"",""label"":""6 times a week or more""}]"
1,B10Q25AAH,Length of time per occasion: Rowing (HOURS),numeric,NOMINAL,-9.0 thru -8.0 and -1.0,"[{""value"":""-9.0"",""label"":""Not answered""},{""value"":""-8.0"",""label"":""Invalid answer, mulitple responses""},{""value"":""-1.0"",""label"":""Not applicable""}]"
1,B10Q25AAM,Length of time per occasion: Rowing (MINUTES),numeric,NOMINAL,-9.0 thru -8.0 and -1.0,"[{""value"":""-9.0"",""label"":""Not answered""},{""value"":""-8.0"",""label"":""Invalid answer, mulitple responses""},{""value"":""-1.0"",""label"":""Not applicable""}]"
1,B10Q25BB,"Past 12 months average frequency: Netball, volleyball or basketball",numeric,NOMINAL,-9.0 thru -8.0 and -1.0,"[{""value"":""-9.0"",""label"":""Not answered""},{""value"":""-8.0"",""label"":""Invalid answer, mulitple responses""},{""value"":""-1.0"",""label"":""Not applicable""},{""value"":""1.0"",""label"":""None""},{""value"":""2.0"",""label"":""Less than once a month""},{""value"":""3.0"",""label"":""Once a month""},{""value"":""4.0"",""label"":""2 to 3 times a month""},{""value"":""5.0"",""label"":""Once a week""},{""value"":""6.0"",""label"":""2 to 3 times a week""},{""value"":""7.0"",""label"":""4 to 5 times a week""},{""value"":""8.0"",""label"":""6 times a week or more""}]"
1,B10Q25BBH,"Length of time per occasion: Netball, volleyball or basketball (HOURS)",numeric,NOMINAL,-9.0 thru -8.0 and -1.0,"[{""value"":""-9.0"",""label"":""Not answered""},{""value"":""-8.0"",""label"":""Invalid answer, mulitple responses""},{""value"":""-1.0"",""label"":""Not applicable""}]"
1,B10Q25BBM,"Length of time per occasion: Netball, volleyball or basketball (MINUTES)",numeric,NOMINAL,-9.0 thru -8.0 and -1.0,"[{""value"":""-9.0"",""label"":""Not answered""},{""value"":""-8.0"",""label"":""Invalid answer, mulitple responses""},{""value"":""-1.0"",""label"":""Not applicable""}]"
1,B10Q25CC,Past 12 months average frequency: Fishing,numeric,NOMINAL,-9.0 thru -8.0 and -1.0,"[{""value"":""-9.0"",""label"":""Not answered""},{""value"":""-8.0"",""label"":""Invalid answer, mulitple responses""},{""value"":""-1.0"",""label"":""Not applicable""},{""value"":""1.0"",""label"":""None""},{""value"":""2.0"",""label"":""Less than once a month""},{""value"":""3.0"",""label"":""Once a month""},{""value"":""4.0"",""label"":""2 to 3 times a month""},{""value"":""5.0"",""label"":""Once a week""},{""value"":""6.0"",""label"":""2 to 3 times a week""},{""value"":""7.0"",""label"":""4 to 5 times a week""},{""value"":""8.0"",""label"":""6 times a week or more""}]"
1,B10Q25CCH,Length of time per occasion: Fishing (HOURS),numeric,NOMINAL,-9.0 thru -8.0 and -1.0,"[{""value"":""-9.0"",""label"":""Not answered""},{""value"":""-8.0"",""label"":""Invalid answer, mulitple responses""},{""value"":""-1.0"",""label"":""Not applicable""}]"
1,B10Q25CCM,Length of time per occasion: Fishing (MINUTES),numeric,NOMINAL,-9.0 thru -8.0 and -1.0,"[{""value"":""-9.0"",""label"":""Not answered""},{""value"":""-8.0"",""label"":""Invalid answer, mulitple responses""},{""value"":""-1.0"",""label"":""Not applicable""}]"
1,B10Q25DD,Past 12 months average frequency: Horse-riding,numeric,NOMINAL,-9.0 thru -8.0 and -1.0,"[{""value"":""-9.0"",""label"":""Not answered""},{""value"":""-8.0"",""label"":""Invalid answer, mulitple responses""},{""value"":""-1.0"",""label"":""Not applicable""},{""value"":""1.0"",""label"":""None""},{""value"":""2.0"",""label"":""Less than once a month""},{""value"":""3.0"",""label"":""Once a month""},{""value"":""4.0"",""label"":""2 to 3 times a month""},{""value"":""5.0"",""label"":""Once a week""},{""value"":""6.0"",""label"":""2 to 3 times a week""},{""value"":""7.0"",""label"":""4 to 5 times a week""},{""value"":""8.0"",""label"":""6 times a week or more""}]"
1,B10Q25DDH,Length of time per occasion: Horse-riding (HOURS),numeric,NOMINAL,-9.0 thru -8.0 and -1.0,"[{""value"":""-9.0"",""label"":""Not answered""},{""value"":""-8.0"",""label"":""Invalid answer, mulitple responses""},{""value"":""-1.0"",""label"":""Not applicable""}]"
1,B10Q25DDM,Length of time per occasion: Horse-riding (MINUTES),numeric,NOMINAL,-9.0 thru -8.0 and -1.0,"[{""value"":""-9.0"",""label"":""Not answered""},{""value"":""-8.0"",""label"":""Invalid answer, mulitple responses""},{""value"":""-1.0"",""label"":""Not applicable""}]"
1,B10Q25EE,"Past 12 months average frequency: Snooker, billiards or darts",numeric,NOMINAL,-9.0 thru -8.0 and -1.0,"[{""value"":""-9.0"",""label"":""Not answered""},{""value"":""-8.0"",""label"":""Invalid answer, mulitple responses""},{""value"":""-1.0"",""label"":""Not applicable""},{""value"":""1.0"",""label"":""None""},{""value"":""2.0"",""label"":""Less than once a month""},{""value"":""3.0"",""label"":""Once a month""},{""value"":""4.0"",""label"":""2 to 3 times a month""},{""value"":""5.0"",""label"":""Once a week""},{""value"":""6.0"",""label"":""2 to 3 times a week""},{""value"":""7.0"",""label"":""4 to 5 times a week""},{""value"":""8.0"",""label"":""6 times a week or more""}]"
1,B10Q25EEH,"Length of time per occasion: Snooker, billiards or darts (HOURS)",numeric,NOMINAL,-9.0 thru -8.0 and -1.0,"[{""value"":""-9.0"",""label"":""Not answered""},{""value"":""-8.0"",""label"":""Invalid answer, mulitple responses""},{""value"":""-1.0"",""label"":""Not applicable""}]"
1,B10Q25EEM,"Length of time per occasion: Snooker, billiards or darts (MINUTES)",numeric,NOMINAL,-9.0 thru -8.0 and -1.0,"[{""value"":""-9.0"",""label"":""Not answered""},{""value"":""-8.0"",""label"":""Invalid answer, mulitple responses""},{""value"":""-1.0"",""label"":""Not applicable""}]"
1,B10Q25FF,"Past 12 months average frequency: Musical instrument, playing or singing",numeric,NOMINAL,-9.0 thru -8.0 and -1.0,"[{""value"":""-9.0"",""label"":""Not answered""},{""value"":""-8.0"",""label"":""Invalid answer, mulitple responses""},{""value"":""-1.0"",""label"":""Not applicable""},{""value"":""1.0"",""label"":""None""},{""value"":""2.0"",""label"":""Less than once a month""},{""value"":""3.0"",""label"":""Once a month""},{""value"":""4.0"",""label"":""2 to 3 times a month""},{""value"":""5.0"",""label"":""Once a week""},{""value"":""6.0"",""label"":""2 to 3 times a week""},{""value"":""7.0"",""label"":""4 to 5 times a week""},{""value"":""8.0"",""label"":""6 times a week or more""}]"
1,B10Q25FFH,"Length of time per occasion: Musical instrument, playing or singing (HOURS)",numeric,NOMINAL,-9.0 thru -8.0 and -1.0,"[{""value"":""-9.0"",""label"":""Not answered""},{""value"":""-8.0"",""label"":""Invalid answer, mulitple responses""},{""value"":""-1.0"",""label"":""Not applicable""}]"
1,B10Q25FFM,"Length of time per occasion: Musical instrument, playing or singing (MINUTES)",numeric,NOMINAL,-9.0 thru -8.0 and -1.0,"[{""value"":""-9.0"",""label"":""Not answered""},{""value"":""-8.0"",""label"":""Invalid answer, mulitple responses""},{""value"":""-1.0"",""label"":""Not applicable""}]"
1,B10Q25GG,Past 12 months average frequency: Ice-skating,numeric,NOMINAL,-9.0 thru -8.0 and -1.0,"[{""value"":""-9.0"",""label"":""Not answered""},{""value"":""-8.0"",""label"":""Invalid answer, mulitple responses""},{""value"":""-1.0"",""label"":""Not applicable""},{""value"":""1.0"",""label"":""None""},{""value"":""2.0"",""label"":""Less than once a month""},{""value"":""3.0"",""label"":""Once a month""},{""value"":""4.0"",""label"":""2 to 3 times a month""},{""value"":""5.0"",""label"":""Once a week""},{""value"":""6.0"",""label"":""2 to 3 times a week""},{""value"":""7.0"",""label"":""4 to 5 times a week""},{""value"":""8.0"",""label"":""6 times a week or more""}]"
1,B10Q25GGH,Length of time per occasion: Ice-skating (HOURS),numeric,NOMINAL,-9.0 thru -8.0 and -1.0,"[{""value"":""-9.0"",""label"":""Not answered""},{""value"":""-8.0"",""label"":""Invalid answer, mulitple responses""},{""value"":""-1.0"",""label"":""Not applicable""}]"
1,B10Q25GGM,Length of time per occasion: Ice-skating (MINUTES),numeric,NOMINAL,-9.0 thru -8.0 and -1.0,"[{""value"":""-9.0"",""label"":""Not answered""},{""value"":""-8.0"",""label"":""Invalid answer, mulitple responses""},{""value"":""-1.0"",""label"":""Not applicable""}]"
1,B10Q25HH,"Past 12 months average frequency: Sailing, wind-surfing or boating",numeric,NOMINAL,-9.0 thru -8.0 and -1.0,"[{""value"":""-9.0"",""label"":""Not answered""},{""value"":""-8.0"",""label"":""Invalid answer, mulitple responses""},{""value"":""-1.0"",""label"":""Not applicable""},{""value"":""1.0"",""label"":""None""},{""value"":""2.0"",""label"":""Less than once a month""},{""value"":""3.0"",""label"":""Once a month""},{""value"":""4.0"",""label"":""2 to 3 times a month""},{""value"":""5.0"",""label"":""Once a week""},{""value"":""6.0"",""label"":""2 to 3 times a week""},{""value"":""7.0"",""label"":""4 to 5 times a week""},{""value"":""8.0"",""label"":""6 times a week or more""}]"
1,B10Q25HHH,"Length of time per occasion: Sailing, wind-surfing or boating (HOURS)",numeric,NOMINAL,-9.0 thru -8.0 and -1.0,"[{""value"":""-9.0"",""label"":""Not answered""},{""value"":""-8.0"",""label"":""Invalid answer, mulitple responses""},{""value"":""-1.0"",""label"":""Not applicable""}]"
1,B10Q25HHM,"Length of time per occasion: Sailing, wind-surfing or boating (MINUTES)",numeric,NOMINAL,-9.0 thru -8.0 and -1.0,"[{""value"":""-9.0"",""label"":""Not answered""},{""value"":""-8.0"",""label"":""Invalid answer, mulitple responses""},{""value"":""-1.0"",""label"":""Not applicable""}]"
1,B10Q25II,"Past 12 months average frequency: Martial arts, boxing or wrestling",numeric,NOMINAL,-9.0 thru -8.0 and -1.0,"[{""value"":""-9.0"",""label"":""Not answered""},{""value"":""-8.0"",""label"":""Invalid answer, mulitple responses""},{""value"":""-1.0"",""label"":""Not applicable""},{""value"":""1.0"",""label"":""None""},{""value"":""2.0"",""label"":""Less than once a month""},{""value"":""3.0"",""label"":""Once a month""},{""value"":""4.0"",""label"":""2 to 3 times a month""},{""value"":""5.0"",""label"":""Once a week""},{""value"":""6.0"",""label"":""2 to 3 times a week""},{""value"":""7.0"",""label"":""4 to 5 times a week""},{""value"":""8.0"",""label"":""6 times a week or more""}]"
1,B10Q25IIH,"Length of time per occasion: Martial arts, boxing or wrestling (HOURS)",numeric,NOMINAL,-9.0 thru -8.0 and -1.0,"[{""value"":""-9.0"",""label"":""Not answered""},{""value"":""-8.0"",""label"":""Invalid answer, mulitple responses""},{""value"":""-1.0"",""label"":""Not applicable""}]"
1,B10Q25IIM,"Length of time per occasion: Martial arts, boxing or wrestling (MINUTES)",numeric,NOMINAL,-9.0 thru -8.0 and -1.0,"[{""value"":""-9.0"",""label"":""Not answered""},{""value"":""-8.0"",""label"":""Invalid answer, mulitple responses""},{""value"":""-1.0"",""label"":""Not applicable""}]"
1,B10Q26,"Whether CM is currently a member of any organisations, clubs or societies?",numeric,NOMINAL,-9.0 thru -8.0 and -1.0,"[{""value"":""-9.0"",""label"":""Not answered""},{""value"":""-8.0"",""label"":""Invalid answer, mulitple responses""},{""value"":""-1.0"",""label"":""Not applicable""},{""value"":""1.0"",""label"":""Yes""},{""value"":""2.0"",""label"":""No""},{""value"":""3.0"",""label"":""Imputed yes""}]"
1,B10Q27,How often CM participates in meetings/events/activities of any organisations,numeric,NOMINAL,-9.0 thru -8.0 and -1.0,"[{""value"":""-9.0"",""label"":""Not answered""},{""value"":""-8.0"",""label"":""Invalid answer, mulitple responses""},{""value"":""-1.0"",""label"":""Not applicable""},{""value"":""1.0"",""label"":""At least once a week""},{""value"":""2.0"",""label"":""At least once a month""},{""value"":""3.0"",""label"":""Several times a year""},{""value"":""4.0"",""label"":""At least once a year""},{""value"":""5.0"",""label"":""Less often""},{""value"":""6.0"",""label"":""Never""}]"
1,B10Q28A,MAL02: Whether CM feels tired most of the time,numeric,NOMINAL,-9.0 thru -8.0 and -1.0,"[{""value"":""-9.0"",""label"":""Not answered""},{""value"":""-8.0"",""label"":""Invalid answer, mulitple responses""},{""value"":""-1.0"",""label"":""Not applicable""},{""value"":""1.0"",""label"":""Yes""},{""value"":""2.0"",""label"":""No""}]"
1,B10Q28B,MAL03: Whether CM often feels miserable or depressed,numeric,NOMINAL,-9.0 thru -8.0 and -1.0,"[{""value"":""-9.0"",""label"":""Not answered""},{""value"":""-8.0"",""label"":""Invalid answer, mulitple responses""},{""value"":""-1.0"",""label"":""Not applicable""},{""value"":""1.0"",""label"":""Yes""},{""value"":""2.0"",""label"":""No""}]"
1,B10Q28C,MAL05: Whether CM often gets worried about things,numeric,NOMINAL,-9.0 thru -8.0 and -1.0,"[{""value"":""-9.0"",""label"":""Not answered""},{""value"":""-8.0"",""label"":""Invalid answer, mulitple responses""},{""value"":""-1.0"",""label"":""Not applicable""},{""value"":""1.0"",""label"":""Yes""},{""value"":""2.0"",""label"":""No""}]"
1,B10Q28D,MAL09: Whether CM often gets in a violent rage,numeric,NOMINAL,-9.0 thru -8.0 and -1.0,"[{""value"":""-9.0"",""label"":""Not answered""},{""value"":""-8.0"",""label"":""Invalid answer, mulitple responses""},{""value"":""-1.0"",""label"":""Not applicable""},{""value"":""1.0"",""label"":""Yes""},{""value"":""2.0"",""label"":""No""}]"
1,B10Q28E,MAL12: Whether CM often suddenly becomes scared for no good reason,numeric,NOMINAL,-9.0 thru -8.0 and -1.0,"[{""value"":""-9.0"",""label"":""Not answered""},{""value"":""-8.0"",""label"":""Invalid answer, mulitple responses""},{""value"":""-1.0"",""label"":""Not applicable""},{""value"":""1.0"",""label"":""Yes""},{""value"":""2.0"",""label"":""No""}]"
1,B10Q28F,MAL14: Whether CM is easily upset or irritated,numeric,NOMINAL,-9.0 thru -8.0 and -1.0,"[{""value"":""-9.0"",""label"":""Not answered""},{""value"":""-8.0"",""label"":""Invalid answer, mulitple responses""},{""value"":""-1.0"",""label"":""Not applicable""},{""value"":""1.0"",""label"":""Yes""},{""value"":""2.0"",""label"":""No""}]"
1,B10Q28G,MAL16: Whether CM is constantly keyed up and jittery,numeric,NOMINAL,-9.0 thru -8.0 and -1.0,"[{""value"":""-9.0"",""label"":""Not answered""},{""value"":""-8.0"",""label"":""Invalid answer, mulitple responses""},{""value"":""-1.0"",""label"":""Not applicable""},{""value"":""1.0"",""label"":""Yes""},{""value"":""2.0"",""label"":""No""}]"
1,B10Q28H,MAL20: Whether every little thing get on CM's nerves and wears them out,numeric,NOMINAL,-9.0 thru -8.0 and -1.0,"[{""value"":""-9.0"",""label"":""Not answered""},{""value"":""-8.0"",""label"":""Invalid answer, mulitple responses""},{""value"":""-1.0"",""label"":""Not applicable""},{""value"":""1.0"",""label"":""Yes""},{""value"":""2.0"",""label"":""No""}]"
1,B10Q28I,MAL21: Whether CM''s heart often races like mad,numeric,NOMINAL,-9.0 thru -8.0 and -1.0,"[{""value"":""-9.0"",""label"":""Not answered""},{""value"":""-8.0"",""label"":""Invalid answer, mulitple responses""},{""value"":""-1.0"",""label"":""Not applicable""},{""value"":""1.0"",""label"":""Yes""},{""value"":""2.0"",""label"":""No""}]"
1,B10Q29,"Whether CM feels generally most people can be trusted, or can't be too careful",numeric,NOMINAL,-9.0 thru -8.0 and -1.0,"[{""value"":""-9.0"",""label"":""Not answered""},{""value"":""-8.0"",""label"":""Invalid answer, mulitple responses""},{""value"":""-1.0"",""label"":""Not applicable""},{""value"":""1.0"",""label"":""Most people can be trusted""},{""value"":""2.0"",""label"":""Can't be too careful""},{""value"":""3.0"",""label"":""It depends""}]"
1,B10ACTXC01,Reason CM unable to wear monitor: Allergic to plasters or adhesives,numeric,NOMINAL,-9.0 thru -8.0 and -1.0,"[{""value"":""-9.0"",""label"":""Refused""},{""value"":""-8.0"",""label"":""Not known""},{""value"":""-1.0"",""label"":""Not applicable""},{""value"":""0.0"",""label"":""No""},{""value"":""1.0"",""label"":""Yes""}]"
1,B10ACTXC02,Reason CM unable to wear monitor: Allergic to low-density polyethylene,numeric,NOMINAL,-9.0 thru -8.0 and -1.0,"[{""value"":""-9.0"",""label"":""Refused""},{""value"":""-8.0"",""label"":""Not known""},{""value"":""-1.0"",""label"":""Not applicable""},{""value"":""0.0"",""label"":""No""},{""value"":""1.0"",""label"":""Yes""}]"
1,B10ACTXC03,Reason CM unable to wear monitor: Skin cond. prevents wearing monitor?,numeric,NOMINAL,-9.0 thru -8.0 and -1.0,"[{""value"":""-9.0"",""label"":""Refused""},{""value"":""-8.0"",""label"":""Not known""},{""value"":""-1.0"",""label"":""Not applicable""},{""value"":""0.0"",""label"":""No""},{""value"":""1.0"",""label"":""Yes""}]"
1,B10ACTXC04,Reason CM unable to wear monitor: Metal detector/security checkpoint in week,numeric,NOMINAL,-9.0 thru -8.0 and -1.0,"[{""value"":""-9.0"",""label"":""Refused""},{""value"":""-8.0"",""label"":""Not known""},{""value"":""-1.0"",""label"":""Not applicable""},{""value"":""0.0"",""label"":""No""},{""value"":""1.0"",""label"":""Yes""}]"
1,B10ACTXC50,Reason CM unable to wear monitor (other spec): Just not willing,numeric,NOMINAL,-9.0 thru -8.0 and -1.0,"[{""value"":""-9.0"",""label"":""Refused""},{""value"":""-8.0"",""label"":""Not known""},{""value"":""-1.0"",""label"":""Not applicable""},{""value"":""0.0"",""label"":""No""},{""value"":""1.0"",""label"":""Yes""}]"
1,B10ACTXC51,Reason CM unable to wear monitor (other spec): Going on holiday,numeric,NOMINAL,-9.0 thru -8.0 and -1.0,"[{""value"":""-9.0"",""label"":""Refused""},{""value"":""-8.0"",""label"":""Not known""},{""value"":""-1.0"",""label"":""Not applicable""},{""value"":""0.0"",""label"":""No""},{""value"":""1.0"",""label"":""Yes""}]"
1,B10ACTXC52,Reason CM unable to wear monitor (other spec): Issues relating to job,numeric,NOMINAL,-9.0 thru -8.0 and -1.0,"[{""value"":""-9.0"",""label"":""Refused""},{""value"":""-8.0"",""label"":""Not known""},{""value"":""-1.0"",""label"":""Not applicable""},{""value"":""0.0"",""label"":""No""},{""value"":""1.0"",""label"":""Yes""}]"
1,B10ACTXC53,Reason CM unable to wear monitor (other spec): Medical reasons,numeric,NOMINAL,-9.0 thru -8.0 and -1.0,"[{""value"":""-9.0"",""label"":""Refused""},{""value"":""-8.0"",""label"":""Not known""},{""value"":""-1.0"",""label"":""Not applicable""},{""value"":""0.0"",""label"":""No""},{""value"":""1.0"",""label"":""Yes""}]"
1,B10ACTXC54,Reason CM unable to wear monitor (other spec): Probs with equipmnt/forgot lead,numeric,NOMINAL,-9.0 thru -8.0 and -1.0,"[{""value"":""-9.0"",""label"":""Refused""},{""value"":""-8.0"",""label"":""Not known""},{""value"":""-1.0"",""label"":""Not applicable""},{""value"":""0.0"",""label"":""No""},{""value"":""1.0"",""label"":""Yes""}]"
1,B10ACTXC94,Reason CM unable to wear monitor (other spec): Other specific answer,numeric,NOMINAL,-9.0 thru -8.0 and -1.0,"[{""value"":""-9.0"",""label"":""Refused""},{""value"":""-8.0"",""label"":""Not known""},{""value"":""-1.0"",""label"":""Not applicable""},{""value"":""0.0"",""label"":""No""},{""value"":""1.0"",""label"":""Yes""}]"
1,B10ACTXC95,Reason CM unable to wear monitor (other spec): Vague/Irrelevant answer,numeric,NOMINAL,-9.0 thru -8.0 and -1.0,"[{""value"":""-9.0"",""label"":""Refused""},{""value"":""-8.0"",""label"":""Not known""},{""value"":""-1.0"",""label"":""Not applicable""},{""value"":""0.0"",""label"":""No""},{""value"":""1.0"",""label"":""Yes""}]"
1,B10ACTCONS,Whether respondent willing to wear activity monitor,numeric,NOMINAL,-9.0 thru -8.0 and -1.0,"[{""value"":""-9.0"",""label"":""Refused""},{""value"":""-8.0"",""label"":""Not known""},{""value"":""-1.0"",""label"":""Not applicable""},{""value"":""1.0"",""label"":""Yes""},{""value"":""2.0"",""label"":""No""}]"
1,B10ACTRF50,Reason CM unwilling to wear monitor: Just not willing/inconvenient,numeric,NOMINAL,-9.0 thru -8.0 and -1.0,"[{""value"":""-9.0"",""label"":""Refused""},{""value"":""-8.0"",""label"":""Not known""},{""value"":""-1.0"",""label"":""Not applicable""},{""value"":""0.0"",""label"":""No""},{""value"":""1.0"",""label"":""Yes""}]"
1,B10ACTRF51,Reason CM unwilling to wear monitor: Going on holiday/airport security,numeric,NOMINAL,-9.0 thru -8.0 and -1.0,"[{""value"":""-9.0"",""label"":""Refused""},{""value"":""-8.0"",""label"":""Not known""},{""value"":""-1.0"",""label"":""Not applicable""},{""value"":""0.0"",""label"":""No""},{""value"":""1.0"",""label"":""Yes""}]"
1,B10ACTRF52,Reason CM unwilling to wear monitor: Issues relating to job,numeric,NOMINAL,-9.0 thru -8.0 and -1.0,"[{""value"":""-9.0"",""label"":""Refused""},{""value"":""-8.0"",""label"":""Not known""},{""value"":""-1.0"",""label"":""Not applicable""},{""value"":""0.0"",""label"":""No""},{""value"":""1.0"",""label"":""Yes""}]"
1,B10ACTRF53,Reason CM unwilling to wear monitor: Medical procedures/concern sleep diary,numeric,NOMINAL,-9.0 thru -8.0 and -1.0,"[{""value"":""-9.0"",""label"":""Refused""},{""value"":""-8.0"",""label"":""Not known""},{""value"":""-1.0"",""label"":""Not applicable""},{""value"":""0.0"",""label"":""No""},{""value"":""1.0"",""label"":""Yes""}]"
1,B10ACTRF54,Reason CM unwilling to wear monitor: Problems with equipment/forgot lead,numeric,NOMINAL,-9.0 thru -8.0 and -1.0,"[{""value"":""-9.0"",""label"":""Refused""},{""value"":""-8.0"",""label"":""Not known""},{""value"":""-1.0"",""label"":""Not applicable""},{""value"":""0.0"",""label"":""No""},{""value"":""1.0"",""label"":""Yes""}]"
1,B10ACTRF55,Reason CM unwilling to wear monitor: 7 days is too long,numeric,NOMINAL,-9.0 thru -8.0 and -1.0,"[{""value"":""-9.0"",""label"":""Refused""},{""value"":""-8.0"",""label"":""Not known""},{""value"":""-1.0"",""label"":""Not applicable""},{""value"":""0.0"",""label"":""No""},{""value"":""1.0"",""label"":""Yes""}]"
1,B10ACTRF56,Reason CM unwilling to wear monitor: Not happy having it stuck to skin,numeric,NOMINAL,-9.0 thru -8.0 and -1.0,"[{""value"":""-9.0"",""label"":""Refused""},{""value"":""-8.0"",""label"":""Not known""},{""value"":""-1.0"",""label"":""Not applicable""},{""value"":""0.0"",""label"":""No""},{""value"":""1.0"",""label"":""Yes""}]"
1,B10ACTRF57,Reason CM unwilling to wear monitor: Interfere active lifestyle/activity,numeric,NOMINAL,-9.0 thru -8.0 and -1.0,"[{""value"":""-9.0"",""label"":""Refused""},{""value"":""-8.0"",""label"":""Not known""},{""value"":""-1.0"",""label"":""Not applicable""},{""value"":""0.0"",""label"":""No""},{""value"":""1.0"",""label"":""Yes""}]"
1,B10ACTRF58,Reason CM unwilling to wear monitor: Doesn't do any activity,numeric,NOMINAL,-9.0 thru -8.0 and -1.0,"[{""value"":""-9.0"",""label"":""Refused""},{""value"":""-8.0"",""label"":""Not known""},{""value"":""-1.0"",""label"":""Not applicable""},{""value"":""0.0"",""label"":""No""},{""value"":""1.0"",""label"":""Yes""}]"
1,B10ACTRF59,Reason CM unwilling to wear monitor: Already done at 1st visit,numeric,NOMINAL,-9.0 thru -8.0 and -1.0,"[{""value"":""-9.0"",""label"":""Refused""},{""value"":""-8.0"",""label"":""Not known""},{""value"":""-1.0"",""label"":""Not applicable""},{""value"":""0.0"",""label"":""No""},{""value"":""1.0"",""label"":""Yes""}]"
1,B10ACTRF94,Reason CM unwilling to wear monitor: Other specific answer,numeric,NOMINAL,-9.0 thru -8.0 and -1.0,"[{""value"":""-9.0"",""label"":""Refused""},{""value"":""-8.0"",""label"":""Not known""},{""value"":""-1.0"",""label"":""Not applicable""},{""value"":""0.0"",""label"":""No""},{""value"":""1.0"",""label"":""Yes""}]"
1,B10ACTRF95,Reason CM unwilling to wear monitor: Vague/Irrelevant answer,numeric,NOMINAL,-9.0 thru -8.0 and -1.0,"[{""value"":""-9.0"",""label"":""Refused""},{""value"":""-8.0"",""label"":""Not known""},{""value"":""-1.0"",""label"":""Not applicable""},{""value"":""0.0"",""label"":""No""},{""value"":""1.0"",""label"":""Yes""}]"
1,B10ACTSTRT,Whether the activity monitor has started recording data,numeric,NOMINAL,-9.0 thru -8.0 and -1.0,"[{""value"":""-9.0"",""label"":""Refused""},{""value"":""-8.0"",""label"":""Not known""},{""value"":""-1.0"",""label"":""Not applicable""},{""value"":""1.0"",""label"":""Yes""},{""value"":""2.0"",""label"":""No""}]"
1,B10ACTNOWK,Whether the activity monitor has started recording data (2nd attempt),numeric,NOMINAL,-9.0 thru -8.0 and -1.0,"[{""value"":""-9.0"",""label"":""Refused""},{""value"":""-8.0"",""label"":""Not known""},{""value"":""-1.0"",""label"":""Not applicable""},{""value"":""1.0"",""label"":""Yes""},{""value"":""2.0"",""label"":""No""}]"
1,B10ACTVAC,Activity monitor successfully sealed,numeric,NOMINAL,-9.0 thru -8.0 and -1.0,"[{""value"":""-9.0"",""label"":""Refused""},{""value"":""-8.0"",""label"":""Not known""},{""value"":""-1.0"",""label"":""Not applicable""},{""value"":""1.0"",""label"":""Yes""},{""value"":""2.0"",""label"":""No""}]"
1,B10ACTATT,Who attached the activity monitor,numeric,NOMINAL,-9.0 thru -8.0 and -1.0,"[{""value"":""-9.0"",""label"":""Refused""},{""value"":""-8.0"",""label"":""Not known""},{""value"":""-1.0"",""label"":""Not applicable""},{""value"":""1.0"",""label"":""Nurse""},{""value"":""2.0"",""label"":""Respondent""}]"
1,B10ACTTASK,Whether nurse has done all the accelerometry tasks,numeric,NOMINAL,-9.0 thru -8.0 and -1.0,"[{""value"":""-9.0"",""label"":""Refused""},{""value"":""-8.0"",""label"":""Not known""},{""value"":""-1.0"",""label"":""Not applicable""},{""value"":""1.0"",""label"":""Yes""}]"
1,B10NOACRES,Whether wants activity monitor results sent to respondent,numeric,NOMINAL,-9.0 thru -8.0 and -1.0,"[{""value"":""-9.0"",""label"":""Refused""},{""value"":""-8.0"",""label"":""Not known""},{""value"":""-1.0"",""label"":""Not applicable""},{""value"":""1.0"",""label"":""Yes""},{""value"":""2.0"",""label"":""No""}]"
1,B10DIETWIL,Whether respondent willing to do online dietary questionnaire,numeric,NOMINAL,-9.0 thru -8.0 and -1.0,"[{""value"":""-9.0"",""label"":""Refused""},{""value"":""-8.0"",""label"":""Not known""},{""value"":""-1.0"",""label"":""Not applicable""},{""value"":""1.0"",""label"":""Yes""},{""value"":""2.0"",""label"":""Not willing""},{""value"":""3.0"",""label"":""Willing but unable to complete it""}]"
1,B10DIETR01,Reason CM unable/unwilling to take ODQ: No internet access on these days,numeric,NOMINAL,-9.0 thru -8.0 and -1.0,"[{""value"":""-9.0"",""label"":""Refused""},{""value"":""-8.0"",""label"":""Not known""},{""value"":""-1.0"",""label"":""Not applicable""},{""value"":""0.0"",""label"":""No""},{""value"":""1.0"",""label"":""Yes""}]"
1,B10DIETR50,Reason CM unable/unwilling to take ODQ (other spec): Medical reasons,numeric,NOMINAL,-9.0 thru -8.0 and -1.0,"[{""value"":""-9.0"",""label"":""Refused""},{""value"":""-8.0"",""label"":""Not known""},{""value"":""-1.0"",""label"":""Not applicable""},{""value"":""0.0"",""label"":""No""},{""value"":""1.0"",""label"":""Yes""}]"
1,B10DIETR51,Reason CM unable/unwilling to take ODQ (other spec): Away/Too busy,numeric,NOMINAL,-9.0 thru -8.0 and -1.0,"[{""value"":""-9.0"",""label"":""Refused""},{""value"":""-8.0"",""label"":""Not known""},{""value"":""-1.0"",""label"":""Not applicable""},{""value"":""0.0"",""label"":""No""},{""value"":""1.0"",""label"":""Yes""}]"
1,B10DIETR52,Reason CM unable/unwilling to take ODQ (other spec): Doesn't understand,numeric,NOMINAL,-9.0 thru -8.0 and -1.0,"[{""value"":""-9.0"",""label"":""Refused""},{""value"":""-8.0"",""label"":""Not known""},{""value"":""-1.0"",""label"":""Not applicable""},{""value"":""0.0"",""label"":""No""},{""value"":""1.0"",""label"":""Yes""}]"
1,B10DIETR54,Reason CM unable/unwilling to take ODQ (other spec): Already done,numeric,NOMINAL,-9.0 thru -8.0 and -1.0,"[{""value"":""-9.0"",""label"":""Refused""},{""value"":""-8.0"",""label"":""Not known""},{""value"":""-1.0"",""label"":""Not applicable""},{""value"":""0.0"",""label"":""No""},{""value"":""1.0"",""label"":""Yes""}]"
1,B10DIETR53,Reason CM unable/unwilling to take ODQ (other spec): Not interested,numeric,NOMINAL,-9.0 thru -8.0 and -1.0,"[{""value"":""-9.0"",""label"":""Refused""},{""value"":""-8.0"",""label"":""Not known""},{""value"":""-1.0"",""label"":""Not applicable""},{""value"":""0.0"",""label"":""No""},{""value"":""1.0"",""label"":""Yes""}]"
1,B10DIETR94,Reason CM unable/unwilling to take ODQ (other spec): Other specific answer,numeric,NOMINAL,-9.0 thru -8.0 and -1.0,"[{""value"":""-9.0"",""label"":""Refused""},{""value"":""-8.0"",""label"":""Not known""},{""value"":""-1.0"",""label"":""Not applicable""},{""value"":""0.0"",""label"":""No""},{""value"":""1.0"",""label"":""Yes""}]"
1,B10DIETR95,Reason CM unable/unwilling to take ODQ (other spec): Vague/Irrelevant answer,numeric,NOMINAL,-9.0 thru -8.0 and -1.0,"[{""value"":""-9.0"",""label"":""Refused""},{""value"":""-8.0"",""label"":""Not known""},{""value"":""-1.0"",""label"":""Not applicable""},{""value"":""0.0"",""label"":""No""},{""value"":""1.0"",""label"":""Yes""}]"
1,BD10CNTRY,Country of interview,numeric,NOMINAL,NA,"[{""value"":""1.0"",""label"":""England""},{""value"":""2.0"",""label"":""Northern Ireland""},{""value"":""3.0"",""label"":""Scotland""},{""value"":""4.0"",""label"":""Wales""},{""value"":""5.0"",""label"":""Channel Islands""},{""value"":""6.0"",""label"":""Isle of Man""}]"
1,BD10GOR,2010 Government Office Region of residence,numeric,NOMINAL,NA,"[{""value"":""1.0"",""label"":""North East""},{""value"":""2.0"",""label"":""North West""},{""value"":""3.0"",""label"":""Yorkshire and the Humber""},{""value"":""4.0"",""label"":""East Midlands""},{""value"":""5.0"",""label"":""West Midlands""},{""value"":""6.0"",""label"":""East of England""},{""value"":""7.0"",""label"":""London""},{""value"":""8.0"",""label"":""South East""},{""value"":""9.0"",""label"":""South West""},{""value"":""10.0"",""label"":""(pseudo) Wales""},{""value"":""11.0"",""label"":""(pseudo) Scotland""},{""value"":""12.0"",""label"":""(pseudo) Northern Ireland""},{""value"":""13.0"",""label"":""(pseudo) Channel Islands""},{""value"":""14.0"",""label"":""(pseudo) Isle of Man""}]"
1,BD10IMD,2015 Index of Multiple Deprivation rank decile,numeric,SCALE,NA,"[{""value"":""1.0"",""label"":""Most deprived decile""},{""value"":""10.0"",""label"":""Least deprived decile""}]"
1,BD10UR01IND,2001 Urban/rural indicator,numeric,NOMINAL,NA,"[{""value"":""1.0"",""label"":""EW Urban > 10k - sparse""},{""value"":""2.0"",""label"":""EW Town and Fringe - sparse""},{""value"":""3.0"",""label"":""EW Village - sparse""},{""value"":""4.0"",""label"":""EW Hamlet and Isolated Dwelling - sparse""},{""value"":""5.0"",""label"":""EW Urban > 10k - less sparse""},{""value"":""6.0"",""label"":""EW Town and Fringe - less sparse""},{""value"":""7.0"",""label"":""EW Village - less sparse""},{""value"":""8.0"",""label"":""EW Hamlet and Isolated Dwelling - less sparse""},{""value"":""9.0"",""label"":""SCO Large Urban Area""},{""value"":""10.0"",""label"":""SCO Other Urban Area""},{""value"":""11.0"",""label"":""SCO Accessible Small Town""},{""value"":""12.0"",""label"":""SCO Remote Small Town""},{""value"":""13.0"",""label"":""SCO Very Remote Small Town""},{""value"":""14.0"",""label"":""SCO Accessible Rural""},{""value"":""15.0"",""label"":""SCO Remote Rural""},{""value"":""16.0"",""label"":""SCO Very Remote Rural""},{""value"":""24.0"",""label"":""N. Ireland""},{""value"":""25.0"",""label"":""Channel Islands/Isle of Man""}]"
1,BD10AGEINT,(Derived) Age in months at interview,numeric,SCALE,-1.0 thru -8.0 and -9.0,"[{""value"":""-8.0"",""label"":""Not enough information""}]"
1,BD10AGEINTY,(Derived) Age at interview (year part),numeric,SCALE,-1.0 thru -8.0 and -9.0,"[{""value"":""-8.0"",""label"":""Not enough information""}]"
1,BD10AGEINTM,(Derived) Age at interview (month part),numeric,NOMINAL,-1.0 thru -8.0 and -9.0,"[{""value"":""-8.0"",""label"":""Not enough information""}]"
1,BD10NURSEINT,(Derived) Whether interviewed by interviewer or nurse,numeric,NOMINAL,-1.0 thru -8.0 and -9.0,"[{""value"":""1.0"",""label"":""Interviewer modules completed by interviewer""},{""value"":""2.0"",""label"":""Interviewer modules completed by nurse""}]"
1,BD10HSIZE,(Derived) HH Size,numeric,NOMINAL,-1.0 thru -8.0 and -9.0,[]
1,BD10MS,(Derived) CM's legal marital status,numeric,NOMINAL,-1.0 thru -8.0 and -9.0,"[{""value"":""-8.0"",""label"":""No information""},{""value"":""1.0"",""label"":""Legally separated""},{""value"":""2.0"",""label"":""Married""},{""value"":""3.0"",""label"":""Divorced""},{""value"":""4.0"",""label"":""Widowed""},{""value"":""5.0"",""label"":""A Civil Partner""},{""value"":""6.0"",""label"":""A former Civil Partner""},{""value"":""7.0"",""label"":""A surviving Civil Partner""},{""value"":""8.0"",""label"":""Never married or in a Civil Partnership""}]"
1,BD10COHAB,(Derived) Whether CM cohabiting as a couple,numeric,NOMINAL,-1.0 thru -8.0 and -9.0,"[{""value"":""-8.0"",""label"":""No information""},{""value"":""-1.0"",""label"":""Not applicable""},{""value"":""0.0"",""label"":""No""},{""value"":""1.0"",""label"":""Yes""}]"
1,BD10PARTP,(Derived) Whether CM lives with a spouse or partner,numeric,NOMINAL,-1.0 thru -8.0 and -9.0,"[{""value"":""-8.0"",""label"":""Not enough information""},{""value"":""-1.0"",""label"":""No partner reported to be living with CM""},{""value"":""1.0"",""label"":""Spouse""},{""value"":""2.0"",""label"":""Civil partner""},{""value"":""3.0"",""label"":""Cohabiting partner""}]"
1,BD10PAGE,(Derived) Age of CM's partner,numeric,SCALE,-1.0 thru -8.0 and -9.0,"[{""value"":""-8.0"",""label"":""No information""},{""value"":""-1.0"",""label"":""Not applicable""}]"
1,BD10PSEX,(Derived) Gender of CM's partner,numeric,NOMINAL,-1.0 thru -8.0 and -9.0,"[{""value"":""-8.0"",""label"":""No information""},{""value"":""-1.0"",""label"":""Not applicable""},{""value"":""1.0"",""label"":""Male""},{""value"":""2.0"",""label"":""Female""}]"
1,BD10NUMCH,(Derived) Number of children in HH,numeric,NOMINAL,-1.0 thru -8.0 and -9.0,"[{""value"":""-8.0"",""label"":""No information""}]"
1,BD10FATHN,(Derived) Whether CM's Father in HH (incl adoptive/step),numeric,NOMINAL,-1.0 thru -8.0 and -9.0,"[{""value"":""-8.0"",""label"":""No information""},{""value"":""0.0"",""label"":""No""},{""value"":""1.0"",""label"":""Yes""}]"
1,BD10MOTHN,(Derived) Whether CM's Mother in HH (incl adoptive/step),numeric,NOMINAL,-1.0 thru -8.0 and -9.0,"[{""value"":""-8.0"",""label"":""No information""},{""value"":""0.0"",""label"":""No""},{""value"":""1.0"",""label"":""Yes""}]"
1,BD10SIBHN,(Derived) Whether CM's sibling(s) in HH (incl half/step),numeric,NOMINAL,-1.0 thru -8.0 and -9.0,"[{""value"":""-8.0"",""label"":""No information""},{""value"":""0.0"",""label"":""No""},{""value"":""1.0"",""label"":""Yes""}]"
1,BD10SLWHN,(Derived) Whether CM's sibling(s)-in-law in HH,numeric,NOMINAL,-1.0 thru -8.0 and -9.0,"[{""value"":""-8.0"",""label"":""No information""},{""value"":""0.0"",""label"":""No""},{""value"":""1.0"",""label"":""Yes""}]"
1,BD10PLWHN,(Derived) Whether CM's parent(s)-in-law in HH,numeric,NOMINAL,-1.0 thru -8.0 and -9.0,"[{""value"":""-8.0"",""label"":""No information""},{""value"":""0.0"",""label"":""No""},{""value"":""1.0"",""label"":""Yes""}]"
1,BD10GRPHN,(Derived) Whether CM's grandparent(s) in HH,numeric,NOMINAL,-1.0 thru -8.0 and -9.0,"[{""value"":""-8.0"",""label"":""No information""},{""value"":""0.0"",""label"":""No""},{""value"":""1.0"",""label"":""Yes""}]"
1,BD10GRCHN,(Derived) Whether CM's grandchild(ren) in HH,numeric,NOMINAL,-1.0 thru -8.0 and -9.0,"[{""value"":""-8.0"",""label"":""No information""},{""value"":""0.0"",""label"":""No""},{""value"":""1.0"",""label"":""Yes""}]"
1,BD10RELHN,(Derived) Whether CM's other blood relative(s) in HH,numeric,NOMINAL,-1.0 thru -8.0 and -9.0,"[{""value"":""-8.0"",""label"":""No information""},{""value"":""0.0"",""label"":""No""},{""value"":""1.0"",""label"":""Yes""}]"
1,BD10OLWHN,(Derived) Whether CM's in-law(s) in HH (other than parent/sibling),numeric,NOMINAL,-1.0 thru -8.0 and -9.0,"[{""value"":""-8.0"",""label"":""No information""},{""value"":""0.0"",""label"":""No""},{""value"":""1.0"",""label"":""Yes""}]"
1,BD10FNDHN,(Derived) Whether CM's friend/unrelated sharer(s) in HH,numeric,NOMINAL,-1.0 thru -8.0 and -9.0,"[{""value"":""-8.0"",""label"":""No information""},{""value"":""0.0"",""label"":""No""},{""value"":""1.0"",""label"":""Yes""}]"
1,BD10LLDHN,(Derived) Whether CM's landlord in HH,numeric,NOMINAL,-1.0 thru -8.0 and -9.0,"[{""value"":""-8.0"",""label"":""No information""},{""value"":""0.0"",""label"":""No""},{""value"":""1.0"",""label"":""Yes""}]"
1,BD10LOGHN,(Derived) Whether CM's lodger in HH,numeric,NOMINAL,-1.0 thru -8.0 and -9.0,"[{""value"":""-8.0"",""label"":""No information""},{""value"":""0.0"",""label"":""No""},{""value"":""1.0"",""label"":""Yes""}]"
1,BD10EMPHN,(Derived) Whether CM's employer in HH,numeric,NOMINAL,-1.0 thru -8.0 and -9.0,"[{""value"":""-8.0"",""label"":""No information""},{""value"":""0.0"",""label"":""No""},{""value"":""1.0"",""label"":""Yes""}]"
1,BD10NANHN,(Derived) Whether CM's nanny/au pair (or similar) in HH,numeric,NOMINAL,-1.0 thru -8.0 and -9.0,"[{""value"":""-8.0"",""label"":""No information""},{""value"":""0.0"",""label"":""No""},{""value"":""1.0"",""label"":""Yes""}]"
1,BD10OTHHN,(Derived) Whether CM's other non-relative(s) in HH,numeric,NOMINAL,-1.0 thru -8.0 and -9.0,"[{""value"":""-8.0"",""label"":""No information""},{""value"":""0.0"",""label"":""No""},{""value"":""1.0"",""label"":""Yes""}]"
1,BD10NOCHH,(Derived) Number of own children in HH,numeric,NOMINAL,-1.0 thru -8.0 and -9.0,"[{""value"":""-8.0"",""label"":""No information""}]"
1,BD10NPCHH,(Derived) Number of children of current or previous partner in HH,numeric,NOMINAL,-1.0 thru -8.0 and -9.0,"[{""value"":""-8.0"",""label"":""No information""}]"
1,BD10AYCHH,(Derived) Age of youngest child (under 19) in HH,numeric,NOMINAL,-1.0 thru -8.0 and -9.0,"[{""value"":""-1.0"",""label"":""Not applicable""}]"
1,BD10AOCHH,(Derived) Age of oldest child in HH,numeric,SCALE,-1.0 thru -8.0 and -9.0,"[{""value"":""-1.0"",""label"":""Not applicable""}]"
1,BD10AYCOC,(Derived) Age of youngest own child (under 19) in HH or absent,numeric,NOMINAL,-1.0 thru -8.0 and -9.0,"[{""value"":""-1.0"",""label"":""Not applicable""}]"
1,BD10AOCOC,(Derived) Age of oldest own child in HH or absent,numeric,SCALE,-1.0 thru -8.0 and -9.0,"[{""value"":""-1.0"",""label"":""Not applicable""}]"
1,BD10NC2H,(Derived) Number of children aged 0 to 2 in HH,numeric,NOMINAL,-1.0 thru -8.0 and -9.0,[]
1,BD10NC4H,(Derived) Number of children aged 3 to 4 in HH,numeric,NOMINAL,-1.0 thru -8.0 and -9.0,[]
1,BD10NC11H,(Derived) Number of children aged 5 to 11 in HH,numeric,NOMINAL,-1.0 thru -8.0 and -9.0,[]
1,BD10NC15H,(Derived) Number of children aged 12 to 15 in HH,numeric,NOMINAL,-1.0 thru -8.0 and -9.0,[]
1,BD10NC20H,(Derived) Number of children aged 16 to 20 in HH,numeric,NOMINAL,-1.0 thru -8.0 and -9.0,[]
1,BD10NC30H,(Derived) Number of children aged 21 to 30 in HH,numeric,NOMINAL,-1.0 thru -8.0 and -9.0,[]
1,BD10NC31H,(Derived) Number of children aged 31 and over in HH,numeric,NOMINAL,-1.0 thru -8.0 and -9.0,[]
1,BD10NOC2A,(Derived) Number of own children aged 0 to 2 in HH or absent,numeric,NOMINAL,-1.0 thru -8.0 and -9.0,[]
1,BD10NOC4A,(Derived) Number of own children aged 3 to 4 in HH or absent,numeric,NOMINAL,-1.0 thru -8.0 and -9.0,[]
1,BD10NOC11A,(Derived) Number of own children aged 5 to 11 in HH or absent,numeric,NOMINAL,-1.0 thru -8.0 and -9.0,[]
1,BD10NOC15A,(Derived) Number of own children aged 12 to 15 in HH or absent,numeric,NOMINAL,-1.0 thru -8.0 and -9.0,[]
1,BD10NOC20A,(Derived) Number of own children aged 16 to 20 in HH or absent,numeric,NOMINAL,-1.0 thru -8.0 and -9.0,[]
1,BD10NOC30A,(Derived) Number of own children aged 21 to 30 in HH or absent,numeric,NOMINAL,-1.0 thru -8.0 and -9.0,[]
1,BD10NOC31A,(Derived) Number of own children aged 31 and over in HH or absent,numeric,NOMINAL,-1.0 thru -8.0 and -9.0,[]
1,BD10NACAB,(Derived) Number of absent children (including step-children etc),numeric,NOMINAL,-1.0 thru -8.0 and -9.0,[]
1,BD10NOCAB,(Derived) Number of absent children - own children only,numeric,NOMINAL,-1.0 thru -8.0 and -9.0,[]
1,BD10TOTAC,"(Derived) Total number of children (in HH or absent, incl. step-children etc)",numeric,NOMINAL,-1.0 thru -8.0 and -9.0,[]
1,BD10TOTOC,(Derived) Total number of children (in HH or absent) - own children only,numeric,NOMINAL,-1.0 thru -8.0 and -9.0,[]
1,BD10WCDIE,(Derived) Whether had any (own) children who have died,numeric,NOMINAL,-1.0 thru -8.0 and -9.0,"[{""value"":""-9.0"",""label"":""Refusal""},{""value"":""-8.0"",""label"":""Not enough information""},{""value"":""-1.0"",""label"":""Not applicable""},{""value"":""0.0"",""label"":""No""},{""value"":""1.0"",""label"":""Yes""}]"
1,BD10NCDIE,(Derived) Number of own children who have died,numeric,NOMINAL,-1.0 thru -8.0 and -9.0,[]
1,BD10TOTCE,(Derived) Total number of children ever had,numeric,NOMINAL,-1.0 thru -8.0 and -9.0,[]
1,BD10WOHHM,(Derived) Whether CM lives with others (beyond partner and own children),numeric,NOMINAL,-1.0 thru -8.0 and -9.0,"[{""value"":""-8.0"",""label"":""No information""},{""value"":""0.0"",""label"":""No""},{""value"":""1.0"",""label"":""Yes""}]"
1,BD10NOHHM,(Derived) Number of other HH members (beyond partner and own children),numeric,NOMINAL,-1.0 thru -8.0 and -9.0,[]
1,BD10MALIV,(Derived) Whether mother alive,numeric,NOMINAL,-1.0 thru -8.0 and -9.0,"[{""value"":""-8.0"",""label"":""Not enough information""},{""value"":""0.0"",""label"":""Yes in household""},{""value"":""1.0"",""label"":""Yes""},{""value"":""2.0"",""label"":""No""},{""value"":""3.0"",""label"":""No - reported dead previously""}]"
1,BD10PALIV,(Derived) Whether father alive,numeric,NOMINAL,-1.0 thru -8.0 and -9.0,"[{""value"":""-8.0"",""label"":""Not enough information""},{""value"":""0.0"",""label"":""Yes in household""},{""value"":""1.0"",""label"":""Yes""},{""value"":""2.0"",""label"":""No""},{""value"":""3.0"",""label"":""No - reported dead previously""}]"
1,BD10TENURE,(Derived) Housing Tenure,numeric,NOMINAL,-1.0 thru -8.0 and -9.0,"[{""value"":""-8.0"",""label"":""No information""},{""value"":""1.0"",""label"":""Own outright""},{""value"":""2.0"",""label"":""Own, buying with help of mortgage/loan""},{""value"":""3.0"",""label"":""Part rent, part mortgage (shared equity)""},{""value"":""4.0"",""label"":""Rent it""},{""value"":""5.0"",""label"":""Live rent-free, incl. relatives/friends""},{""value"":""6.0"",""label"":""Squatting""},{""value"":""7.0"",""label"":""Other""}]"
1,BD10RENTFROM,(Derived) Who rents from,numeric,NOMINAL,-1.0 thru -8.0 and -9.0,"[{""value"":""-8.0"",""label"":""No information""},{""value"":""-1.0"",""label"":""Not applicable""},{""value"":""1.0"",""label"":""A Local Authority""},{""value"":""2.0"",""label"":""A Housing Association""},{""value"":""3.0"",""label"":""A Private landlord""},{""value"":""4.0"",""label"":""A Parent""},{""value"":""5.0"",""label"":""Someone else""}]"
1,BD10WHOTEN,(Derived) Whose name is accommodation held in,numeric,NOMINAL,-1.0 thru -8.0 and -9.0,"[{""value"":""-8.0"",""label"":""No information""},{""value"":""-1.0"",""label"":""Not applicable""},{""value"":""1.0"",""label"":""CM's name only""},{""value"":""2.0"",""label"":""Both CM and partner's names""},{""value"":""3.0"",""label"":""Partner's name only""},{""value"":""4.0"",""label"":""CM and someone else's name's""},{""value"":""5.0"",""label"":""Someone else's name (including parents)""}]"
1,BD10ECACT,(Derived) Current economic activity status,numeric,NOMINAL,-1.0 thru -8.0 and -9.0,"[{""value"":""-9.0"",""label"":""Refused""},{""value"":""-8.0"",""label"":""Not enough information""},{""value"":""-1.0"",""label"":""Not applicable""},{""value"":""1.0"",""label"":""Full-time employment""},{""value"":""2.0"",""label"":""Part-time employment""},{""value"":""3.0"",""label"":""Full-time self-employment""},{""value"":""4.0"",""label"":""Part-time self-employment""},{""value"":""5.0"",""label"":""Unemployment""},{""value"":""6.0"",""label"":""Full-time education""},{""value"":""7.0"",""label"":""Govt scheme for employment training""},{""value"":""8.0"",""label"":""Temporary sickness/disability""},{""value"":""9.0"",""label"":""Permanent sickness/disability""},{""value"":""10.0"",""label"":""Looking after the home/family""},{""value"":""11.0"",""label"":""Retirement""},{""value"":""12.0"",""label"":""Other""}]"
1,BD10PEACT,(Derived) Partner's current economic activity status,numeric,NOMINAL,-1.0 thru -8.0 and -9.0,"[{""value"":""-9.0"",""label"":""Refused""},{""value"":""-8.0"",""label"":""Not enough information""},{""value"":""-1.0"",""label"":""No partner reported to be living with CM""},{""value"":""1.0"",""label"":""Full-time employment""},{""value"":""2.0"",""label"":""Part-time employment""},{""value"":""3.0"",""label"":""Full-time self-employment""},{""value"":""4.0"",""label"":""Part-time self-employment""},{""value"":""5.0"",""label"":""Unemployment""},{""value"":""6.0"",""label"":""Full-time education""},{""value"":""7.0"",""label"":""Govt scheme for employment training""},{""value"":""8.0"",""label"":""Temporary sickness/disability""},{""value"":""9.0"",""label"":""Permanent sickness/disability""},{""value"":""10.0"",""label"":""Looking after the home/family""},{""value"":""11.0"",""label"":""Retirement""},{""value"":""12.0"",""label"":""Other""}]"
1,BD10CNSSEC,(Derived) NS-SEC Full Operational Categories (CM current job),numeric,SCALE,NA,"[{""value"":""1.0"",""label"":""L1 Employers in large establishments""},{""value"":""2.0"",""label"":""L2 Higher managerial and administrative""},{""value"":""3.0"",""label"":""L3 Higher professional occupations""},{""value"":""3.1"",""label"":""L3.1 \""Traditional\"" employees""},{""value"":""3.2"",""label"":""L3.2 \""New\"" employees""},{""value"":""3.3"",""label"":""L3.3 \""Traditional\"" self-employed""},{""value"":""3.4"",""label"":""L3.4 \""New\"" self-employed""},{""value"":""4.0"",""label"":""Lower professional and higher technical""},{""value"":""4.1"",""label"":""L4.1 \""Traditional\"" employees""},{""value"":""4.2"",""label"":""L4.2 \""New\"" employees""},{""value"":""4.3"",""label"":""L4.3 \""Traditional\"" self-employed""},{""value"":""4.4"",""label"":""L4.4 \""New\"" self-employed""},{""value"":""5.0"",""label"":""L5 Lower managerial and administrative""},{""value"":""6.0"",""label"":""L6 Higher supervisory occupations""},{""value"":""7.0"",""label"":""L7 Intermediate occupations""},{""value"":""7.1"",""label"":""Intermediate clerical/administrative""},{""value"":""7.2"",""label"":""L7.2 Intermediate sales and service""},{""value"":""7.3"",""label"":""Intermediate technical and auxiliary""},{""value"":""7.4"",""label"":""L7.4 Intermediate engineering""},{""value"":""8.0"",""label"":""L8 Employers in small organisations""},{""value"":""8.1"",""label"":""Small org employers (industry etc.)""},{""value"":""8.2"",""label"":""Small org employers (agriculture)""},{""value"":""9.0"",""label"":""L9 Own account workers""},{""value"":""9.1"",""label"":""Own account workers (non- professional)""},{""value"":""9.2"",""label"":""L9.2 Own account workers (agriculture)""},{""value"":""10.0"",""label"":""L10 Lower supervisory occupations""},{""value"":""11.0"",""label"":""L11 Lower technical occupations""},{""value"":""11.1"",""label"":""L11.1 Lower technical craft occupations""},{""value"":""11.2"",""label"":""L11.2 Lower technical process operative""},{""value"":""12.0"",""label"":""L12 Semi-routine occupations""},{""value"":""12.1"",""label"":""L12.1 Semi-routine sales occupations""},{""value"":""12.2"",""label"":""L12.2 Semi-routine service occupations""},{""value"":""12.3"",""label"":""L12.3 Semi-routine technical""},{""value"":""12.4"",""label"":""L12.4 Semi-routine operative""},{""value"":""12.5"",""label"":""L12.5 Semi-routine agricultural""},{""value"":""12.6"",""label"":""L12.6 Semi-routine clerical occupations""},{""value"":""12.7"",""label"":""L12.7 Semi-routine childcare""},{""value"":""13.0"",""label"":""L13 Routine occupations""},{""value"":""13.1"",""label"":""L13.1 Routine sales and service""},{""value"":""13.2"",""label"":""L13.2 Routine production occupations""},{""value"":""13.3"",""label"":""L13.3 Routine technical occupations""},{""value"":""13.4"",""label"":""L13.4 Routine operative occupations""},{""value"":""13.5"",""label"":""L13.5 Routine agricultural occupations""},{""value"":""14.0"",""label"":""Never worked and long-term unemployed""},{""value"":""14.1"",""label"":""L14.1 Never worked""},{""value"":""14.2"",""label"":""L14.2 Long-term unemployed""},{""value"":""15.0"",""label"":""L15 Full-time students""},{""value"":""16.0"",""label"":""L16 Occupations not stated or described""},{""value"":""17.0"",""label"":""L17 Not classifiable for other reasons""}]"
1,BD10CNSSCC,(Derived) NS-SEC Combined Operational Categories (CM current job),numeric,NOMINAL,NA,"[{""value"":""1.0"",""label"":""L1 Employers in large establishments""},{""value"":""2.0"",""label"":""L2 Higher managerial and administrative""},{""value"":""3.0"",""label"":""L3 Higher professional occupations""},{""value"":""4.0"",""label"":""Lower professional and higher technical""},{""value"":""5.0"",""label"":""L5 Lower managerial and administrative""},{""value"":""6.0"",""label"":""L6 Higher supervisory occupations""},{""value"":""7.0"",""label"":""L7 Intermediate occupations""},{""value"":""8.0"",""label"":""L8 Employers in small organisations""},{""value"":""9.0"",""label"":""L9 Own account workers""},{""value"":""10.0"",""label"":""L10 Lower supervisory occupations""},{""value"":""11.0"",""label"":""L11 Lower technical occupations""},{""value"":""12.0"",""label"":""L12 Semi-routine occupations""},{""value"":""13.0"",""label"":""L13 Routine occupations""},{""value"":""14.0"",""label"":""Never worked and long-term unemployed""},{""value"":""15.0"",""label"":""L15 Full-time students""},{""value"":""16.0"",""label"":""L16 Occupations not stated or described""},{""value"":""17.0"",""label"":""L17 Not classifiable for other reasons""}]"
1,BD10CNS8,(Derived) NS-SEC Analytic Categories (CM current job),numeric,SCALE,NA,"[{""value"":""1.0"",""label"":""1 Higher managerial and administrative""},{""value"":""1.1"",""label"":""Large employers and higher managerial""},{""value"":""1.2"",""label"":""1.2 Higher professional occupations""},{""value"":""2.0"",""label"":""Lower managerial and administrative""},{""value"":""3.0"",""label"":""Intermediate occupations""},{""value"":""4.0"",""label"":""Small employers and own account workers""},{""value"":""5.0"",""label"":""Lower supervisory and technical""},{""value"":""6.0"",""label"":""Semi-routine occupations""},{""value"":""7.0"",""label"":""Routine occupations""},{""value"":""8.0"",""label"":""Never worked and long-term unemployed""},{""value"":""9.0"",""label"":""Occs not stated or inadequate desc""}]"
1,BD10ACHQ1,(Derived) Highest Academic Qualification CM obtained in 2016 survey,numeric,NOMINAL,-1.0 thru -8.0 and -9.0,"[{""value"":""-8.0"",""label"":""Not enough information""},{""value"":""-1.0"",""label"":""Not applicable""},{""value"":""0.0"",""label"":""no academic qualification""},{""value"":""1.0"",""label"":""gcse d-e""},{""value"":""2.0"",""label"":""cses2-5, other scottish quals""},{""value"":""3.0"",""label"":""gcse a-c, good o levels scot standards""},{""value"":""4.0"",""label"":""as levels or 1 a level""},{""value"":""5.0"",""label"":""2+ a levels, scot higher/6th""},{""value"":""6.0"",""label"":""diploma""},{""value"":""7.0"",""label"":""degree level""},{""value"":""8.0"",""label"":""higher degree""}]"
1,BD10ANVQ1,(Derived) Highest NVQ level from an academic qualification in 2016 survey,numeric,NOMINAL,-1.0 thru -8.0 and -9.0,"[{""value"":""-1.0"",""label"":""not applicable""},{""value"":""0.0"",""label"":""none""},{""value"":""1.0"",""label"":""nvq1 level""},{""value"":""2.0"",""label"":""nvq2 level""},{""value"":""3.0"",""label"":""nvq3 level""},{""value"":""4.0"",""label"":""nvq4 level""},{""value"":""5.0"",""label"":""nvq5 level""}]"
1,BD10VNVQ1,(Derived) Highest NVQ Level from a Vocational Qualification in 2016 survey,numeric,NOMINAL,-1.0 thru -8.0 and -9.0,"[{""value"":""-1.0"",""label"":""not applicable""},{""value"":""0.0"",""label"":""none""},{""value"":""1.0"",""label"":""nvq1 level""},{""value"":""2.0"",""label"":""nvq2 level""},{""value"":""3.0"",""label"":""nvq3 level""},{""value"":""4.0"",""label"":""nvq4 level""},{""value"":""5.0"",""label"":""nvq5 level""}]"
1,BD10NVQ1,(Derived) Highest NVQ Level from an Academic or Vocational Qual in 2016 survey,numeric,NOMINAL,-1.0 thru -8.0 and -9.0,"[{""value"":""-1.0"",""label"":""not applicable""},{""value"":""0.0"",""label"":""none""},{""value"":""1.0"",""label"":""nvq1 level""},{""value"":""2.0"",""label"":""nvq2 level""},{""value"":""3.0"",""label"":""nvq3 level""},{""value"":""4.0"",""label"":""nvq4 level""},{""value"":""5.0"",""label"":""nvq5 level""}]"
1,BD10HACHQ,(Derived) Highest Academic Qualification up to 2016,numeric,NOMINAL,-1.0 thru -8.0 and -9.0,"[{""value"":""-8.0"",""label"":""Not enough information""},{""value"":""-1.0"",""label"":""Not applicable""},{""value"":""0.0"",""label"":""no academic qualification""},{""value"":""1.0"",""label"":""gcse d-e""},{""value"":""2.0"",""label"":""cses2-5, other scottish quals""},{""value"":""3.0"",""label"":""gcse a-c, good o levels scot standards""},{""value"":""4.0"",""label"":""as levels or 1 a level""},{""value"":""5.0"",""label"":""2+ a levels, scot higher/6th""},{""value"":""6.0"",""label"":""diploma""},{""value"":""7.0"",""label"":""degree level""},{""value"":""8.0"",""label"":""higher degree""}]"
1,BD10HANVQ,(Derived) Highest NVQ level from an academic qualification up to 2016,numeric,NOMINAL,-1.0 thru -8.0 and -9.0,"[{""value"":""-1.0"",""label"":""not applicable""},{""value"":""0.0"",""label"":""none""},{""value"":""1.0"",""label"":""nvq1 level""},{""value"":""2.0"",""label"":""nvq2 level""},{""value"":""3.0"",""label"":""nvq3 level""},{""value"":""4.0"",""label"":""nvq4 level""},{""value"":""5.0"",""label"":""nvq5 level""}]"
1,BD10HVNVQ,(Derived) Highest NVQ Level from a Vocational Qualification up to 2016,numeric,NOMINAL,-1.0 thru -8.0 and -9.0,"[{""value"":""-1.0"",""label"":""not applicable""},{""value"":""0.0"",""label"":""none""},{""value"":""1.0"",""label"":""nvq1 level""},{""value"":""2.0"",""label"":""nvq2 level""},{""value"":""3.0"",""label"":""nvq3 level""},{""value"":""4.0"",""label"":""nvq4 level""},{""value"":""5.0"",""label"":""nvq5 level""}]"
1,BD10HNVQ,(Derived) Highest NVQ Level from an Academic or Vocational Qual up to 2016,numeric,NOMINAL,-1.0 thru -8.0 and -9.0,"[{""value"":""-1.0"",""label"":""not applicable""},{""value"":""0.0"",""label"":""none""},{""value"":""1.0"",""label"":""nvq1 level""},{""value"":""2.0"",""label"":""nvq2 level""},{""value"":""3.0"",""label"":""nvq3 level""},{""value"":""4.0"",""label"":""nvq4 level""},{""value"":""5.0"",""label"":""nvq5 level""}]"
1,BD10DISEQ,(Derived) Disability classification Equality act (2010),numeric,NOMINAL,-1.0 thru -8.0 and -9.0,"[{""value"":""-8.0"",""label"":""Not enough information""},{""value"":""0.0"",""label"":""Not disabled (Equality act)""},{""value"":""1.0"",""label"":""Disabled (Equality Act)""}]"
1,BD10DISLS,(Derived) Disability classification EU-SILC,numeric,NOMINAL,-1.0 thru -8.0 and -9.0,"[{""value"":""-8.0"",""label"":""Not enough information""},{""value"":""0.0"",""label"":""No EU-SILC long-standing health condition""},{""value"":""1.0"",""label"":""EU-SILC classification to some extent""},{""value"":""2.0"",""label"":""EU-SILC classification severely hampered""}]"
1,BD10SYMPAN1,(Derived) Angina symptoms (Rose Angina Qure),numeric,NOMINAL,-1.0 thru -8.0 and -9.0,"[{""value"":""-9.0"",""label"":""Refused""},{""value"":""-8.0"",""label"":""Not enough information""},{""value"":""1.0"",""label"":""Grade 1 Angina""},{""value"":""2.0"",""label"":""Grade 2 Angina""},{""value"":""3.0"",""label"":""No Angina""}]"
1,BD10NUALC,(Derived) Number of units of alcohol consumed in last 7 days,numeric,SCALE,-1.0 thru -8.0 and -9.0,"[{""value"":""-9.0"",""label"":""Refused""},{""value"":""-8.0"",""label"":""Not enough information""},{""value"":""-1.0"",""label"":""No drink in last 7 days""}]"
1,BD10MMGSNV,(Derived) Average grip strength- Non-dominant hand,numeric,SCALE,-1.0 thru -8.0 and -9.0,"[{""value"":""-8.0"",""label"":""No Information""}]"
1,BD10MMGSDV,(Derived) Average grip strength- Dominant hand,numeric,SCALE,-1.0 thru -8.0 and -9.0,"[{""value"":""-8.0"",""label"":""No Information""}]"
1,BD10HGHTM,(Derived) Self-reported height in metres,numeric,SCALE,-1.0 thru -8.0 and -9.0,"[{""value"":""-8.0"",""label"":""No information""}]"
1,BD10WGHTK,(Derived) Self-reported weight in kilograms,numeric,SCALE,-1.0 thru -8.0 and -9.0,"[{""value"":""-8.0"",""label"":""No information""}]"
1,BD10MWGTK,(Derived) Nurse measured weight in kilograms (all measured),numeric,SCALE,-1.0 thru -8.0 and -9.0,"[{""value"":""-8.0"",""label"":""No information""}]"
1,BD10BMI,(Derived) Body mass index (based on self-reported data),numeric,SCALE,-1.0 thru -8.0 and -9.0,"[{""value"":""-8.0"",""label"":""Not enough information""}]"
1,BD10MBMI,(Derived) Body mass index (based on nurse measurement),numeric,SCALE,-1.0 thru -8.0 and -9.0,"[{""value"":""-8.0"",""label"":""Not enough information""}]"
1,BD10BMIC,(Derived) Body mass index - classification (based on self-reported data),numeric,NOMINAL,-1.0 thru -8.0 and -9.0,"[{""value"":""-8.0"",""label"":""Not enough information""},{""value"":""0.0"",""label"":""Underweight (below 18.5)""},{""value"":""1.0"",""label"":""Healthy weight range (18.5-24.9)""},{""value"":""2.0"",""label"":""Overweight (25-29.9)""},{""value"":""3.0"",""label"":""Obese (30-39.9)""},{""value"":""4.0"",""label"":""Morbidly obese (Over 40)""}]"
1,BD10MBMIC,(Derived) Body mass index - classification (based on nurse measurement),numeric,NOMINAL,-1.0 thru -8.0 and -9.0,"[{""value"":""-8.0"",""label"":""Not enough information""},{""value"":""0.0"",""label"":""Underweight (below 18.5)""},{""value"":""1.0"",""label"":""Healthy weight range (18.5-24.9)""},{""value"":""2.0"",""label"":""Overweight (25-29.9)""},{""value"":""3.0"",""label"":""Obese (30-39.9)""},{""value"":""4.0"",""label"":""Morbidly obese (Over 40)""}]"
1,BD10MAL,(Derived) Total Malaise score (9 questions),numeric,NOMINAL,-1.0 thru -8.0 and -9.0,"[{""value"":""-8.0"",""label"":""Not enough information""}]"
1,BD10MALG,(Derived) Total Malaise score - grouped,numeric,NOMINAL,-1.0 thru -8.0 and -9.0,"[{""value"":""-8.0"",""label"":""Not enough information""},{""value"":""1.0"",""label"":""Low malaise (0-3)""},{""value"":""2.0"",""label"":""High malaise (4+)""}]"
1,BD10WEMWB,(Derived) Warwick Edinburgh Mental Well-Being Scale,numeric,SCALE,-1.0 thru -8.0 and -9.0,"[{""value"":""-8.0"",""label"":""Not enough information""},{""value"":""-1.0"",""label"":""Self completion qnaire not completed""}]"
1,BD10AUDIT,(Derived) Total AUDIT-PC Score,numeric,NOMINAL,-1.0 thru -8.0 and -9.0,"[{""value"":""-8.0"",""label"":""Not enough information""},{""value"":""-1.0"",""label"":""NA - does not drink alcohol""}]"
1,BD10AUDG,(Derived) AUDIT-PC Group,numeric,NOMINAL,-1.0 thru -8.0 and -9.0,"[{""value"":""-8.0"",""label"":""Not enough information""},{""value"":""-1.0"",""label"":""NA - does not drink alcohol""},{""value"":""1.0"",""label"":""Unproblematic drinking (0-4)""},{""value"":""2.0"",""label"":""Increasing or higher risk drinking (5+)""}]"
1,BD10WHYST,(Derived) Whether had hysterectomy or ovaries removed,numeric,NOMINAL,-1.0 thru -8.0 and -9.0,"[{""value"":""-8.0"",""label"":""Not enough information""},{""value"":""-1.0"",""label"":""Not applicable (male)""},{""value"":""0.0"",""label"":""Ovaries and uterus not removed""},{""value"":""1.0"",""label"":""Removal of one ovary""},{""value"":""2.0"",""label"":""Removal of both ovaries""},{""value"":""3.0"",""label"":""Removal of uterus""},{""value"":""4.0"",""label"":""Removal of one ovary and uterus""},{""value"":""5.0"",""label"":""Removal of both ovaries and uterus""}]"
1,BD10WP12M,(Derived) Whether had period in last 12 months,numeric,NOMINAL,-1.0 thru -8.0 and -9.0,"[{""value"":""-8.0"",""label"":""Not enough information""},{""value"":""-1.0"",""label"":""Not applicable (male)""},{""value"":""0.0"",""label"":""No""},{""value"":""1.0"",""label"":""Yes""}]"
1,BD10ALSTP,(Derived) Age at last period,numeric,SCALE,-1.0 thru -8.0 and -9.0,"[{""value"":""-8.0"",""label"":""Not enough information""},{""value"":""-1.0"",""label"":""Not applicable""}]"
1,BD10PHHE,(Derived) SF-36 Physical functioning score,numeric,SCALE,-1.0 thru -8.0 and -9.0,"[{""value"":""-8.0"",""label"":""Not enough information""}]"
1,BD10RLMP,(Derived) SF-36 Role-limitations due to physical health,numeric,NOMINAL,-1.0 thru -8.0 and -9.0,"[{""value"":""-8.0"",""label"":""Not enough information""}]"
1,BD10RLME,(Derived) SF-36 Role-limitations due to emotional problems,numeric,NOMINAL,-1.0 thru -8.0 and -9.0,"[{""value"":""-8.0"",""label"":""Not enough information""}]"
1,BD10ENFA,(Derived) SF-36 Energy/fatigue score,numeric,SCALE,-1.0 thru -8.0 and -9.0,"[{""value"":""-8.0"",""label"":""Not enough information""}]"
1,BD10EMWB,(Derived) SF-36 Emotional Well-Being score,numeric,SCALE,-1.0 thru -8.0 and -9.0,"[{""value"":""-8.0"",""label"":""Not enough information""}]"
1,BD10SOCF,(Derived) SF-36 Social Functioning score,numeric,SCALE,-1.0 thru -8.0 and -9.0,"[{""value"":""-8.0"",""label"":""Not enough information""}]"
1,BD10PAIN,(Derived) SF-36 Pain score,numeric,SCALE,-1.0 thru -8.0 and -9.0,"[{""value"":""-8.0"",""label"":""Not enough information""}]"
1,BD10GENH,(Derived) SF-36 General health score,numeric,SCALE,-1.0 thru -8.0 and -9.0,"[{""value"":""-8.0"",""label"":""Not enough information""}]"
1,BD10RPHT,(Derived) SF-36 Reported health transition,numeric,NOMINAL,-1.0 thru -8.0 and -9.0,"[{""value"":""-8.0"",""label"":""Not enough information""}]"
2,B10MAINDR,DRH/Main Stage,numeric,NOMINAL,NA,"[{""value"":""1.0"",""label"":""Main stage""},{""value"":""2.0"",""label"":""Dress rehearsal""}]"
3,B10INTM,Date of interview - Month,numeric,NOMINAL,-9.0 thru -8.0 and -1.0,"[{""value"":""-9.0"",""label"":""Not answered""},{""value"":""-8.0"",""label"":""Not known""},{""value"":""-1.0"",""label"":""Not applicable""},{""value"":""1.0"",""label"":""January""},{""value"":""2.0"",""label"":""February""},{""value"":""3.0"",""label"":""March""},{""value"":""4.0"",""label"":""April""},{""value"":""5.0"",""label"":""May""},{""value"":""6.0"",""label"":""June""},{""value"":""7.0"",""label"":""July""},{""value"":""8.0"",""label"":""August""},{""value"":""9.0"",""label"":""September""},{""value"":""10.0"",""label"":""October""},{""value"":""11.0"",""label"":""November""},{""value"":""12.0"",""label"":""December""}]"
4,B10INTY,Date of interview - Year,numeric,SCALE,-9.0 thru -8.0 and -1.0,"[{""value"":""-9.0"",""label"":""Not answered""},{""value"":""-8.0"",""label"":""Not known""},{""value"":""-1.0"",""label"":""Not applicable""}]"
5,B10CMSEX,CM's sex,numeric,NOMINAL,-9.0 thru -8.0 and -1.0,"[{""value"":""-9.0"",""label"":""Refused""},{""value"":""-8.0"",""label"":""Not known""},{""value"":""-1.0"",""label"":""Not applicable""},{""value"":""1.0"",""label"":""Male""},{""value"":""2.0"",""label"":""Female""}]"
6,B10INTWHO,How interview conducted,numeric,NOMINAL,-9.0 thru -8.0 and -1.0,"[{""value"":""-9.0"",""label"":""Refused""},{""value"":""-8.0"",""label"":""Not known""},{""value"":""-1.0"",""label"":""Not applicable""},{""value"":""1.0"",""label"":""Interview conducted with cohort member""},{""value"":""2.0"",""label"":""Interview with CM via interpreter""}]"
7,B10RESINC,Type of accommodation,numeric,NOMINAL,-9.0 thru -8.0 and -1.0,"[{""value"":""-9.0"",""label"":""Refused""},{""value"":""-8.0"",""label"":""Not known""},{""value"":""-1.0"",""label"":""Not applicable""},{""value"":""1.0"",""label"":""A private residence""},{""value"":""2.0"",""label"":""Sheltered housing""},{""value"":""3.0"",""label"":""A hotel, boarding house or B&B""},{""value"":""4.0"",""label"":""A hostel for homeless, refuge, YMCA etc""},{""value"":""5.0"",""label"":""Employer provided accom. E.g. Barracks""},{""value"":""6.0"",""label"":""A room only at work place""},{""value"":""7.0"",""label"":""A prison or remand centre""},{""value"":""8.0"",""label"":""A hospital, nursing home or similar""}]"
8,B10UFUNIN,Whether unfinished union from last interview now legally ended,numeric,NOMINAL,-9.0 thru -8.0 and -1.0,"[{""value"":""-9.0"",""label"":""Refused""},{""value"":""-8.0"",""label"":""Not known""},{""value"":""-1.0"",""label"":""Not applicable""},{""value"":""1.0"",""label"":""Yes""},{""value"":""2.0"",""label"":""No""},{""value"":""3.0"",""label"":""No – my former partner died""},{""value"":""4.0"",""label"":""Details not correct from last interview""}]"
9,B10UFDVDM,When divorced/civil partnership dissolved - Month,numeric,NOMINAL,-9.0 thru -8.0 and -1.0,"[{""value"":""-9.0"",""label"":""Refused""},{""value"":""-8.0"",""label"":""Not known""},{""value"":""-1.0"",""label"":""Not applicable""},{""value"":""1.0"",""label"":""January""},{""value"":""2.0"",""label"":""February""},{""value"":""3.0"",""label"":""March""},{""value"":""4.0"",""label"":""April""},{""value"":""5.0"",""label"":""May""},{""value"":""6.0"",""label"":""June""},{""value"":""7.0"",""label"":""July""},{""value"":""8.0"",""label"":""August""},{""value"":""9.0"",""label"":""September""},{""value"":""10.0"",""label"":""October""},{""value"":""11.0"",""label"":""November""},{""value"":""12.0"",""label"":""December""}]"
10,B10UFDVDY,When divorced/civil partnership dissolved - Year,numeric,SCALE,-9.0 thru -8.0 and -1.0,"[{""value"":""-9.0"",""label"":""Refused""},{""value"":""-8.0"",""label"":""Not known""},{""value"":""-1.0"",""label"":""Not applicable""}]"
11,B10PSEXC,Incorrect/missing data from last int: Partner sex,numeric,NOMINAL,-9.0 thru -8.0 and -1.0,"[{""value"":""-9.0"",""label"":""Refused""},{""value"":""-8.0"",""label"":""Not known""},{""value"":""-1.0"",""label"":""Not applicable""},{""value"":""1.0"",""label"":""Male""},{""value"":""2.0"",""label"":""Female""}]"
12,B10PDOBCM,Incorrect/missing data from last int: Partner date of birth - Month,numeric,NOMINAL,-9.0 thru -8.0 and -1.0,"[{""value"":""-9.0"",""label"":""Refused""},{""value"":""-8.0"",""label"":""Not known""},{""value"":""-1.0"",""label"":""Not applicable""},{""value"":""1.0"",""label"":""January""},{""value"":""2.0"",""label"":""February""},{""value"":""3.0"",""label"":""March""},{""value"":""4.0"",""label"":""April""},{""value"":""5.0"",""label"":""May""},{""value"":""6.0"",""label"":""June""},{""value"":""7.0"",""label"":""July""},{""value"":""8.0"",""label"":""August""},{""value"":""9.0"",""label"":""September""},{""value"":""10.0"",""label"":""October""},{""value"":""11.0"",""label"":""November""},{""value"":""12.0"",""label"":""December""}]"
13,B10POBCY,Incorrect/missing data from last int: Partner date of birth - Year,numeric,SCALE,-9.0 thru -8.0 and -1.0,"[{""value"":""-9.0"",""label"":""Refused""},{""value"":""-8.0"",""label"":""Not known""},{""value"":""-1.0"",""label"":""Not applicable""}]"
14,B10PRAGEC,Incorrect/missing data from last int: Partner age last birthday,numeric,SCALE,-9.0 thru -8.0 and -1.0,"[{""value"":""-9.0"",""label"":""Refused""},{""value"":""-8.0"",""label"":""Not known""},{""value"":""-1.0"",""label"":""Not applicable""}]"
15,B10PRLTKC,Incorrect/missing data from last int: Relationship to partner,numeric,NOMINAL,-9.0 thru -8.0 and -1.0,"[{""value"":""-9.0"",""label"":""Refused""},{""value"":""-8.0"",""label"":""Not known""},{""value"":""-1.0"",""label"":""Not applicable""},{""value"":""1.0"",""label"":""Spouse""},{""value"":""2.0"",""label"":""Civil partner""},{""value"":""3.0"",""label"":""Cohabiting partner""}]"
16,B10NRANY2,Incorrect/missing data from last int: Whether living as couple,numeric,NOMINAL,-9.0 thru -8.0 and -1.0,"[{""value"":""-9.0"",""label"":""Refused""},{""value"":""-8.0"",""label"":""Not known""},{""value"":""-1.0"",""label"":""Not applicable""},{""value"":""1.0"",""label"":""Yes""},{""value"":""2.0"",""label"":""No""}]"
17,B10SNGLCK,Incorrect/missing data from last int: Whether CM single,numeric,NOMINAL,-9.0 thru -8.0 and -1.0,"[{""value"":""-9.0"",""label"":""Refused""},{""value"":""-8.0"",""label"":""Not known""},{""value"":""-1.0"",""label"":""Not applicable""},{""value"":""1.0"",""label"":""Yes""},{""value"":""2.0"",""label"":""No – CM lived with partner at that time""}]"
18,B10NRSEX2,Incorrect/missing data from last int: Sex of person living with,numeric,NOMINAL,-9.0 thru -8.0 and -1.0,"[{""value"":""-9.0"",""label"":""Refused""},{""value"":""-8.0"",""label"":""Not known""},{""value"":""-1.0"",""label"":""Not applicable""},{""value"":""1.0"",""label"":""Male""},{""value"":""2.0"",""label"":""Female""}]"
19,B10DRSEX,(Derived in CAPI) Sex of person living with at last interview,numeric,NOMINAL,-9.0 thru -8.0 and -1.0,"[{""value"":""-9.0"",""label"":""Refused""},{""value"":""-8.0"",""label"":""Not known""},{""value"":""-1.0"",""label"":""Not applicable""},{""value"":""1.0"",""label"":""Male""},{""value"":""2.0"",""label"":""Female""}]"
20,B10NRDOB2M,Incorrect/missing data from last int: DOB of person living with - Month,numeric,NOMINAL,-9.0 thru -8.0 and -1.0,"[{""value"":""-9.0"",""label"":""Refused""},{""value"":""-8.0"",""label"":""Not known""},{""value"":""-1.0"",""label"":""Not applicable""},{""value"":""1.0"",""label"":""January""},{""value"":""2.0"",""label"":""February""},{""value"":""3.0"",""label"":""March""},{""value"":""4.0"",""label"":""April""},{""value"":""5.0"",""label"":""May""},{""value"":""6.0"",""label"":""June""},{""value"":""7.0"",""label"":""July""},{""value"":""8.0"",""label"":""August""},{""value"":""9.0"",""label"":""September""},{""value"":""10.0"",""label"":""October""},{""value"":""11.0"",""label"":""November""},{""value"":""12.0"",""label"":""December""}]"
21,B10NRDOB2Y,Incorrect/missing data from last int: DOB of person living with - Year,numeric,SCALE,-9.0 thru -8.0 and -1.0,"[{""value"":""-9.0"",""label"":""Refused""},{""value"":""-8.0"",""label"":""Not known""},{""value"":""-1.0"",""label"":""Not applicable""}]"
22,B10NRAGE2,Incorrect/missing data from last int: Age of person living with,numeric,SCALE,-9.0 thru -8.0 and -1.0,"[{""value"":""-9.0"",""label"":""Refused""},{""value"":""-8.0"",""label"":""Not known""},{""value"":""-1.0"",""label"":""Not applicable""}]"
23,B10RST3M,Incorrect/missing data from last int: When started living with person - Month,numeric,NOMINAL,-9.0 thru -8.0 and -1.0,"[{""value"":""-9.0"",""label"":""Refused""},{""value"":""-8.0"",""label"":""Not known""},{""value"":""-1.0"",""label"":""Not applicable""},{""value"":""1.0"",""label"":""January""},{""value"":""2.0"",""label"":""February""},{""value"":""3.0"",""label"":""March""},{""value"":""4.0"",""label"":""April""},{""value"":""5.0"",""label"":""May""},{""value"":""6.0"",""label"":""June""},{""value"":""7.0"",""label"":""July""},{""value"":""8.0"",""label"":""August""},{""value"":""9.0"",""label"":""September""},{""value"":""10.0"",""label"":""October""},{""value"":""11.0"",""label"":""November""},{""value"":""12.0"",""label"":""December""}]"
24,B10RST3Y,Incorrect/missing data from last int: When started living with person - Year,numeric,SCALE,-9.0 thru -8.0 and -1.0,"[{""value"":""-9.0"",""label"":""Refused""},{""value"":""-8.0"",""label"":""Not known""},{""value"":""-1.0"",""label"":""Not applicable""}]"
25,B10CRNWM2,Incorrect/missing data from last int: Whether married to person living with,numeric,NOMINAL,-9.0 thru -8.0 and -1.0,"[{""value"":""-9.0"",""label"":""Refused""},{""value"":""-8.0"",""label"":""Not known""},{""value"":""-1.0"",""label"":""Not applicable""},{""value"":""1.0"",""label"":""Yes – married""},{""value"":""2.0"",""label"":""Yes – in a civil partnership""},{""value"":""3.0"",""label"":""No""}]"
26,B10CRWM3M,Incorrect/missing data from last int: When married partner - Month,numeric,NOMINAL,-9.0 thru -8.0 and -1.0,"[{""value"":""-9.0"",""label"":""Refused""},{""value"":""-8.0"",""label"":""Not known""},{""value"":""-1.0"",""label"":""Not applicable""},{""value"":""1.0"",""label"":""January""},{""value"":""2.0"",""label"":""February""},{""value"":""3.0"",""label"":""March""},{""value"":""4.0"",""label"":""April""},{""value"":""5.0"",""label"":""May""},{""value"":""6.0"",""label"":""June""},{""value"":""7.0"",""label"":""July""},{""value"":""8.0"",""label"":""August""},{""value"":""9.0"",""label"":""September""},{""value"":""10.0"",""label"":""October""},{""value"":""11.0"",""label"":""November""},{""value"":""12.0"",""label"":""December""}]"
27,B10CRWM3Y,Incorrect/missing data from last int: When married partner - Year,numeric,SCALE,-9.0 thru -8.0 and -1.0,"[{""value"":""-9.0"",""label"":""Refused""},{""value"":""-8.0"",""label"":""Not known""},{""value"":""-1.0"",""label"":""Not applicable""}]"
28,B10DMOTHER,(Derived in CAPI) Whether mother in household (incl adoptive),numeric,NOMINAL,-9.0 thru -8.0 and -1.0,"[{""value"":""-9.0"",""label"":""Refused""},{""value"":""-8.0"",""label"":""Not known""},{""value"":""-1.0"",""label"":""Not applicable""},{""value"":""1.0"",""label"":""Mother in household""},{""value"":""2.0"",""label"":""Mother not in household""}]"
29,B10DFATHER,(Derived in CAPI) Whether father in household (incl adoptive),numeric,NOMINAL,-9.0 thru -8.0 and -1.0,"[{""value"":""-9.0"",""label"":""Refused""},{""value"":""-8.0"",""label"":""Not known""},{""value"":""-1.0"",""label"":""Not applicable""},{""value"":""1.0"",""label"":""Father in household""},{""value"":""2.0"",""label"":""Father not in household""}]"
30,B10OTHREA,Whether in a non-cohabiting relationship,numeric,NOMINAL,-9.0 thru -8.0 and -1.0,"[{""value"":""-9.0"",""label"":""Refused""},{""value"":""-8.0"",""label"":""Not known""},{""value"":""-1.0"",""label"":""Not applicable""},{""value"":""1.0"",""label"":""Yes""},{""value"":""2.0"",""label"":""No""}]"
31,B10OTHREB,Length of non-cohabiting relationship - years,numeric,SCALE,-9.0 thru -8.0 and -1.0,"[{""value"":""-9.0"",""label"":""Refused""},{""value"":""-8.0"",""label"":""Not known""},{""value"":""-1.0"",""label"":""Not applicable""}]"
32,B10OTHREC,Length of non-cohabiting relationship - months,numeric,NOMINAL,-9.0 thru -8.0 and -1.0,"[{""value"":""-9.0"",""label"":""Refused""},{""value"":""-8.0"",""label"":""Not known""},{""value"":""-1.0"",""label"":""Not applicable""}]"
33,B10OTHRED,Gender of non-cohabiting partner,numeric,NOMINAL,-9.0 thru -8.0 and -1.0,"[{""value"":""-9.0"",""label"":""Refused""},{""value"":""-8.0"",""label"":""Not known""},{""value"":""-1.0"",""label"":""Not applicable""},{""value"":""1.0"",""label"":""Male""},{""value"":""2.0"",""label"":""Female""}]"
34,B10GRANDC,Whether has grandchildren,numeric,NOMINAL,-9.0 thru -8.0 and -1.0,"[{""value"":""-9.0"",""label"":""Refused""},{""value"":""-8.0"",""label"":""Not known""},{""value"":""-1.0"",""label"":""Not applicable""},{""value"":""1.0"",""label"":""Yes""},{""value"":""2.0"",""label"":""No""}]"
35,B10GCNUM,Number of grandchildren,numeric,NOMINAL,-9.0 thru -8.0 and -1.0,"[{""value"":""-9.0"",""label"":""Refused""},{""value"":""-8.0"",""label"":""Not known""},{""value"":""-1.0"",""label"":""Not applicable""}]"
36,B10MALIVE,Whether mother is still alive,numeric,NOMINAL,-9.0 thru -8.0 and -1.0,"[{""value"":""-9.0"",""label"":""Refused""},{""value"":""-8.0"",""label"":""Not known""},{""value"":""-1.0"",""label"":""Not applicable""},{""value"":""1.0"",""label"":""Yes""},{""value"":""2.0"",""label"":""No""}]"
37,B10MADIED,Age of CM when mother died,numeric,SCALE,-9.0 thru -8.0 and -1.0,"[{""value"":""-9.0"",""label"":""Refused""},{""value"":""-8.0"",""label"":""Not known""},{""value"":""-1.0"",""label"":""Not applicable""}]"
38,B10PALIVE,Whether father is still alive,numeric,NOMINAL,-9.0 thru -8.0 and -1.0,"[{""value"":""-9.0"",""label"":""Refused""},{""value"":""-8.0"",""label"":""Not known""},{""value"":""-1.0"",""label"":""Not applicable""},{""value"":""1.0"",""label"":""Yes""},{""value"":""2.0"",""label"":""No""}]"
39,B10PADIED,Age of CM when father died,numeric,SCALE,-9.0 thru -8.0 and -1.0,"[{""value"":""-9.0"",""label"":""Refused""},{""value"":""-8.0"",""label"":""Not known""},{""value"":""-1.0"",""label"":""Not applicable""}]"
40,B10FAMMT,Frequency of meeting other members of family,numeric,NOMINAL,-9.0 thru -8.0 and -1.0,"[{""value"":""-9.0"",""label"":""Refused""},{""value"":""-8.0"",""label"":""Not known""},{""value"":""-1.0"",""label"":""Not applicable""},{""value"":""1.0"",""label"":""Three or more times a week""},{""value"":""2.0"",""label"":""Once or twice a week""},{""value"":""3.0"",""label"":""Once or twice a month""},{""value"":""4.0"",""label"":""Every few months""},{""value"":""5.0"",""label"":""Once or twice a year""},{""value"":""6.0"",""label"":""Less than once a year""},{""value"":""7.0"",""label"":""Never""},{""value"":""8.0"",""label"":""N/A - lives with all family members""}]"
41,B10FREMT,Frequency of meeting friends,numeric,NOMINAL,-9.0 thru -8.0 and -1.0,"[{""value"":""-9.0"",""label"":""Refused""},{""value"":""-8.0"",""label"":""Not known""},{""value"":""-1.0"",""label"":""Not applicable""},{""value"":""1.0"",""label"":""Three or more times a week""},{""value"":""2.0"",""label"":""Once or twice a week""},{""value"":""3.0"",""label"":""Once or twice a month""},{""value"":""4.0"",""label"":""Every few months""},{""value"":""5.0"",""label"":""Once or twice a year""},{""value"":""6.0"",""label"":""Less than once a year""},{""value"":""7.0"",""label"":""Never""},{""value"":""8.0"",""label"":""N/A- does not have any friends""}]"
42,B10LISTEN,Whether people around would be willing to listen to problems,numeric,NOMINAL,-9.0 thru -8.0 and -1.0,"[{""value"":""-9.0"",""label"":""Refused""},{""value"":""-8.0"",""label"":""Not known""},{""value"":""-1.0"",""label"":""Not applicable""},{""value"":""1.0"",""label"":""Not at all""},{""value"":""2.0"",""label"":""A little""},{""value"":""3.0"",""label"":""Somewhat""},{""value"":""4.0"",""label"":""A great deal""}]"
43,B10HSTINT,Whether CM living at same address as at last interview/January 2008,numeric,NOMINAL,-9.0 thru -8.0 and -1.0,"[{""value"":""-9.0"",""label"":""Refused""},{""value"":""-8.0"",""label"":""Not known""},{""value"":""-1.0"",""label"":""Not applicable""},{""value"":""1.0"",""label"":""Yes, same address""},{""value"":""2.0"",""label"":""Yes, same add. but some details wrong""},{""value"":""3.0"",""label"":""No""}]"
44,B10HSTIN2,Whether lived at current address since last interview/January 2008,numeric,NOMINAL,-9.0 thru -8.0 and -1.0,"[{""value"":""-9.0"",""label"":""Refused""},{""value"":""-8.0"",""label"":""Not known""},{""value"":""-1.0"",""label"":""Not applicable""},{""value"":""1.0"",""label"":""Yes""},{""value"":""2.0"",""label"":""No""}]"
45,B10ADDFIX,Whether had fixed address at any time since Jan 2008,numeric,NOMINAL,-9.0 thru -8.0 and -1.0,"[{""value"":""-9.0"",""label"":""Refused""},{""value"":""-8.0"",""label"":""Not known""},{""value"":""-1.0"",""label"":""Not applicable""},{""value"":""1.0"",""label"":""Yes""},{""value"":""2.0"",""label"":""No""}]"
46,B10HMBM,Date moved to address living at in Jan 2008 - Month,numeric,NOMINAL,-9.0 thru -8.0 and -1.0,"[{""value"":""-9.0"",""label"":""Refused""},{""value"":""-8.0"",""label"":""Not known""},{""value"":""-1.0"",""label"":""Not applicable""},{""value"":""1.0"",""label"":""January""},{""value"":""2.0"",""label"":""February""},{""value"":""3.0"",""label"":""March""},{""value"":""4.0"",""label"":""April""},{""value"":""5.0"",""label"":""May""},{""value"":""6.0"",""label"":""June""},{""value"":""7.0"",""label"":""July""},{""value"":""8.0"",""label"":""August""},{""value"":""9.0"",""label"":""September""},{""value"":""10.0"",""label"":""October""},{""value"":""11.0"",""label"":""November""},{""value"":""12.0"",""label"":""December""}]"
47,B10HMBY,Date moved to address living at in Jan 2008 - Year,numeric,SCALE,-9.0 thru -8.0 and -1.0,"[{""value"":""-9.0"",""label"":""Refused""},{""value"":""-8.0"",""label"":""Not known""},{""value"":""-1.0"",""label"":""Not applicable""}]"
48,B10MOVINM,Month moved into current address,numeric,NOMINAL,-9.0 thru -8.0 and -1.0,"[{""value"":""-9.0"",""label"":""Refused""},{""value"":""-8.0"",""label"":""Not known""},{""value"":""-1.0"",""label"":""Not applicable""},{""value"":""1.0"",""label"":""January""},{""value"":""2.0"",""label"":""February""},{""value"":""3.0"",""label"":""March""},{""value"":""4.0"",""label"":""April""},{""value"":""5.0"",""label"":""May""},{""value"":""6.0"",""label"":""June""},{""value"":""7.0"",""label"":""July""},{""value"":""8.0"",""label"":""August""},{""value"":""9.0"",""label"":""September""},{""value"":""10.0"",""label"":""October""},{""value"":""11.0"",""label"":""November""},{""value"":""12.0"",""label"":""December""}]"
49,B10MOVINY,Year moved into current address,numeric,SCALE,-9.0 thru -8.0 and -1.0,"[{""value"":""-9.0"",""label"":""Refused""},{""value"":""-8.0"",""label"":""Not known""},{""value"":""-1.0"",""label"":""Not applicable""}]"
50,B10ACCOM,Type of private residence,numeric,NOMINAL,-9.0 thru -8.0 and -1.0,"[{""value"":""-9.0"",""label"":""Refused""},{""value"":""-8.0"",""label"":""Not known""},{""value"":""-1.0"",""label"":""Not applicable""},{""value"":""1.0"",""label"":""A house or bungalow""},{""value"":""2.0"",""label"":""a flat or maisonette,""},{""value"":""3.0"",""label"":""a studio flat,""},{""value"":""4.0"",""label"":""a room/rooms,""},{""value"":""5.0"",""label"":""or something else?""}]"
51,B10NUMRMS,Number of rooms in home,numeric,NOMINAL,-9.0 thru -8.0 and -1.0,"[{""value"":""-9.0"",""label"":""Refused""},{""value"":""-8.0"",""label"":""Not known""},{""value"":""-1.0"",""label"":""Not applicable""},{""value"":""12.0"",""label"":""12 or more""}]"
52,B10TENCK,Whether tenure same as at last interview,numeric,NOMINAL,-9.0 thru -8.0 and -1.0,"[{""value"":""-9.0"",""label"":""Refused""},{""value"":""-8.0"",""label"":""Not known""},{""value"":""-1.0"",""label"":""Not applicable""},{""value"":""1.0"",""label"":""Yes""},{""value"":""2.0"",""label"":""No""}]"
53,B10TEN,Home ownership/rental tenure,numeric,NOMINAL,-9.0 thru -8.0 and -1.0,"[{""value"":""-9.0"",""label"":""Refused""},{""value"":""-8.0"",""label"":""Not known""},{""value"":""-1.0"",""label"":""Not applicable""},{""value"":""1.0"",""label"":""Own - outright""},{""value"":""2.0"",""label"":""Own - buying with help of mortgage/loan""},{""value"":""3.0"",""label"":""Pay part rent and part mortgage""},{""value"":""4.0"",""label"":""Rent it""},{""value"":""5.0"",""label"":""Live here rent-free, excl squatting""},{""value"":""6.0"",""label"":""Squatting""},{""value"":""7.0"",""label"":""Other arrangement""}]"
54,B10RENTOM,Who home is rented from,numeric,NOMINAL,-9.0 thru -8.0 and -1.0,"[{""value"":""-9.0"",""label"":""Refused""},{""value"":""-8.0"",""label"":""Not known""},{""value"":""-1.0"",""label"":""Not applicable""},{""value"":""1.0"",""label"":""A Local Authority""},{""value"":""2.0"",""label"":""A Housing Association""},{""value"":""3.0"",""label"":""A Private landlord""},{""value"":""4.0"",""label"":""A Parent""},{""value"":""5.0"",""label"":""Someone else""}]"
55,B10WTEN,Whose name accommodation is held in,numeric,NOMINAL,-9.0 thru -8.0 and -1.0,"[{""value"":""-9.0"",""label"":""Refused""},{""value"":""-8.0"",""label"":""Not known""},{""value"":""-1.0"",""label"":""Not applicable""},{""value"":""1.0"",""label"":""…your name only""},{""value"":""2.0"",""label"":""yours and your partner's name""},{""value"":""3.0"",""label"":""your partner's name""},{""value"":""4.0"",""label"":""yours and someone else's name or""},{""value"":""5.0"",""label"":""someone else's name (including parents)""}]"
56,B10ECLAST,Whether doing same job or activity as last interview,numeric,NOMINAL,-9.0 thru -8.0 and -1.0,"[{""value"":""-9.0"",""label"":""Refused""},{""value"":""-8.0"",""label"":""Not known""},{""value"":""-1.0"",""label"":""Not applicable""},{""value"":""1.0"",""label"":""Yes""},{""value"":""2.0"",""label"":""No""},{""value"":""3.0"",""label"":""Not doing activity at last interview""}]"
57,B10CJCONT,Whether doing same job or activity continuously since last interview,numeric,NOMINAL,-9.0 thru -8.0 and -1.0,"[{""value"":""-9.0"",""label"":""Refused""},{""value"":""-8.0"",""label"":""Not known""},{""value"":""-1.0"",""label"":""Not applicable""},{""value"":""1.0"",""label"":""Yes""},{""value"":""2.0"",""label"":""No""}]"
58,B10ACTVT2,Incorrect/missing data from last int: Economic activity,numeric,NOMINAL,-9.0 thru -8.0 and -1.0,"[{""value"":""-9.0"",""label"":""Refused""},{""value"":""-8.0"",""label"":""Not known""},{""value"":""-1.0"",""label"":""Not applicable""},{""value"":""1.0"",""label"":""Employee – in paid work""},{""value"":""2.0"",""label"":""Self-employed""},{""value"":""3.0"",""label"":""Unemployed and seeking work""},{""value"":""4.0"",""label"":""In full-time education""},{""value"":""5.0"",""label"":""On a government scheme for emp training""},{""value"":""6.0"",""label"":""Sick or disabled""},{""value"":""7.0"",""label"":""Looking after home/family""},{""value"":""8.0"",""label"":""Wholly retired""},{""value"":""9.0"",""label"":""Something else""}]"
59,B10PAIDWK,Incorrect/missing data from last int: Whether full or part-time employee,numeric,NOMINAL,-9.0 thru -8.0 and -1.0,"[{""value"":""-9.0"",""label"":""Refused""},{""value"":""-8.0"",""label"":""Not known""},{""value"":""-1.0"",""label"":""Not applicable""},{""value"":""1.0"",""label"":""Full-time (30 or more hours a week)""},{""value"":""2.0"",""label"":""Part-time (under 30 hours a week)""}]"
60,B10SICKDS,Incorrect/missing data from last int: Whether temp/long-term sick/disabled,numeric,NOMINAL,-9.0 thru -8.0 and -1.0,"[{""value"":""-9.0"",""label"":""Refused""},{""value"":""-8.0"",""label"":""Not known""},{""value"":""-1.0"",""label"":""Not applicable""},{""value"":""1.0"",""label"":""Temporarily sick or disabled""},{""value"":""2.0"",""label"":""Long-term sick or disabled""}]"
61,B10DACTIV,Incorrect/missing data from last int: (Derived in CAPI) Economic activity,numeric,NOMINAL,-9.0 thru -8.0 and -1.0,"[{""value"":""-9.0"",""label"":""Refused""},{""value"":""-8.0"",""label"":""Not known""},{""value"":""-1.0"",""label"":""Not applicable""},{""value"":""1.0"",""label"":""Full-time paid employee""},{""value"":""2.0"",""label"":""Part-time paid employee""},{""value"":""3.0"",""label"":""Full-time self-employed""},{""value"":""4.0"",""label"":""Part-time self-employed""},{""value"":""5.0"",""label"":""Unemployed and seeking work""},{""value"":""6.0"",""label"":""Full-time education""},{""value"":""7.0"",""label"":""On a government scheme for emp training""},{""value"":""8.0"",""label"":""Temporarily sick/disabled""},{""value"":""9.0"",""label"":""Long term sick/disabled""},{""value"":""10.0"",""label"":""Looking after home or family""},{""value"":""11.0"",""label"":""Wholly retired""},{""value"":""12.0"",""label"":""Something else""}]"
62,B10STMO,Incorrect/missing data from last int: Date started economic activity - Month,numeric,NOMINAL,-9.0 thru -8.0 and -1.0,"[{""value"":""-9.0"",""label"":""Refused""},{""value"":""-8.0"",""label"":""Not known""},{""value"":""-1.0"",""label"":""Not applicable""},{""value"":""1.0"",""label"":""January""},{""value"":""2.0"",""label"":""February""},{""value"":""3.0"",""label"":""March""},{""value"":""4.0"",""label"":""April""},{""value"":""5.0"",""label"":""May""},{""value"":""6.0"",""label"":""June""},{""value"":""7.0"",""label"":""July""},{""value"":""8.0"",""label"":""August""},{""value"":""9.0"",""label"":""September""},{""value"":""10.0"",""label"":""October""},{""value"":""11.0"",""label"":""November""},{""value"":""12.0"",""label"":""December""}]"
63,B10STYR,Incorrect/missing data from last int: Date started economic activity - Year,numeric,SCALE,-9.0 thru -8.0 and -1.0,"[{""value"":""-9.0"",""label"":""Refused""},{""value"":""-8.0"",""label"":""Not known""},{""value"":""-1.0"",""label"":""Not applicable""}]"
64,B10JSOC3,Incorrect/missing data from last int: soc2010.99: 3 digit SOC CODE,numeric,NOMINAL,-1.0 thru None,"[{""value"":""-1.0"",""label"":""Not applicable""}]"
65,B10JNSSECSB,Incorrect/missing data from last int: NSSEC2010sb.99: Sub-categories,numeric,SCALE,-9.0 thru -8.0 and -1.0,"[{""value"":""-9.0"",""label"":""Refused""},{""value"":""-8.0"",""label"":""Not known""},{""value"":""-1.0"",""label"":""Not applicable""},{""value"":""1.0"",""label"":""L1 Employers in large establishments""},{""value"":""2.0"",""label"":""L2 Higher managerial and administrative""},{""value"":""3.0"",""label"":""L3 Higher professional occupations""},{""value"":""3.1"",""label"":""L3.1 Traditional employees""},{""value"":""3.2"",""label"":""L3.2 New employees""},{""value"":""3.3"",""label"":""L3.3 Traditional self-employed""},{""value"":""3.4"",""label"":""L3.4 New self-employed""},{""value"":""4.0"",""label"":""Lower professional and higher technical""},{""value"":""4.1"",""label"":""L4.1 Traditional employees""},{""value"":""4.2"",""label"":""L4.2 New employees""},{""value"":""4.3"",""label"":""L4.3 Traditional self-employed""},{""value"":""4.4"",""label"":""L4.4 New self-employed""},{""value"":""5.0"",""label"":""L5 Lower managerial and administrative""},{""value"":""6.0"",""label"":""L6 Higher supervisory occupations""},{""value"":""7.0"",""label"":""L7 Intermediate occupations""},{""value"":""7.1"",""label"":""Intermediate clerical/administrative""},{""value"":""7.2"",""label"":""L7.2 Intermediate sales and service""},{""value"":""7.3"",""label"":""Intermediate technical and auxiliary""},{""value"":""7.4"",""label"":""L7.4 Intermediate engineering""},{""value"":""8.0"",""label"":""L8 Employers in small organisations""},{""value"":""8.1"",""label"":""Small org employers (industry etc.)""},{""value"":""8.2"",""label"":""Small org employers (agriculture)""},{""value"":""9.0"",""label"":""L9 Own account workers""},{""value"":""9.1"",""label"":""Own account workers (non- professional)""},{""value"":""9.2"",""label"":""L9.2 Own account workers (agriculture)""},{""value"":""10.0"",""label"":""L10 Lower supervisory occupations""},{""value"":""11.0"",""label"":""L11 Lower technical occupations""},{""value"":""11.1"",""label"":""L11.1 Lower technical craft occupations""},{""value"":""11.2"",""label"":""L11.2 Lower technical process operative""},{""value"":""12.0"",""label"":""L12 Semi-routine occupations""},{""value"":""12.1"",""label"":""L12.1 Semi-routine sales occupations""},{""value"":""12.2"",""label"":""L12.2 Semi-routine service occupations""},{""value"":""12.3"",""label"":""L12.3 Semi-routine technical""},{""value"":""12.4"",""label"":""L12.4 Semi-routine operative""},{""value"":""12.5"",""label"":""L12.5 Semi-routine agricultural""},{""value"":""12.6"",""label"":""L12.6 Semi-routine clerical occupations""},{""value"":""12.7"",""label"":""L12.7 Semi-routine childcare""},{""value"":""13.0"",""label"":""L13 Routine occupations""},{""value"":""13.1"",""label"":""L13.1 Routine sales and service""},{""value"":""13.2"",""label"":""L13.2 Routine production occupations""},{""value"":""13.3"",""label"":""L13.3 Routine technical occupations""},{""value"":""13.4"",""label"":""L13.4 Routine operative occupations""},{""value"":""13.5"",""label"":""L13.5 Routine agricultural occupations""},{""value"":""14.0"",""label"":""Never worked and long-term unemployed""},{""value"":""14.1"",""label"":""L14.1 Never worked""},{""value"":""14.2"",""label"":""L14.2 Long-term unemployed""},{""value"":""15.0"",""label"":""L15 Full-time students""},{""value"":""16.0"",""label"":""L16 Occupations not stated or described""},{""value"":""17.0"",""label"":""L17 Not classifiable for other reasons""}]"
66,B10JNSSECOP,Incorrect/missing data from last int: NSSEC2010op.99: Operational Categories,numeric,NOMINAL,-9.0 thru -8.0 and -1.0,"[{""value"":""-9.0"",""label"":""Refused""},{""value"":""-8.0"",""label"":""Not known""},{""value"":""-1.0"",""label"":""Not applicable""},{""value"":""1.0"",""label"":""L1 Employers in large establishments""},{""value"":""2.0"",""label"":""L2 Higher managerial and administrative""},{""value"":""3.0"",""label"":""L3 Higher professional occupations""},{""value"":""4.0"",""label"":""Lower professional and higher technical""},{""value"":""5.0"",""label"":""L5 Lower managerial and administrative""},{""value"":""6.0"",""label"":""L6 Higher supervisory occupations""},{""value"":""7.0"",""label"":""L7 Intermediate occupations""},{""value"":""8.0"",""label"":""L8 Employers in small organisations""},{""value"":""9.0"",""label"":""L9 Own account workers""},{""value"":""10.0"",""label"":""L10 Lower supervisory occupations""},{""value"":""11.0"",""label"":""L11 Lower technical occupations""},{""value"":""12.0"",""label"":""L12 Semi-routine occupations""},{""value"":""13.0"",""label"":""L13 Routine occupations""},{""value"":""14.0"",""label"":""Never worked and long-term unemployed""},{""value"":""15.0"",""label"":""L15 Full-time students""},{""value"":""16.0"",""label"":""L16 Occupations not stated or described""},{""value"":""17.0"",""label"":""L17 Not classifiable for other reasons""}]"
67,B10JNSSECAN,Incorrect/missing data from last int: NSSEC2010an.99: Analytical Classes,numeric,SCALE,-9.0 thru -8.0 and -1.0,"[{""value"":""-9.0"",""label"":""Refused""},{""value"":""-8.0"",""label"":""Not known""},{""value"":""-1.0"",""label"":""Not applicable""},{""value"":""1.0"",""label"":""1 Higher managerial and administrative""},{""value"":""1.1"",""label"":""Large employers and higher managerial""},{""value"":""1.2"",""label"":""1.2 Higher professional occupations""},{""value"":""2.0"",""label"":""Lower managerial and administrative""},{""value"":""3.0"",""label"":""Intermediate occupations""},{""value"":""4.0"",""label"":""Small employers and own account workers""},{""value"":""5.0"",""label"":""Lower supervisory and technical""},{""value"":""6.0"",""label"":""Semi-routine occupations""},{""value"":""7.0"",""label"":""Routine occupations""},{""value"":""8.0"",""label"":""Never worked and long-term unemployed""},{""value"":""9.0"",""label"":""Occs not stated or inadequate desc""}]"
68,B10JQUAL,Incorrect/missing data from last int: Whether job req special quals/training,numeric,NOMINAL,-9.0 thru -8.0 and -1.0,"[{""value"":""-9.0"",""label"":""Refused""},{""value"":""-8.0"",""label"":""Not known""},{""value"":""-1.0"",""label"":""Not applicable""},{""value"":""1.0"",""label"":""Yes""},{""value"":""2.0"",""label"":""No""}]"
69,B10JSUP,Incorrect/missing data from last int: Whether had any managerial duties,numeric,NOMINAL,-9.0 thru -8.0 and -1.0,"[{""value"":""-9.0"",""label"":""Refused""},{""value"":""-8.0"",""label"":""Not known""},{""value"":""-1.0"",""label"":""Not applicable""},{""value"":""1.0"",""label"":""Yes""},{""value"":""2.0"",""label"":""No""}]"
70,B10JSMP,Incorrect/missing data from last int: Whether worked alone or with employees,numeric,NOMINAL,-9.0 thru -8.0 and -1.0,"[{""value"":""-9.0"",""label"":""Refused""},{""value"":""-8.0"",""label"":""Not known""},{""value"":""-1.0"",""label"":""Not applicable""},{""value"":""1.0"",""label"":""On own/with partner(s) but no employees""},{""value"":""2.0"",""label"":""With employees""}]"
71,B10JSNP,Incorrect/missing data from last int: Number of ppl employed at place of work,numeric,NOMINAL,-9.0 thru -8.0 and -1.0,"[{""value"":""-9.0"",""label"":""Refused""},{""value"":""-8.0"",""label"":""Not known""},{""value"":""-1.0"",""label"":""Not applicable""},{""value"":""1.0"",""label"":""1-9""},{""value"":""2.0"",""label"":""10-24""},{""value"":""3.0"",""label"":""25-99""},{""value"":""4.0"",""label"":""100-499""},{""value"":""5.0"",""label"":""500 or more""}]"
72,B10CURACT,Incorrect/missing data from last int: Whether this is current job/activity,numeric,NOMINAL,-9.0 thru -8.0 and -1.0,"[{""value"":""-9.0"",""label"":""Refused""},{""value"":""-8.0"",""label"":""Not known""},{""value"":""-1.0"",""label"":""Not applicable""},{""value"":""1.0"",""label"":""Yes""},{""value"":""2.0"",""label"":""No""}]"
73,B10CURACS,Incorrect/missing data from last int: Whether continuously doing the same job,numeric,NOMINAL,-9.0 thru -8.0 and -1.0,"[{""value"":""-9.0"",""label"":""Refused""},{""value"":""-8.0"",""label"":""Not known""},{""value"":""-1.0"",""label"":""Not applicable""},{""value"":""1.0"",""label"":""Yes""},{""value"":""2.0"",""label"":""No""}]"
74,B10CURAC2,Current economic activity (if loop not completed),numeric,NOMINAL,-9.0 thru -8.0 and -1.0,"[{""value"":""-9.0"",""label"":""Refused""},{""value"":""-8.0"",""label"":""Not known""},{""value"":""-1.0"",""label"":""Not applicable""},{""value"":""1.0"",""label"":""Employee – in paid work""},{""value"":""2.0"",""label"":""Self-employed""},{""value"":""3.0"",""label"":""Unemployed and seeking work""},{""value"":""4.0"",""label"":""In full-time education""},{""value"":""5.0"",""label"":""On a government scheme for emp training""},{""value"":""6.0"",""label"":""Sick or disabled""},{""value"":""7.0"",""label"":""Looking after home/family""},{""value"":""8.0"",""label"":""Wholly retired""},{""value"":""9.0"",""label"":""Something else""}]"
75,B10CURPDW,Whether working full or part-time (if loop not completed),numeric,NOMINAL,-9.0 thru -8.0 and -1.0,"[{""value"":""-9.0"",""label"":""Refused""},{""value"":""-8.0"",""label"":""Not known""},{""value"":""-1.0"",""label"":""Not applicable""},{""value"":""1.0"",""label"":""Full-time (30 or more hours a week)""},{""value"":""2.0"",""label"":""Part-time (under 30 hours a week)""}]"
76,B10CURSCD,Whether temporarily or long-term sick/disabled (if loop not completed),numeric,NOMINAL,-9.0 thru -8.0 and -1.0,"[{""value"":""-9.0"",""label"":""Refused""},{""value"":""-8.0"",""label"":""Not known""},{""value"":""-1.0"",""label"":""Not applicable""},{""value"":""1.0"",""label"":""Temporarily sick or disabled""},{""value"":""2.0"",""label"":""Long-term sick or disabled""}]"
77,B10DACTIV5,(Derived in CAPI) Current economic activity (if loop not completed),numeric,NOMINAL,-9.0 thru -8.0 and -1.0,"[{""value"":""-9.0"",""label"":""Refused""},{""value"":""-8.0"",""label"":""Not known""},{""value"":""-1.0"",""label"":""Not applicable""},{""value"":""1.0"",""label"":""Full-time paid employee""},{""value"":""2.0"",""label"":""Part-time paid employee""},{""value"":""3.0"",""label"":""Full-time self-employed""},{""value"":""4.0"",""label"":""Part-time self-employed""},{""value"":""5.0"",""label"":""Unemployed and seeking work""},{""value"":""6.0"",""label"":""Full-time education""},{""value"":""7.0"",""label"":""On a government scheme for emp training""},{""value"":""8.0"",""label"":""Temporarily sick/disabled""},{""value"":""9.0"",""label"":""Long term sick/disabled""},{""value"":""10.0"",""label"":""Looking after home or family""},{""value"":""11.0"",""label"":""Wholly retired""},{""value"":""12.0"",""label"":""Something else""}]"
78,B10CURSTM,When current period of economic activity began - Month (if loop not completed),numeric,NOMINAL,-9.0 thru -8.0 and -1.0,"[{""value"":""-9.0"",""label"":""Refused""},{""value"":""-8.0"",""label"":""Not known""},{""value"":""-1.0"",""label"":""Not applicable""},{""value"":""1.0"",""label"":""January""},{""value"":""2.0"",""label"":""February""},{""value"":""3.0"",""label"":""March""},{""value"":""4.0"",""label"":""April""},{""value"":""5.0"",""label"":""May""},{""value"":""6.0"",""label"":""June""},{""value"":""7.0"",""label"":""July""},{""value"":""8.0"",""label"":""August""},{""value"":""9.0"",""label"":""September""},{""value"":""10.0"",""label"":""October""},{""value"":""11.0"",""label"":""November""},{""value"":""12.0"",""label"":""December""}]"
79,B10CURSTY,When current period of economic activity began - Year (if loop not completed),numeric,SCALE,-9.0 thru -8.0 and -1.0,"[{""value"":""-9.0"",""label"":""Refused""},{""value"":""-8.0"",""label"":""Not known""},{""value"":""-1.0"",""label"":""Not applicable""}]"
80,B10CJTIT,Job title check,numeric,NOMINAL,-9.0 thru -8.0 and -1.0,"[{""value"":""-9.0"",""label"":""Refused""},{""value"":""-8.0"",""label"":""Not known""},{""value"":""-1.0"",""label"":""Not applicable""},{""value"":""1.0"",""label"":""Yes""},{""value"":""2.0"",""label"":""No""}]"
81,B10CJQUAL,Whether special qualifications or training required for current job,numeric,NOMINAL,-9.0 thru -8.0 and -1.0,"[{""value"":""-9.0"",""label"":""Refused""},{""value"":""-8.0"",""label"":""Not known""},{""value"":""-1.0"",""label"":""Not applicable""},{""value"":""1.0"",""label"":""Yes""},{""value"":""2.0"",""label"":""No""}]"
82,B10SOC3,Current economic activity: soc2010.0: 3 digit SOC CODE,numeric,NOMINAL,-1.0 thru None,"[{""value"":""-1.0"",""label"":""Not applicable""}]"
83,B10SIC3,Current economic activity: sic2010.0: 3 digit SIC CODE,numeric,NOMINAL,-1.0 thru None,"[{""value"":""-1.0"",""label"":""Not applicable""}]"
84,B10NSSECSB,Current economic activity: NSSEC2010sb.0: NS-SEC 2010 Sub-categories,numeric,SCALE,-9.0 thru -8.0 and -1.0,"[{""value"":""-9.0"",""label"":""Refused""},{""value"":""-8.0"",""label"":""Not known""},{""value"":""-1.0"",""label"":""Not applicable""},{""value"":""1.0"",""label"":""L1 Employers in large establishments""},{""value"":""2.0"",""label"":""L2 Higher managerial and administrative""},{""value"":""3.0"",""label"":""L3 Higher professional occupations""},{""value"":""3.1"",""label"":""L3.1 Traditional employees""},{""value"":""3.2"",""label"":""L3.2 New employees""},{""value"":""3.3"",""label"":""L3.3 Traditional self-employed""},{""value"":""3.4"",""label"":""L3.4 New self-employed""},{""value"":""4.0"",""label"":""Lower professional and higher technical""},{""value"":""4.1"",""label"":""L4.1 Traditional employees""},{""value"":""4.2"",""label"":""L4.2 New employees""},{""value"":""4.3"",""label"":""L4.3 Traditional self-employed""},{""value"":""4.4"",""label"":""L4.4 New self-employed""},{""value"":""5.0"",""label"":""L5 Lower managerial and administrative""},{""value"":""6.0"",""label"":""L6 Higher supervisory occupations""},{""value"":""7.0"",""label"":""L7 Intermediate occupations""},{""value"":""7.1"",""label"":""Intermediate clerical/administrative""},{""value"":""7.2"",""label"":""L7.2 Intermediate sales and service""},{""value"":""7.3"",""label"":""Intermediate technical and auxiliary""},{""value"":""7.4"",""label"":""L7.4 Intermediate engineering""},{""value"":""8.0"",""label"":""L8 Employers in small organisations""},{""value"":""8.1"",""label"":""Small org employers (industry etc.)""},{""value"":""8.2"",""label"":""Small org employers (agriculture)""},{""value"":""9.0"",""label"":""L9 Own account workers""},{""value"":""9.1"",""label"":""Own account workers (non- professional)""},{""value"":""9.2"",""label"":""L9.2 Own account workers (agriculture)""},{""value"":""10.0"",""label"":""L10 Lower supervisory occupations""},{""value"":""11.0"",""label"":""L11 Lower technical occupations""},{""value"":""11.1"",""label"":""L11.1 Lower technical craft occupations""},{""value"":""11.2"",""label"":""L11.2 Lower technical process operative""},{""value"":""12.0"",""label"":""L12 Semi-routine occupations""},{""value"":""12.1"",""label"":""L12.1 Semi-routine sales occupations""},{""value"":""12.2"",""label"":""L12.2 Semi-routine service occupations""},{""value"":""12.3"",""label"":""L12.3 Semi-routine technical""},{""value"":""12.4"",""label"":""L12.4 Semi-routine operative""},{""value"":""12.5"",""label"":""L12.5 Semi-routine agricultural""},{""value"":""12.6"",""label"":""L12.6 Semi-routine clerical occupations""},{""value"":""12.7"",""label"":""L12.7 Semi-routine childcare""},{""value"":""13.0"",""label"":""L13 Routine occupations""},{""value"":""13.1"",""label"":""L13.1 Routine sales and service""},{""value"":""13.2"",""label"":""L13.2 Routine production occupations""},{""value"":""13.3"",""label"":""L13.3 Routine technical occupations""},{""value"":""13.4"",""label"":""L13.4 Routine operative occupations""},{""value"":""13.5"",""label"":""L13.5 Routine agricultural occupations""},{""value"":""14.0"",""label"":""Never worked and long-term unemployed""},{""value"":""14.1"",""label"":""L14.1 Never worked""},{""value"":""14.2"",""label"":""L14.2 Long-term unemployed""},{""value"":""15.0"",""label"":""L15 Full-time students""},{""value"":""16.0"",""label"":""L16 Occupations not stated or described""},{""value"":""17.0"",""label"":""L17 Not classifiable for other reasons""}]"
85,B10NSSECOP,Current economic activity: NSSEC2010op.0: NS-SEC 2010 Operational Categories,numeric,NOMINAL,-9.0 thru -8.0 and -1.0,"[{""value"":""-9.0"",""label"":""Refused""},{""value"":""-8.0"",""label"":""Not known""},{""value"":""-1.0"",""label"":""Not applicable""},{""value"":""1.0"",""label"":""L1 Employers in large establishments""},{""value"":""2.0"",""label"":""L2 Higher managerial and administrative""},{""value"":""3.0"",""label"":""L3 Higher professional occupations""},{""value"":""4.0"",""label"":""Lower professional and higher technical""},{""value"":""5.0"",""label"":""L5 Lower managerial and administrative""},{""value"":""6.0"",""label"":""L6 Higher supervisory occupations""},{""value"":""7.0"",""label"":""L7 Intermediate occupations""},{""value"":""8.0"",""label"":""L8 Employers in small organisations""},{""value"":""9.0"",""label"":""L9 Own account workers""},{""value"":""10.0"",""label"":""L10 Lower supervisory occupations""},{""value"":""11.0"",""label"":""L11 Lower technical occupations""},{""value"":""12.0"",""label"":""L12 Semi-routine occupations""},{""value"":""13.0"",""label"":""L13 Routine occupations""},{""value"":""14.0"",""label"":""Never worked and long-term unemployed""},{""value"":""15.0"",""label"":""L15 Full-time students""},{""value"":""16.0"",""label"":""L16 Occupations not stated or described""},{""value"":""17.0"",""label"":""L17 Not classifiable for other reasons""}]"
86,B10NSSECAN,Current economic activity: NSSEC2010an.0: NS-SEC 2010 Analytical Classes,numeric,SCALE,-9.0 thru -8.0 and -1.0,"[{""value"":""-9.0"",""label"":""Refused""},{""value"":""-8.0"",""label"":""Not known""},{""value"":""-1.0"",""label"":""Not applicable""},{""value"":""1.0"",""label"":""1 Higher managerial and administrative""},{""value"":""1.1"",""label"":""Large employers and higher managerial""},{""value"":""1.2"",""label"":""1.2 Higher professional occupations""},{""value"":""2.0"",""label"":""Lower managerial and administrative""},{""value"":""3.0"",""label"":""Intermediate occupations""},{""value"":""4.0"",""label"":""Small employers and own account workers""},{""value"":""5.0"",""label"":""Lower supervisory and technical""},{""value"":""6.0"",""label"":""Semi-routine occupations""},{""value"":""7.0"",""label"":""Routine occupations""},{""value"":""8.0"",""label"":""Never worked and long-term unemployed""},{""value"":""9.0"",""label"":""Occs not stated or inadequate desc""}]"
87,B10CJSUPA,Whether has any managerial duties,numeric,NOMINAL,-9.0 thru -8.0 and -1.0,"[{""value"":""-9.0"",""label"":""Refused""},{""value"":""-8.0"",""label"":""Not known""},{""value"":""-1.0"",""label"":""Not applicable""},{""value"":""1.0"",""label"":""Yes""},{""value"":""2.0"",""label"":""No""}]"
88,B10CJEMPS,Number of people who work at workplace,numeric,NOMINAL,-9.0 thru -8.0 and -1.0,"[{""value"":""-9.0"",""label"":""Refused""},{""value"":""-8.0"",""label"":""Not known""},{""value"":""-1.0"",""label"":""Not applicable""},{""value"":""1.0"",""label"":""1-9""},{""value"":""2.0"",""label"":""10-24""},{""value"":""3.0"",""label"":""25-99""},{""value"":""4.0"",""label"":""100-499""},{""value"":""5.0"",""label"":""500 or more""}]"
89,B10CJORG,Type of organisation CM works for,numeric,NOMINAL,-9.0 thru -8.0 and -1.0,"[{""value"":""-9.0"",""label"":""Refused""},{""value"":""-8.0"",""label"":""Not known""},{""value"":""-1.0"",""label"":""Not applicable""},{""value"":""1.0"",""label"":""Private firm/company/PLC""},{""value"":""2.0"",""label"":""Nationalised industry/state corporation""},{""value"":""3.0"",""label"":""Central government or civil service""},{""value"":""4.0"",""label"":""Local government or council""},{""value"":""5.0"",""label"":""University/other grant funded estab.""},{""value"":""6.0"",""label"":""Health authority or NHS Trust""},{""value"":""7.0"",""label"":""Charity, voluntary org. or trust""},{""value"":""8.0"",""label"":""Armed forces""},{""value"":""9.0"",""label"":""Some other kind of organisation""}]"
90,B10CJSMPA,Whether works on own or had employees,numeric,NOMINAL,-9.0 thru -8.0 and -1.0,"[{""value"":""-9.0"",""label"":""Refused""},{""value"":""-8.0"",""label"":""Not known""},{""value"":""-1.0"",""label"":""Not applicable""},{""value"":""1.0"",""label"":""On own/with partner(s) but no employees""},{""value"":""2.0"",""label"":""With employees""}]"
91,B10CJSNPA,Number of people employed at place of work,numeric,NOMINAL,-9.0 thru -8.0 and -1.0,"[{""value"":""-9.0"",""label"":""Refused""},{""value"":""-8.0"",""label"":""Not known""},{""value"":""-1.0"",""label"":""Not applicable""},{""value"":""1.0"",""label"":""1-9""},{""value"":""2.0"",""label"":""10-24""},{""value"":""3.0"",""label"":""25-99""},{""value"":""4.0"",""label"":""100-499""},{""value"":""5.0"",""label"":""500 or more""}]"
92,B10SETYPE,Whether runs own business or works for others (other specify),numeric,NOMINAL,-9.0 thru -8.0 and -1.0,"[{""value"":""-9.0"",""label"":""Refused""},{""value"":""-8.0"",""label"":""Not known""},{""value"":""-1.0"",""label"":""Not applicable""},{""value"":""1.0"",""label"":""Own business/professional practice""},{""value"":""2.0"",""label"":""Work for others""},{""value"":""3.0"",""label"":""Both""},{""value"":""4.0"",""label"":""Other (Specify)""},{""value"":""50.0"",""label"":""Family Business""},{""value"":""94.0"",""label"":""Other specific answer""},{""value"":""95.0"",""label"":""Vague / Irrelevant answer""}]"
93,B10SEPA,Self-employed take home income in last year,numeric,SCALE,-9.0 thru -8.0 and -1.0,"[{""value"":""-9.0"",""label"":""Refused""},{""value"":""-8.0"",""label"":""Not known""},{""value"":""-1.0"",""label"":""Not applicable""}]"
94,B10CJSEHS,Usual weekly working hours,numeric,SCALE,-9.0 thru -8.0 and -1.0,"[{""value"":""-9.0"",""label"":""Refused""},{""value"":""-8.0"",""label"":""Not known""},{""value"":""-1.0"",""label"":""Not applicable""}]"
95,B10PAYS,Whether CM was able to consult last payslip,numeric,NOMINAL,-9.0 thru -8.0 and -1.0,"[{""value"":""-9.0"",""label"":""Refused""},{""value"":""-8.0"",""label"":""Not known""},{""value"":""-1.0"",""label"":""Not applicable""},{""value"":""1.0"",""label"":""Yes""},{""value"":""2.0"",""label"":""No""}]"
96,B10GROA,Gross pay - amount,numeric,SCALE,-9.0 thru -8.0 and -1.0,"[{""value"":""-9.0"",""label"":""Refused""},{""value"":""-8.0"",""label"":""Not known""},{""value"":""-1.0"",""label"":""Not applicable""}]"
97,B10GROP,Gross pay - period,numeric,NOMINAL,-9.0 thru -8.0 and -1.0,"[{""value"":""-9.0"",""label"":""Refused""},{""value"":""-8.0"",""label"":""Not known""},{""value"":""-1.0"",""label"":""Not applicable""},{""value"":""1.0"",""label"":""One week""},{""value"":""2.0"",""label"":""Two weeks""},{""value"":""3.0"",""label"":""Three weeks""},{""value"":""4.0"",""label"":""Four weeks""},{""value"":""5.0"",""label"":""Calendar month""},{""value"":""6.0"",""label"":""Two Calendar months""},{""value"":""7.0"",""label"":""Eight times a year""},{""value"":""8.0"",""label"":""Nine times a year""},{""value"":""9.0"",""label"":""Ten times a year""},{""value"":""10.0"",""label"":""Three months/13 weeks""},{""value"":""11.0"",""label"":""Six months/26 weeks""},{""value"":""12.0"",""label"":""One Year/12 months/52 weeks""},{""value"":""13.0"",""label"":""Less than one week""},{""value"":""14.0"",""label"":""One off/lump sum""},{""value"":""15.0"",""label"":""Other period""}]"
98,B10GROW,(Derived in CAPI) Gross pay per week,numeric,SCALE,-9.0 thru -8.0 and -1.0,"[{""value"":""-9.0"",""label"":""Refused""},{""value"":""-8.0"",""label"":""Not known""},{""value"":""-1.0"",""label"":""Not applicable""}]"
99,B10NETA,Last net pay - amount,numeric,SCALE,-9.0 thru -8.0 and -1.0,"[{""value"":""-9.0"",""label"":""Refused""},{""value"":""-8.0"",""label"":""Not known""},{""value"":""-1.0"",""label"":""Not applicable""}]"
100,B10NETP,Last net pay - period,numeric,NOMINAL,-9.0 thru -8.0 and -1.0,"[{""value"":""-9.0"",""label"":""Refused""},{""value"":""-8.0"",""label"":""Not known""},{""value"":""-1.0"",""label"":""Not applicable""},{""value"":""1.0"",""label"":""One week""},{""value"":""2.0"",""label"":""Two weeks""},{""value"":""3.0"",""label"":""Three weeks""},{""value"":""4.0"",""label"":""Four weeks""},{""value"":""5.0"",""label"":""Calendar month""},{""value"":""6.0"",""label"":""Two Calendar months""},{""value"":""7.0"",""label"":""Eight times a year""},{""value"":""8.0"",""label"":""Nine times a year""},{""value"":""9.0"",""label"":""Ten times a year""},{""value"":""10.0"",""label"":""Three months/13 weeks""},{""value"":""11.0"",""label"":""Six months/26 weeks""},{""value"":""12.0"",""label"":""One Year/12 months/52 weeks""},{""value"":""13.0"",""label"":""Less than one week""},{""value"":""14.0"",""label"":""One off/lump sum""},{""value"":""15.0"",""label"":""Other period""}]"
101,B10NETW,(Derived in CAPI) Last net pay per week,numeric,SCALE,-9.0 thru -8.0 and -1.0,"[{""value"":""-9.0"",""label"":""Refused""},{""value"":""-8.0"",""label"":""Not known""},{""value"":""-1.0"",""label"":""Not applicable""}]"
102,B10PUSL,Whether last net pay provided is usual take-home pay,numeric,NOMINAL,-9.0 thru -8.0 and -1.0,"[{""value"":""-9.0"",""label"":""Refused""},{""value"":""-8.0"",""label"":""Not known""},{""value"":""-1.0"",""label"":""Not applicable""},{""value"":""1.0"",""label"":""Yes""},{""value"":""2.0"",""label"":""No""}]"
103,B10USLA,Usual net pay - amount,numeric,SCALE,-9.0 thru -8.0 and -1.0,"[{""value"":""-9.0"",""label"":""Refused""},{""value"":""-8.0"",""label"":""Not known""},{""value"":""-1.0"",""label"":""Not applicable""}]"
104,B10USLP,Usual net pay - period,numeric,NOMINAL,-9.0 thru -8.0 and -1.0,"[{""value"":""-9.0"",""label"":""Refused""},{""value"":""-8.0"",""label"":""Not known""},{""value"":""-1.0"",""label"":""Not applicable""},{""value"":""1.0"",""label"":""One week""},{""value"":""2.0"",""label"":""Two weeks""},{""value"":""3.0"",""label"":""Three weeks""},{""value"":""4.0"",""label"":""Four weeks""},{""value"":""5.0"",""label"":""Calendar month""},{""value"":""6.0"",""label"":""Two Calendar months""},{""value"":""7.0"",""label"":""Eight times a year""},{""value"":""8.0"",""label"":""Nine times a year""},{""value"":""9.0"",""label"":""Ten times a year""},{""value"":""10.0"",""label"":""Three months/13 weeks""},{""value"":""11.0"",""label"":""Six months/26 weeks""},{""value"":""12.0"",""label"":""One Year/12 months/52 weeks""},{""value"":""13.0"",""label"":""Less than one week""},{""value"":""14.0"",""label"":""One off/lump sum""},{""value"":""15.0"",""label"":""Other period""}]"
105,B10USLW,(Derived in CAPI) Usual net pay per week,numeric,SCALE,-9.0 thru -8.0 and -1.0,"[{""value"":""-9.0"",""label"":""Refused""},{""value"":""-8.0"",""label"":""Not known""},{""value"":""-1.0"",""label"":""Not applicable""}]"
106,B10SAVT,Total amount of savings and investments,numeric,SCALE,-9.0 thru -8.0 and -1.0,"[{""value"":""-9.0"",""label"":""Refused""},{""value"":""-8.0"",""label"":""Not known""},{""value"":""-1.0"",""label"":""Not applicable""}]"
107,B10OTIMNY,Whether CM ever does any overtime in main job,numeric,NOMINAL,-9.0 thru -8.0 and -1.0,"[{""value"":""-9.0"",""label"":""Refused""},{""value"":""-8.0"",""label"":""Not known""},{""value"":""-1.0"",""label"":""Not applicable""},{""value"":""1.0"",""label"":""Yes""},{""value"":""2.0"",""label"":""No""}]"
108,B10CHOUR1,Usual weekly working hours,numeric,SCALE,-9.0 thru -8.0 and -1.0,"[{""value"":""-9.0"",""label"":""Refused""},{""value"":""-8.0"",""label"":""Not known""},{""value"":""-1.0"",""label"":""Not applicable""}]"
109,B10SHFTWK,Whether main job involves shift work,numeric,NOMINAL,-9.0 thru -8.0 and -1.0,"[{""value"":""-9.0"",""label"":""Refused""},{""value"":""-8.0"",""label"":""Not known""},{""value"":""-1.0"",""label"":""Not applicable""},{""value"":""1.0"",""label"":""Yes""},{""value"":""2.0"",""label"":""No""}]"
110,B10ZEROWK,Whether main job has zero hours contract,numeric,NOMINAL,-9.0 thru -8.0 and -1.0,"[{""value"":""-9.0"",""label"":""Refused""},{""value"":""-8.0"",""label"":""Not known""},{""value"":""-1.0"",""label"":""Not applicable""},{""value"":""1.0"",""label"":""Yes""},{""value"":""2.0"",""label"":""No""}]"
111,B10JBATIS,Satisfaction with current job,numeric,NOMINAL,-9.0 thru -8.0 and -1.0,"[{""value"":""-9.0"",""label"":""Refused""},{""value"":""-8.0"",""label"":""Not known""},{""value"":""-1.0"",""label"":""Not applicable""},{""value"":""1.0"",""label"":""Very satisfied""},{""value"":""2.0"",""label"":""Satisfied""},{""value"":""3.0"",""label"":""Neither satisfied nor dissatisfied""},{""value"":""4.0"",""label"":""Fairly dissatisfied""},{""value"":""5.0"",""label"":""Very dissatisfied""}]"
112,B10NUMJOS,Whether has more than one job,numeric,NOMINAL,-9.0 thru -8.0 and -1.0,"[{""value"":""-9.0"",""label"":""Refused""},{""value"":""-8.0"",""label"":""Not known""},{""value"":""-1.0"",""label"":""Not applicable""},{""value"":""1.0"",""label"":""Yes – one other job""},{""value"":""2.0"",""label"":""Yes – more than one other job""},{""value"":""3.0"",""label"":""No""}]"
113,B10HOOJOB,Number of hours worked per week in other jobs,numeric,SCALE,-9.0 thru -8.0 and -1.0,"[{""value"":""-9.0"",""label"":""Refused""},{""value"":""-8.0"",""label"":""Not known""},{""value"":""-1.0"",""label"":""Not applicable""}]"
114,B10CHOUR7,Frequency of working at night between 10pm and 4am,numeric,NOMINAL,-9.0 thru -8.0 and -1.0,"[{""value"":""-9.0"",""label"":""Refused""},{""value"":""-8.0"",""label"":""Not known""},{""value"":""-1.0"",""label"":""Not applicable""},{""value"":""1.0"",""label"":""Every day""},{""value"":""2.0"",""label"":""Every week""},{""value"":""3.0"",""label"":""At least once a month""},{""value"":""4.0"",""label"":""Less often than once a month""},{""value"":""5.0"",""label"":""Never""}]"
115,B10CHOUR8,Frequency of working in the early morning between 4 and 7am,numeric,NOMINAL,-9.0 thru -8.0 and -1.0,"[{""value"":""-9.0"",""label"":""Refused""},{""value"":""-8.0"",""label"":""Not known""},{""value"":""-1.0"",""label"":""Not applicable""},{""value"":""1.0"",""label"":""Every day""},{""value"":""2.0"",""label"":""Every week""},{""value"":""3.0"",""label"":""At least once a month""},{""value"":""4.0"",""label"":""Less often than once a month""},{""value"":""5.0"",""label"":""Never""}]"
116,B10PCNCT2,Partner's current main economic activity,numeric,NOMINAL,-9.0 thru -8.0 and -1.0,"[{""value"":""-9.0"",""label"":""Refused""},{""value"":""-8.0"",""label"":""Not known""},{""value"":""-1.0"",""label"":""Not applicable""},{""value"":""1.0"",""label"":""Employee – in paid work""},{""value"":""2.0"",""label"":""Self-employed""},{""value"":""3.0"",""label"":""Unemployed and seeking work""},{""value"":""4.0"",""label"":""In full-time education""},{""value"":""5.0"",""label"":""On a government scheme for emp training""},{""value"":""6.0"",""label"":""Sick or disabled""},{""value"":""7.0"",""label"":""Looking after home/family""},{""value"":""8.0"",""label"":""Wholly retired""},{""value"":""9.0"",""label"":""Something else""}]"
117,B10PCNCT3,Whether partner working full or part-time,numeric,NOMINAL,-9.0 thru -8.0 and -1.0,"[{""value"":""-9.0"",""label"":""Refused""},{""value"":""-8.0"",""label"":""Not known""},{""value"":""-1.0"",""label"":""Not applicable""},{""value"":""1.0"",""label"":""Full-time (30 or more hours a week)""},{""value"":""2.0"",""label"":""Part-time (under 30 hours a week)""}]"
118,B10PCNCT4,Whether partner temporarily or long-term sick or disabled,numeric,NOMINAL,-9.0 thru -8.0 and -1.0,"[{""value"":""-9.0"",""label"":""Refused""},{""value"":""-8.0"",""label"":""Not known""},{""value"":""-1.0"",""label"":""Not applicable""},{""value"":""1.0"",""label"":""Temporarily sick/disabled (<6 months""},{""value"":""2.0"",""label"":""Temporarily sick/disabled (>6 months""}]"
119,B10INCC01,Other forms of income: Benefits or tax credits (including child benefit),numeric,NOMINAL,-9.0 thru -8.0 and -1.0,"[{""value"":""-9.0"",""label"":""Refused""},{""value"":""-8.0"",""label"":""Not known""},{""value"":""-1.0"",""label"":""Not applicable""},{""value"":""0.0"",""label"":""No""},{""value"":""1.0"",""label"":""Yes""}]"
120,B10INCC02,Other forms of income: Income from paid work,numeric,NOMINAL,-9.0 thru -8.0 and -1.0,"[{""value"":""-9.0"",""label"":""Refused""},{""value"":""-8.0"",""label"":""Not known""},{""value"":""-1.0"",""label"":""Not applicable""},{""value"":""0.0"",""label"":""No""},{""value"":""1.0"",""label"":""Yes""}]"
121,B10INCC03,"Other forms of income: Income from investments, including interest on savings",numeric,NOMINAL,-9.0 thru -8.0 and -1.0,"[{""value"":""-9.0"",""label"":""Refused""},{""value"":""-8.0"",""label"":""Not known""},{""value"":""-1.0"",""label"":""Not applicable""},{""value"":""0.0"",""label"":""No""},{""value"":""1.0"",""label"":""Yes""}]"
122,B10INCC04,Other forms of income: Rent from other property/boarders/lodgers/sub-tenants,numeric,NOMINAL,-9.0 thru -8.0 and -1.0,"[{""value"":""-9.0"",""label"":""Refused""},{""value"":""-8.0"",""label"":""Not known""},{""value"":""-1.0"",""label"":""Not applicable""},{""value"":""0.0"",""label"":""No""},{""value"":""1.0"",""label"":""Yes""}]"
123,B10INCC05,Other forms of income: Pension,numeric,NOMINAL,-9.0 thru -8.0 and -1.0,"[{""value"":""-9.0"",""label"":""Refused""},{""value"":""-8.0"",""label"":""Not known""},{""value"":""-1.0"",""label"":""Not applicable""},{""value"":""0.0"",""label"":""No""},{""value"":""1.0"",""label"":""Yes""}]"
124,B10INCC06,Other forms of income: Any other source of regular income,numeric,NOMINAL,-9.0 thru -8.0 and -1.0,"[{""value"":""-9.0"",""label"":""Refused""},{""value"":""-8.0"",""label"":""Not known""},{""value"":""-1.0"",""label"":""Not applicable""},{""value"":""0.0"",""label"":""No""},{""value"":""1.0"",""label"":""Yes""}]"
125,B10INCC07,Other forms of income: None of these,numeric,NOMINAL,-9.0 thru -8.0 and -1.0,"[{""value"":""-9.0"",""label"":""Refused""},{""value"":""-8.0"",""label"":""Not known""},{""value"":""-1.0"",""label"":""Not applicable""},{""value"":""0.0"",""label"":""No""},{""value"":""1.0"",""label"":""Yes""}]"
126,B10INCC08,Other forms of income: Don't know,numeric,NOMINAL,-9.0 thru -8.0 and -1.0,"[{""value"":""-9.0"",""label"":""Refused""},{""value"":""-8.0"",""label"":""Not known""},{""value"":""-1.0"",""label"":""Not applicable""},{""value"":""0.0"",""label"":""No""},{""value"":""1.0"",""label"":""Yes""}]"
127,B10INCC09,Other forms of income: Prefer not to answer,numeric,NOMINAL,-9.0 thru -8.0 and -1.0,"[{""value"":""-9.0"",""label"":""Refused""},{""value"":""-8.0"",""label"":""Not known""},{""value"":""-1.0"",""label"":""Not applicable""},{""value"":""0.0"",""label"":""No""},{""value"":""1.0"",""label"":""Yes""}]"
128,B10INCAMT,Total take home income after tax and deductions: amount,numeric,SCALE,-9.0 thru -8.0 and -1.0,"[{""value"":""-9.0"",""label"":""Refused""},{""value"":""-8.0"",""label"":""Not known""},{""value"":""-1.0"",""label"":""Not applicable""}]"
129,B10INCP4,(Derived in CAPI) Total take home income after tax and deductions: period,numeric,NOMINAL,-9.0 thru -8.0 and -1.0,"[{""value"":""-9.0"",""label"":""Refused""},{""value"":""-8.0"",""label"":""Not known""},{""value"":""-1.0"",""label"":""Not applicable""},{""value"":""1.0"",""label"":""One week""},{""value"":""2.0"",""label"":""Two weeks""},{""value"":""3.0"",""label"":""Three weeks""},{""value"":""4.0"",""label"":""Four weeks""},{""value"":""5.0"",""label"":""Calendar month""},{""value"":""6.0"",""label"":""Two Calendar months""},{""value"":""7.0"",""label"":""Eight times a year""},{""value"":""8.0"",""label"":""Nine times a year""},{""value"":""9.0"",""label"":""Ten times a year""},{""value"":""10.0"",""label"":""Three months/13 weeks""},{""value"":""11.0"",""label"":""Six months/26 weeks""},{""value"":""12.0"",""label"":""One Year/12 months/52 weeks""},{""value"":""13.0"",""label"":""Less than one week""},{""value"":""14.0"",""label"":""One off/lump sum""},{""value"":""15.0"",""label"":""Other period""}]"
130,B10INCW,(Derived in CAPI) Weekly take home income,numeric,SCALE,-9.0 thru -8.0 and -1.0,"[{""value"":""-9.0"",""label"":""Refused""},{""value"":""-8.0"",""label"":""Not known""},{""value"":""-1.0"",""label"":""Not applicable""}]"
131,B10FINNOW,How well CM is managing financially,numeric,NOMINAL,-9.0 thru -8.0 and -1.0,"[{""value"":""-9.0"",""label"":""Refused""},{""value"":""-8.0"",""label"":""Not known""},{""value"":""-1.0"",""label"":""Not applicable""},{""value"":""1.0"",""label"":""Living comfortably""},{""value"":""2.0"",""label"":""Doing all right""},{""value"":""3.0"",""label"":""Just about getting by""},{""value"":""4.0"",""label"":""Finding it quite difficult""},{""value"":""5.0"",""label"":""Finding it very difficult""}]"
132,B10IASI01,"Savings and investments: Account at a bank, building society or elsewhere",numeric,NOMINAL,-9.0 thru -8.0 and -1.0,"[{""value"":""-9.0"",""label"":""Refused""},{""value"":""-8.0"",""label"":""Not known""},{""value"":""-1.0"",""label"":""Not applicable""},{""value"":""0.0"",""label"":""No""},{""value"":""1.0"",""label"":""Yes""}]"
133,B10IASI02,Savings and Investments: Premium Bonds/National Savings Accts. or Certificates,numeric,NOMINAL,-9.0 thru -8.0 and -1.0,"[{""value"":""-9.0"",""label"":""Refused""},{""value"":""-8.0"",""label"":""Not known""},{""value"":""-1.0"",""label"":""Not applicable""},{""value"":""0.0"",""label"":""No""},{""value"":""1.0"",""label"":""Yes""}]"
134,B10IASI03,Savings and Investments: ISA - cash or Tessa,numeric,NOMINAL,-9.0 thru -8.0 and -1.0,"[{""value"":""-9.0"",""label"":""Refused""},{""value"":""-8.0"",""label"":""Not known""},{""value"":""-1.0"",""label"":""Not applicable""},{""value"":""0.0"",""label"":""No""},{""value"":""1.0"",""label"":""Yes""}]"
135,B10IASI04,Savings and investments: ISA - stocks and shares or PEPS,numeric,NOMINAL,-9.0 thru -8.0 and -1.0,"[{""value"":""-9.0"",""label"":""Refused""},{""value"":""-8.0"",""label"":""Not known""},{""value"":""-1.0"",""label"":""Not applicable""},{""value"":""0.0"",""label"":""No""},{""value"":""1.0"",""label"":""Yes""}]"
136,B10IASI05,Savings and investments: Stocks and/or Shares (including share options etc),numeric,NOMINAL,-9.0 thru -8.0 and -1.0,"[{""value"":""-9.0"",""label"":""Refused""},{""value"":""-8.0"",""label"":""Not known""},{""value"":""-1.0"",""label"":""Not applicable""},{""value"":""0.0"",""label"":""No""},{""value"":""1.0"",""label"":""Yes""}]"
137,B10IASI06,Savings and investments: Unit or Investment Trusts/Bonds and Gilts,numeric,NOMINAL,-9.0 thru -8.0 and -1.0,"[{""value"":""-9.0"",""label"":""Refused""},{""value"":""-8.0"",""label"":""Not known""},{""value"":""-1.0"",""label"":""Not applicable""},{""value"":""0.0"",""label"":""No""},{""value"":""1.0"",""label"":""Yes""}]"
138,B10IASI07,Savings and investments: Other savings or investments,numeric,NOMINAL,-9.0 thru -8.0 and -1.0,"[{""value"":""-9.0"",""label"":""Refused""},{""value"":""-8.0"",""label"":""Not known""},{""value"":""-1.0"",""label"":""Not applicable""},{""value"":""0.0"",""label"":""No""},{""value"":""1.0"",""label"":""Yes""}]"
139,B10IASI08,Savings and investments: None of these: EXCLUSIVE,numeric,NOMINAL,-9.0 thru -8.0 and -1.0,"[{""value"":""-9.0"",""label"":""Refused""},{""value"":""-8.0"",""label"":""Not known""},{""value"":""-1.0"",""label"":""Not applicable""},{""value"":""0.0"",""label"":""No""},{""value"":""1.0"",""label"":""Yes""}]"
140,B10IASI09,Savings and investments: Don't know,numeric,NOMINAL,-9.0 thru -8.0 and -1.0,"[{""value"":""-9.0"",""label"":""Refused""},{""value"":""-8.0"",""label"":""Not known""},{""value"":""-1.0"",""label"":""Not applicable""},{""value"":""0.0"",""label"":""No""},{""value"":""1.0"",""label"":""Yes""}]"
141,B10IASI10,Savings and investments: Prefer not to answer,numeric,NOMINAL,-9.0 thru -8.0 and -1.0,"[{""value"":""-9.0"",""label"":""Refused""},{""value"":""-8.0"",""label"":""Not known""},{""value"":""-1.0"",""label"":""Not applicable""},{""value"":""0.0"",""label"":""No""},{""value"":""1.0"",""label"":""Yes""}]"
142,B10DEBT01,Which debts have: Credit card,numeric,NOMINAL,-9.0 thru -8.0 and -1.0,"[{""value"":""-9.0"",""label"":""Refused""},{""value"":""-8.0"",""label"":""Not known""},{""value"":""-1.0"",""label"":""Not applicable""},{""value"":""0.0"",""label"":""No""},{""value"":""1.0"",""label"":""Yes""}]"
143,B10DEBT02,Which debts have: Store card,numeric,NOMINAL,-9.0 thru -8.0 and -1.0,"[{""value"":""-9.0"",""label"":""Refused""},{""value"":""-8.0"",""label"":""Not known""},{""value"":""-1.0"",""label"":""Not applicable""},{""value"":""0.0"",""label"":""No""},{""value"":""1.0"",""label"":""Yes""}]"
144,B10DEBT03,Which debts have: Hire purchase agreement(s),numeric,NOMINAL,-9.0 thru -8.0 and -1.0,"[{""value"":""-9.0"",""label"":""Refused""},{""value"":""-8.0"",""label"":""Not known""},{""value"":""-1.0"",""label"":""Not applicable""},{""value"":""0.0"",""label"":""No""},{""value"":""1.0"",""label"":""Yes""}]"
145,B10DEBT04,"Which debts have: Personal loan(s) (from bank, building society etc)",numeric,NOMINAL,-9.0 thru -8.0 and -1.0,"[{""value"":""-9.0"",""label"":""Refused""},{""value"":""-8.0"",""label"":""Not known""},{""value"":""-1.0"",""label"":""Not applicable""},{""value"":""0.0"",""label"":""No""},{""value"":""1.0"",""label"":""Yes""}]"
146,B10DEBT05,Which debts have: Catalogue or mail order purchase agreement(s),numeric,NOMINAL,-9.0 thru -8.0 and -1.0,"[{""value"":""-9.0"",""label"":""Refused""},{""value"":""-8.0"",""label"":""Not known""},{""value"":""-1.0"",""label"":""Not applicable""},{""value"":""0.0"",""label"":""No""},{""value"":""1.0"",""label"":""Yes""}]"
147,B10DEBT06,Which debts have: DWP Social Fund loan,numeric,NOMINAL,-9.0 thru -8.0 and -1.0,"[{""value"":""-9.0"",""label"":""Refused""},{""value"":""-8.0"",""label"":""Not known""},{""value"":""-1.0"",""label"":""Not applicable""},{""value"":""0.0"",""label"":""No""},{""value"":""1.0"",""label"":""Yes""}]"
148,B10DEBT07,Which debts have: Any other loan(s) from a private individual,numeric,NOMINAL,-9.0 thru -8.0 and -1.0,"[{""value"":""-9.0"",""label"":""Refused""},{""value"":""-8.0"",""label"":""Not known""},{""value"":""-1.0"",""label"":""Not applicable""},{""value"":""0.0"",""label"":""No""},{""value"":""1.0"",""label"":""Yes""}]"
149,B10DEBT08,Which debts have: Student loan,numeric,NOMINAL,-9.0 thru -8.0 and -1.0,"[{""value"":""-9.0"",""label"":""Refused""},{""value"":""-8.0"",""label"":""Not known""},{""value"":""-1.0"",""label"":""Not applicable""},{""value"":""0.0"",""label"":""No""},{""value"":""1.0"",""label"":""Yes""}]"
150,B10DEBT09,Which debts have: Other debt not listed here,numeric,NOMINAL,-9.0 thru -8.0 and -1.0,"[{""value"":""-9.0"",""label"":""Refused""},{""value"":""-8.0"",""label"":""Not known""},{""value"":""-1.0"",""label"":""Not applicable""},{""value"":""0.0"",""label"":""No""},{""value"":""1.0"",""label"":""Yes""}]"
151,B10DEBT10,Which debts have: No debts: EXCLUSIVE,numeric,NOMINAL,-9.0 thru -8.0 and -1.0,"[{""value"":""-9.0"",""label"":""Refused""},{""value"":""-8.0"",""label"":""Not known""},{""value"":""-1.0"",""label"":""Not applicable""},{""value"":""0.0"",""label"":""No""},{""value"":""1.0"",""label"":""Yes""}]"
152,B10DEBT11,Which debts have: Don't know,numeric,NOMINAL,-9.0 thru -8.0 and -1.0,"[{""value"":""-9.0"",""label"":""Refused""},{""value"":""-8.0"",""label"":""Not known""},{""value"":""-1.0"",""label"":""Not applicable""},{""value"":""0.0"",""label"":""No""},{""value"":""1.0"",""label"":""Yes""}]"
153,B10DEBT12,Which debts have: Prefer not to answer,numeric,NOMINAL,-9.0 thru -8.0 and -1.0,"[{""value"":""-9.0"",""label"":""Refused""},{""value"":""-8.0"",""label"":""Not known""},{""value"":""-1.0"",""label"":""Not applicable""},{""value"":""0.0"",""label"":""No""},{""value"":""1.0"",""label"":""Yes""}]"
154,B10DEBT,Total amount of debts,numeric,SCALE,-9.0 thru -8.0 and -1.0,"[{""value"":""-9.0"",""label"":""Refused""},{""value"":""-8.0"",""label"":""Not known""},{""value"":""-1.0"",""label"":""Not applicable""}]"
155,B10ANYQUL,Whether obtained any recognised qualifications since last interview/Jan 2008,numeric,NOMINAL,-9.0 thru -8.0 and -1.0,"[{""value"":""-9.0"",""label"":""Refused""},{""value"":""-8.0"",""label"":""Not known""},{""value"":""-1.0"",""label"":""Not applicable""},{""value"":""1.0"",""label"":""Yes""},{""value"":""2.0"",""label"":""No""}]"
156,B10WHQU01,Qualifications obtained: GCSE,numeric,NOMINAL,-9.0 thru -8.0 and -1.0,"[{""value"":""-9.0"",""label"":""Refused""},{""value"":""-8.0"",""label"":""Not known""},{""value"":""-1.0"",""label"":""Not applicable""},{""value"":""0.0"",""label"":""No""},{""value"":""1.0"",""label"":""Yes""}]"
157,B10WHQU02,Qualifications obtained: A/S Level (not complete A Level),numeric,NOMINAL,-9.0 thru -8.0 and -1.0,"[{""value"":""-9.0"",""label"":""Refused""},{""value"":""-8.0"",""label"":""Not known""},{""value"":""-1.0"",""label"":""Not applicable""},{""value"":""0.0"",""label"":""No""},{""value"":""1.0"",""label"":""Yes""}]"
158,B10WHQU03,Qualifications obtained: A Level (or GCE S Level),numeric,NOMINAL,-9.0 thru -8.0 and -1.0,"[{""value"":""-9.0"",""label"":""Refused""},{""value"":""-8.0"",""label"":""Not known""},{""value"":""-1.0"",""label"":""Not applicable""},{""value"":""0.0"",""label"":""No""},{""value"":""1.0"",""label"":""Yes""}]"
159,B10WHQU04,"Qualifications obtained: Scottish Standard Grades, Highers etc",numeric,NOMINAL,-9.0 thru -8.0 and -1.0,"[{""value"":""-9.0"",""label"":""Refused""},{""value"":""-8.0"",""label"":""Not known""},{""value"":""-1.0"",""label"":""Not applicable""},{""value"":""0.0"",""label"":""No""},{""value"":""1.0"",""label"":""Yes""}]"
160,B10WHQU05,Qualifications obtained: Diploma of Higher Education,numeric,NOMINAL,-9.0 thru -8.0 and -1.0,"[{""value"":""-9.0"",""label"":""Refused""},{""value"":""-8.0"",""label"":""Not known""},{""value"":""-1.0"",""label"":""Not applicable""},{""value"":""0.0"",""label"":""No""},{""value"":""1.0"",""label"":""Yes""}]"
161,B10WHQU06,"Qualifications obtained: Degree (e.g. BA, BSc)",numeric,NOMINAL,-9.0 thru -8.0 and -1.0,"[{""value"":""-9.0"",""label"":""Refused""},{""value"":""-8.0"",""label"":""Not known""},{""value"":""-1.0"",""label"":""Not applicable""},{""value"":""0.0"",""label"":""No""},{""value"":""1.0"",""label"":""Yes""}]"
162,B10WHQU07,Qualifications obtained: Other degree level qualification,numeric,NOMINAL,-9.0 thru -8.0 and -1.0,"[{""value"":""-9.0"",""label"":""Refused""},{""value"":""-8.0"",""label"":""Not known""},{""value"":""-1.0"",""label"":""Not applicable""},{""value"":""0.0"",""label"":""No""},{""value"":""1.0"",""label"":""Yes""}]"
163,B10WHQU08,"Qualifications obtained: Higher degree (e.g. PhD, MSc)",numeric,NOMINAL,-9.0 thru -8.0 and -1.0,"[{""value"":""-9.0"",""label"":""Refused""},{""value"":""-8.0"",""label"":""Not known""},{""value"":""-1.0"",""label"":""Not applicable""},{""value"":""0.0"",""label"":""No""},{""value"":""1.0"",""label"":""Yes""}]"
164,B10WHQU09,Qualifications obtained: Nursing or other para-medical qualification,numeric,NOMINAL,-9.0 thru -8.0 and -1.0,"[{""value"":""-9.0"",""label"":""Refused""},{""value"":""-8.0"",""label"":""Not known""},{""value"":""-1.0"",""label"":""Not applicable""},{""value"":""0.0"",""label"":""No""},{""value"":""1.0"",""label"":""Yes""}]"
165,B10WHQU10,Qualifications obtained: PGCE - Post-graduate Certificate of Education,numeric,NOMINAL,-9.0 thru -8.0 and -1.0,"[{""value"":""-9.0"",""label"":""Refused""},{""value"":""-8.0"",""label"":""Not known""},{""value"":""-1.0"",""label"":""Not applicable""},{""value"":""0.0"",""label"":""No""},{""value"":""1.0"",""label"":""Yes""}]"
166,B10WHQU11,Qualifications obtained: Other teaching qualification,numeric,NOMINAL,-9.0 thru -8.0 and -1.0,"[{""value"":""-9.0"",""label"":""Refused""},{""value"":""-8.0"",""label"":""Not known""},{""value"":""-1.0"",""label"":""Not applicable""},{""value"":""0.0"",""label"":""No""},{""value"":""1.0"",""label"":""Yes""}]"
167,B10WHQU12,"Qualifications obtained: BTEC, BEC, TEC, SCOTBEC, SCOTEC, or SCOTVEC",numeric,NOMINAL,-9.0 thru -8.0 and -1.0,"[{""value"":""-9.0"",""label"":""Refused""},{""value"":""-8.0"",""label"":""Not known""},{""value"":""-1.0"",""label"":""Not applicable""},{""value"":""0.0"",""label"":""No""},{""value"":""1.0"",""label"":""Yes""}]"
168,B10WHQU13,Qualifications obtained: City and Guilds qualification,numeric,NOMINAL,-9.0 thru -8.0 and -1.0,"[{""value"":""-9.0"",""label"":""Refused""},{""value"":""-8.0"",""label"":""Not known""},{""value"":""-1.0"",""label"":""Not applicable""},{""value"":""0.0"",""label"":""No""},{""value"":""1.0"",""label"":""Yes""}]"
169,B10WHQU14,Qualifications obtained: RSA qualification,numeric,NOMINAL,-9.0 thru -8.0 and -1.0,"[{""value"":""-9.0"",""label"":""Refused""},{""value"":""-8.0"",""label"":""Not known""},{""value"":""-1.0"",""label"":""Not applicable""},{""value"":""0.0"",""label"":""No""},{""value"":""1.0"",""label"":""Yes""}]"
170,B10WHQU15,Qualifications obtained: Pitmans qualifications,numeric,NOMINAL,-9.0 thru -8.0 and -1.0,"[{""value"":""-9.0"",""label"":""Refused""},{""value"":""-8.0"",""label"":""Not known""},{""value"":""-1.0"",""label"":""Not applicable""},{""value"":""0.0"",""label"":""No""},{""value"":""1.0"",""label"":""Yes""}]"
171,B10WHQU16,Qualifications obtained: NVQ - National Vocational Qualification,numeric,NOMINAL,-9.0 thru -8.0 and -1.0,"[{""value"":""-9.0"",""label"":""Refused""},{""value"":""-8.0"",""label"":""Not known""},{""value"":""-1.0"",""label"":""Not applicable""},{""value"":""0.0"",""label"":""No""},{""value"":""1.0"",""label"":""Yes""}]"
172,B10WHQU17,Qualifications obtained: GNVQ - General National Vocational Qualification,numeric,NOMINAL,-9.0 thru -8.0 and -1.0,"[{""value"":""-9.0"",""label"":""Refused""},{""value"":""-8.0"",""label"":""Not known""},{""value"":""-1.0"",""label"":""Not applicable""},{""value"":""0.0"",""label"":""No""},{""value"":""1.0"",""label"":""Yes""}]"
173,B10WHQU18,Qualifications obtained: ONC/OND not covered elsewhere,numeric,NOMINAL,-9.0 thru -8.0 and -1.0,"[{""value"":""-9.0"",""label"":""Refused""},{""value"":""-8.0"",""label"":""Not known""},{""value"":""-1.0"",""label"":""Not applicable""},{""value"":""0.0"",""label"":""No""},{""value"":""1.0"",""label"":""Yes""}]"
174,B10WHQU19,Qualifications obtained: HNC/HND not covered elsewhere,numeric,NOMINAL,-9.0 thru -8.0 and -1.0,"[{""value"":""-9.0"",""label"":""Refused""},{""value"":""-8.0"",""label"":""Not known""},{""value"":""-1.0"",""label"":""Not applicable""},{""value"":""0.0"",""label"":""No""},{""value"":""1.0"",""label"":""Yes""}]"
175,B10WHQU20,Qualifications obtained: Recognised trade apprenticeship,numeric,NOMINAL,-9.0 thru -8.0 and -1.0,"[{""value"":""-9.0"",""label"":""Refused""},{""value"":""-8.0"",""label"":""Not known""},{""value"":""-1.0"",""label"":""Not applicable""},{""value"":""0.0"",""label"":""No""},{""value"":""1.0"",""label"":""Yes""}]"
176,B10WHQU21,Qualifications obtained: Vocational Driving licence e.g. HGV,numeric,NOMINAL,-9.0 thru -8.0 and -1.0,"[{""value"":""-9.0"",""label"":""Refused""},{""value"":""-8.0"",""label"":""Not known""},{""value"":""-1.0"",""label"":""Not applicable""},{""value"":""0.0"",""label"":""No""},{""value"":""1.0"",""label"":""Yes""}]"
177,B10WHQU22,Qualifications obtained: Any other qualification,numeric,NOMINAL,-9.0 thru -8.0 and -1.0,"[{""value"":""-9.0"",""label"":""Refused""},{""value"":""-8.0"",""label"":""Not known""},{""value"":""-1.0"",""label"":""Not applicable""},{""value"":""0.0"",""label"":""No""},{""value"":""1.0"",""label"":""Yes""}]"
178,B10WHQU23,Qualifications obtained: Don't know,numeric,NOMINAL,-9.0 thru -8.0 and -1.0,"[{""value"":""-9.0"",""label"":""Refused""},{""value"":""-8.0"",""label"":""Not known""},{""value"":""-1.0"",""label"":""Not applicable""},{""value"":""0.0"",""label"":""No""},{""value"":""1.0"",""label"":""Yes""}]"
179,B10WHQU24,Qualifications obtained: Prefer not to answer,numeric,NOMINAL,-9.0 thru -8.0 and -1.0,"[{""value"":""-9.0"",""label"":""Refused""},{""value"":""-8.0"",""label"":""Not known""},{""value"":""-1.0"",""label"":""Not applicable""},{""value"":""0.0"",""label"":""No""},{""value"":""1.0"",""label"":""Yes""}]"
180,B10NMGCS1,"Since last interview/Jan 2008, number of GCSEs at Grades A to C obtained",numeric,NOMINAL,-9.0 thru -8.0 and -1.0,"[{""value"":""-9.0"",""label"":""Refused""},{""value"":""-8.0"",""label"":""Not known""},{""value"":""-1.0"",""label"":""Not applicable""}]"
181,B10NMGCS2,"Since last interview/Jan 2008, number of GCSEs at Grades D or E obtained",numeric,NOMINAL,-9.0 thru -8.0 and -1.0,"[{""value"":""-9.0"",""label"":""Refused""},{""value"":""-8.0"",""label"":""Not known""},{""value"":""-1.0"",""label"":""Not applicable""}]"
182,B10NUMAS1,"Since last interview/Jan 2008, number of AS Levels at Grades A to C obtained",numeric,NOMINAL,-9.0 thru -8.0 and -1.0,"[{""value"":""-9.0"",""label"":""Refused""},{""value"":""-8.0"",""label"":""Not known""},{""value"":""-1.0"",""label"":""Not applicable""}]"
183,B10NUMAS2,"Since last interview/Jan 2008, number of AS Levels at Grades D or E obtained",numeric,NOMINAL,-9.0 thru -8.0 and -1.0,"[{""value"":""-9.0"",""label"":""Refused""},{""value"":""-8.0"",""label"":""Not known""},{""value"":""-1.0"",""label"":""Not applicable""}]"
184,B10NMGCE1,"Since last interview/Jan 2008, number of A Levels at Grades A to C obtained",numeric,NOMINAL,-9.0 thru -8.0 and -1.0,"[{""value"":""-9.0"",""label"":""Refused""},{""value"":""-8.0"",""label"":""Not known""},{""value"":""-1.0"",""label"":""Not applicable""}]"
185,B10NMGCE2,"Since last interview/Jan 2008, number of A Levels at Grades D or E obtained",numeric,NOMINAL,-9.0 thru -8.0 and -1.0,"[{""value"":""-9.0"",""label"":""Refused""},{""value"":""-8.0"",""label"":""Not known""},{""value"":""-1.0"",""label"":""Not applicable""}]"
186,B10SCTQ01,Level of Scottish school qualifications obtained: Access 3,numeric,NOMINAL,-9.0 thru -8.0 and -1.0,"[{""value"":""-9.0"",""label"":""Refused""},{""value"":""-8.0"",""label"":""Not known""},{""value"":""-1.0"",""label"":""Not applicable""},{""value"":""0.0"",""label"":""No""},{""value"":""1.0"",""label"":""Yes""}]"
187,B10SCTQ02,Level of Scottish school qualifications obtained: Standard Grades,numeric,NOMINAL,-9.0 thru -8.0 and -1.0,"[{""value"":""-9.0"",""label"":""Refused""},{""value"":""-8.0"",""label"":""Not known""},{""value"":""-1.0"",""label"":""Not applicable""},{""value"":""0.0"",""label"":""No""},{""value"":""1.0"",""label"":""Yes""}]"
188,B10SCTQ03,Level of Scottish school qualifications obtained: Intermediate 1,numeric,NOMINAL,-9.0 thru -8.0 and -1.0,"[{""value"":""-9.0"",""label"":""Refused""},{""value"":""-8.0"",""label"":""Not known""},{""value"":""-1.0"",""label"":""Not applicable""},{""value"":""0.0"",""label"":""No""},{""value"":""1.0"",""label"":""Yes""}]"
189,B10SCTQ04,Level of Scottish school qualifications obtained: Intermediate 2,numeric,NOMINAL,-9.0 thru -8.0 and -1.0,"[{""value"":""-9.0"",""label"":""Refused""},{""value"":""-8.0"",""label"":""Not known""},{""value"":""-1.0"",""label"":""Not applicable""},{""value"":""0.0"",""label"":""No""},{""value"":""1.0"",""label"":""Yes""}]"
190,B10SCTQ05,Level of Scottish school qualifications obtained: Highers,numeric,NOMINAL,-9.0 thru -8.0 and -1.0,"[{""value"":""-9.0"",""label"":""Refused""},{""value"":""-8.0"",""label"":""Not known""},{""value"":""-1.0"",""label"":""Not applicable""},{""value"":""0.0"",""label"":""No""},{""value"":""1.0"",""label"":""Yes""}]"
191,B10SCTQ06,Level of Scottish school qualifications obtained: Advanced Highers,numeric,NOMINAL,-9.0 thru -8.0 and -1.0,"[{""value"":""-9.0"",""label"":""Refused""},{""value"":""-8.0"",""label"":""Not known""},{""value"":""-1.0"",""label"":""Not applicable""},{""value"":""0.0"",""label"":""No""},{""value"":""1.0"",""label"":""Yes""}]"
192,B10SCTQ07,Level of Scottish school qualifications obtained: Certificate of 6th Year,numeric,NOMINAL,-9.0 thru -8.0 and -1.0,"[{""value"":""-9.0"",""label"":""Refused""},{""value"":""-8.0"",""label"":""Not known""},{""value"":""-1.0"",""label"":""Not applicable""},{""value"":""0.0"",""label"":""No""},{""value"":""1.0"",""label"":""Yes""}]"
193,B10SCTQ08,Level of Scottish school qualifications obtained: Other school qualifications,numeric,NOMINAL,-9.0 thru -8.0 and -1.0,"[{""value"":""-9.0"",""label"":""Refused""},{""value"":""-8.0"",""label"":""Not known""},{""value"":""-1.0"",""label"":""Not applicable""},{""value"":""0.0"",""label"":""No""},{""value"":""1.0"",""label"":""Yes""}]"
194,B10SCTQ09,Other Scottish school qualifications: Don't know,numeric,NOMINAL,-9.0 thru -8.0 and -1.0,"[{""value"":""-9.0"",""label"":""Refused""},{""value"":""-8.0"",""label"":""Not known""},{""value"":""-1.0"",""label"":""Not applicable""},{""value"":""0.0"",""label"":""No""},{""value"":""1.0"",""label"":""Yes""}]"
195,B10SCTQ10,Other Scottish school qualifications: Prefer not to answer,numeric,NOMINAL,-9.0 thru -8.0 and -1.0,"[{""value"":""-9.0"",""label"":""Refused""},{""value"":""-8.0"",""label"":""Not known""},{""value"":""-1.0"",""label"":""Not applicable""},{""value"":""0.0"",""label"":""No""},{""value"":""1.0"",""label"":""Yes""}]"
196,B10NUMACC,"Since last interview/Jan 2008, number of Access 3 qualifications obtained",numeric,NOMINAL,-9.0 thru -8.0 and -1.0,"[{""value"":""-9.0"",""label"":""Refused""},{""value"":""-8.0"",""label"":""Not known""},{""value"":""-1.0"",""label"":""Not applicable""}]"
197,B10NUMAHI,"Since last interview/Jan 2008, number of Standard Grades obtained",numeric,NOMINAL,-9.0 thru -8.0 and -1.0,"[{""value"":""-9.0"",""label"":""Refused""},{""value"":""-8.0"",""label"":""Not known""},{""value"":""-1.0"",""label"":""Not applicable""}]"
198,B10NUMHGH,"Since last interview/Jan 2008, number of Intermediate 1 qualifications",numeric,NOMINAL,-9.0 thru -8.0 and -1.0,"[{""value"":""-9.0"",""label"":""Refused""},{""value"":""-8.0"",""label"":""Not known""},{""value"":""-1.0"",""label"":""Not applicable""}]"
199,B10NUMIN1,"Since last interview/Jan 2008, number of Intermediate 2 qualifications",numeric,NOMINAL,-9.0 thru -8.0 and -1.0,"[{""value"":""-9.0"",""label"":""Refused""},{""value"":""-8.0"",""label"":""Not known""},{""value"":""-1.0"",""label"":""Not applicable""}]"
200,B10NUMIN2,"Since last interview/Jan 2008, number of Highers obtained",numeric,NOMINAL,-9.0 thru -8.0 and -1.0,"[{""value"":""-9.0"",""label"":""Refused""},{""value"":""-8.0"",""label"":""Not known""},{""value"":""-1.0"",""label"":""Not applicable""}]"
201,B10NUMSTN,"Since last interview/Jan 2008, number of Advanced Highers obtained",numeric,NOMINAL,-9.0 thru -8.0 and -1.0,"[{""value"":""-9.0"",""label"":""Refused""},{""value"":""-8.0"",""label"":""Not known""},{""value"":""-1.0"",""label"":""Not applicable""}]"
202,B10NUMSYS,"Since last interview/Jan 2008, number of Certificate of Sixth Year Studies",numeric,NOMINAL,-9.0 thru -8.0 and -1.0,"[{""value"":""-9.0"",""label"":""Refused""},{""value"":""-8.0"",""label"":""Not known""},{""value"":""-1.0"",""label"":""Not applicable""}]"
203,B10EWH14,Year obtained qualification – Diploma of Higher Education,numeric,SCALE,-9.0 thru -8.0 and -1.0,"[{""value"":""-9.0"",""label"":""Refused""},{""value"":""-8.0"",""label"":""Not known""},{""value"":""-1.0"",""label"":""Not applicable""}]"
204,B10EFP14,Whether studied full or part-time - Diploma of Higher Education,numeric,NOMINAL,-9.0 thru -8.0 and -1.0,"[{""value"":""-9.0"",""label"":""Refused""},{""value"":""-8.0"",""label"":""Not known""},{""value"":""-1.0"",""label"":""Not applicable""},{""value"":""1.0"",""label"":""Full-time""},{""value"":""2.0"",""label"":""Part-time""}]"
205,B10EFE14,Who paid the fees for this course - Diploma of Higher Education,numeric,NOMINAL,-9.0 thru -8.0 and -1.0,"[{""value"":""-9.0"",""label"":""Refused""},{""value"":""-8.0"",""label"":""Not known""},{""value"":""-1.0"",""label"":""Not applicable""},{""value"":""1.0"",""label"":""Employer""},{""value"":""2.0"",""label"":""Respondent, family member or relative""},{""value"":""3.0"",""label"":""Someone else""},{""value"":""4.0"",""label"":""There were no fees""}]"
206,B10NUMDEG,"Since last interview/Jan 2008, number of Degrees obtained",numeric,NOMINAL,-9.0 thru -8.0 and -1.0,"[{""value"":""-9.0"",""label"":""Refused""},{""value"":""-8.0"",""label"":""Not known""},{""value"":""-1.0"",""label"":""Not applicable""}]"
207,B10NUMODG,"Since last interview/Jan 2008, number of other degree level qualifications",numeric,NOMINAL,-9.0 thru -8.0 and -1.0,"[{""value"":""-9.0"",""label"":""Refused""},{""value"":""-8.0"",""label"":""Not known""},{""value"":""-1.0"",""label"":""Not applicable""}]"
208,B10NUMHDG,"Since last interview/Jan 2008, number of higher degrees obtained",numeric,NOMINAL,-9.0 thru -8.0 and -1.0,"[{""value"":""-9.0"",""label"":""Refused""},{""value"":""-8.0"",""label"":""Not known""},{""value"":""-1.0"",""label"":""Not applicable""}]"
209,B10NUMPAM,"Since last int/Jan 2008, number of nursing/ other paramedical qualifications",numeric,NOMINAL,-9.0 thru -8.0 and -1.0,"[{""value"":""-9.0"",""label"":""Refused""},{""value"":""-8.0"",""label"":""Not known""},{""value"":""-1.0"",""label"":""Not applicable""}]"
210,B10EWH19,Year obtained qualification - PGCE,numeric,SCALE,-9.0 thru -8.0 and -1.0,"[{""value"":""-9.0"",""label"":""Refused""},{""value"":""-8.0"",""label"":""Not known""},{""value"":""-1.0"",""label"":""Not applicable""}]"
211,B10EFP19,Whether studied full or part-time - PGCE,numeric,NOMINAL,-9.0 thru -8.0 and -1.0,"[{""value"":""-9.0"",""label"":""Refused""},{""value"":""-8.0"",""label"":""Not known""},{""value"":""-1.0"",""label"":""Not applicable""},{""value"":""1.0"",""label"":""Full-time""},{""value"":""2.0"",""label"":""Part-time""}]"
212,B10EFE19,Who paid fees for course - PGCE,numeric,NOMINAL,-9.0 thru -8.0 and -1.0,"[{""value"":""-9.0"",""label"":""Refused""},{""value"":""-8.0"",""label"":""Not known""},{""value"":""-1.0"",""label"":""Not applicable""},{""value"":""1.0"",""label"":""Employer""},{""value"":""2.0"",""label"":""Respondent, family member or relative""},{""value"":""3.0"",""label"":""Someone else""},{""value"":""4.0"",""label"":""There were no fees""}]"
213,B10NUMOTA,"Since last int/Jan 2008, number of teaching qualifications (not PGCE) obtained",numeric,NOMINAL,-9.0 thru -8.0 and -1.0,"[{""value"":""-9.0"",""label"":""Refused""},{""value"":""-8.0"",""label"":""Not known""},{""value"":""-1.0"",""label"":""Not applicable""}]"
214,B10NUMBTC,"Since last interview/Jan 2008, number of BTECs obtained",numeric,NOMINAL,-9.0 thru -8.0 and -1.0,"[{""value"":""-9.0"",""label"":""Refused""},{""value"":""-8.0"",""label"":""Not known""},{""value"":""-1.0"",""label"":""Not applicable""}]"
215,B10NUMCIY,"Since last int/Jan 2008, number of City and Guilds qualifications obtained",numeric,NOMINAL,-9.0 thru -8.0 and -1.0,"[{""value"":""-9.0"",""label"":""Refused""},{""value"":""-8.0"",""label"":""Not known""},{""value"":""-1.0"",""label"":""Not applicable""}]"
216,B10NUMRSA,"Since last interview/Jan 2008, number of RSA qualifications obtained",numeric,NOMINAL,-9.0 thru -8.0 and -1.0,"[{""value"":""-9.0"",""label"":""Refused""},{""value"":""-8.0"",""label"":""Not known""},{""value"":""-1.0"",""label"":""Not applicable""}]"
217,B10NUMPIT,"Since last interview/Jan 2008, number of Pitman qualifications obtained",numeric,NOMINAL,-9.0 thru -8.0 and -1.0,"[{""value"":""-9.0"",""label"":""Refused""},{""value"":""-8.0"",""label"":""Not known""},{""value"":""-1.0"",""label"":""Not applicable""}]"
218,B10NUMNVQ,"Since last interview/Jan 2008, number of NVQ qualifications obtained",numeric,NOMINAL,-9.0 thru -8.0 and -1.0,"[{""value"":""-9.0"",""label"":""Refused""},{""value"":""-8.0"",""label"":""Not known""},{""value"":""-1.0"",""label"":""Not applicable""}]"
219,B10NUMGNQ,"Since last interview/Jan 2008, number of GNVQ qualifications obtained",numeric,NOMINAL,-9.0 thru -8.0 and -1.0,"[{""value"":""-9.0"",""label"":""Refused""},{""value"":""-8.0"",""label"":""Not known""},{""value"":""-1.0"",""label"":""Not applicable""}]"
220,B10NUMONC,"Since last interview/Jan 2008, number of ONC/OND qualifications obtained",numeric,NOMINAL,-9.0 thru -8.0 and -1.0,"[{""value"":""-9.0"",""label"":""Refused""},{""value"":""-8.0"",""label"":""Not known""},{""value"":""-1.0"",""label"":""Not applicable""}]"
221,B10NUMHNC,"Since last interview/Jan 2008, number of HNC/HND qualifications obtained",numeric,NOMINAL,-9.0 thru -8.0 and -1.0,"[{""value"":""-9.0"",""label"":""Refused""},{""value"":""-8.0"",""label"":""Not known""},{""value"":""-1.0"",""label"":""Not applicable""}]"
222,B10NUMAPP,"Since last int/Jan 2008, number of trade apprenticeship quals obtained",numeric,NOMINAL,-9.0 thru -8.0 and -1.0,"[{""value"":""-9.0"",""label"":""Refused""},{""value"":""-8.0"",""label"":""Not known""},{""value"":""-1.0"",""label"":""Not applicable""}]"
223,B10HGVTP1,Type of vocational driving licence obtained: HGV or LGV,numeric,NOMINAL,-9.0 thru -8.0 and -1.0,"[{""value"":""-9.0"",""label"":""Refused""},{""value"":""-8.0"",""label"":""Not known""},{""value"":""-1.0"",""label"":""Not applicable""},{""value"":""0.0"",""label"":""No""},{""value"":""1.0"",""label"":""Yes""}]"
224,B10HGVTP2,Type of vocational driving licence obtained: PSV or PCV,numeric,NOMINAL,-9.0 thru -8.0 and -1.0,"[{""value"":""-9.0"",""label"":""Refused""},{""value"":""-8.0"",""label"":""Not known""},{""value"":""-1.0"",""label"":""Not applicable""},{""value"":""0.0"",""label"":""No""},{""value"":""1.0"",""label"":""Yes""}]"
225,B10HGVTP3,Type of vocational driving licence obtained: Don't know,numeric,NOMINAL,-9.0 thru -8.0 and -1.0,"[{""value"":""-9.0"",""label"":""Refused""},{""value"":""-8.0"",""label"":""Not known""},{""value"":""-1.0"",""label"":""Not applicable""},{""value"":""0.0"",""label"":""No""},{""value"":""1.0"",""label"":""Yes""}]"
226,B10HGVTP4,Type of vocational driving licence obtained: Prefer not to answer,numeric,NOMINAL,-9.0 thru -8.0 and -1.0,"[{""value"":""-9.0"",""label"":""Refused""},{""value"":""-8.0"",""label"":""Not known""},{""value"":""-1.0"",""label"":""Not applicable""},{""value"":""0.0"",""label"":""No""},{""value"":""1.0"",""label"":""Yes""}]"
227,B10EWH30,Year obtained qualification – HGV/LGV licence,numeric,SCALE,-9.0 thru -8.0 and -1.0,"[{""value"":""-9.0"",""label"":""Refused""},{""value"":""-8.0"",""label"":""Not known""},{""value"":""-1.0"",""label"":""Not applicable""}]"
228,B10EFP30,Whether studied full or part-time – HGV/LGV licence,numeric,NOMINAL,-9.0 thru -8.0 and -1.0,"[{""value"":""-9.0"",""label"":""Refused""},{""value"":""-8.0"",""label"":""Not known""},{""value"":""-1.0"",""label"":""Not applicable""},{""value"":""1.0"",""label"":""Full-time""},{""value"":""2.0"",""label"":""Part-time""}]"
229,B10EFE30,Who paid fees for course – HGV/LGV licence,numeric,NOMINAL,-9.0 thru -8.0 and -1.0,"[{""value"":""-9.0"",""label"":""Refused""},{""value"":""-8.0"",""label"":""Not known""},{""value"":""-1.0"",""label"":""Not applicable""},{""value"":""1.0"",""label"":""Employer""},{""value"":""2.0"",""label"":""Respondent, family member or relative""},{""value"":""3.0"",""label"":""Someone else""},{""value"":""4.0"",""label"":""There were no fees""}]"
230,B10EWH31,Year obtained qualification – PSV/PCV licence,numeric,SCALE,-9.0 thru -8.0 and -1.0,"[{""value"":""-9.0"",""label"":""Refused""},{""value"":""-8.0"",""label"":""Not known""},{""value"":""-1.0"",""label"":""Not applicable""}]"
231,B10EFP31,Whether studied full or part-time – PSV/PCV licence,numeric,NOMINAL,-9.0 thru -8.0 and -1.0,"[{""value"":""-9.0"",""label"":""Refused""},{""value"":""-8.0"",""label"":""Not known""},{""value"":""-1.0"",""label"":""Not applicable""},{""value"":""1.0"",""label"":""Full-time""},{""value"":""2.0"",""label"":""Part-time""}]"
232,B10EFE31,Who paid fees for course – PSC/PCV licence,numeric,NOMINAL,-9.0 thru -8.0 and -1.0,"[{""value"":""-9.0"",""label"":""Refused""},{""value"":""-8.0"",""label"":""Not known""},{""value"":""-1.0"",""label"":""Not applicable""},{""value"":""1.0"",""label"":""Employer""},{""value"":""2.0"",""label"":""Respondent, family member or relative""},{""value"":""3.0"",""label"":""Someone else""},{""value"":""4.0"",""label"":""There were no fees""}]"
233,B10NUMOTV,"Since last interview/Jan 2008, number of other qualifications obtained",numeric,NOMINAL,-9.0 thru -8.0 and -1.0,"[{""value"":""-9.0"",""label"":""Refused""},{""value"":""-8.0"",""label"":""Not known""},{""value"":""-1.0"",""label"":""Not applicable""}]"
234,B10HLTHGN,General state of health,numeric,NOMINAL,-9.0 thru -8.0 and -1.0,"[{""value"":""-9.0"",""label"":""Refused""},{""value"":""-8.0"",""label"":""Not known""},{""value"":""-1.0"",""label"":""Not applicable""},{""value"":""1.0"",""label"":""Excellent""},{""value"":""2.0"",""label"":""Very good""},{""value"":""3.0"",""label"":""Good""},{""value"":""4.0"",""label"":""Fair""},{""value"":""5.0"",""label"":""Poor""}]"
235,B10KHLSTT,General health compared to one year ago,numeric,NOMINAL,-9.0 thru -8.0 and -1.0,"[{""value"":""-9.0"",""label"":""Refused""},{""value"":""-8.0"",""label"":""Not known""},{""value"":""-1.0"",""label"":""Not applicable""},{""value"":""1.0"",""label"":""…Much better than one year ago""},{""value"":""2.0"",""label"":""Somewhat better than one year ago""},{""value"":""3.0"",""label"":""About the same as one year ago""},{""value"":""4.0"",""label"":""Somewhat worse than one year ago""},{""value"":""5.0"",""label"":""Or much worse than one year ago?""}]"
236,B10LOIL,Any physical/mental health conditions lasting or expected to last 12 months,numeric,NOMINAL,-9.0 thru -8.0 and -1.0,"[{""value"":""-9.0"",""label"":""Refused""},{""value"":""-8.0"",""label"":""Not known""},{""value"":""-1.0"",""label"":""Not applicable""},{""value"":""1.0"",""label"":""Yes""},{""value"":""2.0"",""label"":""No""}]"
237,B10LOLM,Whether illnesses/conditions reduce ability to carry out day to day activities,numeric,NOMINAL,-9.0 thru -8.0 and -1.0,"[{""value"":""-9.0"",""label"":""Refused""},{""value"":""-8.0"",""label"":""Not known""},{""value"":""-1.0"",""label"":""Not applicable""},{""value"":""1.0"",""label"":""…Yes, a lot,""},{""value"":""2.0"",""label"":""Yes, a little,""},{""value"":""3.0"",""label"":""or, Not at all?""}]"
238,B10LOLP,Length of time ability to carry out day to day activities has been reduced,numeric,NOMINAL,-9.0 thru -8.0 and -1.0,"[{""value"":""-9.0"",""label"":""Refused""},{""value"":""-8.0"",""label"":""Not known""},{""value"":""-1.0"",""label"":""Not applicable""},{""value"":""1.0"",""label"":""…Less than six months,""},{""value"":""2.0"",""label"":""Between six months and 12 months,""},{""value"":""3.0"",""label"":""or, 12 months or more?""}]"
239,B10KHPB01,Health probs since last int/4 yrs ago: Asthma or wheezy bronchitis,numeric,NOMINAL,-9.0 thru -8.0 and -1.0,"[{""value"":""-9.0"",""label"":""Refused""},{""value"":""-8.0"",""label"":""Not known""},{""value"":""-1.0"",""label"":""Not applicable""},{""value"":""0.0"",""label"":""No""},{""value"":""1.0"",""label"":""Yes""}]"
240,B10KHPB02,Health probs since last int/4 yrs ago: Hayfever/persistent sneezing/runny nose,numeric,NOMINAL,-9.0 thru -8.0 and -1.0,"[{""value"":""-9.0"",""label"":""Refused""},{""value"":""-8.0"",""label"":""Not known""},{""value"":""-1.0"",""label"":""Not applicable""},{""value"":""0.0"",""label"":""No""},{""value"":""1.0"",""label"":""Yes""}]"
241,B10KHPB03,Health probs since last int/4 yrs ago: (Sugar) Diabetes,numeric,NOMINAL,-9.0 thru -8.0 and -1.0,"[{""value"":""-9.0"",""label"":""Refused""},{""value"":""-8.0"",""label"":""Not known""},{""value"":""-1.0"",""label"":""Not applicable""},{""value"":""0.0"",""label"":""No""},{""value"":""1.0"",""label"":""Yes""}]"
242,B10KHPB04,"Health probs since last int/4 yrs ago: Convulsion, fit, epileptic seizure",numeric,NOMINAL,-9.0 thru -8.0 and -1.0,"[{""value"":""-9.0"",""label"":""Refused""},{""value"":""-8.0"",""label"":""Not known""},{""value"":""-1.0"",""label"":""Not applicable""},{""value"":""0.0"",""label"":""No""},{""value"":""1.0"",""label"":""Yes""}]"
243,B10KHPB05,"Health probs since last int/4 yrs ago: Recurrent backache, other back probs",numeric,NOMINAL,-9.0 thru -8.0 and -1.0,"[{""value"":""-9.0"",""label"":""Refused""},{""value"":""-8.0"",""label"":""Not known""},{""value"":""-1.0"",""label"":""Not applicable""},{""value"":""0.0"",""label"":""No""},{""value"":""1.0"",""label"":""Yes""}]"
244,B10KHPB06,Health probs since last int/4 yrs ago: Cancer or Leukaemia,numeric,NOMINAL,-9.0 thru -8.0 and -1.0,"[{""value"":""-9.0"",""label"":""Refused""},{""value"":""-8.0"",""label"":""Not known""},{""value"":""-1.0"",""label"":""Not applicable""},{""value"":""0.0"",""label"":""No""},{""value"":""1.0"",""label"":""Yes""}]"
245,B10KHPB07,Health probs since last int/4 yrs ago: Problems with hearing,numeric,NOMINAL,-9.0 thru -8.0 and -1.0,"[{""value"":""-9.0"",""label"":""Refused""},{""value"":""-8.0"",""label"":""Not known""},{""value"":""-1.0"",""label"":""Not applicable""},{""value"":""0.0"",""label"":""No""},{""value"":""1.0"",""label"":""Yes""}]"
246,B10KHPB08,Health probs since last int/4 yrs ago: Problems with speech,numeric,NOMINAL,-9.0 thru -8.0 and -1.0,"[{""value"":""-9.0"",""label"":""Refused""},{""value"":""-8.0"",""label"":""Not known""},{""value"":""-1.0"",""label"":""Not applicable""},{""value"":""0.0"",""label"":""No""},{""value"":""1.0"",""label"":""Yes""}]"
247,B10KHPB09,Health probs since last int/4 yrs ago: Problems with eyes,numeric,NOMINAL,-9.0 thru -8.0 and -1.0,"[{""value"":""-9.0"",""label"":""Refused""},{""value"":""-8.0"",""label"":""Not known""},{""value"":""-1.0"",""label"":""Not applicable""},{""value"":""0.0"",""label"":""No""},{""value"":""1.0"",""label"":""Yes""}]"
248,B10KHPB10,Health probs since last int/4 yrs ago: High blood pressure,numeric,NOMINAL,-9.0 thru -8.0 and -1.0,"[{""value"":""-9.0"",""label"":""Refused""},{""value"":""-8.0"",""label"":""Not known""},{""value"":""-1.0"",""label"":""Not applicable""},{""value"":""0.0"",""label"":""No""},{""value"":""1.0"",""label"":""Yes""}]"
249,B10KHPB11,Health probs since last int/4 yrs ago: Heart problems,numeric,NOMINAL,-9.0 thru -8.0 and -1.0,"[{""value"":""-9.0"",""label"":""Refused""},{""value"":""-8.0"",""label"":""Not known""},{""value"":""-1.0"",""label"":""Not applicable""},{""value"":""0.0"",""label"":""No""},{""value"":""1.0"",""label"":""Yes""}]"
250,B10KHPB12,Health probs since last int/4 yrs ago: Migraine,numeric,NOMINAL,-9.0 thru -8.0 and -1.0,"[{""value"":""-9.0"",""label"":""Refused""},{""value"":""-8.0"",""label"":""Not known""},{""value"":""-1.0"",""label"":""Not applicable""},{""value"":""0.0"",""label"":""No""},{""value"":""1.0"",""label"":""Yes""}]"
251,B10KHPB13,Health probs since last int/4 yrs ago: Eczema or other skin problems,numeric,NOMINAL,-9.0 thru -8.0 and -1.0,"[{""value"":""-9.0"",""label"":""Refused""},{""value"":""-8.0"",""label"":""Not known""},{""value"":""-1.0"",""label"":""Not applicable""},{""value"":""0.0"",""label"":""No""},{""value"":""1.0"",""label"":""Yes""}]"
252,B10KHPB14,Health probs since last int/4 yrs ago: Chronic fatigue syndrome (ME),numeric,NOMINAL,-9.0 thru -8.0 and -1.0,"[{""value"":""-9.0"",""label"":""Refused""},{""value"":""-8.0"",""label"":""Not known""},{""value"":""-1.0"",""label"":""Not applicable""},{""value"":""0.0"",""label"":""No""},{""value"":""1.0"",""label"":""Yes""}]"
253,B10KHPB15,Health probs since last int/4 yrs ago: Probs with stomach/bowels/gall bladder,numeric,NOMINAL,-9.0 thru -8.0 and -1.0,"[{""value"":""-9.0"",""label"":""Refused""},{""value"":""-8.0"",""label"":""Not known""},{""value"":""-1.0"",""label"":""Not applicable""},{""value"":""0.0"",""label"":""No""},{""value"":""1.0"",""label"":""Yes""}]"
254,B10KHPB16,Health probs since last int/4 yrs ago: Problems with bladder or kidneys,numeric,NOMINAL,-9.0 thru -8.0 and -1.0,"[{""value"":""-9.0"",""label"":""Refused""},{""value"":""-8.0"",""label"":""Not known""},{""value"":""-1.0"",""label"":""Not applicable""},{""value"":""0.0"",""label"":""No""},{""value"":""1.0"",""label"":""Yes""}]"
255,B10KHPB17,Health probs since last int/4 yrs ago: Persistent cough/bringing up phlegm,numeric,NOMINAL,-9.0 thru -8.0 and -1.0,"[{""value"":""-9.0"",""label"":""Refused""},{""value"":""-8.0"",""label"":""Not known""},{""value"":""-1.0"",""label"":""Not applicable""},{""value"":""0.0"",""label"":""No""},{""value"":""1.0"",""label"":""Yes""}]"
256,B10KHPB18,Health probs since last int/4 yrs ago: Liver disease incl. viral hepatitis,numeric,NOMINAL,-9.0 thru -8.0 and -1.0,"[{""value"":""-9.0"",""label"":""Refused""},{""value"":""-8.0"",""label"":""Not known""},{""value"":""-1.0"",""label"":""Not applicable""},{""value"":""0.0"",""label"":""No""},{""value"":""1.0"",""label"":""Yes""}]"
257,B10KHPB19,Health probs since last int/4 yrs ago: Arthritis,numeric,NOMINAL,-9.0 thru -8.0 and -1.0,"[{""value"":""-9.0"",""label"":""Refused""},{""value"":""-8.0"",""label"":""Not known""},{""value"":""-1.0"",""label"":""Not applicable""},{""value"":""0.0"",""label"":""No""},{""value"":""1.0"",""label"":""Yes""}]"
258,B10KHPB20,Health probs since last int/4 yrs ago: Stroke,numeric,NOMINAL,-9.0 thru -8.0 and -1.0,"[{""value"":""-9.0"",""label"":""Refused""},{""value"":""-8.0"",""label"":""Not known""},{""value"":""-1.0"",""label"":""Not applicable""},{""value"":""0.0"",""label"":""No""},{""value"":""1.0"",""label"":""Yes""}]"
259,B10KHPB21,Health probs since last int/4 yrs ago: None of these,numeric,NOMINAL,-9.0 thru -8.0 and -1.0,"[{""value"":""-9.0"",""label"":""Refused""},{""value"":""-8.0"",""label"":""Not known""},{""value"":""-1.0"",""label"":""Not applicable""},{""value"":""0.0"",""label"":""No""},{""value"":""1.0"",""label"":""Yes""}]"
260,B10KHPB22,Health probs since last int/4 yrs ago: Don't know,numeric,NOMINAL,-9.0 thru -8.0 and -1.0,"[{""value"":""-9.0"",""label"":""Refused""},{""value"":""-8.0"",""label"":""Not known""},{""value"":""-1.0"",""label"":""Not applicable""},{""value"":""0.0"",""label"":""No""},{""value"":""1.0"",""label"":""Yes""}]"
261,B10KHPB23,Health probs since last int/4 yrs ago: Prefer not to answer,numeric,NOMINAL,-9.0 thru -8.0 and -1.0,"[{""value"":""-9.0"",""label"":""Refused""},{""value"":""-8.0"",""label"":""Not known""},{""value"":""-1.0"",""label"":""Not applicable""},{""value"":""0.0"",""label"":""No""},{""value"":""1.0"",""label"":""Yes""}]"
262,B10ASTHD,Whether asthma/wheezy bronchitis diagnosed by a doctor,numeric,NOMINAL,-9.0 thru -8.0 and -1.0,"[{""value"":""-9.0"",""label"":""Refused""},{""value"":""-8.0"",""label"":""Not known""},{""value"":""-1.0"",""label"":""Not applicable""},{""value"":""1.0"",""label"":""Yes""},{""value"":""2.0"",""label"":""No""}]"
263,B10HAYFVR,Whether suffered from hayfever or persistent runny nose/ sneezing,numeric,NOMINAL,-9.0 thru -8.0 and -1.0,"[{""value"":""-9.0"",""label"":""Refused""},{""value"":""-8.0"",""label"":""Not known""},{""value"":""-1.0"",""label"":""Not applicable""},{""value"":""1.0"",""label"":""Hay fever only""},{""value"":""2.0"",""label"":""Persistent runny nose / sneezing only""},{""value"":""3.0"",""label"":""Both""}]"
264,B10HAYD,Whether hayfever diagnosed by doctor,numeric,NOMINAL,-9.0 thru -8.0 and -1.0,"[{""value"":""-9.0"",""label"":""Refused""},{""value"":""-8.0"",""label"":""Not known""},{""value"":""-1.0"",""label"":""Not applicable""},{""value"":""1.0"",""label"":""Yes""},{""value"":""2.0"",""label"":""No""}]"
265,B10PERSD,Whether persistent runny nose or sneezing diagnosed by doctor,numeric,NOMINAL,-9.0 thru -8.0 and -1.0,"[{""value"":""-9.0"",""label"":""Refused""},{""value"":""-8.0"",""label"":""Not known""},{""value"":""-1.0"",""label"":""Not applicable""},{""value"":""1.0"",""label"":""Yes""},{""value"":""2.0"",""label"":""No""}]"
266,B10INSULN,Whether currently injects insulin for diabetes,numeric,NOMINAL,-9.0 thru -8.0 and -1.0,"[{""value"":""-9.0"",""label"":""Refused""},{""value"":""-8.0"",""label"":""Not known""},{""value"":""-1.0"",""label"":""Not applicable""},{""value"":""1.0"",""label"":""Yes""},{""value"":""2.0"",""label"":""No""}]"
267,B10AGEINS,Age started injecting insulin for diabetes,numeric,SCALE,-9.0 thru -8.0 and -1.0,"[{""value"":""-9.0"",""label"":""Refused""},{""value"":""-8.0"",""label"":""Not known""},{""value"":""-1.0"",""label"":""Not applicable""}]"
268,B10DIABD,Whether diabetes diagnosed by doctor,numeric,NOMINAL,-9.0 thru -8.0 and -1.0,"[{""value"":""-9.0"",""label"":""Refused""},{""value"":""-8.0"",""label"":""Not known""},{""value"":""-1.0"",""label"":""Not applicable""},{""value"":""1.0"",""label"":""Yes""},{""value"":""2.0"",""label"":""No""}]"
269,B10FITSMD,Whether currently on medication for fits/seizures,numeric,NOMINAL,-9.0 thru -8.0 and -1.0,"[{""value"":""-9.0"",""label"":""Refused""},{""value"":""-8.0"",""label"":""Not known""},{""value"":""-1.0"",""label"":""Not applicable""},{""value"":""1.0"",""label"":""Yes""},{""value"":""2.0"",""label"":""No""}]"
270,B10EPILD,Whether epilepsy diagnosed by doctor,numeric,NOMINAL,-9.0 thru -8.0 and -1.0,"[{""value"":""-9.0"",""label"":""Refused""},{""value"":""-8.0"",""label"":""Not known""},{""value"":""-1.0"",""label"":""Not applicable""},{""value"":""1.0"",""label"":""Yes""},{""value"":""2.0"",""label"":""No""}]"
271,B10BCKP01,Type of back problem: Recurrent backache,numeric,NOMINAL,-9.0 thru -8.0 and -1.0,"[{""value"":""-9.0"",""label"":""Refused""},{""value"":""-8.0"",""label"":""Not known""},{""value"":""-1.0"",""label"":""Not applicable""},{""value"":""0.0"",""label"":""No""},{""value"":""1.0"",""label"":""Yes""}]"
272,B10BCKP02,Type of back problem: Prolapsed disc,numeric,NOMINAL,-9.0 thru -8.0 and -1.0,"[{""value"":""-9.0"",""label"":""Refused""},{""value"":""-8.0"",""label"":""Not known""},{""value"":""-1.0"",""label"":""Not applicable""},{""value"":""0.0"",""label"":""No""},{""value"":""1.0"",""label"":""Yes""}]"
273,B10BCKP03,Type of back problem: Sciatica,numeric,NOMINAL,-9.0 thru -8.0 and -1.0,"[{""value"":""-9.0"",""label"":""Refused""},{""value"":""-8.0"",""label"":""Not known""},{""value"":""-1.0"",""label"":""Not applicable""},{""value"":""0.0"",""label"":""No""},{""value"":""1.0"",""label"":""Yes""}]"
274,B10BCKP50,Type of back problem (other specify): Arthritis,numeric,NOMINAL,-9.0 thru -8.0 and -1.0,"[{""value"":""-9.0"",""label"":""Refused""},{""value"":""-8.0"",""label"":""Not known""},{""value"":""-1.0"",""label"":""Not applicable""},{""value"":""0.0"",""label"":""No""},{""value"":""1.0"",""label"":""Yes""}]"
275,B10BCKP51,Type of back problem (other specify): Neck problems,numeric,NOMINAL,-9.0 thru -8.0 and -1.0,"[{""value"":""-9.0"",""label"":""Refused""},{""value"":""-8.0"",""label"":""Not known""},{""value"":""-1.0"",""label"":""Not applicable""},{""value"":""0.0"",""label"":""No""},{""value"":""1.0"",""label"":""Yes""}]"
276,B10BCKP94,Type of back problem (other specify): Other specific answer,numeric,NOMINAL,-9.0 thru -8.0 and -1.0,"[{""value"":""-9.0"",""label"":""Refused""},{""value"":""-8.0"",""label"":""Not known""},{""value"":""-1.0"",""label"":""Not applicable""},{""value"":""0.0"",""label"":""No""},{""value"":""1.0"",""label"":""Yes""}]"
277,B10BCKP95,Type of back problem (other specify): Vague / Irrelevant answer,numeric,NOMINAL,-9.0 thru -8.0 and -1.0,"[{""value"":""-9.0"",""label"":""Refused""},{""value"":""-8.0"",""label"":""Not known""},{""value"":""-1.0"",""label"":""Not applicable""},{""value"":""0.0"",""label"":""No""},{""value"":""1.0"",""label"":""Yes""}]"
278,B10BCKD1,Whether back problem diagnosed by doctor: Prolapsed disc,numeric,NOMINAL,-9.0 thru -8.0 and -1.0,"[{""value"":""-9.0"",""label"":""Refused""},{""value"":""-8.0"",""label"":""Not known""},{""value"":""-1.0"",""label"":""Not applicable""},{""value"":""1.0"",""label"":""Yes""},{""value"":""2.0"",""label"":""No""}]"
279,B10BCKD2,Whether back problem diagnosed by doctor: Sciatica,numeric,NOMINAL,-9.0 thru -8.0 and -1.0,"[{""value"":""-9.0"",""label"":""Refused""},{""value"":""-8.0"",""label"":""Not known""},{""value"":""-1.0"",""label"":""Not applicable""},{""value"":""1.0"",""label"":""Yes""},{""value"":""2.0"",""label"":""No""}]"
280,B10BCKD3,Whether back problem diagnosed by doctor: Other back problem (specify),numeric,NOMINAL,-9.0 thru -8.0 and -1.0,"[{""value"":""-9.0"",""label"":""Refused""},{""value"":""-8.0"",""label"":""Not known""},{""value"":""-1.0"",""label"":""Not applicable""},{""value"":""1.0"",""label"":""Yes""},{""value"":""2.0"",""label"":""No""}]"
281,B10CCTY01,Type of cancer had since last int/4 years: Leukaemia,numeric,NOMINAL,-9.0 thru -8.0 and -1.0,"[{""value"":""-9.0"",""label"":""Refused""},{""value"":""-8.0"",""label"":""Not known""},{""value"":""-1.0"",""label"":""Not applicable""},{""value"":""0.0"",""label"":""No""},{""value"":""1.0"",""label"":""Yes""}]"
282,B10CCTY02,Type of cancer had since last int/4 years: Hodgkins disease,numeric,NOMINAL,-9.0 thru -8.0 and -1.0,"[{""value"":""-9.0"",""label"":""Refused""},{""value"":""-8.0"",""label"":""Not known""},{""value"":""-1.0"",""label"":""Not applicable""},{""value"":""0.0"",""label"":""No""},{""value"":""1.0"",""label"":""Yes""}]"
283,B10CCTY03,Type of cancer had since last int/4 years: Lymphoma,numeric,NOMINAL,-9.0 thru -8.0 and -1.0,"[{""value"":""-9.0"",""label"":""Refused""},{""value"":""-8.0"",""label"":""Not known""},{""value"":""-1.0"",""label"":""Not applicable""},{""value"":""0.0"",""label"":""No""},{""value"":""1.0"",""label"":""Yes""}]"
284,B10CCTY04,Type of cancer had since last int/4 years: Skin cancer,numeric,NOMINAL,-9.0 thru -8.0 and -1.0,"[{""value"":""-9.0"",""label"":""Refused""},{""value"":""-8.0"",""label"":""Not known""},{""value"":""-1.0"",""label"":""Not applicable""},{""value"":""0.0"",""label"":""No""},{""value"":""1.0"",""label"":""Yes""}]"
285,B10CCTY05,Type of cancer had since last int/4 years: Bone cancer,numeric,NOMINAL,-9.0 thru -8.0 and -1.0,"[{""value"":""-9.0"",""label"":""Refused""},{""value"":""-8.0"",""label"":""Not known""},{""value"":""-1.0"",""label"":""Not applicable""},{""value"":""0.0"",""label"":""No""},{""value"":""1.0"",""label"":""Yes""}]"
286,B10CCTY06,Type of cancer had since last int/4 years: Breast cancer,numeric,NOMINAL,-9.0 thru -8.0 and -1.0,"[{""value"":""-9.0"",""label"":""Refused""},{""value"":""-8.0"",""label"":""Not known""},{""value"":""-1.0"",""label"":""Not applicable""},{""value"":""0.0"",""label"":""No""},{""value"":""1.0"",""label"":""Yes""}]"
287,B10CCTY07,Type of cancer had since last int/4 years: Uterus/womb cancer,numeric,NOMINAL,-9.0 thru -8.0 and -1.0,"[{""value"":""-9.0"",""label"":""Refused""},{""value"":""-8.0"",""label"":""Not known""},{""value"":""-1.0"",""label"":""Not applicable""},{""value"":""0.0"",""label"":""No""},{""value"":""1.0"",""label"":""Yes""}]"
288,B10CCTY08,Type of cancer had since last int/4 years: Cancer of the cervix,numeric,NOMINAL,-9.0 thru -8.0 and -1.0,"[{""value"":""-9.0"",""label"":""Refused""},{""value"":""-8.0"",""label"":""Not known""},{""value"":""-1.0"",""label"":""Not applicable""},{""value"":""0.0"",""label"":""No""},{""value"":""1.0"",""label"":""Yes""}]"
289,B10CCTY09,Type of cancer had since last int/4 years: Cancer of the testes,numeric,NOMINAL,-9.0 thru -8.0 and -1.0,"[{""value"":""-9.0"",""label"":""Refused""},{""value"":""-8.0"",""label"":""Not known""},{""value"":""-1.0"",""label"":""Not applicable""},{""value"":""0.0"",""label"":""No""},{""value"":""1.0"",""label"":""Yes""}]"
290,B10CCTY10,Type of cancer had since last int/4 years: Prostate cancer,numeric,NOMINAL,-9.0 thru -8.0 and -1.0,"[{""value"":""-9.0"",""label"":""Refused""},{""value"":""-8.0"",""label"":""Not known""},{""value"":""-1.0"",""label"":""Not applicable""},{""value"":""0.0"",""label"":""No""},{""value"":""1.0"",""label"":""Yes""}]"
291,B10CCTY11,Type of cancer had since last int/4 years: Colon/bowel cancer,numeric,NOMINAL,-9.0 thru -8.0 and -1.0,"[{""value"":""-9.0"",""label"":""Refused""},{""value"":""-8.0"",""label"":""Not known""},{""value"":""-1.0"",""label"":""Not applicable""},{""value"":""0.0"",""label"":""No""},{""value"":""1.0"",""label"":""Yes""}]"
292,B10CCTY12,Type of cancer had since last int/4 years: Stomach cancer,numeric,NOMINAL,-9.0 thru -8.0 and -1.0,"[{""value"":""-9.0"",""label"":""Refused""},{""value"":""-8.0"",""label"":""Not known""},{""value"":""-1.0"",""label"":""Not applicable""},{""value"":""0.0"",""label"":""No""},{""value"":""1.0"",""label"":""Yes""}]"
293,B10CCTY13,Type of cancer had since last int/4 years: Lung cancer,numeric,NOMINAL,-9.0 thru -8.0 and -1.0,"[{""value"":""-9.0"",""label"":""Refused""},{""value"":""-8.0"",""label"":""Not known""},{""value"":""-1.0"",""label"":""Not applicable""},{""value"":""0.0"",""label"":""No""},{""value"":""1.0"",""label"":""Yes""}]"
294,B10CCTY50,Type of cancer had since last int/4 years (other specify): Bladder,numeric,NOMINAL,-9.0 thru -8.0 and -1.0,"[{""value"":""-9.0"",""label"":""Refused""},{""value"":""-8.0"",""label"":""Not known""},{""value"":""-1.0"",""label"":""Not applicable""},{""value"":""0.0"",""label"":""No""},{""value"":""1.0"",""label"":""Yes""}]"
295,B10CCTY51,Type of cancer had since last int/4 years (other specify): Throat,numeric,NOMINAL,-9.0 thru -8.0 and -1.0,"[{""value"":""-9.0"",""label"":""Refused""},{""value"":""-8.0"",""label"":""Not known""},{""value"":""-1.0"",""label"":""Not applicable""},{""value"":""0.0"",""label"":""No""},{""value"":""1.0"",""label"":""Yes""}]"
296,B10CCTY94,Type of cancer had since last int/4 yrs (other specify): Other specific answer,numeric,NOMINAL,-9.0 thru -8.0 and -1.0,"[{""value"":""-9.0"",""label"":""Refused""},{""value"":""-8.0"",""label"":""Not known""},{""value"":""-1.0"",""label"":""Not applicable""},{""value"":""0.0"",""label"":""No""},{""value"":""1.0"",""label"":""Yes""}]"
297,B10CCTY95,Type of cancer had since last int/4 yrs (other specify): Vague/Irrelevant answ,numeric,NOMINAL,-9.0 thru -8.0 and -1.0,"[{""value"":""-9.0"",""label"":""Refused""},{""value"":""-8.0"",""label"":""Not known""},{""value"":""-1.0"",""label"":""Not applicable""},{""value"":""0.0"",""label"":""No""},{""value"":""1.0"",""label"":""Yes""}]"
298,B10HPRB01,Hearing prob since last int/4 yrs: Partial/total loss in 1 ear,numeric,NOMINAL,-9.0 thru -8.0 and -1.0,"[{""value"":""-9.0"",""label"":""Refused""},{""value"":""-8.0"",""label"":""Not known""},{""value"":""-1.0"",""label"":""Not applicable""},{""value"":""0.0"",""label"":""No""},{""value"":""1.0"",""label"":""Yes""}]"
299,B10HPRB02,Hearing prob since last int/4 yrs: Partial/total loss 2 ears,numeric,NOMINAL,-9.0 thru -8.0 and -1.0,"[{""value"":""-9.0"",""label"":""Refused""},{""value"":""-8.0"",""label"":""Not known""},{""value"":""-1.0"",""label"":""Not applicable""},{""value"":""0.0"",""label"":""No""},{""value"":""1.0"",""label"":""Yes""}]"
300,B10HPRB03,Hearing prob since last int/4 yrs: Repeated infections/discharge,numeric,NOMINAL,-9.0 thru -8.0 and -1.0,"[{""value"":""-9.0"",""label"":""Refused""},{""value"":""-8.0"",""label"":""Not known""},{""value"":""-1.0"",""label"":""Not applicable""},{""value"":""0.0"",""label"":""No""},{""value"":""1.0"",""label"":""Yes""}]"
301,B10HPRB04,Hearing prob since last int/4 yrs: Tinnitus,numeric,NOMINAL,-9.0 thru -8.0 and -1.0,"[{""value"":""-9.0"",""label"":""Refused""},{""value"":""-8.0"",""label"":""Not known""},{""value"":""-1.0"",""label"":""Not applicable""},{""value"":""0.0"",""label"":""No""},{""value"":""1.0"",""label"":""Yes""}]"
302,B10HPRB05,Hearing prob since last int/4 yrs: Meniere's disease,numeric,NOMINAL,-9.0 thru -8.0 and -1.0,"[{""value"":""-9.0"",""label"":""Refused""},{""value"":""-8.0"",""label"":""Not known""},{""value"":""-1.0"",""label"":""Not applicable""},{""value"":""0.0"",""label"":""No""},{""value"":""1.0"",""label"":""Yes""}]"
303,B10HPRB94,Hearing prob since last int/4 yrs (other spec): Other specific answer,numeric,NOMINAL,-9.0 thru -8.0 and -1.0,"[{""value"":""-9.0"",""label"":""Refused""},{""value"":""-8.0"",""label"":""Not known""},{""value"":""-1.0"",""label"":""Not applicable""},{""value"":""0.0"",""label"":""No""},{""value"":""1.0"",""label"":""Yes""}]"
304,B10HPRB95,Hearing prob since last int/4 yrs (other spec): Vague / Irrelevant answer,numeric,NOMINAL,-9.0 thru -8.0 and -1.0,"[{""value"":""-9.0"",""label"":""Refused""},{""value"":""-8.0"",""label"":""Not known""},{""value"":""-1.0"",""label"":""Not applicable""},{""value"":""0.0"",""label"":""No""},{""value"":""1.0"",""label"":""Yes""}]"
305,B10HEARD1,Whether hearing problem diagnosed by doctor: Partial/total loss in one ear,numeric,NOMINAL,-9.0 thru -8.0 and -1.0,"[{""value"":""-9.0"",""label"":""Refused""},{""value"":""-8.0"",""label"":""Not known""},{""value"":""-1.0"",""label"":""Not applicable""},{""value"":""1.0"",""label"":""Yes""},{""value"":""2.0"",""label"":""No""}]"
306,B10HEARD2,Whether hearing problem diagnosed by doctor: Partial/total loss in both ears,numeric,NOMINAL,-9.0 thru -8.0 and -1.0,"[{""value"":""-9.0"",""label"":""Refused""},{""value"":""-8.0"",""label"":""Not known""},{""value"":""-1.0"",""label"":""Not applicable""},{""value"":""1.0"",""label"":""Yes""},{""value"":""2.0"",""label"":""No""}]"
307,B10HEARD3,Whether hearing problem diagnosed by doctor: Repeated ear infections/discharge,numeric,NOMINAL,-9.0 thru -8.0 and -1.0,"[{""value"":""-9.0"",""label"":""Refused""},{""value"":""-8.0"",""label"":""Not known""},{""value"":""-1.0"",""label"":""Not applicable""},{""value"":""1.0"",""label"":""Yes""},{""value"":""2.0"",""label"":""No""}]"
308,B10HEARD4,Whether hearing problem diagnosed by doctor: Tinnitus,numeric,NOMINAL,-9.0 thru -8.0 and -1.0,"[{""value"":""-9.0"",""label"":""Refused""},{""value"":""-8.0"",""label"":""Not known""},{""value"":""-1.0"",""label"":""Not applicable""},{""value"":""1.0"",""label"":""Yes""},{""value"":""2.0"",""label"":""No""}]"
309,B10HEARD5,Whether hearing problem diagnosed by doctor: Meniere's disease,numeric,NOMINAL,-9.0 thru -8.0 and -1.0,"[{""value"":""-9.0"",""label"":""Refused""},{""value"":""-8.0"",""label"":""Not known""},{""value"":""-1.0"",""label"":""Not applicable""},{""value"":""1.0"",""label"":""Yes""},{""value"":""2.0"",""label"":""No""}]"
310,B10HEARD6,Whether hearing problem diagnosed by doctor: Other hearing problem (specify),numeric,NOMINAL,-9.0 thru -8.0 and -1.0,"[{""value"":""-9.0"",""label"":""Refused""},{""value"":""-8.0"",""label"":""Not known""},{""value"":""-1.0"",""label"":""Not applicable""},{""value"":""1.0"",""label"":""Yes""},{""value"":""2.0"",""label"":""No""}]"
311,B10SPRB01,Type of speech problem since last int/4 yrs: Stammer or stutter,numeric,NOMINAL,-9.0 thru -8.0 and -1.0,"[{""value"":""-9.0"",""label"":""Refused""},{""value"":""-8.0"",""label"":""Not known""},{""value"":""-1.0"",""label"":""Not applicable""},{""value"":""0.0"",""label"":""No""},{""value"":""1.0"",""label"":""Yes""}]"
312,B10SPRB50,Type of speech problem since last int/4 yrs (other spec): Loss of voice,numeric,NOMINAL,-9.0 thru -8.0 and -1.0,"[{""value"":""-9.0"",""label"":""Refused""},{""value"":""-8.0"",""label"":""Not known""},{""value"":""-1.0"",""label"":""Not applicable""},{""value"":""0.0"",""label"":""No""},{""value"":""1.0"",""label"":""Yes""}]"
313,B10SPRB94,Type of speech problem since last int/4 yrs (other spec): Other specific answ,numeric,NOMINAL,-9.0 thru -8.0 and -1.0,"[{""value"":""-9.0"",""label"":""Refused""},{""value"":""-8.0"",""label"":""Not known""},{""value"":""-1.0"",""label"":""Not applicable""},{""value"":""0.0"",""label"":""No""},{""value"":""1.0"",""label"":""Yes""}]"
314,B10SPRB95,Type of speech problem since last int/4 yrs (other spec): Vague/Irrelevant ans,numeric,NOMINAL,-9.0 thru -8.0 and -1.0,"[{""value"":""-9.0"",""label"":""Refused""},{""value"":""-8.0"",""label"":""Not known""},{""value"":""-1.0"",""label"":""Not applicable""},{""value"":""0.0"",""label"":""No""},{""value"":""1.0"",""label"":""Yes""}]"
315,B10SPCHD1,Whether speech problem diagnosed by a doctor: Stammer or stutter,numeric,NOMINAL,-9.0 thru -8.0 and -1.0,"[{""value"":""-9.0"",""label"":""Refused""},{""value"":""-8.0"",""label"":""Not known""},{""value"":""-1.0"",""label"":""Not applicable""},{""value"":""1.0"",""label"":""Yes""},{""value"":""2.0"",""label"":""No""}]"
316,B10SPCHD2,Whether speech problem diagnosed by a doctor: Other speech problem (specify),numeric,NOMINAL,-9.0 thru -8.0 and -1.0,"[{""value"":""-9.0"",""label"":""Refused""},{""value"":""-8.0"",""label"":""Not known""},{""value"":""-1.0"",""label"":""Not applicable""},{""value"":""1.0"",""label"":""Yes""},{""value"":""2.0"",""label"":""No""}]"
317,B10EYEP01,Type of eye prob since last int/4 yrs: Diabetes associated disease,numeric,NOMINAL,-9.0 thru -8.0 and -1.0,"[{""value"":""-9.0"",""label"":""Refused""},{""value"":""-8.0"",""label"":""Not known""},{""value"":""-1.0"",""label"":""Not applicable""},{""value"":""0.0"",""label"":""No""},{""value"":""1.0"",""label"":""Yes""}]"
318,B10EYEP02,Type of eye prob since last int/4 yrs: Glaucoma,numeric,NOMINAL,-9.0 thru -8.0 and -1.0,"[{""value"":""-9.0"",""label"":""Refused""},{""value"":""-8.0"",""label"":""Not known""},{""value"":""-1.0"",""label"":""Not applicable""},{""value"":""0.0"",""label"":""No""},{""value"":""1.0"",""label"":""Yes""}]"
319,B10EYEP03,Type of eye prob since last int/4 yrs: Cataract(s),numeric,NOMINAL,-9.0 thru -8.0 and -1.0,"[{""value"":""-9.0"",""label"":""Refused""},{""value"":""-8.0"",""label"":""Not known""},{""value"":""-1.0"",""label"":""Not applicable""},{""value"":""0.0"",""label"":""No""},{""value"":""1.0"",""label"":""Yes""}]"
320,B10EYEP04,Type of eye prob since last int/4 yrs: Age related macular degeneration,numeric,NOMINAL,-9.0 thru -8.0 and -1.0,"[{""value"":""-9.0"",""label"":""Refused""},{""value"":""-8.0"",""label"":""Not known""},{""value"":""-1.0"",""label"":""Not applicable""},{""value"":""0.0"",""label"":""No""},{""value"":""1.0"",""label"":""Yes""}]"
321,B10EYEP05,Type of eye prob since last int/4 yrs: Visual disturbances,numeric,NOMINAL,-9.0 thru -8.0 and -1.0,"[{""value"":""-9.0"",""label"":""Refused""},{""value"":""-8.0"",""label"":""Not known""},{""value"":""-1.0"",""label"":""Not applicable""},{""value"":""0.0"",""label"":""No""},{""value"":""1.0"",""label"":""Yes""}]"
322,B10EYEP06,Type of eye prob since last int/4 yrs: Perm. vision loss (injury),numeric,NOMINAL,-9.0 thru -8.0 and -1.0,"[{""value"":""-9.0"",""label"":""Refused""},{""value"":""-8.0"",""label"":""Not known""},{""value"":""-1.0"",""label"":""Not applicable""},{""value"":""0.0"",""label"":""No""},{""value"":""1.0"",""label"":""Yes""}]"
323,B10EYEP07,Type of eye prob since last int/4 yrs: Blindness or low vision,numeric,NOMINAL,-9.0 thru -8.0 and -1.0,"[{""value"":""-9.0"",""label"":""Refused""},{""value"":""-8.0"",""label"":""Not known""},{""value"":""-1.0"",""label"":""Not applicable""},{""value"":""0.0"",""label"":""No""},{""value"":""1.0"",""label"":""Yes""}]"
324,B10EYEP50,Type of eye prob since last int/4 yrs (oth): Near/dist vision/reading glasses,numeric,NOMINAL,-9.0 thru -8.0 and -1.0,"[{""value"":""-9.0"",""label"":""Refused""},{""value"":""-8.0"",""label"":""Not known""},{""value"":""-1.0"",""label"":""Not applicable""},{""value"":""0.0"",""label"":""No""},{""value"":""1.0"",""label"":""Yes""}]"
325,B10EYEP51,Type of eye prob since last int/4 yrs (other): Blepharitis,numeric,NOMINAL,-9.0 thru -8.0 and -1.0,"[{""value"":""-9.0"",""label"":""Refused""},{""value"":""-8.0"",""label"":""Not known""},{""value"":""-1.0"",""label"":""Not applicable""},{""value"":""0.0"",""label"":""No""},{""value"":""1.0"",""label"":""Yes""}]"
326,B10EYEP52,Type of eye prob since last int/4 yrs (other): Dry eyes,numeric,NOMINAL,-9.0 thru -8.0 and -1.0,"[{""value"":""-9.0"",""label"":""Refused""},{""value"":""-8.0"",""label"":""Not known""},{""value"":""-1.0"",""label"":""Not applicable""},{""value"":""0.0"",""label"":""No""},{""value"":""1.0"",""label"":""Yes""}]"
327,B10EYEP53,Type of eye prob since last int/4 yrs (other): Infection,numeric,NOMINAL,-9.0 thru -8.0 and -1.0,"[{""value"":""-9.0"",""label"":""Refused""},{""value"":""-8.0"",""label"":""Not known""},{""value"":""-1.0"",""label"":""Not applicable""},{""value"":""0.0"",""label"":""No""},{""value"":""1.0"",""label"":""Yes""}]"
328,B10EYEP94,Type of eye prob since last int/4 yrs (other spec): Other specific answer,numeric,NOMINAL,-9.0 thru -8.0 and -1.0,"[{""value"":""-9.0"",""label"":""Refused""},{""value"":""-8.0"",""label"":""Not known""},{""value"":""-1.0"",""label"":""Not applicable""},{""value"":""0.0"",""label"":""No""},{""value"":""1.0"",""label"":""Yes""}]"
329,B10EYEP95,Type of eye prob since last int/4 yrs (other spec): Vague / Irrelevant answer,numeric,NOMINAL,-9.0 thru -8.0 and -1.0,"[{""value"":""-9.0"",""label"":""Refused""},{""value"":""-8.0"",""label"":""Not known""},{""value"":""-1.0"",""label"":""Not applicable""},{""value"":""0.0"",""label"":""No""},{""value"":""1.0"",""label"":""Yes""}]"
330,B10EYEN07,Whether had eye problem in one or both eyes: Diabetes associated eye disease,numeric,NOMINAL,-9.0 thru -8.0 and -1.0,"[{""value"":""-9.0"",""label"":""Refused""},{""value"":""-8.0"",""label"":""Not known""},{""value"":""-1.0"",""label"":""Not applicable""},{""value"":""1.0"",""label"":""One eye""},{""value"":""2.0"",""label"":""Both eyes""}]"
331,B10EYEN08,Whether had eye problem in one or both eyes: Glaucoma,numeric,NOMINAL,-9.0 thru -8.0 and -1.0,"[{""value"":""-9.0"",""label"":""Refused""},{""value"":""-8.0"",""label"":""Not known""},{""value"":""-1.0"",""label"":""Not applicable""},{""value"":""1.0"",""label"":""One eye""},{""value"":""2.0"",""label"":""Both eyes""}]"
332,B10EYEN09,Whether had eye problem in one or both eyes: Cataract(s),numeric,NOMINAL,-9.0 thru -8.0 and -1.0,"[{""value"":""-9.0"",""label"":""Refused""},{""value"":""-8.0"",""label"":""Not known""},{""value"":""-1.0"",""label"":""Not applicable""},{""value"":""1.0"",""label"":""One eye""},{""value"":""2.0"",""label"":""Both eyes""}]"
333,B10EYEN10,Whether had eye problem in one or both eyes: Age related macular degeneration,numeric,NOMINAL,-9.0 thru -8.0 and -1.0,"[{""value"":""-9.0"",""label"":""Refused""},{""value"":""-8.0"",""label"":""Not known""},{""value"":""-1.0"",""label"":""Not applicable""},{""value"":""1.0"",""label"":""One eye""},{""value"":""2.0"",""label"":""Both eyes""}]"
334,B10EYEN11,Whether had eye problem in one or both eyes: Visual disturbances,numeric,NOMINAL,-9.0 thru -8.0 and -1.0,"[{""value"":""-9.0"",""label"":""Refused""},{""value"":""-8.0"",""label"":""Not known""},{""value"":""-1.0"",""label"":""Not applicable""},{""value"":""1.0"",""label"":""One eye""},{""value"":""2.0"",""label"":""Both eyes""}]"
335,B10EYEN12,Whether had eye problem in one or both eyes: Permanent vision loss from injury,numeric,NOMINAL,-9.0 thru -8.0 and -1.0,"[{""value"":""-9.0"",""label"":""Refused""},{""value"":""-8.0"",""label"":""Not known""},{""value"":""-1.0"",""label"":""Not applicable""},{""value"":""1.0"",""label"":""One eye""},{""value"":""2.0"",""label"":""Both eyes""}]"
336,B10EYEN13,Whether had eye problem in one or both eyes: Blindness or low vision,numeric,NOMINAL,-9.0 thru -8.0 and -1.0,"[{""value"":""-9.0"",""label"":""Refused""},{""value"":""-8.0"",""label"":""Not known""},{""value"":""-1.0"",""label"":""Not applicable""},{""value"":""1.0"",""label"":""One eye""},{""value"":""2.0"",""label"":""Both eyes""}]"
337,B10EYEN14,Whether had eye problem in one or both eyes: Other eye problem (Specify),numeric,NOMINAL,-9.0 thru -8.0 and -1.0,"[{""value"":""-9.0"",""label"":""Refused""},{""value"":""-8.0"",""label"":""Not known""},{""value"":""-1.0"",""label"":""Not applicable""},{""value"":""1.0"",""label"":""One eye""},{""value"":""2.0"",""label"":""Both eyes""}]"
338,B10EYED07,Whether eye problem diagnosed by doctor: Diabetes associated eye disease,numeric,NOMINAL,-9.0 thru -8.0 and -1.0,"[{""value"":""-9.0"",""label"":""Refused""},{""value"":""-8.0"",""label"":""Not known""},{""value"":""-1.0"",""label"":""Not applicable""},{""value"":""1.0"",""label"":""Yes""},{""value"":""2.0"",""label"":""No""}]"
339,B10EYED08,Whether eye problem diagnosed by doctor: Glaucoma,numeric,NOMINAL,-9.0 thru -8.0 and -1.0,"[{""value"":""-9.0"",""label"":""Refused""},{""value"":""-8.0"",""label"":""Not known""},{""value"":""-1.0"",""label"":""Not applicable""},{""value"":""1.0"",""label"":""Yes""},{""value"":""2.0"",""label"":""No""}]"
340,B10EYED09,Whether eye problem diagnosed by doctor: Cataract(s),numeric,NOMINAL,-9.0 thru -8.0 and -1.0,"[{""value"":""-9.0"",""label"":""Refused""},{""value"":""-8.0"",""label"":""Not known""},{""value"":""-1.0"",""label"":""Not applicable""},{""value"":""1.0"",""label"":""Yes""},{""value"":""2.0"",""label"":""No""}]"
341,B10EYED10,Whether eye problem diagnosed by doctor: Age related macular degeneration,numeric,NOMINAL,-9.0 thru -8.0 and -1.0,"[{""value"":""-9.0"",""label"":""Refused""},{""value"":""-8.0"",""label"":""Not known""},{""value"":""-1.0"",""label"":""Not applicable""},{""value"":""1.0"",""label"":""Yes""},{""value"":""2.0"",""label"":""No""}]"
342,B10EYED11,Whether eye problem diagnosed by doctor: Visual disturbances,numeric,NOMINAL,-9.0 thru -8.0 and -1.0,"[{""value"":""-9.0"",""label"":""Refused""},{""value"":""-8.0"",""label"":""Not known""},{""value"":""-1.0"",""label"":""Not applicable""},{""value"":""1.0"",""label"":""Yes""},{""value"":""2.0"",""label"":""No""}]"
343,B10EYED12,Whether eye problem diagnosed by doctor: Permanent vision loss from injury,numeric,NOMINAL,-9.0 thru -8.0 and -1.0,"[{""value"":""-9.0"",""label"":""Refused""},{""value"":""-8.0"",""label"":""Not known""},{""value"":""-1.0"",""label"":""Not applicable""},{""value"":""1.0"",""label"":""Yes""},{""value"":""2.0"",""label"":""No""}]"
344,B10EYED13,Whether eye problem diagnosed by doctor: Blindness or low vision,numeric,NOMINAL,-9.0 thru -8.0 and -1.0,"[{""value"":""-9.0"",""label"":""Refused""},{""value"":""-8.0"",""label"":""Not known""},{""value"":""-1.0"",""label"":""Not applicable""},{""value"":""1.0"",""label"":""Yes""},{""value"":""2.0"",""label"":""No""}]"
345,B10EYED14,Whether eye problem diagnosed by doctor: Other eye problem (specify),numeric,NOMINAL,-9.0 thru -8.0 and -1.0,"[{""value"":""-9.0"",""label"":""Refused""},{""value"":""-8.0"",""label"":""Not known""},{""value"":""-1.0"",""label"":""Not applicable""},{""value"":""1.0"",""label"":""Yes""},{""value"":""2.0"",""label"":""No""}]"
346,B10HGHBPD,Whether high blood pressure diagnosed by a doctor,numeric,NOMINAL,-9.0 thru -8.0 and -1.0,"[{""value"":""-9.0"",""label"":""Refused""},{""value"":""-8.0"",""label"":""Not known""},{""value"":""-1.0"",""label"":""Not applicable""},{""value"":""1.0"",""label"":""Yes""},{""value"":""2.0"",""label"":""No""}]"
347,B10HRTP01,Type of heart prob since last int/4 yrs: Heart attack,numeric,NOMINAL,-9.0 thru -8.0 and -1.0,"[{""value"":""-9.0"",""label"":""Refused""},{""value"":""-8.0"",""label"":""Not known""},{""value"":""-1.0"",""label"":""Not applicable""},{""value"":""0.0"",""label"":""No""},{""value"":""1.0"",""label"":""Yes""}]"
348,B10HRTP02,Type of heart prob since last int/4 yrs: Coronary heart disease,numeric,NOMINAL,-9.0 thru -8.0 and -1.0,"[{""value"":""-9.0"",""label"":""Refused""},{""value"":""-8.0"",""label"":""Not known""},{""value"":""-1.0"",""label"":""Not applicable""},{""value"":""0.0"",""label"":""No""},{""value"":""1.0"",""label"":""Yes""}]"
349,B10HRTP03,Type of heart prob since last int/4 yrs: Angina,numeric,NOMINAL,-9.0 thru -8.0 and -1.0,"[{""value"":""-9.0"",""label"":""Refused""},{""value"":""-8.0"",""label"":""Not known""},{""value"":""-1.0"",""label"":""Not applicable""},{""value"":""0.0"",""label"":""No""},{""value"":""1.0"",""label"":""Yes""}]"
350,B10HRTP04,Type of heart prob since last int/4 yrs: Congestive heart failure,numeric,NOMINAL,-9.0 thru -8.0 and -1.0,"[{""value"":""-9.0"",""label"":""Refused""},{""value"":""-8.0"",""label"":""Not known""},{""value"":""-1.0"",""label"":""Not applicable""},{""value"":""0.0"",""label"":""No""},{""value"":""1.0"",""label"":""Yes""}]"
351,B10HRTP50,Type of heart prob since last int/4 yrs (other spec): Irregular heartbeat,numeric,NOMINAL,-9.0 thru -8.0 and -1.0,"[{""value"":""-9.0"",""label"":""Refused""},{""value"":""-8.0"",""label"":""Not known""},{""value"":""-1.0"",""label"":""Not applicable""},{""value"":""0.0"",""label"":""No""},{""value"":""1.0"",""label"":""Yes""}]"
352,B10HRTP94,Type of heart prob since last int/4 yrs (other spec): Other specific answer,numeric,NOMINAL,-9.0 thru -8.0 and -1.0,"[{""value"":""-9.0"",""label"":""Refused""},{""value"":""-8.0"",""label"":""Not known""},{""value"":""-1.0"",""label"":""Not applicable""},{""value"":""0.0"",""label"":""No""},{""value"":""1.0"",""label"":""Yes""}]"
353,B10HRTP95,Type of heart prob since last int/4 yrs (other spec): Vague/Irrelevant answer,numeric,NOMINAL,-9.0 thru -8.0 and -1.0,"[{""value"":""-9.0"",""label"":""Refused""},{""value"":""-8.0"",""label"":""Not known""},{""value"":""-1.0"",""label"":""Not applicable""},{""value"":""0.0"",""label"":""No""},{""value"":""1.0"",""label"":""Yes""}]"
354,B10HRTD01,Whether heart problem diagnosed by a doctor: Heart attack,numeric,NOMINAL,-9.0 thru -8.0 and -1.0,"[{""value"":""-9.0"",""label"":""Refused""},{""value"":""-8.0"",""label"":""Not known""},{""value"":""-1.0"",""label"":""Not applicable""},{""value"":""1.0"",""label"":""Yes""},{""value"":""2.0"",""label"":""No""}]"
355,B10HRTD02,Whether heart problem diagnosed by a doctor: Coronary heart disease,numeric,NOMINAL,-9.0 thru -8.0 and -1.0,"[{""value"":""-9.0"",""label"":""Refused""},{""value"":""-8.0"",""label"":""Not known""},{""value"":""-1.0"",""label"":""Not applicable""},{""value"":""1.0"",""label"":""Yes""},{""value"":""2.0"",""label"":""No""}]"
356,B10HRTD03,Whether heart problem diagnosed by a doctor: Angina,numeric,NOMINAL,-9.0 thru -8.0 and -1.0,"[{""value"":""-9.0"",""label"":""Refused""},{""value"":""-8.0"",""label"":""Not known""},{""value"":""-1.0"",""label"":""Not applicable""},{""value"":""1.0"",""label"":""Yes""},{""value"":""2.0"",""label"":""No""}]"
357,B10HRTD04,Whether heart problem diagnosed by a doctor: Congestive heart faluire,numeric,NOMINAL,-9.0 thru -8.0 and -1.0,"[{""value"":""-9.0"",""label"":""Refused""},{""value"":""-8.0"",""label"":""Not known""},{""value"":""-1.0"",""label"":""Not applicable""},{""value"":""1.0"",""label"":""Yes""},{""value"":""2.0"",""label"":""No""}]"
358,B10HRTD05,Whether heart problem diagnosed by a doctor: Other heart problem (specify),numeric,NOMINAL,-9.0 thru -8.0 and -1.0,"[{""value"":""-9.0"",""label"":""Refused""},{""value"":""-8.0"",""label"":""Not known""},{""value"":""-1.0"",""label"":""Not applicable""},{""value"":""1.0"",""label"":""Yes""},{""value"":""2.0"",""label"":""No""}]"
359,B10MIGD,Whether migraine diagnosed by a doctor,numeric,NOMINAL,-9.0 thru -8.0 and -1.0,"[{""value"":""-9.0"",""label"":""Refused""},{""value"":""-8.0"",""label"":""Not known""},{""value"":""-1.0"",""label"":""Not applicable""},{""value"":""1.0"",""label"":""Yes""},{""value"":""2.0"",""label"":""No""}]"
360,B10SKIN01,Type of skin condit. since last int/4 yrs: Eczema,numeric,NOMINAL,-9.0 thru -8.0 and -1.0,"[{""value"":""-9.0"",""label"":""Refused""},{""value"":""-8.0"",""label"":""Not known""},{""value"":""-1.0"",""label"":""Not applicable""},{""value"":""0.0"",""label"":""No""},{""value"":""1.0"",""label"":""Yes""}]"
361,B10SKIN02,Type of skin condit. since last int/4 yrs: Psoriasis,numeric,NOMINAL,-9.0 thru -8.0 and -1.0,"[{""value"":""-9.0"",""label"":""Refused""},{""value"":""-8.0"",""label"":""Not known""},{""value"":""-1.0"",""label"":""Not applicable""},{""value"":""0.0"",""label"":""No""},{""value"":""1.0"",""label"":""Yes""}]"
362,B10SKIN03,Type of skin condit. since last int/4 yrs: Acne,numeric,NOMINAL,-9.0 thru -8.0 and -1.0,"[{""value"":""-9.0"",""label"":""Refused""},{""value"":""-8.0"",""label"":""Not known""},{""value"":""-1.0"",""label"":""Not applicable""},{""value"":""0.0"",""label"":""No""},{""value"":""1.0"",""label"":""Yes""}]"
363,B10SKIN04,Type of skin condit. since last int/4 yrs: Cold sores,numeric,NOMINAL,-9.0 thru -8.0 and -1.0,"[{""value"":""-9.0"",""label"":""Refused""},{""value"":""-8.0"",""label"":""Not known""},{""value"":""-1.0"",""label"":""Not applicable""},{""value"":""0.0"",""label"":""No""},{""value"":""1.0"",""label"":""Yes""}]"
364,B10SKIN05,Type of skin condit. since last int/4 yrs: Fungus infections,numeric,NOMINAL,-9.0 thru -8.0 and -1.0,"[{""value"":""-9.0"",""label"":""Refused""},{""value"":""-8.0"",""label"":""Not known""},{""value"":""-1.0"",""label"":""Not applicable""},{""value"":""0.0"",""label"":""No""},{""value"":""1.0"",""label"":""Yes""}]"
365,B10SKIN06,Type of skin condit. since last int/4 yrs: Recurrent mouth ulcers,numeric,NOMINAL,-9.0 thru -8.0 and -1.0,"[{""value"":""-9.0"",""label"":""Refused""},{""value"":""-8.0"",""label"":""Not known""},{""value"":""-1.0"",""label"":""Not applicable""},{""value"":""0.0"",""label"":""No""},{""value"":""1.0"",""label"":""Yes""}]"
366,B10SKIN07,Type of skin condit. since last int/4 yrs: Contact dermatitis,numeric,NOMINAL,-9.0 thru -8.0 and -1.0,"[{""value"":""-9.0"",""label"":""Refused""},{""value"":""-8.0"",""label"":""Not known""},{""value"":""-1.0"",""label"":""Not applicable""},{""value"":""0.0"",""label"":""No""},{""value"":""1.0"",""label"":""Yes""}]"
367,B10SKIN50,Type of skin condit. since last int/4 yrs (other spec): Rosacea,numeric,NOMINAL,-9.0 thru -8.0 and -1.0,"[{""value"":""-9.0"",""label"":""Refused""},{""value"":""-8.0"",""label"":""Not known""},{""value"":""-1.0"",""label"":""Not applicable""},{""value"":""0.0"",""label"":""No""},{""value"":""1.0"",""label"":""Yes""}]"
368,B10SKIN94,Type of skin condit. since last int/4 yrs (other spec): Other specific answer,numeric,NOMINAL,-9.0 thru -8.0 and -1.0,"[{""value"":""-9.0"",""label"":""Refused""},{""value"":""-8.0"",""label"":""Not known""},{""value"":""-1.0"",""label"":""Not applicable""},{""value"":""0.0"",""label"":""No""},{""value"":""1.0"",""label"":""Yes""}]"
369,B10SKIN95,Type of skin condit. since last int/4 yrs (other spec): Vague/Irrelevant answ,numeric,NOMINAL,-9.0 thru -8.0 and -1.0,"[{""value"":""-9.0"",""label"":""Refused""},{""value"":""-8.0"",""label"":""Not known""},{""value"":""-1.0"",""label"":""Not applicable""},{""value"":""0.0"",""label"":""No""},{""value"":""1.0"",""label"":""Yes""}]"
370,B10SKIND01,Whether skin condition diagnosed by a doctor: Eczema,numeric,NOMINAL,-9.0 thru -8.0 and -1.0,"[{""value"":""-9.0"",""label"":""Refused""},{""value"":""-8.0"",""label"":""Not known""},{""value"":""-1.0"",""label"":""Not applicable""},{""value"":""1.0"",""label"":""Yes""},{""value"":""2.0"",""label"":""No""}]"
371,B10SKIND02,Whether skin condition diagnosed by a doctor: Psoriasis,numeric,NOMINAL,-9.0 thru -8.0 and -1.0,"[{""value"":""-9.0"",""label"":""Refused""},{""value"":""-8.0"",""label"":""Not known""},{""value"":""-1.0"",""label"":""Not applicable""},{""value"":""1.0"",""label"":""Yes""},{""value"":""2.0"",""label"":""No""}]"
372,B10SKIND03,Whether skin condition diagnosed by a doctor: Acne,numeric,NOMINAL,-9.0 thru -8.0 and -1.0,"[{""value"":""-9.0"",""label"":""Refused""},{""value"":""-8.0"",""label"":""Not known""},{""value"":""-1.0"",""label"":""Not applicable""},{""value"":""1.0"",""label"":""Yes""},{""value"":""2.0"",""label"":""No""}]"
373,B10SKIND04,Whether skin condition diagnosed by a doctor: Cold sores,numeric,NOMINAL,-9.0 thru -8.0 and -1.0,"[{""value"":""-9.0"",""label"":""Refused""},{""value"":""-8.0"",""label"":""Not known""},{""value"":""-1.0"",""label"":""Not applicable""},{""value"":""1.0"",""label"":""Yes""},{""value"":""2.0"",""label"":""No""}]"
374,B10SKIND05,Whether skin condition diagnosed by a doctor: Fungus infections,numeric,NOMINAL,-9.0 thru -8.0 and -1.0,"[{""value"":""-9.0"",""label"":""Refused""},{""value"":""-8.0"",""label"":""Not known""},{""value"":""-1.0"",""label"":""Not applicable""},{""value"":""1.0"",""label"":""Yes""},{""value"":""2.0"",""label"":""No""}]"
375,B10SKIND06,Whether skin condition diagnosed by a doctor: Recurrent mouth ulcers,numeric,NOMINAL,-9.0 thru -8.0 and -1.0,"[{""value"":""-9.0"",""label"":""Refused""},{""value"":""-8.0"",""label"":""Not known""},{""value"":""-1.0"",""label"":""Not applicable""},{""value"":""1.0"",""label"":""Yes""},{""value"":""2.0"",""label"":""No""}]"
376,B10SKIND07,Whether skin condition diagnosed by a doctor: Contact dermatitis,numeric,NOMINAL,-9.0 thru -8.0 and -1.0,"[{""value"":""-9.0"",""label"":""Refused""},{""value"":""-8.0"",""label"":""Not known""},{""value"":""-1.0"",""label"":""Not applicable""},{""value"":""1.0"",""label"":""Yes""},{""value"":""2.0"",""label"":""No""}]"
377,B10SKIND08,Whether skin condition diagnosed by a doctor: Other skin problem (specific),numeric,NOMINAL,-9.0 thru -8.0 and -1.0,"[{""value"":""-9.0"",""label"":""Refused""},{""value"":""-8.0"",""label"":""Not known""},{""value"":""-1.0"",""label"":""Not applicable""},{""value"":""1.0"",""label"":""Yes""},{""value"":""2.0"",""label"":""No""}]"
378,B10CFSD,Whether chronic fatigue syndrome diagnosed by a doctor,numeric,NOMINAL,-9.0 thru -8.0 and -1.0,"[{""value"":""-9.0"",""label"":""Refused""},{""value"":""-8.0"",""label"":""Not known""},{""value"":""-1.0"",""label"":""Not applicable""},{""value"":""1.0"",""label"":""Yes""},{""value"":""2.0"",""label"":""No""}]"
379,B10SBGB01,Stomach/bowel/gall bl. prob since last int/4 yrs: Ulcer,numeric,NOMINAL,-9.0 thru -8.0 and -1.0,"[{""value"":""-9.0"",""label"":""Refused""},{""value"":""-8.0"",""label"":""Not known""},{""value"":""-1.0"",""label"":""Not applicable""},{""value"":""0.0"",""label"":""No""},{""value"":""1.0"",""label"":""Yes""}]"
380,B10SBGB02,Stomach/bowel/gall bl. prob since last int/4 yrs: Gallstones,numeric,NOMINAL,-9.0 thru -8.0 and -1.0,"[{""value"":""-9.0"",""label"":""Refused""},{""value"":""-8.0"",""label"":""Not known""},{""value"":""-1.0"",""label"":""Not applicable""},{""value"":""0.0"",""label"":""No""},{""value"":""1.0"",""label"":""Yes""}]"
381,B10SBGB03,Stomach/bowel/gall bl. prob since last int/4 yrs: IBS,numeric,NOMINAL,-9.0 thru -8.0 and -1.0,"[{""value"":""-9.0"",""label"":""Refused""},{""value"":""-8.0"",""label"":""Not known""},{""value"":""-1.0"",""label"":""Not applicable""},{""value"":""0.0"",""label"":""No""},{""value"":""1.0"",""label"":""Yes""}]"
382,B10SBGB04,Stomach/bowel/gall bl. prob since last int/4 yrs: Ulcer. colitis/Crohn's,numeric,NOMINAL,-9.0 thru -8.0 and -1.0,"[{""value"":""-9.0"",""label"":""Refused""},{""value"":""-8.0"",""label"":""Not known""},{""value"":""-1.0"",""label"":""Not applicable""},{""value"":""0.0"",""label"":""No""},{""value"":""1.0"",""label"":""Yes""}]"
383,B10SBGB50,Stomach/bowel/gall bl. prob since last int/4 yrs (other spec): Acid reflux,numeric,NOMINAL,-9.0 thru -8.0 and -1.0,"[{""value"":""-9.0"",""label"":""Refused""},{""value"":""-8.0"",""label"":""Not known""},{""value"":""-1.0"",""label"":""Not applicable""},{""value"":""0.0"",""label"":""No""},{""value"":""1.0"",""label"":""Yes""}]"
384,B10SBGB51,Stomach/bowel/gall bl. prob since last int/4 yrs (other spec): Coeliac disease,numeric,NOMINAL,-9.0 thru -8.0 and -1.0,"[{""value"":""-9.0"",""label"":""Refused""},{""value"":""-8.0"",""label"":""Not known""},{""value"":""-1.0"",""label"":""Not applicable""},{""value"":""0.0"",""label"":""No""},{""value"":""1.0"",""label"":""Yes""}]"
385,B10SBGB52,Stomach/bowel/gall bl. prob since last int/4 yrs (other spec): Hernia,numeric,NOMINAL,-9.0 thru -8.0 and -1.0,"[{""value"":""-9.0"",""label"":""Refused""},{""value"":""-8.0"",""label"":""Not known""},{""value"":""-1.0"",""label"":""Not applicable""},{""value"":""0.0"",""label"":""No""},{""value"":""1.0"",""label"":""Yes""}]"
386,B10SBGB53,Stomach/bowel/gall bl. prob since last int/4 yrs (other spec): Diverticulitis,numeric,NOMINAL,-9.0 thru -8.0 and -1.0,"[{""value"":""-9.0"",""label"":""Refused""},{""value"":""-8.0"",""label"":""Not known""},{""value"":""-1.0"",""label"":""Not applicable""},{""value"":""0.0"",""label"":""No""},{""value"":""1.0"",""label"":""Yes""}]"
387,B10SBGB94,Stomach/bowel/gall bl. prob since last int/4 yrs (other spec):Oth specific ans,numeric,NOMINAL,-9.0 thru -8.0 and -1.0,"[{""value"":""-9.0"",""label"":""Refused""},{""value"":""-8.0"",""label"":""Not known""},{""value"":""-1.0"",""label"":""Not applicable""},{""value"":""0.0"",""label"":""No""},{""value"":""1.0"",""label"":""Yes""}]"
388,B10SBGB95,Stomach/bowel/gall bl. prob since last int/4 yrs (other spec):Vague/Irrelevant,numeric,NOMINAL,-9.0 thru -8.0 and -1.0,"[{""value"":""-9.0"",""label"":""Refused""},{""value"":""-8.0"",""label"":""Not known""},{""value"":""-1.0"",""label"":""Not applicable""},{""value"":""0.0"",""label"":""No""},{""value"":""1.0"",""label"":""Yes""}]"
389,B10SBGPD01,Whether stomach/bowel/gall bl. prob diagnosed by doc: Ulcer,numeric,NOMINAL,-9.0 thru -8.0 and -1.0,"[{""value"":""-9.0"",""label"":""Refused""},{""value"":""-8.0"",""label"":""Not known""},{""value"":""-1.0"",""label"":""Not applicable""},{""value"":""1.0"",""label"":""Yes""},{""value"":""2.0"",""label"":""No""}]"
390,B10SBGPD02,Whether stomach/bowel/gall bl. prob diagnosed by doc: Gallstones,numeric,NOMINAL,-9.0 thru -8.0 and -1.0,"[{""value"":""-9.0"",""label"":""Refused""},{""value"":""-8.0"",""label"":""Not known""},{""value"":""-1.0"",""label"":""Not applicable""},{""value"":""1.0"",""label"":""Yes""},{""value"":""2.0"",""label"":""No""}]"
391,B10SBGPD03,Whether stomach/bowel/gall bl. prob diagnosed by doc: IBS,numeric,NOMINAL,-9.0 thru -8.0 and -1.0,"[{""value"":""-9.0"",""label"":""Refused""},{""value"":""-8.0"",""label"":""Not known""},{""value"":""-1.0"",""label"":""Not applicable""},{""value"":""1.0"",""label"":""Yes""},{""value"":""2.0"",""label"":""No""}]"
392,B10SBGPD04,Whether stomach/bowel/gall bl. prob diagnosed by doc: Ulcer. colitis/Crohn's,numeric,NOMINAL,-9.0 thru -8.0 and -1.0,"[{""value"":""-9.0"",""label"":""Refused""},{""value"":""-8.0"",""label"":""Not known""},{""value"":""-1.0"",""label"":""Not applicable""},{""value"":""1.0"",""label"":""Yes""},{""value"":""2.0"",""label"":""No""}]"
393,B10SBGPD05,Whether stomach/bowel/gall bl. prob diagnosed by doc: Other condition(specify),numeric,NOMINAL,-9.0 thru -8.0 and -1.0,"[{""value"":""-9.0"",""label"":""Refused""},{""value"":""-8.0"",""label"":""Not known""},{""value"":""-1.0"",""label"":""Not applicable""},{""value"":""1.0"",""label"":""Yes""},{""value"":""2.0"",""label"":""No""}]"
394,B10BLKDX1,Type of bladder/kidney prob since last int/4 yrs: Nephritis,numeric,NOMINAL,-9.0 thru -8.0 and -1.0,"[{""value"":""-9.0"",""label"":""Refused""},{""value"":""-8.0"",""label"":""Not known""},{""value"":""-1.0"",""label"":""Not applicable""},{""value"":""0.0"",""label"":""No""},{""value"":""1.0"",""label"":""Yes""}]"
395,B10BLKDX2,Type of bladder/kidney prob since last int/4 yrs: Kid/blad stones,numeric,NOMINAL,-9.0 thru -8.0 and -1.0,"[{""value"":""-9.0"",""label"":""Refused""},{""value"":""-8.0"",""label"":""Not known""},{""value"":""-1.0"",""label"":""Not applicable""},{""value"":""0.0"",""label"":""No""},{""value"":""1.0"",""label"":""Yes""}]"
396,B10BLKDX3,Type of bladder/kidney prob since last int/4 yrs: Infection,numeric,NOMINAL,-9.0 thru -8.0 and -1.0,"[{""value"":""-9.0"",""label"":""Refused""},{""value"":""-8.0"",""label"":""Not known""},{""value"":""-1.0"",""label"":""Not applicable""},{""value"":""0.0"",""label"":""No""},{""value"":""1.0"",""label"":""Yes""}]"
397,B10BLKDX4,Type of bladder/kidney prob since last int/4 yrs: Blood in urine,numeric,NOMINAL,-9.0 thru -8.0 and -1.0,"[{""value"":""-9.0"",""label"":""Refused""},{""value"":""-8.0"",""label"":""Not known""},{""value"":""-1.0"",""label"":""Not applicable""},{""value"":""0.0"",""label"":""No""},{""value"":""1.0"",""label"":""Yes""}]"
398,B10BLKDX50,Type of bladder/kidney prob since last int/4 yrs (other spec): Incontinence,numeric,NOMINAL,-9.0 thru -8.0 and -1.0,"[{""value"":""-9.0"",""label"":""Refused""},{""value"":""-8.0"",""label"":""Not known""},{""value"":""-1.0"",""label"":""Not applicable""},{""value"":""0.0"",""label"":""No""},{""value"":""1.0"",""label"":""Yes""}]"
399,B10BLKDX51,Type of bladder/kidney prob since last int/4 yrs (other spec): Irrtble bladder,numeric,NOMINAL,-9.0 thru -8.0 and -1.0,"[{""value"":""-9.0"",""label"":""Refused""},{""value"":""-8.0"",""label"":""Not known""},{""value"":""-1.0"",""label"":""Not applicable""},{""value"":""0.0"",""label"":""No""},{""value"":""1.0"",""label"":""Yes""}]"
400,B10BLKDX94,Type of bladder/kidney prob since last int/4 yrs (other spec):Oth specific ans,numeric,NOMINAL,-9.0 thru -8.0 and -1.0,"[{""value"":""-9.0"",""label"":""Refused""},{""value"":""-8.0"",""label"":""Not known""},{""value"":""-1.0"",""label"":""Not applicable""},{""value"":""0.0"",""label"":""No""},{""value"":""1.0"",""label"":""Yes""}]"
401,B10BLKDX95,Type of bladder/kidney prob since last int/4 yrs (other spec):Vague/Irrelevant,numeric,NOMINAL,-9.0 thru -8.0 and -1.0,"[{""value"":""-9.0"",""label"":""Refused""},{""value"":""-8.0"",""label"":""Not known""},{""value"":""-1.0"",""label"":""Not applicable""},{""value"":""0.0"",""label"":""No""},{""value"":""1.0"",""label"":""Yes""}]"
402,B10BLKDD1,Whether bladder/kidney prob diagnosed by doc: Nephritis,numeric,NOMINAL,-9.0 thru -8.0 and -1.0,"[{""value"":""-9.0"",""label"":""Refused""},{""value"":""-8.0"",""label"":""Not known""},{""value"":""-1.0"",""label"":""Not applicable""},{""value"":""1.0"",""label"":""Yes""},{""value"":""2.0"",""label"":""No""}]"
403,B10BLKDD2,Whether bladder/kidney prob diagnosed by doc: Kidney/bladder stones,numeric,NOMINAL,-9.0 thru -8.0 and -1.0,"[{""value"":""-9.0"",""label"":""Refused""},{""value"":""-8.0"",""label"":""Not known""},{""value"":""-1.0"",""label"":""Not applicable""},{""value"":""1.0"",""label"":""Yes""},{""value"":""2.0"",""label"":""No""}]"
404,B10BLKDD3,Whether bladder/kidney prob diagnosed by doc: Infection of kidney/bladder,numeric,NOMINAL,-9.0 thru -8.0 and -1.0,"[{""value"":""-9.0"",""label"":""Refused""},{""value"":""-8.0"",""label"":""Not known""},{""value"":""-1.0"",""label"":""Not applicable""},{""value"":""1.0"",""label"":""Yes""},{""value"":""2.0"",""label"":""No""}]"
405,B10BLKDD4,Whether bladder/kidney prob diagnosed by doc: Blood in urine,numeric,NOMINAL,-9.0 thru -8.0 and -1.0,"[{""value"":""-9.0"",""label"":""Refused""},{""value"":""-8.0"",""label"":""Not known""},{""value"":""-1.0"",""label"":""Not applicable""},{""value"":""1.0"",""label"":""Yes""},{""value"":""2.0"",""label"":""No""}]"
406,B10BLKDD5,Whether bladder/kidney prob diagnosed by doc: Other problem (specify),numeric,NOMINAL,-9.0 thru -8.0 and -1.0,"[{""value"":""-9.0"",""label"":""Refused""},{""value"":""-8.0"",""label"":""Not known""},{""value"":""-1.0"",""label"":""Not applicable""},{""value"":""1.0"",""label"":""Yes""},{""value"":""2.0"",""label"":""No""}]"
407,B10LIVD,Whether liver disease diagnosed by a doctor,numeric,NOMINAL,-9.0 thru -8.0 and -1.0,"[{""value"":""-9.0"",""label"":""Refused""},{""value"":""-8.0"",""label"":""Not known""},{""value"":""-1.0"",""label"":""Not applicable""},{""value"":""1.0"",""label"":""Yes""},{""value"":""2.0"",""label"":""No""}]"
408,B10ARTHD,Whether arthritis diagnosed by a doctor,numeric,NOMINAL,-9.0 thru -8.0 and -1.0,"[{""value"":""-9.0"",""label"":""Refused""},{""value"":""-8.0"",""label"":""Not known""},{""value"":""-1.0"",""label"":""Not applicable""},{""value"":""1.0"",""label"":""Yes""},{""value"":""2.0"",""label"":""No""}]"
409,B10HEANA,Whether respondent has chest pain,numeric,NOMINAL,-9.0 thru -8.0 and -1.0,"[{""value"":""-9.0"",""label"":""Refused""},{""value"":""-8.0"",""label"":""Not known""},{""value"":""-1.0"",""label"":""Not applicable""},{""value"":""1.0"",""label"":""Yes""},{""value"":""2.0"",""label"":""No""}]"
410,B10HEANI1,Where respondent has chest pain: Sternum (upper or middle),numeric,NOMINAL,-9.0 thru -8.0 and -1.0,"[{""value"":""-9.0"",""label"":""Refused""},{""value"":""-8.0"",""label"":""Not known""},{""value"":""-1.0"",""label"":""Not applicable""},{""value"":""0.0"",""label"":""No""},{""value"":""1.0"",""label"":""Yes""}]"
411,B10HEANI2,Where respondent has chest pain: Sternum lower,numeric,NOMINAL,-9.0 thru -8.0 and -1.0,"[{""value"":""-9.0"",""label"":""Refused""},{""value"":""-8.0"",""label"":""Not known""},{""value"":""-1.0"",""label"":""Not applicable""},{""value"":""0.0"",""label"":""No""},{""value"":""1.0"",""label"":""Yes""}]"
412,B10HEANI3,Where respondent has chest pain: Left anterior chest,numeric,NOMINAL,-9.0 thru -8.0 and -1.0,"[{""value"":""-9.0"",""label"":""Refused""},{""value"":""-8.0"",""label"":""Not known""},{""value"":""-1.0"",""label"":""Not applicable""},{""value"":""0.0"",""label"":""No""},{""value"":""1.0"",""label"":""Yes""}]"
413,B10HEANI4,Where respondent has chest pain: Left arm,numeric,NOMINAL,-9.0 thru -8.0 and -1.0,"[{""value"":""-9.0"",""label"":""Refused""},{""value"":""-8.0"",""label"":""Not known""},{""value"":""-1.0"",""label"":""Not applicable""},{""value"":""0.0"",""label"":""No""},{""value"":""1.0"",""label"":""Yes""}]"
414,B10HEANI5,Where respondent has chest pain: Right anterior chest,numeric,NOMINAL,-9.0 thru -8.0 and -1.0,"[{""value"":""-9.0"",""label"":""Refused""},{""value"":""-8.0"",""label"":""Not known""},{""value"":""-1.0"",""label"":""Not applicable""},{""value"":""0.0"",""label"":""No""},{""value"":""1.0"",""label"":""Yes""}]"
415,B10HEANI6,Where respondent has chest pain: Right arm,numeric,NOMINAL,-9.0 thru -8.0 and -1.0,"[{""value"":""-9.0"",""label"":""Refused""},{""value"":""-8.0"",""label"":""Not known""},{""value"":""-1.0"",""label"":""Not applicable""},{""value"":""0.0"",""label"":""No""},{""value"":""1.0"",""label"":""Yes""}]"
416,B10HEANI94,Where respondent has chest pain (other spec): Other specific answer,numeric,NOMINAL,-9.0 thru -8.0 and -1.0,"[{""value"":""-9.0"",""label"":""Refused""},{""value"":""-8.0"",""label"":""Not known""},{""value"":""-1.0"",""label"":""Not applicable""},{""value"":""0.0"",""label"":""No""},{""value"":""1.0"",""label"":""Yes""}]"
417,B10HEANI95,Where respondent has chest pain (other spec): Vague / Irrelevant answer,numeric,NOMINAL,-9.0 thru -8.0 and -1.0,"[{""value"":""-9.0"",""label"":""Refused""},{""value"":""-8.0"",""label"":""Not known""},{""value"":""-1.0"",""label"":""Not applicable""},{""value"":""0.0"",""label"":""No""},{""value"":""1.0"",""label"":""Yes""}]"
418,B10HEANB,Whether gets chest pain when walking up hill/in a hurry,numeric,NOMINAL,-9.0 thru -8.0 and -1.0,"[{""value"":""-9.0"",""label"":""Refused""},{""value"":""-8.0"",""label"":""Not known""},{""value"":""-1.0"",""label"":""Not applicable""},{""value"":""1.0"",""label"":""Yes""},{""value"":""2.0"",""label"":""No""},{""value"":""3.0"",""label"":""Sometimes / Occasionally""},{""value"":""4.0"",""label"":""Never walks uphill or hurries""},{""value"":""5.0"",""label"":""Cannot walk""}]"
419,B10HEANC,Whether chest pain when walking on level,numeric,NOMINAL,-9.0 thru -8.0 and -1.0,"[{""value"":""-9.0"",""label"":""Refused""},{""value"":""-8.0"",""label"":""Not known""},{""value"":""-1.0"",""label"":""Not applicable""},{""value"":""1.0"",""label"":""Yes""},{""value"":""2.0"",""label"":""No""},{""value"":""3.0"",""label"":""Sometimes / Occasionally""},{""value"":""4.0"",""label"":""Never walks at ordinary pace on level""}]"
420,B10HEAND1,Why respondent never walks uphill/ on the level (other specify),numeric,NOMINAL,-9.0 thru -8.0 and -1.0,"[{""value"":""-9.0"",""label"":""Refused""},{""value"":""-8.0"",""label"":""Not known""},{""value"":""-1.0"",""label"":""Not applicable""},{""value"":""1.0"",""label"":""…it causes chest pain to do so,""},{""value"":""2.0"",""label"":""…it causes other discomfort to do so,""},{""value"":""3.0"",""label"":""…you prefer not to,""},{""value"":""4.0"",""label"":""Other reason (please specify)""},{""value"":""50.0"",""label"":""Just can't""},{""value"":""94.0"",""label"":""Other specific""},{""value"":""95.0"",""label"":""Vague /Irrelevant answer""}]"
421,B10HEANF,Action taken if respondent experiences pain whilst walking,numeric,NOMINAL,-9.0 thru -8.0 and -1.0,"[{""value"":""-9.0"",""label"":""Refused""},{""value"":""-8.0"",""label"":""Not known""},{""value"":""-1.0"",""label"":""Not applicable""},{""value"":""1.0"",""label"":""…stop,""},{""value"":""2.0"",""label"":""slow down,""},{""value"":""3.0"",""label"":""or, do you carry on?""}]"
422,B10HEANG,Whether pain goes away when standing still,numeric,NOMINAL,-9.0 thru -8.0 and -1.0,"[{""value"":""-9.0"",""label"":""Refused""},{""value"":""-8.0"",""label"":""Not known""},{""value"":""-1.0"",""label"":""Not applicable""},{""value"":""1.0"",""label"":""Pain goes away""},{""value"":""2.0"",""label"":""Pain doesn't go away""}]"
423,B10HEANH,How long the pain lasts for,numeric,NOMINAL,-9.0 thru -8.0 and -1.0,"[{""value"":""-9.0"",""label"":""Refused""},{""value"":""-8.0"",""label"":""Not known""},{""value"":""-1.0"",""label"":""Not applicable""},{""value"":""1.0"",""label"":""…10 minutes or less,""},{""value"":""2.0"",""label"":""or, more than 10 minutes?""}]"
424,B10CHESTD,Whether chest diagnosed by a doctor,numeric,NOMINAL,-9.0 thru -8.0 and -1.0,"[{""value"":""-9.0"",""label"":""Refused""},{""value"":""-8.0"",""label"":""Not known""},{""value"":""-1.0"",""label"":""Not applicable""},{""value"":""1.0"",""label"":""Yes""},{""value"":""2.0"",""label"":""No""}]"
425,B10MEDCN,Whether taking any medicines,numeric,NOMINAL,-9.0 thru -8.0 and -1.0,"[{""value"":""-9.0"",""label"":""Refused""},{""value"":""-8.0"",""label"":""Not known""},{""value"":""-1.0"",""label"":""Not applicable""},{""value"":""1.0"",""label"":""Yes""},{""value"":""2.0"",""label"":""No""}]"
426,B10MEDLN,Whether respondent has any long acting medication,numeric,NOMINAL,-9.0 thru -8.0 and -1.0,"[{""value"":""-9.0"",""label"":""Refused""},{""value"":""-8.0"",""label"":""Not known""},{""value"":""-1.0"",""label"":""Not applicable""},{""value"":""1.0"",""label"":""Yes""},{""value"":""2.0"",""label"":""No""}]"
427,B10KHL2HP,How many times attended hospital/clinic as out-patient,numeric,NOMINAL,-9.0 thru -8.0 and -1.0,"[{""value"":""-9.0"",""label"":""Refused""},{""value"":""-8.0"",""label"":""Not known""},{""value"":""-1.0"",""label"":""Not applicable""},{""value"":""1.0"",""label"":""None""},{""value"":""2.0"",""label"":""One or two""},{""value"":""3.0"",""label"":""Three to five""},{""value"":""4.0"",""label"":""Six to ten""},{""value"":""5.0"",""label"":""More than ten""}]"
428,B10KHOSP,Whether been in hospital/clinic as in-patient,numeric,NOMINAL,-9.0 thru -8.0 and -1.0,"[{""value"":""-9.0"",""label"":""Refused""},{""value"":""-8.0"",""label"":""Not known""},{""value"":""-1.0"",""label"":""Not applicable""},{""value"":""1.0"",""label"":""Yes""},{""value"":""2.0"",""label"":""No""}]"
429,B10KHOSPD,Days spent in hospital/clinic as in-patient,numeric,SCALE,-9.0 thru -8.0 and -1.0,"[{""value"":""-9.0"",""label"":""Refused""},{""value"":""-8.0"",""label"":""Not known""},{""value"":""-1.0"",""label"":""Not applicable""}]"
430,B10DENHLT,Self-rating of dental health,numeric,NOMINAL,-9.0 thru -8.0 and -1.0,"[{""value"":""-9.0"",""label"":""Refused""},{""value"":""-8.0"",""label"":""Not known""},{""value"":""-1.0"",""label"":""Not applicable""},{""value"":""1.0"",""label"":""…excellent""},{""value"":""2.0"",""label"":""…very good""},{""value"":""3.0"",""label"":""…good""},{""value"":""4.0"",""label"":""…fair""},{""value"":""5.0"",""label"":""…or poor?""}]"
431,B10SMOKIG,Whether smoke (or used to smoke),numeric,NOMINAL,-9.0 thru -8.0 and -1.0,"[{""value"":""-9.0"",""label"":""Refused""},{""value"":""-8.0"",""label"":""Not known""},{""value"":""-1.0"",""label"":""Not applicable""},{""value"":""1.0"",""label"":""I've never smoked cigarettes""},{""value"":""2.0"",""label"":""I used to smoke but don't at all now""},{""value"":""3.0"",""label"":""I now smoke occasionally but not daily""},{""value"":""4.0"",""label"":""I smoke cigarettes every day""}]"
432,B10NFCIGS,Number of cigarettes a day usually smoked,numeric,SCALE,-9.0 thru -8.0 and -1.0,"[{""value"":""-9.0"",""label"":""Refused""},{""value"":""-8.0"",""label"":""Not known""},{""value"":""-1.0"",""label"":""Not applicable""}]"
433,B10EXSMER,Whether ever smoked cigarettes regularly (at least one a day for 12 months),numeric,NOMINAL,-9.0 thru -8.0 and -1.0,"[{""value"":""-9.0"",""label"":""Refused""},{""value"":""-8.0"",""label"":""Not known""},{""value"":""-1.0"",""label"":""Not applicable""},{""value"":""1.0"",""label"":""Yes""},{""value"":""2.0"",""label"":""No""}]"
434,B10AGESTR,Age started smoking regularly,numeric,SCALE,-9.0 thru -8.0 and -1.0,"[{""value"":""-9.0"",""label"":""Refused""},{""value"":""-8.0"",""label"":""Not known""},{""value"":""-1.0"",""label"":""Not applicable""}]"
435,B10AGEQUT,Age when last smoked cigarettes regularly,numeric,SCALE,-9.0 thru -8.0 and -1.0,"[{""value"":""-9.0"",""label"":""Refused""},{""value"":""-8.0"",""label"":""Not known""},{""value"":""-1.0"",""label"":""Not applicable""}]"
436,B10ECIG,Whether uses electronic cigarette,numeric,NOMINAL,-9.0 thru -8.0 and -1.0,"[{""value"":""-9.0"",""label"":""Refused""},{""value"":""-8.0"",""label"":""Not known""},{""value"":""-1.0"",""label"":""Not applicable""},{""value"":""1.0"",""label"":""I've never used an electronic cigarette""},{""value"":""2.0"",""label"":""I used to use e-cig but don't anymore""},{""value"":""3.0"",""label"":""I use e-cig occasionally but not daily""},{""value"":""4.0"",""label"":""I use electronic cigarettes every day""}]"
437,B10PSMOK,Whether partner smokes (or used to smoke),numeric,NOMINAL,-9.0 thru -8.0 and -1.0,"[{""value"":""-9.0"",""label"":""Refused""},{""value"":""-8.0"",""label"":""Not known""},{""value"":""-1.0"",""label"":""Not applicable""},{""value"":""1.0"",""label"":""He/She has never smoked cigarettes""},{""value"":""2.0"",""label"":""Used to smoke but doesn't at all now""},{""value"":""3.0"",""label"":""Smokes occasionally but not daily""},{""value"":""4.0"",""label"":""He/She smokes cigarettes every day""}]"
438,B10DRNK01,Type of drink consumed in last 7 days: Normal strength beer/cider,numeric,NOMINAL,-9.0 thru -8.0 and -1.0,"[{""value"":""-9.0"",""label"":""Refused""},{""value"":""-8.0"",""label"":""Not known""},{""value"":""-1.0"",""label"":""Not applicable""},{""value"":""0.0"",""label"":""No""},{""value"":""1.0"",""label"":""Yes""}]"
439,B10DRNK02,Type of drink consumed in last 7 days: Strong beer/cider (6% alcohol or more),numeric,NOMINAL,-9.0 thru -8.0 and -1.0,"[{""value"":""-9.0"",""label"":""Refused""},{""value"":""-8.0"",""label"":""Not known""},{""value"":""-1.0"",""label"":""Not applicable""},{""value"":""0.0"",""label"":""No""},{""value"":""1.0"",""label"":""Yes""}]"
440,B10DRNK03,Type of drink consumed in last 7 days: Spirits or Liqueurs,numeric,NOMINAL,-9.0 thru -8.0 and -1.0,"[{""value"":""-9.0"",""label"":""Refused""},{""value"":""-8.0"",""label"":""Not known""},{""value"":""-1.0"",""label"":""Not applicable""},{""value"":""0.0"",""label"":""No""},{""value"":""1.0"",""label"":""Yes""}]"
441,B10DRNK04,Type of drink consumed in last 7 days: Sherry or similar (e.g. martini),numeric,NOMINAL,-9.0 thru -8.0 and -1.0,"[{""value"":""-9.0"",""label"":""Refused""},{""value"":""-8.0"",""label"":""Not known""},{""value"":""-1.0"",""label"":""Not applicable""},{""value"":""0.0"",""label"":""No""},{""value"":""1.0"",""label"":""Yes""}]"
442,B10DRNK05,Type of drink consumed in last 7 days: Wine (including sparkling wine),numeric,NOMINAL,-9.0 thru -8.0 and -1.0,"[{""value"":""-9.0"",""label"":""Refused""},{""value"":""-8.0"",""label"":""Not known""},{""value"":""-1.0"",""label"":""Not applicable""},{""value"":""0.0"",""label"":""No""},{""value"":""1.0"",""label"":""Yes""}]"
443,B10DRNK06,Type of drink consumed in last 7 days: Alcoholic soft drinks or alcopops,numeric,NOMINAL,-9.0 thru -8.0 and -1.0,"[{""value"":""-9.0"",""label"":""Refused""},{""value"":""-8.0"",""label"":""Not known""},{""value"":""-1.0"",""label"":""Not applicable""},{""value"":""0.0"",""label"":""No""},{""value"":""1.0"",""label"":""Yes""}]"
444,B10DRNK07,Type of drink consumed in last 7 days: Other alcoholic drinks,numeric,NOMINAL,-9.0 thru -8.0 and -1.0,"[{""value"":""-9.0"",""label"":""Refused""},{""value"":""-8.0"",""label"":""Not known""},{""value"":""-1.0"",""label"":""Not applicable""},{""value"":""0.0"",""label"":""No""},{""value"":""1.0"",""label"":""Yes""}]"
445,B10DRNK08,Type of drink consumed in last 7 days: None,numeric,NOMINAL,-9.0 thru -8.0 and -1.0,"[{""value"":""-9.0"",""label"":""Refused""},{""value"":""-8.0"",""label"":""Not known""},{""value"":""-1.0"",""label"":""Not applicable""},{""value"":""0.0"",""label"":""No""},{""value"":""1.0"",""label"":""Yes""}]"
446,B10DRNK09,Type of drink consumed in last 7 days: Don't know,numeric,NOMINAL,-9.0 thru -8.0 and -1.0,"[{""value"":""-9.0"",""label"":""Refused""},{""value"":""-8.0"",""label"":""Not known""},{""value"":""-1.0"",""label"":""Not applicable""},{""value"":""0.0"",""label"":""No""},{""value"":""1.0"",""label"":""Yes""}]"
447,B10DRNK10,Type of drink consumed in last 7 days: Prefer not to answer,numeric,NOMINAL,-9.0 thru -8.0 and -1.0,"[{""value"":""-9.0"",""label"":""Refused""},{""value"":""-8.0"",""label"":""Not known""},{""value"":""-1.0"",""label"":""Not applicable""},{""value"":""0.0"",""label"":""No""},{""value"":""1.0"",""label"":""Yes""}]"
448,B10BEERN,No. of pints of normal strength beer/lager/stout/ale/cider had in last 7 days,numeric,SCALE,-9.0 thru -8.0 and -1.0,"[{""value"":""-9.0"",""label"":""Refused""},{""value"":""-8.0"",""label"":""Not known""},{""value"":""-1.0"",""label"":""Not applicable""}]"
449,B10BEERS,"Number of pints of strong beer, lager, stout, ale or cider had in last 7 days",numeric,SCALE,-9.0 thru -8.0 and -1.0,"[{""value"":""-9.0"",""label"":""Refused""},{""value"":""-8.0"",""label"":""Not known""},{""value"":""-1.0"",""label"":""Not applicable""}]"
450,B10SPIRIS,Number of single measures of spirits or liqueurs had in last 7 days,numeric,SCALE,-9.0 thru -8.0 and -1.0,"[{""value"":""-9.0"",""label"":""Refused""},{""value"":""-8.0"",""label"":""Not known""},{""value"":""-1.0"",""label"":""Not applicable""}]"
451,B10SHERRY,No. of glasses of sherry had in last 7 days,numeric,NOMINAL,-9.0 thru -8.0 and -1.0,"[{""value"":""-9.0"",""label"":""Refused""},{""value"":""-8.0"",""label"":""Not known""},{""value"":""-1.0"",""label"":""Not applicable""}]"
452,B10WINE,Amount of wine had in last 7 days - format of answer,numeric,NOMINAL,-9.0 thru -8.0 and -1.0,"[{""value"":""-9.0"",""label"":""Refused""},{""value"":""-8.0"",""label"":""Not known""},{""value"":""-1.0"",""label"":""Not applicable""},{""value"":""1.0"",""label"":""Bottles or parts of bottles""},{""value"":""2.0"",""label"":""Glasses""}]"
453,B10WINEBT,Number of 125ml glasses of wine drunk from a bottle in last 7 days,numeric,SCALE,-9.0 thru -8.0 and -1.0,"[{""value"":""-9.0"",""label"":""Refused""},{""value"":""-8.0"",""label"":""Not known""},{""value"":""-1.0"",""label"":""Not applicable""}]"
454,B10WINGS1,Large glass (250ml): Size of glasses of wine drunk in last 7 days,numeric,NOMINAL,-9.0 thru -8.0 and -1.0,"[{""value"":""-9.0"",""label"":""Refused""},{""value"":""-8.0"",""label"":""Not known""},{""value"":""-1.0"",""label"":""Not applicable""},{""value"":""0.0"",""label"":""No""},{""value"":""1.0"",""label"":""Yes""}]"
455,B10WINGS2,Standard glass (175 ml): Size of glasses of wine drunk in last 7 days,numeric,NOMINAL,-9.0 thru -8.0 and -1.0,"[{""value"":""-9.0"",""label"":""Refused""},{""value"":""-8.0"",""label"":""Not known""},{""value"":""-1.0"",""label"":""Not applicable""},{""value"":""0.0"",""label"":""No""},{""value"":""1.0"",""label"":""Yes""}]"
456,B10WINGS3,Small glass (125 ml): Size of glasses of wine drunk in last 7 days,numeric,NOMINAL,-9.0 thru -8.0 and -1.0,"[{""value"":""-9.0"",""label"":""Refused""},{""value"":""-8.0"",""label"":""Not known""},{""value"":""-1.0"",""label"":""Not applicable""},{""value"":""0.0"",""label"":""No""},{""value"":""1.0"",""label"":""Yes""}]"
457,B10WINGS4,Don't know: Size of glasses of wine drunk in last 7 days,numeric,NOMINAL,-9.0 thru -8.0 and -1.0,"[{""value"":""-9.0"",""label"":""Refused""},{""value"":""-8.0"",""label"":""Not known""},{""value"":""-1.0"",""label"":""Not applicable""},{""value"":""0.0"",""label"":""No""},{""value"":""1.0"",""label"":""Yes""}]"
458,B10WINGS5,Prefer not to answer: Size of glasses of wine drunk in last 7 days,numeric,NOMINAL,-9.0 thru -8.0 and -1.0,"[{""value"":""-9.0"",""label"":""Refused""},{""value"":""-8.0"",""label"":""Not known""},{""value"":""-1.0"",""label"":""Not applicable""},{""value"":""0.0"",""label"":""No""},{""value"":""1.0"",""label"":""Yes""}]"
459,B10WINLAG,Number of large (250ml) glasses of wine drunk in last 7 days,numeric,NOMINAL,-9.0 thru -8.0 and -1.0,"[{""value"":""-9.0"",""label"":""Refused""},{""value"":""-8.0"",""label"":""Not known""},{""value"":""-1.0"",""label"":""Not applicable""}]"
460,B10WINSTG,Number of standard (175ml) glasses of wine drunk in last 7 days,numeric,NOMINAL,-9.0 thru -8.0 and -1.0,"[{""value"":""-9.0"",""label"":""Refused""},{""value"":""-8.0"",""label"":""Not known""},{""value"":""-1.0"",""label"":""Not applicable""}]"
461,B10WINSMG,Number of small (125ml) glasses of wine drunk in last 7 days,numeric,NOMINAL,-9.0 thru -8.0 and -1.0,"[{""value"":""-9.0"",""label"":""Refused""},{""value"":""-8.0"",""label"":""Not known""},{""value"":""-1.0"",""label"":""Not applicable""}]"
462,B10ALCOPP,Number of alcopops (275ml bottles) had in last 7 days,numeric,NOMINAL,-9.0 thru -8.0 and -1.0,"[{""value"":""-9.0"",""label"":""Refused""},{""value"":""-8.0"",""label"":""Not known""},{""value"":""-1.0"",""label"":""Not applicable""}]"
463,B10BRKFST,Number of days per week eats breakfast,numeric,NOMINAL,-9.0 thru -8.0 and -1.0,"[{""value"":""-9.0"",""label"":""Refused""},{""value"":""-8.0"",""label"":""Not known""},{""value"":""-1.0"",""label"":""Not applicable""}]"
464,B10EXERSE,Number of days in a typical week does 30 mins or more of exercise,numeric,NOMINAL,-9.0 thru -8.0 and -1.0,"[{""value"":""-9.0"",""label"":""Refused""},{""value"":""-8.0"",""label"":""Not known""},{""value"":""-1.0"",""label"":""Not applicable""}]"
465,B10CURPRG,Whether currently pregnant/Whether anyone currently pregnant by CM,numeric,NOMINAL,-9.0 thru -8.0 and -1.0,"[{""value"":""-9.0"",""label"":""Refused""},{""value"":""-8.0"",""label"":""Not known""},{""value"":""-1.0"",""label"":""Not applicable""},{""value"":""1.0"",""label"":""Yes""},{""value"":""2.0"",""label"":""No""}]"
466,B10BABNUM,Number of babies carrying/being carried,numeric,NOMINAL,-9.0 thru -8.0 and -1.0,"[{""value"":""-9.0"",""label"":""Refused""},{""value"":""-8.0"",""label"":""Not known""},{""value"":""-1.0"",""label"":""Not applicable""}]"
467,B10HEIGHT,Height without shoes - format of answer,numeric,NOMINAL,-9.0 thru -8.0 and -1.0,"[{""value"":""-9.0"",""label"":""Refused""},{""value"":""-8.0"",""label"":""Not known""},{""value"":""-1.0"",""label"":""Not applicable""},{""value"":""1.0"",""label"":""Metres and Centimetres""},{""value"":""2.0"",""label"":""Feet and inches""}]"
468,B10HTMEES,Self-reported height without shoes in metres (combine with B10HTCMS),numeric,NOMINAL,-9.0 thru -8.0 and -1.0,"[{""value"":""-9.0"",""label"":""Refused""},{""value"":""-8.0"",""label"":""Not known""},{""value"":""-1.0"",""label"":""Not applicable""}]"
469,B10HTCMS,Self-reported height without shoes in centimetres (combine with B10HTMEES),numeric,SCALE,-9.0 thru -8.0 and -1.0,"[{""value"":""-9.0"",""label"":""Refused""},{""value"":""-8.0"",""label"":""Not known""},{""value"":""-1.0"",""label"":""Not applicable""}]"
470,B10HTFEET,Self-reported height without shoes in feet (combine with B10HTINES),numeric,NOMINAL,-9.0 thru -8.0 and -1.0,"[{""value"":""-9.0"",""label"":""Refused""},{""value"":""-8.0"",""label"":""Not known""},{""value"":""-1.0"",""label"":""Not applicable""}]"
471,B10HTINES,Self-reported height without shoes in inches (combine with B10HTFEET),numeric,NOMINAL,-9.0 thru -8.0 and -1.0,"[{""value"":""-9.0"",""label"":""Refused""},{""value"":""-8.0"",""label"":""Not known""},{""value"":""-1.0"",""label"":""Not applicable""}]"
472,B10WEIGH,Weight without clothes - format of answer,numeric,NOMINAL,-9.0 thru -8.0 and -1.0,"[{""value"":""-9.0"",""label"":""Refused""},{""value"":""-8.0"",""label"":""Not known""},{""value"":""-1.0"",""label"":""Not applicable""},{""value"":""1.0"",""label"":""Kilograms""},{""value"":""2.0"",""label"":""Stones and pounds""}]"
473,B10WTKIS,Self-reported weight without clothes in kilograms,numeric,SCALE,-9.0 thru -8.0 and -1.0,"[{""value"":""-9.0"",""label"":""Refused""},{""value"":""-8.0"",""label"":""Not known""},{""value"":""-1.0"",""label"":""Not applicable""}]"
474,B10WTSTE,Self-reported weight without clothes in stones (combine with B10WTPOD),numeric,SCALE,-9.0 thru -8.0 and -1.0,"[{""value"":""-9.0"",""label"":""Refused""},{""value"":""-8.0"",""label"":""Not known""},{""value"":""-1.0"",""label"":""Not applicable""}]"
475,B10WTPOD,Self-reported weight without clothes in pounds (combine with B10WTSTE),numeric,NOMINAL,-9.0 thru -8.0 and -1.0,"[{""value"":""-9.0"",""label"":""Refused""},{""value"":""-8.0"",""label"":""Not known""},{""value"":""-1.0"",""label"":""Not applicable""}]"
476,B10WTASSS,Cohort member's assessment of their weight,numeric,NOMINAL,-9.0 thru -8.0 and -1.0,"[{""value"":""-9.0"",""label"":""Refused""},{""value"":""-8.0"",""label"":""Not known""},{""value"":""-1.0"",""label"":""Not applicable""},{""value"":""1.0"",""label"":""…about the right weight""},{""value"":""2.0"",""label"":""underweight""},{""value"":""3.0"",""label"":""slightly overweight or""},{""value"":""4.0"",""label"":""very overweight?""}]"
477,B10CHGWT,"Whether trying to lose weight, gain weight or stay about the same",numeric,NOMINAL,-9.0 thru -8.0 and -1.0,"[{""value"":""-9.0"",""label"":""Refused""},{""value"":""-8.0"",""label"":""Not known""},{""value"":""-1.0"",""label"":""Not applicable""},{""value"":""1.0"",""label"":""Lose weight""},{""value"":""2.0"",""label"":""Gain weight""},{""value"":""3.0"",""label"":""Stay about the same""},{""value"":""4.0"",""label"":""Not trying to do anything""}]"
478,B10FSLEEP,Average time it takes to fall asleep,numeric,NOMINAL,-9.0 thru -8.0 and -1.0,"[{""value"":""-9.0"",""label"":""Refused""},{""value"":""-8.0"",""label"":""Not known""},{""value"":""-1.0"",""label"":""Not applicable""},{""value"":""1.0"",""label"":""0-15 minutes""},{""value"":""2.0"",""label"":""16-30 minutes""},{""value"":""3.0"",""label"":""31-45 minutes""},{""value"":""4.0"",""label"":""46-60 minutes""},{""value"":""5.0"",""label"":""More than 60 minutes""}]"
479,B10HSLEEP,Average number of hours of sleep had per night over the last 4 weeks,numeric,NOMINAL,-9.0 thru -8.0 and -1.0,"[{""value"":""-9.0"",""label"":""Refused""},{""value"":""-8.0"",""label"":""Not known""},{""value"":""-1.0"",""label"":""Not applicable""}]"
480,B10TRBSLP,Frequency of waking and having trouble falling back asleep in last 4 weeks,numeric,NOMINAL,-9.0 thru -8.0 and -1.0,"[{""value"":""-9.0"",""label"":""Refused""},{""value"":""-8.0"",""label"":""Not known""},{""value"":""-1.0"",""label"":""Not applicable""},{""value"":""1.0"",""label"":""All of the time""},{""value"":""2.0"",""label"":""Most of the time""},{""value"":""3.0"",""label"":""A good bit of the time""},{""value"":""4.0"",""label"":""Some of the time""},{""value"":""5.0"",""label"":""A little of the time""},{""value"":""6.0"",""label"":""None of the time""}]"
481,B10ENSLP,Frequency of getting enough sleep to feel rested on waking in last 4 weeks,numeric,NOMINAL,-9.0 thru -8.0 and -1.0,"[{""value"":""-9.0"",""label"":""Refused""},{""value"":""-8.0"",""label"":""Not known""},{""value"":""-1.0"",""label"":""Not applicable""},{""value"":""1.0"",""label"":""All of the time""},{""value"":""2.0"",""label"":""Most of the time""},{""value"":""3.0"",""label"":""A good bit of the time""},{""value"":""4.0"",""label"":""Some of the time""},{""value"":""5.0"",""label"":""A little of the time""},{""value"":""6.0"",""label"":""None of the time""}]"
482,B10SNORE,Whether snores,numeric,NOMINAL,-9.0 thru -8.0 and -1.0,"[{""value"":""-9.0"",""label"":""Refused""},{""value"":""-8.0"",""label"":""Not known""},{""value"":""-1.0"",""label"":""Not applicable""},{""value"":""1.0"",""label"":""Yes""},{""value"":""2.0"",""label"":""No""}]"
483,B10CASINT,CASI: Whether willing to do self-completion independently,numeric,NOMINAL,-9.0 thru -8.0 and -1.0,"[{""value"":""-9.0"",""label"":""Refused""},{""value"":""-8.0"",""label"":""Not known""},{""value"":""-1.0"",""label"":""Not applicable""},{""value"":""1.0"",""label"":""Willing to do self-comp independently""},{""value"":""2.0"",""label"":""Willing to do self-comp with nurse help""},{""value"":""3.0"",""label"":""Refused to do self-comp""}]"
484,B10SCRF1,CASI: Reason refused CASI section: Didn't like computer,numeric,NOMINAL,-9.0 thru -8.0 and -1.0,"[{""value"":""-9.0"",""label"":""Refused""},{""value"":""-8.0"",""label"":""Not known""},{""value"":""-1.0"",""label"":""Not applicable""},{""value"":""0.0"",""label"":""No""},{""value"":""1.0"",""label"":""Yes""}]"
485,B10SCRF2,CASI: Reason refused CASI section: Worried about confidentiality,numeric,NOMINAL,-9.0 thru -8.0 and -1.0,"[{""value"":""-9.0"",""label"":""Refused""},{""value"":""-8.0"",""label"":""Not known""},{""value"":""-1.0"",""label"":""Not applicable""},{""value"":""0.0"",""label"":""No""},{""value"":""1.0"",""label"":""Yes""}]"
486,B10SCRF4,CASI: Reason refused CASI section: Couldn't be bothered,numeric,NOMINAL,-9.0 thru -8.0 and -1.0,"[{""value"":""-9.0"",""label"":""Refused""},{""value"":""-8.0"",""label"":""Not known""},{""value"":""-1.0"",""label"":""Not applicable""},{""value"":""0.0"",""label"":""No""},{""value"":""1.0"",""label"":""Yes""}]"
487,B10SCRF5,CASI: Reason refused CASI section: Interview taking too long/ ran out of time,numeric,NOMINAL,-9.0 thru -8.0 and -1.0,"[{""value"":""-9.0"",""label"":""Refused""},{""value"":""-8.0"",""label"":""Not known""},{""value"":""-1.0"",""label"":""Not applicable""},{""value"":""0.0"",""label"":""No""},{""value"":""1.0"",""label"":""Yes""}]"
488,B10SCRF6,CASI: Reason refused CASI section: Other (please specify),numeric,NOMINAL,-9.0 thru -8.0 and -1.0,"[{""value"":""-9.0"",""label"":""Refused""},{""value"":""-8.0"",""label"":""Not known""},{""value"":""-1.0"",""label"":""Not applicable""},{""value"":""0.0"",""label"":""No""},{""value"":""1.0"",""label"":""Yes""}]"
489,B10SCRF50,CASI: Reason refused CASI section: Reading difficulty / dyslexia,numeric,NOMINAL,-9.0 thru -8.0 and -1.0,"[{""value"":""-9.0"",""label"":""Refused""},{""value"":""-8.0"",""label"":""Not known""},{""value"":""-1.0"",""label"":""Not applicable""},{""value"":""0.0"",""label"":""No""},{""value"":""1.0"",""label"":""Yes""}]"
490,B10SCRF94,CASI: Reason refused CASI section: Other specific answer,numeric,NOMINAL,-9.0 thru -8.0 and -1.0,"[{""value"":""-9.0"",""label"":""Refused""},{""value"":""-8.0"",""label"":""Not known""},{""value"":""-1.0"",""label"":""Not applicable""},{""value"":""0.0"",""label"":""No""},{""value"":""1.0"",""label"":""Yes""}]"
491,B10SCRF95,CASI: Reason refused CASI section: Vague / Irrelevant answer,numeric,NOMINAL,-9.0 thru -8.0 and -1.0,"[{""value"":""-9.0"",""label"":""Refused""},{""value"":""-8.0"",""label"":""Not known""},{""value"":""-1.0"",""label"":""Not applicable""},{""value"":""0.0"",""label"":""No""},{""value"":""1.0"",""label"":""Yes""}]"
492,B10JBCHA1,CASI: Whether has to work very fast,numeric,NOMINAL,-9.0 thru -8.0 and -1.0,"[{""value"":""-9.0"",""label"":""Refused""},{""value"":""-8.0"",""label"":""Not known""},{""value"":""-1.0"",""label"":""Not applicable""},{""value"":""1.0"",""label"":""Often""},{""value"":""2.0"",""label"":""Sometimes""},{""value"":""3.0"",""label"":""Seldom""},{""value"":""4.0"",""label"":""Never / almost never""}]"
493,B10JBCHA2,CASI: Whether has to work very intensively,numeric,NOMINAL,-9.0 thru -8.0 and -1.0,"[{""value"":""-9.0"",""label"":""Refused""},{""value"":""-8.0"",""label"":""Not known""},{""value"":""-1.0"",""label"":""Not applicable""},{""value"":""1.0"",""label"":""Often""},{""value"":""2.0"",""label"":""Sometimes""},{""value"":""3.0"",""label"":""Seldom""},{""value"":""4.0"",""label"":""Never / almost never""}]"
494,B10JBCHA3,CASI: Whether has enough time to do everything,numeric,NOMINAL,-9.0 thru -8.0 and -1.0,"[{""value"":""-9.0"",""label"":""Refused""},{""value"":""-8.0"",""label"":""Not known""},{""value"":""-1.0"",""label"":""Not applicable""},{""value"":""1.0"",""label"":""Often""},{""value"":""2.0"",""label"":""Sometimes""},{""value"":""3.0"",""label"":""Seldom""},{""value"":""4.0"",""label"":""Never / almost never""}]"
495,B10JBCHA4,CASI: Whether learns new things through work,numeric,NOMINAL,-9.0 thru -8.0 and -1.0,"[{""value"":""-9.0"",""label"":""Refused""},{""value"":""-8.0"",""label"":""Not known""},{""value"":""-1.0"",""label"":""Not applicable""},{""value"":""1.0"",""label"":""Often""},{""value"":""2.0"",""label"":""Sometimes""},{""value"":""3.0"",""label"":""Seldom""},{""value"":""4.0"",""label"":""Never / almost never""}]"
496,B10JBCHA5,CASI: Whether work demands a high level of skill/expertise,numeric,NOMINAL,-9.0 thru -8.0 and -1.0,"[{""value"":""-9.0"",""label"":""Refused""},{""value"":""-8.0"",""label"":""Not known""},{""value"":""-1.0"",""label"":""Not applicable""},{""value"":""1.0"",""label"":""Often""},{""value"":""2.0"",""label"":""Sometimes""},{""value"":""3.0"",""label"":""Seldom""},{""value"":""4.0"",""label"":""Never / almost never""}]"
497,B10JBCHA6,CASI: Whether has choice in deciding how to do work,numeric,NOMINAL,-9.0 thru -8.0 and -1.0,"[{""value"":""-9.0"",""label"":""Refused""},{""value"":""-8.0"",""label"":""Not known""},{""value"":""-1.0"",""label"":""Not applicable""},{""value"":""1.0"",""label"":""Often""},{""value"":""2.0"",""label"":""Sometimes""},{""value"":""3.0"",""label"":""Seldom""},{""value"":""4.0"",""label"":""Never / almost never""}]"
498,B10JBCHA7,CASI: Whether has choice in deciding what to do at work,numeric,NOMINAL,-9.0 thru -8.0 and -1.0,"[{""value"":""-9.0"",""label"":""Refused""},{""value"":""-8.0"",""label"":""Not known""},{""value"":""-1.0"",""label"":""Not applicable""},{""value"":""1.0"",""label"":""Often""},{""value"":""2.0"",""label"":""Sometimes""},{""value"":""3.0"",""label"":""Seldom""},{""value"":""4.0"",""label"":""Never / almost never""}]"
499,B10JBCHA8,CASI: Whether job provides variety of interesting things,numeric,NOMINAL,-9.0 thru -8.0 and -1.0,"[{""value"":""-9.0"",""label"":""Refused""},{""value"":""-8.0"",""label"":""Not known""},{""value"":""-1.0"",""label"":""Not applicable""},{""value"":""1.0"",""label"":""Often""},{""value"":""2.0"",""label"":""Sometimes""},{""value"":""3.0"",""label"":""Seldom""},{""value"":""4.0"",""label"":""Never / almost never""}]"
500,B10JBCHA9,CASI: Whether different groups demand different things,numeric,NOMINAL,-9.0 thru -8.0 and -1.0,"[{""value"":""-9.0"",""label"":""Refused""},{""value"":""-8.0"",""label"":""Not known""},{""value"":""-1.0"",""label"":""Not applicable""},{""value"":""1.0"",""label"":""Often""},{""value"":""2.0"",""label"":""Sometimes""},{""value"":""3.0"",""label"":""Seldom""},{""value"":""4.0"",""label"":""Never / almost never""}]"
501,B10WRKLFE,CASI: Satisfaction with balance of time at work and doing other things,numeric,NOMINAL,-9.0 thru -8.0 and -1.0,"[{""value"":""-9.0"",""label"":""Refused""},{""value"":""-8.0"",""label"":""Not known""},{""value"":""-1.0"",""label"":""Not applicable""},{""value"":""1.0"",""label"":""Very satisfied""},{""value"":""2.0"",""label"":""Satisfied""},{""value"":""3.0"",""label"":""Neither satisfied nor dissatisfied""},{""value"":""4.0"",""label"":""Fairly dissatisfied""},{""value"":""5.0"",""label"":""Very dissatisfied""}]"
502,B10WRKLFP,CASI: Satisfaction with balance of time partner at work and doing oth things,numeric,NOMINAL,-9.0 thru -8.0 and -1.0,"[{""value"":""-9.0"",""label"":""Refused""},{""value"":""-8.0"",""label"":""Not known""},{""value"":""-1.0"",""label"":""Not applicable""},{""value"":""1.0"",""label"":""Very satisfied""},{""value"":""2.0"",""label"":""Satisfied""},{""value"":""3.0"",""label"":""Neither satisfied nor dissatisfied""},{""value"":""4.0"",""label"":""Fairly dissatisfied""},{""value"":""5.0"",""label"":""Very dissatisfied""}]"
503,B10RELST1,"CASI: Happiness of relationship from 1 to 7 (1=very unhappy, 7=very happy)",numeric,NOMINAL,-9.0 thru -8.0 and -1.0,"[{""value"":""-9.0"",""label"":""Refused""},{""value"":""-8.0"",""label"":""Not known""},{""value"":""-1.0"",""label"":""Not applicable""}]"
504,B10PHLTH,CASI: Rating of partner's health,numeric,NOMINAL,-9.0 thru -8.0 and -1.0,"[{""value"":""-9.0"",""label"":""Refused""},{""value"":""-8.0"",""label"":""Not known""},{""value"":""-1.0"",""label"":""Not applicable""},{""value"":""1.0"",""label"":""Excellent""},{""value"":""2.0"",""label"":""Very good""},{""value"":""3.0"",""label"":""Good""},{""value"":""4.0"",""label"":""Fair""},{""value"":""5.0"",""label"":""Poor""}]"
505,B10DRKFQ,CASI: Frequency of having an alcoholic drink,numeric,NOMINAL,-9.0 thru -8.0 and -1.0,"[{""value"":""-9.0"",""label"":""Refused""},{""value"":""-8.0"",""label"":""Not known""},{""value"":""-1.0"",""label"":""Not applicable""},{""value"":""1.0"",""label"":""Never""},{""value"":""2.0"",""label"":""Monthly or less""},{""value"":""3.0"",""label"":""2-4 times a month""},{""value"":""4.0"",""label"":""2-3 times a week""},{""value"":""5.0"",""label"":""4 or more times a week""}]"
506,B10DRKAN,CASI: Whether ever drunk alcohol,numeric,NOMINAL,-9.0 thru -8.0 and -1.0,"[{""value"":""-9.0"",""label"":""Refused""},{""value"":""-8.0"",""label"":""Not known""},{""value"":""-1.0"",""label"":""Not applicable""},{""value"":""1.0"",""label"":""Yes""},{""value"":""2.0"",""label"":""No""}]"
507,B10DRKDY,CASI: Number of alcoholic drinks consumed on a typical day when drinking,numeric,NOMINAL,-9.0 thru -8.0 and -1.0,"[{""value"":""-9.0"",""label"":""Refused""},{""value"":""-8.0"",""label"":""Not known""},{""value"":""-1.0"",""label"":""Not applicable""},{""value"":""1.0"",""label"":""1-2""},{""value"":""2.0"",""label"":""3-4""},{""value"":""3.0"",""label"":""5-6""},{""value"":""4.0"",""label"":""7-9""},{""value"":""5.0"",""label"":""10+""}]"
508,B10DRKST,CASI: Frequency of not being able to stop drinking once started over last year,numeric,NOMINAL,-9.0 thru -8.0 and -1.0,"[{""value"":""-9.0"",""label"":""Refused""},{""value"":""-8.0"",""label"":""Not known""},{""value"":""-1.0"",""label"":""Not applicable""},{""value"":""1.0"",""label"":""Never""},{""value"":""2.0"",""label"":""Less than monthly""},{""value"":""3.0"",""label"":""Monthly""},{""value"":""4.0"",""label"":""Weekly""},{""value"":""5.0"",""label"":""Daily or almost daily""}]"
509,B10DRKFL,CASI: Frequency of failing to do what was expected due to drinking in last yr,numeric,NOMINAL,-9.0 thru -8.0 and -1.0,"[{""value"":""-9.0"",""label"":""Refused""},{""value"":""-8.0"",""label"":""Not known""},{""value"":""-1.0"",""label"":""Not applicable""},{""value"":""1.0"",""label"":""Never""},{""value"":""2.0"",""label"":""Less than monthly""},{""value"":""3.0"",""label"":""Monthly""},{""value"":""4.0"",""label"":""Weekly""},{""value"":""5.0"",""label"":""Daily or almost daily""}]"
510,B10DRKWR,CASI: Has a relative/friend/health worker been concerned about their drinking,numeric,NOMINAL,-9.0 thru -8.0 and -1.0,"[{""value"":""-9.0"",""label"":""Refused""},{""value"":""-8.0"",""label"":""Not known""},{""value"":""-1.0"",""label"":""Not applicable""},{""value"":""1.0"",""label"":""No""},{""value"":""2.0"",""label"":""Yes, but not in the last year""},{""value"":""3.0"",""label"":""Yes, during the last year""}]"
511,B10MHPRB1,"CASI: Seen Dr/specialist due to feeling low, depressed or sad",numeric,NOMINAL,-9.0 thru -8.0 and -1.0,"[{""value"":""-9.0"",""label"":""Refused""},{""value"":""-8.0"",""label"":""Not known""},{""value"":""-1.0"",""label"":""Not applicable""},{""value"":""1.0"",""label"":""Yes""},{""value"":""2.0"",""label"":""No""}]"
512,B10MHPRB2,CASI: Seen Dr/specialist due to feeling generally anxious or jittery,numeric,NOMINAL,-9.0 thru -8.0 and -1.0,"[{""value"":""-9.0"",""label"":""Refused""},{""value"":""-8.0"",""label"":""Not known""},{""value"":""-1.0"",""label"":""Not applicable""},{""value"":""1.0"",""label"":""Yes""},{""value"":""2.0"",""label"":""No""}]"
513,B10MHPRB3,CASI: Seen Dr/specialist due to feeling anxious/scared abt objects/situations,numeric,NOMINAL,-9.0 thru -8.0 and -1.0,"[{""value"":""-9.0"",""label"":""Refused""},{""value"":""-8.0"",""label"":""Not known""},{""value"":""-1.0"",""label"":""Not applicable""},{""value"":""1.0"",""label"":""Yes""},{""value"":""2.0"",""label"":""No""}]"
514,B10MHPRB4,CASI: Seen Dr/specialist due to feeling compelled to repeat actions/thoughts,numeric,NOMINAL,-9.0 thru -8.0 and -1.0,"[{""value"":""-9.0"",""label"":""Refused""},{""value"":""-8.0"",""label"":""Not known""},{""value"":""-1.0"",""label"":""Not applicable""},{""value"":""1.0"",""label"":""Yes""},{""value"":""2.0"",""label"":""No""}]"
515,B10MHPRB5,"CASI: Seen Dr/specialist due to hearing or seeing things, that others haven't",numeric,NOMINAL,-9.0 thru -8.0 and -1.0,"[{""value"":""-9.0"",""label"":""Refused""},{""value"":""-8.0"",""label"":""Not known""},{""value"":""-1.0"",""label"":""Not applicable""},{""value"":""1.0"",""label"":""Yes""},{""value"":""2.0"",""label"":""No""}]"
516,B10MHPRB6,"CASI: Seen Dr/specialist due to other probs with mood, emotions or behaviour",numeric,NOMINAL,-9.0 thru -8.0 and -1.0,"[{""value"":""-9.0"",""label"":""Refused""},{""value"":""-8.0"",""label"":""Not known""},{""value"":""-1.0"",""label"":""Not applicable""},{""value"":""1.0"",""label"":""Yes""},{""value"":""2.0"",""label"":""No""}]"
517,B10MHSTL1,"CASI: Whether still feels low, depressed or sad",numeric,NOMINAL,-9.0 thru -8.0 and -1.0,"[{""value"":""-9.0"",""label"":""Refused""},{""value"":""-8.0"",""label"":""Not known""},{""value"":""-1.0"",""label"":""Not applicable""},{""value"":""1.0"",""label"":""Yes, most of the time""},{""value"":""2.0"",""label"":""Yes, occasionally""},{""value"":""3.0"",""label"":""No""}]"
518,B10MHSTL2,CASI: Whether still feels anxious or jittery,numeric,NOMINAL,-9.0 thru -8.0 and -1.0,"[{""value"":""-9.0"",""label"":""Refused""},{""value"":""-8.0"",""label"":""Not known""},{""value"":""-1.0"",""label"":""Not applicable""},{""value"":""1.0"",""label"":""Yes, most of the time""},{""value"":""2.0"",""label"":""Yes, occasionally""},{""value"":""3.0"",""label"":""No""}]"
519,B10MHSTL3,CASI: Whether still feels anxious or scared about objects or situations,numeric,NOMINAL,-9.0 thru -8.0 and -1.0,"[{""value"":""-9.0"",""label"":""Refused""},{""value"":""-8.0"",""label"":""Not known""},{""value"":""-1.0"",""label"":""Not applicable""},{""value"":""1.0"",""label"":""Yes, most of the time""},{""value"":""2.0"",""label"":""Yes, occasionally""},{""value"":""3.0"",""label"":""No""}]"
520,B10MHSTL4,CASI: Whether still feels compelled to repeat certain actions or thoughts,numeric,NOMINAL,-9.0 thru -8.0 and -1.0,"[{""value"":""-9.0"",""label"":""Refused""},{""value"":""-8.0"",""label"":""Not known""},{""value"":""-1.0"",""label"":""Not applicable""},{""value"":""1.0"",""label"":""Yes, most of the time""},{""value"":""2.0"",""label"":""Yes, occasionally""},{""value"":""3.0"",""label"":""No""}]"
521,B10MHSTL5,"CASI: Whether still hears or sees things, that other people haven't",numeric,NOMINAL,-9.0 thru -8.0 and -1.0,"[{""value"":""-9.0"",""label"":""Refused""},{""value"":""-8.0"",""label"":""Not known""},{""value"":""-1.0"",""label"":""Not applicable""},{""value"":""1.0"",""label"":""Yes, most of the time""},{""value"":""2.0"",""label"":""Yes, occasionally""},{""value"":""3.0"",""label"":""No""}]"
522,B10MHSTL6,"CASI: Whether still has other problems affecting mood, emotions or behaviour",numeric,NOMINAL,-9.0 thru -8.0 and -1.0,"[{""value"":""-9.0"",""label"":""Refused""},{""value"":""-8.0"",""label"":""Not known""},{""value"":""-1.0"",""label"":""Not applicable""},{""value"":""1.0"",""label"":""Yes, most of the time""},{""value"":""2.0"",""label"":""Yes, occasionally""},{""value"":""3.0"",""label"":""No""}]"
523,B10MHSPC1,"CASI: Whether seen a Dr about feeling low, depressed or sad",numeric,NOMINAL,-9.0 thru -8.0 and -1.0,"[{""value"":""-9.0"",""label"":""Refused""},{""value"":""-8.0"",""label"":""Not known""},{""value"":""-1.0"",""label"":""Not applicable""},{""value"":""1.0"",""label"":""Yes""},{""value"":""2.0"",""label"":""No""}]"
524,B10MHSPC2,CASI: Whether seen a Dr about feeling anxious or jittery,numeric,NOMINAL,-9.0 thru -8.0 and -1.0,"[{""value"":""-9.0"",""label"":""Refused""},{""value"":""-8.0"",""label"":""Not known""},{""value"":""-1.0"",""label"":""Not applicable""},{""value"":""1.0"",""label"":""Yes""},{""value"":""2.0"",""label"":""No""}]"
525,B10MHSPC3,CASI: Whether seen a Dr about feeling anxious/scared about objects/situations,numeric,NOMINAL,-9.0 thru -8.0 and -1.0,"[{""value"":""-9.0"",""label"":""Refused""},{""value"":""-8.0"",""label"":""Not known""},{""value"":""-1.0"",""label"":""Not applicable""},{""value"":""1.0"",""label"":""Yes""},{""value"":""2.0"",""label"":""No""}]"
526,B10MHSPC4,CASI: Whether seen a Dr about feeling compelled to repeat actions or thoughts,numeric,NOMINAL,-9.0 thru -8.0 and -1.0,"[{""value"":""-9.0"",""label"":""Refused""},{""value"":""-8.0"",""label"":""Not known""},{""value"":""-1.0"",""label"":""Not applicable""},{""value"":""1.0"",""label"":""Yes""},{""value"":""2.0"",""label"":""No""}]"
527,B10MHSPC5,CASI: Whether seen a Dr about hearing/seeing things that other people haven't,numeric,NOMINAL,-9.0 thru -8.0 and -1.0,"[{""value"":""-9.0"",""label"":""Refused""},{""value"":""-8.0"",""label"":""Not known""},{""value"":""-1.0"",""label"":""Not applicable""},{""value"":""1.0"",""label"":""Yes""},{""value"":""2.0"",""label"":""No""}]"
528,B10MHSPC6,"CASI: Whether seen a Dr about other problems with mood, emotions or behaviour",numeric,NOMINAL,-9.0 thru -8.0 and -1.0,"[{""value"":""-9.0"",""label"":""Refused""},{""value"":""-8.0"",""label"":""Not known""},{""value"":""-1.0"",""label"":""Not applicable""},{""value"":""1.0"",""label"":""Yes""},{""value"":""2.0"",""label"":""No""}]"
529,B10DCHANY,CASI: Whether have had any (other) children that have died,numeric,NOMINAL,-9.0 thru -8.0 and -1.0,"[{""value"":""-9.0"",""label"":""Refused""},{""value"":""-8.0"",""label"":""Not known""},{""value"":""-1.0"",""label"":""Not applicable""},{""value"":""1.0"",""label"":""Yes""},{""value"":""2.0"",""label"":""No""}]"
530,B10DCHMNY,CASI: Number of children of CM that have died,numeric,NOMINAL,-9.0 thru -8.0 and -1.0,"[{""value"":""-9.0"",""label"":""Refused""},{""value"":""-8.0"",""label"":""Not known""},{""value"":""-1.0"",""label"":""Not applicable""}]"
531,B10EVPGSB,CASI: Whether had still-birth/miscarriage/termination,numeric,NOMINAL,-9.0 thru -8.0 and -1.0,"[{""value"":""-9.0"",""label"":""Refused""},{""value"":""-8.0"",""label"":""Not known""},{""value"":""-1.0"",""label"":""Not applicable""},{""value"":""1.0"",""label"":""Yes""},{""value"":""2.0"",""label"":""No""}]"
532,B10PGSBMY,CASI: Number of times have had still-birth/miscarriage/ termination,numeric,NOMINAL,-9.0 thru -8.0 and -1.0,"[{""value"":""-9.0"",""label"":""Refused""},{""value"":""-8.0"",""label"":""Not known""},{""value"":""-1.0"",""label"":""Not applicable""}]"
533,B10GYNP01,CASI: Gynaecological probs in last 4 years: Heavy periods,numeric,NOMINAL,-9.0 thru -8.0 and -1.0,"[{""value"":""-9.0"",""label"":""Refused""},{""value"":""-8.0"",""label"":""Not known""},{""value"":""-1.0"",""label"":""Not applicable""},{""value"":""1.0"",""label"":""Yes""},{""value"":""2.0"",""label"":""No""}]"
534,B10GYNP02,CASI: Gynaecological probs in last 4 years: Painful periods,numeric,NOMINAL,-9.0 thru -8.0 and -1.0,"[{""value"":""-9.0"",""label"":""Refused""},{""value"":""-8.0"",""label"":""Not known""},{""value"":""-1.0"",""label"":""Not applicable""},{""value"":""1.0"",""label"":""Yes""},{""value"":""2.0"",""label"":""No""}]"
535,B10GYNP03,CASI: Gynaecological probs in last 4 years: Bleeding at irregular intervals,numeric,NOMINAL,-9.0 thru -8.0 and -1.0,"[{""value"":""-9.0"",""label"":""Refused""},{""value"":""-8.0"",""label"":""Not known""},{""value"":""-1.0"",""label"":""Not applicable""},{""value"":""1.0"",""label"":""Yes""},{""value"":""2.0"",""label"":""No""}]"
536,B10GYNP04,CASI: Gynaecological probs in last 4 years: Bleeding between periods,numeric,NOMINAL,-9.0 thru -8.0 and -1.0,"[{""value"":""-9.0"",""label"":""Refused""},{""value"":""-8.0"",""label"":""Not known""},{""value"":""-1.0"",""label"":""Not applicable""},{""value"":""1.0"",""label"":""Yes""},{""value"":""2.0"",""label"":""No""}]"
537,B10GYNP05,"CASI: Gynaecological probs in last 4 years: Pre-menstrual tension, PMT or PMS",numeric,NOMINAL,-9.0 thru -8.0 and -1.0,"[{""value"":""-9.0"",""label"":""Refused""},{""value"":""-8.0"",""label"":""Not known""},{""value"":""-1.0"",""label"":""Not applicable""},{""value"":""1.0"",""label"":""Yes""},{""value"":""2.0"",""label"":""No""}]"
538,B10GYNP06,CASI: Gynaecological probs in last 4 years: Endometriosis,numeric,NOMINAL,-9.0 thru -8.0 and -1.0,"[{""value"":""-9.0"",""label"":""Refused""},{""value"":""-8.0"",""label"":""Not known""},{""value"":""-1.0"",""label"":""Not applicable""},{""value"":""1.0"",""label"":""Yes""},{""value"":""2.0"",""label"":""No""}]"
539,B10GYNP07,CASI: Gynaecological probs in last 4 years: Pelvic infection,numeric,NOMINAL,-9.0 thru -8.0 and -1.0,"[{""value"":""-9.0"",""label"":""Refused""},{""value"":""-8.0"",""label"":""Not known""},{""value"":""-1.0"",""label"":""Not applicable""},{""value"":""1.0"",""label"":""Yes""},{""value"":""2.0"",""label"":""No""}]"
540,B10GYNP08,CASI: Gynaecological probs in last 4 years: Pelvic pain,numeric,NOMINAL,-9.0 thru -8.0 and -1.0,"[{""value"":""-9.0"",""label"":""Refused""},{""value"":""-8.0"",""label"":""Not known""},{""value"":""-1.0"",""label"":""Not applicable""},{""value"":""1.0"",""label"":""Yes""},{""value"":""2.0"",""label"":""No""}]"
541,B10GYNP09,CASI: Gynaecological probs in last 4 years: Ovarian cysts,numeric,NOMINAL,-9.0 thru -8.0 and -1.0,"[{""value"":""-9.0"",""label"":""Refused""},{""value"":""-8.0"",""label"":""Not known""},{""value"":""-1.0"",""label"":""Not applicable""},{""value"":""1.0"",""label"":""Yes""},{""value"":""2.0"",""label"":""No""}]"
542,B10GYNP10,CASI: Gynaecological probs in last 4 years: Vaginal discharge,numeric,NOMINAL,-9.0 thru -8.0 and -1.0,"[{""value"":""-9.0"",""label"":""Refused""},{""value"":""-8.0"",""label"":""Not known""},{""value"":""-1.0"",""label"":""Not applicable""},{""value"":""1.0"",""label"":""Yes""},{""value"":""2.0"",""label"":""No""}]"
543,B10GYNP11,CASI: Gynaecological probs in last 4 years: Painful intercourse,numeric,NOMINAL,-9.0 thru -8.0 and -1.0,"[{""value"":""-9.0"",""label"":""Refused""},{""value"":""-8.0"",""label"":""Not known""},{""value"":""-1.0"",""label"":""Not applicable""},{""value"":""1.0"",""label"":""Yes""},{""value"":""2.0"",""label"":""No""}]"
544,B10GYNP12,CASI: Gynaecological probs in last 4 years: Incontinence of urine,numeric,NOMINAL,-9.0 thru -8.0 and -1.0,"[{""value"":""-9.0"",""label"":""Refused""},{""value"":""-8.0"",""label"":""Not known""},{""value"":""-1.0"",""label"":""Not applicable""},{""value"":""1.0"",""label"":""Yes""},{""value"":""2.0"",""label"":""No""}]"
545,B10GYNP13,CASI: Gynaecological probs in last 4 years: Prolapse,numeric,NOMINAL,-9.0 thru -8.0 and -1.0,"[{""value"":""-9.0"",""label"":""Refused""},{""value"":""-8.0"",""label"":""Not known""},{""value"":""-1.0"",""label"":""Not applicable""},{""value"":""1.0"",""label"":""Yes""},{""value"":""2.0"",""label"":""No""}]"
546,B10GYNP14,CASI: Gynaecological probs in last 4 years: Fibroids,numeric,NOMINAL,-9.0 thru -8.0 and -1.0,"[{""value"":""-9.0"",""label"":""Refused""},{""value"":""-8.0"",""label"":""Not known""},{""value"":""-1.0"",""label"":""Not applicable""},{""value"":""1.0"",""label"":""Yes""},{""value"":""2.0"",""label"":""No""}]"
547,B10GYNP15,CASI: Gynaecological probs in last 4 years: Other period/gynaecological prob,numeric,NOMINAL,-9.0 thru -8.0 and -1.0,"[{""value"":""-9.0"",""label"":""Refused""},{""value"":""-8.0"",""label"":""Not known""},{""value"":""-1.0"",""label"":""Not applicable""},{""value"":""1.0"",""label"":""Yes""},{""value"":""2.0"",""label"":""No""}]"
548,B10CONTRC,CASI: Taken oral contraceptive/had contraceptive injection/implant in last yr,numeric,NOMINAL,-9.0 thru -8.0 and -1.0,"[{""value"":""-9.0"",""label"":""Refused""},{""value"":""-8.0"",""label"":""Not known""},{""value"":""-1.0"",""label"":""Not applicable""},{""value"":""1.0"",""label"":""Yes""},{""value"":""2.0"",""label"":""No""}]"
549,B10CONTYP,CASI: Type of contraceptive taken in last year,numeric,NOMINAL,-9.0 thru -8.0 and -1.0,"[{""value"":""-9.0"",""label"":""Refused""},{""value"":""-8.0"",""label"":""Not known""},{""value"":""-1.0"",""label"":""Not applicable""},{""value"":""1.0"",""label"":""Injection""},{""value"":""2.0"",""label"":""Mini pill (progestogen only)""},{""value"":""3.0"",""label"":""Combined pill""},{""value"":""4.0"",""label"":""Implant""}]"
550,B10OVOP,CASI: Whether had an operation to remove one or both ovaries,numeric,NOMINAL,-9.0 thru -8.0 and -1.0,"[{""value"":""-9.0"",""label"":""Refused""},{""value"":""-8.0"",""label"":""Not known""},{""value"":""-1.0"",""label"":""Not applicable""},{""value"":""1.0"",""label"":""Removal of one ovary (oophorectomy)""},{""value"":""2.0"",""label"":""Removal of both ovaries""},{""value"":""3.0"",""label"":""Neither of these""}]"
551,B10OVOP42,CASI: Whether had an operation to remove remaining ovary,numeric,NOMINAL,-9.0 thru -8.0 and -1.0,"[{""value"":""-9.0"",""label"":""Refused""},{""value"":""-8.0"",""label"":""Not known""},{""value"":""-1.0"",""label"":""Not applicable""},{""value"":""1.0"",""label"":""Yes""},{""value"":""2.0"",""label"":""No""}]"
552,B10HYSTOP,CASI: Whether had an operation to remove uterus (womb),numeric,NOMINAL,-9.0 thru -8.0 and -1.0,"[{""value"":""-9.0"",""label"":""Refused""},{""value"":""-8.0"",""label"":""Not known""},{""value"":""-1.0"",""label"":""Not applicable""},{""value"":""1.0"",""label"":""Yes""},{""value"":""2.0"",""label"":""No""}]"
553,B10HYOV1P,CASI: Whether ovary and uterus removed in one operation or separately,numeric,NOMINAL,-9.0 thru -8.0 and -1.0,"[{""value"":""-9.0"",""label"":""Refused""},{""value"":""-8.0"",""label"":""Not known""},{""value"":""-1.0"",""label"":""Not applicable""},{""value"":""1.0"",""label"":""At the same time""},{""value"":""2.0"",""label"":""Separately""}]"
554,B10HYOV2P,CASI: Whether ovaries and uterus removed in one operation or separately,numeric,NOMINAL,-9.0 thru -8.0 and -1.0,"[{""value"":""-9.0"",""label"":""Refused""},{""value"":""-8.0"",""label"":""Not known""},{""value"":""-1.0"",""label"":""Not applicable""},{""value"":""1.0"",""label"":""At the same time""},{""value"":""2.0"",""label"":""Separately""}]"
555,B10DOOV1,CASI (Derived in CASI): Whether had one ovary removed in seperate operation,numeric,NOMINAL,-9.0 thru -8.0 and -1.0,"[{""value"":""-9.0"",""label"":""Refused""},{""value"":""-8.0"",""label"":""Not known""},{""value"":""-1.0"",""label"":""Not applicable""},{""value"":""1.0"",""label"":""Yes""},{""value"":""2.0"",""label"":""No""}]"
556,B10DOOV2,CASI (Derived in CASI): Whether had both ovaries removed in seperate operation,numeric,NOMINAL,-9.0 thru -8.0 and -1.0,"[{""value"":""-9.0"",""label"":""Refused""},{""value"":""-8.0"",""label"":""Not known""},{""value"":""-1.0"",""label"":""Not applicable""},{""value"":""1.0"",""label"":""Yes""},{""value"":""2.0"",""label"":""No""}]"
557,B10DWOMB1,CASI (Derived in CASI): Whether had womb removed in seperate operation,numeric,NOMINAL,-9.0 thru -8.0 and -1.0,"[{""value"":""-9.0"",""label"":""Refused""},{""value"":""-8.0"",""label"":""Not known""},{""value"":""-1.0"",""label"":""Not applicable""},{""value"":""1.0"",""label"":""Yes""},{""value"":""2.0"",""label"":""No""}]"
558,B10DWOMB2,CASI (Derived in CASI): Whether had ovaries and womb removed at same time,numeric,NOMINAL,-9.0 thru -8.0 and -1.0,"[{""value"":""-9.0"",""label"":""Refused""},{""value"":""-8.0"",""label"":""Not known""},{""value"":""-1.0"",""label"":""Not applicable""},{""value"":""1.0"",""label"":""Yes""},{""value"":""2.0"",""label"":""No""}]"
559,B10OVAGE,CASI: Age when had operation for the removal of one ovary (oophorectomy),numeric,SCALE,-9.0 thru -8.0 and -1.0,"[{""value"":""-9.0"",""label"":""Refused""},{""value"":""-8.0"",""label"":""Not known""},{""value"":""-1.0"",""label"":""Not applicable""}]"
560,B10OVMTH,CASI: Month of operation to remove one ovary (oophorectomy),numeric,NOMINAL,-9.0 thru -8.0 and -1.0,"[{""value"":""-9.0"",""label"":""Refused""},{""value"":""-8.0"",""label"":""Not known""},{""value"":""-1.0"",""label"":""Not applicable""},{""value"":""1.0"",""label"":""January""},{""value"":""2.0"",""label"":""February""},{""value"":""3.0"",""label"":""March""},{""value"":""4.0"",""label"":""April""},{""value"":""5.0"",""label"":""May""},{""value"":""6.0"",""label"":""June""},{""value"":""7.0"",""label"":""July""},{""value"":""8.0"",""label"":""August""},{""value"":""9.0"",""label"":""September""},{""value"":""10.0"",""label"":""October""},{""value"":""11.0"",""label"":""November""},{""value"":""12.0"",""label"":""December""}]"
561,B10OV2AGE,CASI: Age when had operation to remove both ovaries (bilateral oophorectomy),numeric,SCALE,-9.0 thru -8.0 and -1.0,"[{""value"":""-9.0"",""label"":""Refused""},{""value"":""-8.0"",""label"":""Not known""},{""value"":""-1.0"",""label"":""Not applicable""}]"
562,B10OV2MTH,CASI: What month was operation to remove both ovaries (bilateral oophorectomy),numeric,NOMINAL,-9.0 thru -8.0 and -1.0,"[{""value"":""-9.0"",""label"":""Refused""},{""value"":""-8.0"",""label"":""Not known""},{""value"":""-1.0"",""label"":""Not applicable""},{""value"":""1.0"",""label"":""January""},{""value"":""2.0"",""label"":""February""},{""value"":""3.0"",""label"":""March""},{""value"":""4.0"",""label"":""April""},{""value"":""5.0"",""label"":""May""},{""value"":""6.0"",""label"":""June""},{""value"":""7.0"",""label"":""July""},{""value"":""8.0"",""label"":""August""},{""value"":""9.0"",""label"":""September""},{""value"":""10.0"",""label"":""October""},{""value"":""11.0"",""label"":""November""},{""value"":""12.0"",""label"":""December""}]"
563,B10OV2DATM,CASI (Derived in CASI): Date of bliateral oophorectomy - Month,numeric,NOMINAL,-9.0 thru -8.0 and -1.0,"[{""value"":""-9.0"",""label"":""Not answered""},{""value"":""-8.0"",""label"":""Not known""},{""value"":""-1.0"",""label"":""Not applicable""},{""value"":""1.0"",""label"":""January""},{""value"":""2.0"",""label"":""February""},{""value"":""3.0"",""label"":""March""},{""value"":""4.0"",""label"":""April""},{""value"":""5.0"",""label"":""May""},{""value"":""6.0"",""label"":""June""},{""value"":""7.0"",""label"":""July""},{""value"":""8.0"",""label"":""August""},{""value"":""9.0"",""label"":""September""},{""value"":""10.0"",""label"":""October""},{""value"":""11.0"",""label"":""November""},{""value"":""12.0"",""label"":""December""}]"
564,B10OV2DATY,CASI (Derived in CASI): Date of bliateral oophorectomy - Year,numeric,SCALE,-9.0 thru -8.0 and -1.0,"[{""value"":""-9.0"",""label"":""Not answered""},{""value"":""-8.0"",""label"":""Not known""},{""value"":""-1.0"",""label"":""Not applicable""}]"
565,B10OVLAST,CASI: Whether CM had bilateral oophorectomy in last 12 months,numeric,NOMINAL,-9.0 thru -8.0 and -1.0,"[{""value"":""-9.0"",""label"":""Refused""},{""value"":""-8.0"",""label"":""Not known""},{""value"":""-1.0"",""label"":""Not applicable""},{""value"":""1.0"",""label"":""yes""},{""value"":""2.0"",""label"":""no""}]"
566,B10HYAGE,CASI: Age when had operation for the removal of uterus (womb) (a hysterectomy),numeric,SCALE,-9.0 thru -8.0 and -1.0,"[{""value"":""-9.0"",""label"":""Refused""},{""value"":""-8.0"",""label"":""Not known""},{""value"":""-1.0"",""label"":""Not applicable""}]"
567,B10HYMTH,CASI: What month was operation to remove uterus (womb) (a hysterectomy),numeric,NOMINAL,-9.0 thru -8.0 and -1.0,"[{""value"":""-9.0"",""label"":""Refused""},{""value"":""-8.0"",""label"":""Not known""},{""value"":""-1.0"",""label"":""Not applicable""},{""value"":""1.0"",""label"":""January""},{""value"":""2.0"",""label"":""February""},{""value"":""3.0"",""label"":""March""},{""value"":""4.0"",""label"":""April""},{""value"":""5.0"",""label"":""May""},{""value"":""6.0"",""label"":""June""},{""value"":""7.0"",""label"":""July""},{""value"":""8.0"",""label"":""August""},{""value"":""9.0"",""label"":""September""},{""value"":""10.0"",""label"":""October""},{""value"":""11.0"",""label"":""November""},{""value"":""12.0"",""label"":""December""}]"
568,B10HYDATM,CASI (Derived in CASI): Date of hysterectomy - Month,numeric,NOMINAL,-9.0 thru -8.0 and -1.0,"[{""value"":""-9.0"",""label"":""Not answered""},{""value"":""-8.0"",""label"":""Not known""},{""value"":""-1.0"",""label"":""Not applicable""},{""value"":""1.0"",""label"":""January""},{""value"":""2.0"",""label"":""February""},{""value"":""3.0"",""label"":""March""},{""value"":""4.0"",""label"":""April""},{""value"":""5.0"",""label"":""May""},{""value"":""6.0"",""label"":""June""},{""value"":""7.0"",""label"":""July""},{""value"":""8.0"",""label"":""August""},{""value"":""9.0"",""label"":""September""},{""value"":""10.0"",""label"":""October""},{""value"":""11.0"",""label"":""November""},{""value"":""12.0"",""label"":""December""}]"
569,B10HYDATY,CASI (Derived in CASI): Date of hysterectomy - Year,numeric,SCALE,-9.0 thru -8.0 and -1.0,"[{""value"":""-9.0"",""label"":""Not answered""},{""value"":""-8.0"",""label"":""Not known""},{""value"":""-1.0"",""label"":""Not applicable""}]"
570,B10HYLAST,CASI: Whether CM had hysterectomy in last 12 months,numeric,NOMINAL,-9.0 thru -8.0 and -1.0,"[{""value"":""-9.0"",""label"":""Refused""},{""value"":""-8.0"",""label"":""Not known""},{""value"":""-1.0"",""label"":""Not applicable""},{""value"":""1.0"",""label"":""Yes""},{""value"":""2.0"",""label"":""No""}]"
571,B10HYOVAG,CASI: Age when had op for the removal of uterus (womb) and one/both ovaries,numeric,SCALE,-9.0 thru -8.0 and -1.0,"[{""value"":""-9.0"",""label"":""Refused""},{""value"":""-8.0"",""label"":""Not known""},{""value"":""-1.0"",""label"":""Not applicable""}]"
572,B10HYOVMT,CASI: What month was operation to remove uterus (womb) and one/both ovaries,numeric,NOMINAL,-9.0 thru -8.0 and -1.0,"[{""value"":""-9.0"",""label"":""Refused""},{""value"":""-8.0"",""label"":""Not known""},{""value"":""-1.0"",""label"":""Not applicable""},{""value"":""1.0"",""label"":""January""},{""value"":""2.0"",""label"":""February""},{""value"":""3.0"",""label"":""March""},{""value"":""4.0"",""label"":""April""},{""value"":""5.0"",""label"":""May""},{""value"":""6.0"",""label"":""June""},{""value"":""7.0"",""label"":""July""},{""value"":""8.0"",""label"":""August""},{""value"":""9.0"",""label"":""September""},{""value"":""10.0"",""label"":""October""},{""value"":""11.0"",""label"":""November""},{""value"":""12.0"",""label"":""December""}]"
573,B10HYOVDM,CASI (Derived in CASI): Date of combined hysterectomy & oophorectomy - Month,numeric,NOMINAL,-9.0 thru -8.0 and -1.0,"[{""value"":""-9.0"",""label"":""Not answered""},{""value"":""-8.0"",""label"":""Not known""},{""value"":""-1.0"",""label"":""Not applicable""},{""value"":""1.0"",""label"":""January""},{""value"":""2.0"",""label"":""February""},{""value"":""3.0"",""label"":""March""},{""value"":""4.0"",""label"":""April""},{""value"":""5.0"",""label"":""May""},{""value"":""6.0"",""label"":""June""},{""value"":""7.0"",""label"":""July""},{""value"":""8.0"",""label"":""August""},{""value"":""9.0"",""label"":""September""},{""value"":""10.0"",""label"":""October""},{""value"":""11.0"",""label"":""November""},{""value"":""12.0"",""label"":""December""}]"
574,B10HYOVDY,CASI (Derived in CASI): Date of combined hysterectomy & oophorectomy - Year,numeric,SCALE,-9.0 thru -8.0 and -1.0,"[{""value"":""-9.0"",""label"":""Not answered""},{""value"":""-8.0"",""label"":""Not known""},{""value"":""-1.0"",""label"":""Not applicable""}]"
575,B10HYOVLT,CASI: Whether CM had combined hysterectomy & oophorectomy in last 12 months,numeric,NOMINAL,-9.0 thru -8.0 and -1.0,"[{""value"":""-9.0"",""label"":""Refused""},{""value"":""-8.0"",""label"":""Not known""},{""value"":""-1.0"",""label"":""Not applicable""},{""value"":""1.0"",""label"":""Yes""},{""value"":""2.0"",""label"":""No""}]"
576,B10AGEFP,CASI: Age of first period,numeric,SCALE,-9.0 thru -8.0 and -1.0,"[{""value"":""-9.0"",""label"":""Refused""},{""value"":""-8.0"",""label"":""Not known""},{""value"":""-7.0"",""label"":""Never had a period""},{""value"":""-1.0"",""label"":""Not applicable""}]"
577,B10MEN12M,CASI: In the last 12 months whether had a period or menstrual bleeding,numeric,NOMINAL,-9.0 thru -8.0 and -1.0,"[{""value"":""-9.0"",""label"":""Refused""},{""value"":""-8.0"",""label"":""Not known""},{""value"":""-1.0"",""label"":""Not applicable""},{""value"":""1.0"",""label"":""Yes""},{""value"":""2.0"",""label"":""No""}]"
578,B10MNSTP1,CASI: Main reason periods stopped: No obvious reason /menopause,numeric,NOMINAL,-9.0 thru -8.0 and -1.0,"[{""value"":""-9.0"",""label"":""Refused""},{""value"":""-8.0"",""label"":""Not known""},{""value"":""-1.0"",""label"":""Not applicable""},{""value"":""0.0"",""label"":""No""},{""value"":""1.0"",""label"":""Yes""}]"
579,B10MNSTP2,CASI: Main reason periods stopped: Pregnancy or breast feeding,numeric,NOMINAL,-9.0 thru -8.0 and -1.0,"[{""value"":""-9.0"",""label"":""Refused""},{""value"":""-8.0"",""label"":""Not known""},{""value"":""-1.0"",""label"":""Not applicable""},{""value"":""0.0"",""label"":""No""},{""value"":""1.0"",""label"":""Yes""}]"
580,B10MNSTP3,CASI: Main reason periods stopped: Surgery,numeric,NOMINAL,-9.0 thru -8.0 and -1.0,"[{""value"":""-9.0"",""label"":""Refused""},{""value"":""-8.0"",""label"":""Not known""},{""value"":""-1.0"",""label"":""Not applicable""},{""value"":""0.0"",""label"":""No""},{""value"":""1.0"",""label"":""Yes""}]"
581,B10MNSTP4,CASI: Main reason periods stopped: Chemotherapy or radiation therapy,numeric,NOMINAL,-9.0 thru -8.0 and -1.0,"[{""value"":""-9.0"",""label"":""Refused""},{""value"":""-8.0"",""label"":""Not known""},{""value"":""-1.0"",""label"":""Not applicable""},{""value"":""0.0"",""label"":""No""},{""value"":""1.0"",""label"":""Yes""}]"
582,B10MNSTP5,CASI: Main reason periods stopped: Other (please specify),numeric,NOMINAL,-9.0 thru -8.0 and -1.0,"[{""value"":""-9.0"",""label"":""Refused""},{""value"":""-8.0"",""label"":""Not known""},{""value"":""-1.0"",""label"":""Not applicable""},{""value"":""0.0"",""label"":""No""},{""value"":""1.0"",""label"":""Yes""}]"
583,B10MNSTP50,CASI: Main reason periods stopped: Coil fitted / contraceptives,numeric,NOMINAL,-9.0 thru -8.0 and -1.0,"[{""value"":""-9.0"",""label"":""Refused""},{""value"":""-8.0"",""label"":""Not known""},{""value"":""-1.0"",""label"":""Not applicable""},{""value"":""0.0"",""label"":""No""},{""value"":""1.0"",""label"":""Yes""}]"
584,B10MNSTP94,CASI: Main reason periods stopped: Other specific answer,numeric,NOMINAL,-9.0 thru -8.0 and -1.0,"[{""value"":""-9.0"",""label"":""Refused""},{""value"":""-8.0"",""label"":""Not known""},{""value"":""-1.0"",""label"":""Not applicable""},{""value"":""0.0"",""label"":""No""},{""value"":""1.0"",""label"":""Yes""}]"
585,B10MNSTP95,CASI: Main reason periods stopped: Vague / Irrelevant answer,numeric,NOMINAL,-9.0 thru -8.0 and -1.0,"[{""value"":""-9.0"",""label"":""Refused""},{""value"":""-8.0"",""label"":""Not known""},{""value"":""-1.0"",""label"":""Not applicable""},{""value"":""0.0"",""label"":""No""},{""value"":""1.0"",""label"":""Yes""}]"
586,B10MEN3M,CASI: In the last 3 months whether had a period or menstrual bleeding,numeric,NOMINAL,-9.0 thru -8.0 and -1.0,"[{""value"":""-9.0"",""label"":""Refused""},{""value"":""-8.0"",""label"":""Not known""},{""value"":""-1.0"",""label"":""Not applicable""},{""value"":""1.0"",""label"":""Yes""},{""value"":""2.0"",""label"":""No""}]"
587,B10MENAGE,CASI: Age when had last period,numeric,SCALE,-9.0 thru -8.0 and -1.0,"[{""value"":""-9.0"",""label"":""Refused""},{""value"":""-8.0"",""label"":""Not known""},{""value"":""-1.0"",""label"":""Not applicable""}]"
588,B10MENMTH,CASI: And what was the month of your last period?,numeric,NOMINAL,-9.0 thru -8.0 and -1.0,"[{""value"":""-9.0"",""label"":""Refused""},{""value"":""-8.0"",""label"":""Not known""},{""value"":""-1.0"",""label"":""Not applicable""},{""value"":""1.0"",""label"":""January""},{""value"":""2.0"",""label"":""February""},{""value"":""3.0"",""label"":""March""},{""value"":""4.0"",""label"":""April""},{""value"":""5.0"",""label"":""May""},{""value"":""6.0"",""label"":""June""},{""value"":""7.0"",""label"":""July""},{""value"":""8.0"",""label"":""August""},{""value"":""9.0"",""label"":""September""},{""value"":""10.0"",""label"":""October""},{""value"":""11.0"",""label"":""November""},{""value"":""12.0"",""label"":""December""}]"
589,B10MENTYP,CASI: Whether periods changed regularity in last few years/before last period,numeric,NOMINAL,-9.0 thru -8.0 and -1.0,"[{""value"":""-9.0"",""label"":""Refused""},{""value"":""-8.0"",""label"":""Not known""},{""value"":""-1.0"",""label"":""Not applicable""},{""value"":""1.0"",""label"":""Become more regular""},{""value"":""2.0"",""label"":""Become less regular""},{""value"":""3.0"",""label"":""Remain about the same""}]"
590,B10MENREG,CASI: When first noticed change in regularity of periods,numeric,NOMINAL,-9.0 thru -8.0 and -1.0,"[{""value"":""-9.0"",""label"":""Refused""},{""value"":""-8.0"",""label"":""Not known""},{""value"":""-1.0"",""label"":""Not applicable""},{""value"":""1.0"",""label"":""Up to 1 year before last period""},{""value"":""2.0"",""label"":""Up to 2 years before last period""},{""value"":""3.0"",""label"":""Up to 3 years before last period""},{""value"":""4.0"",""label"":""Up to 4 years before last period""},{""value"":""5.0"",""label"":""More than 4 years before last period""}]"
591,B10MENS01,CASI: Symptoms of menopause in last 12 months - joint aches and pains,numeric,NOMINAL,-9.0 thru -8.0 and -1.0,"[{""value"":""-9.0"",""label"":""Refused""},{""value"":""-8.0"",""label"":""Not known""},{""value"":""-1.0"",""label"":""Not applicable""},{""value"":""1.0"",""label"":""Yes""},{""value"":""2.0"",""label"":""No""}]"
592,B10MENS02,CASI: Symptoms of menopause in last 12 months - hot flushes,numeric,NOMINAL,-9.0 thru -8.0 and -1.0,"[{""value"":""-9.0"",""label"":""Refused""},{""value"":""-8.0"",""label"":""Not known""},{""value"":""-1.0"",""label"":""Not applicable""},{""value"":""1.0"",""label"":""Yes""},{""value"":""2.0"",""label"":""No""}]"
593,B10MENS03,CASI: Symptoms of menopause in last 12 months - cold sweats/night sweats,numeric,NOMINAL,-9.0 thru -8.0 and -1.0,"[{""value"":""-9.0"",""label"":""Refused""},{""value"":""-8.0"",""label"":""Not known""},{""value"":""-1.0"",""label"":""Not applicable""},{""value"":""1.0"",""label"":""Yes""},{""value"":""2.0"",""label"":""No""}]"
594,B10MENS04,CASI: Symptoms of menopause in last 12 months - vaginal dryness,numeric,NOMINAL,-9.0 thru -8.0 and -1.0,"[{""value"":""-9.0"",""label"":""Refused""},{""value"":""-8.0"",""label"":""Not known""},{""value"":""-1.0"",""label"":""Not applicable""},{""value"":""1.0"",""label"":""Yes""},{""value"":""2.0"",""label"":""No""}]"
595,B10HRTCUR,CASI: Whether currently on hormone replacement therapy (HRT),numeric,NOMINAL,-9.0 thru -8.0 and -1.0,"[{""value"":""-9.0"",""label"":""Refused""},{""value"":""-8.0"",""label"":""Not known""},{""value"":""-1.0"",""label"":""Not applicable""},{""value"":""1.0"",""label"":""Yes""},{""value"":""2.0"",""label"":""No""}]"
596,B10HRTEVR,CASI: Whether ever had HRT,numeric,NOMINAL,-9.0 thru -8.0 and -1.0,"[{""value"":""-9.0"",""label"":""Refused""},{""value"":""-8.0"",""label"":""Not known""},{""value"":""-1.0"",""label"":""Not applicable""},{""value"":""1.0"",""label"":""Yes""},{""value"":""2.0"",""label"":""No""}]"
597,B10HRTAGE,CASI: Age when first started HRT,numeric,NOMINAL,-9.0 thru -8.0 and -1.0,"[{""value"":""-9.0"",""label"":""Refused""},{""value"":""-8.0"",""label"":""Not known""},{""value"":""-1.0"",""label"":""Not applicable""}]"
598,B10HRTMTH,CASI: Month first started HRT,numeric,NOMINAL,-9.0 thru -8.0 and -1.0,"[{""value"":""-9.0"",""label"":""Refused""},{""value"":""-8.0"",""label"":""Not known""},{""value"":""-1.0"",""label"":""Not applicable""},{""value"":""1.0"",""label"":""January""},{""value"":""2.0"",""label"":""February""},{""value"":""3.0"",""label"":""March""},{""value"":""4.0"",""label"":""April""},{""value"":""5.0"",""label"":""May""},{""value"":""6.0"",""label"":""June""},{""value"":""7.0"",""label"":""July""},{""value"":""8.0"",""label"":""August""},{""value"":""9.0"",""label"":""September""},{""value"":""10.0"",""label"":""October""},{""value"":""11.0"",""label"":""November""},{""value"":""12.0"",""label"":""December""}]"
599,B10HRTPER,CASI: Before started HRT had menstrual periods stopped,numeric,NOMINAL,-9.0 thru -8.0 and -1.0,"[{""value"":""-9.0"",""label"":""Refused""},{""value"":""-8.0"",""label"":""Not known""},{""value"":""-1.0"",""label"":""Not applicable""},{""value"":""1.0"",""label"":""Yes""},{""value"":""2.0"",""label"":""No""}]"
600,B10HRTPRA,CASI: Age when you had last period before starting HRT,numeric,SCALE,-9.0 thru -8.0 and -1.0,"[{""value"":""-9.0"",""label"":""Refused""},{""value"":""-8.0"",""label"":""Not known""},{""value"":""-1.0"",""label"":""Not applicable""}]"
601,B10HRTPRB,CASI: Month of last period before starting HRT,numeric,NOMINAL,-9.0 thru -8.0 and -1.0,"[{""value"":""-9.0"",""label"":""Refused""},{""value"":""-8.0"",""label"":""Not known""},{""value"":""-1.0"",""label"":""Not applicable""},{""value"":""1.0"",""label"":""January""},{""value"":""2.0"",""label"":""February""},{""value"":""3.0"",""label"":""March""},{""value"":""4.0"",""label"":""April""},{""value"":""5.0"",""label"":""May""},{""value"":""6.0"",""label"":""June""},{""value"":""7.0"",""label"":""July""},{""value"":""8.0"",""label"":""August""},{""value"":""9.0"",""label"":""September""},{""value"":""10.0"",""label"":""October""},{""value"":""11.0"",""label"":""November""},{""value"":""12.0"",""label"":""December""}]"
602,B10STERLE,CASI: Whether had a vasectomy/been sterilised,numeric,NOMINAL,-9.0 thru -8.0 and -1.0,"[{""value"":""-9.0"",""label"":""Refused""},{""value"":""-8.0"",""label"":""Not known""},{""value"":""-1.0"",""label"":""Not applicable""},{""value"":""1.0"",""label"":""Yes""},{""value"":""2.0"",""label"":""No""}]"
603,B10VOTE01,CASI: Whether voted in May 2015 General Election,numeric,NOMINAL,-9.0 thru -8.0 and -1.0,"[{""value"":""-9.0"",""label"":""Refused""},{""value"":""-8.0"",""label"":""Not known""},{""value"":""-1.0"",""label"":""Not applicable""},{""value"":""1.0"",""label"":""Yes""},{""value"":""2.0"",""label"":""No""}]"
604,B10VOTEWO1,CASI: Party voted for in May 2015 General Election (Other specify),numeric,NOMINAL,-9.0 thru -8.0 and -1.0,"[{""value"":""-9.0"",""label"":""Refused""},{""value"":""-8.0"",""label"":""Not known""},{""value"":""-1.0"",""label"":""Not applicable""},{""value"":""1.0"",""label"":""Conservative""},{""value"":""2.0"",""label"":""Labour""},{""value"":""3.0"",""label"":""Liberal Democrats""},{""value"":""4.0"",""label"":""Plaid Cymru""},{""value"":""5.0"",""label"":""Scottish National Party""},{""value"":""6.0"",""label"":""Green Party""},{""value"":""7.0"",""label"":""UK Independence Party""},{""value"":""8.0"",""label"":""Other (specify)""},{""value"":""9.0"",""label"":""Didn't vote""},{""value"":""50.0"",""label"":""Spoiled paper""},{""value"":""94.0"",""label"":""Other specific answer""},{""value"":""95.0"",""label"":""Vague / Irrelevant answer""}]"
605,B10VOTEFLAG,CASI: Interviewed between 2017 general election and the addition B10VOTE02,numeric,NOMINAL,NA,"[{""value"":""-9.0"",""label"":""Refused""},{""value"":""-8.0"",""label"":""Don't know""},{""value"":""-1.0"",""label"":""Not applicable""},{""value"":""0.0"",""label"":""No""},{""value"":""1.0"",""label"":""Yes""}]"
606,B10VOTE02,CASI: Whether voted in June 2017 General Election (if int Oct 2017 onwards),numeric,SCALE,NA,"[{""value"":""-11.0"",""label"":""HideNA""},{""value"":""-9.0"",""label"":""Refused""},{""value"":""-8.0"",""label"":""Don't know""},{""value"":""-1.0"",""label"":""Not applicable""},{""value"":""1.0"",""label"":""Yes""},{""value"":""2.0"",""label"":""No""}]"
607,B10VOTEWO2,CASI: Party voted for in June 2017 General Election,numeric,SCALE,NA,"[{""value"":""-11.0"",""label"":""HideNA""},{""value"":""-9.0"",""label"":""Refused""},{""value"":""-8.0"",""label"":""Don't know""},{""value"":""-1.0"",""label"":""Not applicable""},{""value"":""1.0"",""label"":""Conservative""},{""value"":""2.0"",""label"":""Labour""},{""value"":""3.0"",""label"":""Liberal Democrats""},{""value"":""4.0"",""label"":""Plaid Cymru""},{""value"":""5.0"",""label"":""Scottish National Party""},{""value"":""6.0"",""label"":""Green Party""},{""value"":""7.0"",""label"":""UK Independence Party""},{""value"":""8.0"",""label"":""Other (specify)""}]"
608,B10CARS,CASI: Number of cars,numeric,NOMINAL,-9.0 thru -8.0 and -1.0,"[{""value"":""-9.0"",""label"":""Refused""},{""value"":""-8.0"",""label"":""Not known""},{""value"":""-1.0"",""label"":""Not applicable""},{""value"":""1.0"",""label"":""None""},{""value"":""2.0"",""label"":""1""},{""value"":""3.0"",""label"":""2""},{""value"":""4.0"",""label"":""3""},{""value"":""5.0"",""label"":""4 or more""}]"
609,B10LIFST1,CASI: Satisfaction with the way life has turned out so far on a scale 0 to 10,numeric,NOMINAL,-9.0 thru -8.0 and -1.0,"[{""value"":""-9.0"",""label"":""Refused""},{""value"":""-8.0"",""label"":""Not known""},{""value"":""-1.0"",""label"":""Not applicable""},{""value"":""1.0"",""label"":""Completely dissatisfied""},{""value"":""2.0"",""label"":""1""},{""value"":""3.0"",""label"":""2""},{""value"":""4.0"",""label"":""3""},{""value"":""5.0"",""label"":""4""},{""value"":""6.0"",""label"":""5""},{""value"":""7.0"",""label"":""6""},{""value"":""8.0"",""label"":""7""},{""value"":""9.0"",""label"":""8""},{""value"":""10.0"",""label"":""9""},{""value"":""11.0"",""label"":""Completely satisfied""}]"
610,B10LIFST2,CASI: Expected life satisfaction in 10 yrs time on scale from 0 to 10,numeric,NOMINAL,-9.0 thru -8.0 and -1.0,"[{""value"":""-9.0"",""label"":""Refused""},{""value"":""-8.0"",""label"":""Not known""},{""value"":""-1.0"",""label"":""Not applicable""},{""value"":""1.0"",""label"":""Completely dissatisfied""},{""value"":""2.0"",""label"":""1""},{""value"":""3.0"",""label"":""2""},{""value"":""4.0"",""label"":""3""},{""value"":""5.0"",""label"":""4""},{""value"":""6.0"",""label"":""5""},{""value"":""7.0"",""label"":""6""},{""value"":""8.0"",""label"":""7""},{""value"":""9.0"",""label"":""8""},{""value"":""10.0"",""label"":""9""},{""value"":""11.0"",""label"":""Completely satisfied""}]"
611,B10SCFI,CASI: Whether questions were self-completed by respondent,numeric,NOMINAL,-9.0 thru -8.0 and -1.0,"[{""value"":""-9.0"",""label"":""Refused""},{""value"":""-8.0"",""label"":""Not known""},{""value"":""-1.0"",""label"":""Not applicable""},{""value"":""1.0"",""label"":""Yes, all self-completion by respondent""},{""value"":""2.0"",""label"":""Yes, but nurse helped with some q's""},{""value"":""3.0"",""label"":""No, nurse completed it all with the CM""}]"
612,B10CFTEST,List read out by computer or nurse,numeric,NOMINAL,-9.0 thru -8.0 and -1.0,"[{""value"":""-9.0"",""label"":""Refused""},{""value"":""-8.0"",""label"":""Not known""},{""value"":""-1.0"",""label"":""Not applicable""},{""value"":""1.0"",""label"":""List read out by computer""},{""value"":""2.0"",""label"":""List read out by nurse""},{""value"":""3.0"",""label"":""Respondent cannot do the test""},{""value"":""4.0"",""label"":""Respondent refuses to do the test""}]"
613,B10CFNWD1,Reason CM can't do word recall test: Illness or physical impairment,numeric,NOMINAL,-9.0 thru -8.0 and -1.0,"[{""value"":""-9.0"",""label"":""Refused""},{""value"":""-8.0"",""label"":""Not known""},{""value"":""-1.0"",""label"":""Not applicable""},{""value"":""0.0"",""label"":""No""},{""value"":""1.0"",""label"":""Yes""}]"
614,B10CFNWD2,Reason CM can't do word recall test: Doesn't understand instructions,numeric,NOMINAL,-9.0 thru -8.0 and -1.0,"[{""value"":""-9.0"",""label"":""Refused""},{""value"":""-8.0"",""label"":""Not known""},{""value"":""-1.0"",""label"":""Not applicable""},{""value"":""0.0"",""label"":""No""},{""value"":""1.0"",""label"":""Yes""}]"
615,B10CFNWD3,Reason CM can't do word recall test: Environment too noisy,numeric,NOMINAL,-9.0 thru -8.0 and -1.0,"[{""value"":""-9.0"",""label"":""Refused""},{""value"":""-8.0"",""label"":""Not known""},{""value"":""-1.0"",""label"":""Not applicable""},{""value"":""0.0"",""label"":""No""},{""value"":""1.0"",""label"":""Yes""}]"
616,B10CFNWD5,Reason CM can't do word recall test: Refused/didn't want to take part,numeric,NOMINAL,-9.0 thru -8.0 and -1.0,"[{""value"":""-9.0"",""label"":""Refused""},{""value"":""-8.0"",""label"":""Not known""},{""value"":""-1.0"",""label"":""Not applicable""},{""value"":""0.0"",""label"":""No""},{""value"":""1.0"",""label"":""Yes""}]"
617,B10CFNWD94,Reason CM can't do word recall test (other spec): Other specific answer,numeric,NOMINAL,-9.0 thru -8.0 and -1.0,"[{""value"":""-9.0"",""label"":""Refused""},{""value"":""-8.0"",""label"":""Not known""},{""value"":""-1.0"",""label"":""Not applicable""},{""value"":""0.0"",""label"":""No""},{""value"":""1.0"",""label"":""Yes""}]"
618,B10CFNWD95,Reason CM can't do word recall test (other spec): Vague/Irrelevant answer,numeric,NOMINAL,-9.0 thru -8.0 and -1.0,"[{""value"":""-9.0"",""label"":""Refused""},{""value"":""-8.0"",""label"":""Not known""},{""value"":""-1.0"",""label"":""Not applicable""},{""value"":""0.0"",""label"":""No""},{""value"":""1.0"",""label"":""Yes""}]"
619,B10CFWRDS,(Derived in CAPI) Randomly allocated word list for this respondent (A-D),numeric,NOMINAL,-9.0 thru -8.0 and -1.0,"[{""value"":""-9.0"",""label"":""Refused""},{""value"":""-8.0"",""label"":""Not known""},{""value"":""-1.0"",""label"":""Not applicable""},{""value"":""1.0"",""label"":""A""},{""value"":""2.0"",""label"":""B""},{""value"":""3.0"",""label"":""C""},{""value"":""4.0"",""label"":""D""}]"
620,B10CFLISN,Immediate word list recall: number of words recalled (0-10),numeric,NOMINAL,-9.0 thru -8.0 and -1.0,"[{""value"":""-9.0"",""label"":""Refused""},{""value"":""-8.0"",""label"":""Not known""},{""value"":""-1.0"",""label"":""Not applicable""}]"
621,B10CFLISD,Delayed word list recall: number of words recalled (0-10),numeric,NOMINAL,-9.0 thru -8.0 and -1.0,"[{""value"":""-9.0"",""label"":""Refused""},{""value"":""-8.0"",""label"":""Not known""},{""value"":""-1.0"",""label"":""Not applicable""}]"
622,B10CFANIT,Whether respondent can do animal naming task,numeric,NOMINAL,-9.0 thru -8.0 and -1.0,"[{""value"":""-9.0"",""label"":""Refused""},{""value"":""-8.0"",""label"":""Not known""},{""value"":""-1.0"",""label"":""Not applicable""},{""value"":""1.0"",""label"":""CM is able and willing to do the test""},{""value"":""2.0"",""label"":""Respondent cannot do the test""},{""value"":""3.0"",""label"":""Respondent refuses to do the test""}]"
623,B10CFNAN1,Reason CM can't do animal naming test: Illness/impairment affect ability,numeric,NOMINAL,-9.0 thru -8.0 and -1.0,"[{""value"":""-9.0"",""label"":""Refused""},{""value"":""-8.0"",""label"":""Not known""},{""value"":""-1.0"",""label"":""Not applicable""},{""value"":""0.0"",""label"":""No""},{""value"":""1.0"",""label"":""Yes""}]"
624,B10CFNAN2,Reason CM can't do animal naming test: Doesn't understand instructions,numeric,NOMINAL,-9.0 thru -8.0 and -1.0,"[{""value"":""-9.0"",""label"":""Refused""},{""value"":""-8.0"",""label"":""Not known""},{""value"":""-1.0"",""label"":""Not applicable""},{""value"":""0.0"",""label"":""No""},{""value"":""1.0"",""label"":""Yes""}]"
625,B10CFNAN3,Reason CM can't do animal naming test: Environment too noisy,numeric,NOMINAL,-9.0 thru -8.0 and -1.0,"[{""value"":""-9.0"",""label"":""Refused""},{""value"":""-8.0"",""label"":""Not known""},{""value"":""-1.0"",""label"":""Not applicable""},{""value"":""0.0"",""label"":""No""},{""value"":""1.0"",""label"":""Yes""}]"
626,B10CFNAN4,Reason CM can't do animal naming test: Problems with the laptop,numeric,NOMINAL,-9.0 thru -8.0 and -1.0,"[{""value"":""-9.0"",""label"":""Refused""},{""value"":""-8.0"",""label"":""Not known""},{""value"":""-1.0"",""label"":""Not applicable""},{""value"":""0.0"",""label"":""No""},{""value"":""1.0"",""label"":""Yes""}]"
627,B10CFNAN5,Reason CM can't do animal naming test: Refused/didn't want to take part,numeric,NOMINAL,-9.0 thru -8.0 and -1.0,"[{""value"":""-9.0"",""label"":""Refused""},{""value"":""-8.0"",""label"":""Not known""},{""value"":""-1.0"",""label"":""Not applicable""},{""value"":""0.0"",""label"":""No""},{""value"":""1.0"",""label"":""Yes""}]"
628,B10CFNAN94,Reason CM can't do animal naming test (other spec): Other specific answer,numeric,NOMINAL,-9.0 thru -8.0 and -1.0,"[{""value"":""-9.0"",""label"":""Refused""},{""value"":""-8.0"",""label"":""Not known""},{""value"":""-1.0"",""label"":""Not applicable""},{""value"":""0.0"",""label"":""No""},{""value"":""1.0"",""label"":""Yes""}]"
629,B10CFNAN95,Reason CM can't do animal naming test (other spec): Vague/Irrelevant answer,numeric,NOMINAL,-9.0 thru -8.0 and -1.0,"[{""value"":""-9.0"",""label"":""Refused""},{""value"":""-8.0"",""label"":""Not known""},{""value"":""-1.0"",""label"":""Not applicable""},{""value"":""0.0"",""label"":""No""},{""value"":""1.0"",""label"":""Yes""}]"
630,B10CFANI,Animal naming test: number of animals named within one minute,numeric,SCALE,-9.0 thru -8.0 and -1.0,"[{""value"":""-9.0"",""label"":""Refused""},{""value"":""-8.0"",""label"":""Not known""},{""value"":""-1.0"",""label"":""Not applicable""}]"
631,B10CFLET,Whether respondent can do letter cancellation task,numeric,NOMINAL,-9.0 thru -8.0 and -1.0,"[{""value"":""-9.0"",""label"":""Refused""},{""value"":""-8.0"",""label"":""Not known""},{""value"":""-1.0"",""label"":""Not applicable""},{""value"":""1.0"",""label"":""CM is able and willing to do the test""},{""value"":""2.0"",""label"":""Respondent cannot do the test""},{""value"":""3.0"",""label"":""Respondent refuses to do the test""}]"
632,B10CFNLT1,Reason CM can't do letter cancel test: Illness/impairment affect ability,numeric,NOMINAL,-9.0 thru -8.0 and -1.0,"[{""value"":""-9.0"",""label"":""Refused""},{""value"":""-8.0"",""label"":""Not known""},{""value"":""-1.0"",""label"":""Not applicable""},{""value"":""0.0"",""label"":""No""},{""value"":""1.0"",""label"":""Yes""}]"
633,B10CFNLT2,Reason CM can't do letter cancel test: Doesn't understand instructions,numeric,NOMINAL,-9.0 thru -8.0 and -1.0,"[{""value"":""-9.0"",""label"":""Refused""},{""value"":""-8.0"",""label"":""Not known""},{""value"":""-1.0"",""label"":""Not applicable""},{""value"":""0.0"",""label"":""No""},{""value"":""1.0"",""label"":""Yes""}]"
634,B10CFNLT3,Reason CM can't do letter cancel test: Environment too noisy,numeric,NOMINAL,-9.0 thru -8.0 and -1.0,"[{""value"":""-9.0"",""label"":""Refused""},{""value"":""-8.0"",""label"":""Not known""},{""value"":""-1.0"",""label"":""Not applicable""},{""value"":""0.0"",""label"":""No""},{""value"":""1.0"",""label"":""Yes""}]"
635,B10CFNLT4,Reason CM can't do letter cancel test: Problems with the laptop,numeric,NOMINAL,-9.0 thru -8.0 and -1.0,"[{""value"":""-9.0"",""label"":""Refused""},{""value"":""-8.0"",""label"":""Not known""},{""value"":""-1.0"",""label"":""Not applicable""},{""value"":""0.0"",""label"":""No""},{""value"":""1.0"",""label"":""Yes""}]"
636,B10CFNLT5,Reason CM can't do letter cancel test: Refused/didn't want to take part,numeric,NOMINAL,-9.0 thru -8.0 and -1.0,"[{""value"":""-9.0"",""label"":""Refused""},{""value"":""-8.0"",""label"":""Not known""},{""value"":""-1.0"",""label"":""Not applicable""},{""value"":""0.0"",""label"":""No""},{""value"":""1.0"",""label"":""Yes""}]"
637,B10CFNLT6,Reason CM can't do letter cancel test: Can't see the letters,numeric,NOMINAL,-9.0 thru -8.0 and -1.0,"[{""value"":""-9.0"",""label"":""Refused""},{""value"":""-8.0"",""label"":""Not known""},{""value"":""-1.0"",""label"":""Not applicable""},{""value"":""0.0"",""label"":""No""},{""value"":""1.0"",""label"":""Yes""}]"
638,B10CFNLT94,Reason CM can't do letter cancel test (other spec): Other specific answer,numeric,NOMINAL,-9.0 thru -8.0 and -1.0,"[{""value"":""-9.0"",""label"":""Refused""},{""value"":""-8.0"",""label"":""Not known""},{""value"":""-1.0"",""label"":""Not applicable""},{""value"":""0.0"",""label"":""No""},{""value"":""1.0"",""label"":""Yes""}]"
639,B10CFNLT95,Reason CM can't do letter cancel test (other spec): Vague/Irrelevant answer,numeric,NOMINAL,-9.0 thru -8.0 and -1.0,"[{""value"":""-9.0"",""label"":""Refused""},{""value"":""-8.0"",""label"":""Not known""},{""value"":""-1.0"",""label"":""Not applicable""},{""value"":""0.0"",""label"":""No""},{""value"":""1.0"",""label"":""Yes""}]"
640,B10CFCMP,Letter cancellation: Has the letter cancellation test been completed?,numeric,NOMINAL,-9.0 thru -8.0 and -1.0,"[{""value"":""-9.0"",""label"":""Refused""},{""value"":""-8.0"",""label"":""Not known""},{""value"":""-1.0"",""label"":""Not applicable""},{""value"":""1.0"",""label"":""Yes, test completed""},{""value"":""2.0"",""label"":""No, test NOT completed""}]"
641,B10CFROW,Letter cancellation: ROW reached (1-26),numeric,SCALE,-9.0 thru -8.0 and -1.0,"[{""value"":""-9.0"",""label"":""Refused""},{""value"":""-8.0"",""label"":""Not known""},{""value"":""-1.0"",""label"":""Not applicable""}]"
642,B10CFCOL,Letter cancellation: COLUMN reached (1-30),numeric,SCALE,-9.0 thru -8.0 and -1.0,"[{""value"":""-9.0"",""label"":""Refused""},{""value"":""-8.0"",""label"":""Not known""},{""value"":""-1.0"",""label"":""Not applicable""}]"
643,B10CFCOR,Letter cancellation: Number of Ps and Ws CORRECTLY marked (0-65),numeric,SCALE,-9.0 thru -8.0 and -1.0,"[{""value"":""-9.0"",""label"":""Refused""},{""value"":""-8.0"",""label"":""Not known""},{""value"":""-1.0"",""label"":""Not applicable""}]"
644,B10CFMIS,Letter cancellation: accuracy score (number of Ps and Ws missed),numeric,SCALE,-9.0 thru -8.0 and -1.0,"[{""value"":""-9.0"",""label"":""Refused""},{""value"":""-8.0"",""label"":""Not known""},{""value"":""-1.0"",""label"":""Not applicable""}]"
645,B10CFTOT,Letter cancellation: (Computed) Total number CORRECT + MISSED by respondent,numeric,SCALE,-9.0 thru -8.0 and -1.0,"[{""value"":""-9.0"",""label"":""Refused""},{""value"":""-8.0"",""label"":""Not known""},{""value"":""-1.0"",""label"":""Not applicable""}]"
646,B10CFRC,Letter cancellation: (Computed) speed score (number of letters scanned),numeric,SCALE,-9.0 thru -8.0 and -1.0,"[{""value"":""-9.0"",""label"":""Refused""},{""value"":""-8.0"",""label"":""Not known""},{""value"":""-1.0"",""label"":""Not applicable""}]"
647,B10CFWHO1,Who else was in the room for cognitive function tests: No-one,numeric,NOMINAL,-9.0 thru -8.0 and -1.0,"[{""value"":""-9.0"",""label"":""Refused""},{""value"":""-8.0"",""label"":""Not known""},{""value"":""-1.0"",""label"":""Not applicable""},{""value"":""0.0"",""label"":""No""},{""value"":""1.0"",""label"":""Yes""}]"
648,B10CFWHO2,Who else was in the room for cognitive function tests: CM's spouse/partner,numeric,NOMINAL,-9.0 thru -8.0 and -1.0,"[{""value"":""-9.0"",""label"":""Refused""},{""value"":""-8.0"",""label"":""Not known""},{""value"":""-1.0"",""label"":""Not applicable""},{""value"":""0.0"",""label"":""No""},{""value"":""1.0"",""label"":""Yes""}]"
649,B10CFWHO3,Who else was in the room for cognitive function tests: Other HH member (adult),numeric,NOMINAL,-9.0 thru -8.0 and -1.0,"[{""value"":""-9.0"",""label"":""Refused""},{""value"":""-8.0"",""label"":""Not known""},{""value"":""-1.0"",""label"":""Not applicable""},{""value"":""0.0"",""label"":""No""},{""value"":""1.0"",""label"":""Yes""}]"
650,B10CFWHO4,Who else was in the room for cognitive function tests: Other HH member (child),numeric,NOMINAL,-9.0 thru -8.0 and -1.0,"[{""value"":""-9.0"",""label"":""Refused""},{""value"":""-8.0"",""label"":""Not known""},{""value"":""-1.0"",""label"":""Not applicable""},{""value"":""0.0"",""label"":""No""},{""value"":""1.0"",""label"":""Yes""}]"
651,B10CFWHO5,Who else was in the room for cognitive function tests: Not a household member,numeric,NOMINAL,-9.0 thru -8.0 and -1.0,"[{""value"":""-9.0"",""label"":""Refused""},{""value"":""-8.0"",""label"":""Not known""},{""value"":""-1.0"",""label"":""Not applicable""},{""value"":""0.0"",""label"":""No""},{""value"":""1.0"",""label"":""Yes""}]"
652,B10CFWHO7,Who else was in the room for cognitive function tests: Prefer not to answer,numeric,NOMINAL,-9.0 thru -8.0 and -1.0,"[{""value"":""-9.0"",""label"":""Refused""},{""value"":""-8.0"",""label"":""Not known""},{""value"":""-1.0"",""label"":""Not applicable""},{""value"":""0.0"",""label"":""No""},{""value"":""1.0"",""label"":""Yes""}]"
653,B10CFIMP,Whether there were factors that impaired performance on cognitive tests,numeric,NOMINAL,-9.0 thru -8.0 and -1.0,"[{""value"":""-9.0"",""label"":""Refused""},{""value"":""-8.0"",""label"":""Not known""},{""value"":""-1.0"",""label"":""Not applicable""},{""value"":""1.0"",""label"":""Yes""},{""value"":""2.0"",""label"":""No""}]"
654,B10CFWT01,Reason cog test performance impaired: Blind or poor eyesight,numeric,NOMINAL,-9.0 thru -8.0 and -1.0,"[{""value"":""-9.0"",""label"":""Refused""},{""value"":""-8.0"",""label"":""Not known""},{""value"":""-1.0"",""label"":""Not applicable""},{""value"":""0.0"",""label"":""No""},{""value"":""1.0"",""label"":""Yes""}]"
655,B10CFWT02,Reason cog test performance impaired: Deaf or hard of hearing,numeric,NOMINAL,-9.0 thru -8.0 and -1.0,"[{""value"":""-9.0"",""label"":""Refused""},{""value"":""-8.0"",""label"":""Not known""},{""value"":""-1.0"",""label"":""Not applicable""},{""value"":""0.0"",""label"":""No""},{""value"":""1.0"",""label"":""Yes""}]"
656,B10CFWT03,Reason cog test performance impaired: Too tired,numeric,NOMINAL,-9.0 thru -8.0 and -1.0,"[{""value"":""-9.0"",""label"":""Refused""},{""value"":""-8.0"",""label"":""Not known""},{""value"":""-1.0"",""label"":""Not applicable""},{""value"":""0.0"",""label"":""No""},{""value"":""1.0"",""label"":""Yes""}]"
657,B10CFWT04,Reason cog test performance impaired: Illness/impairment affect ability,numeric,NOMINAL,-9.0 thru -8.0 and -1.0,"[{""value"":""-9.0"",""label"":""Refused""},{""value"":""-8.0"",""label"":""Not known""},{""value"":""-1.0"",""label"":""Not applicable""},{""value"":""0.0"",""label"":""No""},{""value"":""1.0"",""label"":""Yes""}]"
658,B10CFWT05,Reason cog test performance impaired: Impaired concentration,numeric,NOMINAL,-9.0 thru -8.0 and -1.0,"[{""value"":""-9.0"",""label"":""Refused""},{""value"":""-8.0"",""label"":""Not known""},{""value"":""-1.0"",""label"":""Not applicable""},{""value"":""0.0"",""label"":""No""},{""value"":""1.0"",""label"":""Yes""}]"
659,B10CFWT06,Reason cog test performance impaired: Nervous or anxious,numeric,NOMINAL,-9.0 thru -8.0 and -1.0,"[{""value"":""-9.0"",""label"":""Refused""},{""value"":""-8.0"",""label"":""Not known""},{""value"":""-1.0"",""label"":""Not applicable""},{""value"":""0.0"",""label"":""No""},{""value"":""1.0"",""label"":""Yes""}]"
660,B10CFWT07,Reason cog test performance impaired: Other mental impairment,numeric,NOMINAL,-9.0 thru -8.0 and -1.0,"[{""value"":""-9.0"",""label"":""Refused""},{""value"":""-8.0"",""label"":""Not known""},{""value"":""-1.0"",""label"":""Not applicable""},{""value"":""0.0"",""label"":""No""},{""value"":""1.0"",""label"":""Yes""}]"
661,B10CFWT08,Reason cog test performance impaired: Interruption or distraction,numeric,NOMINAL,-9.0 thru -8.0 and -1.0,"[{""value"":""-9.0"",""label"":""Refused""},{""value"":""-8.0"",""label"":""Not known""},{""value"":""-1.0"",""label"":""Not applicable""},{""value"":""0.0"",""label"":""No""},{""value"":""1.0"",""label"":""Yes""}]"
662,B10CFWT09,Reason cog test performance impaired: Noisy environment,numeric,NOMINAL,-9.0 thru -8.0 and -1.0,"[{""value"":""-9.0"",""label"":""Refused""},{""value"":""-8.0"",""label"":""Not known""},{""value"":""-1.0"",""label"":""Not applicable""},{""value"":""0.0"",""label"":""No""},{""value"":""1.0"",""label"":""Yes""}]"
663,B10CFWT10,Reason cog test performance impaired: Problems with the laptop,numeric,NOMINAL,-9.0 thru -8.0 and -1.0,"[{""value"":""-9.0"",""label"":""Refused""},{""value"":""-8.0"",""label"":""Not known""},{""value"":""-1.0"",""label"":""Not applicable""},{""value"":""0.0"",""label"":""No""},{""value"":""1.0"",""label"":""Yes""}]"
664,B10CFWT11,Reason cog test performance impaired: Difficulty understanding English,numeric,NOMINAL,-9.0 thru -8.0 and -1.0,"[{""value"":""-9.0"",""label"":""Refused""},{""value"":""-8.0"",""label"":""Not known""},{""value"":""-1.0"",""label"":""Not applicable""},{""value"":""0.0"",""label"":""No""},{""value"":""1.0"",""label"":""Yes""}]"
665,B10CFWT12,Reason cog test performance impaired: Refused/didn't want to take part,numeric,NOMINAL,-9.0 thru -8.0 and -1.0,"[{""value"":""-9.0"",""label"":""Refused""},{""value"":""-8.0"",""label"":""Not known""},{""value"":""-1.0"",""label"":""Not applicable""},{""value"":""0.0"",""label"":""No""},{""value"":""1.0"",""label"":""Yes""}]"
666,B10CFWT13,Reason cog test performance impaired: Distressed/upset e.g. bereavement,numeric,NOMINAL,-9.0 thru -8.0 and -1.0,"[{""value"":""-9.0"",""label"":""Refused""},{""value"":""-8.0"",""label"":""Not known""},{""value"":""-1.0"",""label"":""Not applicable""},{""value"":""0.0"",""label"":""No""},{""value"":""1.0"",""label"":""Yes""}]"
667,B10CFWT14,Reason cog test performance impaired: Memory problems,numeric,NOMINAL,-9.0 thru -8.0 and -1.0,"[{""value"":""-9.0"",""label"":""Refused""},{""value"":""-8.0"",""label"":""Not known""},{""value"":""-1.0"",""label"":""Not applicable""},{""value"":""0.0"",""label"":""No""},{""value"":""1.0"",""label"":""Yes""}]"
668,B10CFWT15,Reason cog test performance impaired: Under the influence of alcohol,numeric,NOMINAL,-9.0 thru -8.0 and -1.0,"[{""value"":""-9.0"",""label"":""Refused""},{""value"":""-8.0"",""label"":""Not known""},{""value"":""-1.0"",""label"":""Not applicable""},{""value"":""0.0"",""label"":""No""},{""value"":""1.0"",""label"":""Yes""}]"
669,B10CFWT50,Reason cog test performance impaired (other spec): Dyslexia,numeric,NOMINAL,-9.0 thru -8.0 and -1.0,"[{""value"":""-9.0"",""label"":""Refused""},{""value"":""-8.0"",""label"":""Not known""},{""value"":""-1.0"",""label"":""Not applicable""},{""value"":""0.0"",""label"":""No""},{""value"":""1.0"",""label"":""Yes""}]"
670,B10CFWT51,Reason cog test performance impaired (other spec): Medication,numeric,NOMINAL,-9.0 thru -8.0 and -1.0,"[{""value"":""-9.0"",""label"":""Refused""},{""value"":""-8.0"",""label"":""Not known""},{""value"":""-1.0"",""label"":""Not applicable""},{""value"":""0.0"",""label"":""No""},{""value"":""1.0"",""label"":""Yes""}]"
671,B10CFWT94,Other reason cog test performance impaired: Other specific answer,numeric,NOMINAL,-9.0 thru -8.0 and -1.0,"[{""value"":""-9.0"",""label"":""Refused""},{""value"":""-8.0"",""label"":""Not known""},{""value"":""-1.0"",""label"":""Not applicable""},{""value"":""0.0"",""label"":""No""},{""value"":""1.0"",""label"":""Yes""}]"
672,B10CFWT95,Other reason cog test performance impaired: Vague / Irrelevant answer,numeric,NOMINAL,-9.0 thru -8.0 and -1.0,"[{""value"":""-9.0"",""label"":""Refused""},{""value"":""-8.0"",""label"":""Not known""},{""value"":""-1.0"",""label"":""Not applicable""},{""value"":""0.0"",""label"":""No""},{""value"":""1.0"",""label"":""Yes""}]"
673,B10HTWILL,Whether respondent is willing to have height measured,numeric,NOMINAL,-9.0 thru -8.0 and -1.0,"[{""value"":""-9.0"",""label"":""Refused""},{""value"":""-8.0"",""label"":""Not known""},{""value"":""-1.0"",""label"":""Not applicable""},{""value"":""1.0"",""label"":""Yes""},{""value"":""2.0"",""label"":""No""}]"
674,B10RESPHTS,Whether height measured,numeric,NOMINAL,-9.0 thru -8.0 and -1.0,"[{""value"":""-9.0"",""label"":""Refused""},{""value"":""-8.0"",""label"":""Not known""},{""value"":""-1.0"",""label"":""Not applicable""},{""value"":""1.0"",""label"":""Height measured""},{""value"":""2.0"",""label"":""Height attempted, not obtained""},{""value"":""3.0"",""label"":""Height not attempted""}]"
675,B10HEIGHTCM,Respondent's height (cm),numeric,SCALE,-9.0 thru -8.0 and -1.0,"[{""value"":""-9.0"",""label"":""Refused""},{""value"":""-8.0"",""label"":""Not known""},{""value"":""-1.0"",""label"":""Not applicable""}]"
676,B10RELHITE,Any problems experienced with taking height measurement,numeric,NOMINAL,-9.0 thru -8.0 and -1.0,"[{""value"":""-9.0"",""label"":""Refused""},{""value"":""-8.0"",""label"":""Not known""},{""value"":""-1.0"",""label"":""Not applicable""},{""value"":""1.0"",""label"":""No problems, reliable measurement""},{""value"":""2.0"",""label"":""Problems, likely reliable measurement""},{""value"":""3.0"",""label"":""Problems, likely slightly unreliable m.""},{""value"":""4.0"",""label"":""Problems, likely unreliable measurement""}]"
677,B10IPROBHT,How measurement problems are likely to affect height measurement,numeric,NOMINAL,-9.0 thru -8.0 and -1.0,"[{""value"":""-9.0"",""label"":""Refused""},{""value"":""-8.0"",""label"":""Not known""},{""value"":""-1.0"",""label"":""Not applicable""},{""value"":""1.0"",""label"":""Increase measurement e.g. Footwear""},{""value"":""2.0"",""label"":""Decrease measurement e.g. Stooping""}]"
678,B10HINRL01,Cause of unreliable height measurement: Hairstyle or wig,numeric,NOMINAL,-9.0 thru -8.0 and -1.0,"[{""value"":""-9.0"",""label"":""Refused""},{""value"":""-8.0"",""label"":""Not known""},{""value"":""-1.0"",""label"":""Not applicable""},{""value"":""0.0"",""label"":""No""},{""value"":""1.0"",""label"":""Yes""}]"
679,B10HINRL02,Cause of unreliable height measurement: Turban/other religious headgear,numeric,NOMINAL,-9.0 thru -8.0 and -1.0,"[{""value"":""-9.0"",""label"":""Refused""},{""value"":""-8.0"",""label"":""Not known""},{""value"":""-1.0"",""label"":""Not applicable""},{""value"":""0.0"",""label"":""No""},{""value"":""1.0"",""label"":""Yes""}]"
680,B10HINRL03,Cause of unreliable height measurement: CM stooped,numeric,NOMINAL,-9.0 thru -8.0 and -1.0,"[{""value"":""-9.0"",""label"":""Refused""},{""value"":""-8.0"",""label"":""Not known""},{""value"":""-1.0"",""label"":""Not applicable""},{""value"":""0.0"",""label"":""No""},{""value"":""1.0"",""label"":""Yes""}]"
681,B10HINRL04,Cause of unreliable height measurement: CM was unable to stand still,numeric,NOMINAL,-9.0 thru -8.0 and -1.0,"[{""value"":""-9.0"",""label"":""Refused""},{""value"":""-8.0"",""label"":""Not known""},{""value"":""-1.0"",""label"":""Not applicable""},{""value"":""0.0"",""label"":""No""},{""value"":""1.0"",""label"":""Yes""}]"
682,B10HINRL05,Cause of unreliable height measurement: CM wore shoes,numeric,NOMINAL,-9.0 thru -8.0 and -1.0,"[{""value"":""-9.0"",""label"":""Refused""},{""value"":""-8.0"",""label"":""Not known""},{""value"":""-1.0"",""label"":""Not applicable""},{""value"":""0.0"",""label"":""No""},{""value"":""1.0"",""label"":""Yes""}]"
683,B10HINRL50,Cause of unreliable height measurement (other spec): Unable to stand correctly,numeric,NOMINAL,-9.0 thru -8.0 and -1.0,"[{""value"":""-9.0"",""label"":""Refused""},{""value"":""-8.0"",""label"":""Not known""},{""value"":""-1.0"",""label"":""Not applicable""},{""value"":""0.0"",""label"":""No""},{""value"":""1.0"",""label"":""Yes""}]"
684,B10HINRL94,Cause of unreliable height measurement (other spec): Other specific answer,numeric,NOMINAL,-9.0 thru -8.0 and -1.0,"[{""value"":""-9.0"",""label"":""Refused""},{""value"":""-8.0"",""label"":""Not known""},{""value"":""-1.0"",""label"":""Not applicable""},{""value"":""0.0"",""label"":""No""},{""value"":""1.0"",""label"":""Yes""}]"
685,B10RESNH01,Reason height measure refused: Can't see point/Ht known/Dr has measurement,numeric,NOMINAL,-9.0 thru -8.0 and -1.0,"[{""value"":""-9.0"",""label"":""Refused""},{""value"":""-8.0"",""label"":""Not known""},{""value"":""-1.0"",""label"":""Not applicable""},{""value"":""0.0"",""label"":""No""},{""value"":""1.0"",""label"":""Yes""}]"
686,B10RESNH02,Reason height measure refused: Too busy/Taken too long/ No time,numeric,NOMINAL,-9.0 thru -8.0 and -1.0,"[{""value"":""-9.0"",""label"":""Refused""},{""value"":""-8.0"",""label"":""Not known""},{""value"":""-1.0"",""label"":""Not applicable""},{""value"":""0.0"",""label"":""No""},{""value"":""1.0"",""label"":""Yes""}]"
687,B10RESNH03,Reason height measure refused: Too ill/frail/tired,numeric,NOMINAL,-9.0 thru -8.0 and -1.0,"[{""value"":""-9.0"",""label"":""Refused""},{""value"":""-8.0"",""label"":""Not known""},{""value"":""-1.0"",""label"":""Not applicable""},{""value"":""0.0"",""label"":""No""},{""value"":""1.0"",""label"":""Yes""}]"
688,B10RESNH04,Reason height measure refused: Considered intrusive information,numeric,NOMINAL,-9.0 thru -8.0 and -1.0,"[{""value"":""-9.0"",""label"":""Refused""},{""value"":""-8.0"",""label"":""Not known""},{""value"":""-1.0"",""label"":""Not applicable""},{""value"":""0.0"",""label"":""No""},{""value"":""1.0"",""label"":""Yes""}]"
689,B10RESNH05,Reason height measure refused: Too anxious/nervous/shy/embarrassed,numeric,NOMINAL,-9.0 thru -8.0 and -1.0,"[{""value"":""-9.0"",""label"":""Refused""},{""value"":""-8.0"",""label"":""Not known""},{""value"":""-1.0"",""label"":""Not applicable""},{""value"":""0.0"",""label"":""No""},{""value"":""1.0"",""label"":""Yes""}]"
690,B10RESNH06,Reason height measure refused: Refused (no reason given),numeric,NOMINAL,-9.0 thru -8.0 and -1.0,"[{""value"":""-9.0"",""label"":""Refused""},{""value"":""-8.0"",""label"":""Not known""},{""value"":""-1.0"",""label"":""Not applicable""},{""value"":""0.0"",""label"":""No""},{""value"":""1.0"",""label"":""Yes""}]"
691,B10RESNH07,Reason height measure refused: Other,numeric,NOMINAL,-9.0 thru -8.0 and -1.0,"[{""value"":""-9.0"",""label"":""Refused""},{""value"":""-8.0"",""label"":""Not known""},{""value"":""-1.0"",""label"":""Not applicable""},{""value"":""0.0"",""label"":""No""},{""value"":""1.0"",""label"":""Yes""}]"
692,B10NOHTBC,Specify other reason for not obtaining height,numeric,NOMINAL,-9.0 thru -8.0 and -1.0,"[{""value"":""-9.0"",""label"":""Refused""},{""value"":""-8.0"",""label"":""Not known""},{""value"":""-1.0"",""label"":""Not applicable""},{""value"":""1.0"",""label"":""Unsteady on feet""},{""value"":""2.0"",""label"":""Cannot stand upright/too stooped""},{""value"":""3.0"",""label"":""Unable to get out of chair/in wheelch.""},{""value"":""4.0"",""label"":""Unable to get out of bed""},{""value"":""5.0"",""label"":""Unable to remove shoes""},{""value"":""6.0"",""label"":""Ill/in pain/has disability (phys/ment.)""},{""value"":""7.0"",""label"":""Stadiometer fault/not avail/couldnt use""},{""value"":""8.0"",""label"":""Other (PLEASE SPECIFY)""},{""value"":""94.0"",""label"":""Other specific answer""},{""value"":""95.0"",""label"":""Vague / Irrelevant answer""}]"
693,B10NOWTBF,Whether respondent has a pacemaker/internal defibrillator,numeric,NOMINAL,-9.0 thru -8.0 and -1.0,"[{""value"":""-9.0"",""label"":""Refused""},{""value"":""-8.0"",""label"":""Not known""},{""value"":""-1.0"",""label"":""Not applicable""},{""value"":""1.0"",""label"":""Yes""},{""value"":""2.0"",""label"":""No""}]"
694,B10WTWIL,Consent weight only measurement (pacemaker/internal defibrillator/no height),numeric,NOMINAL,-9.0 thru -8.0 and -1.0,"[{""value"":""-9.0"",""label"":""Refused""},{""value"":""-8.0"",""label"":""Not known""},{""value"":""-1.0"",""label"":""Not applicable""},{""value"":""1.0"",""label"":""Yes""},{""value"":""2.0"",""label"":""No""}]"
695,B10WTBFWIL,Whether respondent is willing to have weight and body fat measured,numeric,NOMINAL,-9.0 thru -8.0 and -1.0,"[{""value"":""-9.0"",""label"":""Refused""},{""value"":""-8.0"",""label"":""Not known""},{""value"":""-1.0"",""label"":""Not applicable""},{""value"":""1.0"",""label"":""Yes, weight and body fat""},{""value"":""2.0"",""label"":""No, just weight""},{""value"":""3.0"",""label"":""No, not willing for either measurement""}]"
696,B10MWEIGHT,Nurse measured weight in kilograms (if body fat measured),numeric,SCALE,-9.0 thru -8.0 and -1.0,"[{""value"":""-9.0"",""label"":""Refused""},{""value"":""-8.0"",""label"":""Not known""},{""value"":""-1.0"",""label"":""Not applicable""}]"
697,B10BFPC,Body fat percentage measurement,numeric,SCALE,-9.0 thru -8.0 and -1.0,"[{""value"":""-9.0"",""label"":""Refused""},{""value"":""-8.0"",""label"":""Not known""},{""value"":""-1.0"",""label"":""Not applicable""}]"
698,B10WATPC,Water percentage,numeric,SCALE,-9.0 thru -8.0 and -1.0,"[{""value"":""-9.0"",""label"":""Refused""},{""value"":""-8.0"",""label"":""Not known""},{""value"":""-1.0"",""label"":""Not applicable""}]"
699,B10FEET,Specify other material respondent was wearing on feet,numeric,NOMINAL,-9.0 thru -8.0 and -1.0,"[{""value"":""-9.0"",""label"":""Refused""},{""value"":""-8.0"",""label"":""Not known""},{""value"":""-1.0"",""label"":""Not applicable""},{""value"":""1.0"",""label"":""Barefoot""},{""value"":""2.0"",""label"":""Thin tights""},{""value"":""3.0"",""label"":""Thick tights / socks""},{""value"":""4.0"",""label"":""Other (PLEASE SPECIFY)""},{""value"":""94.0"",""label"":""Other specific answer""},{""value"":""95.0"",""label"":""Vague / Irrelevant answer""}]"
700,B10WGTONLY,Nurse measured weight in kilograms (if body fat not measured),numeric,SCALE,-9.0 thru -8.0 and -1.0,"[{""value"":""-9.0"",""label"":""Refused""},{""value"":""-8.0"",""label"":""Not known""},{""value"":""-1.0"",""label"":""Not applicable""}]"
701,B10FLOORC1,Type of floor scales were placed on: Uneven floor,numeric,NOMINAL,-9.0 thru -8.0 and -1.0,"[{""value"":""-9.0"",""label"":""Refused""},{""value"":""-8.0"",""label"":""Not known""},{""value"":""-1.0"",""label"":""Not applicable""},{""value"":""0.0"",""label"":""No""},{""value"":""1.0"",""label"":""Yes""}]"
702,B10FLOORC2,Type of floor scales were placed on: Carpet,numeric,NOMINAL,-9.0 thru -8.0 and -1.0,"[{""value"":""-9.0"",""label"":""Refused""},{""value"":""-8.0"",""label"":""Not known""},{""value"":""-1.0"",""label"":""Not applicable""},{""value"":""0.0"",""label"":""No""},{""value"":""1.0"",""label"":""Yes""}]"
703,B10FLOORC3,Type of floor scales were placed on: Neither,numeric,NOMINAL,-9.0 thru -8.0 and -1.0,"[{""value"":""-9.0"",""label"":""Refused""},{""value"":""-8.0"",""label"":""Not known""},{""value"":""-1.0"",""label"":""Not applicable""},{""value"":""0.0"",""label"":""No""},{""value"":""1.0"",""label"":""Yes""}]"
704,B10RELWTB,Any problems experienced with taking weight measurement,numeric,NOMINAL,-9.0 thru -8.0 and -1.0,"[{""value"":""-9.0"",""label"":""Refused""},{""value"":""-8.0"",""label"":""Not known""},{""value"":""-1.0"",""label"":""Not applicable""},{""value"":""1.0"",""label"":""No problems, reliable measurement""},{""value"":""2.0"",""label"":""Problems, likely reliable measurement""},{""value"":""3.0"",""label"":""Problems, likely slightly unreliable m.""},{""value"":""4.0"",""label"":""Problems, likely unreliable measurement""}]"
705,B10IPROBWT,How measurement problems are likely to affect weight measurement,numeric,NOMINAL,-9.0 thru -8.0 and -1.0,"[{""value"":""-9.0"",""label"":""Refused""},{""value"":""-8.0"",""label"":""Not known""},{""value"":""-1.0"",""label"":""Not applicable""},{""value"":""1.0"",""label"":""Increase measurement e.g. footwear""},{""value"":""2.0"",""label"":""Decrease measurement e.g. CM moving""}]"
706,B10RSNWT01,Reason CM refused weight/fat measure: Can't see point/Wt known/Dr has msrmnt,numeric,NOMINAL,-9.0 thru -8.0 and -1.0,"[{""value"":""-9.0"",""label"":""Refused""},{""value"":""-8.0"",""label"":""Not known""},{""value"":""-1.0"",""label"":""Not applicable""},{""value"":""0.0"",""label"":""No""},{""value"":""1.0"",""label"":""Yes""}]"
707,B10RSNWT02,Reason CM refused weight/fat measure: Too busy/Taken long enough/No time,numeric,NOMINAL,-9.0 thru -8.0 and -1.0,"[{""value"":""-9.0"",""label"":""Refused""},{""value"":""-8.0"",""label"":""Not known""},{""value"":""-1.0"",""label"":""Not applicable""},{""value"":""0.0"",""label"":""No""},{""value"":""1.0"",""label"":""Yes""}]"
708,B10RSNWT03,Reason CM refused weight/fat measure: Too ill/frail/tired,numeric,NOMINAL,-9.0 thru -8.0 and -1.0,"[{""value"":""-9.0"",""label"":""Refused""},{""value"":""-8.0"",""label"":""Not known""},{""value"":""-1.0"",""label"":""Not applicable""},{""value"":""0.0"",""label"":""No""},{""value"":""1.0"",""label"":""Yes""}]"
709,B10RSNWT04,Reason CM refused weight/fat measure: Considered intrusive information,numeric,NOMINAL,-9.0 thru -8.0 and -1.0,"[{""value"":""-9.0"",""label"":""Refused""},{""value"":""-8.0"",""label"":""Not known""},{""value"":""-1.0"",""label"":""Not applicable""},{""value"":""0.0"",""label"":""No""},{""value"":""1.0"",""label"":""Yes""}]"
710,B10RSNWT05,Reason CM refused weight/fat measure: Anxious/nervous/shy/embarrassed,numeric,NOMINAL,-9.0 thru -8.0 and -1.0,"[{""value"":""-9.0"",""label"":""Refused""},{""value"":""-8.0"",""label"":""Not known""},{""value"":""-1.0"",""label"":""Not applicable""},{""value"":""0.0"",""label"":""No""},{""value"":""1.0"",""label"":""Yes""}]"
711,B10RSNWT06,Reason CM refused weight/fat measure: Refused (no other reason given),numeric,NOMINAL,-9.0 thru -8.0 and -1.0,"[{""value"":""-9.0"",""label"":""Refused""},{""value"":""-8.0"",""label"":""Not known""},{""value"":""-1.0"",""label"":""Not applicable""},{""value"":""0.0"",""label"":""No""},{""value"":""1.0"",""label"":""Yes""}]"
712,B10RSNWT51,Reason CM refused weight/fat measure (other spec): Cannot stand on scales,numeric,NOMINAL,-9.0 thru -8.0 and -1.0,"[{""value"":""-9.0"",""label"":""Refused""},{""value"":""-8.0"",""label"":""Not known""},{""value"":""-1.0"",""label"":""Not applicable""},{""value"":""0.0"",""label"":""No""},{""value"":""1.0"",""label"":""Yes""}]"
713,B10RSNWT94,Reason CM refused weight/fat measure (other spec): Other specific answer,numeric,NOMINAL,-9.0 thru -8.0 and -1.0,"[{""value"":""-9.0"",""label"":""Refused""},{""value"":""-8.0"",""label"":""Not known""},{""value"":""-1.0"",""label"":""Not applicable""},{""value"":""0.0"",""label"":""No""},{""value"":""1.0"",""label"":""Yes""}]"
714,B10RSNWT95,Reason CM refused weight/fat measure (other spec): Vague/Irrelevant answer,numeric,NOMINAL,-9.0 thru -8.0 and -1.0,"[{""value"":""-9.0"",""label"":""Refused""},{""value"":""-8.0"",""label"":""Not known""},{""value"":""-1.0"",""label"":""Not applicable""},{""value"":""0.0"",""label"":""No""},{""value"":""1.0"",""label"":""Yes""}]"
715,B10NWTBC02,"Reason weight measure attempted, not obtained: Cannot stand upright",numeric,NOMINAL,-9.0 thru -8.0 and -1.0,"[{""value"":""-9.0"",""label"":""Refused""},{""value"":""-8.0"",""label"":""Not known""},{""value"":""-1.0"",""label"":""Not applicable""},{""value"":""0.0"",""label"":""No""},{""value"":""1.0"",""label"":""Yes""}]"
716,B10NWTBC05,"Reason weight measure attempted, not obtained: Unable to remove shoes",numeric,NOMINAL,-9.0 thru -8.0 and -1.0,"[{""value"":""-9.0"",""label"":""Refused""},{""value"":""-8.0"",""label"":""Not known""},{""value"":""-1.0"",""label"":""Not applicable""},{""value"":""0.0"",""label"":""No""},{""value"":""1.0"",""label"":""Yes""}]"
717,B10NWTBC06,"Reason weight measure attempted, not obtained: Weighs more than 130kg",numeric,NOMINAL,-9.0 thru -8.0 and -1.0,"[{""value"":""-9.0"",""label"":""Refused""},{""value"":""-8.0"",""label"":""Not known""},{""value"":""-1.0"",""label"":""Not applicable""},{""value"":""0.0"",""label"":""No""},{""value"":""1.0"",""label"":""Yes""}]"
718,B10NWTBC08,"Reason weight measure attempted, not obtained: Scales not working",numeric,NOMINAL,-9.0 thru -8.0 and -1.0,"[{""value"":""-9.0"",""label"":""Refused""},{""value"":""-8.0"",""label"":""Not known""},{""value"":""-1.0"",""label"":""Not applicable""},{""value"":""0.0"",""label"":""No""},{""value"":""1.0"",""label"":""Yes""}]"
719,B10NWTBC94,"Reason weight measure attempted, not obtained (other spec): Oth specific ans",numeric,NOMINAL,-9.0 thru -8.0 and -1.0,"[{""value"":""-9.0"",""label"":""Refused""},{""value"":""-8.0"",""label"":""Not known""},{""value"":""-1.0"",""label"":""Not applicable""},{""value"":""0.0"",""label"":""No""},{""value"":""1.0"",""label"":""Yes""}]"
720,B10NWTBC95,"Reason weight measure attempted, not obtained (other spec): Vague/Irrel answr",numeric,NOMINAL,-9.0 thru -8.0 and -1.0,"[{""value"":""-9.0"",""label"":""Refused""},{""value"":""-8.0"",""label"":""Not known""},{""value"":""-1.0"",""label"":""Not applicable""},{""value"":""0.0"",""label"":""No""},{""value"":""1.0"",""label"":""Yes""}]"
721,B10WHWIL,Whether respondent agrees to waist and hip measurements,numeric,NOMINAL,-9.0 thru -8.0 and -1.0,"[{""value"":""-9.0"",""label"":""Refused""},{""value"":""-8.0"",""label"":""Not known""},{""value"":""-1.0"",""label"":""Not applicable""},{""value"":""1.0"",""label"":""Agrees to waist and hip measurement""},{""value"":""2.0"",""label"":""Refusal""},{""value"":""3.0"",""label"":""Unable to measure (non-refusal reason)""}]"
722,B10WHWST1,Waist measurement: First waist measurement,numeric,SCALE,-9.0 thru -8.0 and -1.0,"[{""value"":""-9.0"",""label"":""Refused""},{""value"":""-8.0"",""label"":""Not known""},{""value"":""-1.0"",""label"":""Not applicable""}]"
723,B10WHWST2,Waist measurement: Second waist measurement,numeric,SCALE,-9.0 thru -8.0 and -1.0,"[{""value"":""-9.0"",""label"":""Refused""},{""value"":""-8.0"",""label"":""Not known""},{""value"":""-1.0"",""label"":""Not applicable""}]"
724,B10WHWST3,Waist measurement: Third waist measurement,numeric,SCALE,-9.0 thru -8.0 and -1.0,"[{""value"":""-9.0"",""label"":""Refused""},{""value"":""-8.0"",""label"":""Not known""},{""value"":""-1.0"",""label"":""Not applicable""}]"
725,B10WHHIP1,Hip measurements: First hip measurement,numeric,SCALE,-9.0 thru -8.0 and -1.0,"[{""value"":""-9.0"",""label"":""Refused""},{""value"":""-8.0"",""label"":""Not known""},{""value"":""-1.0"",""label"":""Not applicable""}]"
726,B10WHHIP2,Hip measurements: Second hip measurement,numeric,SCALE,-9.0 thru -8.0 and -1.0,"[{""value"":""-9.0"",""label"":""Refused""},{""value"":""-8.0"",""label"":""Not known""},{""value"":""-1.0"",""label"":""Not applicable""}]"
727,B10WHHIP3,Hip measurements: Third hip measurement,numeric,SCALE,-9.0 thru -8.0 and -1.0,"[{""value"":""-9.0"",""label"":""Refused""},{""value"":""-8.0"",""label"":""Not known""},{""value"":""-1.0"",""label"":""Not applicable""}]"
728,B10WAISTCT,(Derived in CAPI) Number of valid waist measurements,numeric,NOMINAL,-9.0 thru -8.0 and -1.0,"[{""value"":""-9.0"",""label"":""Refused""},{""value"":""-8.0"",""label"":""Not known""},{""value"":""-1.0"",""label"":""Not applicable""}]"
729,B10WAISTAV,(Derived in CAPI) Mean waist measurement,numeric,SCALE,-9.0 thru -8.0 and -1.0,"[{""value"":""-9.0"",""label"":""Refused""},{""value"":""-8.0"",""label"":""Not known""},{""value"":""-1.0"",""label"":""Not applicable""}]"
730,B10HIPCT,(Derived in CAPI) Number of valid hip measurements,numeric,NOMINAL,-9.0 thru -8.0 and -1.0,"[{""value"":""-9.0"",""label"":""Refused""},{""value"":""-8.0"",""label"":""Not known""},{""value"":""-1.0"",""label"":""Not applicable""}]"
731,B10HIPAV,(Derived in CAPI) Mean hip measurement,numeric,SCALE,-9.0 thru -8.0 and -1.0,"[{""value"":""-9.0"",""label"":""Refused""},{""value"":""-8.0"",""label"":""Not known""},{""value"":""-1.0"",""label"":""Not applicable""}]"
732,B10YNOWH,Reason for not getting both waist/hip measurements,numeric,NOMINAL,-9.0 thru -8.0 and -1.0,"[{""value"":""-9.0"",""label"":""Refused""},{""value"":""-8.0"",""label"":""Not known""},{""value"":""-1.0"",""label"":""Not applicable""},{""value"":""1.0"",""label"":""Measurement refused""},{""value"":""2.0"",""label"":""Attempted but not obtained""},{""value"":""3.0"",""label"":""Measurement not attempted""}]"
733,B10WHPNM01,Reason refusal/msrmnts not attmptd/obtained: In a wheelchair,numeric,NOMINAL,-9.0 thru -8.0 and -1.0,"[{""value"":""-9.0"",""label"":""Refused""},{""value"":""-8.0"",""label"":""Not known""},{""value"":""-1.0"",""label"":""Not applicable""},{""value"":""0.0"",""label"":""No""},{""value"":""1.0"",""label"":""Yes""}]"
734,B10WHPNM03,Reason refusal/msrmnts not attmptd/obtained: Too stooped,numeric,NOMINAL,-9.0 thru -8.0 and -1.0,"[{""value"":""-9.0"",""label"":""Refused""},{""value"":""-8.0"",""label"":""Not known""},{""value"":""-1.0"",""label"":""Not applicable""},{""value"":""0.0"",""label"":""No""},{""value"":""1.0"",""label"":""Yes""}]"
735,B10WHPNM04,Reason refusal/msrmnts not attmptd/obtained: Didn't understand procedure,numeric,NOMINAL,-9.0 thru -8.0 and -1.0,"[{""value"":""-9.0"",""label"":""Refused""},{""value"":""-8.0"",""label"":""Not known""},{""value"":""-1.0"",""label"":""Not applicable""},{""value"":""0.0"",""label"":""No""},{""value"":""1.0"",""label"":""Yes""}]"
736,B10WHPNM05,Reason refusal/msrmnts not attmptd/obtained: Embarrassed/sensitive of size,numeric,NOMINAL,-9.0 thru -8.0 and -1.0,"[{""value"":""-9.0"",""label"":""Refused""},{""value"":""-8.0"",""label"":""Not known""},{""value"":""-1.0"",""label"":""Not applicable""},{""value"":""0.0"",""label"":""No""},{""value"":""1.0"",""label"":""Yes""}]"
737,B10WHPNM06,Reason refusal/msrmnts not attmptd/obtained: No time/busy/survey time,numeric,NOMINAL,-9.0 thru -8.0 and -1.0,"[{""value"":""-9.0"",""label"":""Refused""},{""value"":""-8.0"",""label"":""Not known""},{""value"":""-1.0"",""label"":""Not applicable""},{""value"":""0.0"",""label"":""No""},{""value"":""1.0"",""label"":""Yes""}]"
738,B10WHPNM50,Reason refusal/msrmnts not attmptd/obtained: Tape measure too short,numeric,NOMINAL,-9.0 thru -8.0 and -1.0,"[{""value"":""-9.0"",""label"":""Refused""},{""value"":""-8.0"",""label"":""Not known""},{""value"":""-1.0"",""label"":""Not applicable""},{""value"":""0.0"",""label"":""No""},{""value"":""1.0"",""label"":""Yes""}]"
739,B10WHPNM51,Reason refusal/msrmnts not attmptd/obtained: In pain/Would cause discomfort,numeric,NOMINAL,-9.0 thru -8.0 and -1.0,"[{""value"":""-9.0"",""label"":""Refused""},{""value"":""-8.0"",""label"":""Not known""},{""value"":""-1.0"",""label"":""Not applicable""},{""value"":""0.0"",""label"":""No""},{""value"":""1.0"",""label"":""Yes""}]"
740,B10WHPNM94,Reason refusal/msrmnts not attmptd/obtained (other spec): Other specific ans,numeric,NOMINAL,-9.0 thru -8.0 and -1.0,"[{""value"":""-9.0"",""label"":""Refused""},{""value"":""-8.0"",""label"":""Not known""},{""value"":""-1.0"",""label"":""Not applicable""},{""value"":""0.0"",""label"":""No""},{""value"":""1.0"",""label"":""Yes""}]"
741,B10WHPNM95,Reason refusal/msrmnts not attmptd/obtained (other spec): Vague/Irrel answer,numeric,NOMINAL,-9.0 thru -8.0 and -1.0,"[{""value"":""-9.0"",""label"":""Refused""},{""value"":""-8.0"",""label"":""Not known""},{""value"":""-1.0"",""label"":""Not applicable""},{""value"":""0.0"",""label"":""No""},{""value"":""1.0"",""label"":""Yes""}]"
742,B10WJREL,Any problems with waist measurements,numeric,NOMINAL,-9.0 thru -8.0 and -1.0,"[{""value"":""-9.0"",""label"":""Refused""},{""value"":""-8.0"",""label"":""Not known""},{""value"":""-1.0"",""label"":""Not applicable""},{""value"":""1.0"",""label"":""No problems, reliable measurement""},{""value"":""2.0"",""label"":""Problems, likely reliable measurement""},{""value"":""3.0"",""label"":""Problems, likely slightly unreliable m.""},{""value"":""4.0"",""label"":""Problems, likely unreliable measurement""}]"
743,B10IPROBWJ,How measurement problems are likely to affect waist measurement,numeric,NOMINAL,-9.0 thru -8.0 and -1.0,"[{""value"":""-9.0"",""label"":""Refused""},{""value"":""-8.0"",""label"":""Not known""},{""value"":""-1.0"",""label"":""Not applicable""},{""value"":""1.0"",""label"":""Increase measurement e.g. Bulky clothes""},{""value"":""2.0"",""label"":""Decrease measurement e.g. Tight clothes""}]"
744,B10HJREL,Problems experienced with hip measurements,numeric,NOMINAL,-9.0 thru -8.0 and -1.0,"[{""value"":""-9.0"",""label"":""Refused""},{""value"":""-8.0"",""label"":""Not known""},{""value"":""-1.0"",""label"":""Not applicable""},{""value"":""1.0"",""label"":""No problems, reliable measurement""},{""value"":""2.0"",""label"":""Problems, likely reliable measurement""},{""value"":""3.0"",""label"":""Problems, likely slightly unreliable m.""},{""value"":""4.0"",""label"":""Problems, likely unreliable measurement""}]"
745,B10PROBHJ,How measurement problems are likely to affect hip measurements,numeric,NOMINAL,-9.0 thru -8.0 and -1.0,"[{""value"":""-9.0"",""label"":""Refused""},{""value"":""-8.0"",""label"":""Not known""},{""value"":""-1.0"",""label"":""Not applicable""},{""value"":""1.0"",""label"":""Increase measurement e.g. Bulky clothes""},{""value"":""2.0"",""label"":""Decrease measurement e.g. Tight clothes""}]"
746,B10BPCONST,Wther consent given for blood pressure to be measured,numeric,NOMINAL,-9.0 thru -8.0 and -1.0,"[{""value"":""-9.0"",""label"":""Refused""},{""value"":""-8.0"",""label"":""Not known""},{""value"":""-1.0"",""label"":""Not applicable""},{""value"":""1.0"",""label"":""Yes, agrees""},{""value"":""2.0"",""label"":""No, refuses""},{""value"":""3.0"",""label"":""Unable to measure (non-refusal reason)""}]"
747,B10CONSBX1,"Whether CM eaten, smoked, alcohol, exercise past 30 minutes: Eaten",numeric,NOMINAL,-9.0 thru -8.0 and -1.0,"[{""value"":""-9.0"",""label"":""Refused""},{""value"":""-8.0"",""label"":""Not known""},{""value"":""-1.0"",""label"":""Not applicable""},{""value"":""0.0"",""label"":""No""},{""value"":""1.0"",""label"":""Yes""}]"
748,B10CONSBX2,"Whether CM eaten, smoked, alcohol, exercise past 30 minutes: Smoked",numeric,NOMINAL,-9.0 thru -8.0 and -1.0,"[{""value"":""-9.0"",""label"":""Refused""},{""value"":""-8.0"",""label"":""Not known""},{""value"":""-1.0"",""label"":""Not applicable""},{""value"":""0.0"",""label"":""No""},{""value"":""1.0"",""label"":""Yes""}]"
749,B10CONSBX3,"Whether CM eaten, smoked, alcohol, exercise past 30 minutes: Drunk alcohol",numeric,NOMINAL,-9.0 thru -8.0 and -1.0,"[{""value"":""-9.0"",""label"":""Refused""},{""value"":""-8.0"",""label"":""Not known""},{""value"":""-1.0"",""label"":""Not applicable""},{""value"":""0.0"",""label"":""No""},{""value"":""1.0"",""label"":""Yes""}]"
750,B10CONSBX4,"Whether CM eaten, smoked, alcohol, exercise past 30 minutes: Vigorous exercise",numeric,NOMINAL,-9.0 thru -8.0 and -1.0,"[{""value"":""-9.0"",""label"":""Refused""},{""value"":""-8.0"",""label"":""Not known""},{""value"":""-1.0"",""label"":""Not applicable""},{""value"":""0.0"",""label"":""No""},{""value"":""1.0"",""label"":""Yes""}]"
751,B10CONSBX5,"Whether CM eaten, smoked, alcohol, exercise past 30 minutes: None of these",numeric,NOMINAL,-9.0 thru -8.0 and -1.0,"[{""value"":""-9.0"",""label"":""Refused""},{""value"":""-8.0"",""label"":""Not known""},{""value"":""-1.0"",""label"":""Not applicable""},{""value"":""0.0"",""label"":""No""},{""value"":""1.0"",""label"":""Yes""}]"
752,B10CUFSIZE,Blood pressure equipment cuff size,numeric,NOMINAL,-9.0 thru -8.0 and -1.0,"[{""value"":""-9.0"",""label"":""Refused""},{""value"":""-8.0"",""label"":""Not known""},{""value"":""-1.0"",""label"":""Not applicable""},{""value"":""1.0"",""label"":""Child (15-22 cm)""},{""value"":""2.0"",""label"":""Adult (22-32 cm)""},{""value"":""3.0"",""label"":""Large adult (32-42 cm)""}]"
753,B10AIRTEMP,Ambient air temperature for blood pressure measurement,numeric,SCALE,-9.0 thru -8.0 and -1.0,"[{""value"":""-9.0"",""label"":""Refused""},{""value"":""-8.0"",""label"":""Not known""},{""value"":""-1.0"",""label"":""Not applicable""}]"
754,B10BPSYSR1,First systolic blood pressure reading (mmHg),numeric,SCALE,-9.0 thru -8.0 and -1.0,"[{""value"":""-9.0"",""label"":""Refused""},{""value"":""-8.0"",""label"":""Not known""},{""value"":""-1.0"",""label"":""Not applicable""}]"
755,B10BPDIAR1,First diastolic blood pressure reading (mmHg),numeric,SCALE,-9.0 thru -8.0 and -1.0,"[{""value"":""-9.0"",""label"":""Refused""},{""value"":""-8.0"",""label"":""Not known""},{""value"":""-1.0"",""label"":""Not applicable""}]"
756,B10BPPLSR1,First pulse reading (bpm),numeric,SCALE,-9.0 thru -8.0 and -1.0,"[{""value"":""-9.0"",""label"":""Refused""},{""value"":""-8.0"",""label"":""Not known""},{""value"":""-1.0"",""label"":""Not applicable""}]"
757,B10BPSYSR2,Second systolic blood pressure reading (mmHg),numeric,SCALE,-9.0 thru -8.0 and -1.0,"[{""value"":""-9.0"",""label"":""Refused""},{""value"":""-8.0"",""label"":""Not known""},{""value"":""-1.0"",""label"":""Not applicable""}]"
758,B10BPDIAR2,Second diastolic blood pressure reading (mmHg),numeric,SCALE,-9.0 thru -8.0 and -1.0,"[{""value"":""-9.0"",""label"":""Refused""},{""value"":""-8.0"",""label"":""Not known""},{""value"":""-1.0"",""label"":""Not applicable""}]"
759,B10BPPLSR2,Second pulse reading (bpm),numeric,SCALE,-9.0 thru -8.0 and -1.0,"[{""value"":""-9.0"",""label"":""Refused""},{""value"":""-8.0"",""label"":""Not known""},{""value"":""-1.0"",""label"":""Not applicable""}]"
760,B10BPSYSR3,Third systolic blood pressure reading (mmHg),numeric,SCALE,-9.0 thru -8.0 and -1.0,"[{""value"":""-9.0"",""label"":""Refused""},{""value"":""-8.0"",""label"":""Not known""},{""value"":""-1.0"",""label"":""Not applicable""}]"
761,B10BPDIAR3,Third diastolic blood pressure reading (mmHg),numeric,SCALE,-9.0 thru -8.0 and -1.0,"[{""value"":""-9.0"",""label"":""Refused""},{""value"":""-8.0"",""label"":""Not known""},{""value"":""-1.0"",""label"":""Not applicable""}]"
762,B10BPPLSR3,Third pulse reading (bpm),numeric,SCALE,-9.0 thru -8.0 and -1.0,"[{""value"":""-9.0"",""label"":""Refused""},{""value"":""-8.0"",""label"":""Not known""},{""value"":""-1.0"",""label"":""Not applicable""}]"
763,B10BPARM,Arm BP measurement from,numeric,NOMINAL,-9.0 thru -8.0 and -1.0,"[{""value"":""-9.0"",""label"":""Refused""},{""value"":""-8.0"",""label"":""Not known""},{""value"":""-1.0"",""label"":""Not applicable""},{""value"":""1.0"",""label"":""Right""},{""value"":""2.0"",""label"":""Left""}]"
764,B10YNOBP,Reason why no or only some full blood pressure measures obtained,numeric,NOMINAL,-9.0 thru -8.0 and -1.0,"[{""value"":""-9.0"",""label"":""Refused""},{""value"":""-8.0"",""label"":""Not known""},{""value"":""-1.0"",""label"":""Not applicable""},{""value"":""1.0"",""label"":""BP measure attempted but not obtained""},{""value"":""2.0"",""label"":""BP measure not attempted""},{""value"":""3.0"",""label"":""Blood pressure measurement refused""}]"
765,B10NTBPD01,Reason why no/some BP measures obtained: Problems with tablet,numeric,NOMINAL,-9.0 thru -8.0 and -1.0,"[{""value"":""-9.0"",""label"":""Refused""},{""value"":""-8.0"",""label"":""Not known""},{""value"":""-1.0"",""label"":""Not applicable""},{""value"":""0.0"",""label"":""No""},{""value"":""1.0"",""label"":""Yes""}]"
766,B10NTBPD02,Reason why no/some BP measures obtained: CM upset/anxious/nervous,numeric,NOMINAL,-9.0 thru -8.0 and -1.0,"[{""value"":""-9.0"",""label"":""Refused""},{""value"":""-8.0"",""label"":""Not known""},{""value"":""-1.0"",""label"":""Not applicable""},{""value"":""0.0"",""label"":""No""},{""value"":""1.0"",""label"":""Yes""}]"
767,B10NTBPD03,Reason why no/some BP measures obtained: Error reading,numeric,NOMINAL,-9.0 thru -8.0 and -1.0,"[{""value"":""-9.0"",""label"":""Refused""},{""value"":""-8.0"",""label"":""Not known""},{""value"":""-1.0"",""label"":""Not applicable""},{""value"":""0.0"",""label"":""No""},{""value"":""1.0"",""label"":""Yes""}]"
768,B10NTBPD04,Reason why no/some BP measures obtained: Problems with cuff fit/painful,numeric,NOMINAL,-9.0 thru -8.0 and -1.0,"[{""value"":""-9.0"",""label"":""Refused""},{""value"":""-8.0"",""label"":""Not known""},{""value"":""-1.0"",""label"":""Not applicable""},{""value"":""0.0"",""label"":""No""},{""value"":""1.0"",""label"":""Yes""}]"
769,B10NTBPD05,Reason why no/some BP measures obtained: Prob with equipment (not error),numeric,NOMINAL,-9.0 thru -8.0 and -1.0,"[{""value"":""-9.0"",""label"":""Refused""},{""value"":""-8.0"",""label"":""Not known""},{""value"":""-1.0"",""label"":""Not applicable""},{""value"":""0.0"",""label"":""No""},{""value"":""1.0"",""label"":""Yes""}]"
770,B10NTBPD50,Reason why no/some BP measures obtained (other spec): Refused,numeric,NOMINAL,-9.0 thru -8.0 and -1.0,"[{""value"":""-9.0"",""label"":""Refused""},{""value"":""-8.0"",""label"":""Not known""},{""value"":""-1.0"",""label"":""Not applicable""},{""value"":""0.0"",""label"":""No""},{""value"":""1.0"",""label"":""Yes""}]"
771,B10NTBPD51,Reason why no/some BP measures obtained (other spec): Busy/Distracted,numeric,NOMINAL,-9.0 thru -8.0 and -1.0,"[{""value"":""-9.0"",""label"":""Refused""},{""value"":""-8.0"",""label"":""Not known""},{""value"":""-1.0"",""label"":""Not applicable""},{""value"":""0.0"",""label"":""No""},{""value"":""1.0"",""label"":""Yes""}]"
772,B10NTBPD94,Reason why no/some BP measures obtained (other spec): Other specific answer,numeric,NOMINAL,-9.0 thru -8.0 and -1.0,"[{""value"":""-9.0"",""label"":""Refused""},{""value"":""-8.0"",""label"":""Not known""},{""value"":""-1.0"",""label"":""Not applicable""},{""value"":""0.0"",""label"":""No""},{""value"":""1.0"",""label"":""Yes""}]"
773,B10NTBPD95,Reason why no/some BP measures obtained (other spec): Vague/Irrelevant answer,numeric,NOMINAL,-9.0 thru -8.0 and -1.0,"[{""value"":""-9.0"",""label"":""Refused""},{""value"":""-8.0"",""label"":""Not known""},{""value"":""-1.0"",""label"":""Not applicable""},{""value"":""0.0"",""label"":""No""},{""value"":""1.0"",""label"":""Yes""}]"
774,B10DFBPC01,Prob taking BP readings if any obtained: No probs taking blood pressure,numeric,NOMINAL,-9.0 thru -8.0 and -1.0,"[{""value"":""-9.0"",""label"":""Refused""},{""value"":""-8.0"",""label"":""Not known""},{""value"":""-1.0"",""label"":""Not applicable""},{""value"":""0.0"",""label"":""No""},{""value"":""1.0"",""label"":""Yes""}]"
775,B10DFBPC02,"Prob taking BP readings if any obtained: Taken left arm, right unsuitable",numeric,NOMINAL,-9.0 thru -8.0 and -1.0,"[{""value"":""-9.0"",""label"":""Refused""},{""value"":""-8.0"",""label"":""Not known""},{""value"":""-1.0"",""label"":""Not applicable""},{""value"":""0.0"",""label"":""No""},{""value"":""1.0"",""label"":""Yes""}]"
776,B10DFBPC03,Prob taking BP readings if any obtained: CM was upset/anxious/nervous,numeric,NOMINAL,-9.0 thru -8.0 and -1.0,"[{""value"":""-9.0"",""label"":""Refused""},{""value"":""-8.0"",""label"":""Not known""},{""value"":""-1.0"",""label"":""Not applicable""},{""value"":""0.0"",""label"":""No""},{""value"":""1.0"",""label"":""Yes""}]"
777,B10DFBPC04,Prob taking BP readings if any obtained: Problems with cuff fit/painful,numeric,NOMINAL,-9.0 thru -8.0 and -1.0,"[{""value"":""-9.0"",""label"":""Refused""},{""value"":""-8.0"",""label"":""Not known""},{""value"":""-1.0"",""label"":""Not applicable""},{""value"":""0.0"",""label"":""No""},{""value"":""1.0"",""label"":""Yes""}]"
778,B10DFBPC05,Prob taking BP readings if any obtained: Prob with equipment (not error),numeric,NOMINAL,-9.0 thru -8.0 and -1.0,"[{""value"":""-9.0"",""label"":""Refused""},{""value"":""-8.0"",""label"":""Not known""},{""value"":""-1.0"",""label"":""Not applicable""},{""value"":""0.0"",""label"":""No""},{""value"":""1.0"",""label"":""Yes""}]"
779,B10DFBPC06,Prob taking BP readings if any obtained: Error reading,numeric,NOMINAL,-9.0 thru -8.0 and -1.0,"[{""value"":""-9.0"",""label"":""Refused""},{""value"":""-8.0"",""label"":""Not known""},{""value"":""-1.0"",""label"":""Not applicable""},{""value"":""0.0"",""label"":""No""},{""value"":""1.0"",""label"":""Yes""}]"
780,B10DFBPC50,Prob taking BP readings if any obtained (other spec): Distracted,numeric,NOMINAL,-9.0 thru -8.0 and -1.0,"[{""value"":""-9.0"",""label"":""Refused""},{""value"":""-8.0"",""label"":""Not known""},{""value"":""-1.0"",""label"":""Not applicable""},{""value"":""0.0"",""label"":""No""},{""value"":""1.0"",""label"":""Yes""}]"
781,B10DFBPC94,Prob taking BP readings if any obtained (other spec): Other specific answer,numeric,NOMINAL,-9.0 thru -8.0 and -1.0,"[{""value"":""-9.0"",""label"":""Refused""},{""value"":""-8.0"",""label"":""Not known""},{""value"":""-1.0"",""label"":""Not applicable""},{""value"":""0.0"",""label"":""No""},{""value"":""1.0"",""label"":""Yes""}]"
782,B10DFBPC95,Prob taking BP readings if any obtained (other spec): Vague/Irrel answer,numeric,NOMINAL,-9.0 thru -8.0 and -1.0,"[{""value"":""-9.0"",""label"":""Refused""},{""value"":""-8.0"",""label"":""Not known""},{""value"":""-1.0"",""label"":""Not applicable""},{""value"":""0.0"",""label"":""No""},{""value"":""1.0"",""label"":""Yes""}]"
783,B10GPREGB,Is respondent registered with a GP,numeric,NOMINAL,-9.0 thru -8.0 and -1.0,"[{""value"":""-9.0"",""label"":""Refused""},{""value"":""-8.0"",""label"":""Not known""},{""value"":""-1.0"",""label"":""Not applicable""},{""value"":""1.0"",""label"":""Yes""},{""value"":""2.0"",""label"":""No""}]"
784,B10GPSEND,May blood pressure readings be sent to respondents GP?,numeric,NOMINAL,-9.0 thru -8.0 and -1.0,"[{""value"":""-9.0"",""label"":""Refused""},{""value"":""-8.0"",""label"":""Not known""},{""value"":""-1.0"",""label"":""Not applicable""},{""value"":""1.0"",""label"":""Yes""},{""value"":""2.0"",""label"":""No""}]"
785,B10NGPSEND,Reason for not wanting to send blood pressure results to GP (other specify),numeric,NOMINAL,-9.0 thru -8.0 and -1.0,"[{""value"":""-9.0"",""label"":""Refused""},{""value"":""-8.0"",""label"":""Not known""},{""value"":""-1.0"",""label"":""Not applicable""},{""value"":""1.0"",""label"":""Hardly/never sees GP""},{""value"":""2.0"",""label"":""GP recently took blood pressure""},{""value"":""3.0"",""label"":""Does not want to bother GP""},{""value"":""4.0"",""label"":""Other (PLEASE SPECIFY)""},{""value"":""50.0"",""label"":""No need as BP is normal""},{""value"":""51.0"",""label"":""Doesn't know GP's details""},{""value"":""52.0"",""label"":""Changing GP""},{""value"":""53.0"",""label"":""Regularly has it done""},{""value"":""54.0"",""label"":""Due to have it done by GP""},{""value"":""55.0"",""label"":""Medical reasons""},{""value"":""94.0"",""label"":""Other specific answer""},{""value"":""95.0"",""label"":""Vague / Irrelevant answer""}]"
786,B10MMGSWIL,Whether respondent is willing to have grip strength measured,numeric,NOMINAL,-9.0 thru -8.0 and -1.0,"[{""value"":""-9.0"",""label"":""Refused""},{""value"":""-8.0"",""label"":""Not known""},{""value"":""-1.0"",""label"":""Not applicable""},{""value"":""1.0"",""label"":""Yes""},{""value"":""2.0"",""label"":""No""},{""value"":""3.0"",""label"":""Unable to take measurement""}]"
787,B10MMGSASS,Dynamometer asset number (Codes),numeric,NOMINAL,-9.0 thru -8.0 and -1.0,"[{""value"":""-11.0"",""label"":""HideNA""},{""value"":""-9.0"",""label"":""Refused""},{""value"":""-8.0"",""label"":""Not known""},{""value"":""-1.0"",""label"":""Not applicable""}]"
788,B10MMGSDOM,Which is dominant hand,numeric,NOMINAL,-9.0 thru -8.0 and -1.0,"[{""value"":""-9.0"",""label"":""Refused""},{""value"":""-8.0"",""label"":""Not known""},{""value"":""-1.0"",""label"":""Not applicable""},{""value"":""1.0"",""label"":""Right hand""},{""value"":""2.0"",""label"":""Left hand""}]"
789,B10MMGSSTA,"Whether respondent is able to use both, one or neither hands",numeric,NOMINAL,-9.0 thru -8.0 and -1.0,"[{""value"":""-9.0"",""label"":""Refused""},{""value"":""-8.0"",""label"":""Not known""},{""value"":""-1.0"",""label"":""Not applicable""},{""value"":""1.0"",""label"":""Respondent has the use of both hands""},{""value"":""2.0"",""label"":""CM unable to use non-dominant hand""},{""value"":""3.0"",""label"":""CM unable to use dominant hand""},{""value"":""4.0"",""label"":""Respondent is unable to use either hand""}]"
790,B10MMGSN1,"Non-dominant hand, first measurement",numeric,SCALE,-9.0 thru -8.0 and -1.0,"[{""value"":""-9.0"",""label"":""Refused""},{""value"":""-8.0"",""label"":""Not known""},{""value"":""-1.0"",""label"":""Not applicable""}]"
791,B10MMGSD1,"Dominant hand, first measurement",numeric,SCALE,-9.0 thru -8.0 and -1.0,"[{""value"":""-9.0"",""label"":""Refused""},{""value"":""-8.0"",""label"":""Not known""},{""value"":""-1.0"",""label"":""Not applicable""}]"
792,B10MMGSN2,"Non-dominant hand, second measurement",numeric,SCALE,-9.0 thru -8.0 and -1.0,"[{""value"":""-9.0"",""label"":""Refused""},{""value"":""-8.0"",""label"":""Not known""},{""value"":""-1.0"",""label"":""Not applicable""}]"
793,B10MMGSD2,"Dominant hand, second measurement",numeric,SCALE,-9.0 thru -8.0 and -1.0,"[{""value"":""-9.0"",""label"":""Refused""},{""value"":""-8.0"",""label"":""Not known""},{""value"":""-1.0"",""label"":""Not applicable""}]"
794,B10MMGSN3,"Non-dominant hand, third measurement",numeric,SCALE,-9.0 thru -8.0 and -1.0,"[{""value"":""-9.0"",""label"":""Refused""},{""value"":""-8.0"",""label"":""Not known""},{""value"":""-1.0"",""label"":""Not applicable""}]"
795,B10MMGSD3,"Dominant hand, third measurement",numeric,SCALE,-9.0 thru -8.0 and -1.0,"[{""value"":""-9.0"",""label"":""Refused""},{""value"":""-8.0"",""label"":""Not known""},{""value"":""-1.0"",""label"":""Not applicable""}]"
796,B10MMGSTP,Respondent's position for grip strength,numeric,NOMINAL,-9.0 thru -8.0 and -1.0,"[{""value"":""-9.0"",""label"":""Refused""},{""value"":""-8.0"",""label"":""Not known""},{""value"":""-1.0"",""label"":""Not applicable""},{""value"":""1.0"",""label"":""Standing without arm support""},{""value"":""2.0"",""label"":""Sitting without arm support""},{""value"":""3.0"",""label"":""Standing with arm support""},{""value"":""4.0"",""label"":""Sitting with arm support""}]"
797,B10MMGSNCT,(Derived in CAPI) Number of grip strength measurements (Non-dominant hand),numeric,NOMINAL,-9.0 thru -8.0 and -1.0,"[{""value"":""-9.0"",""label"":""Refused""},{""value"":""-8.0"",""label"":""Not known""},{""value"":""-1.0"",""label"":""Not applicable""}]"
798,B10MMGSDCT,(Derived in CAPI) Number of grip strength measurements (Dominant hand),numeric,NOMINAL,-9.0 thru -8.0 and -1.0,"[{""value"":""-9.0"",""label"":""Refused""},{""value"":""-8.0"",""label"":""Not known""},{""value"":""-1.0"",""label"":""Not applicable""}]"
799,B10MMGSRES,(Derived in CAPI) Whether all grip measures obtained,numeric,NOMINAL,-9.0 thru -8.0 and -1.0,"[{""value"":""-9.0"",""label"":""Refused""},{""value"":""-8.0"",""label"":""Not known""},{""value"":""-1.0"",""label"":""Not applicable""},{""value"":""1.0"",""label"":""All measures obtained""},{""value"":""2.0"",""label"":""Some measures obtained""},{""value"":""3.0"",""label"":""No measures obtained""}]"
800,B10MMGSPRX,Specify problems encountered when taking grip strength measurement,numeric,SCALE,-9.0 thru -8.0 and -1.0,"[{""value"":""-9.0"",""label"":""Refused""},{""value"":""-8.0"",""label"":""Not known""},{""value"":""-1.0"",""label"":""Not applicable""},{""value"":""50.0"",""label"":""Injury/pain/condition in hand or arm""},{""value"":""51.0"",""label"":""Equipment issues""},{""value"":""52.0"",""label"":""Respondent could not stand""},{""value"":""94.0"",""label"":""Other specific answer""},{""value"":""95.0"",""label"":""Vague / Irrelevant answer""}]"
801,B10MMGSF11,Measurement collected: All measurements,numeric,NOMINAL,-9.0 thru -8.0 and -1.0,"[{""value"":""-9.0"",""label"":""Refused""},{""value"":""-8.0"",""label"":""Not known""},{""value"":""-1.0"",""label"":""Not applicable""},{""value"":""0.0"",""label"":""No""},{""value"":""1.0"",""label"":""Yes""}]"
802,B10MMGSF12,"Measurement collected: Non-dominant hand, 1st measurement",numeric,NOMINAL,-9.0 thru -8.0 and -1.0,"[{""value"":""-9.0"",""label"":""Refused""},{""value"":""-8.0"",""label"":""Not known""},{""value"":""-1.0"",""label"":""Not applicable""},{""value"":""0.0"",""label"":""No""},{""value"":""1.0"",""label"":""Yes""}]"
803,B10MMGSF13,"Measurement collected: Non-dominant hand, 2nd measurement",numeric,NOMINAL,-9.0 thru -8.0 and -1.0,"[{""value"":""-9.0"",""label"":""Refused""},{""value"":""-8.0"",""label"":""Not known""},{""value"":""-1.0"",""label"":""Not applicable""},{""value"":""0.0"",""label"":""No""},{""value"":""1.0"",""label"":""Yes""}]"
804,B10MMGSF14,"Measurement collected: Non-dominant hand, 3rd measurement",numeric,NOMINAL,-9.0 thru -8.0 and -1.0,"[{""value"":""-9.0"",""label"":""Refused""},{""value"":""-8.0"",""label"":""Not known""},{""value"":""-1.0"",""label"":""Not applicable""},{""value"":""0.0"",""label"":""No""},{""value"":""1.0"",""label"":""Yes""}]"
805,B10MMGSF15,"Measurement collected: Dominant hand, 1st measurement",numeric,NOMINAL,-9.0 thru -8.0 and -1.0,"[{""value"":""-9.0"",""label"":""Refused""},{""value"":""-8.0"",""label"":""Not known""},{""value"":""-1.0"",""label"":""Not applicable""},{""value"":""0.0"",""label"":""No""},{""value"":""1.0"",""label"":""Yes""}]"
806,B10MMGSF16,"Measurement collected: Dominant hand, 2nd measurement",numeric,NOMINAL,-9.0 thru -8.0 and -1.0,"[{""value"":""-9.0"",""label"":""Refused""},{""value"":""-8.0"",""label"":""Not known""},{""value"":""-1.0"",""label"":""Not applicable""},{""value"":""0.0"",""label"":""No""},{""value"":""1.0"",""label"":""Yes""}]"
807,B10MMGSF17,"Measurement collected: Dominant hand, 3rd measurement",numeric,NOMINAL,-9.0 thru -8.0 and -1.0,"[{""value"":""-9.0"",""label"":""Refused""},{""value"":""-8.0"",""label"":""Not known""},{""value"":""-1.0"",""label"":""Not applicable""},{""value"":""0.0"",""label"":""No""},{""value"":""1.0"",""label"":""Yes""}]"
808,B10MMGSY01,Probs affected grip strength measurements: All measurements,numeric,NOMINAL,-9.0 thru -8.0 and -1.0,"[{""value"":""-9.0"",""label"":""Refused""},{""value"":""-8.0"",""label"":""Not known""},{""value"":""-1.0"",""label"":""Not applicable""},{""value"":""0.0"",""label"":""No""},{""value"":""1.0"",""label"":""Yes""}]"
809,B10MMGSY02,"Probs affected grip strength measurements: Non-dominant hand, 1st measurement",numeric,NOMINAL,-9.0 thru -8.0 and -1.0,"[{""value"":""-9.0"",""label"":""Refused""},{""value"":""-8.0"",""label"":""Not known""},{""value"":""-1.0"",""label"":""Not applicable""},{""value"":""0.0"",""label"":""No""},{""value"":""1.0"",""label"":""Yes""}]"
810,B10MMGSY03,"Probs affected grip strength measurements: Non-dominant hand, 2nd measurement",numeric,NOMINAL,-9.0 thru -8.0 and -1.0,"[{""value"":""-9.0"",""label"":""Refused""},{""value"":""-8.0"",""label"":""Not known""},{""value"":""-1.0"",""label"":""Not applicable""},{""value"":""0.0"",""label"":""No""},{""value"":""1.0"",""label"":""Yes""}]"
811,B10MMGSY04,"Probs affected grip strength measurements: Non-dominant hand, 3rd measurement",numeric,NOMINAL,-9.0 thru -8.0 and -1.0,"[{""value"":""-9.0"",""label"":""Refused""},{""value"":""-8.0"",""label"":""Not known""},{""value"":""-1.0"",""label"":""Not applicable""},{""value"":""0.0"",""label"":""No""},{""value"":""1.0"",""label"":""Yes""}]"
812,B10MMGSY05,"Probs affected grip strength measurements: Dominant hand, 1st measurement",numeric,NOMINAL,-9.0 thru -8.0 and -1.0,"[{""value"":""-9.0"",""label"":""Refused""},{""value"":""-8.0"",""label"":""Not known""},{""value"":""-1.0"",""label"":""Not applicable""},{""value"":""0.0"",""label"":""No""},{""value"":""1.0"",""label"":""Yes""}]"
813,B10MMGSY06,"Probs affected grip strength measurements: Dominant hand, 2nd measurement",numeric,NOMINAL,-9.0 thru -8.0 and -1.0,"[{""value"":""-9.0"",""label"":""Refused""},{""value"":""-8.0"",""label"":""Not known""},{""value"":""-1.0"",""label"":""Not applicable""},{""value"":""0.0"",""label"":""No""},{""value"":""1.0"",""label"":""Yes""}]"
814,B10MMGSY07,"Probs affected grip strength measurements: Dominant hand, 3rd measurement",numeric,NOMINAL,-9.0 thru -8.0 and -1.0,"[{""value"":""-9.0"",""label"":""Refused""},{""value"":""-8.0"",""label"":""Not known""},{""value"":""-1.0"",""label"":""Not applicable""},{""value"":""0.0"",""label"":""No""},{""value"":""1.0"",""label"":""Yes""}]"
815,B10MMGSY08,Probs affected grip strength measurements: Don't know,numeric,NOMINAL,-9.0 thru -8.0 and -1.0,"[{""value"":""-9.0"",""label"":""Refused""},{""value"":""-8.0"",""label"":""Not known""},{""value"":""-1.0"",""label"":""Not applicable""},{""value"":""0.0"",""label"":""No""},{""value"":""1.0"",""label"":""Yes""}]"
816,B10MMGSP01,Reason no/only some measures were obtained: CM refused,numeric,NOMINAL,-9.0 thru -8.0 and -1.0,"[{""value"":""-9.0"",""label"":""Refused""},{""value"":""-8.0"",""label"":""Not known""},{""value"":""-1.0"",""label"":""Not applicable""},{""value"":""0.0"",""label"":""No""},{""value"":""1.0"",""label"":""Yes""}]"
817,B10MMGSP02,Reason no/only some measures were obtained: Pain in hand/joints/muscles,numeric,NOMINAL,-9.0 thru -8.0 and -1.0,"[{""value"":""-9.0"",""label"":""Refused""},{""value"":""-8.0"",""label"":""Not known""},{""value"":""-1.0"",""label"":""Not applicable""},{""value"":""0.0"",""label"":""No""},{""value"":""1.0"",""label"":""Yes""}]"
818,B10MMGSP03,Reason no/only some measures were obtained: Equipment failure,numeric,NOMINAL,-9.0 thru -8.0 and -1.0,"[{""value"":""-9.0"",""label"":""Refused""},{""value"":""-8.0"",""label"":""Not known""},{""value"":""-1.0"",""label"":""Not applicable""},{""value"":""0.0"",""label"":""No""},{""value"":""1.0"",""label"":""Yes""}]"
819,B10MMGSP05,Reason no/only some measures were obtained (other spec): Medical condition,numeric,NOMINAL,-9.0 thru -8.0 and -1.0,"[{""value"":""-9.0"",""label"":""Refused""},{""value"":""-8.0"",""label"":""Not known""},{""value"":""-1.0"",""label"":""Not applicable""},{""value"":""0.0"",""label"":""No""},{""value"":""1.0"",""label"":""Yes""}]"
820,B10MMGSP94,Reason no/only some measures were obtained (other spec): Oth specific answr,numeric,NOMINAL,-9.0 thru -8.0 and -1.0,"[{""value"":""-9.0"",""label"":""Refused""},{""value"":""-8.0"",""label"":""Not known""},{""value"":""-1.0"",""label"":""Not applicable""},{""value"":""0.0"",""label"":""No""},{""value"":""1.0"",""label"":""Yes""}]"
821,B10MMGSP95,Reason no/only some measures were obtained (other spec): Vague/Irrel answer,numeric,NOMINAL,-9.0 thru -8.0 and -1.0,"[{""value"":""-9.0"",""label"":""Refused""},{""value"":""-8.0"",""label"":""Not known""},{""value"":""-1.0"",""label"":""Not applicable""},{""value"":""0.0"",""label"":""No""},{""value"":""1.0"",""label"":""Yes""}]"
822,B10MMBCSC,Whether respondent has problems to prevent them doing leg raise test,numeric,NOMINAL,-9.0 thru -8.0 and -1.0,"[{""value"":""-9.0"",""label"":""Refused""},{""value"":""-8.0"",""label"":""Not known""},{""value"":""-1.0"",""label"":""Not applicable""},{""value"":""1.0"",""label"":""Yes""},{""value"":""2.0"",""label"":""No""}]"
823,B10MMBWY01,Reason not attempted leg raise test: Recent injury preferred standing leg,numeric,NOMINAL,-9.0 thru -8.0 and -1.0,"[{""value"":""-9.0"",""label"":""Refused""},{""value"":""-8.0"",""label"":""Not known""},{""value"":""-1.0"",""label"":""Not applicable""},{""value"":""0.0"",""label"":""No""},{""value"":""1.0"",""label"":""Yes""}]"
824,B10MMBWY02,Reason not attempted leg raise test: Current/recent lower back problems,numeric,NOMINAL,-9.0 thru -8.0 and -1.0,"[{""value"":""-9.0"",""label"":""Refused""},{""value"":""-8.0"",""label"":""Not known""},{""value"":""-1.0"",""label"":""Not applicable""},{""value"":""0.0"",""label"":""No""},{""value"":""1.0"",""label"":""Yes""}]"
825,B10MMBWY03,Reason not attempted leg raise test: Current/recent hip problems,numeric,NOMINAL,-9.0 thru -8.0 and -1.0,"[{""value"":""-9.0"",""label"":""Refused""},{""value"":""-8.0"",""label"":""Not known""},{""value"":""-1.0"",""label"":""Not applicable""},{""value"":""0.0"",""label"":""No""},{""value"":""1.0"",""label"":""Yes""}]"
826,B10MMBWY04,Reason not attempted leg raise test: Current medical cond. affects balance,numeric,NOMINAL,-9.0 thru -8.0 and -1.0,"[{""value"":""-9.0"",""label"":""Refused""},{""value"":""-8.0"",""label"":""Not known""},{""value"":""-1.0"",""label"":""Not applicable""},{""value"":""0.0"",""label"":""No""},{""value"":""1.0"",""label"":""Yes""}]"
827,B10MMBWY94,Reason not attempted leg raise test (other spec): Other specific answer,numeric,NOMINAL,-9.0 thru -8.0 and -1.0,"[{""value"":""-9.0"",""label"":""Refused""},{""value"":""-8.0"",""label"":""Not known""},{""value"":""-1.0"",""label"":""Not applicable""},{""value"":""0.0"",""label"":""No""},{""value"":""1.0"",""label"":""Yes""}]"
828,B10MMBWY95,Reason not attempted leg raise test (other spec): Vague/Irrelevant answer,numeric,NOMINAL,-9.0 thru -8.0 and -1.0,"[{""value"":""-9.0"",""label"":""Refused""},{""value"":""-8.0"",""label"":""Not known""},{""value"":""-1.0"",""label"":""Not applicable""},{""value"":""0.0"",""label"":""No""},{""value"":""1.0"",""label"":""Yes""}]"
829,B10MMLOINT,Whether respondent feels it is safe to do leg raise (eyes open),numeric,NOMINAL,-9.0 thru -8.0 and -1.0,"[{""value"":""-9.0"",""label"":""Refused""},{""value"":""-8.0"",""label"":""Not known""},{""value"":""-1.0"",""label"":""Not applicable""},{""value"":""1.0"",""label"":""Yes""},{""value"":""2.0"",""label"":""No""}]"
830,B10MMLORE,Outcome of leg raise (eyes open),numeric,NOMINAL,-9.0 thru -8.0 and -1.0,"[{""value"":""-9.0"",""label"":""Refused""},{""value"":""-8.0"",""label"":""Not known""},{""value"":""-1.0"",""label"":""Not applicable""},{""value"":""1.0"",""label"":""Held for 30 seconds""},{""value"":""2.0"",""label"":""Held for less than 30 seconds""},{""value"":""3.0"",""label"":""Not attempted""}]"
831,B10MMLOTI,Number of seconds leg was raised (eyes open) - if less than 30,numeric,SCALE,-9.0 thru -8.0 and -1.0,"[{""value"":""-9.0"",""label"":""Refused""},{""value"":""-8.0"",""label"":""Not known""},{""value"":""-1.0"",""label"":""Not applicable""}]"
832,B10MMLONA,Reason leg raise test (eyes open) was not attempted,numeric,NOMINAL,-9.0 thru -8.0 and -1.0,"[{""value"":""-9.0"",""label"":""Refused""},{""value"":""-8.0"",""label"":""Not known""},{""value"":""-1.0"",""label"":""Not applicable""},{""value"":""1.0"",""label"":""Tried but unable""},{""value"":""2.0"",""label"":""CM could not hold position unassisted""},{""value"":""3.0"",""label"":""Not attempted, you felt unsafe""},{""value"":""4.0"",""label"":""Not attempted, participant felt unsafe""},{""value"":""5.0"",""label"":""CM could not understand intructions""},{""value"":""6.0"",""label"":""Participant refused""},{""value"":""7.0"",""label"":""Other reason""}]"
833,B10MMLSINT,Whether respondent feels it is safe to do leg raise (eyes closed),numeric,NOMINAL,-9.0 thru -8.0 and -1.0,"[{""value"":""-9.0"",""label"":""Refused""},{""value"":""-8.0"",""label"":""Not known""},{""value"":""-1.0"",""label"":""Not applicable""},{""value"":""1.0"",""label"":""Yes""},{""value"":""2.0"",""label"":""No""}]"
834,B10MMLSRE,Outcome of leg raise test (eyes closed),numeric,NOMINAL,-9.0 thru -8.0 and -1.0,"[{""value"":""-9.0"",""label"":""Refused""},{""value"":""-8.0"",""label"":""Not known""},{""value"":""-1.0"",""label"":""Not applicable""},{""value"":""1.0"",""label"":""Held for 30 seconds""},{""value"":""2.0"",""label"":""Held for less than 30 seconds""},{""value"":""3.0"",""label"":""Not attempted""}]"
835,B10MMLSTI,Number of seconds leg was raised (eyes closed) - if less than 30,numeric,SCALE,-9.0 thru -8.0 and -1.0,"[{""value"":""-9.0"",""label"":""Refused""},{""value"":""-8.0"",""label"":""Not known""},{""value"":""-1.0"",""label"":""Not applicable""}]"
836,B10MMLSNA,Reason leg raise test (eyes closed) was not attempted,numeric,NOMINAL,-9.0 thru -8.0 and -1.0,"[{""value"":""-9.0"",""label"":""Refused""},{""value"":""-8.0"",""label"":""Not known""},{""value"":""-1.0"",""label"":""Not applicable""},{""value"":""1.0"",""label"":""Tried but unable""},{""value"":""2.0"",""label"":""CM could not hold position unassisted""},{""value"":""3.0"",""label"":""Not attempted, you felt unsafe""},{""value"":""4.0"",""label"":""Not attempted, participant felt unsafe""},{""value"":""5.0"",""label"":""CM could not understand intructions""},{""value"":""6.0"",""label"":""Participant refused""},{""value"":""7.0"",""label"":""Other reason""}]"
837,B10ANTICO,Whether any anti-coagulant drugs recorded in health module,numeric,NOMINAL,-9.0 thru -8.0 and -1.0,"[{""value"":""-9.0"",""label"":""Refused""},{""value"":""-8.0"",""label"":""Not known""},{""value"":""-1.0"",""label"":""Not applicable""},{""value"":""1.0"",""label"":""Yes""},{""value"":""2.0"",""label"":""No""}]"
838,B10CLOTB,Whether has clotting or bleeding disorder/ on anti-coagulant drugs,numeric,NOMINAL,-9.0 thru -8.0 and -1.0,"[{""value"":""-9.0"",""label"":""Refused""},{""value"":""-8.0"",""label"":""Not known""},{""value"":""-1.0"",""label"":""Not applicable""},{""value"":""1.0"",""label"":""Yes""},{""value"":""2.0"",""label"":""No""}]"
839,B10FIT,Whether has had a fit in the last 5 years,numeric,NOMINAL,-9.0 thru -8.0 and -1.0,"[{""value"":""-9.0"",""label"":""Refused""},{""value"":""-8.0"",""label"":""Not known""},{""value"":""-1.0"",""label"":""Not applicable""},{""value"":""1.0"",""label"":""Yes""},{""value"":""2.0"",""label"":""No""}]"
840,B10BSWILL,Whether willing to have blood sample taken,numeric,NOMINAL,-9.0 thru -8.0 and -1.0,"[{""value"":""-9.0"",""label"":""Refused""},{""value"":""-8.0"",""label"":""Not known""},{""value"":""-1.0"",""label"":""Not applicable""},{""value"":""1.0"",""label"":""Yes""},{""value"":""2.0"",""label"":""No""},{""value"":""3.0"",""label"":""Unable to measure (non-refusal reason)""}]"
841,B10BSWILL2,Specify reason (other than refusal) respondent is unable to give blood sample,numeric,SCALE,-9.0 thru -8.0 and -1.0,"[{""value"":""-9.0"",""label"":""Refused""},{""value"":""-8.0"",""label"":""Not known""},{""value"":""-1.0"",""label"":""Not applicable""},{""value"":""50.0"",""label"":""No visible/palpable veins""},{""value"":""51.0"",""label"":""Needle Phobia""},{""value"":""52.0"",""label"":""Previous difficulties with venepuncture""},{""value"":""53.0"",""label"":""CM recently gave blood/had health check""},{""value"":""54.0"",""label"":""Refused because of current illness""},{""value"":""94.0"",""label"":""Other specific answer""},{""value"":""95.0"",""label"":""Vague / Irrelevant answer""}]"
842,B10REFBS01,Reason blood sample refused: Previous difficulties with venepuncture,numeric,NOMINAL,-9.0 thru -8.0 and -1.0,"[{""value"":""-9.0"",""label"":""Refused""},{""value"":""-8.0"",""label"":""Not known""},{""value"":""-1.0"",""label"":""Not applicable""},{""value"":""0.0"",""label"":""No""},{""value"":""1.0"",""label"":""Yes""}]"
843,B10REFBS02,Reason blood sample refused: Dislike/fear of needles,numeric,NOMINAL,-9.0 thru -8.0 and -1.0,"[{""value"":""-9.0"",""label"":""Refused""},{""value"":""-8.0"",""label"":""Not known""},{""value"":""-1.0"",""label"":""Not applicable""},{""value"":""0.0"",""label"":""No""},{""value"":""1.0"",""label"":""Yes""}]"
844,B10REFBS03,Reason blood sample refused: CM recently had blood test/health check,numeric,NOMINAL,-9.0 thru -8.0 and -1.0,"[{""value"":""-9.0"",""label"":""Refused""},{""value"":""-8.0"",""label"":""Not known""},{""value"":""-1.0"",""label"":""Not applicable""},{""value"":""0.0"",""label"":""No""},{""value"":""1.0"",""label"":""Yes""}]"
845,B10REFBS04,Reason blood sample refused: Refused because of current illness,numeric,NOMINAL,-9.0 thru -8.0 and -1.0,"[{""value"":""-9.0"",""label"":""Refused""},{""value"":""-8.0"",""label"":""Not known""},{""value"":""-1.0"",""label"":""Not applicable""},{""value"":""0.0"",""label"":""No""},{""value"":""1.0"",""label"":""Yes""}]"
846,B10REFBS05,Reason blood sample refused: Worried about HIV or AIDS,numeric,NOMINAL,-9.0 thru -8.0 and -1.0,"[{""value"":""-9.0"",""label"":""Refused""},{""value"":""-8.0"",""label"":""Not known""},{""value"":""-1.0"",""label"":""Not applicable""},{""value"":""0.0"",""label"":""No""},{""value"":""1.0"",""label"":""Yes""}]"
847,B10REFBS50,Reason blood sample refused (other spec): Too intrusive,numeric,NOMINAL,-9.0 thru -8.0 and -1.0,"[{""value"":""-9.0"",""label"":""Refused""},{""value"":""-8.0"",""label"":""Not known""},{""value"":""-1.0"",""label"":""Not applicable""},{""value"":""0.0"",""label"":""No""},{""value"":""1.0"",""label"":""Yes""}]"
848,B10REFBS51,Reason blood sample refused (other spec): Just doesn't want to,numeric,NOMINAL,-9.0 thru -8.0 and -1.0,"[{""value"":""-9.0"",""label"":""Refused""},{""value"":""-8.0"",""label"":""Not known""},{""value"":""-1.0"",""label"":""Not applicable""},{""value"":""0.0"",""label"":""No""},{""value"":""1.0"",""label"":""Yes""}]"
849,B10REFBS52,Reason blood sample refused (other spec): Privacy concerns,numeric,NOMINAL,-9.0 thru -8.0 and -1.0,"[{""value"":""-9.0"",""label"":""Refused""},{""value"":""-8.0"",""label"":""Not known""},{""value"":""-1.0"",""label"":""Not applicable""},{""value"":""0.0"",""label"":""No""},{""value"":""1.0"",""label"":""Yes""}]"
850,B10REFBS94,Reason blood sample refused (other spec): Other specific answer,numeric,NOMINAL,-9.0 thru -8.0 and -1.0,"[{""value"":""-9.0"",""label"":""Refused""},{""value"":""-8.0"",""label"":""Not known""},{""value"":""-1.0"",""label"":""Not applicable""},{""value"":""0.0"",""label"":""No""},{""value"":""1.0"",""label"":""Yes""}]"
851,B10REFBS95,Reason blood sample refused (other spec): Vague/Irrelevant answer,numeric,NOMINAL,-9.0 thru -8.0 and -1.0,"[{""value"":""-9.0"",""label"":""Refused""},{""value"":""-8.0"",""label"":""Not known""},{""value"":""-1.0"",""label"":""Not applicable""},{""value"":""0.0"",""label"":""No""},{""value"":""1.0"",""label"":""Yes""}]"
852,B10GPSAM,Whether respondent registered with GP,numeric,NOMINAL,-9.0 thru -8.0 and -1.0,"[{""value"":""-9.0"",""label"":""Refused""},{""value"":""-8.0"",""label"":""Not known""},{""value"":""-1.0"",""label"":""Not applicable""},{""value"":""1.0"",""label"":""Respondent registered with GP""},{""value"":""2.0"",""label"":""Respondent not registered with GP""}]"
853,B10SENDSAM,Whether consents to blood results to GP,numeric,NOMINAL,-9.0 thru -8.0 and -1.0,"[{""value"":""-9.0"",""label"":""Refused""},{""value"":""-8.0"",""label"":""Not known""},{""value"":""-1.0"",""label"":""Not applicable""},{""value"":""1.0"",""label"":""Yes""},{""value"":""2.0"",""label"":""No""}]"
854,B10SENSAM,Reason for not wanting to send results to GP,numeric,NOMINAL,-9.0 thru -8.0 and -1.0,"[{""value"":""-9.0"",""label"":""Refused""},{""value"":""-8.0"",""label"":""Not known""},{""value"":""-1.0"",""label"":""Not applicable""},{""value"":""1.0"",""label"":""Hardly/never sees GP""},{""value"":""2.0"",""label"":""GP recently took blood sample""},{""value"":""3.0"",""label"":""Does not want to bother GP""},{""value"":""4.0"",""label"":""Other (PLEASE SPECIFY)""},{""value"":""50.0"",""label"":""Insurance implications""},{""value"":""51.0"",""label"":""Changing GP""},{""value"":""52.0"",""label"":""Does not want GP to have results""},{""value"":""53.0"",""label"":""Sees GP regularly""},{""value"":""54.0"",""label"":""Will share with GP if of concern""},{""value"":""94.0"",""label"":""Other specific answer""},{""value"":""95.0"",""label"":""Vague / Irrelevant answer""}]"
855,B10CONSTRB,Whether consents to store remaining blood for future analysis,numeric,NOMINAL,-9.0 thru -8.0 and -1.0,"[{""value"":""-9.0"",""label"":""Refused""},{""value"":""-8.0"",""label"":""Not known""},{""value"":""-1.0"",""label"":""Not applicable""},{""value"":""1.0"",""label"":""Storage consent given""},{""value"":""2.0"",""label"":""Consent refused""}]"
856,B10CONSDNA,Whether consents to DNA extraction and storage,numeric,NOMINAL,-9.0 thru -8.0 and -1.0,"[{""value"":""-9.0"",""label"":""Refused""},{""value"":""-8.0"",""label"":""Not known""},{""value"":""-1.0"",""label"":""Not applicable""},{""value"":""1.0"",""label"":""DNA consent given""},{""value"":""2.0"",""label"":""Consent refused""}]"
857,B10SAMPF1,Whether plain red tube filled,numeric,NOMINAL,-9.0 thru -8.0 and -1.0,"[{""value"":""-9.0"",""label"":""Refused""},{""value"":""-8.0"",""label"":""Not known""},{""value"":""-1.0"",""label"":""Not applicable""},{""value"":""1.0"",""label"":""Yes""},{""value"":""2.0"",""label"":""No""}]"
858,B10SAMPF2,Whether (first) purple EDTA tube filled (storage/DNA),numeric,NOMINAL,-9.0 thru -8.0 and -1.0,"[{""value"":""-9.0"",""label"":""Refused""},{""value"":""-8.0"",""label"":""Not known""},{""value"":""-1.0"",""label"":""Not applicable""},{""value"":""1.0"",""label"":""Yes""},{""value"":""2.0"",""label"":""No""}]"
859,B10SAMPF3,Whether (second) purple EDTA tube filled (analysis),numeric,NOMINAL,-9.0 thru -8.0 and -1.0,"[{""value"":""-9.0"",""label"":""Refused""},{""value"":""-8.0"",""label"":""Not known""},{""value"":""-1.0"",""label"":""Not applicable""},{""value"":""1.0"",""label"":""Yes""},{""value"":""2.0"",""label"":""No""}]"
860,B10SAMPTAK,Whether blood sample obtained,numeric,NOMINAL,-9.0 thru -8.0 and -1.0,"[{""value"":""-9.0"",""label"":""Refused""},{""value"":""-8.0"",""label"":""Not known""},{""value"":""-1.0"",""label"":""Not applicable""},{""value"":""1.0"",""label"":""Blood sample obtained""},{""value"":""2.0"",""label"":""No blood sample obtained""}]"
861,B10BINTM,Date of interview (blood) - Month,numeric,NOMINAL,-9.0 thru -8.0 and -1.0,"[{""value"":""-9.0"",""label"":""Not answered""},{""value"":""-8.0"",""label"":""Not known""},{""value"":""-1.0"",""label"":""Not applicable""}]"
862,B10BINTY,Date of interview (blood) - Year,numeric,SCALE,-9.0 thru -8.0 and -1.0,"[{""value"":""-9.0"",""label"":""Not answered""},{""value"":""-8.0"",""label"":""Not known""},{""value"":""-1.0"",""label"":""Not applicable""}]"
863,B10CHOL,Total cholesterol (mmol/L),numeric,SCALE,-9.0 thru -8.0 and -1.0,"[{""value"":""-9.0"",""label"":""Refused""},{""value"":""-8.0"",""label"":""Sample unsuitable for analysis""},{""value"":""-1.0"",""label"":""Not applicable""}]"
864,B10HDL,HDL cholesterol (mmol/L),numeric,SCALE,-9.0 thru -8.0 and -1.0,"[{""value"":""-9.0"",""label"":""Refused""},{""value"":""-8.0"",""label"":""Sample unsuitable for analysis""},{""value"":""-1.0"",""label"":""Not applicable""}]"
865,B10HBA1C,Glycated haemoglobin (mmol/mol),numeric,SCALE,-9.0 thru -8.0 and -1.0,"[{""value"":""-9.0"",""label"":""Refused""},{""value"":""-8.0"",""label"":""Sample unsuitable for analysis""},{""value"":""-1.0"",""label"":""Not applicable""}]"
866,B10HSCRP,C-reactive protein (mg/L),numeric,SCALE,-9.0 thru -8.0 and -1.0,"[{""value"":""-9.0"",""label"":""Refused""},{""value"":""-8.0"",""label"":""Sample unsuitable for analysis""},{""value"":""-1.0"",""label"":""Not applicable""}]"
867,B10IGF1,Insulin-like growth factor 1 (IDS Method) (nmol/L),numeric,SCALE,-9.0 thru -8.0 and -1.0,"[{""value"":""-9.0"",""label"":""Refused""},{""value"":""-8.0"",""label"":""Sample unsuitable for analysis""},{""value"":""-1.0"",""label"":""Not applicable""}]"
868,B10RTIN,Ferritin (ug/L),numeric,SCALE,-9.0 thru -8.0 and -1.0,"[{""value"":""-9.0"",""label"":""Refused""},{""value"":""-8.0"",""label"":""Sample unsuitable for analysis""},{""value"":""-1.0"",""label"":""Not applicable""}]"
869,B10TRIG,Triglycerides (mmol/L),numeric,SCALE,-9.0 thru -8.0 and -1.0,"[{""value"":""-9.0"",""label"":""Refused""},{""value"":""-8.0"",""label"":""Sample unsuitable for analysis""},{""value"":""-1.0"",""label"":""Not applicable""}]"
870,B10USCMG,CMV IgG result,numeric,NOMINAL,-9.0 thru -8.0 and -1.0,"[{""value"":""-9.0"",""label"":""Refused""},{""value"":""-8.0"",""label"":""Sample unsuitable for analysis""},{""value"":""-1.0"",""label"":""Not applicable""}]"
871,B10USCMM,CMV IgM result,numeric,NOMINAL,-9.0 thru -8.0 and -1.0,"[{""value"":""-9.0"",""label"":""Refused""},{""value"":""-8.0"",""label"":""Sample unsuitable for analysis""},{""value"":""-1.0"",""label"":""Not applicable""}]"
872,B10CMVAVC,CMV avidity result,numeric,NOMINAL,-9.0 thru -8.0 and -1.0,"[{""value"":""-9.0"",""label"":""Refused""},{""value"":""-8.0"",""label"":""Don't know""},{""value"":""-1.0"",""label"":""Not applicable""},{""value"":""1.0"",""label"":""Avidity index low""},{""value"":""2.0"",""label"":""Avidity index high""},{""value"":""3.0"",""label"":""Indeterminate""}]"
873,B10RBC,Red Blood Cell count (g/L),numeric,SCALE,-9.0 thru -8.0 and -1.0,"[{""value"":""-9.0"",""label"":""Refused""},{""value"":""-8.0"",""label"":""Sample unsuitable for analysis""},{""value"":""-1.0"",""label"":""Not applicable""}]"
874,B10CHLSMP,Condition of blood sample for cholesterol analysis,numeric,NOMINAL,-9.0 thru -8.0 and -1.0,"[{""value"":""-9.0"",""label"":""Refused""},{""value"":""-1.0"",""label"":""Not applicable""},{""value"":""1.0"",""label"":""Sample sufficient for analysis""},{""value"":""2.0"",""label"":""Not analysed - Insufficient sample""},{""value"":""3.0"",""label"":""Not analysed - Haemolysed""},{""value"":""4.0"",""label"":""Not analysed - Old sample - unsuitable""},{""value"":""5.0"",""label"":""Not analysed - Clotted""}]"
875,B10HDLSMP,Condition of blood sample for HDL cholesterol analysis,numeric,NOMINAL,-9.0 thru -8.0 and -1.0,"[{""value"":""-9.0"",""label"":""Refused""},{""value"":""-1.0"",""label"":""Not applicable""},{""value"":""1.0"",""label"":""Sample sufficient for analysis""},{""value"":""2.0"",""label"":""Not analysed - Insufficient sample""},{""value"":""3.0"",""label"":""Not analysed - Haemolysed""},{""value"":""4.0"",""label"":""Not analysed - Old sample - unsuitable""},{""value"":""5.0"",""label"":""Not analysed - Clotted""}]"
876,B10HBASMP,Condition of blood sample for Glycated haemoglobin analysis,numeric,NOMINAL,-9.0 thru -8.0 and -1.0,"[{""value"":""-9.0"",""label"":""Refused""},{""value"":""-1.0"",""label"":""Not applicable""},{""value"":""1.0"",""label"":""Sample sufficient for analysis""},{""value"":""2.0"",""label"":""Not analysed - Insufficient sample""},{""value"":""3.0"",""label"":""Not analysed - Haemolysed""},{""value"":""4.0"",""label"":""Not analysed - Old sample - unsuitable""},{""value"":""5.0"",""label"":""Not analysed - Clotted""}]"
877,B10HSCSMP,Condition of blood sample for C-reactive protein analysis,numeric,NOMINAL,-9.0 thru -8.0 and -1.0,"[{""value"":""-9.0"",""label"":""Refused""},{""value"":""-1.0"",""label"":""Not applicable""},{""value"":""1.0"",""label"":""Sample sufficient for analysis""},{""value"":""2.0"",""label"":""Not analysed - Insufficient sample""},{""value"":""3.0"",""label"":""Not analysed - Haemolysed""},{""value"":""4.0"",""label"":""Not analysed - Old sample - unsuitable""},{""value"":""5.0"",""label"":""Not analysed - Clotted""}]"
878,B10IGFSMP,Condition of blood sample for Insulin-like growth factor 1 analysis,numeric,NOMINAL,-9.0 thru -8.0 and -1.0,"[{""value"":""-9.0"",""label"":""Refused""},{""value"":""-1.0"",""label"":""Not applicable""},{""value"":""1.0"",""label"":""Sample sufficient for analysis""},{""value"":""2.0"",""label"":""Not analysed - Insufficient sample""},{""value"":""3.0"",""label"":""Not analysed - Haemolysed""},{""value"":""4.0"",""label"":""Not analysed - Old sample - unsuitable""},{""value"":""5.0"",""label"":""Not analysed - Clotted""}]"
879,B10RTNSMP,Condition of blood sample for Ferritin analysis,numeric,NOMINAL,-9.0 thru -8.0 and -1.0,"[{""value"":""-9.0"",""label"":""Refused""},{""value"":""-1.0"",""label"":""Not applicable""},{""value"":""1.0"",""label"":""Sample sufficient for analysis""},{""value"":""2.0"",""label"":""Not analysed - Insufficient sample""},{""value"":""3.0"",""label"":""Not analysed - Haemolysed""},{""value"":""4.0"",""label"":""Not analysed - Old sample - unsuitable""},{""value"":""5.0"",""label"":""Not analysed - Clotted""}]"
880,B10TRISMP,Condition of blood sample for Triglycerides analysis,numeric,NOMINAL,-9.0 thru -8.0 and -1.0,"[{""value"":""-9.0"",""label"":""Refused""},{""value"":""-1.0"",""label"":""Not applicable""},{""value"":""1.0"",""label"":""Sample sufficient for analysis""},{""value"":""2.0"",""label"":""Not analysed - Insufficient sample""},{""value"":""3.0"",""label"":""Not analysed - Haemolysed""},{""value"":""4.0"",""label"":""Not analysed - Old sample - unsuitable""},{""value"":""5.0"",""label"":""Not analysed - Clotted""}]"
881,B10USGSMP,Condition of blood sample for CMV IgG analysis,numeric,NOMINAL,-9.0 thru -8.0 and -1.0,"[{""value"":""-9.0"",""label"":""Refused""},{""value"":""-1.0"",""label"":""Not applicable""},{""value"":""1.0"",""label"":""Sample sufficient for analysis""},{""value"":""2.0"",""label"":""Not analysed - Insufficient sample""},{""value"":""3.0"",""label"":""Not analysed - Haemolysed""},{""value"":""4.0"",""label"":""Not analysed - Old sample - unsuitable""},{""value"":""5.0"",""label"":""Not analysed - Clotted""}]"
882,B10USMSMP,Condition of blood sample for CMV IgM analysis,numeric,NOMINAL,-9.0 thru -8.0 and -1.0,"[{""value"":""-9.0"",""label"":""Refused""},{""value"":""-1.0"",""label"":""Not applicable""},{""value"":""1.0"",""label"":""Sample sufficient for analysis""},{""value"":""2.0"",""label"":""Not analysed - Insufficient sample""},{""value"":""3.0"",""label"":""Not analysed - Haemolysed""},{""value"":""4.0"",""label"":""Not analysed - Old sample - unsuitable""},{""value"":""5.0"",""label"":""Not analysed - Clotted""}]"
883,B10RBCSMP,Condition of blood sample for Red Blood Cell count analysis,numeric,NOMINAL,-9.0 thru -8.0 and -1.0,"[{""value"":""-9.0"",""label"":""Refused""},{""value"":""-1.0"",""label"":""Not applicable""},{""value"":""1.0"",""label"":""Sample sufficient for analysis""},{""value"":""2.0"",""label"":""Not analysed - Insufficient sample""},{""value"":""3.0"",""label"":""Not analysed - Haemolysed""},{""value"":""4.0"",""label"":""Not analysed - Old sample - unsuitable""},{""value"":""5.0"",""label"":""Not analysed - Clotted""}]"
884,B10SAMPARM,Arm blood sample taken from,numeric,NOMINAL,-9.0 thru -8.0 and -1.0,"[{""value"":""-9.0"",""label"":""Refused""},{""value"":""-8.0"",""label"":""Not known""},{""value"":""-1.0"",""label"":""Not applicable""},{""value"":""1.0"",""label"":""Right""},{""value"":""2.0"",""label"":""Left""},{""value"":""3.0"",""label"":""Both""}]"
885,B10SAMDF01,Problems with taking blood if sample taken: No problem,numeric,NOMINAL,-9.0 thru -8.0 and -1.0,"[{""value"":""-9.0"",""label"":""Refused""},{""value"":""-8.0"",""label"":""Not known""},{""value"":""-1.0"",""label"":""Not applicable""},{""value"":""0.0"",""label"":""No""},{""value"":""1.0"",""label"":""Yes""}]"
886,B10SAMDF02,Problems with taking blood if sample taken: Incomplete sample,numeric,NOMINAL,-9.0 thru -8.0 and -1.0,"[{""value"":""-9.0"",""label"":""Refused""},{""value"":""-8.0"",""label"":""Not known""},{""value"":""-1.0"",""label"":""Not applicable""},{""value"":""0.0"",""label"":""No""},{""value"":""1.0"",""label"":""Yes""}]"
887,B10SAMDF03,Problems with taking blood if sample taken: Collapsing/poor veins,numeric,NOMINAL,-9.0 thru -8.0 and -1.0,"[{""value"":""-9.0"",""label"":""Refused""},{""value"":""-8.0"",""label"":""Not known""},{""value"":""-1.0"",""label"":""Not applicable""},{""value"":""0.0"",""label"":""No""},{""value"":""1.0"",""label"":""Yes""}]"
888,B10SAMDF04,Problems with taking blood if sample taken: Second attempt necessary,numeric,NOMINAL,-9.0 thru -8.0 and -1.0,"[{""value"":""-9.0"",""label"":""Refused""},{""value"":""-8.0"",""label"":""Not known""},{""value"":""-1.0"",""label"":""Not applicable""},{""value"":""0.0"",""label"":""No""},{""value"":""1.0"",""label"":""Yes""}]"
889,B10SAMDF05,Problems with taking blood if sample taken: CM felt faint/fainted during,numeric,NOMINAL,-9.0 thru -8.0 and -1.0,"[{""value"":""-9.0"",""label"":""Refused""},{""value"":""-8.0"",""label"":""Not known""},{""value"":""-1.0"",""label"":""Not applicable""},{""value"":""0.0"",""label"":""No""},{""value"":""1.0"",""label"":""Yes""}]"
890,B10SAMDF06,Problems with taking blood if sample taken: Unable to use tourniquet,numeric,NOMINAL,-9.0 thru -8.0 and -1.0,"[{""value"":""-9.0"",""label"":""Refused""},{""value"":""-8.0"",""label"":""Not known""},{""value"":""-1.0"",""label"":""Not applicable""},{""value"":""0.0"",""label"":""No""},{""value"":""1.0"",""label"":""Yes""}]"
891,B10SAMDF94,Problems with taking blood if sample taken (other spec): Oth specific answr,numeric,NOMINAL,-9.0 thru -8.0 and -1.0,"[{""value"":""-9.0"",""label"":""Refused""},{""value"":""-8.0"",""label"":""Not known""},{""value"":""-1.0"",""label"":""Not applicable""},{""value"":""0.0"",""label"":""No""},{""value"":""1.0"",""label"":""Yes""}]"
892,B10SAMDF95,Problems with taking blood if sample taken (other spec): Vague/Irrel answer,numeric,NOMINAL,-9.0 thru -8.0 and -1.0,"[{""value"":""-9.0"",""label"":""Refused""},{""value"":""-8.0"",""label"":""Not known""},{""value"":""-1.0"",""label"":""Not applicable""},{""value"":""0.0"",""label"":""No""},{""value"":""1.0"",""label"":""Yes""}]"
893,B10SNDRSAM,Whether consents to blood sample results sent to respondent,numeric,NOMINAL,-9.0 thru -8.0 and -1.0,"[{""value"":""-9.0"",""label"":""Refused""},{""value"":""-8.0"",""label"":""Not known""},{""value"":""-1.0"",""label"":""Not applicable""},{""value"":""1.0"",""label"":""Yes""},{""value"":""2.0"",""label"":""No""}]"
894,B10NOBSM01,Reason no blood sample obtained: No suitable/no palpable/collapsed vein,numeric,NOMINAL,-9.0 thru -8.0 and -1.0,"[{""value"":""-9.0"",""label"":""Refused""},{""value"":""-8.0"",""label"":""Not known""},{""value"":""-1.0"",""label"":""Not applicable""},{""value"":""0.0"",""label"":""No""},{""value"":""1.0"",""label"":""Yes""}]"
895,B10NOBSM02,Reason no blood sample obtained: CM was too anxious/nervous,numeric,NOMINAL,-9.0 thru -8.0 and -1.0,"[{""value"":""-9.0"",""label"":""Refused""},{""value"":""-8.0"",""label"":""Not known""},{""value"":""-1.0"",""label"":""Not applicable""},{""value"":""0.0"",""label"":""No""},{""value"":""1.0"",""label"":""Yes""}]"
896,B10NOBSM03,Reason no blood sample obtained: Respondent felt faint/fainted,numeric,NOMINAL,-9.0 thru -8.0 and -1.0,"[{""value"":""-9.0"",""label"":""Refused""},{""value"":""-8.0"",""label"":""Not known""},{""value"":""-1.0"",""label"":""Not applicable""},{""value"":""0.0"",""label"":""No""},{""value"":""1.0"",""label"":""Yes""}]"
897,B10NOBSM50,Reason no blood sample obtained (other spec): Does not consent,numeric,NOMINAL,-9.0 thru -8.0 and -1.0,"[{""value"":""-9.0"",""label"":""Refused""},{""value"":""-8.0"",""label"":""Not known""},{""value"":""-1.0"",""label"":""Not applicable""},{""value"":""0.0"",""label"":""No""},{""value"":""1.0"",""label"":""Yes""}]"
898,B10NOBSM51,Reason no blood sample obtained (other spec): Failed attempt then declined,numeric,NOMINAL,-9.0 thru -8.0 and -1.0,"[{""value"":""-9.0"",""label"":""Refused""},{""value"":""-8.0"",""label"":""Not known""},{""value"":""-1.0"",""label"":""Not applicable""},{""value"":""0.0"",""label"":""No""},{""value"":""1.0"",""label"":""Yes""}]"
899,B10NOBSM52,Reason no blood sample obtained (other spec): Always has issues giving blood,numeric,NOMINAL,-9.0 thru -8.0 and -1.0,"[{""value"":""-9.0"",""label"":""Refused""},{""value"":""-8.0"",""label"":""Not known""},{""value"":""-1.0"",""label"":""Not applicable""},{""value"":""0.0"",""label"":""No""},{""value"":""1.0"",""label"":""Yes""}]"
900,B10NOBSM94,Reason no blood sample obtained (other spec): Other specific answer,numeric,NOMINAL,-9.0 thru -8.0 and -1.0,"[{""value"":""-9.0"",""label"":""Refused""},{""value"":""-8.0"",""label"":""Not known""},{""value"":""-1.0"",""label"":""Not applicable""},{""value"":""0.0"",""label"":""No""},{""value"":""1.0"",""label"":""Yes""}]"
901,B10NOBSM95,Reason no blood sample obtained (other spec): Vague/Irrelevant answer,numeric,NOMINAL,-9.0 thru -8.0 and -1.0,"[{""value"":""-9.0"",""label"":""Refused""},{""value"":""-8.0"",""label"":""Not known""},{""value"":""-1.0"",""label"":""Not applicable""},{""value"":""0.0"",""label"":""No""},{""value"":""1.0"",""label"":""Yes""}]"
902,B10VPSYS,System used to obtain blood sample,numeric,NOMINAL,-9.0 thru -8.0 and -1.0,"[{""value"":""-9.0"",""label"":""Refused""},{""value"":""-8.0"",""label"":""Not known""},{""value"":""-1.0"",""label"":""Not applicable""},{""value"":""1.0"",""label"":""Vacutainer needle""},{""value"":""2.0"",""label"":""Butterfly needle""}]"
903,B10VPHAND,Respondent right or left handed (blood),numeric,NOMINAL,-9.0 thru -8.0 and -1.0,"[{""value"":""-9.0"",""label"":""Refused""},{""value"":""-8.0"",""label"":""Not known""},{""value"":""-1.0"",""label"":""Not applicable""},{""value"":""1.0"",""label"":""Left handed""},{""value"":""2.0"",""label"":""Right handed""}]"
904,B10VPARM,Arm from which blood sample was obtained,numeric,NOMINAL,-9.0 thru -8.0 and -1.0,"[{""value"":""-9.0"",""label"":""Refused""},{""value"":""-8.0"",""label"":""Not known""},{""value"":""-1.0"",""label"":""Not applicable""},{""value"":""1.0"",""label"":""Right arm""},{""value"":""2.0"",""label"":""Left arm""},{""value"":""3.0"",""label"":""Both""}]"
905,B10VPSKIN,Skin condition of arm used for blood sample,numeric,NOMINAL,-9.0 thru -8.0 and -1.0,"[{""value"":""-9.0"",""label"":""Refused""},{""value"":""-8.0"",""label"":""Not known""},{""value"":""-1.0"",""label"":""Not applicable""},{""value"":""1.0"",""label"":""Skin intact""},{""value"":""2.0"",""label"":""Skin not intact""}]"
906,B10VPALCO,Whether nurse used alcohol wipe for blood sample,numeric,NOMINAL,-9.0 thru -8.0 and -1.0,"[{""value"":""-9.0"",""label"":""Refused""},{""value"":""-8.0"",""label"":""Not known""},{""value"":""-1.0"",""label"":""Not applicable""},{""value"":""1.0"",""label"":""Yes""},{""value"":""2.0"",""label"":""No – water based wipe used""},{""value"":""3.0"",""label"":""No wipe used""}]"
907,B10VPSAM,Number of attempts made to take blood,numeric,NOMINAL,-9.0 thru -8.0 and -1.0,"[{""value"":""-9.0"",""label"":""Refused""},{""value"":""-8.0"",""label"":""Not known""},{""value"":""-1.0"",""label"":""Not applicable""},{""value"":""1.0"",""label"":""Sample taken on first attempt""},{""value"":""2.0"",""label"":""Sample taken on second attempt""},{""value"":""3.0"",""label"":""Both attempts failed""},{""value"":""4.0"",""label"":""1st attempt failed, 2nd not made""}]"
908,B10VPRESS1,Who applied pressure to puncture site after blood sample: Nurse,numeric,NOMINAL,-9.0 thru -8.0 and -1.0,"[{""value"":""-9.0"",""label"":""Refused""},{""value"":""-8.0"",""label"":""Not known""},{""value"":""-1.0"",""label"":""Not applicable""},{""value"":""0.0"",""label"":""No""},{""value"":""1.0"",""label"":""Yes""}]"
909,B10VPRESS2,Who applied pressure to puncture site after blood sample: Respondent,numeric,NOMINAL,-9.0 thru -8.0 and -1.0,"[{""value"":""-9.0"",""label"":""Refused""},{""value"":""-8.0"",""label"":""Not known""},{""value"":""-1.0"",""label"":""Not applicable""},{""value"":""0.0"",""label"":""No""},{""value"":""1.0"",""label"":""Yes""}]"
910,B10VPRESS3,Who applied pressure to puncture site after blood sample: Partner/spouse,numeric,NOMINAL,-9.0 thru -8.0 and -1.0,"[{""value"":""-9.0"",""label"":""Refused""},{""value"":""-8.0"",""label"":""Not known""},{""value"":""-1.0"",""label"":""Not applicable""},{""value"":""0.0"",""label"":""No""},{""value"":""1.0"",""label"":""Yes""}]"
911,B10VPRESS4,Who applied pressure to puncture site after blood sample: Don't know,numeric,NOMINAL,-9.0 thru -8.0 and -1.0,"[{""value"":""-9.0"",""label"":""Refused""},{""value"":""-8.0"",""label"":""Not known""},{""value"":""-1.0"",""label"":""Not applicable""},{""value"":""0.0"",""label"":""No""},{""value"":""1.0"",""label"":""Yes""}]"
912,B10VPSENS,Whether respondent is sensitive to tape or plaster,numeric,NOMINAL,-9.0 thru -8.0 and -1.0,"[{""value"":""-9.0"",""label"":""Refused""},{""value"":""-8.0"",""label"":""Not known""},{""value"":""-1.0"",""label"":""Not applicable""},{""value"":""1.0"",""label"":""Sensitive to tape/plaster""},{""value"":""2.0"",""label"":""Not sensitive to tape/plaster""},{""value"":""3.0"",""label"":""Did not check""}]"
913,B10VPROB02,Abnormality noted 5 mins after blood test: Haematoma,numeric,NOMINAL,-9.0 thru -8.0 and -1.0,"[{""value"":""-9.0"",""label"":""Refused""},{""value"":""-8.0"",""label"":""Not known""},{""value"":""-1.0"",""label"":""Not applicable""},{""value"":""0.0"",""label"":""No""},{""value"":""1.0"",""label"":""Yes""}]"
914,B10VPROB03,Abnormality noted 5 mins after blood test: Swelling,numeric,NOMINAL,-9.0 thru -8.0 and -1.0,"[{""value"":""-9.0"",""label"":""Refused""},{""value"":""-8.0"",""label"":""Not known""},{""value"":""-1.0"",""label"":""Not applicable""},{""value"":""0.0"",""label"":""No""},{""value"":""1.0"",""label"":""Yes""}]"
915,B10VPROB05,Abnormality noted 5 mins after blood test (other spec): None,numeric,NOMINAL,-9.0 thru -8.0 and -1.0,"[{""value"":""-9.0"",""label"":""Refused""},{""value"":""-8.0"",""label"":""Not known""},{""value"":""-1.0"",""label"":""Not applicable""},{""value"":""0.0"",""label"":""No""},{""value"":""1.0"",""label"":""Yes""}]"
916,B10VPROB50,Abnormality noted 5 mins after blood test (other spec): Bruise,numeric,NOMINAL,-9.0 thru -8.0 and -1.0,"[{""value"":""-9.0"",""label"":""Refused""},{""value"":""-8.0"",""label"":""Not known""},{""value"":""-1.0"",""label"":""Not applicable""},{""value"":""0.0"",""label"":""No""},{""value"":""1.0"",""label"":""Yes""}]"
917,B10VPROB94,Abnormality noted 5 mins after blood test (other spec): Other specific answer,numeric,NOMINAL,-9.0 thru -8.0 and -1.0,"[{""value"":""-9.0"",""label"":""Refused""},{""value"":""-8.0"",""label"":""Not known""},{""value"":""-1.0"",""label"":""Not applicable""},{""value"":""0.0"",""label"":""No""},{""value"":""1.0"",""label"":""Yes""}]"
918,B10Q1A,WEMWB: Past 2 weeks how often CM felt optimistic about the future,numeric,NOMINAL,-9.0 thru -8.0 and -1.0,"[{""value"":""-9.0"",""label"":""Not answered""},{""value"":""-8.0"",""label"":""Invalid answer, mulitple responses""},{""value"":""-1.0"",""label"":""Not applicable""},{""value"":""1.0"",""label"":""None of the time""},{""value"":""2.0"",""label"":""Rarely""},{""value"":""3.0"",""label"":""Some of the time""},{""value"":""4.0"",""label"":""Often""},{""value"":""5.0"",""label"":""All of the time""}]"
919,B10Q1B,WEMWB: Past 2 weeks how often CM felt useful,numeric,NOMINAL,-9.0 thru -8.0 and -1.0,"[{""value"":""-9.0"",""label"":""Not answered""},{""value"":""-8.0"",""label"":""Invalid answer, mulitple responses""},{""value"":""-1.0"",""label"":""Not applicable""},{""value"":""1.0"",""label"":""None of the time""},{""value"":""2.0"",""label"":""Rarely""},{""value"":""3.0"",""label"":""Some of the time""},{""value"":""4.0"",""label"":""Often""},{""value"":""5.0"",""label"":""All of the time""}]"
920,B10Q1C,WEMWB: Past 2 weeks how often CM felt relaxed,numeric,NOMINAL,-9.0 thru -8.0 and -1.0,"[{""value"":""-9.0"",""label"":""Not answered""},{""value"":""-8.0"",""label"":""Invalid answer, mulitple responses""},{""value"":""-1.0"",""label"":""Not applicable""},{""value"":""1.0"",""label"":""None of the time""},{""value"":""2.0"",""label"":""Rarely""},{""value"":""3.0"",""label"":""Some of the time""},{""value"":""4.0"",""label"":""Often""},{""value"":""5.0"",""label"":""All of the time""}]"
921,B10Q1D,WEMWB: Past 2 weeks how often CM felt interested in other people,numeric,NOMINAL,-9.0 thru -8.0 and -1.0,"[{""value"":""-9.0"",""label"":""Not answered""},{""value"":""-8.0"",""label"":""Invalid answer, mulitple responses""},{""value"":""-1.0"",""label"":""Not applicable""},{""value"":""1.0"",""label"":""None of the time""},{""value"":""2.0"",""label"":""Rarely""},{""value"":""3.0"",""label"":""Some of the time""},{""value"":""4.0"",""label"":""Often""},{""value"":""5.0"",""label"":""All of the time""}]"
922,B10Q1E,WEMWB: Past 2 weeks how often CM had energy to spare,numeric,NOMINAL,-9.0 thru -8.0 and -1.0,"[{""value"":""-9.0"",""label"":""Not answered""},{""value"":""-8.0"",""label"":""Invalid answer, mulitple responses""},{""value"":""-1.0"",""label"":""Not applicable""},{""value"":""1.0"",""label"":""None of the time""},{""value"":""2.0"",""label"":""Rarely""},{""value"":""3.0"",""label"":""Some of the time""},{""value"":""4.0"",""label"":""Often""},{""value"":""5.0"",""label"":""All of the time""}]"
923,B10Q1F,WEMWB: Past 2 weeks how often CM been dealing with problems well,numeric,NOMINAL,-9.0 thru -8.0 and -1.0,"[{""value"":""-9.0"",""label"":""Not answered""},{""value"":""-8.0"",""label"":""Invalid answer, mulitple responses""},{""value"":""-1.0"",""label"":""Not applicable""},{""value"":""1.0"",""label"":""None of the time""},{""value"":""2.0"",""label"":""Rarely""},{""value"":""3.0"",""label"":""Some of the time""},{""value"":""4.0"",""label"":""Often""},{""value"":""5.0"",""label"":""All of the time""}]"
924,B10Q1G,WEMWB: Past 2 weeks how often CM been thinking clearly,numeric,NOMINAL,-9.0 thru -8.0 and -1.0,"[{""value"":""-9.0"",""label"":""Not answered""},{""value"":""-8.0"",""label"":""Invalid answer, mulitple responses""},{""value"":""-1.0"",""label"":""Not applicable""},{""value"":""1.0"",""label"":""None of the time""},{""value"":""2.0"",""label"":""Rarely""},{""value"":""3.0"",""label"":""Some of the time""},{""value"":""4.0"",""label"":""Often""},{""value"":""5.0"",""label"":""All of the time""}]"
925,B10Q1H,WEMWB: Past 2 weeks how often CM been feeling good about self,numeric,NOMINAL,-9.0 thru -8.0 and -1.0,"[{""value"":""-9.0"",""label"":""Not answered""},{""value"":""-8.0"",""label"":""Invalid answer, mulitple responses""},{""value"":""-1.0"",""label"":""Not applicable""},{""value"":""1.0"",""label"":""None of the time""},{""value"":""2.0"",""label"":""Rarely""},{""value"":""3.0"",""label"":""Some of the time""},{""value"":""4.0"",""label"":""Often""},{""value"":""5.0"",""label"":""All of the time""}]"
926,B10Q1I,WEMWB: Past 2 weeks how often CM been feeling close to other people,numeric,NOMINAL,-9.0 thru -8.0 and -1.0,"[{""value"":""-9.0"",""label"":""Not answered""},{""value"":""-8.0"",""label"":""Invalid answer, mulitple responses""},{""value"":""-1.0"",""label"":""Not applicable""},{""value"":""1.0"",""label"":""None of the time""},{""value"":""2.0"",""label"":""Rarely""},{""value"":""3.0"",""label"":""Some of the time""},{""value"":""4.0"",""label"":""Often""},{""value"":""5.0"",""label"":""All of the time""}]"
927,B10Q1J,WEMWB: Past 2 weeks how often CM been feeling confident,numeric,NOMINAL,-9.0 thru -8.0 and -1.0,"[{""value"":""-9.0"",""label"":""Not answered""},{""value"":""-8.0"",""label"":""Invalid answer, mulitple responses""},{""value"":""-1.0"",""label"":""Not applicable""},{""value"":""1.0"",""label"":""None of the time""},{""value"":""2.0"",""label"":""Rarely""},{""value"":""3.0"",""label"":""Some of the time""},{""value"":""4.0"",""label"":""Often""},{""value"":""5.0"",""label"":""All of the time""}]"
928,B10Q1K,WEMWB: Past 2 weeks how often CM been able to make up own mind about things,numeric,NOMINAL,-9.0 thru -8.0 and -1.0,"[{""value"":""-9.0"",""label"":""Not answered""},{""value"":""-8.0"",""label"":""Invalid answer, mulitple responses""},{""value"":""-1.0"",""label"":""Not applicable""},{""value"":""1.0"",""label"":""None of the time""},{""value"":""2.0"",""label"":""Rarely""},{""value"":""3.0"",""label"":""Some of the time""},{""value"":""4.0"",""label"":""Often""},{""value"":""5.0"",""label"":""All of the time""}]"
929,B10Q1L,WEMWB: Past 2 weeks how often CM been feeling loved,numeric,NOMINAL,-9.0 thru -8.0 and -1.0,"[{""value"":""-9.0"",""label"":""Not answered""},{""value"":""-8.0"",""label"":""Invalid answer, mulitple responses""},{""value"":""-1.0"",""label"":""Not applicable""},{""value"":""1.0"",""label"":""None of the time""},{""value"":""2.0"",""label"":""Rarely""},{""value"":""3.0"",""label"":""Some of the time""},{""value"":""4.0"",""label"":""Often""},{""value"":""5.0"",""label"":""All of the time""}]"
930,B10Q1M,WEMWB: Past 2 weeks how often CM been interested in new things,numeric,NOMINAL,-9.0 thru -8.0 and -1.0,"[{""value"":""-9.0"",""label"":""Not answered""},{""value"":""-8.0"",""label"":""Invalid answer, mulitple responses""},{""value"":""-1.0"",""label"":""Not applicable""},{""value"":""1.0"",""label"":""None of the time""},{""value"":""2.0"",""label"":""Rarely""},{""value"":""3.0"",""label"":""Some of the time""},{""value"":""4.0"",""label"":""Often""},{""value"":""5.0"",""label"":""All of the time""}]"
931,B10Q1N,WEMWB: Past 2 weeks how often CM been feeling cheerful,numeric,NOMINAL,-9.0 thru -8.0 and -1.0,"[{""value"":""-9.0"",""label"":""Not answered""},{""value"":""-8.0"",""label"":""Invalid answer, mulitple responses""},{""value"":""-1.0"",""label"":""Not applicable""},{""value"":""1.0"",""label"":""None of the time""},{""value"":""2.0"",""label"":""Rarely""},{""value"":""3.0"",""label"":""Some of the time""},{""value"":""4.0"",""label"":""Often""},{""value"":""5.0"",""label"":""All of the time""}]"
932,B10Q2A,"How CM's health limits: Vigorous activities (running, lifting heavy objects)",numeric,NOMINAL,-9.0 thru -8.0 and -1.0,"[{""value"":""-9.0"",""label"":""Not answered""},{""value"":""-8.0"",""label"":""Invalid answer, multiple responses""},{""value"":""-1.0"",""label"":""Not applicable""},{""value"":""1.0"",""label"":""Yes, limited a lot""},{""value"":""2.0"",""label"":""Yes, limited a little""},{""value"":""3.0"",""label"":""No, not limited at all""}]"
933,B10Q2B,"How CM's health limits: Moderate activities (pushing vacuum, bowling, golf)",numeric,NOMINAL,-9.0 thru -8.0 and -1.0,"[{""value"":""-9.0"",""label"":""Not answered""},{""value"":""-8.0"",""label"":""Invalid answer, multiple responses""},{""value"":""-1.0"",""label"":""Not applicable""},{""value"":""1.0"",""label"":""Yes, limited a lot""},{""value"":""2.0"",""label"":""Yes, limited a little""},{""value"":""3.0"",""label"":""No, not limited at all""}]"
934,B10Q2C,How CM's health limits: Lifting or carrying groceries,numeric,NOMINAL,-9.0 thru -8.0 and -1.0,"[{""value"":""-9.0"",""label"":""Not answered""},{""value"":""-8.0"",""label"":""Invalid answer, multiple responses""},{""value"":""-1.0"",""label"":""Not applicable""},{""value"":""1.0"",""label"":""Yes, limited a lot""},{""value"":""2.0"",""label"":""Yes, limited a little""},{""value"":""3.0"",""label"":""No, not limited at all""}]"
935,B10Q2D,How CM's health limits: Climbing several flights of stairs,numeric,NOMINAL,-9.0 thru -8.0 and -1.0,"[{""value"":""-9.0"",""label"":""Not answered""},{""value"":""-8.0"",""label"":""Invalid answer, multiple responses""},{""value"":""-1.0"",""label"":""Not applicable""},{""value"":""1.0"",""label"":""Yes, limited a lot""},{""value"":""2.0"",""label"":""Yes, limited a little""},{""value"":""3.0"",""label"":""No, not limited at all""}]"
936,B10Q2E,How CM's health limits: Climbing one flight of stairs,numeric,NOMINAL,-9.0 thru -8.0 and -1.0,"[{""value"":""-9.0"",""label"":""Not answered""},{""value"":""-8.0"",""label"":""Invalid answer, multiple responses""},{""value"":""-1.0"",""label"":""Not applicable""},{""value"":""1.0"",""label"":""Yes, limited a lot""},{""value"":""2.0"",""label"":""Yes, limited a little""},{""value"":""3.0"",""label"":""No, not limited at all""}]"
937,B10Q2F,"How CM's health limits: Bending, kneeling or stooping",numeric,NOMINAL,-9.0 thru -8.0 and -1.0,"[{""value"":""-9.0"",""label"":""Not answered""},{""value"":""-8.0"",""label"":""Invalid answer, multiple responses""},{""value"":""-1.0"",""label"":""Not applicable""},{""value"":""1.0"",""label"":""Yes, limited a lot""},{""value"":""2.0"",""label"":""Yes, limited a little""},{""value"":""3.0"",""label"":""No, not limited at all""}]"
938,B10Q2G,How CM's health limits: Walking more than one mile,numeric,NOMINAL,-9.0 thru -8.0 and -1.0,"[{""value"":""-9.0"",""label"":""Not answered""},{""value"":""-8.0"",""label"":""Invalid answer, multiple responses""},{""value"":""-1.0"",""label"":""Not applicable""},{""value"":""1.0"",""label"":""Yes, limited a lot""},{""value"":""2.0"",""label"":""Yes, limited a little""},{""value"":""3.0"",""label"":""No, not limited at all""}]"
939,B10Q2H,How CM's health limits: Walking half a mile,numeric,NOMINAL,-9.0 thru -8.0 and -1.0,"[{""value"":""-9.0"",""label"":""Not answered""},{""value"":""-8.0"",""label"":""Invalid answer, multiple responses""},{""value"":""-1.0"",""label"":""Not applicable""},{""value"":""1.0"",""label"":""Yes, limited a lot""},{""value"":""2.0"",""label"":""Yes, limited a little""},{""value"":""3.0"",""label"":""No, not limited at all""}]"
940,B10Q2I,How CM's health limits: Walking 100 yards,numeric,NOMINAL,-9.0 thru -8.0 and -1.0,"[{""value"":""-9.0"",""label"":""Not answered""},{""value"":""-8.0"",""label"":""Invalid answer, multiple responses""},{""value"":""-1.0"",""label"":""Not applicable""},{""value"":""1.0"",""label"":""Yes, limited a lot""},{""value"":""2.0"",""label"":""Yes, limited a little""},{""value"":""3.0"",""label"":""No, not limited at all""}]"
941,B10Q2J,How CM's health limits: Bathing or dressing self,numeric,NOMINAL,-9.0 thru -8.0 and -1.0,"[{""value"":""-9.0"",""label"":""Not answered""},{""value"":""-8.0"",""label"":""Invalid answer, multiple responses""},{""value"":""-1.0"",""label"":""Not applicable""},{""value"":""1.0"",""label"":""Yes, limited a lot""},{""value"":""2.0"",""label"":""Yes, limited a little""},{""value"":""3.0"",""label"":""No, not limited at all""}]"
942,B10Q3A,Past 4 weeks CM's phys health: cut down time spent on work/other activities,numeric,NOMINAL,-9.0 thru -8.0 and -1.0,"[{""value"":""-9.0"",""label"":""Not answered""},{""value"":""-8.0"",""label"":""Invalid answer, mulitple responses""},{""value"":""-1.0"",""label"":""Not applicable""},{""value"":""1.0"",""label"":""Yes""},{""value"":""2.0"",""label"":""No""}]"
943,B10Q3B,Past 4 weeks CM's phys health: limited the kind of work/activities able to do,numeric,NOMINAL,-9.0 thru -8.0 and -1.0,"[{""value"":""-9.0"",""label"":""Not answered""},{""value"":""-8.0"",""label"":""Invalid answer, mulitple responses""},{""value"":""-1.0"",""label"":""Not applicable""},{""value"":""1.0"",""label"":""Yes""},{""value"":""2.0"",""label"":""No""}]"
944,B10Q3C,Past 4 weeks CM's phys health: meant they accomplished less than would like to,numeric,NOMINAL,-9.0 thru -8.0 and -1.0,"[{""value"":""-9.0"",""label"":""Not answered""},{""value"":""-8.0"",""label"":""Invalid answer, mulitple responses""},{""value"":""-1.0"",""label"":""Not applicable""},{""value"":""1.0"",""label"":""Yes""},{""value"":""2.0"",""label"":""No""}]"
945,B10Q3D,Past 4 weeks CM's phys health: meant had difficulty performing work/activities,numeric,NOMINAL,-9.0 thru -8.0 and -1.0,"[{""value"":""-9.0"",""label"":""Not answered""},{""value"":""-8.0"",""label"":""Invalid answer, mulitple responses""},{""value"":""-1.0"",""label"":""Not applicable""},{""value"":""1.0"",""label"":""Yes""},{""value"":""2.0"",""label"":""No""}]"
946,B10Q4A,Past 4 weeks CM's emo probs: cut down time spent on work/other activities,numeric,NOMINAL,-9.0 thru -8.0 and -1.0,"[{""value"":""-9.0"",""label"":""Not answered""},{""value"":""-8.0"",""label"":""Invalid answer, mulitple responses""},{""value"":""-1.0"",""label"":""Not applicable""},{""value"":""1.0"",""label"":""Yes""},{""value"":""2.0"",""label"":""No""}]"
947,B10Q4B,Past 4 weeks CM's emo probs: meant they accomplished less than would like to,numeric,NOMINAL,-9.0 thru -8.0 and -1.0,"[{""value"":""-9.0"",""label"":""Not answered""},{""value"":""-8.0"",""label"":""Invalid answer, mulitple responses""},{""value"":""-1.0"",""label"":""Not applicable""},{""value"":""1.0"",""label"":""Yes""},{""value"":""2.0"",""label"":""No""}]"
948,B10Q4C,Past 4 weeks CM's emo probs: meant not done work/activities carefully as usual,numeric,NOMINAL,-9.0 thru -8.0 and -1.0,"[{""value"":""-9.0"",""label"":""Not answered""},{""value"":""-8.0"",""label"":""Invalid answer, mulitple responses""},{""value"":""-1.0"",""label"":""Not applicable""},{""value"":""1.0"",""label"":""Yes""},{""value"":""2.0"",""label"":""No""}]"
949,B10Q5,Past 4 weeks extent CM's phys or emo probs interfered with social activities,numeric,NOMINAL,-9.0 thru -8.0 and -1.0,"[{""value"":""-9.0"",""label"":""Not answered""},{""value"":""-8.0"",""label"":""Invalid answer, mulitple responses""},{""value"":""-1.0"",""label"":""Not applicable""},{""value"":""1.0"",""label"":""Not at all""},{""value"":""2.0"",""label"":""Slightly""},{""value"":""3.0"",""label"":""Moderately""},{""value"":""4.0"",""label"":""Quite a bit""},{""value"":""5.0"",""label"":""Extremely""}]"
950,B10Q6,Past 4 weeks how much bodily pain CM has had,numeric,NOMINAL,-9.0 thru -8.0 and -1.0,"[{""value"":""-9.0"",""label"":""Not answered""},{""value"":""-8.0"",""label"":""Invalid answer, mulitple responses""},{""value"":""-1.0"",""label"":""Not applicable""},{""value"":""1.0"",""label"":""None""},{""value"":""2.0"",""label"":""Very mild""},{""value"":""3.0"",""label"":""Mild""},{""value"":""4.0"",""label"":""Moderate""},{""value"":""5.0"",""label"":""Severe""},{""value"":""6.0"",""label"":""Very severe""}]"
951,B10Q7,Past 4 weeks how much did pain interfere with CM's normal work in/out of home,numeric,NOMINAL,-9.0 thru -8.0 and -1.0,"[{""value"":""-9.0"",""label"":""Not answered""},{""value"":""-8.0"",""label"":""Invalid answer, mulitple responses""},{""value"":""-1.0"",""label"":""Not applicable""},{""value"":""1.0"",""label"":""Not at all""},{""value"":""2.0"",""label"":""Slightly""},{""value"":""3.0"",""label"":""Moderately""},{""value"":""4.0"",""label"":""Quite a bit""},{""value"":""5.0"",""label"":""Extremely""}]"
952,B10Q8A,Past 4 weeks how much time CM: felt full of life,numeric,NOMINAL,-9.0 thru -8.0 and -1.0,"[{""value"":""-9.0"",""label"":""Not answered""},{""value"":""-8.0"",""label"":""Invalid answer, mulitple responses""},{""value"":""-1.0"",""label"":""Not applicable""},{""value"":""1.0"",""label"":""All of the time""},{""value"":""2.0"",""label"":""Most of the time""},{""value"":""3.0"",""label"":""Some of the time""},{""value"":""4.0"",""label"":""A good bit of the time""},{""value"":""5.0"",""label"":""A little of the time""},{""value"":""6.0"",""label"":""None of the time""}]"
953,B10Q8B,Past 4 weeks how much time CM: been a very nervous person,numeric,NOMINAL,-9.0 thru -8.0 and -1.0,"[{""value"":""-9.0"",""label"":""Not answered""},{""value"":""-8.0"",""label"":""Invalid answer, mulitple responses""},{""value"":""-1.0"",""label"":""Not applicable""},{""value"":""1.0"",""label"":""All of the time""},{""value"":""2.0"",""label"":""Most of the time""},{""value"":""3.0"",""label"":""Some of the time""},{""value"":""4.0"",""label"":""A good bit of the time""},{""value"":""5.0"",""label"":""A little of the time""},{""value"":""6.0"",""label"":""None of the time""}]"
954,B10Q8C,Past 4 weeks how much time CM: felt so down nothing could cheer them up,numeric,NOMINAL,-9.0 thru -8.0 and -1.0,"[{""value"":""-9.0"",""label"":""Not answered""},{""value"":""-8.0"",""label"":""Invalid answer, mulitple responses""},{""value"":""-1.0"",""label"":""Not applicable""},{""value"":""1.0"",""label"":""All of the time""},{""value"":""2.0"",""label"":""Most of the time""},{""value"":""3.0"",""label"":""Some of the time""},{""value"":""4.0"",""label"":""A good bit of the time""},{""value"":""5.0"",""label"":""A little of the time""},{""value"":""6.0"",""label"":""None of the time""}]"
955,B10Q8D,Past 4 weeks how much time CM: felt calm and cheerful,numeric,NOMINAL,-9.0 thru -8.0 and -1.0,"[{""value"":""-9.0"",""label"":""Not answered""},{""value"":""-8.0"",""label"":""Invalid answer, mulitple responses""},{""value"":""-1.0"",""label"":""Not applicable""},{""value"":""1.0"",""label"":""All of the time""},{""value"":""2.0"",""label"":""Most of the time""},{""value"":""3.0"",""label"":""Some of the time""},{""value"":""4.0"",""label"":""A good bit of the time""},{""value"":""5.0"",""label"":""A little of the time""},{""value"":""6.0"",""label"":""None of the time""}]"
956,B10Q8E,Past 4 weeks how much time CM: had a lot of energy,numeric,NOMINAL,-9.0 thru -8.0 and -1.0,"[{""value"":""-9.0"",""label"":""Not answered""},{""value"":""-8.0"",""label"":""Invalid answer, mulitple responses""},{""value"":""-1.0"",""label"":""Not applicable""},{""value"":""1.0"",""label"":""All of the time""},{""value"":""2.0"",""label"":""Most of the time""},{""value"":""3.0"",""label"":""Some of the time""},{""value"":""4.0"",""label"":""A good bit of the time""},{""value"":""5.0"",""label"":""A little of the time""},{""value"":""6.0"",""label"":""None of the time""}]"
957,B10Q8F,Past 4 weeks how much time CM: felt downhearted and low,numeric,NOMINAL,-9.0 thru -8.0 and -1.0,"[{""value"":""-9.0"",""label"":""Not answered""},{""value"":""-8.0"",""label"":""Invalid answer, mulitple responses""},{""value"":""-1.0"",""label"":""Not applicable""},{""value"":""1.0"",""label"":""All of the time""},{""value"":""2.0"",""label"":""Most of the time""},{""value"":""3.0"",""label"":""Some of the time""},{""value"":""4.0"",""label"":""A good bit of the time""},{""value"":""5.0"",""label"":""A little of the time""},{""value"":""6.0"",""label"":""None of the time""}]"
958,B10Q8G,Past 4 weeks how much time CM: felt worn out,numeric,NOMINAL,-9.0 thru -8.0 and -1.0,"[{""value"":""-9.0"",""label"":""Not answered""},{""value"":""-8.0"",""label"":""Invalid answer, mulitple responses""},{""value"":""-1.0"",""label"":""Not applicable""},{""value"":""1.0"",""label"":""All of the time""},{""value"":""2.0"",""label"":""Most of the time""},{""value"":""3.0"",""label"":""Some of the time""},{""value"":""4.0"",""label"":""A good bit of the time""},{""value"":""5.0"",""label"":""A little of the time""},{""value"":""6.0"",""label"":""None of the time""}]"
959,B10Q8H,Past 4 weeks how much time CM: been a happy person,numeric,NOMINAL,-9.0 thru -8.0 and -1.0,"[{""value"":""-9.0"",""label"":""Not answered""},{""value"":""-8.0"",""label"":""Invalid answer, mulitple responses""},{""value"":""-1.0"",""label"":""Not applicable""},{""value"":""1.0"",""label"":""All of the time""},{""value"":""2.0"",""label"":""Most of the time""},{""value"":""3.0"",""label"":""Some of the time""},{""value"":""4.0"",""label"":""A good bit of the time""},{""value"":""5.0"",""label"":""A little of the time""},{""value"":""6.0"",""label"":""None of the time""}]"
960,B10Q8I,Past 4 weeks how much time CM: felt tired,numeric,NOMINAL,-9.0 thru -8.0 and -1.0,"[{""value"":""-9.0"",""label"":""Not answered""},{""value"":""-8.0"",""label"":""Invalid answer, mulitple responses""},{""value"":""-1.0"",""label"":""Not applicable""},{""value"":""1.0"",""label"":""All of the time""},{""value"":""2.0"",""label"":""Most of the time""},{""value"":""3.0"",""label"":""Some of the time""},{""value"":""4.0"",""label"":""A good bit of the time""},{""value"":""5.0"",""label"":""A little of the time""},{""value"":""6.0"",""label"":""None of the time""}]"
961,B10Q8J,Past 4 weeks how much time CM: health limited social activities,numeric,NOMINAL,-9.0 thru -8.0 and -1.0,"[{""value"":""-9.0"",""label"":""Not answered""},{""value"":""-8.0"",""label"":""Invalid answer, mulitple responses""},{""value"":""-1.0"",""label"":""Not applicable""},{""value"":""1.0"",""label"":""All of the time""},{""value"":""2.0"",""label"":""Most of the time""},{""value"":""3.0"",""label"":""Some of the time""},{""value"":""4.0"",""label"":""A good bit of the time""},{""value"":""5.0"",""label"":""A little of the time""},{""value"":""6.0"",""label"":""None of the time""}]"
962,B10Q9A,Whether CM feels: they seem to get ill a little easier than other people,numeric,NOMINAL,-9.0 thru -8.0 and -1.0,"[{""value"":""-9.0"",""label"":""Not answered""},{""value"":""-8.0"",""label"":""Invalid answer, mulitple responses""},{""value"":""-1.0"",""label"":""Not applicable""},{""value"":""1.0"",""label"":""Definitely true""},{""value"":""2.0"",""label"":""Mostly true""},{""value"":""3.0"",""label"":""Do not know""},{""value"":""4.0"",""label"":""Mostly false""},{""value"":""5.0"",""label"":""Definitely false""}]"
963,B10Q9B,Whether CM feels: they are as healthy as anybody they know,numeric,NOMINAL,-9.0 thru -8.0 and -1.0,"[{""value"":""-9.0"",""label"":""Not answered""},{""value"":""-8.0"",""label"":""Invalid answer, mulitple responses""},{""value"":""-1.0"",""label"":""Not applicable""},{""value"":""1.0"",""label"":""Definitely true""},{""value"":""2.0"",""label"":""Mostly true""},{""value"":""3.0"",""label"":""Do not know""},{""value"":""4.0"",""label"":""Mostly false""},{""value"":""5.0"",""label"":""Definitely false""}]"
964,B10Q9C,Whether CM feels: they expect their health to get worse,numeric,NOMINAL,-9.0 thru -8.0 and -1.0,"[{""value"":""-9.0"",""label"":""Not answered""},{""value"":""-8.0"",""label"":""Invalid answer, mulitple responses""},{""value"":""-1.0"",""label"":""Not applicable""},{""value"":""1.0"",""label"":""Definitely true""},{""value"":""2.0"",""label"":""Mostly true""},{""value"":""3.0"",""label"":""Do not know""},{""value"":""4.0"",""label"":""Mostly false""},{""value"":""5.0"",""label"":""Definitely false""}]"
965,B10Q9D,Whether CM feels: their health is excellent,numeric,NOMINAL,-9.0 thru -8.0 and -1.0,"[{""value"":""-9.0"",""label"":""Not answered""},{""value"":""-8.0"",""label"":""Invalid answer, mulitple responses""},{""value"":""-1.0"",""label"":""Not applicable""},{""value"":""1.0"",""label"":""Definitely true""},{""value"":""2.0"",""label"":""Mostly true""},{""value"":""3.0"",""label"":""Do not know""},{""value"":""4.0"",""label"":""Mostly false""},{""value"":""5.0"",""label"":""Definitely false""}]"
966,B10Q10AWKH,At what time does CM normally get up? (WEEKDAY HOUR),numeric,NOMINAL,-9.0 thru -8.0 and -1.0,"[{""value"":""-9.0"",""label"":""Not answered""},{""value"":""-8.0"",""label"":""Invalid answer, mulitple responses""},{""value"":""-1.0"",""label"":""Not applicable""}]"
967,B10Q10AWKM,At what time does CM normally get up? (WEEKDAY MINUTES),numeric,SCALE,-9.0 thru -8.0 and -1.0,"[{""value"":""-9.0"",""label"":""Not answered""},{""value"":""-8.0"",""label"":""Invalid answer, mulitple responses""},{""value"":""-1.0"",""label"":""Not applicable""}]"
968,B10Q10AWKA,At what time does CM normally get up? (WEEKDAY AM or PM),numeric,NOMINAL,-9.0 thru -8.0 and -1.0,"[{""value"":""-9.0"",""label"":""Not answered""},{""value"":""-8.0"",""label"":""Invalid answer, mulitple responses""},{""value"":""-1.0"",""label"":""Not applicable""},{""value"":""1.0"",""label"":""AM""},{""value"":""2.0"",""label"":""PM""}]"
969,B10Q10BWKH,At what time does CM normally go to bed? (WEEKDAY HOUR),numeric,NOMINAL,-9.0 thru -8.0 and -1.0,"[{""value"":""-9.0"",""label"":""Not answered""},{""value"":""-8.0"",""label"":""Invalid answer, mulitple responses""},{""value"":""-1.0"",""label"":""Not applicable""}]"
970,B10Q10BWKM,At what time does CM normally go to bed? (WEEKDAY MINUTES),numeric,NOMINAL,-9.0 thru -8.0 and -1.0,"[{""value"":""-9.0"",""label"":""Not answered""},{""value"":""-8.0"",""label"":""Invalid answer, mulitple responses""},{""value"":""-1.0"",""label"":""Not applicable""}]"
971,B10Q10BWKA,At what time does CM normally go to bed? (WEEKDAY AM or PM),numeric,NOMINAL,-9.0 thru -8.0 and -1.0,"[{""value"":""-9.0"",""label"":""Not answered""},{""value"":""-8.0"",""label"":""Invalid answer, mulitple responses""},{""value"":""-1.0"",""label"":""Not applicable""},{""value"":""1.0"",""label"":""AM""},{""value"":""2.0"",""label"":""PM""}]"
972,B10Q10CWDH,At what time does CM normally get up? (WEEKEND HOUR),numeric,NOMINAL,-9.0 thru -8.0 and -1.0,"[{""value"":""-9.0"",""label"":""Not answered""},{""value"":""-8.0"",""label"":""Invalid answer, mulitple responses""},{""value"":""-1.0"",""label"":""Not applicable""}]"
973,B10Q10CWDM,At what time does CM normally get up? (WEEKEND MINUTES),numeric,NOMINAL,-9.0 thru -8.0 and -1.0,"[{""value"":""-9.0"",""label"":""Not answered""},{""value"":""-8.0"",""label"":""Invalid answer, mulitple responses""},{""value"":""-1.0"",""label"":""Not applicable""}]"
974,B10Q10CWDA,At what time does CM normally get up? (WEEKEND AM or PM),numeric,NOMINAL,-9.0 thru -8.0 and -1.0,"[{""value"":""-9.0"",""label"":""Not answered""},{""value"":""-8.0"",""label"":""Invalid answer, mulitple responses""},{""value"":""-1.0"",""label"":""Not applicable""},{""value"":""1.0"",""label"":""AM""},{""value"":""2.0"",""label"":""PM""}]"
975,B10Q10DWDH,At what time does CM normally go to bed? (WEEKEND HOUR),numeric,NOMINAL,-9.0 thru -8.0 and -1.0,"[{""value"":""-9.0"",""label"":""Not answered""},{""value"":""-8.0"",""label"":""Invalid answer, mulitple responses""},{""value"":""-1.0"",""label"":""Not applicable""}]"
976,B10Q10DWDM,At what time does CM normally go to bed? (WEEKEND MINUTES),numeric,NOMINAL,-9.0 thru -8.0 and -1.0,"[{""value"":""-9.0"",""label"":""Not answered""},{""value"":""-8.0"",""label"":""Invalid answer, mulitple responses""},{""value"":""-1.0"",""label"":""Not applicable""}]"
977,B10Q10DWDA,At what time does CM normally go to bed? (WEEKEND AM or PM),numeric,NOMINAL,-9.0 thru -8.0 and -1.0,"[{""value"":""-9.0"",""label"":""Not answered""},{""value"":""-8.0"",""label"":""Invalid answer, mulitple responses""},{""value"":""-1.0"",""label"":""Not applicable""},{""value"":""1.0"",""label"":""AM""},{""value"":""2.0"",""label"":""PM""}]"
978,B10Q11A,Transport most used for journeys: Less than one mile,numeric,NOMINAL,-9.0 thru -8.0 and -1.0,"[{""value"":""-9.0"",""label"":""Not answered""},{""value"":""-8.0"",""label"":""Invalid answer, mulitple responses""},{""value"":""-1.0"",""label"":""Not applicable""},{""value"":""1.0"",""label"":""Car""},{""value"":""2.0"",""label"":""Walk""},{""value"":""3.0"",""label"":""Public Transport""},{""value"":""4.0"",""label"":""Cycle""}]"
979,B10Q11B,Transport most used for journeys: 1-5 miles,numeric,NOMINAL,-9.0 thru -8.0 and -1.0,"[{""value"":""-9.0"",""label"":""Not answered""},{""value"":""-8.0"",""label"":""Invalid answer, mulitple responses""},{""value"":""-1.0"",""label"":""Not applicable""},{""value"":""1.0"",""label"":""Car""},{""value"":""2.0"",""label"":""Walk""},{""value"":""3.0"",""label"":""Public Transport""},{""value"":""4.0"",""label"":""Cycle""}]"
980,B10Q11C,Transport most used for journeys: More than 5 miles,numeric,NOMINAL,-9.0 thru -8.0 and -1.0,"[{""value"":""-9.0"",""label"":""Not answered""},{""value"":""-8.0"",""label"":""Invalid answer, mulitple responses""},{""value"":""-1.0"",""label"":""Not applicable""},{""value"":""1.0"",""label"":""Car""},{""value"":""2.0"",""label"":""Walk""},{""value"":""3.0"",""label"":""Public Transport""},{""value"":""4.0"",""label"":""Cycle""}]"
981,B10Q12A,On a typical weekday hours spent watching TV,numeric,NOMINAL,-9.0 thru -8.0 and -1.0,"[{""value"":""-9.0"",""label"":""Not answered""},{""value"":""-8.0"",""label"":""Invalid answer, mulitple responses""},{""value"":""-1.0"",""label"":""Not applicable""},{""value"":""1.0"",""label"":""None""},{""value"":""2.0"",""label"":""Less than an hour a day""},{""value"":""3.0"",""label"":""1 to 2 hours a day""},{""value"":""4.0"",""label"":""2 to 3 hours a day""},{""value"":""5.0"",""label"":""3 to 4 hours a day""},{""value"":""6.0"",""label"":""More than 4 hours a day""}]"
982,B10Q12B,On a typical day at the weekend hours spent watching TV,numeric,NOMINAL,-9.0 thru -8.0 and -1.0,"[{""value"":""-9.0"",""label"":""Not answered""},{""value"":""-8.0"",""label"":""Invalid answer, mulitple responses""},{""value"":""-1.0"",""label"":""Not applicable""},{""value"":""1.0"",""label"":""None""},{""value"":""2.0"",""label"":""Less than an hour a day""},{""value"":""3.0"",""label"":""1 to 2 hours a day""},{""value"":""4.0"",""label"":""2 to 3 hours a day""},{""value"":""5.0"",""label"":""3 to 4 hours a day""},{""value"":""6.0"",""label"":""More than 4 hours a day""}]"
983,B10Q13A,On a typical weekday hours spent playing videogames (incl phone),numeric,NOMINAL,-9.0 thru -8.0 and -1.0,"[{""value"":""-9.0"",""label"":""Not answered""},{""value"":""-8.0"",""label"":""Invalid answer, mulitple responses""},{""value"":""-1.0"",""label"":""Not applicable""},{""value"":""1.0"",""label"":""None""},{""value"":""2.0"",""label"":""Less than an hour a day""},{""value"":""3.0"",""label"":""1 to 2 hours a day""},{""value"":""4.0"",""label"":""2 to 3 hours a day""},{""value"":""5.0"",""label"":""3 to 4 hours a day""},{""value"":""6.0"",""label"":""More than 4 hours a day""}]"
984,B10Q13B,On a typical day at the weekend hours spent playing videogames (incl phone),numeric,NOMINAL,-9.0 thru -8.0 and -1.0,"[{""value"":""-9.0"",""label"":""Not answered""},{""value"":""-8.0"",""label"":""Invalid answer, mulitple responses""},{""value"":""-1.0"",""label"":""Not applicable""},{""value"":""1.0"",""label"":""None""},{""value"":""2.0"",""label"":""Less than an hour a day""},{""value"":""3.0"",""label"":""1 to 2 hours a day""},{""value"":""4.0"",""label"":""2 to 3 hours a day""},{""value"":""5.0"",""label"":""3 to 4 hours a day""},{""value"":""6.0"",""label"":""More than 4 hours a day""}]"
985,B10Q14A,On a typical weekday hours spent on internet at home,numeric,NOMINAL,-9.0 thru -8.0 and -1.0,"[{""value"":""-9.0"",""label"":""Not answered""},{""value"":""-8.0"",""label"":""Invalid answer, mulitple responses""},{""value"":""-1.0"",""label"":""Not applicable""},{""value"":""1.0"",""label"":""None""},{""value"":""2.0"",""label"":""Less than an hour a day""},{""value"":""3.0"",""label"":""1 to 2 hours a day""},{""value"":""4.0"",""label"":""2 to 3 hours a day""},{""value"":""5.0"",""label"":""3 to 4 hours a day""},{""value"":""6.0"",""label"":""More than 4 hours a day""}]"
986,B10Q14B,On a typical day at the weekend hours spent on internet at home,numeric,NOMINAL,-9.0 thru -8.0 and -1.0,"[{""value"":""-9.0"",""label"":""Not answered""},{""value"":""-8.0"",""label"":""Invalid answer, mulitple responses""},{""value"":""-1.0"",""label"":""Not applicable""},{""value"":""1.0"",""label"":""None""},{""value"":""2.0"",""label"":""Less than an hour a day""},{""value"":""3.0"",""label"":""1 to 2 hours a day""},{""value"":""4.0"",""label"":""2 to 3 hours a day""},{""value"":""5.0"",""label"":""3 to 4 hours a day""},{""value"":""6.0"",""label"":""More than 4 hours a day""}]"
987,B10Q15A,On a typical weekday hours spent reading at home (incl e-books),numeric,NOMINAL,-9.0 thru -8.0 and -1.0,"[{""value"":""-9.0"",""label"":""Not answered""},{""value"":""-8.0"",""label"":""Invalid answer, mulitple responses""},{""value"":""-1.0"",""label"":""Not applicable""},{""value"":""1.0"",""label"":""None""},{""value"":""2.0"",""label"":""Less than an hour a day""},{""value"":""3.0"",""label"":""1 to 2 hours a day""},{""value"":""4.0"",""label"":""2 to 3 hours a day""},{""value"":""5.0"",""label"":""3 to 4 hours a day""},{""value"":""6.0"",""label"":""More than 4 hours a day""}]"
988,B10Q15B,On a typical day at the weekend hours spent reading at home (incl e-books),numeric,NOMINAL,-9.0 thru -8.0 and -1.0,"[{""value"":""-9.0"",""label"":""Not answered""},{""value"":""-8.0"",""label"":""Invalid answer, mulitple responses""},{""value"":""-1.0"",""label"":""Not applicable""},{""value"":""1.0"",""label"":""None""},{""value"":""2.0"",""label"":""Less than an hour a day""},{""value"":""3.0"",""label"":""1 to 2 hours a day""},{""value"":""4.0"",""label"":""2 to 3 hours a day""},{""value"":""5.0"",""label"":""3 to 4 hours a day""},{""value"":""6.0"",""label"":""More than 4 hours a day""}]"
989,B10Q16A,On a weekday number of times climbed stairs (approx 10 steps),numeric,NOMINAL,-9.0 thru -8.0 and -1.0,"[{""value"":""-9.0"",""label"":""Not answered""},{""value"":""-8.0"",""label"":""Invalid answer, mulitple responses""},{""value"":""-1.0"",""label"":""Not applicable""},{""value"":""1.0"",""label"":""None""},{""value"":""2.0"",""label"":""1 to 5 times a day""},{""value"":""3.0"",""label"":""6 to 10 times a day""},{""value"":""4.0"",""label"":""11 to 15 times a day""},{""value"":""5.0"",""label"":""16 to 20 times a day""},{""value"":""6.0"",""label"":""More than 20 times a day""}]"
990,B10Q16B,On a weekend day number of times climbed stairs (approx 10 steps),numeric,NOMINAL,-9.0 thru -8.0 and -1.0,"[{""value"":""-9.0"",""label"":""Not answered""},{""value"":""-8.0"",""label"":""Invalid answer, mulitple responses""},{""value"":""-1.0"",""label"":""Not applicable""},{""value"":""1.0"",""label"":""None""},{""value"":""2.0"",""label"":""1 to 5 times a day""},{""value"":""3.0"",""label"":""6 to 10 times a day""},{""value"":""4.0"",""label"":""11 to 15 times a day""},{""value"":""5.0"",""label"":""16 to 20 times a day""},{""value"":""6.0"",""label"":""More than 20 times a day""}]"
991,B10Q17A,"Number of hours per week spent: preparing food, cooking and washing up",numeric,NOMINAL,-9.0 thru -8.0 and -1.0,"[{""value"":""-9.0"",""label"":""Not answered""},{""value"":""-8.0"",""label"":""Invalid answer, mulitple responses""},{""value"":""-1.0"",""label"":""Not applicable""},{""value"":""1.0"",""label"":""None""},{""value"":""2.0"",""label"":""Less than 1 hour a week""},{""value"":""3.0"",""label"":""1 to 3 hours a week""},{""value"":""4.0"",""label"":""3 to 6 hours a week""},{""value"":""5.0"",""label"":""6 to 10 hours a week""},{""value"":""6.0"",""label"":""10 to 15 hours a week""},{""value"":""7.0"",""label"":""More than 15 hours a week""}]"
992,B10Q17B,Number of hours per week spent: shopping for food and groceries,numeric,NOMINAL,-9.0 thru -8.0 and -1.0,"[{""value"":""-9.0"",""label"":""Not answered""},{""value"":""-8.0"",""label"":""Invalid answer, mulitple responses""},{""value"":""-1.0"",""label"":""Not applicable""},{""value"":""1.0"",""label"":""None""},{""value"":""2.0"",""label"":""Less than 1 hour a week""},{""value"":""3.0"",""label"":""1 to 3 hours a week""},{""value"":""4.0"",""label"":""3 to 6 hours a week""},{""value"":""5.0"",""label"":""6 to 10 hours a week""},{""value"":""6.0"",""label"":""10 to 15 hours a week""},{""value"":""7.0"",""label"":""More than 15 hours a week""}]"
993,B10Q17C,Number of hours per week spent: shopping and browsing shops for other items,numeric,NOMINAL,-9.0 thru -8.0 and -1.0,"[{""value"":""-9.0"",""label"":""Not answered""},{""value"":""-8.0"",""label"":""Invalid answer, mulitple responses""},{""value"":""-1.0"",""label"":""Not applicable""},{""value"":""1.0"",""label"":""None""},{""value"":""2.0"",""label"":""Less than 1 hour a week""},{""value"":""3.0"",""label"":""1 to 3 hours a week""},{""value"":""4.0"",""label"":""3 to 6 hours a week""},{""value"":""5.0"",""label"":""6 to 10 hours a week""},{""value"":""6.0"",""label"":""10 to 15 hours a week""},{""value"":""7.0"",""label"":""More than 15 hours a week""}]"
994,B10Q17D,Number of hours per week spent: cleaning the house,numeric,NOMINAL,-9.0 thru -8.0 and -1.0,"[{""value"":""-9.0"",""label"":""Not answered""},{""value"":""-8.0"",""label"":""Invalid answer, mulitple responses""},{""value"":""-1.0"",""label"":""Not applicable""},{""value"":""1.0"",""label"":""None""},{""value"":""2.0"",""label"":""Less than 1 hour a week""},{""value"":""3.0"",""label"":""1 to 3 hours a week""},{""value"":""4.0"",""label"":""3 to 6 hours a week""},{""value"":""5.0"",""label"":""6 to 10 hours a week""},{""value"":""6.0"",""label"":""10 to 15 hours a week""},{""value"":""7.0"",""label"":""More than 15 hours a week""}]"
995,B10Q17E,Number of hours per week spent: doing the laundry and ironing,numeric,NOMINAL,-9.0 thru -8.0 and -1.0,"[{""value"":""-9.0"",""label"":""Not answered""},{""value"":""-8.0"",""label"":""Invalid answer, mulitple responses""},{""value"":""-1.0"",""label"":""Not applicable""},{""value"":""1.0"",""label"":""None""},{""value"":""2.0"",""label"":""Less than 1 hour a week""},{""value"":""3.0"",""label"":""1 to 3 hours a week""},{""value"":""4.0"",""label"":""3 to 6 hours a week""},{""value"":""5.0"",""label"":""6 to 10 hours a week""},{""value"":""6.0"",""label"":""10 to 15 hours a week""},{""value"":""7.0"",""label"":""More than 15 hours a week""}]"
996,B10Q17F,Number of hours per week spent: caring for pre-school child/baby (non work),numeric,NOMINAL,-9.0 thru -8.0 and -1.0,"[{""value"":""-9.0"",""label"":""Not answered""},{""value"":""-8.0"",""label"":""Invalid answer, mulitple responses""},{""value"":""-1.0"",""label"":""Not applicable""},{""value"":""1.0"",""label"":""None""},{""value"":""2.0"",""label"":""Less than 1 hour a week""},{""value"":""3.0"",""label"":""1 to 3 hours a week""},{""value"":""4.0"",""label"":""3 to 6 hours a week""},{""value"":""5.0"",""label"":""6 to 10 hours a week""},{""value"":""6.0"",""label"":""10 to 15 hours a week""},{""value"":""7.0"",""label"":""More than 15 hours a week""}]"
997,B10Q17G,Number of hours per week spent: caring for elderly/disabled people (non work),numeric,NOMINAL,-9.0 thru -8.0 and -1.0,"[{""value"":""-9.0"",""label"":""Not answered""},{""value"":""-8.0"",""label"":""Invalid answer, mulitple responses""},{""value"":""-1.0"",""label"":""Not applicable""},{""value"":""1.0"",""label"":""None""},{""value"":""2.0"",""label"":""Less than 1 hour a week""},{""value"":""3.0"",""label"":""1 to 3 hours a week""},{""value"":""4.0"",""label"":""3 to 6 hours a week""},{""value"":""5.0"",""label"":""6 to 10 hours a week""},{""value"":""6.0"",""label"":""10 to 15 hours a week""},{""value"":""7.0"",""label"":""More than 15 hours a week""}]"
998,B10Q18,"Job check: including paid employment, self-employed, voluntary",numeric,NOMINAL,-9.0 thru -8.0 and -1.0,"[{""value"":""-9.0"",""label"":""Not answered""},{""value"":""-8.0"",""label"":""Invalid answer, mulitple responses""},{""value"":""-1.0"",""label"":""Not applicable""},{""value"":""1.0"",""label"":""Yes""},{""value"":""2.0"",""label"":""No""},{""value"":""3.0"",""label"":""Imputed yes""}]"
999,B10Q19,Best corresponding type and amount of physical activity involved in CM's work,numeric,NOMINAL,-9.0 thru -8.0 and -1.0,"[{""value"":""-9.0"",""label"":""Not answered""},{""value"":""-8.0"",""label"":""Invalid answer, mulitple responses""},{""value"":""-1.0"",""label"":""Not applicable""},{""value"":""1.0"",""label"":""Sitting occupation""},{""value"":""2.0"",""label"":""Standing occupation""},{""value"":""3.0"",""label"":""Physical work""},{""value"":""4.0"",""label"":""Heavy manual work""}]"
