pos,variable,variable_label,variable_type,measurement_level,spss_user_missing_values,value_labels_json
1,bcsid,research case identifier,NA,NA,NA,[]
2,tc10,"SINGLETON, TWIN CODE",numeric,NOMINAL,NA,"[{""value"": ""0.0"", ""label"": ""Singleton""}, {""value"": ""1.0"", ""label"": ""First twin""}, {""value"": ""2.0"", ""label"": ""Second twin""}]"
3,cd10,CHECK DIGID,numeric,SCALE,-6.0 thru None,"[{""value"": ""-6.0"", ""label"": ""No questionnaire""}]"
4,sex10,CHILD'S SEX,numeric,NOMINAL,3.0 thru None,"[{""value"": ""1.0"", ""label"": ""Male""}, {""value"": ""2.0"", ""label"": ""Female""}, {""value"": ""3.0"", ""label"": ""Not Known""}]"
5,doba10,DAY OF BIRTH,numeric,NOMINAL,NA,[]
6,dobb10,MONTH OF BIRTH,numeric,NOMINAL,NA,[]
7,dobc10,YEAR OF BIRTH,numeric,SCALE,NA,[]
8,soccode,CODE FOR PERSON CODING SOCIAL CODE,numeric,NOMINAL,NA,[]
9,intstat,INTERVIEWER STATUS,numeric,NOMINAL,NA,"[{""value"": ""1.0"", ""label"": ""School nurse""}, {""value"": ""2.0"", ""label"": ""Health Visitor""}, {""value"": ""3.0"", ""label"": ""Doctor""}, {""value"": ""4.0"", ""label"": ""School nurse and HV""}, {""value"": ""5.0"", ""label"": ""Other""}]"
10,mother,MOTHER RESPONDED TO QUESTIONS,numeric,NOMINAL,NA,"[{""value"": ""1.0"", ""label"": ""Yes""}]"
11,father,FATHER RESPONDED TO QUESTIONS,numeric,NOMINAL,NA,"[{""value"": ""1.0"", ""label"": ""Yes""}]"
12,other,OTHER PERSON RESPONDED TO QUESTIONS,numeric,NOMINAL,-8.0 thru -1.0,"[{""value"": ""-8.0"", ""label"": ""Out of range""}, {""value"": ""1.0"", ""label"": ""Yes""}]"
13,a1.1,CHILD SAME SURNAME SINCE BIRTH,numeric,NOMINAL,NA,"[{""value"": ""1.0"", ""label"": ""Yes""}, {""value"": ""2.0"", ""label"": ""No""}, {""value"": ""3.0"", ""label"": ""Not known""}]"
14,a1.2,CHILD'S NAME AT BIRTH,numeric,NOMINAL,-8.0 thru -3.0 and -1.0,"[{""value"": ""-3.0"", ""label"": ""Not stated""}, {""value"": ""1.0"", ""label"": ""As at Q.A4""}, {""value"": ""2.0"", ""label"": ""Different from Q.A4""}, {""value"": ""3.0"", ""label"": ""No comparison possible""}]"
15,a1.3,CHILD'S NAME AT 5 YEARS,numeric,NOMINAL,-8.0 thru -3.0 and -1.0,"[{""value"": ""-3.0"", ""label"": ""Not stated""}, {""value"": ""1.0"", ""label"": ""As at Q.A4""}, {""value"": ""2.0"", ""label"": ""Different from Q.A4""}, {""value"": ""3.0"", ""label"": ""No comparison possible""}]"
16,a1.4,COMPARISON NAME BIRTH AND 5 YEARS,numeric,NOMINAL,-8.0 thru -3.0 and -1.0,"[{""value"": ""-3.0"", ""label"": ""Not stated""}, {""value"": ""1.0"", ""label"": ""Same""}, {""value"": ""2.0"", ""label"": ""Different""}, {""value"": ""3.0"", ""label"": ""No comparison possible""}]"
17,a2.1,CHILD'S COUNTRY OF BIRTH,numeric,NOMINAL,NA,"[{""value"": ""1.0"", ""label"": ""England""}, {""value"": ""2.0"", ""label"": ""Wales""}, {""value"": ""3.0"", ""label"": ""Scotland""}, {""value"": ""4.0"", ""label"": ""Northern Ireland""}, {""value"": ""5.0"", ""label"": ""Irish republic""}, {""value"": ""6.0"", ""label"": ""Other country""}, {""value"": ""7.0"", ""label"": ""Not known""}]"
18,a2.2,"CHILD'S COUNTRY OF BIRTH, OTHER",numeric,NOMINAL,-8.0 thru -3.0 and -1.0,"[{""value"": ""-3.0"", ""label"": ""Not stated""}, {""value"": ""0.0"", ""label"": ""Other""}, {""value"": ""1.0"", ""label"": ""European""}, {""value"": ""2.0"", ""label"": ""West Indies""}, {""value"": ""3.0"", ""label"": ""Pakistan""}, {""value"": ""4.0"", ""label"": ""India""}, {""value"": ""5.0"", ""label"": ""Other Asian""}, {""value"": ""6.0"", ""label"": ""African""}, {""value"": ""7.0"", ""label"": ""Australian""}, {""value"": ""8.0"", ""label"": ""United States""}, {""value"": ""9.0"", ""label"": ""Other Commonwealth""}]"
19,a2.3,YEAR OF CHILD'S ARRIVAL IN THIS COUNTRY,numeric,SCALE,-8.0 thru -3.0 and -1.0,"[{""value"": ""-3.0"", ""label"": ""Not stated""}]"
20,a2.4,ADDRESS AT TIME OF CHILD'S BIRTH,numeric,NOMINAL,-8.0 thru -3.0 and -2.0,"[{""value"": ""-8.0"", ""label"": ""Out of range""}, {""value"": ""-3.0"", ""label"": ""Not stated""}, {""value"": ""-2.0"", ""label"": ""Not known""}, {""value"": ""1.0"", ""label"": ""Address given""}, {""value"": ""2.0"", ""label"": ""Not known""}]"
21,a2.5,CHILD'S ADDRESS AT 5 YEARS,numeric,NOMINAL,-3.0 thru -2.0,"[{""value"": ""-3.0"", ""label"": ""Not stated""}, {""value"": ""-2.0"", ""label"": ""Not known""}, {""value"": ""1.0"", ""label"": ""Address same at birth""}, {""value"": ""2.0"", ""label"": ""Address different from birth""}, {""value"": ""3.0"", ""label"": ""Not known""}, {""value"": ""4.0"", ""label"": ""Address given but not given in A2.(a)""}]"
22,a2.6,PLACE OF CHILD'S BIRTH,numeric,NOMINAL,-8.0 thru -3.0 and -2.0,"[{""value"": ""-8.0"", ""label"": ""Out of range""}, {""value"": ""-3.0"", ""label"": ""Not stated""}, {""value"": ""-2.0"", ""label"": ""Not known""}, {""value"": ""1.0"", ""label"": ""Address given""}, {""value"": ""2.0"", ""label"": ""Not known""}]"
23,a3.1,CHILD LIVING IN RESIDENTIAL INSTITUTION,numeric,NOMINAL,NA,"[{""value"": ""1.0"", ""label"": ""No""}, {""value"": ""2.0"", ""label"": ""Yes""}]"
24,a3.2,INSTITUTION SPECIFIED,numeric,NOMINAL,-8.0 thru -3.0 and -1.0,"[{""value"": ""-3.0"", ""label"": ""Not stated""}, {""value"": ""1.0"", ""label"": ""Yes""}]"
25,a4a.1,STUDY CHILD RELATIONSHIP CODE,numeric,SCALE,-8.0 thru -1.0,"[{""value"": ""-8.0"", ""label"": ""Out of range""}]"
26,a4a.2,STUDY CHILD SEX,numeric,NOMINAL,3.0 thru None,"[{""value"": ""1.0"", ""label"": ""Male""}, {""value"": ""2.0"", ""label"": ""Female""}, {""value"": ""3.0"", ""label"": ""Not Known""}]"
27,a4a.3,STUDY CHILD DATE OF BIRTH (MM),numeric,NOMINAL,NA,[]
28,a4a.4,STUDY CHILD DATE OF BIRTH (YY),numeric,SCALE,NA,"[{""value"": ""70.0"", ""label"": """"}]"
29,a4a.5,2ND PERSON IN HOUSE RELATIONSHIP CODE,numeric,SCALE,NA,"[{""value"": ""1.0"", ""label"": ""Father""}, {""value"": ""2.0"", ""label"": ""Mother""}, {""value"": ""3.0"", ""label"": ""Step father""}, {""value"": ""4.0"", ""label"": ""Step mother""}, {""value"": ""5.0"", ""label"": ""Foster father""}, {""value"": ""6.0"", ""label"": ""Foster mother""}, {""value"": ""7.0"", ""label"": ""Grandfather""}, {""value"": ""8.0"", ""label"": ""Grandmother""}, {""value"": ""9.0"", ""label"": ""Uncle""}, {""value"": ""10.0"", ""label"": ""Aunt""}, {""value"": ""11.0"", ""label"": ""Elder brother""}, {""value"": ""12.0"", ""label"": ""Elder sister""}, {""value"": ""13.0"", ""label"": ""Younger brother""}, {""value"": ""14.0"", ""label"": ""Younger sister""}, {""value"": ""15.0"", ""label"": ""Adopted brother""}, {""value"": ""16.0"", ""label"": ""Adopted sister""}, {""value"": ""17.0"", ""label"": ""Step brother""}, {""value"": ""18.0"", ""label"": ""Step sister""}, {""value"": ""19.0"", ""label"": ""Brother in law""}, {""value"": ""20.0"", ""label"": ""Sister in law""}, {""value"": ""21.0"", ""label"": ""Male cousin""}, {""value"": ""22.0"", ""label"": ""Female cousin""}, {""value"": ""23.0"", ""label"": ""Great uncle""}, {""value"": ""24.0"", ""label"": ""Great aunt""}, {""value"": ""25.0"", ""label"": ""Male lodger""}, {""value"": ""26.0"", ""label"": ""Female lodger""}, {""value"": ""27.0"", ""label"": ""Male cohabitee""}, {""value"": ""28.0"", ""label"": ""Female cohabitee""}, {""value"": ""29.0"", ""label"": ""Other male""}, {""value"": ""30.0"", ""label"": ""Other female""}, {""value"": ""31.0"", ""label"": ""Adopted father""}, {""value"": ""32.0"", ""label"": ""Adopted mother""}, {""value"": ""88.0"", ""label"": ""Unknown""}]"
30,a4a.6,2ND PERSON IN HOUSE SEX,numeric,NOMINAL,NA,"[{""value"": ""1.0"", ""label"": ""Male""}, {""value"": ""2.0"", ""label"": ""Female""}]"
31,a4a.7,2ND PERSON IN HOUSE DATE OF BIRTH (MM),numeric,NOMINAL,-8.0 thru -1.0,"[{""value"": ""-8.0"", ""label"": ""Out of range""}]"
32,a4a.8,2ND PERSON IN HOUSE DATE OF BIRTH (YY),numeric,NOMINAL,-8.0 thru None,"[{""value"": ""-8.0"", ""label"": ""Out of range""}]"
33,a4a.9,3RD PERSON IN HOUSE RELATIONSHIP CODE,numeric,SCALE,NA,"[{""value"": ""1.0"", ""label"": ""Father""}, {""value"": ""2.0"", ""label"": ""Mother""}, {""value"": ""3.0"", ""label"": ""Step father""}, {""value"": ""4.0"", ""label"": ""Step mother""}, {""value"": ""5.0"", ""label"": ""Foster father""}, {""value"": ""6.0"", ""label"": ""Foster mother""}, {""value"": ""7.0"", ""label"": ""Grandfather""}, {""value"": ""8.0"", ""label"": ""Grandmother""}, {""value"": ""9.0"", ""label"": ""Uncle""}, {""value"": ""10.0"", ""label"": ""Aunt""}, {""value"": ""11.0"", ""label"": ""Elder brother""}, {""value"": ""12.0"", ""label"": ""Elder sister""}, {""value"": ""13.0"", ""label"": ""Younger brother""}, {""value"": ""14.0"", ""label"": ""Younger sister""}, {""value"": ""15.0"", ""label"": ""Adopted brother""}, {""value"": ""16.0"", ""label"": ""Adopted sister""}, {""value"": ""17.0"", ""label"": ""Step brother""}, {""value"": ""18.0"", ""label"": ""Step sister""}, {""value"": ""19.0"", ""label"": ""Brother in law""}, {""value"": ""20.0"", ""label"": ""Sister in law""}, {""value"": ""21.0"", ""label"": ""Male cousin""}, {""value"": ""22.0"", ""label"": ""Female cousin""}, {""value"": ""23.0"", ""label"": ""Great uncle""}, {""value"": ""24.0"", ""label"": ""Great aunt""}, {""value"": ""25.0"", ""label"": ""Male lodger""}, {""value"": ""26.0"", ""label"": ""Female lodger""}, {""value"": ""27.0"", ""label"": ""Male cohabitee""}, {""value"": ""28.0"", ""label"": ""Female cohabitee""}, {""value"": ""29.0"", ""label"": ""Other male""}, {""value"": ""30.0"", ""label"": ""Other female""}, {""value"": ""31.0"", ""label"": ""Adopted father""}, {""value"": ""32.0"", ""label"": ""Adopted mother""}, {""value"": ""88.0"", ""label"": ""Unknown""}]"
34,a4a.10,3RD PERSON IN HOUSE SEX,numeric,NOMINAL,NA,"[{""value"": ""1.0"", ""label"": ""Male""}, {""value"": ""2.0"", ""label"": ""Female""}]"
35,a4a.11,3RD PERSON IN HOUSE DATE OF BIRTH (MM),numeric,NOMINAL,-8.0 thru -1.0,"[{""value"": ""-8.0"", ""label"": ""Out of range""}]"
36,a4a.12,3RD PERSON IN HOUSE DATE OF BIRTH (YY),numeric,NOMINAL,-8.0 thru None,"[{""value"": ""-8.0"", ""label"": ""Out of range""}]"
37,a4a.13,4TH PERSON IN HOUSE RELATIONSHIP CODE,numeric,SCALE,NA,"[{""value"": ""1.0"", ""label"": ""Father""}, {""value"": ""2.0"", ""label"": ""Mother""}, {""value"": ""3.0"", ""label"": ""Step father""}, {""value"": ""4.0"", ""label"": ""Step mother""}, {""value"": ""5.0"", ""label"": ""Foster father""}, {""value"": ""6.0"", ""label"": ""Foster mother""}, {""value"": ""7.0"", ""label"": ""Grandfather""}, {""value"": ""8.0"", ""label"": ""Grandmother""}, {""value"": ""9.0"", ""label"": ""Uncle""}, {""value"": ""10.0"", ""label"": ""Aunt""}, {""value"": ""11.0"", ""label"": ""Elder brother""}, {""value"": ""12.0"", ""label"": ""Elder sister""}, {""value"": ""13.0"", ""label"": ""Younger brother""}, {""value"": ""14.0"", ""label"": ""Younger sister""}, {""value"": ""15.0"", ""label"": ""Adopted brother""}, {""value"": ""16.0"", ""label"": ""Adopted sister""}, {""value"": ""17.0"", ""label"": ""Step brother""}, {""value"": ""18.0"", ""label"": ""Step sister""}, {""value"": ""19.0"", ""label"": ""Brother in law""}, {""value"": ""20.0"", ""label"": ""Sister in law""}, {""value"": ""21.0"", ""label"": ""Male cousin""}, {""value"": ""22.0"", ""label"": ""Female cousin""}, {""value"": ""23.0"", ""label"": ""Great uncle""}, {""value"": ""24.0"", ""label"": ""Great aunt""}, {""value"": ""25.0"", ""label"": ""Male lodger""}, {""value"": ""26.0"", ""label"": ""Female lodger""}, {""value"": ""27.0"", ""label"": ""Male cohabitee""}, {""value"": ""28.0"", ""label"": ""Female cohabitee""}, {""value"": ""29.0"", ""label"": ""Other male""}, {""value"": ""30.0"", ""label"": ""Other female""}, {""value"": ""31.0"", ""label"": ""Adopted father""}, {""value"": ""32.0"", ""label"": ""Adopted mother""}, {""value"": ""88.0"", ""label"": ""Unknown""}]"
38,a4a.14,4TH PERSON IN HOUSE SEX,numeric,NOMINAL,NA,"[{""value"": ""1.0"", ""label"": ""Male""}, {""value"": ""2.0"", ""label"": ""Female""}]"
39,a4a.15,4TH PERSON IN HOUSE DATE OF BIRTH (MM),numeric,NOMINAL,-8.0 thru -1.0,"[{""value"": ""-8.0"", ""label"": ""Out of range""}]"
40,a4a.16,4TH PERSON IN HOUSE DATE OF BIRTH (YY),numeric,NOMINAL,-8.0 thru None,"[{""value"": ""-8.0"", ""label"": ""Out of range""}]"
41,a4a.17,5TH PERSON IN HOUSE RELATIONSHIP CODE,numeric,SCALE,NA,"[{""value"": ""1.0"", ""label"": ""Father""}, {""value"": ""2.0"", ""label"": ""Mother""}, {""value"": ""3.0"", ""label"": ""Step father""}, {""value"": ""4.0"", ""label"": ""Step mother""}, {""value"": ""5.0"", ""label"": ""Foster father""}, {""value"": ""6.0"", ""label"": ""Foster mother""}, {""value"": ""7.0"", ""label"": ""Grandfather""}, {""value"": ""8.0"", ""label"": ""Grandmother""}, {""value"": ""9.0"", ""label"": ""Uncle""}, {""value"": ""10.0"", ""label"": ""Aunt""}, {""value"": ""11.0"", ""label"": ""Elder brother""}, {""value"": ""12.0"", ""label"": ""Elder sister""}, {""value"": ""13.0"", ""label"": ""Younger brother""}, {""value"": ""14.0"", ""label"": ""Younger sister""}, {""value"": ""15.0"", ""label"": ""Adopted brother""}, {""value"": ""16.0"", ""label"": ""Adopted sister""}, {""value"": ""17.0"", ""label"": ""Step brother""}, {""value"": ""18.0"", ""label"": ""Step sister""}, {""value"": ""19.0"", ""label"": ""Brother in law""}, {""value"": ""20.0"", ""label"": ""Sister in law""}, {""value"": ""21.0"", ""label"": ""Male cousin""}, {""value"": ""22.0"", ""label"": ""Female cousin""}, {""value"": ""23.0"", ""label"": ""Great uncle""}, {""value"": ""24.0"", ""label"": ""Great aunt""}, {""value"": ""25.0"", ""label"": ""Male lodger""}, {""value"": ""26.0"", ""label"": ""Female lodger""}, {""value"": ""27.0"", ""label"": ""Male cohabitee""}, {""value"": ""28.0"", ""label"": ""Female cohabitee""}, {""value"": ""29.0"", ""label"": ""Other male""}, {""value"": ""30.0"", ""label"": ""Other female""}, {""value"": ""31.0"", ""label"": ""Adopted father""}, {""value"": ""32.0"", ""label"": ""Adopted mother""}, {""value"": ""88.0"", ""label"": ""Unknown""}]"
42,a4a.18,5TH PERSON IN HOUSE SEX,numeric,NOMINAL,NA,"[{""value"": ""1.0"", ""label"": ""Male""}, {""value"": ""2.0"", ""label"": ""Female""}]"
43,a4a.19,5TH PERSON IN HOUSE DATE OF BIRTH (MM),numeric,NOMINAL,-8.0 thru -1.0,"[{""value"": ""-8.0"", ""label"": ""Out of range""}]"
44,a4a.20,5TH PERSON IN HOUSE DATE OF BIRTH (YY),numeric,NOMINAL,-8.0 thru None,"[{""value"": ""-8.0"", ""label"": ""Out of range""}]"
45,a4a.21,6TH PERSON IN HOUSE RELATIONSHIP CODE,numeric,SCALE,NA,"[{""value"": ""1.0"", ""label"": ""Father""}, {""value"": ""2.0"", ""label"": ""Mother""}, {""value"": ""3.0"", ""label"": ""Step father""}, {""value"": ""4.0"", ""label"": ""Step mother""}, {""value"": ""5.0"", ""label"": ""Foster father""}, {""value"": ""6.0"", ""label"": ""Foster mother""}, {""value"": ""7.0"", ""label"": ""Grandfather""}, {""value"": ""8.0"", ""label"": ""Grandmother""}, {""value"": ""9.0"", ""label"": ""Uncle""}, {""value"": ""10.0"", ""label"": ""Aunt""}, {""value"": ""11.0"", ""label"": ""Elder brother""}, {""value"": ""12.0"", ""label"": ""Elder sister""}, {""value"": ""13.0"", ""label"": ""Younger brother""}, {""value"": ""14.0"", ""label"": ""Younger sister""}, {""value"": ""15.0"", ""label"": ""Adopted brother""}, {""value"": ""16.0"", ""label"": ""Adopted sister""}, {""value"": ""17.0"", ""label"": ""Step brother""}, {""value"": ""18.0"", ""label"": ""Step sister""}, {""value"": ""19.0"", ""label"": ""Brother in law""}, {""value"": ""20.0"", ""label"": ""Sister in law""}, {""value"": ""21.0"", ""label"": ""Male cousin""}, {""value"": ""22.0"", ""label"": ""Female cousin""}, {""value"": ""23.0"", ""label"": ""Great uncle""}, {""value"": ""24.0"", ""label"": ""Great aunt""}, {""value"": ""25.0"", ""label"": ""Male lodger""}, {""value"": ""26.0"", ""label"": ""Female lodger""}, {""value"": ""27.0"", ""label"": ""Male cohabitee""}, {""value"": ""28.0"", ""label"": ""Female cohabitee""}, {""value"": ""29.0"", ""label"": ""Other male""}, {""value"": ""30.0"", ""label"": ""Other female""}, {""value"": ""31.0"", ""label"": ""Adopted father""}, {""value"": ""32.0"", ""label"": ""Adopted mother""}, {""value"": ""88.0"", ""label"": ""Unknown""}]"
46,a4a.22,6TH PERSON IN HOUSE SEX,numeric,NOMINAL,NA,"[{""value"": ""1.0"", ""label"": ""Male""}, {""value"": ""2.0"", ""label"": ""Female""}]"
47,a4a.23,6TH PERSON IN HOUSE DATE OF BIRTH (MM),numeric,NOMINAL,-8.0 thru -1.0,"[{""value"": ""-8.0"", ""label"": ""Out of range""}]"
48,a4a.24,6TH PERSON IN HOUSE DATE OF BIRTH (YY),numeric,NOMINAL,-8.0 thru None,"[{""value"": ""-8.0"", ""label"": ""Out of range""}]"
49,a4a.25,7TH PERSON IN HOUSE RELATIONSHIP CODE,numeric,SCALE,NA,"[{""value"": ""1.0"", ""label"": ""Father""}, {""value"": ""2.0"", ""label"": ""Mother""}, {""value"": ""3.0"", ""label"": ""Step father""}, {""value"": ""4.0"", ""label"": ""Step mother""}, {""value"": ""5.0"", ""label"": ""Foster father""}, {""value"": ""6.0"", ""label"": ""Foster mother""}, {""value"": ""7.0"", ""label"": ""Grandfather""}, {""value"": ""8.0"", ""label"": ""Grandmother""}, {""value"": ""9.0"", ""label"": ""Uncle""}, {""value"": ""10.0"", ""label"": ""Aunt""}, {""value"": ""11.0"", ""label"": ""Elder brother""}, {""value"": ""12.0"", ""label"": ""Elder sister""}, {""value"": ""13.0"", ""label"": ""Younger brother""}, {""value"": ""14.0"", ""label"": ""Younger sister""}, {""value"": ""15.0"", ""label"": ""Adopted brother""}, {""value"": ""16.0"", ""label"": ""Adopted sister""}, {""value"": ""17.0"", ""label"": ""Step brother""}, {""value"": ""18.0"", ""label"": ""Step sister""}, {""value"": ""19.0"", ""label"": ""Brother in law""}, {""value"": ""20.0"", ""label"": ""Sister in law""}, {""value"": ""21.0"", ""label"": ""Male cousin""}, {""value"": ""22.0"", ""label"": ""Female cousin""}, {""value"": ""23.0"", ""label"": ""Great uncle""}, {""value"": ""24.0"", ""label"": ""Great aunt""}, {""value"": ""25.0"", ""label"": ""Male lodger""}, {""value"": ""26.0"", ""label"": ""Female lodger""}, {""value"": ""27.0"", ""label"": ""Male cohabitee""}, {""value"": ""28.0"", ""label"": ""Female cohabitee""}, {""value"": ""29.0"", ""label"": ""Other male""}, {""value"": ""30.0"", ""label"": ""Other female""}, {""value"": ""31.0"", ""label"": ""Adopted father""}, {""value"": ""32.0"", ""label"": ""Adopted mother""}, {""value"": ""88.0"", ""label"": ""Unknown""}]"
50,a4a.26,7TH PERSON IN HOUSE SEX,numeric,NOMINAL,NA,"[{""value"": ""1.0"", ""label"": ""Male""}, {""value"": ""2.0"", ""label"": ""Female""}]"
51,a4a.27,8TH PERSON IN HOUSE DATE OF BIRTH (MM),numeric,NOMINAL,-8.0 thru -1.0,"[{""value"": ""-8.0"", ""label"": ""Out of range""}]"
52,a4a.28,7TH PERSON IN HOUSE DATE OF BIRTH (YY),numeric,NOMINAL,-8.0 thru None,"[{""value"": ""-8.0"", ""label"": ""Out of range""}]"
53,a4a.29,8TH PERSON IN HOUSE RELATIONSHIP CODE,numeric,SCALE,NA,"[{""value"": ""1.0"", ""label"": ""Father""}, {""value"": ""2.0"", ""label"": ""Mother""}, {""value"": ""3.0"", ""label"": ""Step father""}, {""value"": ""4.0"", ""label"": ""Step mother""}, {""value"": ""5.0"", ""label"": ""Foster father""}, {""value"": ""6.0"", ""label"": ""Foster mother""}, {""value"": ""7.0"", ""label"": ""Grandfather""}, {""value"": ""8.0"", ""label"": ""Grandmother""}, {""value"": ""9.0"", ""label"": ""Uncle""}, {""value"": ""10.0"", ""label"": ""Aunt""}, {""value"": ""11.0"", ""label"": ""Elder brother""}, {""value"": ""12.0"", ""label"": ""Elder sister""}, {""value"": ""13.0"", ""label"": ""Younger brother""}, {""value"": ""14.0"", ""label"": ""Younger sister""}, {""value"": ""15.0"", ""label"": ""Adopted brother""}, {""value"": ""16.0"", ""label"": ""Adopted sister""}, {""value"": ""17.0"", ""label"": ""Step brother""}, {""value"": ""18.0"", ""label"": ""Step sister""}, {""value"": ""19.0"", ""label"": ""Brother in law""}, {""value"": ""20.0"", ""label"": ""Sister in law""}, {""value"": ""21.0"", ""label"": ""Male cousin""}, {""value"": ""22.0"", ""label"": ""Female cousin""}, {""value"": ""23.0"", ""label"": ""Great uncle""}, {""value"": ""24.0"", ""label"": ""Great aunt""}, {""value"": ""25.0"", ""label"": ""Male lodger""}, {""value"": ""26.0"", ""label"": ""Female lodger""}, {""value"": ""27.0"", ""label"": ""Male cohabitee""}, {""value"": ""28.0"", ""label"": ""Female cohabitee""}, {""value"": ""29.0"", ""label"": ""Other male""}, {""value"": ""30.0"", ""label"": ""Other female""}, {""value"": ""31.0"", ""label"": ""Adopted father""}, {""value"": ""32.0"", ""label"": ""Adopted mother""}, {""value"": ""88.0"", ""label"": ""Unknown""}]"
54,a4a.30,8TH PERSON IN HOUSE SEX,numeric,NOMINAL,NA,"[{""value"": ""1.0"", ""label"": ""Male""}, {""value"": ""2.0"", ""label"": ""Female""}]"
55,a4a.31,8TH PERSON IN HOUSE DATE OF BIRTH (MM),numeric,NOMINAL,-8.0 thru -1.0,"[{""value"": ""-8.0"", ""label"": ""Out of range""}]"
56,a4a.32,8TH PERSON IN HOUSE DATE OF BIRTH (YY),numeric,NOMINAL,-8.0 thru None,"[{""value"": ""-8.0"", ""label"": ""Out of range""}]"
57,a4a.33,9TH PERSON IN HOUSE RELATIONSHIP CODE,numeric,NOMINAL,NA,"[{""value"": ""1.0"", ""label"": ""Father""}, {""value"": ""2.0"", ""label"": ""Mother""}, {""value"": ""3.0"", ""label"": ""Step father""}, {""value"": ""4.0"", ""label"": ""Step mother""}, {""value"": ""5.0"", ""label"": ""Foster father""}, {""value"": ""6.0"", ""label"": ""Foster mother""}, {""value"": ""7.0"", ""label"": ""Grandfather""}, {""value"": ""8.0"", ""label"": ""Grandmother""}, {""value"": ""9.0"", ""label"": ""Uncle""}, {""value"": ""10.0"", ""label"": ""Aunt""}, {""value"": ""11.0"", ""label"": ""Elder brother""}, {""value"": ""12.0"", ""label"": ""Elder sister""}, {""value"": ""13.0"", ""label"": ""Younger brother""}, {""value"": ""14.0"", ""label"": ""Younger sister""}, {""value"": ""15.0"", ""label"": ""Adopted brother""}, {""value"": ""16.0"", ""label"": ""Adopted sister""}, {""value"": ""17.0"", ""label"": ""Step brother""}, {""value"": ""18.0"", ""label"": ""Step sister""}, {""value"": ""19.0"", ""label"": ""Brother in law""}, {""value"": ""20.0"", ""label"": ""Sister in law""}, {""value"": ""21.0"", ""label"": ""Male cousin""}, {""value"": ""22.0"", ""label"": ""Female cousin""}, {""value"": ""23.0"", ""label"": ""Great uncle""}, {""value"": ""24.0"", ""label"": ""Great aunt""}, {""value"": ""25.0"", ""label"": ""Male lodger""}, {""value"": ""26.0"", ""label"": ""Female lodger""}, {""value"": ""27.0"", ""label"": ""Male cohabitee""}, {""value"": ""28.0"", ""label"": ""Female cohabitee""}, {""value"": ""29.0"", ""label"": ""Other male""}, {""value"": ""30.0"", ""label"": ""Other female""}, {""value"": ""31.0"", ""label"": ""Adopted father""}, {""value"": ""32.0"", ""label"": ""Adopted mother""}, {""value"": ""88.0"", ""label"": ""Unknown""}]"
58,a4a.34,9TH PERSON IN HOUSE SEX,numeric,NOMINAL,NA,"[{""value"": ""1.0"", ""label"": ""Male""}, {""value"": ""2.0"", ""label"": ""Female""}]"
59,a4a.35,9TH PERSON IN HOUSE DATE OF BIRTH (MM),numeric,NOMINAL,-8.0 thru -1.0,"[{""value"": ""-8.0"", ""label"": ""Out of range""}]"
60,a4a.36,9TH PERSON IN HOUSE DATE OF BIRTH (YY),numeric,NOMINAL,-8.0 thru None,"[{""value"": ""-8.0"", ""label"": ""Out of range""}]"
61,a4a.37,10TH PERSON IN HOUSE RELATIONSHIP CODE,numeric,NOMINAL,NA,"[{""value"": ""1.0"", ""label"": ""Father""}, {""value"": ""2.0"", ""label"": ""Mother""}, {""value"": ""3.0"", ""label"": ""Step father""}, {""value"": ""4.0"", ""label"": ""Step mother""}, {""value"": ""5.0"", ""label"": ""Foster father""}, {""value"": ""6.0"", ""label"": ""Foster mother""}, {""value"": ""7.0"", ""label"": ""Grandfather""}, {""value"": ""8.0"", ""label"": ""Grandmother""}, {""value"": ""9.0"", ""label"": ""Uncle""}, {""value"": ""10.0"", ""label"": ""Aunt""}, {""value"": ""11.0"", ""label"": ""Elder brother""}, {""value"": ""12.0"", ""label"": ""Elder sister""}, {""value"": ""13.0"", ""label"": ""Younger brother""}, {""value"": ""14.0"", ""label"": ""Younger sister""}, {""value"": ""15.0"", ""label"": ""Adopted brother""}, {""value"": ""16.0"", ""label"": ""Adopted sister""}, {""value"": ""17.0"", ""label"": ""Step brother""}, {""value"": ""18.0"", ""label"": ""Step sister""}, {""value"": ""19.0"", ""label"": ""Brother in law""}, {""value"": ""20.0"", ""label"": ""Sister in law""}, {""value"": ""21.0"", ""label"": ""Male cousin""}, {""value"": ""22.0"", ""label"": ""Female cousin""}, {""value"": ""23.0"", ""label"": ""Great uncle""}, {""value"": ""24.0"", ""label"": ""Great aunt""}, {""value"": ""25.0"", ""label"": ""Male lodger""}, {""value"": ""26.0"", ""label"": ""Female lodger""}, {""value"": ""27.0"", ""label"": ""Male cohabitee""}, {""value"": ""28.0"", ""label"": ""Female cohabitee""}, {""value"": ""29.0"", ""label"": ""Other male""}, {""value"": ""30.0"", ""label"": ""Other female""}, {""value"": ""31.0"", ""label"": ""Adopted father""}, {""value"": ""32.0"", ""label"": ""Adopted mother""}, {""value"": ""88.0"", ""label"": ""Unknown""}]"
62,a4a.38,10TH PERSON IN HOUSE SEX,numeric,NOMINAL,NA,"[{""value"": ""1.0"", ""label"": ""Male""}, {""value"": ""2.0"", ""label"": ""Female""}]"
63,a4a.39,10TH PERSON IN HOUSE DATE OF BIRTH (MM),numeric,NOMINAL,-8.0 thru -1.0,"[{""value"": ""-8.0"", ""label"": ""Out of range""}]"
64,a4a.40,10TH PERSON IN HOUSE DATE OF BIRTH (YY),numeric,NOMINAL,-8.0 thru None,"[{""value"": ""-8.0"", ""label"": ""Out of range""}]"
65,a4a.41,NUMBER OF PERSONS IN HOUSEHOLD,numeric,NOMINAL,-8.0 thru -1.0,"[{""value"": ""-8.0"", ""label"": ""Out of range""}]"
66,a4a.42,NUMBER OF CHILDREN IN HOUSEHOLD,numeric,NOMINAL,-8.0 thru -1.0,"[{""value"": ""-8.0"", ""label"": ""Out of range""}]"
67,a4b.1,1ST PERSON NOT IN HOUSE RELATIONSHIP,numeric,NOMINAL,-8.0 thru -1.0,"[{""value"": ""-8.0"", ""label"": ""Out of range""}, {""value"": ""1.0"", ""label"": ""Father""}, {""value"": ""2.0"", ""label"": ""Mother""}, {""value"": ""3.0"", ""label"": ""Step father""}, {""value"": ""4.0"", ""label"": ""Step mother""}, {""value"": ""5.0"", ""label"": ""Foster father""}, {""value"": ""6.0"", ""label"": ""Foster mother""}, {""value"": ""7.0"", ""label"": ""Grandfather""}, {""value"": ""8.0"", ""label"": ""Grandmother""}, {""value"": ""9.0"", ""label"": ""Uncle""}, {""value"": ""10.0"", ""label"": ""Aunt""}, {""value"": ""11.0"", ""label"": ""Elder brother""}, {""value"": ""12.0"", ""label"": ""Elder sister""}, {""value"": ""13.0"", ""label"": ""Younger brother""}, {""value"": ""14.0"", ""label"": ""Younger sister""}, {""value"": ""15.0"", ""label"": ""Adopted brother""}, {""value"": ""16.0"", ""label"": ""Adopted sister""}, {""value"": ""17.0"", ""label"": ""Step brother""}, {""value"": ""18.0"", ""label"": ""Step sister""}, {""value"": ""19.0"", ""label"": ""Brother in law""}, {""value"": ""20.0"", ""label"": ""Sister in law""}, {""value"": ""21.0"", ""label"": ""Male cousin""}, {""value"": ""22.0"", ""label"": ""Female cousin""}, {""value"": ""23.0"", ""label"": ""Great uncle""}, {""value"": ""24.0"", ""label"": ""Great aunt""}, {""value"": ""25.0"", ""label"": ""Male lodger""}, {""value"": ""26.0"", ""label"": ""Female lodger""}, {""value"": ""27.0"", ""label"": ""Male cohabitee""}, {""value"": ""28.0"", ""label"": ""Female cohabitee""}, {""value"": ""29.0"", ""label"": ""Other male""}, {""value"": ""30.0"", ""label"": ""Other female""}, {""value"": ""31.0"", ""label"": ""Adopted father""}, {""value"": ""32.0"", ""label"": ""Adopted mother""}, {""value"": ""88.0"", ""label"": ""Unknown""}]"
68,a4b.2,1ST PERSON NOT IN HOUSE SEX,numeric,NOMINAL,NA,"[{""value"": ""1.0"", ""label"": ""Male""}, {""value"": ""2.0"", ""label"": ""Female""}]"
69,a4b.3,1ST PERSON NOT IN HOUSE DATE OF BIRTH(MM),numeric,NOMINAL,-8.0 thru -1.0,"[{""value"": ""-8.0"", ""label"": ""Out of range""}]"
70,a4b.4,1ST PERSON NOT IN HOUSE DATE OF BIRTH(YY),numeric,NOMINAL,-8.0 thru None,"[{""value"": ""-8.0"", ""label"": ""Out of range""}]"
71,a4b.5,1ST PERSON NOT IN HOUSE REASON ABSENCE,numeric,NOMINAL,NA,"[{""value"": ""1.0"", ""label"": ""Residential institution""}, {""value"": ""2.0"", ""label"": ""Hospital""}, {""value"": ""3.0"", ""label"": ""School""}, {""value"": ""4.0"", ""label"": ""Working away""}, {""value"": ""5.0"", ""label"": ""In care""}, {""value"": ""6.0"", ""label"": ""In prison""}, {""value"": ""7.0"", ""label"": ""With relatives""}, {""value"": ""8.0"", ""label"": ""Fostered""}, {""value"": ""9.0"", ""label"": ""Other""}]"
72,a4b.6,2ND PERSON NOT IN HOUSE RELATIONSHIP,numeric,NOMINAL,-8.0 thru -1.0,"[{""value"": ""-8.0"", ""label"": ""Out of range""}, {""value"": ""1.0"", ""label"": ""Father""}, {""value"": ""2.0"", ""label"": ""Mother""}, {""value"": ""3.0"", ""label"": ""Step father""}, {""value"": ""4.0"", ""label"": ""Step mother""}, {""value"": ""5.0"", ""label"": ""Foster father""}, {""value"": ""6.0"", ""label"": ""Foster mother""}, {""value"": ""7.0"", ""label"": ""Grandfather""}, {""value"": ""8.0"", ""label"": ""Grandmother""}, {""value"": ""9.0"", ""label"": ""Uncle""}, {""value"": ""10.0"", ""label"": ""Aunt""}, {""value"": ""11.0"", ""label"": ""Elder brother""}, {""value"": ""12.0"", ""label"": ""Elder sister""}, {""value"": ""13.0"", ""label"": ""Younger brother""}, {""value"": ""14.0"", ""label"": ""Younger sister""}, {""value"": ""15.0"", ""label"": ""Adopted brother""}, {""value"": ""16.0"", ""label"": ""Adopted sister""}, {""value"": ""17.0"", ""label"": ""Step brother""}, {""value"": ""18.0"", ""label"": ""Step sister""}, {""value"": ""19.0"", ""label"": ""Brother in law""}, {""value"": ""20.0"", ""label"": ""Sister in law""}, {""value"": ""21.0"", ""label"": ""Male cousin""}, {""value"": ""22.0"", ""label"": ""Female cousin""}, {""value"": ""23.0"", ""label"": ""Great uncle""}, {""value"": ""24.0"", ""label"": ""Great aunt""}, {""value"": ""25.0"", ""label"": ""Male lodger""}, {""value"": ""26.0"", ""label"": ""Female lodger""}, {""value"": ""27.0"", ""label"": ""Male cohabitee""}, {""value"": ""28.0"", ""label"": ""Female cohabitee""}, {""value"": ""29.0"", ""label"": ""Other male""}, {""value"": ""30.0"", ""label"": ""Other female""}, {""value"": ""31.0"", ""label"": ""Adopted father""}, {""value"": ""32.0"", ""label"": ""Adopted mother""}, {""value"": ""88.0"", ""label"": ""Unknown""}]"
73,a4b.7,2ND PERSON NOT IN HOUSE SEX,numeric,NOMINAL,NA,"[{""value"": ""1.0"", ""label"": ""Male""}, {""value"": ""2.0"", ""label"": ""Female""}]"
74,a4b.8,2ND PERSON NOT IN HOUSE DATE OF BIRTH(MM),numeric,NOMINAL,-8.0 thru -1.0,"[{""value"": ""-8.0"", ""label"": ""Out of range""}]"
75,a4b.9,2ND PERSON NOT IN HOUSE DATE OF BIRTH(YY),numeric,SCALE,-8.0 thru None,"[{""value"": ""-8.0"", ""label"": ""Out of range""}]"
76,a4b.10,2ND PERSON NOT IN HOUSE REASON ABSENCE,numeric,NOMINAL,NA,"[{""value"": ""1.0"", ""label"": ""Residential institution""}, {""value"": ""2.0"", ""label"": ""Hospital""}, {""value"": ""3.0"", ""label"": ""School""}, {""value"": ""4.0"", ""label"": ""Working away""}, {""value"": ""5.0"", ""label"": ""In care""}, {""value"": ""6.0"", ""label"": ""In prison""}, {""value"": ""7.0"", ""label"": ""With relatives""}, {""value"": ""8.0"", ""label"": ""Fostered""}, {""value"": ""9.0"", ""label"": ""Other""}]"
77,a4b.11,3RD PERSON NOT IN HOUSE RELATIONSHIP,numeric,NOMINAL,-8.0 thru -1.0,"[{""value"": ""-8.0"", ""label"": ""Out of range""}, {""value"": ""1.0"", ""label"": ""Father""}, {""value"": ""2.0"", ""label"": ""Mother""}, {""value"": ""3.0"", ""label"": ""Step father""}, {""value"": ""4.0"", ""label"": ""Step mother""}, {""value"": ""5.0"", ""label"": ""Foster father""}, {""value"": ""6.0"", ""label"": ""Foster mother""}, {""value"": ""7.0"", ""label"": ""Grandfather""}, {""value"": ""8.0"", ""label"": ""Grandmother""}, {""value"": ""9.0"", ""label"": ""Uncle""}, {""value"": ""10.0"", ""label"": ""Aunt""}, {""value"": ""11.0"", ""label"": ""Elder brother""}, {""value"": ""12.0"", ""label"": ""Elder sister""}, {""value"": ""13.0"", ""label"": ""Younger brother""}, {""value"": ""14.0"", ""label"": ""Younger sister""}, {""value"": ""15.0"", ""label"": ""Adopted brother""}, {""value"": ""16.0"", ""label"": ""Adopted sister""}, {""value"": ""17.0"", ""label"": ""Step brother""}, {""value"": ""18.0"", ""label"": ""Step sister""}, {""value"": ""19.0"", ""label"": ""Brother in law""}, {""value"": ""20.0"", ""label"": ""Sister in law""}, {""value"": ""21.0"", ""label"": ""Male cousin""}, {""value"": ""22.0"", ""label"": ""Female cousin""}, {""value"": ""23.0"", ""label"": ""Great uncle""}, {""value"": ""24.0"", ""label"": ""Great aunt""}, {""value"": ""25.0"", ""label"": ""Male lodger""}, {""value"": ""26.0"", ""label"": ""Female lodger""}, {""value"": ""27.0"", ""label"": ""Male cohabitee""}, {""value"": ""28.0"", ""label"": ""Female cohabitee""}, {""value"": ""29.0"", ""label"": ""Other male""}, {""value"": ""30.0"", ""label"": ""Other female""}, {""value"": ""31.0"", ""label"": ""Adopted father""}, {""value"": ""32.0"", ""label"": ""Adopted mother""}, {""value"": ""88.0"", ""label"": ""Unknown""}]"
78,a4b.12,3RD PERSON NOT IN HOUSE SEX,numeric,NOMINAL,NA,"[{""value"": ""1.0"", ""label"": ""Male""}, {""value"": ""2.0"", ""label"": ""Female""}]"
79,a4b.13,3RD PERSON NOT IN HOUSE DATE OF BIRTH(MM),numeric,NOMINAL,-8.0 thru -1.0,"[{""value"": ""-8.0"", ""label"": ""Out of range""}]"
80,a4b.14,3RD PERSON NOT IN HOUSE DATE OF BIRTH(YY),numeric,SCALE,-8.0 thru None,"[{""value"": ""-8.0"", ""label"": ""Out of range""}]"
81,a4b.15,3RD PERSON NOT IN HOUSE REASON ABSENCE,numeric,NOMINAL,NA,"[{""value"": ""1.0"", ""label"": ""Residential institution""}, {""value"": ""2.0"", ""label"": ""Hospital""}, {""value"": ""3.0"", ""label"": ""School""}, {""value"": ""4.0"", ""label"": ""Working away""}, {""value"": ""5.0"", ""label"": ""In care""}, {""value"": ""6.0"", ""label"": ""In prison""}, {""value"": ""7.0"", ""label"": ""With relatives""}, {""value"": ""8.0"", ""label"": ""Fostered""}, {""value"": ""9.0"", ""label"": ""Other""}]"
82,a4b.16,4TH PERSON NOT IN HOUSE RELATIONSHIP,numeric,SCALE,NA,"[{""value"": ""1.0"", ""label"": ""Father""}, {""value"": ""2.0"", ""label"": ""Mother""}, {""value"": ""3.0"", ""label"": ""Step father""}, {""value"": ""4.0"", ""label"": ""Step mother""}, {""value"": ""5.0"", ""label"": ""Foster father""}, {""value"": ""6.0"", ""label"": ""Foster mother""}, {""value"": ""7.0"", ""label"": ""Grandfather""}, {""value"": ""8.0"", ""label"": ""Grandmother""}, {""value"": ""9.0"", ""label"": ""Uncle""}, {""value"": ""10.0"", ""label"": ""Aunt""}, {""value"": ""11.0"", ""label"": ""Elder brother""}, {""value"": ""12.0"", ""label"": ""Elder sister""}, {""value"": ""13.0"", ""label"": ""Younger brother""}, {""value"": ""14.0"", ""label"": ""Younger sister""}, {""value"": ""15.0"", ""label"": ""Adopted brother""}, {""value"": ""16.0"", ""label"": ""Adopted sister""}, {""value"": ""17.0"", ""label"": ""Step brother""}, {""value"": ""18.0"", ""label"": ""Step sister""}, {""value"": ""19.0"", ""label"": ""Brother in law""}, {""value"": ""20.0"", ""label"": ""Sister in law""}, {""value"": ""21.0"", ""label"": ""Male cousin""}, {""value"": ""22.0"", ""label"": ""Female cousin""}, {""value"": ""23.0"", ""label"": ""Great uncle""}, {""value"": ""24.0"", ""label"": ""Great aunt""}, {""value"": ""25.0"", ""label"": ""Male lodger""}, {""value"": ""26.0"", ""label"": ""Female lodger""}, {""value"": ""27.0"", ""label"": ""Male cohabitee""}, {""value"": ""28.0"", ""label"": ""Female cohabitee""}, {""value"": ""29.0"", ""label"": ""Other male""}, {""value"": ""30.0"", ""label"": ""Other female""}, {""value"": ""31.0"", ""label"": ""Adopted father""}, {""value"": ""32.0"", ""label"": ""Adopted mother""}, {""value"": ""88.0"", ""label"": ""Unknown""}]"
83,a4b.17,4TH PERSON NOT IN HOUSE SEX,numeric,NOMINAL,NA,"[{""value"": ""1.0"", ""label"": ""Male""}, {""value"": ""2.0"", ""label"": ""Female""}]"
84,a4b.18,4TH PERSON NOT IN HOUSE DATE OF BIRTH(MM),numeric,NOMINAL,-8.0 thru -1.0,"[{""value"": ""-8.0"", ""label"": ""Out of range""}]"
85,a4b.19,4TH PERSON NOT IN HOUSE DATE OF BIRTH(YY),numeric,SCALE,-8.0 thru None,[]
86,a4b.20,4TH PERSON NOT IN HOUSE REASON ABSENCE,numeric,NOMINAL,NA,"[{""value"": ""1.0"", ""label"": ""Residential institution""}, {""value"": ""2.0"", ""label"": ""Hospital""}, {""value"": ""3.0"", ""label"": ""School""}, {""value"": ""4.0"", ""label"": ""Working away""}, {""value"": ""5.0"", ""label"": ""In care""}, {""value"": ""6.0"", ""label"": ""In prison""}, {""value"": ""7.0"", ""label"": ""With relatives""}, {""value"": ""8.0"", ""label"": ""Fostered""}, {""value"": ""9.0"", ""label"": ""Other""}]"
87,a4b.21,TOTAL NUMBER OF PERSONS NOT IN HOUSE,numeric,NOMINAL,NA,[]
88,a4b.22,TOTAL NUMBER OF CHILDREN NOT IN HOUSE,numeric,NOMINAL,NA,[]
89,a5.1,RELATIONSHIP OF MOTHER FIGURE,numeric,NOMINAL,NA,"[{""value"": ""1.0"", ""label"": ""Natural mother""}, {""value"": ""2.0"", ""label"": ""Mother by adoption""}, {""value"": ""3.0"", ""label"": ""Step mother""}, {""value"": ""4.0"", ""label"": ""Foster mother""}, {""value"": ""5.0"", ""label"": ""Grandmother""}, {""value"": ""6.0"", ""label"": ""Elder sister""}, {""value"": ""7.0"", ""label"": ""Cohabitee of father""}, {""value"": ""8.0"", ""label"": ""Other""}, {""value"": ""9.0"", ""label"": ""No mother figure""}]"
90,a5.2,OTHER RELATIONSHIP OF MOTHER FIGURE,numeric,NOMINAL,-8.0 thru -3.0 and -1.0,"[{""value"": ""-3.0"", ""label"": ""Not stated""}, {""value"": ""1.0"", ""label"": ""Related""}, {""value"": ""2.0"", ""label"": ""Not related""}, {""value"": ""3.0"", ""label"": ""Not specified""}]"
91,a5.3,REASON 1 FOR PAST CHANGES IN SITUATION,numeric,NOMINAL,-8.0 thru -3.0 and -1.0,"[{""value"": ""-3.0"", ""label"": ""Not stated""}, {""value"": ""1.0"", ""label"": ""Natural father died""}, {""value"": ""2.0"", ""label"": ""Natural mother died""}, {""value"": ""3.0"", ""label"": ""Natural parents separated""}, {""value"": ""4.0"", ""label"": ""Natural parents divorced""}, {""value"": ""5.0"", ""label"": ""Single parent at birth""}, {""value"": ""6.0"", ""label"": ""Taken into care""}, {""value"": ""7.0"", ""label"": ""Other""}]"
92,a5.4,REASON 2 FOR PAST CHANGES IN SITUATION,numeric,NOMINAL,-8.0 thru -1.0,"[{""value"": ""-8.0"", ""label"": ""Out of range""}, {""value"": ""1.0"", ""label"": ""Multiple changes or events""}, {""value"": ""2.0"", ""label"": ""Multiple reasons given for 1 event""}]"
93,a5.5,WHEN NATURAL MOTHER AND CHILD SEPARATED,numeric,SCALE,NA,[]
94,a6.1,RELATIONSHIP OF FATHER FIGURE,numeric,NOMINAL,NA,"[{""value"": ""1.0"", ""label"": ""Natural father""}, {""value"": ""2.0"", ""label"": ""Father by adoption""}, {""value"": ""3.0"", ""label"": ""Step father""}, {""value"": ""4.0"", ""label"": ""Foster father""}, {""value"": ""5.0"", ""label"": ""Grandfather""}, {""value"": ""6.0"", ""label"": ""Elder brother""}, {""value"": ""7.0"", ""label"": ""Cohabitee of mother""}, {""value"": ""8.0"", ""label"": ""Other""}, {""value"": ""9.0"", ""label"": ""No father figure""}]"
95,a6.2,OTHER RELATIONSHIP OF FATHER FIGURE,numeric,NOMINAL,-8.0 thru -3.0 and -1.0,"[{""value"": ""-3.0"", ""label"": ""Not stated""}, {""value"": ""1.0"", ""label"": ""Related""}, {""value"": ""2.0"", ""label"": ""Not related""}, {""value"": ""3.0"", ""label"": ""Not specified""}]"
96,a6.3,REASON 1 FOR PAST CHANGES IN SITUATION,numeric,NOMINAL,-8.0 thru -3.0 and -1.0,"[{""value"": ""-8.0"", ""label"": ""Out of range""}, {""value"": ""-3.0"", ""label"": ""Not stated""}, {""value"": ""1.0"", ""label"": ""Natural father died""}, {""value"": ""2.0"", ""label"": ""Natural mother died""}, {""value"": ""3.0"", ""label"": ""Natural parents separated""}, {""value"": ""4.0"", ""label"": ""Natural parents divorced""}, {""value"": ""5.0"", ""label"": ""Single parent at birth""}, {""value"": ""6.0"", ""label"": ""Taken into care""}, {""value"": ""7.0"", ""label"": ""Other""}]"
97,a6.4,REASON 2 FOR PAST CHANGES IN SITUATION,numeric,NOMINAL,-8.0 thru -1.0,"[{""value"": ""-8.0"", ""label"": ""Out of range""}, {""value"": ""1.0"", ""label"": ""Multiple changes or events""}, {""value"": ""2.0"", ""label"": ""Multiple reasons given for 1 event""}]"
98,a6.5,WHEN NATURAL FATHER AND CHILD SEPATATED (YY),numeric,SCALE,NA,[]
99,a7,CHILD LIVED WITH SAME PARENTS SINCE BORN,numeric,NOMINAL,NA,"[{""value"": ""1.0"", ""label"": ""Yes""}, {""value"": ""2.0"", ""label"": ""No""}]"
100,a8.1,CHILD EVER LIVED WITH ONLY ONE PARENT,numeric,NOMINAL,NA,"[{""value"": ""1.0"", ""label"": ""Yes, still doing so""}, {""value"": ""2.0"", ""label"": ""Yes, in past""}, {""value"": ""3.0"", ""label"": ""No""}, {""value"": ""4.0"", ""label"": ""Not known""}]"
101,a8.2,HOW OLD CHILD WITH ONLY ONE PARENT?,numeric,NOMINAL,-3.0 thru -2.0 and -1.0,"[{""value"": ""-3.0"", ""label"": ""Not stated""}, {""value"": ""-2.0"", ""label"": ""Not known""}, {""value"": ""-1.0"", ""label"": ""Not applicable""}, {""value"": ""0.0"", ""label"": ""Under one year""}]"
102,a8.3a,HOW LONG LIVED WITH ONLY ONE PARENT(YY)?,numeric,NOMINAL,-8.0 thru -3.0 and -1.0,"[{""value"": ""-3.0"", ""label"": ""Not stated""}, {""value"": ""-1.0"", ""label"": ""Not applicable""}, {""value"": ""0.0"", ""label"": ""Less than a year""}]"
103,a8.3b,HOW LONG LIVED WITH ONLY ONE PARENT(MM)?,numeric,NOMINAL,-8.0 thru -3.0 and -1.0,"[{""value"": ""-3.0"", ""label"": ""Not stated""}, {""value"": ""-1.0"", ""label"": ""Not applicable""}, {""value"": ""0.0"", ""label"": ""Less than a month""}]"
104,a8.4a,AT THIS TIME DID CHILD LIVE WITH MOTHER,numeric,NOMINAL,-8.0 thru -3.0 and -1.0,"[{""value"": ""-3.0"", ""label"": ""Not stated""}, {""value"": ""1.0"", ""label"": ""Yes""}]"
105,a8.4b,AT THIS TIME DID CHILD LIVE WITH FATHER,numeric,NOMINAL,-8.0 thru -3.0 and -1.0,"[{""value"": ""-3.0"", ""label"": ""Not stated""}, {""value"": ""1.0"", ""label"": ""Yes""}]"
106,a8.4c,AT THIS TIME DID CHILD LIVE WITH OTHER,numeric,NOMINAL,-8.0 thru -3.0 and -1.0,"[{""value"": ""-3.0"", ""label"": ""Not stated""}, {""value"": ""1.0"", ""label"": ""Yes""}]"
107,a8.5a,REASON: DEATH OF A PARENT,numeric,NOMINAL,-8.0 thru -3.0 and -1.0,"[{""value"": ""-3.0"", ""label"": ""Not stated""}, {""value"": ""1.0"", ""label"": ""Yes""}]"
108,a8.5b,"REASON: ILLNESS, DISABLEMENT OF PARENT",numeric,NOMINAL,-8.0 thru -3.0 and -1.0,"[{""value"": ""-3.0"", ""label"": ""Not stated""}, {""value"": ""1.0"", ""label"": ""Yes""}]"
109,a8.5c,"REASON: DIVORCE, SEPARATION",numeric,NOMINAL,-8.0 thru -3.0 and -1.0,"[{""value"": ""-3.0"", ""label"": ""Not stated""}, {""value"": ""1.0"", ""label"": ""Yes""}]"
110,a8.5d,REASON: OTHER REASON,numeric,NOMINAL,-8.0 thru -3.0 and -1.0,"[{""value"": ""-3.0"", ""label"": ""Not stated""}, {""value"": ""1.0"", ""label"": ""Yes""}]"
111,a9.1a,EVER BEEN IN CARE: YES NOW,numeric,NOMINAL,NA,"[{""value"": ""1.0"", ""label"": ""Yes""}]"
112,a9.1b,EVER BEEN IN CARE: YES IN PAST,numeric,NOMINAL,NA,"[{""value"": ""1.0"", ""label"": ""Yes""}]"
113,a9.1c,EVER BEEN IN CARE: NO NEVER,numeric,NOMINAL,NA,"[{""value"": ""1.0"", ""label"": ""Yes""}]"
114,a9.1d,EVER BEEN IN CARE: NOT KNOWN,numeric,NOMINAL,NA,"[{""value"": ""1.0"", ""label"": ""Yes""}]"
115,a9.2,NUMBER OF OCCASIONS IN CARE,numeric,NOMINAL,-3.0 thru -2.0,"[{""value"": ""-3.0"", ""label"": ""Not stated""}, {""value"": ""-2.0"", ""label"": ""Not known""}]"
116,a9.3a,AGE FIRST IN CARE (YY),numeric,NOMINAL,-3.0 thru -2.0,"[{""value"": ""-3.0"", ""label"": ""Not stated""}, {""value"": ""-2.0"", ""label"": ""Not known""}]"
117,a9.3b,AGE FIRST IN CARE (MM),numeric,NOMINAL,-8.0 thru -3.0 and -1.0,"[{""value"": ""-3.0"", ""label"": ""Not stated""}]"
118,a9.4a,AGE LAST IN CARE (YY),numeric,NOMINAL,-3.0 thru -2.0,"[{""value"": ""-3.0"", ""label"": ""Not stated""}, {""value"": ""-2.0"", ""label"": ""Not known""}]"
119,a9.4b,AGE LAST IN CARE (MM),numeric,NOMINAL,-3.0 thru -2.0,"[{""value"": ""-3.0"", ""label"": ""Not stated""}, {""value"": ""-2.0"", ""label"": ""Not known""}]"
120,a9.5a,LONGEST PERIOD IN CARE (YY),numeric,NOMINAL,-8.0 thru -3.0 and -1.0,"[{""value"": ""-3.0"", ""label"": ""Not stated""}]"
121,a9.5b,LONGEST PERIOD IN CARE (MM),numeric,NOMINAL,-3.0 thru -2.0,"[{""value"": ""-3.0"", ""label"": ""Not stated""}, {""value"": ""-2.0"", ""label"": ""Not known""}]"
122,a9.6,REASON(S) WHY IN CARE,numeric,NOMINAL,-8.0 thru -3.0 and -1.0,"[{""value"": ""-3.0"", ""label"": ""Not stated""}, {""value"": ""1.0"", ""label"": ""Suspected child abuse""}, {""value"": ""2.0"", ""label"": ""Desertion""}, {""value"": ""3.0"", ""label"": ""Illness/death parent figure""}, {""value"": ""4.0"", ""label"": ""Parents unable to cope""}, {""value"": ""5.0"", ""label"": ""Family homeless""}, {""value"": ""6.0"", ""label"": ""Other reason""}, {""value"": ""7.0"", ""label"": ""More than one reason""}, {""value"": ""8.0"", ""label"": ""Reason not known""}]"
123,a9.7,NAME AND ADDRESS OF PLACE CHILD IN CARE,numeric,NOMINAL,-8.0 thru -3.0 and -1.0,"[{""value"": ""-8.0"", ""label"": ""Out of range""}, {""value"": ""-3.0"", ""label"": ""Not stated""}, {""value"": ""1.0"", ""label"": ""Given""}, {""value"": ""2.0"", ""label"": ""Not given""}]"
124,a10.1,HOW LONG CHILD LIVED AT PRESENT ADDRESS,numeric,NOMINAL,NA,"[{""value"": ""1.0"", ""label"": ""Under six months""}, {""value"": ""2.0"", ""label"": ""6 months to 1 year""}, {""value"": ""3.0"", ""label"": ""More than a year""}]"
125,a10.2,NUMBER OF YEARS LIVED AT PRESENT ADDRESS,numeric,NOMINAL,-8.0 thru -3.0 and -1.0,"[{""value"": ""-8.0"", ""label"": ""Out of range""}, {""value"": ""-3.0"", ""label"": ""Not stated""}]"
126,a11.1,NO. OF PLACES LIVED FOR 6 OR MORE MONTHS,numeric,NOMINAL,-8.0 thru -2.0 and -1.0,"[{""value"": ""-2.0"", ""label"": ""Not known""}, {""value"": ""-1.0"", ""label"": ""Not applicable""}, {""value"": ""0.0"", ""label"": ""None""}, {""value"": ""1.0"", ""label"": ""Always lived at same address""}]"
127,a11.2a,REASON FOR LAST MOVE: FATHER'S JOB,numeric,NOMINAL,NA,"[{""value"": ""1.0"", ""label"": ""Yes""}]"
128,a11.2b,REASON FOR LAST MOVE: MOTHER'S JOB,numeric,NOMINAL,NA,"[{""value"": ""1.0"", ""label"": ""Yes""}]"
129,a11.2c,REASON FOR LAST MOVE: BETTER ACCOMMODATION,numeric,NOMINAL,NA,"[{""value"": ""1.0"", ""label"": ""Yes""}]"
130,a11.2d,REASON FOR LAST MOVE: HEALTH CHILDREN,numeric,NOMINAL,NA,"[{""value"": ""1.0"", ""label"": ""Yes""}]"
131,a11.2e,REASON FOR LAST MOVE: HEALTH OF PARENT(S),numeric,NOMINAL,NA,"[{""value"": ""1.0"", ""label"": ""Yes""}]"
132,a11.2f,REASON FOR LAST MOVE: MARITAL/DIVORCE/SEPARATION,numeric,NOMINAL,NA,"[{""value"": ""1.0"", ""label"": ""Yes""}]"
133,a11.2g,OTHER REASON FOR LAST MOVE,numeric,NOMINAL,-8.0 thru -1.0,"[{""value"": ""-8.0"", ""label"": ""Out of range""}, {""value"": ""1.0"", ""label"": ""Yes""}]"
134,a11.3,MAIN REASON FOR LAST MOVE,numeric,NOMINAL,-8.0 thru -3.0 and -1.0,"[{""value"": ""-3.0"", ""label"": ""Not stated""}, {""value"": ""1.0"", ""label"": ""Father's job""}, {""value"": ""2.0"", ""label"": ""Mother's job""}, {""value"": ""3.0"", ""label"": ""More suitable accommodation""}, {""value"": ""4.0"", ""label"": ""Health of child""}, {""value"": ""5.0"", ""label"": ""Health of parent""}, {""value"": ""6.0"", ""label"": ""Marital breakdown""}, {""value"": ""7.0"", ""label"": ""Other reason""}]"
135,a12.1,ETHNIC GROUP STUDY CHILD 1,numeric,NOMINAL,NA,"[{""value"": ""1.0"", ""label"": ""English, etc""}, {""value"": ""2.0"", ""label"": ""Irish""}, {""value"": ""3.0"", ""label"": ""Other European""}, {""value"": ""4.0"", ""label"": ""West Indian""}, {""value"": ""5.0"", ""label"": ""Indian""}, {""value"": ""6.0"", ""label"": ""Pakistani""}, {""value"": ""7.0"", ""label"": ""Bangladeshi""}, {""value"": ""8.0"", ""label"": ""Other""}]"
136,a12.2,ETHNIC GROUP MOTHER 1,numeric,NOMINAL,NA,"[{""value"": ""1.0"", ""label"": ""English, etc""}, {""value"": ""2.0"", ""label"": ""Irish""}, {""value"": ""3.0"", ""label"": ""Other European""}, {""value"": ""4.0"", ""label"": ""West Indian""}, {""value"": ""5.0"", ""label"": ""Indian""}, {""value"": ""6.0"", ""label"": ""Pakistani""}, {""value"": ""7.0"", ""label"": ""Bangladeshi""}, {""value"": ""8.0"", ""label"": ""Other""}]"
137,a12.3,ETHNIC GROUP FATHER 1,numeric,NOMINAL,NA,"[{""value"": ""1.0"", ""label"": ""English, etc""}, {""value"": ""2.0"", ""label"": ""Irish""}, {""value"": ""3.0"", ""label"": ""Other European""}, {""value"": ""4.0"", ""label"": ""West Indian""}, {""value"": ""5.0"", ""label"": ""Indian""}, {""value"": ""6.0"", ""label"": ""Pakistani""}, {""value"": ""7.0"", ""label"": ""Bangladeshi""}, {""value"": ""8.0"", ""label"": ""Other""}]"
138,a12.4,ETHNIC GROUP STUDY CHILD 2,numeric,NOMINAL,NA,"[{""value"": ""1.0"", ""label"": ""English, etc""}, {""value"": ""2.0"", ""label"": ""Irish""}, {""value"": ""3.0"", ""label"": ""Other European""}, {""value"": ""4.0"", ""label"": ""West Indian""}, {""value"": ""5.0"", ""label"": ""Indian""}, {""value"": ""6.0"", ""label"": ""Pakistani""}, {""value"": ""7.0"", ""label"": ""Bangladeshi""}, {""value"": ""8.0"", ""label"": ""Other""}]"
139,a12.5,ETHNIC GROUP MOTHER 2,numeric,NOMINAL,NA,"[{""value"": ""1.0"", ""label"": ""English, etc""}, {""value"": ""2.0"", ""label"": ""Irish""}, {""value"": ""3.0"", ""label"": ""Other European""}, {""value"": ""4.0"", ""label"": ""West Indian""}, {""value"": ""5.0"", ""label"": ""Indian""}, {""value"": ""6.0"", ""label"": ""Pakistani""}, {""value"": ""7.0"", ""label"": ""Bangladeshi""}, {""value"": ""8.0"", ""label"": ""Other""}]"
140,a12.6,ETHNIC GROUP FATHER 2,numeric,NOMINAL,NA,"[{""value"": ""1.0"", ""label"": ""English, etc""}, {""value"": ""2.0"", ""label"": ""Irish""}, {""value"": ""3.0"", ""label"": ""Other European""}, {""value"": ""4.0"", ""label"": ""West Indian""}, {""value"": ""5.0"", ""label"": ""Indian""}, {""value"": ""6.0"", ""label"": ""Pakistani""}, {""value"": ""7.0"", ""label"": ""Bangladeshi""}, {""value"": ""8.0"", ""label"": ""Other""}]"
141,a12.7,ETHNIC GROUP STUDY CHILD OTHER,numeric,NOMINAL,NA,"[{""value"": ""1.0"", ""label"": ""Mixed""}, {""value"": ""2.0"", ""label"": ""Other Asian""}, {""value"": ""3.0"", ""label"": ""Other""}]"
142,a12.8,ETHNIC GROUP MOTHER OTHER,numeric,NOMINAL,NA,"[{""value"": ""1.0"", ""label"": ""Mixed""}, {""value"": ""2.0"", ""label"": ""Other Asian""}, {""value"": ""3.0"", ""label"": ""Other""}]"
143,a12.9,ETHNIC GROUP FATHER OTHER,numeric,NOMINAL,NA,"[{""value"": ""1.0"", ""label"": ""Mixed""}, {""value"": ""2.0"", ""label"": ""Other Asian""}, {""value"": ""3.0"", ""label"": ""Other""}]"
144,a12.10,ETHNIC GROUP NO MOTHER FIGURE,numeric,NOMINAL,NA,"[{""value"": ""1.0"", ""label"": ""Yes""}]"
145,a12.11,ETHNIC GROUP NO FATHER FIGURE,numeric,NOMINAL,NA,"[{""value"": ""1.0"", ""label"": ""Yes""}]"
146,b1.1,DOES CHILD HAVE NORMAL VISION BOTH EYES?,numeric,NOMINAL,NA,"[{""value"": ""1.0"", ""label"": ""Yes""}, {""value"": ""2.0"", ""label"": ""No""}, {""value"": ""3.0"", ""label"": ""Not known""}]"
147,b1.2,VISION PROBLEM TEXT POOL IDENTIFIER,numeric,NOMINAL,NA,[]
148,b2,HAS CHILD EVER HAD SQUINT?,numeric,NOMINAL,NA,"[{""value"": ""1.0"", ""label"": ""Yes, now""}, {""value"": ""2.0"", ""label"": ""Yes, in past""}, {""value"": ""3.0"", ""label"": ""Never""}, {""value"": ""4.0"", ""label"": ""Not known""}]"
149,b3.1,HAS CHILD ALWAYS HAD GOOD HEARING?,numeric,NOMINAL,NA,"[{""value"": ""1.0"", ""label"": ""Yes""}, {""value"": ""2.0"", ""label"": ""No""}, {""value"": ""3.0"", ""label"": ""Not known""}]"
150,b3.2,HEARING PROBLEM TEXT POOL IDENTIFIER,numeric,NOMINAL,NA,"[{""value"": ""0.0"", ""label"": """"}, {""value"": ""1.0"", ""label"": """"}, {""value"": ""2.0"", ""label"": """"}]"
151,b3.3,WHICH EAR HAD PROBLEMS WITH?,numeric,NOMINAL,-8.0 thru -3.0 and -1.0,"[{""value"": ""-3.0"", ""label"": ""Not stated""}, {""value"": ""1.0"", ""label"": ""Right""}, {""value"": ""2.0"", ""label"": ""Left""}, {""value"": ""3.0"", ""label"": ""Both""}, {""value"": ""4.0"", ""label"": ""Not known""}]"
152,b3.4,IS HEARING NORMAL NOW?,numeric,NOMINAL,-8.0 thru -3.0 and -1.0,"[{""value"": ""-3.0"", ""label"": ""Not stated""}, {""value"": ""1.0"", ""label"": ""Yes""}, {""value"": ""2.0"", ""label"": ""No""}, {""value"": ""3.0"", ""label"": ""Not known""}]"
153,b4.1,DOES CHILD WEAR GLASSES?,numeric,NOMINAL,NA,"[{""value"": ""1.0"", ""label"": ""Yes""}, {""value"": ""2.0"", ""label"": ""No""}, {""value"": ""3.0"", ""label"": ""Not known""}]"
154,b4.2,DOES CHILD WEAR HEARING AID?,numeric,NOMINAL,NA,"[{""value"": ""1.0"", ""label"": ""Yes""}, {""value"": ""2.0"", ""label"": ""No""}, {""value"": ""3.0"", ""label"": ""Not known""}]"
155,b4.3,DOES CHILD WEAR DENTAL BRACE?,numeric,NOMINAL,NA,"[{""value"": ""1.0"", ""label"": ""Yes""}, {""value"": ""2.0"", ""label"": ""No""}, {""value"": ""3.0"", ""label"": ""Not known""}]"
156,b4.4,DOES CHILD WEAR SURGICAL AID/MED APPLIAN,numeric,NOMINAL,NA,"[{""value"": ""1.0"", ""label"": ""Yes""}, {""value"": ""2.0"", ""label"": ""No""}, {""value"": ""3.0"", ""label"": ""Not known""}]"
157,b4.5,SURG AID/MED APPL TEXT POOL IDENTIFIER,numeric,NOMINAL,NA,[]
158,b5,HOW OFTEN DOES CHILD HAVE DENTAL EXAM?,numeric,NOMINAL,NA,"[{""value"": ""1.0"", ""label"": ""Regular check ups""}, {""value"": ""2.0"", ""label"": ""Occasional check ups""}, {""value"": ""3.0"", ""label"": ""When having trouble""}, {""value"": ""4.0"", ""label"": ""Never had attention""}, {""value"": ""5.0"", ""label"": ""Not known""}]"
159,b6.1,HAS CHILD EVER HAD DENTAL GAS?,numeric,NOMINAL,NA,"[{""value"": ""1.0"", ""label"": ""Yes""}, {""value"": ""2.0"", ""label"": ""No""}, {""value"": ""3.0"", ""label"": ""Not known""}]"
160,b6.2,HOW MANY TIMES CHILD HAD DENTAL GAS?,numeric,SCALE,NA,"[{""value"": ""-7.0"", ""label"": ""Too many to count""}, {""value"": ""-5.0"", ""label"": ""Other answer""}, {""value"": ""-3.0"", ""label"": ""Not stated""}, {""value"": ""-2.0"", ""label"": ""Not known""}]"
161,b7.1,HAS CHILD HAD WHEEZING ATTACKS?,numeric,NOMINAL,NA,"[{""value"": ""1.0"", ""label"": ""Yes""}, {""value"": ""2.0"", ""label"": ""No""}, {""value"": ""3.0"", ""label"": ""Not known""}]"
162,b7.2,WHEEZING DUE TO ASTHMA,numeric,NOMINAL,-8.0 thru -3.0 and -1.0,"[{""value"": ""-3.0"", ""label"": ""Not stated""}, {""value"": ""1.0"", ""label"": ""Yes""}]"
163,b7.3,WHEEZING DUE TO WHEEZY BRONCHITIS,numeric,NOMINAL,-8.0 thru -3.0 and -1.0,"[{""value"": ""-3.0"", ""label"": ""Not stated""}, {""value"": ""1.0"", ""label"": ""Yes""}]"
164,b7.4,WHEEZING DUE TO OTHER CAUSE,numeric,NOMINAL,-8.0 thru -1.0,"[{""value"": ""-8.0"", ""label"": ""Out of range""}, {""value"": ""1.0"", ""label"": ""Yes""}]"
165,b7.5,WHEEZING DUE TO OTHER CAUSE 1,numeric,NOMINAL,NA,"[{""value"": ""0.0"", ""label"": ""Hay fever allergy""}, {""value"": ""1.0"", ""label"": ""Asthmatic bronchitis""}, {""value"": ""2.0"", ""label"": ""Bronchitis""}, {""value"": ""3.0"", ""label"": ""Pneumonia""}, {""value"": ""4.0"", ""label"": ""Tonsillitis""}, {""value"": ""5.0"", ""label"": ""Virus infection""}, {""value"": ""6.0"", ""label"": ""Croup""}, {""value"": ""7.0"", ""label"": ""No diagnosis""}, {""value"": ""8.0"", ""label"": ""Diagnosis illegible""}, {""value"": ""9.0"", ""label"": ""Other cause""}]"
166,b7.6,WHEEZING DUE TO OTHER CAUSE 2,numeric,NOMINAL,NA,"[{""value"": ""0.0"", ""label"": ""Hay fever allergy""}, {""value"": ""1.0"", ""label"": ""Asthmatic bronchitis""}, {""value"": ""2.0"", ""label"": ""Bronchitis""}, {""value"": ""3.0"", ""label"": ""Pneumonia""}, {""value"": ""4.0"", ""label"": ""Tonsillitis""}, {""value"": ""5.0"", ""label"": ""Virus infection""}, {""value"": ""6.0"", ""label"": ""Croup""}, {""value"": ""7.0"", ""label"": ""No diagnosis""}, {""value"": ""8.0"", ""label"": ""Diagnosis illegible""}, {""value"": ""9.0"", ""label"": ""Other cause""}]"
167,b7.7,WHEEZING DUE TO OTHER CAUSE 3,numeric,NOMINAL,NA,"[{""value"": ""1.0"", ""label"": ""Asthmatic bronchitis""}, {""value"": ""2.0"", ""label"": ""Bronchitis""}, {""value"": ""3.0"", ""label"": ""Pneumonia""}, {""value"": ""4.0"", ""label"": ""Tonsillitis""}, {""value"": ""5.0"", ""label"": ""Virus infection""}, {""value"": ""6.0"", ""label"": ""Croup""}, {""value"": ""7.0"", ""label"": ""No diagnosis""}, {""value"": ""8.0"", ""label"": ""Diagnosis illegible""}, {""value"": ""9.0"", ""label"": ""Other cause""}]"
168,b7.8,WHEEZING DUE TO OTHER CAUSE 4,numeric,NOMINAL,NA,"[{""value"": ""1.0"", ""label"": ""Asthmatic bronchitis""}, {""value"": ""2.0"", ""label"": ""Bronchitis""}, {""value"": ""3.0"", ""label"": ""Pneumonia""}, {""value"": ""4.0"", ""label"": ""Tonsillitis""}, {""value"": ""5.0"", ""label"": ""Virus infection""}, {""value"": ""6.0"", ""label"": ""Croup""}, {""value"": ""7.0"", ""label"": ""No diagnosis""}, {""value"": ""8.0"", ""label"": ""Diagnosis illegible""}, {""value"": ""9.0"", ""label"": ""Other cause""}]"
169,b7.9,"AGE OF OCCURRENCE, UNDER ONE YEAR",numeric,NOMINAL,NA,"[{""value"": ""1.0"", ""label"": ""Yes""}]"
170,b7.10,"AGE OF OCCURRENCE, 1 TO 5 YEARS",numeric,NOMINAL,NA,"[{""value"": ""1.0"", ""label"": ""Yes""}]"
171,b7.11,"AGE OF OCCURRENCE, 5 TO 9 YEARS",numeric,NOMINAL,NA,"[{""value"": ""1.0"", ""label"": ""Yes""}]"
172,b7.12,"AGE OF OCCURRENCE, SINCE 9TH BIRTHDAY",numeric,NOMINAL,NA,"[{""value"": ""1.0"", ""label"": ""Yes""}]"
173,b7.13,DESCRIPTION WHEEZING TEXT POOL IDENT 1,numeric,NOMINAL,-8.0 thru -3.0 and -1.0,"[{""value"": ""-3.0"", ""label"": ""Not stated""}]"
174,b7.14,DESCRIPTION WHEEZING TEXT POOL IDENT 2,numeric,NOMINAL,NA,[]
175,b7.15,DESCRIPTION WHEEZING TEXT POOL IDENT 3,numeric,NOMINAL,NA,[]
176,b7.16,SEEN BY DOCTOR GENERAL PRACTITIONER,numeric,NOMINAL,NA,"[{""value"": ""1.0"", ""label"": ""Yes""}]"
177,b7.17,SEEN BY DOCTOR AT OUTPATIENTS,numeric,NOMINAL,NA,"[{""value"": ""1.0"", ""label"": ""Yes""}]"
178,b7.18,"SEEN BY DOCTOR, ADMITTED TO HOSPITAL",numeric,NOMINAL,NA,"[{""value"": ""1.0"", ""label"": ""Yes""}]"
179,b7.19,NOT SEEN BY DOCTOR,numeric,NOMINAL,NA,"[{""value"": ""1.0"", ""label"": ""Yes""}]"
180,b7.20,WHEEZED DURING LAST 12 MONTHS,numeric,NOMINAL,-8.0 thru -3.0 and -1.0,"[{""value"": ""-3.0"", ""label"": ""Not stated""}, {""value"": ""1.0"", ""label"": ""Yes""}, {""value"": ""2.0"", ""label"": ""No""}, {""value"": ""3.0"", ""label"": ""Not known""}]"
181,b7.21,NUMBER OF ATTACKS DURING LAST 12 MONTHS,numeric,NOMINAL,-5.0 thru -3.0 and -2.0,"[{""value"": ""-5.0"", ""label"": ""Other answer""}, {""value"": ""-3.0"", ""label"": ""Not stated""}, {""value"": ""-2.0"", ""label"": ""Not Known""}]"
182,b7.22,PARTICULAR FACTORS BROUGHT ON ATTACKS,numeric,NOMINAL,-8.0 thru -3.0 and -1.0,"[{""value"": ""-3.0"", ""label"": ""Not stated""}, {""value"": ""1.0"", ""label"": ""Yes""}, {""value"": ""2.0"", ""label"": ""No""}, {""value"": ""3.0"", ""label"": ""Not known""}]"
183,b7.23,ATTACKS BROUGHT ON BY FACTOR 1,numeric,NOMINAL,-8.0 thru -3.0 and -1.0,"[{""value"": ""-8.0"", ""label"": ""Out of range""}, {""value"": ""-3.0"", ""label"": ""Not stated""}, {""value"": ""1.0"", ""label"": ""Emotional""}, {""value"": ""2.0"", ""label"": ""Infections""}, {""value"": ""3.0"", ""label"": ""Allergy""}, {""value"": ""4.0"", ""label"": ""Exercise""}, {""value"": ""5.0"", ""label"": ""Cold weather""}, {""value"": ""6.0"", ""label"": ""Other""}, {""value"": ""7.0"", ""label"": ""Overweight/Obesity""}, {""value"": ""8.0"", ""label"": ""Housing conditions""}]"
184,b7.24,ATTACKS BROUGHT ON BY FACTOR 2,numeric,NOMINAL,-8.0 thru -1.0,"[{""value"": ""-8.0"", ""label"": ""Out of range""}, {""value"": ""1.0"", ""label"": ""Emotional""}, {""value"": ""2.0"", ""label"": ""Infections""}, {""value"": ""3.0"", ""label"": ""Allergy""}, {""value"": ""4.0"", ""label"": ""Exercise""}, {""value"": ""5.0"", ""label"": ""Cold weather""}, {""value"": ""6.0"", ""label"": ""Other""}, {""value"": ""7.0"", ""label"": ""Overweight/Obesity""}, {""value"": ""8.0"", ""label"": ""Housing conditions""}]"
185,b7.25,ATTACKS BROUGHT ON BY FACTOR 3,numeric,NOMINAL,NA,"[{""value"": ""1.0"", ""label"": ""Emotional""}, {""value"": ""2.0"", ""label"": ""Infections""}, {""value"": ""3.0"", ""label"": ""Allergy""}, {""value"": ""4.0"", ""label"": ""Exercise""}, {""value"": ""5.0"", ""label"": ""Cold weather""}, {""value"": ""6.0"", ""label"": ""Other""}, {""value"": ""8.0"", ""label"": ""Housing conditions""}]"
186,b7.26,ATTACKS BROUGHT ON BY FACTOR 4,numeric,NOMINAL,NA,"[{""value"": ""1.0"", ""label"": ""Emotional""}, {""value"": ""2.0"", ""label"": ""Infections""}, {""value"": ""3.0"", ""label"": ""Allergy""}, {""value"": ""4.0"", ""label"": ""Exercise""}, {""value"": ""5.0"", ""label"": ""Cold weather""}, {""value"": ""6.0"", ""label"": ""Other""}]"
187,b7.27,BROUGHT ON BY FACTOR 5,numeric,NOMINAL,NA,"[{""value"": ""1.0"", ""label"": ""Emotional""}, {""value"": ""2.0"", ""label"": ""Infections""}, {""value"": ""3.0"", ""label"": ""Allergy""}, {""value"": ""4.0"", ""label"": ""Exercise""}, {""value"": ""5.0"", ""label"": ""Cold weather""}, {""value"": ""6.0"", ""label"": ""Other""}]"
188,b7.28,GIVEN MEDICATION IN PAST 12 MONTHS,numeric,NOMINAL,-8.0 thru -3.0 and -1.0,"[{""value"": ""-3.0"", ""label"": ""Not stated""}, {""value"": ""1.0"", ""label"": ""Yes""}, {""value"": ""2.0"", ""label"": ""No""}, {""value"": ""3.0"", ""label"": ""Not known""}]"
189,b7.29,MEDICATION GIVEN: DRUG CODE 1,NA,NA,NA,[]
190,b7.30,DURATION OF DRUG 1,numeric,NOMINAL,-8.0 thru -3.0 and -1.0,"[{""value"": ""-3.0"", ""label"": ""Not stated""}, {""value"": ""1.0"", ""label"": ""Intermittent""}, {""value"": ""2.0"", ""label"": ""<1/52""}, {""value"": ""3.0"", ""label"": ""1/52 to 1/12""}, {""value"": ""4.0"", ""label"": ""1/12 to 6/12""}, {""value"": ""5.0"", ""label"": ""6/12 to 1 year""}, {""value"": ""6.0"", ""label"": ""1 to 2 years""}, {""value"": ""7.0"", ""label"": ""2 to 5 years""}, {""value"": ""8.0"", ""label"": "">5 years""}, {""value"": ""9.0"", ""label"": ""Not specified""}]"
191,b7.31,MEDICATION GIVEN: DRUG CODE 2,NA,NA,NA,[]
192,b7.32,DURATION OF DRUG 2,numeric,NOMINAL,NA,"[{""value"": ""1.0"", ""label"": ""Intermittent""}, {""value"": ""2.0"", ""label"": ""<1/52""}, {""value"": ""3.0"", ""label"": ""1/52 to 1/12""}, {""value"": ""4.0"", ""label"": ""1/12 to 6/12""}, {""value"": ""5.0"", ""label"": ""6/12 to 1 year""}, {""value"": ""6.0"", ""label"": ""1 to 2 years""}, {""value"": ""7.0"", ""label"": ""2 to 5 years""}, {""value"": ""8.0"", ""label"": "">5 years""}, {""value"": ""9.0"", ""label"": ""Not specified""}]"
193,b7.33,MEDICATION GIVEN: DRUG CODE 3,NA,NA,NA,[]
194,b7.34,DURATION OF DRUG 3,numeric,NOMINAL,NA,"[{""value"": ""1.0"", ""label"": ""Intermittent""}, {""value"": ""2.0"", ""label"": ""<1/52""}, {""value"": ""3.0"", ""label"": ""1/52 to 1/12""}, {""value"": ""4.0"", ""label"": ""1/12 to 6/12""}, {""value"": ""5.0"", ""label"": ""6/12 to 1 year""}, {""value"": ""6.0"", ""label"": ""1 to 2 years""}, {""value"": ""7.0"", ""label"": ""2 to 5 years""}, {""value"": ""8.0"", ""label"": "">5 years""}, {""value"": ""9.0"", ""label"": ""Not specified""}]"
195,b7.35,MEDICATION GIVEN: DRUG CODE 4,NA,NA,NA,[]
196,b7.36,DURATION OF DRUG 4,numeric,NOMINAL,NA,"[{""value"": ""1.0"", ""label"": ""Intermittent""}, {""value"": ""2.0"", ""label"": ""<1/52""}, {""value"": ""3.0"", ""label"": ""1/52 to 1/12""}, {""value"": ""4.0"", ""label"": ""1/12 to 6/12""}, {""value"": ""5.0"", ""label"": ""6/12 to 1 year""}, {""value"": ""6.0"", ""label"": ""1 to 2 years""}, {""value"": ""7.0"", ""label"": ""2 to 5 years""}, {""value"": ""8.0"", ""label"": "">5 years""}, {""value"": ""9.0"", ""label"": ""Not specified""}]"
197,b7.37,IS CHILD STILL ON MEDICATION?,numeric,NOMINAL,-8.0 thru -3.0 and -1.0,"[{""value"": ""-3.0"", ""label"": ""Not stated""}, {""value"": ""1.0"", ""label"": ""Yes""}, {""value"": ""2.0"", ""label"": ""No""}, {""value"": ""3.0"", ""label"": ""Not known""}]"
198,b8.1,CHILD EVER HAD CONVULSIONS,numeric,NOMINAL,NA,"[{""value"": ""1.0"", ""label"": ""Yes""}, {""value"": ""2.0"", ""label"": ""No""}, {""value"": ""3.0"", ""label"": ""Not known""}]"
199,b8.2,CONVULSION DUE TO EPILEPSY,numeric,NOMINAL,NA,"[{""value"": ""1.0"", ""label"": ""Yes""}]"
200,b8.3,CONVULSION DUE TO FEBRILE CONVULSIONS,numeric,NOMINAL,NA,"[{""value"": ""1.0"", ""label"": ""Yes""}]"
201,b8.4,"CONVULSION DUE TO FAINTING, BLACKOUTS",numeric,NOMINAL,NA,"[{""value"": ""1.0"", ""label"": ""Yes""}]"
202,b8.5,CONVULSION DUE TO BREATH HOLDING,numeric,NOMINAL,NA,"[{""value"": ""1.0"", ""label"": ""Yes""}]"
203,b8.6,CONVULSION DUE TO IMMUNISATION REACTION,numeric,NOMINAL,NA,"[{""value"": ""1.0"", ""label"": ""Yes""}]"
204,b8.7,CONVULSION DUE TO OTHER CAUSE,numeric,NOMINAL,NA,"[{""value"": ""1.0"", ""label"": ""Yes""}]"
205,b8.8,OTHER CAUSE CONVULSION TEXT POOL IDENTIFIER,numeric,NOMINAL,-8.0 thru -3.0 and -1.0,"[{""value"": ""-3.0"", ""label"": ""Not stated""}]"
206,b8.9,"1ST ATTACK DESCRIPTION, TEXT POOL IDENT 1",numeric,NOMINAL,-8.0 thru -3.0 and -1.0,"[{""value"": ""-3.0"", ""label"": ""Not stated""}]"
207,b8.10,"1ST ATTACK DESCRIPTION, TEXT POOL IDENT 2",numeric,NOMINAL,NA,[]
208,b8.11,"1ST ATTACK DESCRIPTION, TEXT POOL IDENT 3",numeric,NOMINAL,NA,[]
209,b8.12,"SUBS ATTACK DESCRIPTION, TEXT POOL IDENT1",numeric,NOMINAL,-8.0 thru -3.0 and -1.0,"[{""value"": ""-3.0"", ""label"": ""Not stated""}]"
210,b8.13,"SUBS ATTACK DESCRIPTION, TEXT POOL IDENT2",numeric,NOMINAL,NA,[]
211,b8.14,"SUBS ATTACK DESCRIPTION, TEXT POOL IDENT3",numeric,NOMINAL,NA,[]
212,b8.15,INVESTIGATION CARRIED OUT 1,numeric,NOMINAL,-8.0 thru -3.0 and -1.0,"[{""value"": ""-3.0"", ""label"": ""Not stated""}, {""value"": ""1.0"", ""label"": ""Skull X ray""}, {""value"": ""2.0"", ""label"": ""Lumbar puncture""}, {""value"": ""3.0"", ""label"": ""EEG""}, {""value"": ""4.0"", ""label"": ""Brain scan""}, {""value"": ""5.0"", ""label"": ""EMI scan""}, {""value"": ""6.0"", ""label"": ""Neurological opinion""}, {""value"": ""7.0"", ""label"": ""Blood tests""}, {""value"": ""8.0"", ""label"": ""Other""}, {""value"": ""9.0"", ""label"": ""None""}]"
213,b8.16,INVESTIGATION CARRIED OUT 2,numeric,NOMINAL,NA,"[{""value"": ""1.0"", ""label"": ""Skull X ray""}, {""value"": ""2.0"", ""label"": ""Lumbar puncture""}, {""value"": ""3.0"", ""label"": ""EEG""}, {""value"": ""4.0"", ""label"": ""Brain scan""}, {""value"": ""5.0"", ""label"": ""EMI scan""}, {""value"": ""6.0"", ""label"": ""Neurological opinion""}, {""value"": ""7.0"", ""label"": ""Blood tests""}, {""value"": ""8.0"", ""label"": ""Other""}, {""value"": ""9.0"", ""label"": ""None""}]"
214,b8.17,INVESTIGATION CARRIED OUT 3,numeric,NOMINAL,NA,"[{""value"": ""1.0"", ""label"": ""Skull X ray""}, {""value"": ""2.0"", ""label"": ""Lumbar puncture""}, {""value"": ""3.0"", ""label"": ""EEG""}, {""value"": ""4.0"", ""label"": ""Brain scan""}, {""value"": ""5.0"", ""label"": ""EMI scan""}, {""value"": ""6.0"", ""label"": ""Neurological opinion""}, {""value"": ""7.0"", ""label"": ""Blood tests""}, {""value"": ""8.0"", ""label"": ""Other""}, {""value"": ""9.0"", ""label"": ""None""}]"
215,b8.18,INVESTIGATION CARRIED OUT 4,numeric,NOMINAL,NA,"[{""value"": ""1.0"", ""label"": ""Skull X ray""}, {""value"": ""2.0"", ""label"": ""Lumbar puncture""}, {""value"": ""3.0"", ""label"": ""EEG""}, {""value"": ""4.0"", ""label"": ""Brain scan""}, {""value"": ""5.0"", ""label"": ""EMI scan""}, {""value"": ""6.0"", ""label"": ""Neurological opinion""}, {""value"": ""7.0"", ""label"": ""Blood tests""}, {""value"": ""8.0"", ""label"": ""Other""}, {""value"": ""9.0"", ""label"": ""None""}]"
216,b8.19,INVESTIGATION CARRIED OUT 5,numeric,NOMINAL,NA,"[{""value"": ""1.0"", ""label"": ""Skull X ray""}, {""value"": ""2.0"", ""label"": ""Lumbar puncture""}, {""value"": ""3.0"", ""label"": ""EEG""}, {""value"": ""4.0"", ""label"": ""Brain scan""}, {""value"": ""5.0"", ""label"": ""EMI scan""}, {""value"": ""6.0"", ""label"": ""Neurological opinion""}, {""value"": ""7.0"", ""label"": ""Blood tests""}, {""value"": ""8.0"", ""label"": ""Other""}, {""value"": ""9.0"", ""label"": ""None""}]"
217,b8.20,INVESTIGATION CARRIED OUT 6,numeric,NOMINAL,NA,"[{""value"": ""1.0"", ""label"": ""Skull X ray""}, {""value"": ""2.0"", ""label"": ""Lumbar puncture""}, {""value"": ""3.0"", ""label"": ""EEG""}, {""value"": ""4.0"", ""label"": ""Brain scan""}, {""value"": ""5.0"", ""label"": ""EMI scan""}, {""value"": ""6.0"", ""label"": ""Neurological opinion""}, {""value"": ""7.0"", ""label"": ""Blood tests""}, {""value"": ""8.0"", ""label"": ""Other""}, {""value"": ""9.0"", ""label"": ""None""}]"
218,b8.21,CHILD SEEN BY GP AT HOME,numeric,NOMINAL,NA,"[{""value"": ""1.0"", ""label"": ""Yes""}]"
219,b8.22,CHILD SEEN BY GP AT SURGERY,numeric,NOMINAL,NA,"[{""value"": ""1.0"", ""label"": ""Yes""}]"
220,b8.23,CHILD SEEN BY HOSPITAL OUTPATIENTS,numeric,NOMINAL,NA,"[{""value"": ""1.0"", ""label"": ""Yes""}]"
221,b8.24,CHILD SEEN WHEN ADMITTED TO HOSPITAL,numeric,NOMINAL,NA,"[{""value"": ""1.0"", ""label"": ""Yes""}]"
222,b8.25,CHILD NOT SEEN BY DOCTOR,numeric,NOMINAL,NA,"[{""value"": ""1.0"", ""label"": ""Yes""}]"
223,b8.26,NOT KNOWN IF CHILD SEEN BY DOCTOR,numeric,NOMINAL,NA,"[{""value"": ""1.0"", ""label"": ""Yes""}]"
224,b8.27,AGE ATTACKS OCCURRED UNDER ONE YEAR,numeric,NOMINAL,NA,"[{""value"": ""1.0"", ""label"": ""Yes""}]"
225,b8.28,"AGE ATTACKS OCCURRED, 1 TO 5 YEARS",numeric,NOMINAL,NA,"[{""value"": ""1.0"", ""label"": ""Yes""}]"
226,b8.29,"AGE ATTACKS OCCURRED, 5 TO 9 YEARS",numeric,NOMINAL,NA,"[{""value"": ""1.0"", ""label"": ""Yes""}]"
227,b8.30,AGE ATTACKS OCCURRED IN PAST 12 MONTHS,numeric,NOMINAL,NA,"[{""value"": ""1.0"", ""label"": ""Yes""}]"
228,b8.31a,AGE MOST RECENT ATTACK (YY),numeric,NOMINAL,-8.0 thru -3.0 and -1.0,"[{""value"": ""-8.0"", ""label"": ""Out of range""}, {""value"": ""-3.0"", ""label"": ""Not stated""}]"
229,b8.31b,AGE MOST RECENT ATTACK (MM),numeric,NOMINAL,-8.0 thru -3.0 and -1.0,"[{""value"": ""-8.0"", ""label"": ""Out of range""}, {""value"": ""-3.0"", ""label"": ""Not stated""}]"
230,b8.32,REGULAR MEDICATION SINCE 5TH BIRTHDAY,numeric,NOMINAL,-8.0 thru -3.0 and -1.0,"[{""value"": ""-3.0"", ""label"": ""Not stated""}, {""value"": ""1.0"", ""label"": ""Yes""}, {""value"": ""2.0"", ""label"": ""No""}, {""value"": ""3.0"", ""label"": ""Not known""}]"
231,b8.33,REGULAR MEDICATION DRUG CODE 1,NA,NA,NA,[]
232,b8.34,REGULAR MEDICATION AGE GIVEN DRUG 1,numeric,NOMINAL,-8.0 thru -3.0 and -1.0,"[{""value"": ""-8.0"", ""label"": ""Out of range""}, {""value"": ""-3.0"", ""label"": ""Not stated""}, {""value"": ""1.0"", ""label"": ""5 years""}, {""value"": ""2.0"", ""label"": ""6 years""}, {""value"": ""3.0"", ""label"": ""7 years""}, {""value"": ""4.0"", ""label"": ""8 years""}, {""value"": ""5.0"", ""label"": ""9 years""}, {""value"": ""6.0"", ""label"": ""10 years""}, {""value"": ""7.0"", ""label"": ""Not specified""}]"
233,b8.35,REGULAR MEDICATION DURATION OF DRUG 1,numeric,NOMINAL,-8.0 thru -3.0 and -1.0,"[{""value"": ""-3.0"", ""label"": ""Not stated""}, {""value"": ""1.0"", ""label"": ""Intermittant""}, {""value"": ""2.0"", ""label"": ""<1/52""}, {""value"": ""3.0"", ""label"": ""1/52 to 1/12""}, {""value"": ""4.0"", ""label"": ""1/12 to 6/12""}, {""value"": ""5.0"", ""label"": ""6/12 to 1 year""}, {""value"": ""6.0"", ""label"": ""1 to 2 years""}, {""value"": ""7.0"", ""label"": ""2 to 5 years""}, {""value"": ""8.0"", ""label"": "">5 years""}, {""value"": ""9.0"", ""label"": ""Not specified""}]"
234,b8.36,REGULAR MEDICATION DRUG CODE 2,NA,NA,NA,[]
235,b8.37,REGULAR MEDICATION AGE GIVEN DRUG 2,numeric,NOMINAL,-8.0 thru -1.0,"[{""value"": ""-8.0"", ""label"": ""Out of range""}, {""value"": ""1.0"", ""label"": ""5 years""}, {""value"": ""2.0"", ""label"": ""6 years""}, {""value"": ""3.0"", ""label"": ""7 years""}, {""value"": ""4.0"", ""label"": ""8 years""}, {""value"": ""5.0"", ""label"": ""9 years""}, {""value"": ""6.0"", ""label"": ""10 years""}, {""value"": ""7.0"", ""label"": ""Not specified""}]"
236,b8.38,REGULAR MEDICATION DURATION OF DRUG 2,numeric,NOMINAL,NA,"[{""value"": ""1.0"", ""label"": ""Intermittant""}, {""value"": ""2.0"", ""label"": ""<1/52""}, {""value"": ""3.0"", ""label"": ""1/52 to 1/12""}, {""value"": ""4.0"", ""label"": ""1/12 to 6/12""}, {""value"": ""5.0"", ""label"": ""6/12 to 1 year""}, {""value"": ""6.0"", ""label"": ""1 to 2 years""}, {""value"": ""7.0"", ""label"": ""2 to 5 years""}, {""value"": ""8.0"", ""label"": "">5 years""}, {""value"": ""9.0"", ""label"": ""Not specified""}]"
237,b8.39,REGULAR MEDICATION DRUG CODE 3,NA,NA,NA,[]
238,b8.40,REGULAR MEDICATION AGE GIVEN DRUG 3,numeric,NOMINAL,-8.0 thru -1.0,"[{""value"": ""-8.0"", ""label"": ""Out of range""}, {""value"": ""1.0"", ""label"": ""5 years""}, {""value"": ""2.0"", ""label"": ""6 years""}, {""value"": ""3.0"", ""label"": ""7 years""}, {""value"": ""4.0"", ""label"": ""8 years""}, {""value"": ""5.0"", ""label"": ""9 years""}, {""value"": ""6.0"", ""label"": ""10 years""}, {""value"": ""7.0"", ""label"": ""Not specified""}]"
239,b8.41,REGULAR MEDICATION DURATION OF DRUG 3,numeric,NOMINAL,NA,"[{""value"": ""1.0"", ""label"": ""Intermittant""}, {""value"": ""2.0"", ""label"": ""<1/52""}, {""value"": ""3.0"", ""label"": ""1/52 to 1/12""}, {""value"": ""4.0"", ""label"": ""1/12 to 6/12""}, {""value"": ""5.0"", ""label"": ""6/12 to 1 year""}, {""value"": ""6.0"", ""label"": ""1 to 2 years""}, {""value"": ""7.0"", ""label"": ""2 to 5 years""}, {""value"": ""8.0"", ""label"": "">5 years""}, {""value"": ""9.0"", ""label"": ""Not specified""}]"
240,b8.42,REGULAR MEDICATION DRUG CODE 4,NA,NA,NA,[]
241,b8.43,REGULAR MEDICATION AGE GIVEN DRUG 4,numeric,NOMINAL,NA,"[{""value"": ""1.0"", ""label"": ""5 years""}, {""value"": ""2.0"", ""label"": ""6 years""}, {""value"": ""3.0"", ""label"": ""7 years""}, {""value"": ""4.0"", ""label"": ""8 years""}, {""value"": ""5.0"", ""label"": ""9 years""}, {""value"": ""6.0"", ""label"": ""10 years""}, {""value"": ""7.0"", ""label"": ""Not specified""}]"
242,b8.44,REGULAR MEDICATION DURATION OF DRUG 4,numeric,NOMINAL,NA,"[{""value"": ""1.0"", ""label"": ""Intermittant""}, {""value"": ""2.0"", ""label"": ""<1/52""}, {""value"": ""3.0"", ""label"": ""1/52 to 1/12""}, {""value"": ""4.0"", ""label"": ""1/12 to 6/12""}, {""value"": ""5.0"", ""label"": ""6/12 to 1 year""}, {""value"": ""6.0"", ""label"": ""1 to 2 years""}, {""value"": ""7.0"", ""label"": ""2 to 5 years""}, {""value"": ""8.0"", ""label"": "">5 years""}, {""value"": ""9.0"", ""label"": ""Not specified""}]"
243,b8.45,CHILD STILL ON MEDICATION,numeric,NOMINAL,-8.0 thru -3.0 and -1.0,"[{""value"": ""-3.0"", ""label"": ""Not stated""}, {""value"": ""1.0"", ""label"": ""Yes""}, {""value"": ""2.0"", ""label"": ""No""}, {""value"": ""3.0"", ""label"": ""Not known""}]"
244,b9.1,CHILD EVER HAD ANY ABNORMALITY,numeric,NOMINAL,NA,"[{""value"": ""1.0"", ""label"": ""Yes""}, {""value"": ""2.0"", ""label"": ""No""}, {""value"": ""3.0"", ""label"": ""Not known""}]"
245,b9.2,CONGENITAL ABNORMALITY 1 TEXT POOL IDENT,numeric,NOMINAL,-8.0 thru -3.0 and -1.0,"[{""value"": ""-3.0"", ""label"": ""Not stated""}]"
246,b9.3,CONGENITAL ABNORMALITY 2 TEXT POOL IDENT,numeric,NOMINAL,NA,[]
247,b9.4,CONGENITAL ABNORMALITY 3 TEXT POOL IDENT,numeric,NOMINAL,NA,[]
248,b9.5,CONGENITAL ABNORMALITY 4 TEXT POOL IDENT,numeric,NOMINAL,NA,[]
249,b10.1,CHILD EVER HAD BRONCHITIS,numeric,NOMINAL,NA,"[{""value"": ""1.0"", ""label"": ""Yes""}, {""value"": ""2.0"", ""label"": ""No""}, {""value"": ""3.0"", ""label"": ""Not known""}]"
250,b10.2,AGE FIRST BRONCHITIS ATTACK,numeric,NOMINAL,-5.0 thru -3.0 and -2.0,"[{""value"": ""-5.0"", ""label"": ""Other answer""}, {""value"": ""-3.0"", ""label"": ""Not stated""}, {""value"": ""-2.0"", ""label"": ""Not known""}, {""value"": ""0.0"", ""label"": ""Less than a year""}]"
251,b10.3,NUMBER OF ATTACKS PAST 12 MONTHS,numeric,NOMINAL,-5.0 thru -3.0 and -2.0,"[{""value"": ""-5.0"", ""label"": ""Other answer""}, {""value"": ""-3.0"", ""label"": ""Not stated""}, {""value"": ""-2.0"", ""label"": ""Not Known""}]"
252,b11.1,IN PAST 12 MONTHS HAD ECZEMA,numeric,NOMINAL,NA,"[{""value"": ""1.0"", ""label"": ""Yes""}]"
253,b11.2,PREVIOUS TO PAST 12 MONTHS HAD ECZEMA,numeric,NOMINAL,NA,"[{""value"": ""1.0"", ""label"": ""Yes""}]"
254,b11.3,NO NEVER HAD ECZEMA,numeric,NOMINAL,NA,"[{""value"": ""1.0"", ""label"": ""Yes""}]"
255,b11.4,NOT KNOWN IF HAD ECZEMA,numeric,NOMINAL,NA,"[{""value"": ""1.0"", ""label"": ""Yes""}]"
256,b11.5,IN PAST 12 MONTHS HAD HAYFEVER,numeric,NOMINAL,NA,"[{""value"": ""1.0"", ""label"": ""Yes""}]"
257,b11.6,PREVIOUS TO PAST 12 MONTHS HAD HAYFEVER,numeric,NOMINAL,NA,"[{""value"": ""1.0"", ""label"": ""Yes""}]"
258,b11.7,NO NEVER HAD HAYFEVER,numeric,NOMINAL,NA,"[{""value"": ""1.0"", ""label"": ""Yes""}]"
259,b11.8,NOT KNOWN IF HAD HAYFEVER,numeric,NOMINAL,NA,"[{""value"": ""1.0"", ""label"": ""Yes""}]"
260,b11.9,IN PAST 12 MNTHS HAD RECURRENT ABDO PAIN,numeric,NOMINAL,NA,"[{""value"": ""1.0"", ""label"": ""Yes""}]"
261,b11.10,PREV TO PAST 12MNTHS HAD RECUR ABDO PAIN,numeric,NOMINAL,NA,"[{""value"": ""1.0"", ""label"": ""Yes""}]"
262,b11.11,NO NEVER HAD RECURRENT ABDOMINAL PAIN,numeric,NOMINAL,NA,"[{""value"": ""1.0"", ""label"": ""Yes""}]"
263,b11.12,NOT KNOWN IF HAD RECURRENT ABDO PAIN,numeric,NOMINAL,NA,"[{""value"": ""1.0"", ""label"": ""Yes""}]"
264,b11.13,IN PAST 12 MONTHS HAD PNEUMONIA,numeric,NOMINAL,NA,"[{""value"": ""1.0"", ""label"": ""Yes""}]"
265,b11.14,PREVIOUS TO PAST 12 MONTHS HAD PNEUMONIA,numeric,NOMINAL,-8.0 thru -1.0,"[{""value"": ""-8.0"", ""label"": ""Out of range""}, {""value"": ""1.0"", ""label"": ""Yes""}]"
266,b11.15,NO NEVER HAD RECURRENT PNEUMONIA,numeric,NOMINAL,-8.0 thru -1.0,"[{""value"": ""-8.0"", ""label"": ""Out of range""}, {""value"": ""1.0"", ""label"": ""Yes""}]"
267,b11.16,NOT KNOWN IF HAD PNEUMONIA,numeric,NOMINAL,NA,"[{""value"": ""1.0"", ""label"": ""Yes""}]"
268,b11.17,IN PAST 12 MONTHS HAD MIGRAINE,numeric,NOMINAL,NA,"[{""value"": ""1.0"", ""label"": ""Yes""}]"
269,b11.18,PREVIOUS TO PAST 12 MONTHS HAD MIGRAINE,numeric,NOMINAL,NA,"[{""value"": ""1.0"", ""label"": ""Yes""}]"
270,b11.19,NO NEVER HAD RECURRENT MIGRAINE,numeric,NOMINAL,NA,"[{""value"": ""1.0"", ""label"": ""Yes""}]"
271,b11.20,NOT KNOWN IF HAD MIGRAINE,numeric,NOMINAL,NA,"[{""value"": ""1.0"", ""label"": ""Yes""}]"
272,b11.21,IN PAST 12 MONTHS HAD PLEURISY,numeric,NOMINAL,NA,"[{""value"": ""1.0"", ""label"": ""Yes""}]"
273,b11.22,PREVIOUS TO PAST 12 MONTHS HAD PLEURISY,numeric,NOMINAL,NA,"[{""value"": ""1.0"", ""label"": ""Yes""}]"
274,b11.23,NO NEVER HAD RECURRENT PLEURISY,numeric,NOMINAL,NA,"[{""value"": ""1.0"", ""label"": ""Yes""}]"
275,b11.24,NOT KNOWN IF HAD PLEURISY,numeric,NOMINAL,NA,"[{""value"": ""1.0"", ""label"": ""Yes""}]"
276,b12.1,EVER HAD MEASLES,numeric,NOMINAL,NA,"[{""value"": ""1.0"", ""label"": ""Yes""}, {""value"": ""2.0"", ""label"": ""No""}, {""value"": ""3.0"", ""label"": ""Not known""}]"
277,b12.2,AGE HAD MEASLES,numeric,NOMINAL,-8.0 thru -3.0 and -1.0,"[{""value"": ""-8.0"", ""label"": ""Out of range""}, {""value"": ""-3.0"", ""label"": ""Not stated""}, {""value"": ""0.0"", ""label"": ""Less than a year""}]"
278,b12.3,EVER HAD MUMPS,numeric,NOMINAL,NA,"[{""value"": ""1.0"", ""label"": ""Yes""}, {""value"": ""2.0"", ""label"": ""No""}, {""value"": ""3.0"", ""label"": ""Not known""}]"
279,b12.4,AGE HAD MUMPS,numeric,NOMINAL,-8.0 thru -3.0 and -1.0,"[{""value"": ""-3.0"", ""label"": ""Not stated""}, {""value"": ""0.0"", ""label"": ""Less than a year""}]"
280,b12.5,EVER HAD WHOOPING COUGH,numeric,NOMINAL,NA,"[{""value"": ""1.0"", ""label"": ""Yes""}, {""value"": ""2.0"", ""label"": ""No""}, {""value"": ""3.0"", ""label"": ""Not known""}]"
281,b12.6,AGE HAD WHOOPING COUGH,numeric,NOMINAL,-8.0 thru -3.0 and -1.0,"[{""value"": ""-3.0"", ""label"": ""Not stated""}, {""value"": ""0.0"", ""label"": ""Less than a year""}]"
282,b12.7,EVER HAD CHICKEN POX,numeric,NOMINAL,NA,"[{""value"": ""1.0"", ""label"": ""Yes""}, {""value"": ""2.0"", ""label"": ""No""}, {""value"": ""3.0"", ""label"": ""Not known""}]"
283,b12.8,AGE HAD CHICKEN POX,numeric,NOMINAL,-8.0 thru -3.0 and -1.0,"[{""value"": ""-8.0"", ""label"": ""Out of range""}, {""value"": ""-3.0"", ""label"": ""Not stated""}, {""value"": ""0.0"", ""label"": ""Less than a year""}]"
284,b12.9,EVER HAD MENINGITIS,numeric,NOMINAL,NA,"[{""value"": ""1.0"", ""label"": ""Yes""}, {""value"": ""2.0"", ""label"": ""No""}, {""value"": ""3.0"", ""label"": ""Not known""}]"
285,b12.10,AGE HAD MENINGITIS,numeric,NOMINAL,-8.0 thru -3.0 and -1.0,"[{""value"": ""-3.0"", ""label"": ""Not stated""}, {""value"": ""0.0"", ""label"": ""Less than a year""}]"
286,b12.11,EVER HAD OTHER ACUTE FEVER,numeric,NOMINAL,NA,"[{""value"": ""1.0"", ""label"": ""Yes""}, {""value"": ""2.0"", ""label"": ""No""}, {""value"": ""3.0"", ""label"": ""Not known""}]"
287,b12.12,AGE HAD OTHER ACUTE FEVER,numeric,NOMINAL,-8.0 thru -3.0 and -1.0,"[{""value"": ""-8.0"", ""label"": ""Out of range""}, {""value"": ""-3.0"", ""label"": ""Not stated""}, {""value"": ""0.0"", ""label"": ""Less than a year""}]"
288,b12.13,OTHER ACUTE FEVER 1,numeric,NOMINAL,-8.0 thru -3.0 and -1.0,"[{""value"": ""-8.0"", ""label"": ""Out of range""}, {""value"": ""-3.0"", ""label"": ""Not stated""}, {""value"": ""1.0"", ""label"": ""Rubella""}, {""value"": ""2.0"", ""label"": ""Scarletina""}, {""value"": ""3.0"", ""label"": ""Glandular fever""}, {""value"": ""4.0"", ""label"": ""Hepatitis""}, {""value"": ""5.0"", ""label"": ""Bruscellosis""}, {""value"": ""6.0"", ""label"": ""Dysentery""}, {""value"": ""7.0"", ""label"": ""Gastroenteritis""}, {""value"": ""8.0"", ""label"": ""Influenza""}, {""value"": ""9.0"", ""label"": ""Other""}]"
289,b12.14,OTHER ACUTE FEVER 2,numeric,NOMINAL,-8.0 thru None,"[{""value"": ""-8.0"", ""label"": ""Out of range""}, {""value"": ""-3.0"", ""label"": ""Not stated""}, {""value"": ""1.0"", ""label"": ""Rubella""}, {""value"": ""2.0"", ""label"": ""Scarletina""}, {""value"": ""3.0"", ""label"": ""Glandular fever""}, {""value"": ""4.0"", ""label"": ""Hepatitis""}, {""value"": ""5.0"", ""label"": ""Bruscellosis""}, {""value"": ""6.0"", ""label"": ""Dysentery""}, {""value"": ""7.0"", ""label"": ""Gastroenteritis""}, {""value"": ""8.0"", ""label"": ""Influenza""}, {""value"": ""9.0"", ""label"": ""Other""}]"
290,b12.15,OTHER ACUTE FEVER 3,numeric,NOMINAL,-8.0 thru None,"[{""value"": ""-8.0"", ""label"": ""Out of range""}, {""value"": ""-3.0"", ""label"": ""Not stated""}, {""value"": ""1.0"", ""label"": ""Rubella""}, {""value"": ""2.0"", ""label"": ""Scarletina""}, {""value"": ""3.0"", ""label"": ""Glandular fever""}, {""value"": ""4.0"", ""label"": ""Hepatitis""}, {""value"": ""5.0"", ""label"": ""Bruscellosis""}, {""value"": ""6.0"", ""label"": ""Dysentery""}, {""value"": ""7.0"", ""label"": ""Gastroenteritis""}, {""value"": ""8.0"", ""label"": ""Influenza""}, {""value"": ""9.0"", ""label"": ""Other""}]"
291,b13.1,EVER HAD TONSILLECTOMY,numeric,NOMINAL,NA,"[{""value"": ""1.0"", ""label"": ""Yes""}]"
292,b13.2,AGE HAD TONSILLECTOMY,numeric,NOMINAL,-5.0 thru -3.0 and -2.0,"[{""value"": ""-5.0"", ""label"": ""Other answer""}, {""value"": ""-3.0"", ""label"": ""Not stated""}, {""value"": ""-2.0"", ""label"": ""Not known""}]"
293,b13.3,EVER HAD HERNIA OPERATION,numeric,NOMINAL,NA,"[{""value"": ""1.0"", ""label"": ""Yes""}]"
294,b13.4,AGE HAD HERNIA OPERATION,numeric,NOMINAL,-5.0 thru -3.0,"[{""value"": ""-5.0"", ""label"": ""Other answer""}, {""value"": ""-3.0"", ""label"": ""Not stated""}, {""value"": ""0.0"", ""label"": ""Less than a year""}]"
295,b13.5,EVER HAD APPENDICECTOMY,numeric,NOMINAL,NA,"[{""value"": ""1.0"", ""label"": ""Yes""}]"
296,b13.6,AGE HAD APPENDICECTOMY,numeric,NOMINAL,-5.0 thru -3.0 and -2.0,"[{""value"": ""-5.0"", ""label"": ""Other answer""}, {""value"": ""-3.0"", ""label"": ""Not stated""}, {""value"": ""-2.0"", ""label"": ""Not known""}, {""value"": ""0.0"", ""label"": ""Less than a year""}]"
297,b13.7,EVER HAD OPERATION FOR SQUINT,numeric,NOMINAL,NA,"[{""value"": ""1.0"", ""label"": ""Yes""}]"
298,b13.8,AGE HAD OPERATION FOR SQUINT,numeric,NOMINAL,-5.0 thru -3.0,"[{""value"": ""-5.0"", ""label"": ""Other answer""}, {""value"": ""-3.0"", ""label"": ""Not stated""}, {""value"": ""0.0"", ""label"": ""Less than a year""}]"
299,b13.9,EVER HAD CIRCUMCISION,numeric,NOMINAL,NA,"[{""value"": ""1.0"", ""label"": ""Yes""}]"
300,b13.10,AGE HAD CIRCUMCISION,numeric,NOMINAL,-5.0 thru -3.0 and -2.0,"[{""value"": ""-5.0"", ""label"": ""Other answer""}, {""value"": ""-3.0"", ""label"": ""Not stated""}, {""value"": ""-2.0"", ""label"": ""Not known""}, {""value"": ""0.0"", ""label"": ""Less than a year""}]"
301,b13.11,OTHER OPERATION 1 TEXT POOL IDENTIFIER,numeric,NOMINAL,NA,[]
302,b13.12,EVER HAD OTHER OPERATION 1,numeric,NOMINAL,-8.0 thru -3.0 and -1.0,"[{""value"": ""-3.0"", ""label"": ""Not stated""}, {""value"": ""1.0"", ""label"": ""Yes""}]"
303,b13.13,AGE HAD OTHER OPERATION 1,numeric,NOMINAL,-5.0 thru -3.0 and -2.0,"[{""value"": ""-5.0"", ""label"": ""Other answer""}, {""value"": ""-3.0"", ""label"": ""Not stated""}, {""value"": ""-2.0"", ""label"": ""Not known""}, {""value"": ""0.0"", ""label"": ""Less than a year""}]"
304,b13.14,OTHER OPERATION 2 TEXT POOL IDENTIFIER,numeric,NOMINAL,NA,[]
305,b13.15,EVER HAD OTHER OPERATION 2,numeric,NOMINAL,NA,"[{""value"": ""1.0"", ""label"": ""Yes""}]"
306,b13.16,AGE HAD OTHER OPERATION 2,numeric,NOMINAL,-5.0 thru -3.0 and -2.0,"[{""value"": ""-5.0"", ""label"": ""Other answer""}, {""value"": ""-2.0"", ""label"": ""Not known""}, {""value"": ""0.0"", ""label"": ""Less than a year""}]"
307,b13.17,OTHER OPERATION 3 TEXT POOL IDENTIFIER,numeric,NOMINAL,NA,[]
308,b13.18,EVER HAD OTHER OPERATION 3,numeric,NOMINAL,NA,"[{""value"": ""1.0"", ""label"": ""Yes""}]"
309,b13.19,AGE HAD OTHER OPERATION 3,numeric,NOMINAL,-8.0 thru -5.0 and -1.0,"[{""value"": ""-5.0"", ""label"": ""Other answer""}, {""value"": ""0.0"", ""label"": ""Less than a year""}]"
310,b13.20,OTHER OPERATION 4 TEXT POOL IDENTIFIER,numeric,NOMINAL,NA,[]
311,b13.21,EVER HAD OTHER OPERATION 4,numeric,NOMINAL,NA,"[{""value"": ""1.0"", ""label"": ""Yes""}]"
312,b13.22,AGE HAD OTHER OPERATION 4,numeric,NOMINAL,NA,[]
313,b13.23,NEVER HAD OPERATION,numeric,NOMINAL,NA,"[{""value"": ""1.0"", ""label"": ""Yes""}]"
314,b14.1,"CHILD EVER HAD IMMUNISATION, VACCINATION",numeric,NOMINAL,NA,"[{""value"": ""1.0"", ""label"": ""Yes""}, {""value"": ""2.0"", ""label"": ""No""}, {""value"": ""3.0"", ""label"": ""Not known""}]"
315,b14.2,VACCINATED AGAINST DIPHTHERIA,numeric,NOMINAL,NA,"[{""value"": ""1.0"", ""label"": ""Yes""}]"
316,b14.3,VACCINATED AGAINST WHOOPING COUGH,numeric,NOMINAL,NA,"[{""value"": ""1.0"", ""label"": ""Yes""}]"
317,b14.4,VACCINATED AGAINST TETANUS,numeric,NOMINAL,NA,"[{""value"": ""1.0"", ""label"": ""Yes""}]"
318,b14.5,VACCINATED AGAINST SMALLPOX,numeric,NOMINAL,NA,"[{""value"": ""1.0"", ""label"": ""Yes""}]"
319,b14.6,VACCINATED AGAINST POLIOMYELITIS,numeric,NOMINAL,NA,"[{""value"": ""1.0"", ""label"": ""Yes""}]"
320,b14.7,VACCINATED AGAINST MEASLES,numeric,NOMINAL,NA,"[{""value"": ""1.0"", ""label"": ""Yes""}]"
321,b14.8,VACCINATED AGAINST TB (BCG),numeric,NOMINAL,NA,"[{""value"": ""1.0"", ""label"": ""Yes""}]"
322,b14.9,VACCINATED AGAINST OTHER,numeric,NOMINAL,-8.0 thru -1.0,"[{""value"": ""-8.0"", ""label"": ""Out of range""}, {""value"": ""1.0"", ""label"": ""Yes""}]"
323,b14.10,OTHER VACCINATION 1,numeric,NOMINAL,-8.0 thru -3.0 and -1.0,"[{""value"": ""-8.0"", ""label"": ""Out of range""}, {""value"": ""-3.0"", ""label"": ""Not stated""}, {""value"": ""1.0"", ""label"": ""TAB""}, {""value"": ""2.0"", ""label"": ""Cholera""}, {""value"": ""3.0"", ""label"": ""Rubella""}, {""value"": ""4.0"", ""label"": ""Yellow fever""}, {""value"": ""5.0"", ""label"": ""Other""}]"
324,b14.11,OTHER VACCINATION 2,numeric,NOMINAL,-8.0 thru -1.0,"[{""value"": ""-8.0"", ""label"": ""Out of range""}, {""value"": ""1.0"", ""label"": ""TAB""}, {""value"": ""2.0"", ""label"": ""Cholera""}, {""value"": ""3.0"", ""label"": ""Rubella""}, {""value"": ""4.0"", ""label"": ""Yellow fever""}, {""value"": ""5.0"", ""label"": ""Other""}]"
325,b14.12,OTHER VACCINATION 3,numeric,NOMINAL,NA,"[{""value"": ""1.0"", ""label"": ""TAB""}, {""value"": ""2.0"", ""label"": ""Cholera""}, {""value"": ""3.0"", ""label"": ""Rubella""}, {""value"": ""4.0"", ""label"": ""Yellow fever""}, {""value"": ""5.0"", ""label"": ""Other""}]"
326,b15.1,EVER HAD ANY REACTION TO IMMUNISATION,numeric,NOMINAL,NA,"[{""value"": ""1.0"", ""label"": ""Yes""}, {""value"": ""2.0"", ""label"": ""No""}, {""value"": ""3.0"", ""label"": ""Not known""}]"
327,b15.2,DESCRIPTION OF REACTION TEXT POOL ID 1,numeric,NOMINAL,NA,"[{""value"": ""0.0"", ""label"": """"}, {""value"": ""1.0"", ""label"": """"}, {""value"": ""2.0"", ""label"": """"}, {""value"": ""3.0"", ""label"": """"}, {""value"": ""4.0"", ""label"": """"}, {""value"": ""5.0"", ""label"": """"}, {""value"": ""6.0"", ""label"": """"}, {""value"": ""7.0"", ""label"": """"}, {""value"": ""8.0"", ""label"": """"}, {""value"": ""9.0"", ""label"": """"}, {""value"": ""10.0"", ""label"": """"}, {""value"": ""11.0"", ""label"": """"}, {""value"": ""12.0"", ""label"": """"}]"
328,b15.3,DESCRIPTION OF REACTION TEXT POOL ID 2,numeric,NOMINAL,NA,[]
329,b15.4,DESCRIPTION OF REACTION TEXT POOL ID 3,numeric,NOMINAL,NA,[]
330,b15.5,DISEASE BEING IMMUNISED AGAINST 1,numeric,NOMINAL,-8.0 thru -3.0 and -2.0,"[{""value"": ""-8.0"", ""label"": ""Out of range""}, {""value"": ""-3.0"", ""label"": ""Not stated""}, {""value"": ""-2.0"", ""label"": ""Not known""}, {""value"": ""1.0"", ""label"": ""Diphtheria""}, {""value"": ""2.0"", ""label"": ""Whooping cough""}, {""value"": ""3.0"", ""label"": ""Tetanus""}, {""value"": ""4.0"", ""label"": ""Smallpox""}, {""value"": ""5.0"", ""label"": ""Polio""}, {""value"": ""6.0"", ""label"": ""Measles""}, {""value"": ""7.0"", ""label"": ""TB (BCG)""}, {""value"": ""8.0"", ""label"": ""TAB""}, {""value"": ""9.0"", ""label"": ""Cholera""}, {""value"": ""10.0"", ""label"": ""Rubella""}, {""value"": ""11.0"", ""label"": ""Yellow fever""}, {""value"": ""12.0"", ""label"": ""Other""}, {""value"": ""13.0"", ""label"": ""Not known""}]"
331,b15.6,DISEASE BEING IMMUNISED AGAINST 2,numeric,NOMINAL,NA,"[{""value"": ""1.0"", ""label"": ""Diphtheria""}, {""value"": ""2.0"", ""label"": ""Whooping cough""}, {""value"": ""3.0"", ""label"": ""Tetanus""}, {""value"": ""4.0"", ""label"": ""Smallpox""}, {""value"": ""5.0"", ""label"": ""Polio""}, {""value"": ""6.0"", ""label"": ""Measles""}, {""value"": ""7.0"", ""label"": ""TB (BCG)""}, {""value"": ""8.0"", ""label"": ""TAB""}, {""value"": ""9.0"", ""label"": ""Cholera""}, {""value"": ""10.0"", ""label"": ""Rubella""}, {""value"": ""11.0"", ""label"": ""Yellow fever""}, {""value"": ""12.0"", ""label"": ""Other""}, {""value"": ""13.0"", ""label"": ""Not known""}]"
332,b15.7,DISEASE BEING IMMUNISED AGAINST 3,numeric,NOMINAL,NA,"[{""value"": ""1.0"", ""label"": ""Diphtheria""}, {""value"": ""2.0"", ""label"": ""Whooping cough""}, {""value"": ""3.0"", ""label"": ""Tetanus""}, {""value"": ""4.0"", ""label"": ""Smallpox""}, {""value"": ""5.0"", ""label"": ""Polio""}, {""value"": ""6.0"", ""label"": ""Measles""}, {""value"": ""7.0"", ""label"": ""TB (BCG)""}, {""value"": ""8.0"", ""label"": ""TAB""}, {""value"": ""9.0"", ""label"": ""Cholera""}, {""value"": ""10.0"", ""label"": ""Rubella""}, {""value"": ""11.0"", ""label"": ""Yellow fever""}, {""value"": ""12.0"", ""label"": ""Other""}, {""value"": ""13.0"", ""label"": ""Not known""}]"
333,b15.8,DISEASE BEING IMMUNISED AGAINST 4,numeric,NOMINAL,NA,"[{""value"": ""1.0"", ""label"": ""Diphtheria""}, {""value"": ""2.0"", ""label"": ""Whooping cough""}, {""value"": ""3.0"", ""label"": ""Tetanus""}, {""value"": ""4.0"", ""label"": ""Smallpox""}, {""value"": ""5.0"", ""label"": ""Polio""}, {""value"": ""6.0"", ""label"": ""Measles""}, {""value"": ""7.0"", ""label"": ""TB (BCG)""}, {""value"": ""8.0"", ""label"": ""TAB""}, {""value"": ""9.0"", ""label"": ""Cholera""}, {""value"": ""10.0"", ""label"": ""Rubella""}, {""value"": ""11.0"", ""label"": ""Yellow fever""}, {""value"": ""12.0"", ""label"": ""Other""}, {""value"": ""13.0"", ""label"": ""Not known""}]"
334,b15.9a,AGE OF CHILD AT TIME OF REACTION(YY),numeric,NOMINAL,-8.0 thru -3.0 and -1.0,"[{""value"": ""-3.0"", ""label"": ""Not stated""}]"
335,b15.9b,AGE OF CHILD AT TIME OF REACTION(MM),numeric,NOMINAL,-8.0 thru -3.0 and -1.0,"[{""value"": ""-3.0"", ""label"": ""Not stated""}]"
336,b15.10,TIME OF REACTION: HOURS,numeric,SCALE,-5.0 thru -3.0 and -2.0,"[{""value"": ""-5.0"", ""label"": ""Other answer""}, {""value"": ""-3.0"", ""label"": ""Not stated""}, {""value"": ""-2.0"", ""label"": ""Not known""}]"
337,b15.11,TIME OF REACTION: DAYS,numeric,NOMINAL,-5.0 thru -3.0 and -2.0,"[{""value"": ""-5.0"", ""label"": ""Other answer""}, {""value"": ""-3.0"", ""label"": ""Not stated""}, {""value"": ""-2.0"", ""label"": ""Not known""}]"
338,b16.1,HAS CHILD EVER BEEN ADMITTED TO HOSPITAL,numeric,NOMINAL,-8.0 thru -3.0 and -1.0,"[{""value"": ""-3.0"", ""label"": ""Not stated""}, {""value"": ""1.0"", ""label"": ""Yes""}, {""value"": ""2.0"", ""label"": ""No""}, {""value"": ""3.0"", ""label"": ""Not known""}]"
339,b16.2,TOTAL NUMBER OF HOSPITAL ADMISSIONS,numeric,NOMINAL,-8.0 thru -3.0 and -1.0,"[{""value"": ""-3.0"", ""label"": ""Not stated""}]"
340,b16.3,1ST ADMISSION AGE,numeric,NOMINAL,-8.0 thru -5.0 and -3.0,"[{""value"": ""-8.0"", ""label"": ""Out of range""}, {""value"": ""-5.0"", ""label"": ""Other answer""}, {""value"": ""-3.0"", ""label"": ""Not stated""}]"
341,b16.4,"1ST ADMISSION, NUMBER OF NIGHTS",numeric,SCALE,-5.0 thru -3.0 and -2.0,"[{""value"": ""-5.0"", ""label"": ""Other answer""}, {""value"": ""-3.0"", ""label"": ""Not stated""}, {""value"": ""-2.0"", ""label"": ""Not known""}]"
342,b16.5,"1ST ADMISSION, 1ST DIAGNOSIS DESCRIPTION",NA,NA,NA,[]
343,b16.6,"1ST ADMISSION, 1ST DIAGNOSIS ICD CODE",NA,NA,NA,[]
344,b16.7,"1ST ADMISSION, 2ND DIAGNOSIS DESCRIPTION",NA,NA,NA,[]
345,b16.8,"1ST ADMISSION, 2ND DIAGNOSIS ICD CODE",NA,NA,NA,[]
346,b16.9,"1ST ADMISSION, 3RD DIAGNOSIS DESCRIPTION",NA,NA,NA,[]
347,b16.10,"1ST ADMISSION, 3RD DIAGNOSIS ICD CODE",NA,NA,NA,[]
348,b16.11a,"1ST ADMISSION, 4TH DIAGNOSIS DESCRPTN (A)",NA,NA,NA,[]
349,b16.11b,"1ST ADMISSION, 4TH DIAGNOSIS DESCRPTN(B)",NA,NA,NA,[]
350,b16.12,"1ST ADMISSION, 4TH DIAGNOSIS ICD CODE",NA,NA,NA,[]
351,b16.13,"1ST ADMISSION, 5TH DIAGNOSIS DESCRIPTION",NA,NA,NA,[]
352,b16.14,"1ST ADMISSION, 5TH DIAGNOSIS ICD CODE",NA,NA,NA,[]
353,b16.15,1ST ADMISSION NUMBER OF DIAGNOSES CODED,numeric,NOMINAL,NA,[]
354,b16.16,1ST ADMISSION OPERATION 1 OPCS CODE,NA,NA,NA,[]
355,b16.17,1ST ADMISSION OPERATION 2 OPCS CODE,NA,NA,NA,[]
356,b16.18a,1ST ADMISSION OPERATION 3 OPCS CODE (A),NA,NA,NA,[]
357,b16.18b,1ST ADMISSION OPERATION 3 OPCS CODE (B),NA,NA,NA,[]
358,b16.19,"1ST ADMISSION, NUMBER OF OPERATIONS CODED",numeric,NOMINAL,NA,[]
359,b16.21,2ND ADMISSION AGE,numeric,NOMINAL,-8.0 thru -5.0 and -1.0,"[{""value"": ""-5.0"", ""label"": ""Other answer""}]"
360,b16.22,"2ND ADMISSION, NUMBER OF NIGHTS",numeric,SCALE,NA,"[{""value"": ""-8.0"", ""label"": ""Out of range""}, {""value"": ""-5.0"", ""label"": ""Other answer""}, {""value"": ""-2.0"", ""label"": ""Not known""}]"
361,b16.23a,"2ND ADMISSION, 1ST DIAGNOSIS DESCRIPTION(A)",NA,NA,NA,[]
362,b16.23b,"2ND ADMISSION, 1ST DIAGNOSIS DESCRIPTION(B)",NA,NA,NA,[]
363,b16.24,"2ND ADMISSION, 1ST DIAGNOSIS ICD CODE",NA,NA,NA,[]
364,b16.25,"2ND ADMISSION, 2ND DIAGNOSIS DESCRIPTION",NA,NA,NA,[]
365,b16.26,"2ND ADMISSION, 2ND DIAGNOSIS ICD CODE",NA,NA,NA,[]
366,b16.27,"2ND ADMISSION, 3RD DIAGNOSIS DESCRIPTION",NA,NA,NA,[]
367,b16.28a,"2ND ADMISSION, 3RD DIAGNOSIS ICD CODE (A)",NA,NA,NA,[]
368,b16.28b,"2ND ADMISSION, 3RD DIAGNOSIS ICD CODE (B)",NA,NA,NA,[]
369,b16.29,"2ND ADMISSION, 4TH DIAGNOSIS DESCRPTN",NA,NA,NA,[]
370,b16.30,"2ND ADMISSION, 4TH DIAGNOSIS ICD CODE",NA,NA,NA,[]
371,b16.31,"2ND ADMISSION, 5TH DIAGNOSIS DESCRIPTION",NA,NA,NA,[]
372,b16.32,"2ND ADMISSION, 5TH DIAGNOSIS ICD CODE",NA,NA,NA,[]
373,b16.33,2ND ADMISSION NUMBER OF DIAGNOSES CODED,numeric,NOMINAL,NA,[]
374,b16.34a,2ND ADMISSION OPERATION 1 OPCS CODE (A),NA,NA,NA,[]
375,b16.34b,2ND ADMISSION OPERATION 1 OPCS CODE (B),NA,NA,NA,[]
376,b16.35,2ND ADMISSION OPERATION 2 OPCS CODE,NA,NA,NA,[]
377,b16.36,2ND ADMISSION OPERATION 3 OPCS CODE,NA,NA,NA,[]
378,b16.37,"2ND ADMISSION, NUMBER OF OPERATIONS CODED",numeric,NOMINAL,NA,[]
379,b16.39,3RD ADMISSION AGE,numeric,NOMINAL,-5.0 thru -3.0 and -2.0,"[{""value"": ""-5.0"", ""label"": ""Other answer""}, {""value"": ""-2.0"", ""label"": ""Not known""}]"
380,b16.40,"3RD ADMISSION, NUMBER OF NIGHTS",numeric,NOMINAL,-5.0 thru -3.0 and -2.0,"[{""value"": ""-5.0"", ""label"": ""Other answer""}, {""value"": ""-2.0"", ""label"": ""Not known""}]"
381,b16.41a,"3RD ADMISSION, 1ST DIAGNOSIS DESCRIPTION(A)",NA,NA,NA,[]
382,b16.41b,"3RD ADMISSION, 1ST DIAGNOSIS DESCRIPTION(B)",NA,NA,NA,[]
383,b16.42,"3RD ADMISSION, 1ST DIAGNOSIS ICD CODE",NA,NA,NA,[]
384,b16.43,"3RD ADMISSION, 2ND DIAGNOSIS DESCRIPTION",NA,NA,NA,[]
385,b16.44,"3RD ADMISSION, 2ND DIAGNOSIS ICD CODE",NA,NA,NA,[]
386,b16.45a,"3RD ADMISSION, 3RD DIAGNOSIS DESCRIPTION(A)",NA,NA,NA,[]
387,b16.45b,"3RD ADMISSION, 3RD DIAGNOSIS DESCRIPTION(B)",NA,NA,NA,[]
388,b16.46,"3RD ADMISSION, 3RD DIAGNOSIS ICD CODE",NA,NA,NA,[]
389,b16.47,"3RD ADMISSION, 4TH DIAGNOSIS DESCRPTN",NA,NA,NA,[]
390,b16.48,"3RD ADMISSION, 4TH DIAGNOSIS ICD CODE",NA,NA,NA,[]
391,b16.49,"3RD ADMISSION, 5TH DIAGNOSIS DESCRIPTION",NA,NA,NA,[]
392,b16.50a,"3RD ADMISSION, 5TH DIAGNOSIS ICD CODE (A)",NA,NA,NA,[]
393,b16.50b,"3RD ADMISSION, 5TH DIAGNOSIS ICD CODE (B)",NA,NA,NA,[]
394,b16.51,3RD ADMISSION NUMBER OF DIAGNOSES CODED,numeric,NOMINAL,NA,[]
395,b16.52,3RD ADMISSION OPERATION 1 OPCS CODE,NA,NA,NA,[]
396,b16.53,3RD ADMISSION OPERATION 2 OPCS CODE,NA,NA,NA,[]
397,b16.54,3RD ADMISSION OPERATION 3 OPCS CODE (A),NA,NA,NA,[]
398,b16.55,"3RD ADMISSION, NUMBER OF OPERATIONS CODED",numeric,NOMINAL,NA,[]
399,b16.57,4TH ADMISSION AGE,numeric,NOMINAL,-5.0 thru -3.0 and -2.0,"[{""value"": ""-5.0"", ""label"": ""Other answer""}, {""value"": ""-2.0"", ""label"": ""Not known""}]"
400,b16.58,"4TH ADMISSION, NUMBER OF NIGHTS",numeric,NOMINAL,-5.0 thru -3.0 and -2.0,"[{""value"": ""-5.0"", ""label"": ""Other answer""}, {""value"": ""-2.0"", ""label"": ""Not known""}]"
401,b16.59a,"4TH ADMISSION, 1ST DIAGNOSIS DESCRIPTION(A)",NA,NA,NA,[]
402,b16.59b,"4TH ADMISSION, 1ST DIAGNOSIS DESCRIPTION(B)",NA,NA,NA,[]
403,b16.60,"4TH ADMISSION, 1ST DIAGNOSIS ICD CODE",NA,NA,NA,[]
404,b16.61,"4TH ADMISSION, 2ND DIAGNOSIS DESCRIPTION",NA,NA,NA,[]
405,b16.62,"4TH ADMISSION, 2ND DIAGNOSIS ICD CODE",NA,NA,NA,[]
406,b16.63a,"4TH ADMISSION, 3RD DIAGNOSIS DESCRIPTION(A)",NA,NA,NA,[]
407,b16.63b,"4TH ADMISSION, 3RD DIAGNOSIS DESCRIPTION(B)",NA,NA,NA,[]
408,b16.64,"4TH ADMISSION, 3RD DIAGNOSIS ICD CODE",NA,NA,NA,[]
409,b16.65,"4TH ADMISSION, 4TH DIAGNOSIS DESCRPTN",NA,NA,NA,[]
410,b16.66,"4TH ADMISSION, 4TH DIAGNOSIS ICD CODE",NA,NA,NA,[]
411,b16.67a,"4TH ADMISSION, 5TH DIAGNOSIS DESCRIPTION(A)",NA,NA,NA,[]
412,b16.67b,"4TH ADMISSION, 5TH DIAGNOSIS DESCRIPTION(B)",NA,NA,NA,[]
413,b16.68,"4TH ADMISSION, 5TH DIAGNOSIS ICD CODE",NA,NA,NA,[]
414,b16.69,4TH ADMISSION NUMBER OF DIAGNOSES CODED,numeric,NOMINAL,NA,[]
415,b16.70,4TH ADMISSION OPERATION 1 OPCS CODE,NA,NA,NA,[]
416,b16.71,4TH ADMISSION OPERATION 2 OPCS CODE,NA,NA,NA,[]
417,b16.72,4TH ADMISSION OPERATION 3 OPCS CODE,NA,NA,NA,[]
418,b16.73,"4TH ADMISSION, NUMBER OF OPERATIONS CODED",numeric,NOMINAL,NA,[]
419,b17.1,HAS CHILD EVER ATTENDED OUTPATIENTS?,numeric,NOMINAL,NA,"[{""value"": ""1.0"", ""label"": ""Yes""}, {""value"": ""2.0"", ""label"": ""No""}, {""value"": ""3.0"", ""label"": ""Not known""}]"
420,b17.2,1ST EPISODE AGE,numeric,NOMINAL,-8.0 thru -5.0 and -3.0,"[{""value"": ""-8.0"", ""label"": ""Out of Range""}, {""value"": ""-5.0"", ""label"": ""Other Answer""}, {""value"": ""-3.0"", ""label"": ""Not stated/ Not Known""}]"
421,b17.3,"1ST EPISODE, NUMBER OF ATTENDANCES",numeric,SCALE,-5.0 thru -3.0 and -2.0,"[{""value"": ""-5.0"", ""label"": ""Other answer""}, {""value"": ""-3.0"", ""label"": ""Not stated""}, {""value"": ""-2.0"", ""label"": ""Not known""}]"
422,b17.4,"1ST EPISODE, 1ST DIAGNOSIS DESCRIPTION",NA,NA,NA,[]
423,b17.5,"1ST EPISODE, 1ST DIAGNOSIS ICD CODE",NA,NA,NA,[]
424,b17.6,"1ST EPISODE, 2ND DIAGNOSIS DESCRIPTION",NA,NA,NA,[]
425,b17.7,"1ST EPISODE, 2ND DIAGNOSIS ICD CODE",NA,NA,NA,[]
426,b17.9,2ND EPISODE AGE,numeric,NOMINAL,-8.0 thru -5.0 and -2.0,"[{""value"": ""-8.0"", ""label"": ""Out of range""}, {""value"": ""-5.0"", ""label"": ""Other answer""}, {""value"": ""-2.0"", ""label"": ""Not known""}]"
427,b17.10,"2ND EPISODE, NUMBER OF ATTENDANCES",numeric,NOMINAL,-5.0 thru -3.0 and -2.0,"[{""value"": ""-5.0"", ""label"": ""Other answer""}, {""value"": ""-2.0"", ""label"": ""Not known""}]"
428,b17.11,"2ND EPISODE, 1ST DIAGNOSIS DESCRIPTION",NA,NA,NA,[]
429,b17.12,"2ND EPISODE, 1ST DIAGNOSIS ICD CODE",NA,NA,NA,[]
430,b17.13a,"2ND EPISODE, 2ND DIAGNOSIS DESCRPTN(A)",NA,NA,NA,[]
431,b17.13b,"2ND EPISODE, 2ND DIAGNOSIS DESCRPTN(B)",NA,NA,NA,[]
432,b17.14,"2ND EPISODE, 2ND DIAGNOSIS ICD CODE",NA,NA,NA,[]
433,b17.16,3RD EPISODE AGE,numeric,NOMINAL,-8.0 thru -5.0 and -2.0,"[{""value"": ""-8.0"", ""label"": ""Out of range""}, {""value"": ""-5.0"", ""label"": ""Other answer""}, {""value"": ""-2.0"", ""label"": ""Not known""}]"
434,b17.17,"3RD EPISODE, NUMBER OF ATTENDANCES",numeric,NOMINAL,-5.0 thru -3.0 and -2.0,"[{""value"": ""-5.0"", ""label"": ""Other answer""}, {""value"": ""-2.0"", ""label"": ""Not known""}]"
435,b17.18,"3RD EPISODE, 1ST DIAGNOSIS DESCRIPTION",NA,NA,NA,[]
436,b17.19,"3RD EPISODE, 1ST DIAGNOSIS ICD CODE",NA,NA,NA,[]
437,b17.20,"3RD EPISODE, 2ND DIAGNOSIS DESCRIPTION",NA,NA,NA,[]
438,b17.21,"3RD EPISODE, 2ND DIAGNOSIS ICD CODE",NA,NA,NA,[]
439,b17.23,4TH EPISODE AGE,numeric,NOMINAL,-8.0 thru -5.0 and -2.0,"[{""value"": ""-8.0"", ""label"": ""Out of range""}, {""value"": ""-5.0"", ""label"": ""Other answer""}, {""value"": ""-2.0"", ""label"": ""Not known""}]"
440,b17.24,"4TH EPISODE, NUMBER OF ATTENDANCES",numeric,NOMINAL,-5.0 thru -3.0 and -2.0,"[{""value"": ""-5.0"", ""label"": ""Other answer""}, {""value"": ""-2.0"", ""label"": ""Not known""}]"
441,b17.25,"4TH EPISODE, 1ST DIAGNOSIS DESCRIPTION",NA,NA,NA,[]
442,b17.26,"4TH EPISODE, 1ST DIAGNOSIS ICD CODE",NA,NA,NA,[]
443,b17.27a,"4TH EPISODE, 2ND DIAGNOSIS DESCRPTN(A)",NA,NA,NA,[]
444,b17.27b,"4TH EPISODE, 2ND DIAGNOSIS DESCRPTN(B)",NA,NA,NA,[]
445,b17.28,"4TH EPISODE, 2ND DIAGNOSIS ICD CODE",NA,NA,NA,[]
446,b17.30,NUMBER OF ATTENDANCES CODED,numeric,NOMINAL,NA,[]
447,b18.1,"ACCIDENTS: SWALLOWING POISON, MEDICINE",numeric,NOMINAL,NA,"[{""value"": ""1.0"", ""label"": ""Yes""}]"
448,b18.2,"ACCIDENTS: BURNS, SCALDS",numeric,NOMINAL,NA,"[{""value"": ""1.0"", ""label"": ""Yes""}]"
449,b18.3,ACCIDENTS: RTA'S,numeric,NOMINAL,NA,"[{""value"": ""1.0"", ""label"": ""Yes""}]"
450,b18.4,ACCIDENTS OTHER TYPE,numeric,NOMINAL,-8.0 thru -1.0,"[{""value"": ""1.0"", ""label"": ""Yes""}]"
451,b18.5,NO ACCIDENTS,numeric,NOMINAL,NA,"[{""value"": ""1.0"", ""label"": ""Yes""}]"
452,b18.6,NOT KNOWN IF ANY ACCIDENTS,numeric,NOMINAL,NA,"[{""value"": ""1.0"", ""label"": ""Yes""}]"
453,b18.7,TOTAL NUMBER OF ACCIDENTS,numeric,NOMINAL,-8.0 thru -3.0 and -1.0,"[{""value"": ""-3.0"", ""label"": ""Not stated""}]"
454,b18.8,"1ST ACCIDENT, AGE",numeric,NOMINAL,-8.0 thru -5.0 and -2.0,"[{""value"": ""-8.0"", ""label"": ""Out of range""}, {""value"": ""-5.0"", ""label"": ""Other answer""}, {""value"": ""-2.0"", ""label"": ""Not known""}]"
455,b18.9,"1ST ACCIDENT, WHERE IT OCCURED",numeric,SCALE,-8.0 thru -2.0 and -1.0,"[{""value"": ""-8.0"", ""label"": ""Out of range""}, {""value"": ""-2.0"", ""label"": ""Not known""}, {""value"": ""10.0"", ""label"": ""Own home n.o.s.""}, {""value"": ""11.0"", ""label"": ""Own kitchen""}, {""value"": ""12.0"", ""label"": ""Own bathroom""}, {""value"": ""13.0"", ""label"": ""Own garage""}, {""value"": ""14.0"", ""label"": ""Own stairs""}, {""value"": ""15.0"", ""label"": ""Own other""}, {""value"": ""16.0"", ""label"": ""Own garden""}, {""value"": ""20.0"", ""label"": ""Other's home""}, {""value"": ""21.0"", ""label"": ""Other's kitchen""}, {""value"": ""22.0"", ""label"": ""Other's bathroom""}, {""value"": ""23.0"", ""label"": ""Other's garage""}, {""value"": ""24.0"", ""label"": ""Other's stairs""}, {""value"": ""25.0"", ""label"": ""Other's other""}, {""value"": ""26.0"", ""label"": ""Other's garden""}, {""value"": ""30.0"", ""label"": ""Road n.o.s.""}, {""value"": ""31.0"", ""label"": ""Highway""}, {""value"": ""32.0"", ""label"": ""Residential street/private roadway""}, {""value"": ""35.0"", ""label"": ""School n.o.s.""}, {""value"": ""36.0"", ""label"": ""School indoors""}, {""value"": ""37.0"", ""label"": ""School out of doors""}, {""value"": ""41.0"", ""label"": ""Playground,play park,play field,adventu""}, {""value"": ""42.0"", ""label"": ""Other enclosed space""}, {""value"": ""43.0"", ""label"": ""Other open air place""}, {""value"": ""44.0"", ""label"": ""Swimming pool""}, {""value"": ""45.0"", ""label"": ""Not specified""}, {""value"": ""46.0"", ""label"": ""Unable to classify""}]"
456,b18.10,"1ST ACCIDENT, WHAT HAPPENED 1",numeric,SCALE,NA,"[{""value"": ""1.0"", ""label"": ""Self""}, {""value"": ""2.0"", ""label"": ""Parent""}, {""value"": ""3.0"", ""label"": ""Sib""}, {""value"": ""4.0"", ""label"": ""Other adult""}, {""value"": ""5.0"", ""label"": ""Other child""}, {""value"": ""6.0"", ""label"": ""Other person implied""}, {""value"": ""7.0"", ""label"": ""Person n.o.s.""}, {""value"": ""8.0"", ""label"": ""Intentional/self inflicted not accident""}, {""value"": ""9.0"", ""label"": ""Agent n.o.s. or implied""}, {""value"": ""10.0"", ""label"": ""Inanimate object:n.o.s. or unable to cl""}, {""value"": ""11.0"", ""label"": ""Inanimate object: blunt""}, {""value"": ""12.0"", ""label"": ""Inanimate object: sharp""}, {""value"": ""13.0"", ""label"": ""Firearm""}, {""value"": ""14.0"", ""label"": ""Knife""}, {""value"": ""15.0"", ""label"": ""Dart or arrow""}, {""value"": ""16.0"", ""label"": ""Broken glass""}, {""value"": ""17.0"", ""label"": ""Ice skates""}, {""value"": ""18.0"", ""label"": ""Skate board""}, {""value"": ""19.0"", ""label"": ""Roller skates""}, {""value"": ""20.0"", ""label"": ""Other non motorised vehicle""}, {""value"": ""21.0"", ""label"": ""Household""}, {""value"": ""22.0"", ""label"": ""Toy/game/recreational machine/sports eq""}, {""value"": ""23.0"", ""label"": ""Play park/ground:equipment n.o.s""}, {""value"": ""24.0"", ""label"": ""Play park/ground:roundabout""}, {""value"": ""25.0"", ""label"": ""Play park/ground:swings""}, {""value"": ""26.0"", ""label"": ""Play park/ground:see saw""}, {""value"": ""27.0"", ""label"": ""Play park/ground:slides""}, {""value"": ""28.0"", ""label"": ""Play park/ground:climbing frame/monkey""}, {""value"": ""29.0"", ""label"": ""Play park/ground:rocking horse/hobby ho""}, {""value"": ""30.0"", ""label"": ""Play park/ground:others""}, {""value"": ""31.0"", ""label"": ""Animal n.o.s.""}, {""value"": ""32.0"", ""label"": ""Domestic pet""}, {""value"": ""33.0"", ""label"": ""Other domestic animal""}, {""value"": ""34.0"", ""label"": ""Wild animal""}, {""value"": ""35.0"", ""label"": ""Other animal""}, {""value"": ""36.0"", ""label"": ""Insect""}, {""value"": ""37.0"", ""label"": ""Liquid n.o.s.""}, {""value"": ""38.0"", ""label"": ""Liquid Water""}, {""value"": ""39.0"", ""label"": ""Liquid Other""}, {""value"": ""40.0"", ""label"": ""Fire""}, {""value"": ""41.0"", ""label"": ""Fire purposefully lit & in control""}, {""value"": ""42.0"", ""label"": ""Fire accidentally lit & out of cont""}, {""value"": ""43.0"", ""label"": ""Fireworks""}, {""value"": ""44.0"", ""label"": ""Heat""}, {""value"": ""45.0"", ""label"": ""Cold""}, {""value"": ""46.0"", ""label"": ""Electricity""}, {""value"": ""47.0"", ""label"": ""Therapeutic agents""}, {""value"": ""48.0"", ""label"": ""Chemical agent""}, {""value"": ""49.0"", ""label"": ""Other agent""}, {""value"": ""50.0"", ""label"": ""Agent not classifiable""}, {""value"": ""51.0"", ""label"": ""Glass which breaks during the accident""}, {""value"": ""61.0"", ""label"": ""Fall n.o.s.""}, {""value"": ""62.0"", ""label"": ""Falling downwards""}, {""value"": ""63.0"", ""label"": ""Falling on level ground""}, {""value"": ""64.0"", ""label"": ""Injury involving motion of part of the""}, {""value"": ""65.0"", ""label"": ""Trapping injury""}, {""value"": ""66.0"", ""label"": ""Attacked/fell on/dropped on/hit with/bi""}, {""value"": ""67.0"", ""label"": ""Spillage""}, {""value"": ""68.0"", ""label"": ""Ingestion""}, {""value"": ""69.0"", ""label"": ""Mechanism other or unclassifiable""}, {""value"": ""70.0"", ""label"": ""Mechanism unspecified""}, {""value"": ""74.0"", ""label"": ""Pedestrian n.o.s.""}, {""value"": ""75.0"", ""label"": ""Pedestrian and cycle""}, {""value"": ""76.0"", ""label"": ""Pedestrian and motorbike""}, {""value"": ""77.0"", ""label"": ""Pedestrian and car""}, {""value"": ""78.0"", ""label"": ""Pedestrian and other""}, {""value"": ""79.0"", ""label"": ""Cyclist n.o.s.""}, {""value"": ""80.0"", ""label"": ""Cyclist in collision""}, {""value"": ""81.0"", ""label"": ""Cyclist and pedestrian""}, {""value"": ""82.0"", ""label"": ""Cyclist and cycle""}, {""value"": ""83.0"", ""label"": ""Cyclist and car""}, {""value"": ""84.0"", ""label"": ""Cyclist and other vehicle""}, {""value"": ""85.0"", ""label"": ""Passenger on cycle""}, {""value"": ""86.0"", ""label"": ""Driver of moped/motor bike""}, {""value"": ""87.0"", ""label"": ""Passenger on motor bike""}, {""value"": ""88.0"", ""label"": ""Driver of car""}, {""value"": ""89.0"", ""label"": ""Passenger on/in car""}, {""value"": ""90.0"", ""label"": ""Driver of other vehicle""}, {""value"": ""91.0"", ""label"": ""Passenger of other vehicle""}, {""value"": ""92.0"", ""label"": ""RTA n.o.s.""}, {""value"": ""93.0"", ""label"": ""Vehicular accident unclassifiable""}, {""value"": ""94.0"", ""label"": ""Vehicular accident other""}, {""value"": ""97.0"", ""label"": ""Road accident unclassifiable""}, {""value"": ""98.0"", ""label"": ""Other accident unclassifiable""}, {""value"": ""99.0"", ""label"": ""Non specified, illegible or no info""}]"
457,b18.11,"1ST ACCIDENT, WHAT HAPPENED 2",numeric,SCALE,NA,"[{""value"": ""1.0"", ""label"": ""Self""}, {""value"": ""2.0"", ""label"": ""Parent""}, {""value"": ""3.0"", ""label"": ""Sib""}, {""value"": ""4.0"", ""label"": ""Other adult""}, {""value"": ""5.0"", ""label"": ""Other child""}, {""value"": ""6.0"", ""label"": ""Other person implied""}, {""value"": ""7.0"", ""label"": ""Person n.o.s.""}, {""value"": ""8.0"", ""label"": ""Intentional/self inflicted not accident""}, {""value"": ""9.0"", ""label"": ""Agent n.o.s. or implied""}, {""value"": ""10.0"", ""label"": ""Inanimate object:n.o.s. or unable to cl""}, {""value"": ""11.0"", ""label"": ""Inanimate object: blunt""}, {""value"": ""12.0"", ""label"": ""Inanimate object: sharp""}, {""value"": ""13.0"", ""label"": ""Firearm""}, {""value"": ""14.0"", ""label"": ""Knife""}, {""value"": ""15.0"", ""label"": ""Dart or arrow""}, {""value"": ""16.0"", ""label"": ""Broken glass""}, {""value"": ""17.0"", ""label"": ""Ice skates""}, {""value"": ""18.0"", ""label"": ""Skate board""}, {""value"": ""19.0"", ""label"": ""Roller skates""}, {""value"": ""20.0"", ""label"": ""Other non motorised vehicle""}, {""value"": ""21.0"", ""label"": ""Household""}, {""value"": ""22.0"", ""label"": ""Toy/game/recreational machine/sports eq""}, {""value"": ""23.0"", ""label"": ""Play park/ground:equipment n.o.s""}, {""value"": ""24.0"", ""label"": ""Play park/ground:roundabout""}, {""value"": ""25.0"", ""label"": ""Play park/ground:swings""}, {""value"": ""26.0"", ""label"": ""Play park/ground:see saw""}, {""value"": ""27.0"", ""label"": ""Play park/ground:slides""}, {""value"": ""28.0"", ""label"": ""Play park/ground:climbing frame/monkey""}, {""value"": ""29.0"", ""label"": ""Play park/ground:rocking horse/hobby ho""}, {""value"": ""30.0"", ""label"": ""Play park/ground:others""}, {""value"": ""31.0"", ""label"": ""Animal n.o.s.""}, {""value"": ""32.0"", ""label"": ""Domestic pet""}, {""value"": ""33.0"", ""label"": ""Other domestic animal""}, {""value"": ""34.0"", ""label"": ""Wild animal""}, {""value"": ""35.0"", ""label"": ""Other animal""}, {""value"": ""36.0"", ""label"": ""Insect""}, {""value"": ""37.0"", ""label"": ""Liquid n.o.s.""}, {""value"": ""38.0"", ""label"": ""Liquid Water""}, {""value"": ""39.0"", ""label"": ""Liquid Other""}, {""value"": ""40.0"", ""label"": ""Fire""}, {""value"": ""41.0"", ""label"": ""Fire purposefully lit & in control""}, {""value"": ""42.0"", ""label"": ""Fire accidentally lit & out of cont""}, {""value"": ""43.0"", ""label"": ""Fireworks""}, {""value"": ""44.0"", ""label"": ""Heat""}, {""value"": ""45.0"", ""label"": ""Cold""}, {""value"": ""46.0"", ""label"": ""Electricity""}, {""value"": ""47.0"", ""label"": ""Therapeutic agents""}, {""value"": ""48.0"", ""label"": ""Chemical agent""}, {""value"": ""49.0"", ""label"": ""Other agent""}, {""value"": ""50.0"", ""label"": ""Agent not classifiable""}, {""value"": ""51.0"", ""label"": ""Glass which breaks during the accident""}, {""value"": ""61.0"", ""label"": ""Fall n.o.s.""}, {""value"": ""62.0"", ""label"": ""Falling downwards""}, {""value"": ""63.0"", ""label"": ""Falling on level ground""}, {""value"": ""64.0"", ""label"": ""Injury involving motion of part of the""}, {""value"": ""65.0"", ""label"": ""Trapping injury""}, {""value"": ""66.0"", ""label"": ""Attacked/fell on/dropped on/hit with/bi""}, {""value"": ""67.0"", ""label"": ""Spillage""}, {""value"": ""68.0"", ""label"": ""Ingestion""}, {""value"": ""69.0"", ""label"": ""Mechanism other or unclassifiable""}, {""value"": ""70.0"", ""label"": ""Mechanism unspecified""}, {""value"": ""74.0"", ""label"": ""Pedestrian n.o.s.""}, {""value"": ""75.0"", ""label"": ""Pedestrian and cycle""}, {""value"": ""76.0"", ""label"": ""Pedestrian and motorbike""}, {""value"": ""77.0"", ""label"": ""Pedestrian and car""}, {""value"": ""78.0"", ""label"": ""Pedestrian and other""}, {""value"": ""79.0"", ""label"": ""Cyclist n.o.s.""}, {""value"": ""80.0"", ""label"": ""Cyclist in collision""}, {""value"": ""81.0"", ""label"": ""Cyclist and pedestrian""}, {""value"": ""82.0"", ""label"": ""Cyclist and cycle""}, {""value"": ""83.0"", ""label"": ""Cyclist and car""}, {""value"": ""84.0"", ""label"": ""Cyclist and other vehicle""}, {""value"": ""85.0"", ""label"": ""Passenger on cycle""}, {""value"": ""86.0"", ""label"": ""Driver of moped/motor bike""}, {""value"": ""87.0"", ""label"": ""Passenger on motor bike""}, {""value"": ""88.0"", ""label"": ""Driver of car""}, {""value"": ""89.0"", ""label"": ""Passenger on/in car""}, {""value"": ""90.0"", ""label"": ""Driver of other vehicle""}, {""value"": ""91.0"", ""label"": ""Passenger of other vehicle""}, {""value"": ""92.0"", ""label"": ""RTA n.o.s.""}, {""value"": ""93.0"", ""label"": ""Vehicular accident unclassifiable""}, {""value"": ""94.0"", ""label"": ""Vehicular accident other""}, {""value"": ""97.0"", ""label"": ""Road accident unclassifiable""}, {""value"": ""98.0"", ""label"": ""Other accident unclassifiable""}, {""value"": ""99.0"", ""label"": ""Non specified, illegible or no info""}]"
458,b18.12,"1ST ACCIDENT, WHAT HAPPENED 3",numeric,SCALE,NA,"[{""value"": ""1.0"", ""label"": ""Self""}, {""value"": ""2.0"", ""label"": ""Parent""}, {""value"": ""3.0"", ""label"": ""Sib""}, {""value"": ""4.0"", ""label"": ""Other adult""}, {""value"": ""5.0"", ""label"": ""Other child""}, {""value"": ""6.0"", ""label"": ""Other person implied""}, {""value"": ""7.0"", ""label"": ""Person n.o.s.""}, {""value"": ""8.0"", ""label"": ""Intentional/self inflicted not accident""}, {""value"": ""9.0"", ""label"": ""Agent n.o.s. or implied""}, {""value"": ""10.0"", ""label"": ""Inanimate object:n.o.s. or unable to cl""}, {""value"": ""11.0"", ""label"": ""Inanimate object: blunt""}, {""value"": ""12.0"", ""label"": ""Inanimate object: sharp""}, {""value"": ""13.0"", ""label"": ""Firearm""}, {""value"": ""14.0"", ""label"": ""Knife""}, {""value"": ""15.0"", ""label"": ""Dart or arrow""}, {""value"": ""16.0"", ""label"": ""Broken glass""}, {""value"": ""17.0"", ""label"": ""Ice skates""}, {""value"": ""18.0"", ""label"": ""Skate board""}, {""value"": ""19.0"", ""label"": ""Roller skates""}, {""value"": ""20.0"", ""label"": ""Other non motorised vehicle""}, {""value"": ""21.0"", ""label"": ""Household""}, {""value"": ""22.0"", ""label"": ""Toy/game/recreational machine/sports eq""}, {""value"": ""23.0"", ""label"": ""Play park/ground:equipment n.o.s""}, {""value"": ""24.0"", ""label"": ""Play park/ground:roundabout""}, {""value"": ""25.0"", ""label"": ""Play park/ground:swings""}, {""value"": ""26.0"", ""label"": ""Play park/ground:see saw""}, {""value"": ""27.0"", ""label"": ""Play park/ground:slides""}, {""value"": ""28.0"", ""label"": ""Play park/ground:climbing frame/monkey""}, {""value"": ""29.0"", ""label"": ""Play park/ground:rocking horse/hobby ho""}, {""value"": ""30.0"", ""label"": ""Play park/ground:others""}, {""value"": ""31.0"", ""label"": ""Animal n.o.s.""}, {""value"": ""32.0"", ""label"": ""Domestic pet""}, {""value"": ""33.0"", ""label"": ""Other domestic animal""}, {""value"": ""34.0"", ""label"": ""Wild animal""}, {""value"": ""35.0"", ""label"": ""Other animal""}, {""value"": ""36.0"", ""label"": ""Insect""}, {""value"": ""37.0"", ""label"": ""Liquid n.o.s.""}, {""value"": ""38.0"", ""label"": ""Liquid Water""}, {""value"": ""39.0"", ""label"": ""Liquid Other""}, {""value"": ""40.0"", ""label"": ""Fire""}, {""value"": ""41.0"", ""label"": ""Fire purposefully lit & in control""}, {""value"": ""42.0"", ""label"": ""Fire accidentally lit & out of cont""}, {""value"": ""43.0"", ""label"": ""Fireworks""}, {""value"": ""44.0"", ""label"": ""Heat""}, {""value"": ""45.0"", ""label"": ""Cold""}, {""value"": ""46.0"", ""label"": ""Electricity""}, {""value"": ""47.0"", ""label"": ""Therapeutic agents""}, {""value"": ""48.0"", ""label"": ""Chemical agent""}, {""value"": ""49.0"", ""label"": ""Other agent""}, {""value"": ""50.0"", ""label"": ""Agent not classifiable""}, {""value"": ""51.0"", ""label"": ""Glass which breaks during the accident""}, {""value"": ""61.0"", ""label"": ""Fall n.o.s.""}, {""value"": ""62.0"", ""label"": ""Falling downwards""}, {""value"": ""63.0"", ""label"": ""Falling on level ground""}, {""value"": ""64.0"", ""label"": ""Injury involving motion of part of the""}, {""value"": ""65.0"", ""label"": ""Trapping injury""}, {""value"": ""66.0"", ""label"": ""Attacked/fell on/dropped on/hit with/bi""}, {""value"": ""67.0"", ""label"": ""Spillage""}, {""value"": ""68.0"", ""label"": ""Ingestion""}, {""value"": ""69.0"", ""label"": ""Mechanism other or unclassifiable""}, {""value"": ""70.0"", ""label"": ""Mechanism unspecified""}, {""value"": ""74.0"", ""label"": ""Pedestrian n.o.s.""}, {""value"": ""75.0"", ""label"": ""Pedestrian and cycle""}, {""value"": ""76.0"", ""label"": ""Pedestrian and motorbike""}, {""value"": ""77.0"", ""label"": ""Pedestrian and car""}, {""value"": ""78.0"", ""label"": ""Pedestrian and other""}, {""value"": ""79.0"", ""label"": ""Cyclist n.o.s.""}, {""value"": ""80.0"", ""label"": ""Cyclist in collision""}, {""value"": ""81.0"", ""label"": ""Cyclist and pedestrian""}, {""value"": ""82.0"", ""label"": ""Cyclist and cycle""}, {""value"": ""83.0"", ""label"": ""Cyclist and car""}, {""value"": ""84.0"", ""label"": ""Cyclist and other vehicle""}, {""value"": ""85.0"", ""label"": ""Passenger on cycle""}, {""value"": ""86.0"", ""label"": ""Driver of moped/motor bike""}, {""value"": ""87.0"", ""label"": ""Passenger on motor bike""}, {""value"": ""88.0"", ""label"": ""Driver of car""}, {""value"": ""89.0"", ""label"": ""Passenger on/in car""}, {""value"": ""90.0"", ""label"": ""Driver of other vehicle""}, {""value"": ""91.0"", ""label"": ""Passenger of other vehicle""}, {""value"": ""92.0"", ""label"": ""RTA n.o.s.""}, {""value"": ""93.0"", ""label"": ""Vehicular accident unclassifiable""}, {""value"": ""94.0"", ""label"": ""Vehicular accident other""}, {""value"": ""97.0"", ""label"": ""Road accident unclassifiable""}, {""value"": ""98.0"", ""label"": ""Other accident unclassifiable""}, {""value"": ""99.0"", ""label"": ""Non specified, illegible or no info""}]"
459,b18.13,"1ST ACCIDENT, WHAT HAPPENED 4",numeric,SCALE,-8.0 thru None,"[{""value"": ""-8.0"", ""label"": ""Out of range""}, {""value"": ""1.0"", ""label"": ""Self""}, {""value"": ""2.0"", ""label"": ""Parent""}, {""value"": ""3.0"", ""label"": ""Sib""}, {""value"": ""4.0"", ""label"": ""Other adult""}, {""value"": ""5.0"", ""label"": ""Other child""}, {""value"": ""6.0"", ""label"": ""Other person implied""}, {""value"": ""7.0"", ""label"": ""Person n.o.s.""}, {""value"": ""8.0"", ""label"": ""Intentional/self inflicted not accident""}, {""value"": ""9.0"", ""label"": ""Agent n.o.s. or implied""}, {""value"": ""10.0"", ""label"": ""Inanimate object:n.o.s. or unable to cl""}, {""value"": ""11.0"", ""label"": ""Inanimate object: blunt""}, {""value"": ""12.0"", ""label"": ""Inanimate object: sharp""}, {""value"": ""13.0"", ""label"": ""Firearm""}, {""value"": ""14.0"", ""label"": ""Knife""}, {""value"": ""15.0"", ""label"": ""Dart or arrow""}, {""value"": ""16.0"", ""label"": ""Broken glass""}, {""value"": ""17.0"", ""label"": ""Ice skates""}, {""value"": ""18.0"", ""label"": ""Skate board""}, {""value"": ""19.0"", ""label"": ""Roller skates""}, {""value"": ""20.0"", ""label"": ""Other non motorised vehicle""}, {""value"": ""21.0"", ""label"": ""Household""}, {""value"": ""22.0"", ""label"": ""Toy/game/recreational machine/sports eq""}, {""value"": ""23.0"", ""label"": ""Play park/ground:equipment n.o.s""}, {""value"": ""24.0"", ""label"": ""Play park/ground:roundabout""}, {""value"": ""25.0"", ""label"": ""Play park/ground:swings""}, {""value"": ""26.0"", ""label"": ""Play park/ground:see saw""}, {""value"": ""27.0"", ""label"": ""Play park/ground:slides""}, {""value"": ""28.0"", ""label"": ""Play park/ground:climbing frame/monkey""}, {""value"": ""29.0"", ""label"": ""Play park/ground:rocking horse/hobby ho""}, {""value"": ""30.0"", ""label"": ""Play park/ground:others""}, {""value"": ""31.0"", ""label"": ""Animal n.o.s.""}, {""value"": ""32.0"", ""label"": ""Domestic pet""}, {""value"": ""33.0"", ""label"": ""Other domestic animal""}, {""value"": ""34.0"", ""label"": ""Wild animal""}, {""value"": ""35.0"", ""label"": ""Other animal""}, {""value"": ""36.0"", ""label"": ""Insect""}, {""value"": ""37.0"", ""label"": ""Liquid n.o.s.""}, {""value"": ""38.0"", ""label"": ""Liquid Water""}, {""value"": ""39.0"", ""label"": ""Liquid Other""}, {""value"": ""40.0"", ""label"": ""Fire""}, {""value"": ""41.0"", ""label"": ""Fire purposefully lit & in control""}, {""value"": ""42.0"", ""label"": ""Fire accidentally lit & out of cont""}, {""value"": ""43.0"", ""label"": ""Fireworks""}, {""value"": ""44.0"", ""label"": ""Heat""}, {""value"": ""45.0"", ""label"": ""Cold""}, {""value"": ""46.0"", ""label"": ""Electricity""}, {""value"": ""47.0"", ""label"": ""Therapeutic agents""}, {""value"": ""48.0"", ""label"": ""Chemical agent""}, {""value"": ""49.0"", ""label"": ""Other agent""}, {""value"": ""50.0"", ""label"": ""Agent not classifiable""}, {""value"": ""51.0"", ""label"": ""Glass which breaks during the accident""}, {""value"": ""61.0"", ""label"": ""Fall n.o.s.""}, {""value"": ""62.0"", ""label"": ""Falling downwards""}, {""value"": ""63.0"", ""label"": ""Falling on level ground""}, {""value"": ""64.0"", ""label"": ""Injury involving motion of part of the""}, {""value"": ""65.0"", ""label"": ""Trapping injury""}, {""value"": ""66.0"", ""label"": ""Attacked/fell on/dropped on/hit with/bi""}, {""value"": ""67.0"", ""label"": ""Spillage""}, {""value"": ""68.0"", ""label"": ""Ingestion""}, {""value"": ""69.0"", ""label"": ""Mechanism other or unclassifiable""}, {""value"": ""70.0"", ""label"": ""Mechanism unspecified""}, {""value"": ""74.0"", ""label"": ""Pedestrian n.o.s.""}, {""value"": ""75.0"", ""label"": ""Pedestrian and cycle""}, {""value"": ""76.0"", ""label"": ""Pedestrian and motorbike""}, {""value"": ""77.0"", ""label"": ""Pedestrian and car""}, {""value"": ""78.0"", ""label"": ""Pedestrian and other""}, {""value"": ""79.0"", ""label"": ""Cyclist n.o.s.""}, {""value"": ""80.0"", ""label"": ""Cyclist in collision""}, {""value"": ""81.0"", ""label"": ""Cyclist and pedestrian""}, {""value"": ""82.0"", ""label"": ""Cyclist and cycle""}, {""value"": ""83.0"", ""label"": ""Cyclist and car""}, {""value"": ""84.0"", ""label"": ""Cyclist and other vehicle""}, {""value"": ""85.0"", ""label"": ""Passenger on cycle""}, {""value"": ""86.0"", ""label"": ""Driver of moped/motor bike""}, {""value"": ""87.0"", ""label"": ""Passenger on motor bike""}, {""value"": ""88.0"", ""label"": ""Driver of car""}, {""value"": ""89.0"", ""label"": ""Passenger on/in car""}, {""value"": ""90.0"", ""label"": ""Driver of other vehicle""}, {""value"": ""91.0"", ""label"": ""Passenger of other vehicle""}, {""value"": ""92.0"", ""label"": ""RTA n.o.s.""}, {""value"": ""93.0"", ""label"": ""Vehicular accident unclassifiable""}, {""value"": ""94.0"", ""label"": ""Vehicular accident other""}, {""value"": ""97.0"", ""label"": ""Road accident unclassifiable""}, {""value"": ""98.0"", ""label"": ""Other accident unclassifiable""}, {""value"": ""99.0"", ""label"": ""Non specified, illegible or no info""}]"
460,b18.14,"1ST ACCIDENT, WHAT HAPPENED 5",numeric,SCALE,NA,"[{""value"": ""1.0"", ""label"": ""Self""}, {""value"": ""2.0"", ""label"": ""Parent""}, {""value"": ""3.0"", ""label"": ""Sib""}, {""value"": ""4.0"", ""label"": ""Other adult""}, {""value"": ""5.0"", ""label"": ""Other child""}, {""value"": ""6.0"", ""label"": ""Other person implied""}, {""value"": ""7.0"", ""label"": ""Person n.o.s.""}, {""value"": ""8.0"", ""label"": ""Intentional/self inflicted not accident""}, {""value"": ""9.0"", ""label"": ""Agent n.o.s. or implied""}, {""value"": ""10.0"", ""label"": ""Inanimate object:n.o.s. or unable to cl""}, {""value"": ""11.0"", ""label"": ""Inanimate object: blunt""}, {""value"": ""12.0"", ""label"": ""Inanimate object: sharp""}, {""value"": ""13.0"", ""label"": ""Firearm""}, {""value"": ""14.0"", ""label"": ""Knife""}, {""value"": ""15.0"", ""label"": ""Dart or arrow""}, {""value"": ""16.0"", ""label"": ""Broken glass""}, {""value"": ""17.0"", ""label"": ""Ice skates""}, {""value"": ""18.0"", ""label"": ""Skate board""}, {""value"": ""19.0"", ""label"": ""Roller skates""}, {""value"": ""20.0"", ""label"": ""Other non motorised vehicle""}, {""value"": ""21.0"", ""label"": ""Household""}, {""value"": ""22.0"", ""label"": ""Toy/game/recreational machine/sports eq""}, {""value"": ""23.0"", ""label"": ""Play park/ground:equipment n.o.s""}, {""value"": ""24.0"", ""label"": ""Play park/ground:roundabout""}, {""value"": ""25.0"", ""label"": ""Play park/ground:swings""}, {""value"": ""26.0"", ""label"": ""Play park/ground:see saw""}, {""value"": ""27.0"", ""label"": ""Play park/ground:slides""}, {""value"": ""28.0"", ""label"": ""Play park/ground:climbing frame/monkey""}, {""value"": ""29.0"", ""label"": ""Play park/ground:rocking horse/hobby ho""}, {""value"": ""30.0"", ""label"": ""Play park/ground:others""}, {""value"": ""31.0"", ""label"": ""Animal n.o.s.""}, {""value"": ""32.0"", ""label"": ""Domestic pet""}, {""value"": ""33.0"", ""label"": ""Other domestic animal""}, {""value"": ""34.0"", ""label"": ""Wild animal""}, {""value"": ""35.0"", ""label"": ""Other animal""}, {""value"": ""36.0"", ""label"": ""Insect""}, {""value"": ""37.0"", ""label"": ""Liquid n.o.s.""}, {""value"": ""38.0"", ""label"": ""Liquid Water""}, {""value"": ""39.0"", ""label"": ""Liquid Other""}, {""value"": ""40.0"", ""label"": ""Fire""}, {""value"": ""41.0"", ""label"": ""Fire purposefully lit & in control""}, {""value"": ""42.0"", ""label"": ""Fire accidentally lit & out of cont""}, {""value"": ""43.0"", ""label"": ""Fireworks""}, {""value"": ""44.0"", ""label"": ""Heat""}, {""value"": ""45.0"", ""label"": ""Cold""}, {""value"": ""46.0"", ""label"": ""Electricity""}, {""value"": ""47.0"", ""label"": ""Therapeutic agents""}, {""value"": ""48.0"", ""label"": ""Chemical agent""}, {""value"": ""49.0"", ""label"": ""Other agent""}, {""value"": ""50.0"", ""label"": ""Agent not classifiable""}, {""value"": ""51.0"", ""label"": ""Glass which breaks during the accident""}, {""value"": ""61.0"", ""label"": ""Fall n.o.s.""}, {""value"": ""62.0"", ""label"": ""Falling downwards""}, {""value"": ""63.0"", ""label"": ""Falling on level ground""}, {""value"": ""64.0"", ""label"": ""Injury involving motion of part of the""}, {""value"": ""65.0"", ""label"": ""Trapping injury""}, {""value"": ""66.0"", ""label"": ""Attacked/fell on/dropped on/hit with/bi""}, {""value"": ""67.0"", ""label"": ""Spillage""}, {""value"": ""68.0"", ""label"": ""Ingestion""}, {""value"": ""69.0"", ""label"": ""Mechanism other or unclassifiable""}, {""value"": ""70.0"", ""label"": ""Mechanism unspecified""}, {""value"": ""74.0"", ""label"": ""Pedestrian n.o.s.""}, {""value"": ""75.0"", ""label"": ""Pedestrian and cycle""}, {""value"": ""76.0"", ""label"": ""Pedestrian and motorbike""}, {""value"": ""77.0"", ""label"": ""Pedestrian and car""}, {""value"": ""78.0"", ""label"": ""Pedestrian and other""}, {""value"": ""79.0"", ""label"": ""Cyclist n.o.s.""}, {""value"": ""80.0"", ""label"": ""Cyclist in collision""}, {""value"": ""81.0"", ""label"": ""Cyclist and pedestrian""}, {""value"": ""82.0"", ""label"": ""Cyclist and cycle""}, {""value"": ""83.0"", ""label"": ""Cyclist and car""}, {""value"": ""84.0"", ""label"": ""Cyclist and other vehicle""}, {""value"": ""85.0"", ""label"": ""Passenger on cycle""}, {""value"": ""86.0"", ""label"": ""Driver of moped/motor bike""}, {""value"": ""87.0"", ""label"": ""Passenger on motor bike""}, {""value"": ""88.0"", ""label"": ""Driver of car""}, {""value"": ""89.0"", ""label"": ""Passenger on/in car""}, {""value"": ""90.0"", ""label"": ""Driver of other vehicle""}, {""value"": ""91.0"", ""label"": ""Passenger of other vehicle""}, {""value"": ""92.0"", ""label"": ""RTA n.o.s.""}, {""value"": ""93.0"", ""label"": ""Vehicular accident unclassifiable""}, {""value"": ""94.0"", ""label"": ""Vehicular accident other""}, {""value"": ""97.0"", ""label"": ""Road accident unclassifiable""}, {""value"": ""98.0"", ""label"": ""Other accident unclassifiable""}, {""value"": ""99.0"", ""label"": ""Non specified, illegible or no info""}]"
461,b18.15,"1ST ACCIDENT, WHAT HAPPENED 6",numeric,NOMINAL,NA,"[{""value"": ""1.0"", ""label"": ""Self""}, {""value"": ""2.0"", ""label"": ""Parent""}, {""value"": ""3.0"", ""label"": ""Sib""}, {""value"": ""4.0"", ""label"": ""Other adult""}, {""value"": ""5.0"", ""label"": ""Other child""}, {""value"": ""6.0"", ""label"": ""Other person implied""}, {""value"": ""7.0"", ""label"": ""Person n.o.s.""}, {""value"": ""8.0"", ""label"": ""Intentional/self inflicted not accident""}, {""value"": ""9.0"", ""label"": ""Agent n.o.s. or implied""}, {""value"": ""10.0"", ""label"": ""Inanimate object:n.o.s. or unable to cl""}, {""value"": ""11.0"", ""label"": ""Inanimate object: blunt""}, {""value"": ""12.0"", ""label"": ""Inanimate object: sharp""}, {""value"": ""13.0"", ""label"": ""Firearm""}, {""value"": ""14.0"", ""label"": ""Knife""}, {""value"": ""15.0"", ""label"": ""Dart or arrow""}, {""value"": ""16.0"", ""label"": ""Broken glass""}, {""value"": ""17.0"", ""label"": ""Ice skates""}, {""value"": ""18.0"", ""label"": ""Skate board""}, {""value"": ""19.0"", ""label"": ""Roller skates""}, {""value"": ""20.0"", ""label"": ""Other non motorised vehicle""}, {""value"": ""21.0"", ""label"": ""Household""}, {""value"": ""22.0"", ""label"": ""Toy/game/recreational machine/sports eq""}, {""value"": ""23.0"", ""label"": ""Play park/ground:equipment n.o.s""}, {""value"": ""24.0"", ""label"": ""Play park/ground:roundabout""}, {""value"": ""25.0"", ""label"": ""Play park/ground:swings""}, {""value"": ""26.0"", ""label"": ""Play park/ground:see saw""}, {""value"": ""27.0"", ""label"": ""Play park/ground:slides""}, {""value"": ""28.0"", ""label"": ""Play park/ground:climbing frame/monkey""}, {""value"": ""29.0"", ""label"": ""Play park/ground:rocking horse/hobby ho""}, {""value"": ""30.0"", ""label"": ""Play park/ground:others""}, {""value"": ""31.0"", ""label"": ""Animal n.o.s.""}, {""value"": ""32.0"", ""label"": ""Domestic pet""}, {""value"": ""33.0"", ""label"": ""Other domestic animal""}, {""value"": ""34.0"", ""label"": ""Wild animal""}, {""value"": ""35.0"", ""label"": ""Other animal""}, {""value"": ""36.0"", ""label"": ""Insect""}, {""value"": ""37.0"", ""label"": ""Liquid n.o.s.""}, {""value"": ""38.0"", ""label"": ""Liquid Water""}, {""value"": ""39.0"", ""label"": ""Liquid Other""}, {""value"": ""40.0"", ""label"": ""Fire""}, {""value"": ""41.0"", ""label"": ""Fire purposefully lit & in control""}, {""value"": ""42.0"", ""label"": ""Fire accidentally lit & out of cont""}, {""value"": ""43.0"", ""label"": ""Fireworks""}, {""value"": ""44.0"", ""label"": ""Heat""}, {""value"": ""45.0"", ""label"": ""Cold""}, {""value"": ""46.0"", ""label"": ""Electricity""}, {""value"": ""47.0"", ""label"": ""Therapeutic agents""}, {""value"": ""48.0"", ""label"": ""Chemical agent""}, {""value"": ""49.0"", ""label"": ""Other agent""}, {""value"": ""50.0"", ""label"": ""Agent not classifiable""}, {""value"": ""51.0"", ""label"": ""Glass which breaks during the accident""}, {""value"": ""61.0"", ""label"": ""Fall n.o.s.""}, {""value"": ""62.0"", ""label"": ""Falling downwards""}, {""value"": ""63.0"", ""label"": ""Falling on level ground""}, {""value"": ""64.0"", ""label"": ""Injury involving motion of part of the""}, {""value"": ""65.0"", ""label"": ""Trapping injury""}, {""value"": ""66.0"", ""label"": ""Attacked/fell on/dropped on/hit with/bi""}, {""value"": ""67.0"", ""label"": ""Spillage""}, {""value"": ""68.0"", ""label"": ""Ingestion""}, {""value"": ""69.0"", ""label"": ""Mechanism other or unclassifiable""}, {""value"": ""70.0"", ""label"": ""Mechanism unspecified""}, {""value"": ""74.0"", ""label"": ""Pedestrian n.o.s.""}, {""value"": ""75.0"", ""label"": ""Pedestrian and cycle""}, {""value"": ""76.0"", ""label"": ""Pedestrian and motorbike""}, {""value"": ""77.0"", ""label"": ""Pedestrian and car""}, {""value"": ""78.0"", ""label"": ""Pedestrian and other""}, {""value"": ""79.0"", ""label"": ""Cyclist n.o.s.""}, {""value"": ""80.0"", ""label"": ""Cyclist in collision""}, {""value"": ""81.0"", ""label"": ""Cyclist and pedestrian""}, {""value"": ""82.0"", ""label"": ""Cyclist and cycle""}, {""value"": ""83.0"", ""label"": ""Cyclist and car""}, {""value"": ""84.0"", ""label"": ""Cyclist and other vehicle""}, {""value"": ""85.0"", ""label"": ""Passenger on cycle""}, {""value"": ""86.0"", ""label"": ""Driver of moped/motor bike""}, {""value"": ""87.0"", ""label"": ""Passenger on motor bike""}, {""value"": ""88.0"", ""label"": ""Driver of car""}, {""value"": ""89.0"", ""label"": ""Passenger on/in car""}, {""value"": ""90.0"", ""label"": ""Driver of other vehicle""}, {""value"": ""91.0"", ""label"": ""Passenger of other vehicle""}, {""value"": ""92.0"", ""label"": ""RTA n.o.s.""}, {""value"": ""93.0"", ""label"": ""Vehicular accident unclassifiable""}, {""value"": ""94.0"", ""label"": ""Vehicular accident other""}, {""value"": ""97.0"", ""label"": ""Road accident unclassifiable""}, {""value"": ""98.0"", ""label"": ""Other accident unclassifiable""}, {""value"": ""99.0"", ""label"": ""Non specified, illegible or no info""}]"
462,b18.16,"1ST ACCIDENT INJURY, DESCRIPTN 1 ICD CODE",NA,NA,NA,[]
463,b18.17,"1ST ACCIDENT INJURY, DESCRIPTN 2 ICD CODE",NA,NA,NA,[]
464,b18.18,"1ST ACCIDENT INJURY, DESCRIPTN 3 ICD CODE",NA,NA,NA,[]
465,b18.19,"1ST ACCIDENT, WHERE TREATED",numeric,NOMINAL,NA,"[{""value"": ""0.0"", ""label"": ""None""}, {""value"": ""1.0"", ""label"": ""At home""}, {""value"": ""2.0"", ""label"": ""LA clinic""}, {""value"": ""3.0"", ""label"": ""GP""}, {""value"": ""4.0"", ""label"": ""Outpatients""}, {""value"": ""5.0"", ""label"": ""Inpatient 1 night""}, {""value"": ""6.0"", ""label"": ""Inpatient 2 nights""}, {""value"": ""7.0"", ""label"": ""Inpatient n.o.s.""}, {""value"": ""8.0"", ""label"": ""Other""}, {""value"": ""9.0"", ""label"": ""Not specified""}]"
466,b18.20,"1ST ACCIDENT, TREATMENT CODE 1",NA,NA,NA,[]
467,b18.21,"1ST ACCIDENT, TREATMENT CODE 2",NA,NA,NA,[]
468,b18.22,"2ND ACCIDENT, AGE",numeric,NOMINAL,-8.0 thru -5.0 and -2.0,"[{""value"": ""-8.0"", ""label"": ""Out of range""}, {""value"": ""-5.0"", ""label"": ""Other answer""}, {""value"": ""-2.0"", ""label"": ""Not known""}]"
469,b18.23,"2ND ACCIDENT, WHERE IT OCCURED",numeric,SCALE,-8.0 thru -2.0 and -1.0,"[{""value"": ""-8.0"", ""label"": ""Out of range""}, {""value"": ""-2.0"", ""label"": ""Not known""}, {""value"": ""10.0"", ""label"": ""Own home n.o.s.""}, {""value"": ""11.0"", ""label"": ""Own kitchen""}, {""value"": ""12.0"", ""label"": ""Own bathroom""}, {""value"": ""13.0"", ""label"": ""Own garage""}, {""value"": ""14.0"", ""label"": ""Own stairs""}, {""value"": ""15.0"", ""label"": ""Own other""}, {""value"": ""16.0"", ""label"": ""Own garden""}, {""value"": ""20.0"", ""label"": ""Other's home""}, {""value"": ""21.0"", ""label"": ""Other's kitchen""}, {""value"": ""22.0"", ""label"": ""Other's bathroom""}, {""value"": ""23.0"", ""label"": ""Other's garage""}, {""value"": ""24.0"", ""label"": ""Other's stairs""}, {""value"": ""25.0"", ""label"": ""Other's other""}, {""value"": ""26.0"", ""label"": ""Other's garden""}, {""value"": ""30.0"", ""label"": ""Road n.o.s.""}, {""value"": ""31.0"", ""label"": ""Highway""}, {""value"": ""32.0"", ""label"": ""Residential street/private roadway""}, {""value"": ""35.0"", ""label"": ""School n.o.s.""}, {""value"": ""36.0"", ""label"": ""School indoors""}, {""value"": ""37.0"", ""label"": ""School out of doors""}, {""value"": ""41.0"", ""label"": ""Playground,play park,play field,adventu""}, {""value"": ""42.0"", ""label"": ""Other enclosed space""}, {""value"": ""43.0"", ""label"": ""Other open air place""}, {""value"": ""44.0"", ""label"": ""Swimming pool""}, {""value"": ""45.0"", ""label"": ""Not specified""}, {""value"": ""46.0"", ""label"": ""Unable to classify""}]"
470,b18.24,"2ND ACCIDENT, WHAT HAPPENED 1",numeric,SCALE,NA,"[{""value"": ""1.0"", ""label"": ""Self""}, {""value"": ""2.0"", ""label"": ""Parent""}, {""value"": ""3.0"", ""label"": ""Sib""}, {""value"": ""4.0"", ""label"": ""Other adult""}, {""value"": ""5.0"", ""label"": ""Other child""}, {""value"": ""6.0"", ""label"": ""Other person implied""}, {""value"": ""7.0"", ""label"": ""Person n.o.s.""}, {""value"": ""8.0"", ""label"": ""Intentional/self inflicted not accident""}, {""value"": ""9.0"", ""label"": ""Agent n.o.s. or implied""}, {""value"": ""10.0"", ""label"": ""Inanimate object:n.o.s. or unable to cl""}, {""value"": ""11.0"", ""label"": ""Inanimate object: blunt""}, {""value"": ""12.0"", ""label"": ""Inanimate object: sharp""}, {""value"": ""13.0"", ""label"": ""Firearm""}, {""value"": ""14.0"", ""label"": ""Knife""}, {""value"": ""15.0"", ""label"": ""Dart or arrow""}, {""value"": ""16.0"", ""label"": ""Broken glass""}, {""value"": ""17.0"", ""label"": ""Ice skates""}, {""value"": ""18.0"", ""label"": ""Skate board""}, {""value"": ""19.0"", ""label"": ""Roller skates""}, {""value"": ""20.0"", ""label"": ""Other non motorised vehicle""}, {""value"": ""21.0"", ""label"": ""Household""}, {""value"": ""22.0"", ""label"": ""Toy/game/recreational machine/sports eq""}, {""value"": ""23.0"", ""label"": ""Play park/ground:equipment n.o.s""}, {""value"": ""24.0"", ""label"": ""Play park/ground:roundabout""}, {""value"": ""25.0"", ""label"": ""Play park/ground:swings""}, {""value"": ""26.0"", ""label"": ""Play park/ground:see saw""}, {""value"": ""27.0"", ""label"": ""Play park/ground:slides""}, {""value"": ""28.0"", ""label"": ""Play park/ground:climbing frame/monkey""}, {""value"": ""29.0"", ""label"": ""Play park/ground:rocking horse/hobby ho""}, {""value"": ""30.0"", ""label"": ""Play park/ground:others""}, {""value"": ""31.0"", ""label"": ""Animal n.o.s.""}, {""value"": ""32.0"", ""label"": ""Domestic pet""}, {""value"": ""33.0"", ""label"": ""Other domestic animal""}, {""value"": ""34.0"", ""label"": ""Wild animal""}, {""value"": ""35.0"", ""label"": ""Other animal""}, {""value"": ""36.0"", ""label"": ""Insect""}, {""value"": ""37.0"", ""label"": ""Liquid n.o.s.""}, {""value"": ""38.0"", ""label"": ""Liquid Water""}, {""value"": ""39.0"", ""label"": ""Liquid Other""}, {""value"": ""40.0"", ""label"": ""Fire""}, {""value"": ""41.0"", ""label"": ""Fire purposefully lit & in control""}, {""value"": ""42.0"", ""label"": ""Fire accidentally lit & out of cont""}, {""value"": ""43.0"", ""label"": ""Fireworks""}, {""value"": ""44.0"", ""label"": ""Heat""}, {""value"": ""45.0"", ""label"": ""Cold""}, {""value"": ""46.0"", ""label"": ""Electricity""}, {""value"": ""47.0"", ""label"": ""Therapeutic agents""}, {""value"": ""48.0"", ""label"": ""Chemical agent""}, {""value"": ""49.0"", ""label"": ""Other agent""}, {""value"": ""50.0"", ""label"": ""Agent not classifiable""}, {""value"": ""51.0"", ""label"": ""Glass which breaks during the accident""}, {""value"": ""61.0"", ""label"": ""Fall n.o.s.""}, {""value"": ""62.0"", ""label"": ""Falling downwards""}, {""value"": ""63.0"", ""label"": ""Falling on level ground""}, {""value"": ""64.0"", ""label"": ""Injury involving motion of part of the""}, {""value"": ""65.0"", ""label"": ""Trapping injury""}, {""value"": ""66.0"", ""label"": ""Attacked/fell on/dropped on/hit with/bi""}, {""value"": ""67.0"", ""label"": ""Spillage""}, {""value"": ""68.0"", ""label"": ""Ingestion""}, {""value"": ""69.0"", ""label"": ""Mechanism other or unclassifiable""}, {""value"": ""70.0"", ""label"": ""Mechanism unspecified""}, {""value"": ""74.0"", ""label"": ""Pedestrian n.o.s.""}, {""value"": ""75.0"", ""label"": ""Pedestrian and cycle""}, {""value"": ""76.0"", ""label"": ""Pedestrian and motorbike""}, {""value"": ""77.0"", ""label"": ""Pedestrian and car""}, {""value"": ""78.0"", ""label"": ""Pedestrian and other""}, {""value"": ""79.0"", ""label"": ""Cyclist n.o.s.""}, {""value"": ""80.0"", ""label"": ""Cyclist in collision""}, {""value"": ""81.0"", ""label"": ""Cyclist and pedestrian""}, {""value"": ""82.0"", ""label"": ""Cyclist and cycle""}, {""value"": ""83.0"", ""label"": ""Cyclist and car""}, {""value"": ""84.0"", ""label"": ""Cyclist and other vehicle""}, {""value"": ""85.0"", ""label"": ""Passenger on cycle""}, {""value"": ""86.0"", ""label"": ""Driver of moped/motor bike""}, {""value"": ""87.0"", ""label"": ""Passenger on motor bike""}, {""value"": ""88.0"", ""label"": ""Driver of car""}, {""value"": ""89.0"", ""label"": ""Passenger on/in car""}, {""value"": ""90.0"", ""label"": ""Driver of other vehicle""}, {""value"": ""91.0"", ""label"": ""Passenger of other vehicle""}, {""value"": ""92.0"", ""label"": ""RTA n.o.s.""}, {""value"": ""93.0"", ""label"": ""Vehicular accident unclassifiable""}, {""value"": ""94.0"", ""label"": ""Vehicular accident other""}, {""value"": ""97.0"", ""label"": ""Road accident unclassifiable""}, {""value"": ""98.0"", ""label"": ""Other accident unclassifiable""}, {""value"": ""99.0"", ""label"": ""Non specified, illegible or no info""}]"
471,b18.25,"2ND ACCIDENT, WHAT HAPPENED 2",numeric,SCALE,-8.0 thru None,"[{""value"": ""-8.0"", ""label"": ""Out of range""}, {""value"": ""1.0"", ""label"": ""Self""}, {""value"": ""2.0"", ""label"": ""Parent""}, {""value"": ""3.0"", ""label"": ""Sib""}, {""value"": ""4.0"", ""label"": ""Other adult""}, {""value"": ""5.0"", ""label"": ""Other child""}, {""value"": ""6.0"", ""label"": ""Other person implied""}, {""value"": ""7.0"", ""label"": ""Person n.o.s.""}, {""value"": ""8.0"", ""label"": ""Intentional/self inflicted not accident""}, {""value"": ""9.0"", ""label"": ""Agent n.o.s. or implied""}, {""value"": ""10.0"", ""label"": ""Inanimate object:n.o.s. or unable to cl""}, {""value"": ""11.0"", ""label"": ""Inanimate object: blunt""}, {""value"": ""12.0"", ""label"": ""Inanimate object: sharp""}, {""value"": ""13.0"", ""label"": ""Firearm""}, {""value"": ""14.0"", ""label"": ""Knife""}, {""value"": ""15.0"", ""label"": ""Dart or arrow""}, {""value"": ""16.0"", ""label"": ""Broken glass""}, {""value"": ""17.0"", ""label"": ""Ice skates""}, {""value"": ""18.0"", ""label"": ""Skate board""}, {""value"": ""19.0"", ""label"": ""Roller skates""}, {""value"": ""20.0"", ""label"": ""Other non motorised vehicle""}, {""value"": ""21.0"", ""label"": ""Household""}, {""value"": ""22.0"", ""label"": ""Toy/game/recreational machine/sports eq""}, {""value"": ""23.0"", ""label"": ""Play park/ground:equipment n.o.s""}, {""value"": ""24.0"", ""label"": ""Play park/ground:roundabout""}, {""value"": ""25.0"", ""label"": ""Play park/ground:swings""}, {""value"": ""26.0"", ""label"": ""Play park/ground:see saw""}, {""value"": ""27.0"", ""label"": ""Play park/ground:slides""}, {""value"": ""28.0"", ""label"": ""Play park/ground:climbing frame/monkey""}, {""value"": ""29.0"", ""label"": ""Play park/ground:rocking horse/hobby ho""}, {""value"": ""30.0"", ""label"": ""Play park/ground:others""}, {""value"": ""31.0"", ""label"": ""Animal n.o.s.""}, {""value"": ""32.0"", ""label"": ""Domestic pet""}, {""value"": ""33.0"", ""label"": ""Other domestic animal""}, {""value"": ""34.0"", ""label"": ""Wild animal""}, {""value"": ""35.0"", ""label"": ""Other animal""}, {""value"": ""36.0"", ""label"": ""Insect""}, {""value"": ""37.0"", ""label"": ""Liquid n.o.s.""}, {""value"": ""38.0"", ""label"": ""Liquid Water""}, {""value"": ""39.0"", ""label"": ""Liquid Other""}, {""value"": ""40.0"", ""label"": ""Fire""}, {""value"": ""41.0"", ""label"": ""Fire purposefully lit & in control""}, {""value"": ""42.0"", ""label"": ""Fire accidentally lit & out of cont""}, {""value"": ""43.0"", ""label"": ""Fireworks""}, {""value"": ""44.0"", ""label"": ""Heat""}, {""value"": ""45.0"", ""label"": ""Cold""}, {""value"": ""46.0"", ""label"": ""Electricity""}, {""value"": ""47.0"", ""label"": ""Therapeutic agents""}, {""value"": ""48.0"", ""label"": ""Chemical agent""}, {""value"": ""49.0"", ""label"": ""Other agent""}, {""value"": ""50.0"", ""label"": ""Agent not classifiable""}, {""value"": ""51.0"", ""label"": ""Glass which breaks during the accident""}, {""value"": ""61.0"", ""label"": ""Fall n.o.s.""}, {""value"": ""62.0"", ""label"": ""Falling downwards""}, {""value"": ""63.0"", ""label"": ""Falling on level ground""}, {""value"": ""64.0"", ""label"": ""Injury involving motion of part of the""}, {""value"": ""65.0"", ""label"": ""Trapping injury""}, {""value"": ""66.0"", ""label"": ""Attacked/fell on/dropped on/hit with/bi""}, {""value"": ""67.0"", ""label"": ""Spillage""}, {""value"": ""68.0"", ""label"": ""Ingestion""}, {""value"": ""69.0"", ""label"": ""Mechanism other or unclassifiable""}, {""value"": ""70.0"", ""label"": ""Mechanism unspecified""}, {""value"": ""74.0"", ""label"": ""Pedestrian n.o.s.""}, {""value"": ""75.0"", ""label"": ""Pedestrian and cycle""}, {""value"": ""76.0"", ""label"": ""Pedestrian and motorbike""}, {""value"": ""77.0"", ""label"": ""Pedestrian and car""}, {""value"": ""78.0"", ""label"": ""Pedestrian and other""}, {""value"": ""79.0"", ""label"": ""Cyclist n.o.s.""}, {""value"": ""80.0"", ""label"": ""Cyclist in collision""}, {""value"": ""81.0"", ""label"": ""Cyclist and pedestrian""}, {""value"": ""82.0"", ""label"": ""Cyclist and cycle""}, {""value"": ""83.0"", ""label"": ""Cyclist and car""}, {""value"": ""84.0"", ""label"": ""Cyclist and other vehicle""}, {""value"": ""85.0"", ""label"": ""Passenger on cycle""}, {""value"": ""86.0"", ""label"": ""Driver of moped/motor bike""}, {""value"": ""87.0"", ""label"": ""Passenger on motor bike""}, {""value"": ""88.0"", ""label"": ""Driver of car""}, {""value"": ""89.0"", ""label"": ""Passenger on/in car""}, {""value"": ""90.0"", ""label"": ""Driver of other vehicle""}, {""value"": ""91.0"", ""label"": ""Passenger of other vehicle""}, {""value"": ""92.0"", ""label"": ""RTA n.o.s.""}, {""value"": ""93.0"", ""label"": ""Vehicular accident unclassifiable""}, {""value"": ""94.0"", ""label"": ""Vehicular accident other""}, {""value"": ""97.0"", ""label"": ""Road accident unclassifiable""}, {""value"": ""98.0"", ""label"": ""Other accident unclassifiable""}, {""value"": ""99.0"", ""label"": ""Non specified, illegible or no info""}]"
472,b18.26,"2ND ACCIDENT, WHAT HAPPENED 3",numeric,SCALE,NA,"[{""value"": ""1.0"", ""label"": ""Self""}, {""value"": ""2.0"", ""label"": ""Parent""}, {""value"": ""3.0"", ""label"": ""Sib""}, {""value"": ""4.0"", ""label"": ""Other adult""}, {""value"": ""5.0"", ""label"": ""Other child""}, {""value"": ""6.0"", ""label"": ""Other person implied""}, {""value"": ""7.0"", ""label"": ""Person n.o.s.""}, {""value"": ""8.0"", ""label"": ""Intentional/self inflicted not accident""}, {""value"": ""9.0"", ""label"": ""Agent n.o.s. or implied""}, {""value"": ""10.0"", ""label"": ""Inanimate object:n.o.s. or unable to cl""}, {""value"": ""11.0"", ""label"": ""Inanimate object: blunt""}, {""value"": ""12.0"", ""label"": ""Inanimate object: sharp""}, {""value"": ""13.0"", ""label"": ""Firearm""}, {""value"": ""14.0"", ""label"": ""Knife""}, {""value"": ""15.0"", ""label"": ""Dart or arrow""}, {""value"": ""16.0"", ""label"": ""Broken glass""}, {""value"": ""17.0"", ""label"": ""Ice skates""}, {""value"": ""18.0"", ""label"": ""Skate board""}, {""value"": ""19.0"", ""label"": ""Roller skates""}, {""value"": ""20.0"", ""label"": ""Other non motorised vehicle""}, {""value"": ""21.0"", ""label"": ""Household""}, {""value"": ""22.0"", ""label"": ""Toy/game/recreational machine/sports eq""}, {""value"": ""23.0"", ""label"": ""Play park/ground:equipment n.o.s""}, {""value"": ""24.0"", ""label"": ""Play park/ground:roundabout""}, {""value"": ""25.0"", ""label"": ""Play park/ground:swings""}, {""value"": ""26.0"", ""label"": ""Play park/ground:see saw""}, {""value"": ""27.0"", ""label"": ""Play park/ground:slides""}, {""value"": ""28.0"", ""label"": ""Play park/ground:climbing frame/monkey""}, {""value"": ""29.0"", ""label"": ""Play park/ground:rocking horse/hobby ho""}, {""value"": ""30.0"", ""label"": ""Play park/ground:others""}, {""value"": ""31.0"", ""label"": ""Animal n.o.s.""}, {""value"": ""32.0"", ""label"": ""Domestic pet""}, {""value"": ""33.0"", ""label"": ""Other domestic animal""}, {""value"": ""34.0"", ""label"": ""Wild animal""}, {""value"": ""35.0"", ""label"": ""Other animal""}, {""value"": ""36.0"", ""label"": ""Insect""}, {""value"": ""37.0"", ""label"": ""Liquid n.o.s.""}, {""value"": ""38.0"", ""label"": ""Liquid Water""}, {""value"": ""39.0"", ""label"": ""Liquid Other""}, {""value"": ""40.0"", ""label"": ""Fire""}, {""value"": ""41.0"", ""label"": ""Fire purposefully lit & in control""}, {""value"": ""42.0"", ""label"": ""Fire accidentally lit & out of cont""}, {""value"": ""43.0"", ""label"": ""Fireworks""}, {""value"": ""44.0"", ""label"": ""Heat""}, {""value"": ""45.0"", ""label"": ""Cold""}, {""value"": ""46.0"", ""label"": ""Electricity""}, {""value"": ""47.0"", ""label"": ""Therapeutic agents""}, {""value"": ""48.0"", ""label"": ""Chemical agent""}, {""value"": ""49.0"", ""label"": ""Other agent""}, {""value"": ""50.0"", ""label"": ""Agent not classifiable""}, {""value"": ""51.0"", ""label"": ""Glass which breaks during the accident""}, {""value"": ""61.0"", ""label"": ""Fall n.o.s.""}, {""value"": ""62.0"", ""label"": ""Falling downwards""}, {""value"": ""63.0"", ""label"": ""Falling on level ground""}, {""value"": ""64.0"", ""label"": ""Injury involving motion of part of the""}, {""value"": ""65.0"", ""label"": ""Trapping injury""}, {""value"": ""66.0"", ""label"": ""Attacked/fell on/dropped on/hit with/bi""}, {""value"": ""67.0"", ""label"": ""Spillage""}, {""value"": ""68.0"", ""label"": ""Ingestion""}, {""value"": ""69.0"", ""label"": ""Mechanism other or unclassifiable""}, {""value"": ""70.0"", ""label"": ""Mechanism unspecified""}, {""value"": ""74.0"", ""label"": ""Pedestrian n.o.s.""}, {""value"": ""75.0"", ""label"": ""Pedestrian and cycle""}, {""value"": ""76.0"", ""label"": ""Pedestrian and motorbike""}, {""value"": ""77.0"", ""label"": ""Pedestrian and car""}, {""value"": ""78.0"", ""label"": ""Pedestrian and other""}, {""value"": ""79.0"", ""label"": ""Cyclist n.o.s.""}, {""value"": ""80.0"", ""label"": ""Cyclist in collision""}, {""value"": ""81.0"", ""label"": ""Cyclist and pedestrian""}, {""value"": ""82.0"", ""label"": ""Cyclist and cycle""}, {""value"": ""83.0"", ""label"": ""Cyclist and car""}, {""value"": ""84.0"", ""label"": ""Cyclist and other vehicle""}, {""value"": ""85.0"", ""label"": ""Passenger on cycle""}, {""value"": ""86.0"", ""label"": ""Driver of moped/motor bike""}, {""value"": ""87.0"", ""label"": ""Passenger on motor bike""}, {""value"": ""88.0"", ""label"": ""Driver of car""}, {""value"": ""89.0"", ""label"": ""Passenger on/in car""}, {""value"": ""90.0"", ""label"": ""Driver of other vehicle""}, {""value"": ""91.0"", ""label"": ""Passenger of other vehicle""}, {""value"": ""92.0"", ""label"": ""RTA n.o.s.""}, {""value"": ""93.0"", ""label"": ""Vehicular accident unclassifiable""}, {""value"": ""94.0"", ""label"": ""Vehicular accident other""}, {""value"": ""97.0"", ""label"": ""Road accident unclassifiable""}, {""value"": ""98.0"", ""label"": ""Other accident unclassifiable""}, {""value"": ""99.0"", ""label"": ""Non specified, illegible or no info""}]"
473,b18.27,"2ND ACCIDENT, WHAT HAPPENED 4",numeric,SCALE,NA,"[{""value"": ""1.0"", ""label"": ""Self""}, {""value"": ""2.0"", ""label"": ""Parent""}, {""value"": ""3.0"", ""label"": ""Sib""}, {""value"": ""4.0"", ""label"": ""Other adult""}, {""value"": ""5.0"", ""label"": ""Other child""}, {""value"": ""6.0"", ""label"": ""Other person implied""}, {""value"": ""7.0"", ""label"": ""Person n.o.s.""}, {""value"": ""8.0"", ""label"": ""Intentional/self inflicted not accident""}, {""value"": ""9.0"", ""label"": ""Agent n.o.s. or implied""}, {""value"": ""10.0"", ""label"": ""Inanimate object:n.o.s. or unable to cl""}, {""value"": ""11.0"", ""label"": ""Inanimate object: blunt""}, {""value"": ""12.0"", ""label"": ""Inanimate object: sharp""}, {""value"": ""13.0"", ""label"": ""Firearm""}, {""value"": ""14.0"", ""label"": ""Knife""}, {""value"": ""15.0"", ""label"": ""Dart or arrow""}, {""value"": ""16.0"", ""label"": ""Broken glass""}, {""value"": ""17.0"", ""label"": ""Ice skates""}, {""value"": ""18.0"", ""label"": ""Skate board""}, {""value"": ""19.0"", ""label"": ""Roller skates""}, {""value"": ""20.0"", ""label"": ""Other non motorised vehicle""}, {""value"": ""21.0"", ""label"": ""Household""}, {""value"": ""22.0"", ""label"": ""Toy/game/recreational machine/sports eq""}, {""value"": ""23.0"", ""label"": ""Play park/ground:equipment n.o.s""}, {""value"": ""24.0"", ""label"": ""Play park/ground:roundabout""}, {""value"": ""25.0"", ""label"": ""Play park/ground:swings""}, {""value"": ""26.0"", ""label"": ""Play park/ground:see saw""}, {""value"": ""27.0"", ""label"": ""Play park/ground:slides""}, {""value"": ""28.0"", ""label"": ""Play park/ground:climbing frame/monkey""}, {""value"": ""29.0"", ""label"": ""Play park/ground:rocking horse/hobby ho""}, {""value"": ""30.0"", ""label"": ""Play park/ground:others""}, {""value"": ""31.0"", ""label"": ""Animal n.o.s.""}, {""value"": ""32.0"", ""label"": ""Domestic pet""}, {""value"": ""33.0"", ""label"": ""Other domestic animal""}, {""value"": ""34.0"", ""label"": ""Wild animal""}, {""value"": ""35.0"", ""label"": ""Other animal""}, {""value"": ""36.0"", ""label"": ""Insect""}, {""value"": ""37.0"", ""label"": ""Liquid n.o.s.""}, {""value"": ""38.0"", ""label"": ""Liquid Water""}, {""value"": ""39.0"", ""label"": ""Liquid Other""}, {""value"": ""40.0"", ""label"": ""Fire""}, {""value"": ""41.0"", ""label"": ""Fire purposefully lit & in control""}, {""value"": ""42.0"", ""label"": ""Fire accidentally lit & out of cont""}, {""value"": ""43.0"", ""label"": ""Fireworks""}, {""value"": ""44.0"", ""label"": ""Heat""}, {""value"": ""45.0"", ""label"": ""Cold""}, {""value"": ""46.0"", ""label"": ""Electricity""}, {""value"": ""47.0"", ""label"": ""Therapeutic agents""}, {""value"": ""48.0"", ""label"": ""Chemical agent""}, {""value"": ""49.0"", ""label"": ""Other agent""}, {""value"": ""50.0"", ""label"": ""Agent not classifiable""}, {""value"": ""51.0"", ""label"": ""Glass which breaks during the accident""}, {""value"": ""61.0"", ""label"": ""Fall n.o.s.""}, {""value"": ""62.0"", ""label"": ""Falling downwards""}, {""value"": ""63.0"", ""label"": ""Falling on level ground""}, {""value"": ""64.0"", ""label"": ""Injury involving motion of part of the""}, {""value"": ""65.0"", ""label"": ""Trapping injury""}, {""value"": ""66.0"", ""label"": ""Attacked/fell on/dropped on/hit with/bi""}, {""value"": ""67.0"", ""label"": ""Spillage""}, {""value"": ""68.0"", ""label"": ""Ingestion""}, {""value"": ""69.0"", ""label"": ""Mechanism other or unclassifiable""}, {""value"": ""70.0"", ""label"": ""Mechanism unspecified""}, {""value"": ""74.0"", ""label"": ""Pedestrian n.o.s.""}, {""value"": ""75.0"", ""label"": ""Pedestrian and cycle""}, {""value"": ""76.0"", ""label"": ""Pedestrian and motorbike""}, {""value"": ""77.0"", ""label"": ""Pedestrian and car""}, {""value"": ""78.0"", ""label"": ""Pedestrian and other""}, {""value"": ""79.0"", ""label"": ""Cyclist n.o.s.""}, {""value"": ""80.0"", ""label"": ""Cyclist in collision""}, {""value"": ""81.0"", ""label"": ""Cyclist and pedestrian""}, {""value"": ""82.0"", ""label"": ""Cyclist and cycle""}, {""value"": ""83.0"", ""label"": ""Cyclist and car""}, {""value"": ""84.0"", ""label"": ""Cyclist and other vehicle""}, {""value"": ""85.0"", ""label"": ""Passenger on cycle""}, {""value"": ""86.0"", ""label"": ""Driver of moped/motor bike""}, {""value"": ""87.0"", ""label"": ""Passenger on motor bike""}, {""value"": ""88.0"", ""label"": ""Driver of car""}, {""value"": ""89.0"", ""label"": ""Passenger on/in car""}, {""value"": ""90.0"", ""label"": ""Driver of other vehicle""}, {""value"": ""91.0"", ""label"": ""Passenger of other vehicle""}, {""value"": ""92.0"", ""label"": ""RTA n.o.s.""}, {""value"": ""93.0"", ""label"": ""Vehicular accident unclassifiable""}, {""value"": ""94.0"", ""label"": ""Vehicular accident other""}, {""value"": ""97.0"", ""label"": ""Road accident unclassifiable""}, {""value"": ""98.0"", ""label"": ""Other accident unclassifiable""}, {""value"": ""99.0"", ""label"": ""Non specified, illegible or no info""}]"
474,b18.28,"2ND ACCIDENT, WHAT HAPPENED 5",numeric,NOMINAL,NA,"[{""value"": ""1.0"", ""label"": ""Self""}, {""value"": ""2.0"", ""label"": ""Parent""}, {""value"": ""3.0"", ""label"": ""Sib""}, {""value"": ""4.0"", ""label"": ""Other adult""}, {""value"": ""5.0"", ""label"": ""Other child""}, {""value"": ""6.0"", ""label"": ""Other person implied""}, {""value"": ""7.0"", ""label"": ""Person n.o.s.""}, {""value"": ""8.0"", ""label"": ""Intentional/self inflicted not accident""}, {""value"": ""9.0"", ""label"": ""Agent n.o.s. or implied""}, {""value"": ""10.0"", ""label"": ""Inanimate object:n.o.s. or unable to cl""}, {""value"": ""11.0"", ""label"": ""Inanimate object: blunt""}, {""value"": ""12.0"", ""label"": ""Inanimate object: sharp""}, {""value"": ""13.0"", ""label"": ""Firearm""}, {""value"": ""14.0"", ""label"": ""Knife""}, {""value"": ""15.0"", ""label"": ""Dart or arrow""}, {""value"": ""16.0"", ""label"": ""Broken glass""}, {""value"": ""17.0"", ""label"": ""Ice skates""}, {""value"": ""18.0"", ""label"": ""Skate board""}, {""value"": ""19.0"", ""label"": ""Roller skates""}, {""value"": ""20.0"", ""label"": ""Other non motorised vehicle""}, {""value"": ""21.0"", ""label"": ""Household""}, {""value"": ""22.0"", ""label"": ""Toy/game/recreational machine/sports eq""}, {""value"": ""23.0"", ""label"": ""Play park/ground:equipment n.o.s""}, {""value"": ""24.0"", ""label"": ""Play park/ground:roundabout""}, {""value"": ""25.0"", ""label"": ""Play park/ground:swings""}, {""value"": ""26.0"", ""label"": ""Play park/ground:see saw""}, {""value"": ""27.0"", ""label"": ""Play park/ground:slides""}, {""value"": ""28.0"", ""label"": ""Play park/ground:climbing frame/monkey""}, {""value"": ""29.0"", ""label"": ""Play park/ground:rocking horse/hobby ho""}, {""value"": ""30.0"", ""label"": ""Play park/ground:others""}, {""value"": ""31.0"", ""label"": ""Animal n.o.s.""}, {""value"": ""32.0"", ""label"": ""Domestic pet""}, {""value"": ""33.0"", ""label"": ""Other domestic animal""}, {""value"": ""34.0"", ""label"": ""Wild animal""}, {""value"": ""35.0"", ""label"": ""Other animal""}, {""value"": ""36.0"", ""label"": ""Insect""}, {""value"": ""37.0"", ""label"": ""Liquid n.o.s.""}, {""value"": ""38.0"", ""label"": ""Liquid Water""}, {""value"": ""39.0"", ""label"": ""Liquid Other""}, {""value"": ""40.0"", ""label"": ""Fire""}, {""value"": ""41.0"", ""label"": ""Fire purposefully lit & in control""}, {""value"": ""42.0"", ""label"": ""Fire accidentally lit & out of cont""}, {""value"": ""43.0"", ""label"": ""Fireworks""}, {""value"": ""44.0"", ""label"": ""Heat""}, {""value"": ""45.0"", ""label"": ""Cold""}, {""value"": ""46.0"", ""label"": ""Electricity""}, {""value"": ""47.0"", ""label"": ""Therapeutic agents""}, {""value"": ""48.0"", ""label"": ""Chemical agent""}, {""value"": ""49.0"", ""label"": ""Other agent""}, {""value"": ""50.0"", ""label"": ""Agent not classifiable""}, {""value"": ""51.0"", ""label"": ""Glass which breaks during the accident""}, {""value"": ""61.0"", ""label"": ""Fall n.o.s.""}, {""value"": ""62.0"", ""label"": ""Falling downwards""}, {""value"": ""63.0"", ""label"": ""Falling on level ground""}, {""value"": ""64.0"", ""label"": ""Injury involving motion of part of the""}, {""value"": ""65.0"", ""label"": ""Trapping injury""}, {""value"": ""66.0"", ""label"": ""Attacked/fell on/dropped on/hit with/bi""}, {""value"": ""67.0"", ""label"": ""Spillage""}, {""value"": ""68.0"", ""label"": ""Ingestion""}, {""value"": ""69.0"", ""label"": ""Mechanism other or unclassifiable""}, {""value"": ""70.0"", ""label"": ""Mechanism unspecified""}, {""value"": ""74.0"", ""label"": ""Pedestrian n.o.s.""}, {""value"": ""75.0"", ""label"": ""Pedestrian and cycle""}, {""value"": ""76.0"", ""label"": ""Pedestrian and motorbike""}, {""value"": ""77.0"", ""label"": ""Pedestrian and car""}, {""value"": ""78.0"", ""label"": ""Pedestrian and other""}, {""value"": ""79.0"", ""label"": ""Cyclist n.o.s.""}, {""value"": ""80.0"", ""label"": ""Cyclist in collision""}, {""value"": ""81.0"", ""label"": ""Cyclist and pedestrian""}, {""value"": ""82.0"", ""label"": ""Cyclist and cycle""}, {""value"": ""83.0"", ""label"": ""Cyclist and car""}, {""value"": ""84.0"", ""label"": ""Cyclist and other vehicle""}, {""value"": ""85.0"", ""label"": ""Passenger on cycle""}, {""value"": ""86.0"", ""label"": ""Driver of moped/motor bike""}, {""value"": ""87.0"", ""label"": ""Passenger on motor bike""}, {""value"": ""88.0"", ""label"": ""Driver of car""}, {""value"": ""89.0"", ""label"": ""Passenger on/in car""}, {""value"": ""90.0"", ""label"": ""Driver of other vehicle""}, {""value"": ""91.0"", ""label"": ""Passenger of other vehicle""}, {""value"": ""92.0"", ""label"": ""RTA n.o.s.""}, {""value"": ""93.0"", ""label"": ""Vehicular accident unclassifiable""}, {""value"": ""94.0"", ""label"": ""Vehicular accident other""}, {""value"": ""97.0"", ""label"": ""Road accident unclassifiable""}, {""value"": ""98.0"", ""label"": ""Other accident unclassifiable""}, {""value"": ""99.0"", ""label"": ""Non specified, illegible or no info""}]"
475,b18.29,"2ND ACCIDENT, WHAT HAPPENED 6",numeric,NOMINAL,NA,"[{""value"": ""1.0"", ""label"": ""Self""}, {""value"": ""2.0"", ""label"": ""Parent""}, {""value"": ""3.0"", ""label"": ""Sib""}, {""value"": ""4.0"", ""label"": ""Other adult""}, {""value"": ""5.0"", ""label"": ""Other child""}, {""value"": ""6.0"", ""label"": ""Other person implied""}, {""value"": ""7.0"", ""label"": ""Person n.o.s.""}, {""value"": ""8.0"", ""label"": ""Intentional/self inflicted not accident""}, {""value"": ""9.0"", ""label"": ""Agent n.o.s. or implied""}, {""value"": ""10.0"", ""label"": ""Inanimate object:n.o.s. or unable to cl""}, {""value"": ""11.0"", ""label"": ""Inanimate object: blunt""}, {""value"": ""12.0"", ""label"": ""Inanimate object: sharp""}, {""value"": ""13.0"", ""label"": ""Firearm""}, {""value"": ""14.0"", ""label"": ""Knife""}, {""value"": ""15.0"", ""label"": ""Dart or arrow""}, {""value"": ""16.0"", ""label"": ""Broken glass""}, {""value"": ""17.0"", ""label"": ""Ice skates""}, {""value"": ""18.0"", ""label"": ""Skate board""}, {""value"": ""19.0"", ""label"": ""Roller skates""}, {""value"": ""20.0"", ""label"": ""Other non motorised vehicle""}, {""value"": ""21.0"", ""label"": ""Household""}, {""value"": ""22.0"", ""label"": ""Toy/game/recreational machine/sports eq""}, {""value"": ""23.0"", ""label"": ""Play park/ground:equipment n.o.s""}, {""value"": ""24.0"", ""label"": ""Play park/ground:roundabout""}, {""value"": ""25.0"", ""label"": ""Play park/ground:swings""}, {""value"": ""26.0"", ""label"": ""Play park/ground:see saw""}, {""value"": ""27.0"", ""label"": ""Play park/ground:slides""}, {""value"": ""28.0"", ""label"": ""Play park/ground:climbing frame/monkey""}, {""value"": ""29.0"", ""label"": ""Play park/ground:rocking horse/hobby ho""}, {""value"": ""30.0"", ""label"": ""Play park/ground:others""}, {""value"": ""31.0"", ""label"": ""Animal n.o.s.""}, {""value"": ""32.0"", ""label"": ""Domestic pet""}, {""value"": ""33.0"", ""label"": ""Other domestic animal""}, {""value"": ""34.0"", ""label"": ""Wild animal""}, {""value"": ""35.0"", ""label"": ""Other animal""}, {""value"": ""36.0"", ""label"": ""Insect""}, {""value"": ""37.0"", ""label"": ""Liquid n.o.s.""}, {""value"": ""38.0"", ""label"": ""Liquid Water""}, {""value"": ""39.0"", ""label"": ""Liquid Other""}, {""value"": ""40.0"", ""label"": ""Fire""}, {""value"": ""41.0"", ""label"": ""Fire purposefully lit & in control""}, {""value"": ""42.0"", ""label"": ""Fire accidentally lit & out of cont""}, {""value"": ""43.0"", ""label"": ""Fireworks""}, {""value"": ""44.0"", ""label"": ""Heat""}, {""value"": ""45.0"", ""label"": ""Cold""}, {""value"": ""46.0"", ""label"": ""Electricity""}, {""value"": ""47.0"", ""label"": ""Therapeutic agents""}, {""value"": ""48.0"", ""label"": ""Chemical agent""}, {""value"": ""49.0"", ""label"": ""Other agent""}, {""value"": ""50.0"", ""label"": ""Agent not classifiable""}, {""value"": ""51.0"", ""label"": ""Glass which breaks during the accident""}, {""value"": ""61.0"", ""label"": ""Fall n.o.s.""}, {""value"": ""62.0"", ""label"": ""Falling downwards""}, {""value"": ""63.0"", ""label"": ""Falling on level ground""}, {""value"": ""64.0"", ""label"": ""Injury involving motion of part of the""}, {""value"": ""65.0"", ""label"": ""Trapping injury""}, {""value"": ""66.0"", ""label"": ""Attacked/fell on/dropped on/hit with/bi""}, {""value"": ""67.0"", ""label"": ""Spillage""}, {""value"": ""68.0"", ""label"": ""Ingestion""}, {""value"": ""69.0"", ""label"": ""Mechanism other or unclassifiable""}, {""value"": ""70.0"", ""label"": ""Mechanism unspecified""}, {""value"": ""74.0"", ""label"": ""Pedestrian n.o.s.""}, {""value"": ""75.0"", ""label"": ""Pedestrian and cycle""}, {""value"": ""76.0"", ""label"": ""Pedestrian and motorbike""}, {""value"": ""77.0"", ""label"": ""Pedestrian and car""}, {""value"": ""78.0"", ""label"": ""Pedestrian and other""}, {""value"": ""79.0"", ""label"": ""Cyclist n.o.s.""}, {""value"": ""80.0"", ""label"": ""Cyclist in collision""}, {""value"": ""81.0"", ""label"": ""Cyclist and pedestrian""}, {""value"": ""82.0"", ""label"": ""Cyclist and cycle""}, {""value"": ""83.0"", ""label"": ""Cyclist and car""}, {""value"": ""84.0"", ""label"": ""Cyclist and other vehicle""}, {""value"": ""85.0"", ""label"": ""Passenger on cycle""}, {""value"": ""86.0"", ""label"": ""Driver of moped/motor bike""}, {""value"": ""87.0"", ""label"": ""Passenger on motor bike""}, {""value"": ""88.0"", ""label"": ""Driver of car""}, {""value"": ""89.0"", ""label"": ""Passenger on/in car""}, {""value"": ""90.0"", ""label"": ""Driver of other vehicle""}, {""value"": ""91.0"", ""label"": ""Passenger of other vehicle""}, {""value"": ""92.0"", ""label"": ""RTA n.o.s.""}, {""value"": ""93.0"", ""label"": ""Vehicular accident unclassifiable""}, {""value"": ""94.0"", ""label"": ""Vehicular accident other""}, {""value"": ""97.0"", ""label"": ""Road accident unclassifiable""}, {""value"": ""98.0"", ""label"": ""Other accident unclassifiable""}, {""value"": ""99.0"", ""label"": ""Non specified, illegible or no info""}]"
476,b18.30,"2ND ACCIDENT INJURY, DESCRIPTN 1 ICD CODE",NA,NA,NA,[]
477,b18.31,"2ND ACCIDENT INJURY, DESCRIPTN 2 ICD CODE",NA,NA,NA,[]
478,b18.32a,"2ND ACCIDENT INJURY, DESCRTN 3 ICD CODE(A)",NA,NA,NA,[]
479,b18.32b,"2ND ACCIDENT INJURY, DESCRTN 3 ICD CODE(B)",NA,NA,NA,[]
480,b18.33,"2ND ACCIDENT, WHERE TREATED",numeric,NOMINAL,NA,"[{""value"": ""0.0"", ""label"": ""None""}, {""value"": ""1.0"", ""label"": ""At home""}, {""value"": ""2.0"", ""label"": ""LA clinic""}, {""value"": ""3.0"", ""label"": ""GP""}, {""value"": ""4.0"", ""label"": ""Outpatients""}, {""value"": ""5.0"", ""label"": ""Inpatient 1 night""}, {""value"": ""6.0"", ""label"": ""Inpatient 2 nights""}, {""value"": ""7.0"", ""label"": ""Inpatient n.o.s.""}, {""value"": ""8.0"", ""label"": ""Other""}, {""value"": ""9.0"", ""label"": ""Not specified""}]"
481,b18.34,"2ND ACCIDENT, TREATMENT CODE 1",NA,NA,NA,[]
482,b18.35,"2ND ACCIDENT, TREATMENT CODE 2",NA,NA,NA,[]
483,b18.36,"3RD ACCIDENT, AGE",numeric,NOMINAL,-5.0 thru -3.0 and -2.0,"[{""value"": ""-5.0"", ""label"": ""Other answer""}, {""value"": ""-2.0"", ""label"": ""Not known""}]"
484,b18.37,"3RD ACCIDENT, WHERE IT OCCURED",numeric,SCALE,-8.0 thru -2.0 and -1.0,"[{""value"": ""-8.0"", ""label"": ""Out of range""}, {""value"": ""-2.0"", ""label"": ""Not known""}, {""value"": ""10.0"", ""label"": ""Own home n.o.s.""}, {""value"": ""11.0"", ""label"": ""Own kitchen""}, {""value"": ""12.0"", ""label"": ""Own bathroom""}, {""value"": ""13.0"", ""label"": ""Own garage""}, {""value"": ""14.0"", ""label"": ""Own stairs""}, {""value"": ""15.0"", ""label"": ""Own other""}, {""value"": ""16.0"", ""label"": ""Own garden""}, {""value"": ""20.0"", ""label"": ""Other's home""}, {""value"": ""21.0"", ""label"": ""Other's kitchen""}, {""value"": ""22.0"", ""label"": ""Other's bathroom""}, {""value"": ""23.0"", ""label"": ""Other's garage""}, {""value"": ""24.0"", ""label"": ""Other's stairs""}, {""value"": ""25.0"", ""label"": ""Other's other""}, {""value"": ""26.0"", ""label"": ""Other's garden""}, {""value"": ""30.0"", ""label"": ""Road n.o.s.""}, {""value"": ""31.0"", ""label"": ""Highway""}, {""value"": ""32.0"", ""label"": ""Residential street/private roadway""}, {""value"": ""35.0"", ""label"": ""School n.o.s.""}, {""value"": ""36.0"", ""label"": ""School indoors""}, {""value"": ""37.0"", ""label"": ""School out of doors""}, {""value"": ""41.0"", ""label"": ""Playground,play park,play field,adventu""}, {""value"": ""42.0"", ""label"": ""Other enclosed space""}, {""value"": ""43.0"", ""label"": ""Other open air place""}, {""value"": ""44.0"", ""label"": ""Swimming pool""}, {""value"": ""45.0"", ""label"": ""Not specified""}, {""value"": ""46.0"", ""label"": ""Unable to classify""}]"
485,b18.38,"3RD ACCIDENT, WHAT HAPPENED 1",numeric,SCALE,NA,"[{""value"": ""1.0"", ""label"": ""Self""}, {""value"": ""2.0"", ""label"": ""Parent""}, {""value"": ""3.0"", ""label"": ""Sib""}, {""value"": ""4.0"", ""label"": ""Other adult""}, {""value"": ""5.0"", ""label"": ""Other child""}, {""value"": ""6.0"", ""label"": ""Other person implied""}, {""value"": ""7.0"", ""label"": ""Person n.o.s.""}, {""value"": ""8.0"", ""label"": ""Intentional/self inflicted not accident""}, {""value"": ""9.0"", ""label"": ""Agent n.o.s. or implied""}, {""value"": ""10.0"", ""label"": ""Inanimate object:n.o.s. or unable to cl""}, {""value"": ""11.0"", ""label"": ""Inanimate object: blunt""}, {""value"": ""12.0"", ""label"": ""Inanimate object: sharp""}, {""value"": ""13.0"", ""label"": ""Firearm""}, {""value"": ""14.0"", ""label"": ""Knife""}, {""value"": ""15.0"", ""label"": ""Dart or arrow""}, {""value"": ""16.0"", ""label"": ""Broken glass""}, {""value"": ""17.0"", ""label"": ""Ice skates""}, {""value"": ""18.0"", ""label"": ""Skate board""}, {""value"": ""19.0"", ""label"": ""Roller skates""}, {""value"": ""20.0"", ""label"": ""Other non motorised vehicle""}, {""value"": ""21.0"", ""label"": ""Household""}, {""value"": ""22.0"", ""label"": ""Toy/game/recreational machine/sports eq""}, {""value"": ""23.0"", ""label"": ""Play park/ground:equipment n.o.s""}, {""value"": ""24.0"", ""label"": ""Play park/ground:roundabout""}, {""value"": ""25.0"", ""label"": ""Play park/ground:swings""}, {""value"": ""26.0"", ""label"": ""Play park/ground:see saw""}, {""value"": ""27.0"", ""label"": ""Play park/ground:slides""}, {""value"": ""28.0"", ""label"": ""Play park/ground:climbing frame/monkey""}, {""value"": ""29.0"", ""label"": ""Play park/ground:rocking horse/hobby ho""}, {""value"": ""30.0"", ""label"": ""Play park/ground:others""}, {""value"": ""31.0"", ""label"": ""Animal n.o.s.""}, {""value"": ""32.0"", ""label"": ""Domestic pet""}, {""value"": ""33.0"", ""label"": ""Other domestic animal""}, {""value"": ""34.0"", ""label"": ""Wild animal""}, {""value"": ""35.0"", ""label"": ""Other animal""}, {""value"": ""36.0"", ""label"": ""Insect""}, {""value"": ""37.0"", ""label"": ""Liquid n.o.s.""}, {""value"": ""38.0"", ""label"": ""Liquid Water""}, {""value"": ""39.0"", ""label"": ""Liquid Other""}, {""value"": ""40.0"", ""label"": ""Fire""}, {""value"": ""41.0"", ""label"": ""Fire purposefully lit & in control""}, {""value"": ""42.0"", ""label"": ""Fire accidentally lit & out of cont""}, {""value"": ""43.0"", ""label"": ""Fireworks""}, {""value"": ""44.0"", ""label"": ""Heat""}, {""value"": ""45.0"", ""label"": ""Cold""}, {""value"": ""46.0"", ""label"": ""Electricity""}, {""value"": ""47.0"", ""label"": ""Therapeutic agents""}, {""value"": ""48.0"", ""label"": ""Chemical agent""}, {""value"": ""49.0"", ""label"": ""Other agent""}, {""value"": ""50.0"", ""label"": ""Agent not classifiable""}, {""value"": ""51.0"", ""label"": ""Glass which breaks during the accident""}, {""value"": ""61.0"", ""label"": ""Fall n.o.s.""}, {""value"": ""62.0"", ""label"": ""Falling downwards""}, {""value"": ""63.0"", ""label"": ""Falling on level ground""}, {""value"": ""64.0"", ""label"": ""Injury involving motion of part of the""}, {""value"": ""65.0"", ""label"": ""Trapping injury""}, {""value"": ""66.0"", ""label"": ""Attacked/fell on/dropped on/hit with/bi""}, {""value"": ""67.0"", ""label"": ""Spillage""}, {""value"": ""68.0"", ""label"": ""Ingestion""}, {""value"": ""69.0"", ""label"": ""Mechanism other or unclassifiable""}, {""value"": ""70.0"", ""label"": ""Mechanism unspecified""}, {""value"": ""74.0"", ""label"": ""Pedestrian n.o.s.""}, {""value"": ""75.0"", ""label"": ""Pedestrian and cycle""}, {""value"": ""76.0"", ""label"": ""Pedestrian and motorbike""}, {""value"": ""77.0"", ""label"": ""Pedestrian and car""}, {""value"": ""78.0"", ""label"": ""Pedestrian and other""}, {""value"": ""79.0"", ""label"": ""Cyclist n.o.s.""}, {""value"": ""80.0"", ""label"": ""Cyclist in collision""}, {""value"": ""81.0"", ""label"": ""Cyclist and pedestrian""}, {""value"": ""82.0"", ""label"": ""Cyclist and cycle""}, {""value"": ""83.0"", ""label"": ""Cyclist and car""}, {""value"": ""84.0"", ""label"": ""Cyclist and other vehicle""}, {""value"": ""85.0"", ""label"": ""Passenger on cycle""}, {""value"": ""86.0"", ""label"": ""Driver of moped/motor bike""}, {""value"": ""87.0"", ""label"": ""Passenger on motor bike""}, {""value"": ""88.0"", ""label"": ""Driver of car""}, {""value"": ""89.0"", ""label"": ""Passenger on/in car""}, {""value"": ""90.0"", ""label"": ""Driver of other vehicle""}, {""value"": ""91.0"", ""label"": ""Passenger of other vehicle""}, {""value"": ""92.0"", ""label"": ""RTA n.o.s.""}, {""value"": ""93.0"", ""label"": ""Vehicular accident unclassifiable""}, {""value"": ""94.0"", ""label"": ""Vehicular accident other""}, {""value"": ""97.0"", ""label"": ""Road accident unclassifiable""}, {""value"": ""98.0"", ""label"": ""Other accident unclassifiable""}, {""value"": ""99.0"", ""label"": ""Non specified, illegible or no info""}]"
486,b18.39,"3RD ACCIDENT, WHAT HAPPENED 2",numeric,SCALE,NA,"[{""value"": ""1.0"", ""label"": ""Self""}, {""value"": ""2.0"", ""label"": ""Parent""}, {""value"": ""3.0"", ""label"": ""Sib""}, {""value"": ""4.0"", ""label"": ""Other adult""}, {""value"": ""5.0"", ""label"": ""Other child""}, {""value"": ""6.0"", ""label"": ""Other person implied""}, {""value"": ""7.0"", ""label"": ""Person n.o.s.""}, {""value"": ""8.0"", ""label"": ""Intentional/self inflicted not accident""}, {""value"": ""9.0"", ""label"": ""Agent n.o.s. or implied""}, {""value"": ""10.0"", ""label"": ""Inanimate object:n.o.s. or unable to cl""}, {""value"": ""11.0"", ""label"": ""Inanimate object: blunt""}, {""value"": ""12.0"", ""label"": ""Inanimate object: sharp""}, {""value"": ""13.0"", ""label"": ""Firearm""}, {""value"": ""14.0"", ""label"": ""Knife""}, {""value"": ""15.0"", ""label"": ""Dart or arrow""}, {""value"": ""16.0"", ""label"": ""Broken glass""}, {""value"": ""17.0"", ""label"": ""Ice skates""}, {""value"": ""18.0"", ""label"": ""Skate board""}, {""value"": ""19.0"", ""label"": ""Roller skates""}, {""value"": ""20.0"", ""label"": ""Other non motorised vehicle""}, {""value"": ""21.0"", ""label"": ""Household""}, {""value"": ""22.0"", ""label"": ""Toy/game/recreational machine/sports eq""}, {""value"": ""23.0"", ""label"": ""Play park/ground:equipment n.o.s""}, {""value"": ""24.0"", ""label"": ""Play park/ground:roundabout""}, {""value"": ""25.0"", ""label"": ""Play park/ground:swings""}, {""value"": ""26.0"", ""label"": ""Play park/ground:see saw""}, {""value"": ""27.0"", ""label"": ""Play park/ground:slides""}, {""value"": ""28.0"", ""label"": ""Play park/ground:climbing frame/monkey""}, {""value"": ""29.0"", ""label"": ""Play park/ground:rocking horse/hobby ho""}, {""value"": ""30.0"", ""label"": ""Play park/ground:others""}, {""value"": ""31.0"", ""label"": ""Animal n.o.s.""}, {""value"": ""32.0"", ""label"": ""Domestic pet""}, {""value"": ""33.0"", ""label"": ""Other domestic animal""}, {""value"": ""34.0"", ""label"": ""Wild animal""}, {""value"": ""35.0"", ""label"": ""Other animal""}, {""value"": ""36.0"", ""label"": ""Insect""}, {""value"": ""37.0"", ""label"": ""Liquid n.o.s.""}, {""value"": ""38.0"", ""label"": ""Liquid Water""}, {""value"": ""39.0"", ""label"": ""Liquid Other""}, {""value"": ""40.0"", ""label"": ""Fire""}, {""value"": ""41.0"", ""label"": ""Fire purposefully lit & in control""}, {""value"": ""42.0"", ""label"": ""Fire accidentally lit & out of cont""}, {""value"": ""43.0"", ""label"": ""Fireworks""}, {""value"": ""44.0"", ""label"": ""Heat""}, {""value"": ""45.0"", ""label"": ""Cold""}, {""value"": ""46.0"", ""label"": ""Electricity""}, {""value"": ""47.0"", ""label"": ""Therapeutic agents""}, {""value"": ""48.0"", ""label"": ""Chemical agent""}, {""value"": ""49.0"", ""label"": ""Other agent""}, {""value"": ""50.0"", ""label"": ""Agent not classifiable""}, {""value"": ""51.0"", ""label"": ""Glass which breaks during the accident""}, {""value"": ""61.0"", ""label"": ""Fall n.o.s.""}, {""value"": ""62.0"", ""label"": ""Falling downwards""}, {""value"": ""63.0"", ""label"": ""Falling on level ground""}, {""value"": ""64.0"", ""label"": ""Injury involving motion of part of the""}, {""value"": ""65.0"", ""label"": ""Trapping injury""}, {""value"": ""66.0"", ""label"": ""Attacked/fell on/dropped on/hit with/bi""}, {""value"": ""67.0"", ""label"": ""Spillage""}, {""value"": ""68.0"", ""label"": ""Ingestion""}, {""value"": ""69.0"", ""label"": ""Mechanism other or unclassifiable""}, {""value"": ""70.0"", ""label"": ""Mechanism unspecified""}, {""value"": ""74.0"", ""label"": ""Pedestrian n.o.s.""}, {""value"": ""75.0"", ""label"": ""Pedestrian and cycle""}, {""value"": ""76.0"", ""label"": ""Pedestrian and motorbike""}, {""value"": ""77.0"", ""label"": ""Pedestrian and car""}, {""value"": ""78.0"", ""label"": ""Pedestrian and other""}, {""value"": ""79.0"", ""label"": ""Cyclist n.o.s.""}, {""value"": ""80.0"", ""label"": ""Cyclist in collision""}, {""value"": ""81.0"", ""label"": ""Cyclist and pedestrian""}, {""value"": ""82.0"", ""label"": ""Cyclist and cycle""}, {""value"": ""83.0"", ""label"": ""Cyclist and car""}, {""value"": ""84.0"", ""label"": ""Cyclist and other vehicle""}, {""value"": ""85.0"", ""label"": ""Passenger on cycle""}, {""value"": ""86.0"", ""label"": ""Driver of moped/motor bike""}, {""value"": ""87.0"", ""label"": ""Passenger on motor bike""}, {""value"": ""88.0"", ""label"": ""Driver of car""}, {""value"": ""89.0"", ""label"": ""Passenger on/in car""}, {""value"": ""90.0"", ""label"": ""Driver of other vehicle""}, {""value"": ""91.0"", ""label"": ""Passenger of other vehicle""}, {""value"": ""92.0"", ""label"": ""RTA n.o.s.""}, {""value"": ""93.0"", ""label"": ""Vehicular accident unclassifiable""}, {""value"": ""94.0"", ""label"": ""Vehicular accident other""}, {""value"": ""97.0"", ""label"": ""Road accident unclassifiable""}, {""value"": ""98.0"", ""label"": ""Other accident unclassifiable""}, {""value"": ""99.0"", ""label"": ""Non specified, illegible or no info""}]"
487,b18.40,"3RD ACCIDENT, WHAT HAPPENED 3",numeric,NOMINAL,NA,"[{""value"": ""1.0"", ""label"": ""Self""}, {""value"": ""2.0"", ""label"": ""Parent""}, {""value"": ""3.0"", ""label"": ""Sib""}, {""value"": ""4.0"", ""label"": ""Other adult""}, {""value"": ""5.0"", ""label"": ""Other child""}, {""value"": ""6.0"", ""label"": ""Other person implied""}, {""value"": ""7.0"", ""label"": ""Person n.o.s.""}, {""value"": ""8.0"", ""label"": ""Intentional/self inflicted not accident""}, {""value"": ""9.0"", ""label"": ""Agent n.o.s. or implied""}, {""value"": ""10.0"", ""label"": ""Inanimate object:n.o.s. or unable to cl""}, {""value"": ""11.0"", ""label"": ""Inanimate object: blunt""}, {""value"": ""12.0"", ""label"": ""Inanimate object: sharp""}, {""value"": ""13.0"", ""label"": ""Firearm""}, {""value"": ""14.0"", ""label"": ""Knife""}, {""value"": ""15.0"", ""label"": ""Dart or arrow""}, {""value"": ""16.0"", ""label"": ""Broken glass""}, {""value"": ""17.0"", ""label"": ""Ice skates""}, {""value"": ""18.0"", ""label"": ""Skate board""}, {""value"": ""19.0"", ""label"": ""Roller skates""}, {""value"": ""20.0"", ""label"": ""Other non motorised vehicle""}, {""value"": ""21.0"", ""label"": ""Household""}, {""value"": ""22.0"", ""label"": ""Toy/game/recreational machine/sports eq""}, {""value"": ""23.0"", ""label"": ""Play park/ground:equipment n.o.s""}, {""value"": ""24.0"", ""label"": ""Play park/ground:roundabout""}, {""value"": ""25.0"", ""label"": ""Play park/ground:swings""}, {""value"": ""26.0"", ""label"": ""Play park/ground:see saw""}, {""value"": ""27.0"", ""label"": ""Play park/ground:slides""}, {""value"": ""28.0"", ""label"": ""Play park/ground:climbing frame/monkey""}, {""value"": ""29.0"", ""label"": ""Play park/ground:rocking horse/hobby ho""}, {""value"": ""30.0"", ""label"": ""Play park/ground:others""}, {""value"": ""31.0"", ""label"": ""Animal n.o.s.""}, {""value"": ""32.0"", ""label"": ""Domestic pet""}, {""value"": ""33.0"", ""label"": ""Other domestic animal""}, {""value"": ""34.0"", ""label"": ""Wild animal""}, {""value"": ""35.0"", ""label"": ""Other animal""}, {""value"": ""36.0"", ""label"": ""Insect""}, {""value"": ""37.0"", ""label"": ""Liquid n.o.s.""}, {""value"": ""38.0"", ""label"": ""Liquid Water""}, {""value"": ""39.0"", ""label"": ""Liquid Other""}, {""value"": ""40.0"", ""label"": ""Fire""}, {""value"": ""41.0"", ""label"": ""Fire purposefully lit & in control""}, {""value"": ""42.0"", ""label"": ""Fire accidentally lit & out of cont""}, {""value"": ""43.0"", ""label"": ""Fireworks""}, {""value"": ""44.0"", ""label"": ""Heat""}, {""value"": ""45.0"", ""label"": ""Cold""}, {""value"": ""46.0"", ""label"": ""Electricity""}, {""value"": ""47.0"", ""label"": ""Therapeutic agents""}, {""value"": ""48.0"", ""label"": ""Chemical agent""}, {""value"": ""49.0"", ""label"": ""Other agent""}, {""value"": ""50.0"", ""label"": ""Agent not classifiable""}, {""value"": ""51.0"", ""label"": ""Glass which breaks during the accident""}, {""value"": ""61.0"", ""label"": ""Fall n.o.s.""}, {""value"": ""62.0"", ""label"": ""Falling downwards""}, {""value"": ""63.0"", ""label"": ""Falling on level ground""}, {""value"": ""64.0"", ""label"": ""Injury involving motion of part of the""}, {""value"": ""65.0"", ""label"": ""Trapping injury""}, {""value"": ""66.0"", ""label"": ""Attacked/fell on/dropped on/hit with/bi""}, {""value"": ""67.0"", ""label"": ""Spillage""}, {""value"": ""68.0"", ""label"": ""Ingestion""}, {""value"": ""69.0"", ""label"": ""Mechanism other or unclassifiable""}, {""value"": ""70.0"", ""label"": ""Mechanism unspecified""}, {""value"": ""74.0"", ""label"": ""Pedestrian n.o.s.""}, {""value"": ""75.0"", ""label"": ""Pedestrian and cycle""}, {""value"": ""76.0"", ""label"": ""Pedestrian and motorbike""}, {""value"": ""77.0"", ""label"": ""Pedestrian and car""}, {""value"": ""78.0"", ""label"": ""Pedestrian and other""}, {""value"": ""79.0"", ""label"": ""Cyclist n.o.s.""}, {""value"": ""80.0"", ""label"": ""Cyclist in collision""}, {""value"": ""81.0"", ""label"": ""Cyclist and pedestrian""}, {""value"": ""82.0"", ""label"": ""Cyclist and cycle""}, {""value"": ""83.0"", ""label"": ""Cyclist and car""}, {""value"": ""84.0"", ""label"": ""Cyclist and other vehicle""}, {""value"": ""85.0"", ""label"": ""Passenger on cycle""}, {""value"": ""86.0"", ""label"": ""Driver of moped/motor bike""}, {""value"": ""87.0"", ""label"": ""Passenger on motor bike""}, {""value"": ""88.0"", ""label"": ""Driver of car""}, {""value"": ""89.0"", ""label"": ""Passenger on/in car""}, {""value"": ""90.0"", ""label"": ""Driver of other vehicle""}, {""value"": ""91.0"", ""label"": ""Passenger of other vehicle""}, {""value"": ""92.0"", ""label"": ""RTA n.o.s.""}, {""value"": ""93.0"", ""label"": ""Vehicular accident unclassifiable""}, {""value"": ""94.0"", ""label"": ""Vehicular accident other""}, {""value"": ""97.0"", ""label"": ""Road accident unclassifiable""}, {""value"": ""98.0"", ""label"": ""Other accident unclassifiable""}, {""value"": ""99.0"", ""label"": ""Non specified, illegible or no info""}]"
488,b18.41,"3RD ACCIDENT, WHAT HAPPENED 4",numeric,SCALE,NA,"[{""value"": ""1.0"", ""label"": ""Self""}, {""value"": ""2.0"", ""label"": ""Parent""}, {""value"": ""3.0"", ""label"": ""Sib""}, {""value"": ""4.0"", ""label"": ""Other adult""}, {""value"": ""5.0"", ""label"": ""Other child""}, {""value"": ""6.0"", ""label"": ""Other person implied""}, {""value"": ""7.0"", ""label"": ""Person n.o.s.""}, {""value"": ""8.0"", ""label"": ""Intentional/self inflicted not accident""}, {""value"": ""9.0"", ""label"": ""Agent n.o.s. or implied""}, {""value"": ""10.0"", ""label"": ""Inanimate object:n.o.s. or unable to cl""}, {""value"": ""11.0"", ""label"": ""Inanimate object: blunt""}, {""value"": ""12.0"", ""label"": ""Inanimate object: sharp""}, {""value"": ""13.0"", ""label"": ""Firearm""}, {""value"": ""14.0"", ""label"": ""Knife""}, {""value"": ""15.0"", ""label"": ""Dart or arrow""}, {""value"": ""16.0"", ""label"": ""Broken glass""}, {""value"": ""17.0"", ""label"": ""Ice skates""}, {""value"": ""18.0"", ""label"": ""Skate board""}, {""value"": ""19.0"", ""label"": ""Roller skates""}, {""value"": ""20.0"", ""label"": ""Other non motorised vehicle""}, {""value"": ""21.0"", ""label"": ""Household""}, {""value"": ""22.0"", ""label"": ""Toy/game/recreational machine/sports eq""}, {""value"": ""23.0"", ""label"": ""Play park/ground:equipment n.o.s""}, {""value"": ""24.0"", ""label"": ""Play park/ground:roundabout""}, {""value"": ""25.0"", ""label"": ""Play park/ground:swings""}, {""value"": ""26.0"", ""label"": ""Play park/ground:see saw""}, {""value"": ""27.0"", ""label"": ""Play park/ground:slides""}, {""value"": ""28.0"", ""label"": ""Play park/ground:climbing frame/monkey""}, {""value"": ""29.0"", ""label"": ""Play park/ground:rocking horse/hobby ho""}, {""value"": ""30.0"", ""label"": ""Play park/ground:others""}, {""value"": ""31.0"", ""label"": ""Animal n.o.s.""}, {""value"": ""32.0"", ""label"": ""Domestic pet""}, {""value"": ""33.0"", ""label"": ""Other domestic animal""}, {""value"": ""34.0"", ""label"": ""Wild animal""}, {""value"": ""35.0"", ""label"": ""Other animal""}, {""value"": ""36.0"", ""label"": ""Insect""}, {""value"": ""37.0"", ""label"": ""Liquid n.o.s.""}, {""value"": ""38.0"", ""label"": ""Liquid Water""}, {""value"": ""39.0"", ""label"": ""Liquid Other""}, {""value"": ""40.0"", ""label"": ""Fire""}, {""value"": ""41.0"", ""label"": ""Fire purposefully lit & in control""}, {""value"": ""42.0"", ""label"": ""Fire accidentally lit & out of cont""}, {""value"": ""43.0"", ""label"": ""Fireworks""}, {""value"": ""44.0"", ""label"": ""Heat""}, {""value"": ""45.0"", ""label"": ""Cold""}, {""value"": ""46.0"", ""label"": ""Electricity""}, {""value"": ""47.0"", ""label"": ""Therapeutic agents""}, {""value"": ""48.0"", ""label"": ""Chemical agent""}, {""value"": ""49.0"", ""label"": ""Other agent""}, {""value"": ""50.0"", ""label"": ""Agent not classifiable""}, {""value"": ""51.0"", ""label"": ""Glass which breaks during the accident""}, {""value"": ""61.0"", ""label"": ""Fall n.o.s.""}, {""value"": ""62.0"", ""label"": ""Falling downwards""}, {""value"": ""63.0"", ""label"": ""Falling on level ground""}, {""value"": ""64.0"", ""label"": ""Injury involving motion of part of the""}, {""value"": ""65.0"", ""label"": ""Trapping injury""}, {""value"": ""66.0"", ""label"": ""Attacked/fell on/dropped on/hit with/bi""}, {""value"": ""67.0"", ""label"": ""Spillage""}, {""value"": ""68.0"", ""label"": ""Ingestion""}, {""value"": ""69.0"", ""label"": ""Mechanism other or unclassifiable""}, {""value"": ""70.0"", ""label"": ""Mechanism unspecified""}, {""value"": ""74.0"", ""label"": ""Pedestrian n.o.s.""}, {""value"": ""75.0"", ""label"": ""Pedestrian and cycle""}, {""value"": ""76.0"", ""label"": ""Pedestrian and motorbike""}, {""value"": ""77.0"", ""label"": ""Pedestrian and car""}, {""value"": ""78.0"", ""label"": ""Pedestrian and other""}, {""value"": ""79.0"", ""label"": ""Cyclist n.o.s.""}, {""value"": ""80.0"", ""label"": ""Cyclist in collision""}, {""value"": ""81.0"", ""label"": ""Cyclist and pedestrian""}, {""value"": ""82.0"", ""label"": ""Cyclist and cycle""}, {""value"": ""83.0"", ""label"": ""Cyclist and car""}, {""value"": ""84.0"", ""label"": ""Cyclist and other vehicle""}, {""value"": ""85.0"", ""label"": ""Passenger on cycle""}, {""value"": ""86.0"", ""label"": ""Driver of moped/motor bike""}, {""value"": ""87.0"", ""label"": ""Passenger on motor bike""}, {""value"": ""88.0"", ""label"": ""Driver of car""}, {""value"": ""89.0"", ""label"": ""Passenger on/in car""}, {""value"": ""90.0"", ""label"": ""Driver of other vehicle""}, {""value"": ""91.0"", ""label"": ""Passenger of other vehicle""}, {""value"": ""92.0"", ""label"": ""RTA n.o.s.""}, {""value"": ""93.0"", ""label"": ""Vehicular accident unclassifiable""}, {""value"": ""94.0"", ""label"": ""Vehicular accident other""}, {""value"": ""97.0"", ""label"": ""Road accident unclassifiable""}, {""value"": ""98.0"", ""label"": ""Other accident unclassifiable""}, {""value"": ""99.0"", ""label"": ""Non specified, illegible or no info""}]"
489,b18.42,"3RD ACCIDENT, WHAT HAPPENED 5",numeric,NOMINAL,NA,"[{""value"": ""1.0"", ""label"": ""Self""}, {""value"": ""2.0"", ""label"": ""Parent""}, {""value"": ""3.0"", ""label"": ""Sib""}, {""value"": ""4.0"", ""label"": ""Other adult""}, {""value"": ""5.0"", ""label"": ""Other child""}, {""value"": ""6.0"", ""label"": ""Other person implied""}, {""value"": ""7.0"", ""label"": ""Person n.o.s.""}, {""value"": ""8.0"", ""label"": ""Intentional/self inflicted not accident""}, {""value"": ""9.0"", ""label"": ""Agent n.o.s. or implied""}, {""value"": ""10.0"", ""label"": ""Inanimate object:n.o.s. or unable to cl""}, {""value"": ""11.0"", ""label"": ""Inanimate object: blunt""}, {""value"": ""12.0"", ""label"": ""Inanimate object: sharp""}, {""value"": ""13.0"", ""label"": ""Firearm""}, {""value"": ""14.0"", ""label"": ""Knife""}, {""value"": ""15.0"", ""label"": ""Dart or arrow""}, {""value"": ""16.0"", ""label"": ""Broken glass""}, {""value"": ""17.0"", ""label"": ""Ice skates""}, {""value"": ""18.0"", ""label"": ""Skate board""}, {""value"": ""19.0"", ""label"": ""Roller skates""}, {""value"": ""20.0"", ""label"": ""Other non motorised vehicle""}, {""value"": ""21.0"", ""label"": ""Household""}, {""value"": ""22.0"", ""label"": ""Toy/game/recreational machine/sports eq""}, {""value"": ""23.0"", ""label"": ""Play park/ground:equipment n.o.s""}, {""value"": ""24.0"", ""label"": ""Play park/ground:roundabout""}, {""value"": ""25.0"", ""label"": ""Play park/ground:swings""}, {""value"": ""26.0"", ""label"": ""Play park/ground:see saw""}, {""value"": ""27.0"", ""label"": ""Play park/ground:slides""}, {""value"": ""28.0"", ""label"": ""Play park/ground:climbing frame/monkey""}, {""value"": ""29.0"", ""label"": ""Play park/ground:rocking horse/hobby ho""}, {""value"": ""30.0"", ""label"": ""Play park/ground:others""}, {""value"": ""31.0"", ""label"": ""Animal n.o.s.""}, {""value"": ""32.0"", ""label"": ""Domestic pet""}, {""value"": ""33.0"", ""label"": ""Other domestic animal""}, {""value"": ""34.0"", ""label"": ""Wild animal""}, {""value"": ""35.0"", ""label"": ""Other animal""}, {""value"": ""36.0"", ""label"": ""Insect""}, {""value"": ""37.0"", ""label"": ""Liquid n.o.s.""}, {""value"": ""38.0"", ""label"": ""Liquid Water""}, {""value"": ""39.0"", ""label"": ""Liquid Other""}, {""value"": ""40.0"", ""label"": ""Fire""}, {""value"": ""41.0"", ""label"": ""Fire purposefully lit & in control""}, {""value"": ""42.0"", ""label"": ""Fire accidentally lit & out of cont""}, {""value"": ""43.0"", ""label"": ""Fireworks""}, {""value"": ""44.0"", ""label"": ""Heat""}, {""value"": ""45.0"", ""label"": ""Cold""}, {""value"": ""46.0"", ""label"": ""Electricity""}, {""value"": ""47.0"", ""label"": ""Therapeutic agents""}, {""value"": ""48.0"", ""label"": ""Chemical agent""}, {""value"": ""49.0"", ""label"": ""Other agent""}, {""value"": ""50.0"", ""label"": ""Agent not classifiable""}, {""value"": ""51.0"", ""label"": ""Glass which breaks during the accident""}, {""value"": ""61.0"", ""label"": ""Fall n.o.s.""}, {""value"": ""62.0"", ""label"": ""Falling downwards""}, {""value"": ""63.0"", ""label"": ""Falling on level ground""}, {""value"": ""64.0"", ""label"": ""Injury involving motion of part of the""}, {""value"": ""65.0"", ""label"": ""Trapping injury""}, {""value"": ""66.0"", ""label"": ""Attacked/fell on/dropped on/hit with/bi""}, {""value"": ""67.0"", ""label"": ""Spillage""}, {""value"": ""68.0"", ""label"": ""Ingestion""}, {""value"": ""69.0"", ""label"": ""Mechanism other or unclassifiable""}, {""value"": ""70.0"", ""label"": ""Mechanism unspecified""}, {""value"": ""74.0"", ""label"": ""Pedestrian n.o.s.""}, {""value"": ""75.0"", ""label"": ""Pedestrian and cycle""}, {""value"": ""76.0"", ""label"": ""Pedestrian and motorbike""}, {""value"": ""77.0"", ""label"": ""Pedestrian and car""}, {""value"": ""78.0"", ""label"": ""Pedestrian and other""}, {""value"": ""79.0"", ""label"": ""Cyclist n.o.s.""}, {""value"": ""80.0"", ""label"": ""Cyclist in collision""}, {""value"": ""81.0"", ""label"": ""Cyclist and pedestrian""}, {""value"": ""82.0"", ""label"": ""Cyclist and cycle""}, {""value"": ""83.0"", ""label"": ""Cyclist and car""}, {""value"": ""84.0"", ""label"": ""Cyclist and other vehicle""}, {""value"": ""85.0"", ""label"": ""Passenger on cycle""}, {""value"": ""86.0"", ""label"": ""Driver of moped/motor bike""}, {""value"": ""87.0"", ""label"": ""Passenger on motor bike""}, {""value"": ""88.0"", ""label"": ""Driver of car""}, {""value"": ""89.0"", ""label"": ""Passenger on/in car""}, {""value"": ""90.0"", ""label"": ""Driver of other vehicle""}, {""value"": ""91.0"", ""label"": ""Passenger of other vehicle""}, {""value"": ""92.0"", ""label"": ""RTA n.o.s.""}, {""value"": ""93.0"", ""label"": ""Vehicular accident unclassifiable""}, {""value"": ""94.0"", ""label"": ""Vehicular accident other""}, {""value"": ""97.0"", ""label"": ""Road accident unclassifiable""}, {""value"": ""98.0"", ""label"": ""Other accident unclassifiable""}, {""value"": ""99.0"", ""label"": ""Non specified, illegible or no info""}]"
490,b18.43,"3RD ACCIDENT, WHAT HAPPENED 6",numeric,NOMINAL,NA,"[{""value"": ""1.0"", ""label"": ""Self""}, {""value"": ""2.0"", ""label"": ""Parent""}, {""value"": ""3.0"", ""label"": ""Sib""}, {""value"": ""4.0"", ""label"": ""Other adult""}, {""value"": ""5.0"", ""label"": ""Other child""}, {""value"": ""6.0"", ""label"": ""Other person implied""}, {""value"": ""7.0"", ""label"": ""Person n.o.s.""}, {""value"": ""8.0"", ""label"": ""Intentional/self inflicted not accident""}, {""value"": ""9.0"", ""label"": ""Agent n.o.s. or implied""}, {""value"": ""10.0"", ""label"": ""Inanimate object:n.o.s. or unable to cl""}, {""value"": ""11.0"", ""label"": ""Inanimate object: blunt""}, {""value"": ""12.0"", ""label"": ""Inanimate object: sharp""}, {""value"": ""13.0"", ""label"": ""Firearm""}, {""value"": ""14.0"", ""label"": ""Knife""}, {""value"": ""15.0"", ""label"": ""Dart or arrow""}, {""value"": ""16.0"", ""label"": ""Broken glass""}, {""value"": ""17.0"", ""label"": ""Ice skates""}, {""value"": ""18.0"", ""label"": ""Skate board""}, {""value"": ""19.0"", ""label"": ""Roller skates""}, {""value"": ""20.0"", ""label"": ""Other non motorised vehicle""}, {""value"": ""21.0"", ""label"": ""Household""}, {""value"": ""22.0"", ""label"": ""Toy/game/recreational machine/sports eq""}, {""value"": ""23.0"", ""label"": ""Play park/ground:equipment n.o.s""}, {""value"": ""24.0"", ""label"": ""Play park/ground:roundabout""}, {""value"": ""25.0"", ""label"": ""Play park/ground:swings""}, {""value"": ""26.0"", ""label"": ""Play park/ground:see saw""}, {""value"": ""27.0"", ""label"": ""Play park/ground:slides""}, {""value"": ""28.0"", ""label"": ""Play park/ground:climbing frame/monkey""}, {""value"": ""29.0"", ""label"": ""Play park/ground:rocking horse/hobby ho""}, {""value"": ""30.0"", ""label"": ""Play park/ground:others""}, {""value"": ""31.0"", ""label"": ""Animal n.o.s.""}, {""value"": ""32.0"", ""label"": ""Domestic pet""}, {""value"": ""33.0"", ""label"": ""Other domestic animal""}, {""value"": ""34.0"", ""label"": ""Wild animal""}, {""value"": ""35.0"", ""label"": ""Other animal""}, {""value"": ""36.0"", ""label"": ""Insect""}, {""value"": ""37.0"", ""label"": ""Liquid n.o.s.""}, {""value"": ""38.0"", ""label"": ""Liquid Water""}, {""value"": ""39.0"", ""label"": ""Liquid Other""}, {""value"": ""40.0"", ""label"": ""Fire""}, {""value"": ""41.0"", ""label"": ""Fire purposefully lit & in control""}, {""value"": ""42.0"", ""label"": ""Fire accidentally lit & out of cont""}, {""value"": ""43.0"", ""label"": ""Fireworks""}, {""value"": ""44.0"", ""label"": ""Heat""}, {""value"": ""45.0"", ""label"": ""Cold""}, {""value"": ""46.0"", ""label"": ""Electricity""}, {""value"": ""47.0"", ""label"": ""Therapeutic agents""}, {""value"": ""48.0"", ""label"": ""Chemical agent""}, {""value"": ""49.0"", ""label"": ""Other agent""}, {""value"": ""50.0"", ""label"": ""Agent not classifiable""}, {""value"": ""51.0"", ""label"": ""Glass which breaks during the accident""}, {""value"": ""61.0"", ""label"": ""Fall n.o.s.""}, {""value"": ""62.0"", ""label"": ""Falling downwards""}, {""value"": ""63.0"", ""label"": ""Falling on level ground""}, {""value"": ""64.0"", ""label"": ""Injury involving motion of part of the""}, {""value"": ""65.0"", ""label"": ""Trapping injury""}, {""value"": ""66.0"", ""label"": ""Attacked/fell on/dropped on/hit with/bi""}, {""value"": ""67.0"", ""label"": ""Spillage""}, {""value"": ""68.0"", ""label"": ""Ingestion""}, {""value"": ""69.0"", ""label"": ""Mechanism other or unclassifiable""}, {""value"": ""70.0"", ""label"": ""Mechanism unspecified""}, {""value"": ""74.0"", ""label"": ""Pedestrian n.o.s.""}, {""value"": ""75.0"", ""label"": ""Pedestrian and cycle""}, {""value"": ""76.0"", ""label"": ""Pedestrian and motorbike""}, {""value"": ""77.0"", ""label"": ""Pedestrian and car""}, {""value"": ""78.0"", ""label"": ""Pedestrian and other""}, {""value"": ""79.0"", ""label"": ""Cyclist n.o.s.""}, {""value"": ""80.0"", ""label"": ""Cyclist in collision""}, {""value"": ""81.0"", ""label"": ""Cyclist and pedestrian""}, {""value"": ""82.0"", ""label"": ""Cyclist and cycle""}, {""value"": ""83.0"", ""label"": ""Cyclist and car""}, {""value"": ""84.0"", ""label"": ""Cyclist and other vehicle""}, {""value"": ""85.0"", ""label"": ""Passenger on cycle""}, {""value"": ""86.0"", ""label"": ""Driver of moped/motor bike""}, {""value"": ""87.0"", ""label"": ""Passenger on motor bike""}, {""value"": ""88.0"", ""label"": ""Driver of car""}, {""value"": ""89.0"", ""label"": ""Passenger on/in car""}, {""value"": ""90.0"", ""label"": ""Driver of other vehicle""}, {""value"": ""91.0"", ""label"": ""Passenger of other vehicle""}, {""value"": ""92.0"", ""label"": ""RTA n.o.s.""}, {""value"": ""93.0"", ""label"": ""Vehicular accident unclassifiable""}, {""value"": ""94.0"", ""label"": ""Vehicular accident other""}, {""value"": ""97.0"", ""label"": ""Road accident unclassifiable""}, {""value"": ""98.0"", ""label"": ""Other accident unclassifiable""}, {""value"": ""99.0"", ""label"": ""Non specified, illegible or no info""}]"
491,b18.44,"3RD ACCIDENT INJURY, DESCRIPTN 1 ICD CODE",NA,NA,NA,[]
492,b18.45,"3RD ACCIDENT INJURY, DESCRIPTN 2 ICD CODE",NA,NA,NA,[]
493,b18.46,"3RD ACCIDENT INJURY, DESCRIPTN 3 ICD CODE",NA,NA,NA,[]
494,b18.47,"3RD ACCIDENT, WHERE TREATED",numeric,NOMINAL,NA,"[{""value"": ""0.0"", ""label"": ""None""}, {""value"": ""1.0"", ""label"": ""At home""}, {""value"": ""2.0"", ""label"": ""LA clinic""}, {""value"": ""3.0"", ""label"": ""GP""}, {""value"": ""4.0"", ""label"": ""Outpatients""}, {""value"": ""5.0"", ""label"": ""Inpatient 1 night""}, {""value"": ""6.0"", ""label"": ""Inpatient 2 nights""}, {""value"": ""7.0"", ""label"": ""Inpatient n.o.s.""}, {""value"": ""8.0"", ""label"": ""Other""}, {""value"": ""9.0"", ""label"": ""Not specified""}]"
495,b18.48,"3RD ACCIDENT, TREATMENT CODE 1",NA,NA,NA,[]
496,b18.49,"3RD ACCIDENT, TREATMENT CODE 2",NA,NA,NA,[]
497,b18.50,"4TH ACCIDENT, AGE",numeric,NOMINAL,-5.0 thru -3.0 and -2.0,"[{""value"": ""-5.0"", ""label"": ""Other answer""}, {""value"": ""-2.0"", ""label"": ""Not known""}]"
498,b18.51,"4TH ACCIDENT, WHERE IT OCCURED",numeric,SCALE,-8.0 thru -2.0 and -1.0,"[{""value"": ""-2.0"", ""label"": ""Not known""}, {""value"": ""10.0"", ""label"": ""Own home n.o.s.""}, {""value"": ""11.0"", ""label"": ""Own kitchen""}, {""value"": ""12.0"", ""label"": ""Own bathroom""}, {""value"": ""13.0"", ""label"": ""Own garage""}, {""value"": ""14.0"", ""label"": ""Own stairs""}, {""value"": ""15.0"", ""label"": ""Own other""}, {""value"": ""16.0"", ""label"": ""Own garden""}, {""value"": ""20.0"", ""label"": ""Other's home""}, {""value"": ""21.0"", ""label"": ""Other's kitchen""}, {""value"": ""22.0"", ""label"": ""Other's bathroom""}, {""value"": ""23.0"", ""label"": ""Other's garage""}, {""value"": ""24.0"", ""label"": ""Other's stairs""}, {""value"": ""25.0"", ""label"": ""Other's other""}, {""value"": ""26.0"", ""label"": ""Other's garden""}, {""value"": ""30.0"", ""label"": ""Road n.o.s.""}, {""value"": ""31.0"", ""label"": ""Highway""}, {""value"": ""32.0"", ""label"": ""Residential street/private roadway""}, {""value"": ""35.0"", ""label"": ""School n.o.s.""}, {""value"": ""36.0"", ""label"": ""School indoors""}, {""value"": ""37.0"", ""label"": ""School out of doors""}, {""value"": ""41.0"", ""label"": ""Playground,play park,play field,adventu""}, {""value"": ""42.0"", ""label"": ""Other enclosed space""}, {""value"": ""43.0"", ""label"": ""Other open air place""}, {""value"": ""44.0"", ""label"": ""Swimming pool""}, {""value"": ""45.0"", ""label"": ""Not specified""}, {""value"": ""46.0"", ""label"": ""Unable to classify""}]"
499,b18.52,"4TH ACCIDENT, WHAT HAPPENED 1",numeric,SCALE,NA,"[{""value"": ""1.0"", ""label"": ""Self""}, {""value"": ""2.0"", ""label"": ""Parent""}, {""value"": ""3.0"", ""label"": ""Sib""}, {""value"": ""4.0"", ""label"": ""Other adult""}, {""value"": ""5.0"", ""label"": ""Other child""}, {""value"": ""6.0"", ""label"": ""Other person implied""}, {""value"": ""7.0"", ""label"": ""Person n.o.s.""}, {""value"": ""8.0"", ""label"": ""Intentional/self inflicted not accident""}, {""value"": ""9.0"", ""label"": ""Agent n.o.s. or implied""}, {""value"": ""10.0"", ""label"": ""Inanimate object:n.o.s. or unable to cl""}, {""value"": ""11.0"", ""label"": ""Inanimate object: blunt""}, {""value"": ""12.0"", ""label"": ""Inanimate object: sharp""}, {""value"": ""13.0"", ""label"": ""Firearm""}, {""value"": ""14.0"", ""label"": ""Knife""}, {""value"": ""15.0"", ""label"": ""Dart or arrow""}, {""value"": ""16.0"", ""label"": ""Broken glass""}, {""value"": ""17.0"", ""label"": ""Ice skates""}, {""value"": ""18.0"", ""label"": ""Skate board""}, {""value"": ""19.0"", ""label"": ""Roller skates""}, {""value"": ""20.0"", ""label"": ""Other non motorised vehicle""}, {""value"": ""21.0"", ""label"": ""Household""}, {""value"": ""22.0"", ""label"": ""Toy/game/recreational machine/sports eq""}, {""value"": ""23.0"", ""label"": ""Play park/ground:equipment n.o.s""}, {""value"": ""24.0"", ""label"": ""Play park/ground:roundabout""}, {""value"": ""25.0"", ""label"": ""Play park/ground:swings""}, {""value"": ""26.0"", ""label"": ""Play park/ground:see saw""}, {""value"": ""27.0"", ""label"": ""Play park/ground:slides""}, {""value"": ""28.0"", ""label"": ""Play park/ground:climbing frame/monkey""}, {""value"": ""29.0"", ""label"": ""Play park/ground:rocking horse/hobby ho""}, {""value"": ""30.0"", ""label"": ""Play park/ground:others""}, {""value"": ""31.0"", ""label"": ""Animal n.o.s.""}, {""value"": ""32.0"", ""label"": ""Domestic pet""}, {""value"": ""33.0"", ""label"": ""Other domestic animal""}, {""value"": ""34.0"", ""label"": ""Wild animal""}, {""value"": ""35.0"", ""label"": ""Other animal""}, {""value"": ""36.0"", ""label"": ""Insect""}, {""value"": ""37.0"", ""label"": ""Liquid n.o.s.""}, {""value"": ""38.0"", ""label"": ""Liquid Water""}, {""value"": ""39.0"", ""label"": ""Liquid Other""}, {""value"": ""40.0"", ""label"": ""Fire""}, {""value"": ""41.0"", ""label"": ""Fire purposefully lit & in control""}, {""value"": ""42.0"", ""label"": ""Fire accidentally lit & out of cont""}, {""value"": ""43.0"", ""label"": ""Fireworks""}, {""value"": ""44.0"", ""label"": ""Heat""}, {""value"": ""45.0"", ""label"": ""Cold""}, {""value"": ""46.0"", ""label"": ""Electricity""}, {""value"": ""47.0"", ""label"": ""Therapeutic agents""}, {""value"": ""48.0"", ""label"": ""Chemical agent""}, {""value"": ""49.0"", ""label"": ""Other agent""}, {""value"": ""50.0"", ""label"": ""Agent not classifiable""}, {""value"": ""51.0"", ""label"": ""Glass which breaks during the accident""}, {""value"": ""61.0"", ""label"": ""Fall n.o.s.""}, {""value"": ""62.0"", ""label"": ""Falling downwards""}, {""value"": ""63.0"", ""label"": ""Falling on level ground""}, {""value"": ""64.0"", ""label"": ""Injury involving motion of part of the""}, {""value"": ""65.0"", ""label"": ""Trapping injury""}, {""value"": ""66.0"", ""label"": ""Attacked/fell on/dropped on/hit with/bi""}, {""value"": ""67.0"", ""label"": ""Spillage""}, {""value"": ""68.0"", ""label"": ""Ingestion""}, {""value"": ""69.0"", ""label"": ""Mechanism other or unclassifiable""}, {""value"": ""70.0"", ""label"": ""Mechanism unspecified""}, {""value"": ""74.0"", ""label"": ""Pedestrian n.o.s.""}, {""value"": ""75.0"", ""label"": ""Pedestrian and cycle""}, {""value"": ""76.0"", ""label"": ""Pedestrian and motorbike""}, {""value"": ""77.0"", ""label"": ""Pedestrian and car""}, {""value"": ""78.0"", ""label"": ""Pedestrian and other""}, {""value"": ""79.0"", ""label"": ""Cyclist n.o.s.""}, {""value"": ""80.0"", ""label"": ""Cyclist in collision""}, {""value"": ""81.0"", ""label"": ""Cyclist and pedestrian""}, {""value"": ""82.0"", ""label"": ""Cyclist and cycle""}, {""value"": ""83.0"", ""label"": ""Cyclist and car""}, {""value"": ""84.0"", ""label"": ""Cyclist and other vehicle""}, {""value"": ""85.0"", ""label"": ""Passenger on cycle""}, {""value"": ""86.0"", ""label"": ""Driver of moped/motor bike""}, {""value"": ""87.0"", ""label"": ""Passenger on motor bike""}, {""value"": ""88.0"", ""label"": ""Driver of car""}, {""value"": ""89.0"", ""label"": ""Passenger on/in car""}, {""value"": ""90.0"", ""label"": ""Driver of other vehicle""}, {""value"": ""91.0"", ""label"": ""Passenger of other vehicle""}, {""value"": ""92.0"", ""label"": ""RTA n.o.s.""}, {""value"": ""93.0"", ""label"": ""Vehicular accident unclassifiable""}, {""value"": ""94.0"", ""label"": ""Vehicular accident other""}, {""value"": ""97.0"", ""label"": ""Road accident unclassifiable""}, {""value"": ""98.0"", ""label"": ""Other accident unclassifiable""}, {""value"": ""99.0"", ""label"": ""Non specified, illegible or no info""}]"
500,b18.53,"4TH ACCIDENT, WHAT HAPPENED 2",numeric,SCALE,NA,"[{""value"": ""1.0"", ""label"": ""Self""}, {""value"": ""2.0"", ""label"": ""Parent""}, {""value"": ""3.0"", ""label"": ""Sib""}, {""value"": ""4.0"", ""label"": ""Other adult""}, {""value"": ""5.0"", ""label"": ""Other child""}, {""value"": ""6.0"", ""label"": ""Other person implied""}, {""value"": ""7.0"", ""label"": ""Person n.o.s.""}, {""value"": ""8.0"", ""label"": ""Intentional/self inflicted not accident""}, {""value"": ""9.0"", ""label"": ""Agent n.o.s. or implied""}, {""value"": ""10.0"", ""label"": ""Inanimate object:n.o.s. or unable to cl""}, {""value"": ""11.0"", ""label"": ""Inanimate object: blunt""}, {""value"": ""12.0"", ""label"": ""Inanimate object: sharp""}, {""value"": ""13.0"", ""label"": ""Firearm""}, {""value"": ""14.0"", ""label"": ""Knife""}, {""value"": ""15.0"", ""label"": ""Dart or arrow""}, {""value"": ""16.0"", ""label"": ""Broken glass""}, {""value"": ""17.0"", ""label"": ""Ice skates""}, {""value"": ""18.0"", ""label"": ""Skate board""}, {""value"": ""19.0"", ""label"": ""Roller skates""}, {""value"": ""20.0"", ""label"": ""Other non motorised vehicle""}, {""value"": ""21.0"", ""label"": ""Household""}, {""value"": ""22.0"", ""label"": ""Toy/game/recreational machine/sports eq""}, {""value"": ""23.0"", ""label"": ""Play park/ground:equipment n.o.s""}, {""value"": ""24.0"", ""label"": ""Play park/ground:roundabout""}, {""value"": ""25.0"", ""label"": ""Play park/ground:swings""}, {""value"": ""26.0"", ""label"": ""Play park/ground:see saw""}, {""value"": ""27.0"", ""label"": ""Play park/ground:slides""}, {""value"": ""28.0"", ""label"": ""Play park/ground:climbing frame/monkey""}, {""value"": ""29.0"", ""label"": ""Play park/ground:rocking horse/hobby ho""}, {""value"": ""30.0"", ""label"": ""Play park/ground:others""}, {""value"": ""31.0"", ""label"": ""Animal n.o.s.""}, {""value"": ""32.0"", ""label"": ""Domestic pet""}, {""value"": ""33.0"", ""label"": ""Other domestic animal""}, {""value"": ""34.0"", ""label"": ""Wild animal""}, {""value"": ""35.0"", ""label"": ""Other animal""}, {""value"": ""36.0"", ""label"": ""Insect""}, {""value"": ""37.0"", ""label"": ""Liquid n.o.s.""}, {""value"": ""38.0"", ""label"": ""Liquid Water""}, {""value"": ""39.0"", ""label"": ""Liquid Other""}, {""value"": ""40.0"", ""label"": ""Fire""}, {""value"": ""41.0"", ""label"": ""Fire purposefully lit & in control""}, {""value"": ""42.0"", ""label"": ""Fire accidentally lit & out of cont""}, {""value"": ""43.0"", ""label"": ""Fireworks""}, {""value"": ""44.0"", ""label"": ""Heat""}, {""value"": ""45.0"", ""label"": ""Cold""}, {""value"": ""46.0"", ""label"": ""Electricity""}, {""value"": ""47.0"", ""label"": ""Therapeutic agents""}, {""value"": ""48.0"", ""label"": ""Chemical agent""}, {""value"": ""49.0"", ""label"": ""Other agent""}, {""value"": ""50.0"", ""label"": ""Agent not classifiable""}, {""value"": ""51.0"", ""label"": ""Glass which breaks during the accident""}, {""value"": ""61.0"", ""label"": ""Fall n.o.s.""}, {""value"": ""62.0"", ""label"": ""Falling downwards""}, {""value"": ""63.0"", ""label"": ""Falling on level ground""}, {""value"": ""64.0"", ""label"": ""Injury involving motion of part of the""}, {""value"": ""65.0"", ""label"": ""Trapping injury""}, {""value"": ""66.0"", ""label"": ""Attacked/fell on/dropped on/hit with/bi""}, {""value"": ""67.0"", ""label"": ""Spillage""}, {""value"": ""68.0"", ""label"": ""Ingestion""}, {""value"": ""69.0"", ""label"": ""Mechanism other or unclassifiable""}, {""value"": ""70.0"", ""label"": ""Mechanism unspecified""}, {""value"": ""74.0"", ""label"": ""Pedestrian n.o.s.""}, {""value"": ""75.0"", ""label"": ""Pedestrian and cycle""}, {""value"": ""76.0"", ""label"": ""Pedestrian and motorbike""}, {""value"": ""77.0"", ""label"": ""Pedestrian and car""}, {""value"": ""78.0"", ""label"": ""Pedestrian and other""}, {""value"": ""79.0"", ""label"": ""Cyclist n.o.s.""}, {""value"": ""80.0"", ""label"": ""Cyclist in collision""}, {""value"": ""81.0"", ""label"": ""Cyclist and pedestrian""}, {""value"": ""82.0"", ""label"": ""Cyclist and cycle""}, {""value"": ""83.0"", ""label"": ""Cyclist and car""}, {""value"": ""84.0"", ""label"": ""Cyclist and other vehicle""}, {""value"": ""85.0"", ""label"": ""Passenger on cycle""}, {""value"": ""86.0"", ""label"": ""Driver of moped/motor bike""}, {""value"": ""87.0"", ""label"": ""Passenger on motor bike""}, {""value"": ""88.0"", ""label"": ""Driver of car""}, {""value"": ""89.0"", ""label"": ""Passenger on/in car""}, {""value"": ""90.0"", ""label"": ""Driver of other vehicle""}, {""value"": ""91.0"", ""label"": ""Passenger of other vehicle""}, {""value"": ""92.0"", ""label"": ""RTA n.o.s.""}, {""value"": ""93.0"", ""label"": ""Vehicular accident unclassifiable""}, {""value"": ""94.0"", ""label"": ""Vehicular accident other""}, {""value"": ""97.0"", ""label"": ""Road accident unclassifiable""}, {""value"": ""98.0"", ""label"": ""Other accident unclassifiable""}, {""value"": ""99.0"", ""label"": ""Non specified, illegible or no info""}]"
501,b18.54,"4TH ACCIDENT, WHAT HAPPENED 3",numeric,SCALE,NA,"[{""value"": ""1.0"", ""label"": ""Self""}, {""value"": ""2.0"", ""label"": ""Parent""}, {""value"": ""3.0"", ""label"": ""Sib""}, {""value"": ""4.0"", ""label"": ""Other adult""}, {""value"": ""5.0"", ""label"": ""Other child""}, {""value"": ""6.0"", ""label"": ""Other person implied""}, {""value"": ""7.0"", ""label"": ""Person n.o.s.""}, {""value"": ""8.0"", ""label"": ""Intentional/self inflicted not accident""}, {""value"": ""9.0"", ""label"": ""Agent n.o.s. or implied""}, {""value"": ""10.0"", ""label"": ""Inanimate object:n.o.s. or unable to cl""}, {""value"": ""11.0"", ""label"": ""Inanimate object: blunt""}, {""value"": ""12.0"", ""label"": ""Inanimate object: sharp""}, {""value"": ""13.0"", ""label"": ""Firearm""}, {""value"": ""14.0"", ""label"": ""Knife""}, {""value"": ""15.0"", ""label"": ""Dart or arrow""}, {""value"": ""16.0"", ""label"": ""Broken glass""}, {""value"": ""17.0"", ""label"": ""Ice skates""}, {""value"": ""18.0"", ""label"": ""Skate board""}, {""value"": ""19.0"", ""label"": ""Roller skates""}, {""value"": ""20.0"", ""label"": ""Other non motorised vehicle""}, {""value"": ""21.0"", ""label"": ""Household""}, {""value"": ""22.0"", ""label"": ""Toy/game/recreational machine/sports eq""}, {""value"": ""23.0"", ""label"": ""Play park/ground:equipment n.o.s""}, {""value"": ""24.0"", ""label"": ""Play park/ground:roundabout""}, {""value"": ""25.0"", ""label"": ""Play park/ground:swings""}, {""value"": ""26.0"", ""label"": ""Play park/ground:see saw""}, {""value"": ""27.0"", ""label"": ""Play park/ground:slides""}, {""value"": ""28.0"", ""label"": ""Play park/ground:climbing frame/monkey""}, {""value"": ""29.0"", ""label"": ""Play park/ground:rocking horse/hobby ho""}, {""value"": ""30.0"", ""label"": ""Play park/ground:others""}, {""value"": ""31.0"", ""label"": ""Animal n.o.s.""}, {""value"": ""32.0"", ""label"": ""Domestic pet""}, {""value"": ""33.0"", ""label"": ""Other domestic animal""}, {""value"": ""34.0"", ""label"": ""Wild animal""}, {""value"": ""35.0"", ""label"": ""Other animal""}, {""value"": ""36.0"", ""label"": ""Insect""}, {""value"": ""37.0"", ""label"": ""Liquid n.o.s.""}, {""value"": ""38.0"", ""label"": ""Liquid Water""}, {""value"": ""39.0"", ""label"": ""Liquid Other""}, {""value"": ""40.0"", ""label"": ""Fire""}, {""value"": ""41.0"", ""label"": ""Fire purposefully lit & in control""}, {""value"": ""42.0"", ""label"": ""Fire accidentally lit & out of cont""}, {""value"": ""43.0"", ""label"": ""Fireworks""}, {""value"": ""44.0"", ""label"": ""Heat""}, {""value"": ""45.0"", ""label"": ""Cold""}, {""value"": ""46.0"", ""label"": ""Electricity""}, {""value"": ""47.0"", ""label"": ""Therapeutic agents""}, {""value"": ""48.0"", ""label"": ""Chemical agent""}, {""value"": ""49.0"", ""label"": ""Other agent""}, {""value"": ""50.0"", ""label"": ""Agent not classifiable""}, {""value"": ""51.0"", ""label"": ""Glass which breaks during the accident""}, {""value"": ""61.0"", ""label"": ""Fall n.o.s.""}, {""value"": ""62.0"", ""label"": ""Falling downwards""}, {""value"": ""63.0"", ""label"": ""Falling on level ground""}, {""value"": ""64.0"", ""label"": ""Injury involving motion of part of the""}, {""value"": ""65.0"", ""label"": ""Trapping injury""}, {""value"": ""66.0"", ""label"": ""Attacked/fell on/dropped on/hit with/bi""}, {""value"": ""67.0"", ""label"": ""Spillage""}, {""value"": ""68.0"", ""label"": ""Ingestion""}, {""value"": ""69.0"", ""label"": ""Mechanism other or unclassifiable""}, {""value"": ""70.0"", ""label"": ""Mechanism unspecified""}, {""value"": ""74.0"", ""label"": ""Pedestrian n.o.s.""}, {""value"": ""75.0"", ""label"": ""Pedestrian and cycle""}, {""value"": ""76.0"", ""label"": ""Pedestrian and motorbike""}, {""value"": ""77.0"", ""label"": ""Pedestrian and car""}, {""value"": ""78.0"", ""label"": ""Pedestrian and other""}, {""value"": ""79.0"", ""label"": ""Cyclist n.o.s.""}, {""value"": ""80.0"", ""label"": ""Cyclist in collision""}, {""value"": ""81.0"", ""label"": ""Cyclist and pedestrian""}, {""value"": ""82.0"", ""label"": ""Cyclist and cycle""}, {""value"": ""83.0"", ""label"": ""Cyclist and car""}, {""value"": ""84.0"", ""label"": ""Cyclist and other vehicle""}, {""value"": ""85.0"", ""label"": ""Passenger on cycle""}, {""value"": ""86.0"", ""label"": ""Driver of moped/motor bike""}, {""value"": ""87.0"", ""label"": ""Passenger on motor bike""}, {""value"": ""88.0"", ""label"": ""Driver of car""}, {""value"": ""89.0"", ""label"": ""Passenger on/in car""}, {""value"": ""90.0"", ""label"": ""Driver of other vehicle""}, {""value"": ""91.0"", ""label"": ""Passenger of other vehicle""}, {""value"": ""92.0"", ""label"": ""RTA n.o.s.""}, {""value"": ""93.0"", ""label"": ""Vehicular accident unclassifiable""}, {""value"": ""94.0"", ""label"": ""Vehicular accident other""}, {""value"": ""97.0"", ""label"": ""Road accident unclassifiable""}, {""value"": ""98.0"", ""label"": ""Other accident unclassifiable""}, {""value"": ""99.0"", ""label"": ""Non specified, illegible or no info""}]"
502,b18.55,"4TH ACCIDENT, WHAT HAPPENED 4",numeric,SCALE,NA,"[{""value"": ""1.0"", ""label"": ""Self""}, {""value"": ""2.0"", ""label"": ""Parent""}, {""value"": ""3.0"", ""label"": ""Sib""}, {""value"": ""4.0"", ""label"": ""Other adult""}, {""value"": ""5.0"", ""label"": ""Other child""}, {""value"": ""6.0"", ""label"": ""Other person implied""}, {""value"": ""7.0"", ""label"": ""Person n.o.s.""}, {""value"": ""8.0"", ""label"": ""Intentional/self inflicted not accident""}, {""value"": ""9.0"", ""label"": ""Agent n.o.s. or implied""}, {""value"": ""10.0"", ""label"": ""Inanimate object:n.o.s. or unable to cl""}, {""value"": ""11.0"", ""label"": ""Inanimate object: blunt""}, {""value"": ""12.0"", ""label"": ""Inanimate object: sharp""}, {""value"": ""13.0"", ""label"": ""Firearm""}, {""value"": ""14.0"", ""label"": ""Knife""}, {""value"": ""15.0"", ""label"": ""Dart or arrow""}, {""value"": ""16.0"", ""label"": ""Broken glass""}, {""value"": ""17.0"", ""label"": ""Ice skates""}, {""value"": ""18.0"", ""label"": ""Skate board""}, {""value"": ""19.0"", ""label"": ""Roller skates""}, {""value"": ""20.0"", ""label"": ""Other non motorised vehicle""}, {""value"": ""21.0"", ""label"": ""Household""}, {""value"": ""22.0"", ""label"": ""Toy/game/recreational machine/sports eq""}, {""value"": ""23.0"", ""label"": ""Play park/ground:equipment n.o.s""}, {""value"": ""24.0"", ""label"": ""Play park/ground:roundabout""}, {""value"": ""25.0"", ""label"": ""Play park/ground:swings""}, {""value"": ""26.0"", ""label"": ""Play park/ground:see saw""}, {""value"": ""27.0"", ""label"": ""Play park/ground:slides""}, {""value"": ""28.0"", ""label"": ""Play park/ground:climbing frame/monkey""}, {""value"": ""29.0"", ""label"": ""Play park/ground:rocking horse/hobby ho""}, {""value"": ""30.0"", ""label"": ""Play park/ground:others""}, {""value"": ""31.0"", ""label"": ""Animal n.o.s.""}, {""value"": ""32.0"", ""label"": ""Domestic pet""}, {""value"": ""33.0"", ""label"": ""Other domestic animal""}, {""value"": ""34.0"", ""label"": ""Wild animal""}, {""value"": ""35.0"", ""label"": ""Other animal""}, {""value"": ""36.0"", ""label"": ""Insect""}, {""value"": ""37.0"", ""label"": ""Liquid n.o.s.""}, {""value"": ""38.0"", ""label"": ""Liquid Water""}, {""value"": ""39.0"", ""label"": ""Liquid Other""}, {""value"": ""40.0"", ""label"": ""Fire""}, {""value"": ""41.0"", ""label"": ""Fire purposefully lit & in control""}, {""value"": ""42.0"", ""label"": ""Fire accidentally lit & out of cont""}, {""value"": ""43.0"", ""label"": ""Fireworks""}, {""value"": ""44.0"", ""label"": ""Heat""}, {""value"": ""45.0"", ""label"": ""Cold""}, {""value"": ""46.0"", ""label"": ""Electricity""}, {""value"": ""47.0"", ""label"": ""Therapeutic agents""}, {""value"": ""48.0"", ""label"": ""Chemical agent""}, {""value"": ""49.0"", ""label"": ""Other agent""}, {""value"": ""50.0"", ""label"": ""Agent not classifiable""}, {""value"": ""51.0"", ""label"": ""Glass which breaks during the accident""}, {""value"": ""61.0"", ""label"": ""Fall n.o.s.""}, {""value"": ""62.0"", ""label"": ""Falling downwards""}, {""value"": ""63.0"", ""label"": ""Falling on level ground""}, {""value"": ""64.0"", ""label"": ""Injury involving motion of part of the""}, {""value"": ""65.0"", ""label"": ""Trapping injury""}, {""value"": ""66.0"", ""label"": ""Attacked/fell on/dropped on/hit with/bi""}, {""value"": ""67.0"", ""label"": ""Spillage""}, {""value"": ""68.0"", ""label"": ""Ingestion""}, {""value"": ""69.0"", ""label"": ""Mechanism other or unclassifiable""}, {""value"": ""70.0"", ""label"": ""Mechanism unspecified""}, {""value"": ""74.0"", ""label"": ""Pedestrian n.o.s.""}, {""value"": ""75.0"", ""label"": ""Pedestrian and cycle""}, {""value"": ""76.0"", ""label"": ""Pedestrian and motorbike""}, {""value"": ""77.0"", ""label"": ""Pedestrian and car""}, {""value"": ""78.0"", ""label"": ""Pedestrian and other""}, {""value"": ""79.0"", ""label"": ""Cyclist n.o.s.""}, {""value"": ""80.0"", ""label"": ""Cyclist in collision""}, {""value"": ""81.0"", ""label"": ""Cyclist and pedestrian""}, {""value"": ""82.0"", ""label"": ""Cyclist and cycle""}, {""value"": ""83.0"", ""label"": ""Cyclist and car""}, {""value"": ""84.0"", ""label"": ""Cyclist and other vehicle""}, {""value"": ""85.0"", ""label"": ""Passenger on cycle""}, {""value"": ""86.0"", ""label"": ""Driver of moped/motor bike""}, {""value"": ""87.0"", ""label"": ""Passenger on motor bike""}, {""value"": ""88.0"", ""label"": ""Driver of car""}, {""value"": ""89.0"", ""label"": ""Passenger on/in car""}, {""value"": ""90.0"", ""label"": ""Driver of other vehicle""}, {""value"": ""91.0"", ""label"": ""Passenger of other vehicle""}, {""value"": ""92.0"", ""label"": ""RTA n.o.s.""}, {""value"": ""93.0"", ""label"": ""Vehicular accident unclassifiable""}, {""value"": ""94.0"", ""label"": ""Vehicular accident other""}, {""value"": ""97.0"", ""label"": ""Road accident unclassifiable""}, {""value"": ""98.0"", ""label"": ""Other accident unclassifiable""}, {""value"": ""99.0"", ""label"": ""Non specified, illegible or no info""}]"
503,b18.56,"4TH ACCIDENT, WHAT HAPPENED 5",numeric,NOMINAL,NA,"[{""value"": ""1.0"", ""label"": ""Self""}, {""value"": ""2.0"", ""label"": ""Parent""}, {""value"": ""3.0"", ""label"": ""Sib""}, {""value"": ""4.0"", ""label"": ""Other adult""}, {""value"": ""5.0"", ""label"": ""Other child""}, {""value"": ""6.0"", ""label"": ""Other person implied""}, {""value"": ""7.0"", ""label"": ""Person n.o.s.""}, {""value"": ""8.0"", ""label"": ""Intentional/self inflicted not accident""}, {""value"": ""9.0"", ""label"": ""Agent n.o.s. or implied""}, {""value"": ""10.0"", ""label"": ""Inanimate object:n.o.s. or unable to cl""}, {""value"": ""11.0"", ""label"": ""Inanimate object: blunt""}, {""value"": ""12.0"", ""label"": ""Inanimate object: sharp""}, {""value"": ""13.0"", ""label"": ""Firearm""}, {""value"": ""14.0"", ""label"": ""Knife""}, {""value"": ""15.0"", ""label"": ""Dart or arrow""}, {""value"": ""16.0"", ""label"": ""Broken glass""}, {""value"": ""17.0"", ""label"": ""Ice skates""}, {""value"": ""18.0"", ""label"": ""Skate board""}, {""value"": ""19.0"", ""label"": ""Roller skates""}, {""value"": ""20.0"", ""label"": ""Other non motorised vehicle""}, {""value"": ""21.0"", ""label"": ""Household""}, {""value"": ""22.0"", ""label"": ""Toy/game/recreational machine/sports eq""}, {""value"": ""23.0"", ""label"": ""Play park/ground:equipment n.o.s""}, {""value"": ""24.0"", ""label"": ""Play park/ground:roundabout""}, {""value"": ""25.0"", ""label"": ""Play park/ground:swings""}, {""value"": ""26.0"", ""label"": ""Play park/ground:see saw""}, {""value"": ""27.0"", ""label"": ""Play park/ground:slides""}, {""value"": ""28.0"", ""label"": ""Play park/ground:climbing frame/monkey""}, {""value"": ""29.0"", ""label"": ""Play park/ground:rocking horse/hobby ho""}, {""value"": ""30.0"", ""label"": ""Play park/ground:others""}, {""value"": ""31.0"", ""label"": ""Animal n.o.s.""}, {""value"": ""32.0"", ""label"": ""Domestic pet""}, {""value"": ""33.0"", ""label"": ""Other domestic animal""}, {""value"": ""34.0"", ""label"": ""Wild animal""}, {""value"": ""35.0"", ""label"": ""Other animal""}, {""value"": ""36.0"", ""label"": ""Insect""}, {""value"": ""37.0"", ""label"": ""Liquid n.o.s.""}, {""value"": ""38.0"", ""label"": ""Liquid Water""}, {""value"": ""39.0"", ""label"": ""Liquid Other""}, {""value"": ""40.0"", ""label"": ""Fire""}, {""value"": ""41.0"", ""label"": ""Fire purposefully lit & in control""}, {""value"": ""42.0"", ""label"": ""Fire accidentally lit & out of cont""}, {""value"": ""43.0"", ""label"": ""Fireworks""}, {""value"": ""44.0"", ""label"": ""Heat""}, {""value"": ""45.0"", ""label"": ""Cold""}, {""value"": ""46.0"", ""label"": ""Electricity""}, {""value"": ""47.0"", ""label"": ""Therapeutic agents""}, {""value"": ""48.0"", ""label"": ""Chemical agent""}, {""value"": ""49.0"", ""label"": ""Other agent""}, {""value"": ""50.0"", ""label"": ""Agent not classifiable""}, {""value"": ""51.0"", ""label"": ""Glass which breaks during the accident""}, {""value"": ""61.0"", ""label"": ""Fall n.o.s.""}, {""value"": ""62.0"", ""label"": ""Falling downwards""}, {""value"": ""63.0"", ""label"": ""Falling on level ground""}, {""value"": ""64.0"", ""label"": ""Injury involving motion of part of the""}, {""value"": ""65.0"", ""label"": ""Trapping injury""}, {""value"": ""66.0"", ""label"": ""Attacked/fell on/dropped on/hit with/bi""}, {""value"": ""67.0"", ""label"": ""Spillage""}, {""value"": ""68.0"", ""label"": ""Ingestion""}, {""value"": ""69.0"", ""label"": ""Mechanism other or unclassifiable""}, {""value"": ""70.0"", ""label"": ""Mechanism unspecified""}, {""value"": ""74.0"", ""label"": ""Pedestrian n.o.s.""}, {""value"": ""75.0"", ""label"": ""Pedestrian and cycle""}, {""value"": ""76.0"", ""label"": ""Pedestrian and motorbike""}, {""value"": ""77.0"", ""label"": ""Pedestrian and car""}, {""value"": ""78.0"", ""label"": ""Pedestrian and other""}, {""value"": ""79.0"", ""label"": ""Cyclist n.o.s.""}, {""value"": ""80.0"", ""label"": ""Cyclist in collision""}, {""value"": ""81.0"", ""label"": ""Cyclist and pedestrian""}, {""value"": ""82.0"", ""label"": ""Cyclist and cycle""}, {""value"": ""83.0"", ""label"": ""Cyclist and car""}, {""value"": ""84.0"", ""label"": ""Cyclist and other vehicle""}, {""value"": ""85.0"", ""label"": ""Passenger on cycle""}, {""value"": ""86.0"", ""label"": ""Driver of moped/motor bike""}, {""value"": ""87.0"", ""label"": ""Passenger on motor bike""}, {""value"": ""88.0"", ""label"": ""Driver of car""}, {""value"": ""89.0"", ""label"": ""Passenger on/in car""}, {""value"": ""90.0"", ""label"": ""Driver of other vehicle""}, {""value"": ""91.0"", ""label"": ""Passenger of other vehicle""}, {""value"": ""92.0"", ""label"": ""RTA n.o.s.""}, {""value"": ""93.0"", ""label"": ""Vehicular accident unclassifiable""}, {""value"": ""94.0"", ""label"": ""Vehicular accident other""}, {""value"": ""97.0"", ""label"": ""Road accident unclassifiable""}, {""value"": ""98.0"", ""label"": ""Other accident unclassifiable""}, {""value"": ""99.0"", ""label"": ""Non specified, illegible or no info""}]"
504,b18.57,"4TH ACCIDENT, WHAT HAPPENED 6",numeric,NOMINAL,NA,"[{""value"": ""1.0"", ""label"": ""Self""}, {""value"": ""2.0"", ""label"": ""Parent""}, {""value"": ""3.0"", ""label"": ""Sib""}, {""value"": ""4.0"", ""label"": ""Other adult""}, {""value"": ""5.0"", ""label"": ""Other child""}, {""value"": ""6.0"", ""label"": ""Other person implied""}, {""value"": ""7.0"", ""label"": ""Person n.o.s.""}, {""value"": ""8.0"", ""label"": ""Intentional/self inflicted not accident""}, {""value"": ""9.0"", ""label"": ""Agent n.o.s. or implied""}, {""value"": ""10.0"", ""label"": ""Inanimate object:n.o.s. or unable to cl""}, {""value"": ""11.0"", ""label"": ""Inanimate object: blunt""}, {""value"": ""12.0"", ""label"": ""Inanimate object: sharp""}, {""value"": ""13.0"", ""label"": ""Firearm""}, {""value"": ""14.0"", ""label"": ""Knife""}, {""value"": ""15.0"", ""label"": ""Dart or arrow""}, {""value"": ""16.0"", ""label"": ""Broken glass""}, {""value"": ""17.0"", ""label"": ""Ice skates""}, {""value"": ""18.0"", ""label"": ""Skate board""}, {""value"": ""19.0"", ""label"": ""Roller skates""}, {""value"": ""20.0"", ""label"": ""Other non motorised vehicle""}, {""value"": ""21.0"", ""label"": ""Household""}, {""value"": ""22.0"", ""label"": ""Toy/game/recreational machine/sports eq""}, {""value"": ""23.0"", ""label"": ""Play park/ground:equipment n.o.s""}, {""value"": ""24.0"", ""label"": ""Play park/ground:roundabout""}, {""value"": ""25.0"", ""label"": ""Play park/ground:swings""}, {""value"": ""26.0"", ""label"": ""Play park/ground:see saw""}, {""value"": ""27.0"", ""label"": ""Play park/ground:slides""}, {""value"": ""28.0"", ""label"": ""Play park/ground:climbing frame/monkey""}, {""value"": ""29.0"", ""label"": ""Play park/ground:rocking horse/hobby ho""}, {""value"": ""30.0"", ""label"": ""Play park/ground:others""}, {""value"": ""31.0"", ""label"": ""Animal n.o.s.""}, {""value"": ""32.0"", ""label"": ""Domestic pet""}, {""value"": ""33.0"", ""label"": ""Other domestic animal""}, {""value"": ""34.0"", ""label"": ""Wild animal""}, {""value"": ""35.0"", ""label"": ""Other animal""}, {""value"": ""36.0"", ""label"": ""Insect""}, {""value"": ""37.0"", ""label"": ""Liquid n.o.s.""}, {""value"": ""38.0"", ""label"": ""Liquid Water""}, {""value"": ""39.0"", ""label"": ""Liquid Other""}, {""value"": ""40.0"", ""label"": ""Fire""}, {""value"": ""41.0"", ""label"": ""Fire purposefully lit & in control""}, {""value"": ""42.0"", ""label"": ""Fire accidentally lit & out of cont""}, {""value"": ""43.0"", ""label"": ""Fireworks""}, {""value"": ""44.0"", ""label"": ""Heat""}, {""value"": ""45.0"", ""label"": ""Cold""}, {""value"": ""46.0"", ""label"": ""Electricity""}, {""value"": ""47.0"", ""label"": ""Therapeutic agents""}, {""value"": ""48.0"", ""label"": ""Chemical agent""}, {""value"": ""49.0"", ""label"": ""Other agent""}, {""value"": ""50.0"", ""label"": ""Agent not classifiable""}, {""value"": ""51.0"", ""label"": ""Glass which breaks during the accident""}, {""value"": ""61.0"", ""label"": ""Fall n.o.s.""}, {""value"": ""62.0"", ""label"": ""Falling downwards""}, {""value"": ""63.0"", ""label"": ""Falling on level ground""}, {""value"": ""64.0"", ""label"": ""Injury involving motion of part of the""}, {""value"": ""65.0"", ""label"": ""Trapping injury""}, {""value"": ""66.0"", ""label"": ""Attacked/fell on/dropped on/hit with/bi""}, {""value"": ""67.0"", ""label"": ""Spillage""}, {""value"": ""68.0"", ""label"": ""Ingestion""}, {""value"": ""69.0"", ""label"": ""Mechanism other or unclassifiable""}, {""value"": ""70.0"", ""label"": ""Mechanism unspecified""}, {""value"": ""74.0"", ""label"": ""Pedestrian n.o.s.""}, {""value"": ""75.0"", ""label"": ""Pedestrian and cycle""}, {""value"": ""76.0"", ""label"": ""Pedestrian and motorbike""}, {""value"": ""77.0"", ""label"": ""Pedestrian and car""}, {""value"": ""78.0"", ""label"": ""Pedestrian and other""}, {""value"": ""79.0"", ""label"": ""Cyclist n.o.s.""}, {""value"": ""80.0"", ""label"": ""Cyclist in collision""}, {""value"": ""81.0"", ""label"": ""Cyclist and pedestrian""}, {""value"": ""82.0"", ""label"": ""Cyclist and cycle""}, {""value"": ""83.0"", ""label"": ""Cyclist and car""}, {""value"": ""84.0"", ""label"": ""Cyclist and other vehicle""}, {""value"": ""85.0"", ""label"": ""Passenger on cycle""}, {""value"": ""86.0"", ""label"": ""Driver of moped/motor bike""}, {""value"": ""87.0"", ""label"": ""Passenger on motor bike""}, {""value"": ""88.0"", ""label"": ""Driver of car""}, {""value"": ""89.0"", ""label"": ""Passenger on/in car""}, {""value"": ""90.0"", ""label"": ""Driver of other vehicle""}, {""value"": ""91.0"", ""label"": ""Passenger of other vehicle""}, {""value"": ""92.0"", ""label"": ""RTA n.o.s.""}, {""value"": ""93.0"", ""label"": ""Vehicular accident unclassifiable""}, {""value"": ""94.0"", ""label"": ""Vehicular accident other""}, {""value"": ""97.0"", ""label"": ""Road accident unclassifiable""}, {""value"": ""98.0"", ""label"": ""Other accident unclassifiable""}, {""value"": ""99.0"", ""label"": ""Non specified, illegible or no info""}]"
505,b18.58,"4TH ACCIDENT INJURY, DESCRIPTN 1 ICD CODE",NA,NA,NA,[]
506,b18.59,"4TH ACCIDENT INJURY, DESCRIPTN 2 ICD CODE",NA,NA,NA,[]
507,b18.60,"4TH ACCIDENT INJURY, DESCRIPTN 3 ICD CODE",NA,NA,NA,[]
508,b18.61,"4TH ACCIDENT, WHERE TREATED",numeric,NOMINAL,NA,"[{""value"": ""0.0"", ""label"": ""None""}, {""value"": ""1.0"", ""label"": ""At home""}, {""value"": ""2.0"", ""label"": ""LA clinic""}, {""value"": ""3.0"", ""label"": ""GP""}, {""value"": ""4.0"", ""label"": ""Outpatients""}, {""value"": ""5.0"", ""label"": ""Inpatient 1 night""}, {""value"": ""6.0"", ""label"": ""Inpatient 2 nights""}, {""value"": ""7.0"", ""label"": ""Inpatient n.o.s.""}, {""value"": ""8.0"", ""label"": ""Other""}, {""value"": ""9.0"", ""label"": ""Not specified""}]"
509,b18.62,"4TH ACCIDENT, TREATMENT CODE 1",NA,NA,NA,[]
510,b18.63,"4TH ACCIDENT, TREATMENT CODE 2",NA,NA,NA,[]
511,b19.1,ANY OTHER ILLNESSES NOT ALREADY DESCRIBED,numeric,NOMINAL,NA,"[{""value"": ""1.0"", ""label"": ""Yes""}, {""value"": ""2.0"", ""label"": ""No""}, {""value"": ""3.0"", ""label"": ""Not known""}]"
512,b19.2,ANY OTHER ILLNESS TEXT POOL ID 1,numeric,NOMINAL,-8.0 thru -3.0 and -1.0,"[{""value"": ""-3.0"", ""label"": ""Not stated""}]"
513,b19.3,ANY OTHER ILLNESS TEXT POOL ID 2,numeric,NOMINAL,-8.0 thru -3.0 and -1.0,"[{""value"": ""-3.0"", ""label"": ""Not stated""}]"
514,b19.4,ANY OTHER ILLNESS TEXT POOL ID 3,numeric,NOMINAL,-8.0 thru -3.0 and -1.0,"[{""value"": ""-3.0"", ""label"": ""Not stated""}]"
515,b20.1,CHILD EVER BEEN TO SPEECH THERAPIST,numeric,NOMINAL,NA,"[{""value"": ""1.0"", ""label"": ""Yes""}, {""value"": ""2.0"", ""label"": ""No""}, {""value"": ""3.0"", ""label"": ""Not known""}]"
516,b20.2,REASON CHILD BEEN TO SPEECH THERAPIST,numeric,NOMINAL,-8.0 thru -3.0 and -1.0,"[{""value"": ""-3.0"", ""label"": ""Not stated""}, {""value"": ""0.0"", ""label"": ""None given""}, {""value"": ""1.0"", ""label"": ""Routine""}, {""value"": ""2.0"", ""label"": ""Speech, language delay""}, {""value"": ""3.0"", ""label"": ""Speech difficulty""}, {""value"": ""4.0"", ""label"": ""Stammering, stuttering""}, {""value"": ""5.0"", ""label"": ""Lisp""}, {""value"": ""6.0"", ""label"": ""Other specific speech""}, {""value"": ""7.0"", ""label"": ""Other""}]"
517,b20.3,CHILD EVER BEEN TO CHILD/FAMILY GUIDANCE,numeric,NOMINAL,NA,"[{""value"": ""1.0"", ""label"": ""Yes""}, {""value"": ""2.0"", ""label"": ""No""}, {""value"": ""3.0"", ""label"": ""Not known""}]"
518,b20.4,REASON CHILD BEEN TO CHILD/FAMILY GUIDANCE,numeric,NOMINAL,-8.0 thru -3.0 and -1.0,"[{""value"": ""-3.0"", ""label"": ""Not stated""}, {""value"": ""0.0"", ""label"": ""None given""}, {""value"": ""1.0"", ""label"": ""Routine""}, {""value"": ""2.0"", ""label"": ""Emotional (school)""}, {""value"": ""3.0"", ""label"": ""Part of family unit""}, {""value"": ""4.0"", ""label"": ""Emotional (general)""}, {""value"": ""5.0"", ""label"": ""Other""}]"
519,b20.5,CHILD EVER BEEN TO CHILD PSYCHIATRIST,numeric,NOMINAL,NA,"[{""value"": ""1.0"", ""label"": ""Yes""}, {""value"": ""2.0"", ""label"": ""No""}, {""value"": ""3.0"", ""label"": ""Not known""}]"
520,b20.6,REASON CHILD BEEN TO CHILD PSYCHIATRIST,numeric,NOMINAL,-8.0 thru -3.0 and -1.0,"[{""value"": ""-3.0"", ""label"": ""Not stated""}, {""value"": ""0.0"", ""label"": ""None given""}, {""value"": ""1.0"", ""label"": ""Routine""}, {""value"": ""2.0"", ""label"": ""Psychiatric diagnosis""}, {""value"": ""3.0"", ""label"": ""Emotional (school)""}, {""value"": ""4.0"", ""label"": ""Emotional (general)""}, {""value"": ""5.0"", ""label"": ""Other""}, {""value"": ""6.0"", ""label"": ""Poor school performance""}]"
521,b20.7,CHILD EVER BEEN TO OCCUPATIONAL THERAPY,numeric,NOMINAL,NA,"[{""value"": ""1.0"", ""label"": ""Yes""}, {""value"": ""2.0"", ""label"": ""No""}, {""value"": ""3.0"", ""label"": ""Not known""}]"
522,b20.8,REASON CHILD BEEN TO OCCUPATIONAL THERAPY,numeric,NOMINAL,-8.0 thru -3.0 and -1.0,"[{""value"": ""-3.0"", ""label"": ""Not stated""}, {""value"": ""0.0"", ""label"": ""None given""}, {""value"": ""1.0"", ""label"": ""Routine""}, {""value"": ""2.0"", ""label"": ""Physical""}, {""value"": ""3.0"", ""label"": ""Psychiatric""}, {""value"": ""4.0"", ""label"": ""Other""}]"
523,b20.9,CHILD EVER BEEN TO PHYSIOTHERAPIST,numeric,NOMINAL,NA,"[{""value"": ""1.0"", ""label"": ""Yes""}, {""value"": ""2.0"", ""label"": ""No""}, {""value"": ""3.0"", ""label"": ""Not known""}]"
524,b20.10,REASON CHILD BEEN TO PHYSIOTHERAPIST,numeric,NOMINAL,-8.0 thru -3.0 and -1.0,"[{""value"": ""-3.0"", ""label"": ""Not stated""}, {""value"": ""0.0"", ""label"": ""None given""}, {""value"": ""1.0"", ""label"": ""Routine""}, {""value"": ""2.0"", ""label"": ""Muscular/skeletal""}, {""value"": ""3.0"", ""label"": ""Chest""}, {""value"": ""4.0"", ""label"": ""Other""}]"
525,b21.1,PAST 12MNTHS CHILD SEEN BY GENERAL PRACTITIONER,numeric,NOMINAL,NA,"[{""value"": ""1.0"", ""label"": ""Yes""}, {""value"": ""2.0"", ""label"": ""No""}, {""value"": ""3.0"", ""label"": ""Not known""}]"
526,b21.2,PAST 12MNTHS CHILD SEEN BY HEALTH VISITOR,numeric,NOMINAL,NA,"[{""value"": ""1.0"", ""label"": ""Yes""}, {""value"": ""2.0"", ""label"": ""No""}, {""value"": ""3.0"", ""label"": ""Not known""}]"
527,b21.3,PAST 12MNTHS CHILD SEEN BY SOCIAL WORKER,numeric,NOMINAL,NA,"[{""value"": ""1.0"", ""label"": ""Yes""}, {""value"": ""2.0"", ""label"": ""No""}, {""value"": ""3.0"", ""label"": ""Not known""}]"
528,b21.4,REASON SEEN BY GP TEXT POOL IDENTIFIER,numeric,NOMINAL,-8.0 thru -3.0 and -1.0,"[{""value"": ""-3.0"", ""label"": ""Not stated""}]"
529,b21.5,REASON SEEN BY HV TEXT POOL IDENTIFIER,numeric,NOMINAL,-8.0 thru -3.0 and -1.0,"[{""value"": ""-3.0"", ""label"": ""Not stated""}]"
530,b21.6,REASON SEEN BY SOCIAL WORKER TEXT POOL ID,numeric,NOMINAL,-8.0 thru -3.0 and -1.0,"[{""value"": ""-3.0"", ""label"": ""Not stated""}]"
531,b21.7,PAST 12MNTHS SEEN BY SCHOOL DENTAL SERVICE,numeric,NOMINAL,NA,"[{""value"": ""1.0"", ""label"": ""Yes""}, {""value"": ""2.0"", ""label"": ""No""}, {""value"": ""3.0"", ""label"": ""Not known""}]"
532,b21.8,REASON SEEN BY SCHOOL DENTAL SERVICE,numeric,NOMINAL,NA,"[{""value"": ""1.0"", ""label"": ""Routine""}, {""value"": ""2.0"", ""label"": ""Extraction""}, {""value"": ""3.0"", ""label"": ""Filling""}, {""value"": ""4.0"", ""label"": ""Orthodontist""}, {""value"": ""5.0"", ""label"": ""Other""}]"
533,b21.9,"PAST 12MNTHS SEEN BY NHS, PRIVATE DENTIST",numeric,NOMINAL,NA,"[{""value"": ""1.0"", ""label"": ""Yes""}, {""value"": ""2.0"", ""label"": ""No""}, {""value"": ""3.0"", ""label"": ""Not known""}]"
534,b21.10,"REASON SEEN BY NHS, PRIVATE DENTIST",numeric,NOMINAL,NA,"[{""value"": ""1.0"", ""label"": ""Routine""}, {""value"": ""2.0"", ""label"": ""Extraction""}, {""value"": ""3.0"", ""label"": ""Filling""}, {""value"": ""4.0"", ""label"": ""Orthodontist""}, {""value"": ""5.0"", ""label"": ""Other""}]"
535,b22.1,"PAST 12MNTHS MISS SCH HEALTH,EMOT.REASON",numeric,NOMINAL,NA,"[{""value"": ""1.0"", ""label"": ""None""}, {""value"": ""2.0"", ""label"": ""1 week to 1 month""}, {""value"": ""3.0"", ""label"": ""1 to 3 months""}, {""value"": ""4.0"", ""label"": ""Over 3 months""}, {""value"": ""5.0"", ""label"": ""Time not known""}, {""value"": ""6.0"", ""label"": ""Not known if missed""}, {""value"": ""7.0"", ""label"": ""Not attend school""}]"
536,b22.2,"REASON MISSED SCHOOL 1, TEXT POOL ID",numeric,NOMINAL,-8.0 thru -3.0 and -1.0,"[{""value"": ""-3.0"", ""label"": ""Not stated""}]"
537,b22.3,"REASON MISSED SCHOOL 2, TEXT POOL ID",numeric,NOMINAL,NA,[]
538,b22.4,"REASON MISSED SCHOOL 3, TEXT POOL ID",numeric,NOMINAL,NA,[]
539,b23.1,1ST DRUG TAKEN PAST 7 DAYS ORL CODE,NA,NA,NA,[]
540,b23.2,1ST DRUG TAKEN PAST 7 DAYS REASON ICD CODE,NA,NA,NA,[]
541,b23.3,1ST DRUG TAKEN PAST 7 DAYS HOW OFTEN,numeric,SCALE,-5.0 thru -3.0 and -2.0,"[{""value"": ""-5.0"", ""label"": ""Other answer""}, {""value"": ""-3.0"", ""label"": ""Not stated""}, {""value"": ""-2.0"", ""label"": ""Not known""}, {""value"": ""11.0"", ""label"": ""Once""}, {""value"": ""12.0"", ""label"": ""Twice""}, {""value"": ""13.0"", ""label"": ""Three times""}, {""value"": ""14.0"", ""label"": ""More than three""}, {""value"": ""21.0"", ""label"": ""Once daily n.o.s.""}, {""value"": ""22.0"", ""label"": ""Once daily, night""}, {""value"": ""23.0"", ""label"": ""Twice daily""}, {""value"": ""24.0"", ""label"": ""Three times daily""}, {""value"": ""25.0"", ""label"": ""Four times daily""}, {""value"": ""26.0"", ""label"": ""More than 4""}, {""value"": ""27.0"", ""label"": ""PRN""}, {""value"": ""28.0"", ""label"": ""Other answer""}, {""value"": ""31.0"", ""label"": ""Not stated""}, {""value"": ""32.0"", ""label"": ""Not known""}, {""value"": ""33.0"", ""label"": ""Indecipherable""}]"
542,b23.4,2ND DRUG TAKEN PAST 7 DAYS ORL CODE,NA,NA,NA,[]
543,b23.5,2ND DRUG TAKEN PAST 7 DAYS REASON ICD CODE,NA,NA,NA,[]
544,b23.6,2ND DRUG TAKEN PAST 7 DAYS HOW OFTEN,numeric,SCALE,-5.0 thru -3.0 and -2.0,"[{""value"": ""-5.0"", ""label"": ""Other answer""}, {""value"": ""-3.0"", ""label"": ""Not stated""}, {""value"": ""-2.0"", ""label"": ""Not known""}, {""value"": ""11.0"", ""label"": ""Once""}, {""value"": ""12.0"", ""label"": ""Twice""}, {""value"": ""13.0"", ""label"": ""Three times""}, {""value"": ""14.0"", ""label"": ""More than three""}, {""value"": ""21.0"", ""label"": ""Once daily n.o.s.""}, {""value"": ""22.0"", ""label"": ""Once daily, night""}, {""value"": ""23.0"", ""label"": ""Twice daily""}, {""value"": ""24.0"", ""label"": ""Three times daily""}, {""value"": ""25.0"", ""label"": ""Four times daily""}, {""value"": ""26.0"", ""label"": ""More than 4""}, {""value"": ""27.0"", ""label"": ""PRN""}, {""value"": ""28.0"", ""label"": ""Other answer""}, {""value"": ""31.0"", ""label"": ""Not stated""}, {""value"": ""32.0"", ""label"": ""Not known""}, {""value"": ""33.0"", ""label"": ""Indecipherable""}]"
545,b23.7,3RD DRUG TAKEN PAST 7 DAYS ORL CODE,NA,NA,NA,[]
546,b23.8,3RD DRUG TAKEN PAST 7 DAYS REASON ICD CODE,NA,NA,NA,[]
547,b23.9,3RD DRUG TAKEN PAST 7 DAYS HOW OFTEN,numeric,SCALE,-5.0 thru -3.0 and -2.0,"[{""value"": ""-5.0"", ""label"": ""Other answer""}, {""value"": ""-3.0"", ""label"": ""Not stated""}, {""value"": ""-2.0"", ""label"": ""Not known""}, {""value"": ""11.0"", ""label"": ""Once""}, {""value"": ""12.0"", ""label"": ""Twice""}, {""value"": ""13.0"", ""label"": ""Three times""}, {""value"": ""14.0"", ""label"": ""More than three""}, {""value"": ""21.0"", ""label"": ""Once daily n.o.s.""}, {""value"": ""22.0"", ""label"": ""Once daily, night""}, {""value"": ""23.0"", ""label"": ""Twice daily""}, {""value"": ""24.0"", ""label"": ""Three times daily""}, {""value"": ""25.0"", ""label"": ""Four times daily""}, {""value"": ""26.0"", ""label"": ""More than 4""}, {""value"": ""27.0"", ""label"": ""PRN""}, {""value"": ""28.0"", ""label"": ""Other answer""}, {""value"": ""31.0"", ""label"": ""Not stated""}, {""value"": ""32.0"", ""label"": ""Not known""}, {""value"": ""33.0"", ""label"": ""Indecipherable""}]"
548,b23.10,4TH DRUG TAKEN PAST 7 DAYS ORL CODE,NA,NA,NA,[]
549,b23.11,4TH DRUG TAKEN PAST 7 DAYS REASON ICD CODE,NA,NA,NA,[]
550,b23.12,4TH DRUG TAKEN PAST 7 DAYS HOW OFTEN,numeric,SCALE,-5.0 thru -3.0 and -2.0,"[{""value"": ""-5.0"", ""label"": ""Other answer""}, {""value"": ""-3.0"", ""label"": ""Not stated""}, {""value"": ""11.0"", ""label"": ""Once""}, {""value"": ""12.0"", ""label"": ""Twice""}, {""value"": ""13.0"", ""label"": ""Three times""}, {""value"": ""14.0"", ""label"": ""More than three""}, {""value"": ""21.0"", ""label"": ""Once daily n.o.s.""}, {""value"": ""22.0"", ""label"": ""Once daily, night""}, {""value"": ""23.0"", ""label"": ""Twice daily""}, {""value"": ""24.0"", ""label"": ""Three times daily""}, {""value"": ""25.0"", ""label"": ""Four times daily""}, {""value"": ""26.0"", ""label"": ""More than 4""}, {""value"": ""27.0"", ""label"": ""PRN""}, {""value"": ""28.0"", ""label"": ""Other answer""}, {""value"": ""31.0"", ""label"": ""Not stated""}, {""value"": ""32.0"", ""label"": ""Not known""}, {""value"": ""33.0"", ""label"": ""Indecipherable""}]"
551,b23.13,5TH DRUG TAKEN PAST 7 DAYS ORL CODE,NA,NA,NA,[]
552,b23.14,5TH DRUG TAKEN PAST 7 DAYS REASON ICD CODE,NA,NA,NA,[]
553,b23.15,5TH DRUG TAKEN PAST 7 DAYS HOW OFTEN,numeric,SCALE,-5.0 thru -3.0 and -2.0,"[{""value"": ""-5.0"", ""label"": ""Other answer""}, {""value"": ""-3.0"", ""label"": ""Not stated""}, {""value"": ""11.0"", ""label"": ""Once""}, {""value"": ""12.0"", ""label"": ""Twice""}, {""value"": ""13.0"", ""label"": ""Three times""}, {""value"": ""14.0"", ""label"": ""More than three""}, {""value"": ""21.0"", ""label"": ""Once daily n.o.s.""}, {""value"": ""22.0"", ""label"": ""Once daily, night""}, {""value"": ""23.0"", ""label"": ""Twice daily""}, {""value"": ""24.0"", ""label"": ""Three times daily""}, {""value"": ""25.0"", ""label"": ""Four times daily""}, {""value"": ""26.0"", ""label"": ""More than 4""}, {""value"": ""27.0"", ""label"": ""PRN""}, {""value"": ""28.0"", ""label"": ""Other answer""}, {""value"": ""31.0"", ""label"": ""Not stated""}, {""value"": ""32.0"", ""label"": ""Not known""}, {""value"": ""33.0"", ""label"": ""Indecipherable""}]"
554,b24.1,DISABILITY INTERFERE WITH ORDINARY LIFE,numeric,NOMINAL,NA,"[{""value"": ""1.0"", ""label"": ""Yes, slight""}, {""value"": ""2.0"", ""label"": ""Yes, severe""}, {""value"": ""3.0"", ""label"": ""No""}, {""value"": ""4.0"", ""label"": ""Not known""}]"
555,b24.2,"DISABILITY DIAGNOSIS, TEXT POOL ID 1",numeric,NOMINAL,-8.0 thru -3.0 and -1.0,"[{""value"": ""-3.0"", ""label"": ""Not stated""}]"
556,b24.3,"DISABILITY DIAGNOSIS, TEXT POOL ID 2",numeric,NOMINAL,NA,[]
557,b24.4,"DISABILITY DIAGNOSIS, TEXT POOL ID 3",numeric,NOMINAL,NA,[]
558,c1.1,FATHER'S QUALIFICATIONS: TRADE APPRENTICE,numeric,NOMINAL,NA,"[{""value"": ""1.0"", ""label"": ""Yes""}]"
559,c1.2,FATHER'S QUALIFICATIONS: O LEVEL,numeric,NOMINAL,NA,"[{""value"": ""1.0"", ""label"": ""Yes""}]"
560,c1.3,FATHER'S QUALIFICATIONS: A LEVEL,numeric,NOMINAL,NA,"[{""value"": ""1.0"", ""label"": ""Yes""}]"
561,c1.4,FATHER'S QUALIFICATIONS: SRN,numeric,NOMINAL,NA,"[{""value"": ""1.0"", ""label"": ""Yes""}]"
562,c1.5,FATHER'S QUALIFICATIONS: CERT ED,numeric,NOMINAL,NA,"[{""value"": ""1.0"", ""label"": ""Yes""}]"
563,c1.6,FATHER'S QUALIFICATIONS: DEGREE,numeric,NOMINAL,NA,"[{""value"": ""1.0"", ""label"": ""Yes""}]"
564,c1.7,FATHER'S QUALIFICATIONS: OTHER,numeric,NOMINAL,NA,"[{""value"": ""1.0"", ""label"": ""Yes""}]"
565,c1.8,"FATHER'S QUALIFICATIONS: OTHER, CLASSIFIED",numeric,NOMINAL,-8.0 thru -3.0 and -1.0,"[{""value"": ""-8.0"", ""label"": ""Out of range""}, {""value"": ""-3.0"", ""label"": ""Not stated""}, {""value"": ""1.0"", ""label"": ""Trade apprenticeship""}, {""value"": ""2.0"", ""label"": ""O level or equiv""}, {""value"": ""3.0"", ""label"": ""A level or equiv""}, {""value"": ""4.0"", ""label"": ""SRN""}, {""value"": ""5.0"", ""label"": ""Cert of education""}, {""value"": ""6.0"", ""label"": ""Degree""}, {""value"": ""7.0"", ""label"": ""Other qualification""}, {""value"": ""8.0"", ""label"": ""Other qual specify""}, {""value"": ""9.0"", ""label"": ""No qualifications""}]"
566,c1.9,FATHER'S QUALIFICATIONS: NO QUALIFICATIONS,numeric,NOMINAL,NA,"[{""value"": ""1.0"", ""label"": ""Yes""}]"
567,c1.10,FATHER'S QUALIFICATIONS: NO MALE HEAD,numeric,NOMINAL,NA,"[{""value"": ""1.0"", ""label"": ""Yes""}]"
568,c1.11,FATHER'S QUALIFICATIONS: NOT KNOWN,numeric,NOMINAL,NA,"[{""value"": ""1.0"", ""label"": ""Yes""}]"
569,c1.12,MOTHER'S QUALIFICATIONS: TRADE APPRENTICE,numeric,NOMINAL,NA,"[{""value"": ""1.0"", ""label"": ""Yes""}]"
570,c1.13,MOTHER'S QUALIFICATIONS: O LEVEL,numeric,NOMINAL,NA,"[{""value"": ""1.0"", ""label"": ""Yes""}]"
571,c1.14,MOTHER'S QUALIFICATIONS: A LEVEL,numeric,NOMINAL,NA,"[{""value"": ""1.0"", ""label"": ""Yes""}]"
572,c1.15,MOTHER'S QUALIFICATIONS: SRN,numeric,NOMINAL,NA,"[{""value"": ""1.0"", ""label"": ""Yes""}]"
573,c1.16,MOTHER'S QUALIFICATIONS: CERT ED,numeric,NOMINAL,NA,"[{""value"": ""1.0"", ""label"": ""Yes""}]"
574,c1.17,MOTHER'S QUALIFICATIONS: DEGREE,numeric,NOMINAL,NA,"[{""value"": ""1.0"", ""label"": ""Yes""}]"
575,c1.18,MOTHER'S QUALIFICATIONS: OTHER,numeric,NOMINAL,NA,"[{""value"": ""1.0"", ""label"": ""Yes""}]"
576,c1.19,"MOTHER'S QUALIFICATIONS: OTHER, CLASSIFIED",numeric,NOMINAL,-8.0 thru -3.0 and -1.0,"[{""value"": ""-8.0"", ""label"": ""Out of range""}, {""value"": ""-3.0"", ""label"": ""Not stated""}, {""value"": ""1.0"", ""label"": ""Trade apprenticeship""}, {""value"": ""2.0"", ""label"": ""O level or equiv""}, {""value"": ""3.0"", ""label"": ""A level or equiv""}, {""value"": ""4.0"", ""label"": ""SRN""}, {""value"": ""5.0"", ""label"": ""Cert of education""}, {""value"": ""6.0"", ""label"": ""Degree""}, {""value"": ""7.0"", ""label"": ""Other qualification""}, {""value"": ""8.0"", ""label"": ""Other qual specify""}, {""value"": ""9.0"", ""label"": ""No qualifications""}]"
577,c1.20,MOTHER'S QUALIFICATIONS: NO QUALIFICATIONS,numeric,NOMINAL,NA,"[{""value"": ""1.0"", ""label"": ""Yes""}]"
578,c1.21,MOTHER'S QUALIFICATIONS: NO MALE HEAD,numeric,NOMINAL,NA,"[{""value"": ""1.0"", ""label"": ""Yes""}]"
579,c1.22,MOTHER'S QUALIFICATIONS: NOT KNOWN,numeric,NOMINAL,NA,"[{""value"": ""1.0"", ""label"": ""Yes""}]"
580,c2.1,FATHER'S EMPLOYMENT: REGULAR PAID JOB,numeric,NOMINAL,NA,"[{""value"": ""1.0"", ""label"": ""Yes""}]"
581,c2.2,FATHER'S EMPLOYMENT: WORKS OCCASIONALLY,numeric,NOMINAL,NA,"[{""value"": ""1.0"", ""label"": ""Yes""}]"
582,c2.3,FATHER'S EMPLOYMENT: SEEKING WORK,numeric,NOMINAL,NA,"[{""value"": ""1.0"", ""label"": ""Yes""}]"
583,c2.4,FATHER'S EMPLOYMENT: LOOKS AFTER HOME,numeric,NOMINAL,NA,"[{""value"": ""1.0"", ""label"": ""Yes""}]"
584,c2.5,FATHER'S EMPLOYMENT: NOT IN PAID JOB,numeric,NOMINAL,NA,"[{""value"": ""1.0"", ""label"": ""Yes""}]"
585,c2.6,FATHER'S EMPLOYMENT: REASON NOT PAID JOB,numeric,NOMINAL,-8.0 thru -3.0 and -1.0,"[{""value"": ""-3.0"", ""label"": ""Not stated""}, {""value"": ""1.0"", ""label"": ""Retired""}, {""value"": ""2.0"", ""label"": ""Disabled""}, {""value"": ""3.0"", ""label"": ""Student""}, {""value"": ""4.0"", ""label"": ""Prison""}]"
586,c2.7,FATHER'S EMPLOYMENT: OTHER EMPLOYMENT SITUATION,numeric,NOMINAL,NA,"[{""value"": ""1.0"", ""label"": ""Yes""}]"
587,c2.8,FATHER'S EMPLOYMENT: NO MALE HEAD IN HOUSE,numeric,NOMINAL,NA,"[{""value"": ""1.0"", ""label"": ""Yes""}]"
588,c2.9,MOTHER'S EMPLOYMENT: REGULAR PAID JOB,numeric,NOMINAL,NA,"[{""value"": ""1.0"", ""label"": ""Yes""}]"
589,c2.10,MOTHER'S EMPLOYMENT: WORKS OCCASIONALLY,numeric,NOMINAL,NA,"[{""value"": ""1.0"", ""label"": ""Yes""}]"
590,c2.11,MOTHER'S EMPLOYMENT: SEEKING WORK,numeric,NOMINAL,NA,"[{""value"": ""1.0"", ""label"": ""Yes""}]"
591,c2.12,MOTHER'S EMPLOYMENT: LOOKS AFTER HOME,numeric,NOMINAL,NA,"[{""value"": ""1.0"", ""label"": ""Yes""}]"
592,c2.13,MOTHER'S EMPLOYMENT: NOT IN PAID JOB,numeric,NOMINAL,NA,"[{""value"": ""1.0"", ""label"": ""Yes""}]"
593,c2.14,MOTHER'S EMPLOYMENT: REASON NOT PAID JOB,numeric,NOMINAL,-8.0 thru -3.0 and -1.0,"[{""value"": ""-3.0"", ""label"": ""Not stated""}, {""value"": ""1.0"", ""label"": ""Retired""}, {""value"": ""2.0"", ""label"": ""Disabled""}, {""value"": ""3.0"", ""label"": ""Student""}, {""value"": ""4.0"", ""label"": ""Prison""}]"
594,c2.15,MOTHER'S EMPLOYMENT: OTHER EMPLOYMENT SITUATION,numeric,NOMINAL,NA,"[{""value"": ""1.0"", ""label"": ""Yes""}]"
595,c2.16,MOTHER'S EMPLOYMENT: NO FEMALE HEAD IN HOUSE,numeric,NOMINAL,NA,"[{""value"": ""1.0"", ""label"": ""Yes""}]"
596,c2.17a,TIME SINCE FATHER LAST IN PAID JOB (YY),numeric,SCALE,-3.0 thru -2.0 and -1.0,"[{""value"": ""-3.0"", ""label"": ""Not stated""}, {""value"": ""-2.0"", ""label"": ""Not known""}, {""value"": ""-1.0"", ""label"": ""Never in paid job""}]"
597,c2.17b,TIME SINCE FATHER LAST IN PAID JOB (MM),numeric,NOMINAL,-3.0 thru -2.0 and -1.0,"[{""value"": ""-3.0"", ""label"": ""Not stated""}, {""value"": ""-2.0"", ""label"": ""Not known""}, {""value"": ""-1.0"", ""label"": ""Never in paid job""}]"
598,c2.18a,TIME SINCE MOTHER LAST IN PAID JOB (YY),numeric,SCALE,-3.0 thru -2.0 and -1.0,"[{""value"": ""-3.0"", ""label"": ""Not stated""}, {""value"": ""-2.0"", ""label"": ""Not known""}, {""value"": ""-1.0"", ""label"": ""Never in paid job""}]"
599,c2.18b,TIME SINCE MOTHER LAST IN PAID JOB (MM),numeric,NOMINAL,-3.0 thru -2.0 and -1.0,"[{""value"": ""-3.0"", ""label"": ""Not stated""}, {""value"": ""-2.0"", ""label"": ""Not known""}, {""value"": ""-1.0"", ""label"": ""Never in paid job""}]"
600,c3.1a,"FATHER'S EMPLOYMENT, DESCRIPTION OF JOB(A)",NA,NA,NA,[]
601,c3.1b,"FATHER'S EMPLOYMENT, DESCRIPTION OF JOB(B)",NA,NA,NA,[]
602,c3.1c,"FATHER'S EMPLOYMENT, DESCRIPTION OF JOB(C)",NA,NA,NA,[]
603,c3.2,FATHER'S CORRECTED SOCIAL VARS OUG 1980,numeric,SCALE,-9.0 thru None,"[{""value"": ""-9.0"", ""label"": ""No code available""}]"
604,c3.3,FATHER'S EMPLOYMENT 1970 OUG,NA,NA,NA,[]
605,c3.4,FATHER'S CORRECTED SOCIAL CLASS 1980,numeric,NOMINAL,NA,"[{""value"": ""1.0"", ""label"": ""I""}, {""value"": ""2.0"", ""label"": ""II""}, {""value"": ""3.0"", ""label"": ""IIINM""}, {""value"": ""4.0"", ""label"": ""IIIM""}, {""value"": ""5.0"", ""label"": ""IV""}, {""value"": ""6.0"", ""label"": ""V""}, {""value"": ""8.0"", ""label"": ""Insufficient data""}, {""value"": ""9.0"", ""label"": ""No data""}]"
606,c3.5,FATHER'S CORRECTED SOCIAL CLASS 1970,numeric,NOMINAL,NA,"[{""value"": ""1.0"", ""label"": ""I""}, {""value"": ""2.0"", ""label"": ""II""}, {""value"": ""3.0"", ""label"": ""IIINM""}, {""value"": ""4.0"", ""label"": ""IIIM""}, {""value"": ""5.0"", ""label"": ""IV""}, {""value"": ""6.0"", ""label"": ""V""}, {""value"": ""8.0"", ""label"": ""Insufficient data""}, {""value"": ""9.0"", ""label"": ""No data""}]"
607,c3.6,"FATHER'S EMPLOYMENT, TYPE OF INDUSTRY",NA,NA,NA,[]
608,c3.7,"FATHER'S EMPLOYMENT, INDUSTRY CODE",numeric,SCALE,-9.0 thru None,"[{""value"": ""-9.0"", ""label"": ""No code available""}]"
609,c3.8a,"MOTHER'S EMPLOYMENT, DESCRIPTION OF JOB(A)",NA,NA,NA,[]
610,c3.8b,"MOTHER'S EMPLOYMENT, DESCRIPTION OF JOB(B)",NA,NA,NA,[]
611,c3.8c,"MOTHER'S EMPLOYMENT, DESCRIPTION OF JOB(C)",NA,NA,NA,[]
612,c3.9,MOTHER'S CORRECTED SOCIAL VARS OUG 1980,numeric,SCALE,-9.0 thru None,"[{""value"": ""-9.0"", ""label"": ""No code available""}]"
613,c3.10,MOTHER'S EMPLOYMENT 1970 OUG,NA,NA,NA,[]
614,c3.11,MOTHER'S CORRECTED SOCIAL CLASS 1980,numeric,NOMINAL,NA,"[{""value"": ""1.0"", ""label"": ""I""}, {""value"": ""2.0"", ""label"": ""II""}, {""value"": ""3.0"", ""label"": ""IIINM""}, {""value"": ""4.0"", ""label"": ""IIIM""}, {""value"": ""5.0"", ""label"": ""IV""}, {""value"": ""6.0"", ""label"": ""V""}, {""value"": ""8.0"", ""label"": ""Insufficient data""}, {""value"": ""9.0"", ""label"": ""No data""}]"
615,c3.12,MOTHER'S CORRECTED SOCIAL CLASS 1970,numeric,NOMINAL,NA,"[{""value"": ""1.0"", ""label"": ""I""}, {""value"": ""2.0"", ""label"": ""II""}, {""value"": ""3.0"", ""label"": ""IIINM""}, {""value"": ""4.0"", ""label"": ""IIIM""}, {""value"": ""5.0"", ""label"": ""IV""}, {""value"": ""6.0"", ""label"": ""V""}, {""value"": ""8.0"", ""label"": ""Insufficient data""}, {""value"": ""9.0"", ""label"": ""No data""}]"
616,c3.13a,"MOTHER'S EMPLOYMENT, TYPE OF INDUSTRY(A)",NA,NA,NA,[]
617,c3.13b,"MOTHER'S EMPLOYMENT, TYPE OF INDUSTRY(B)",NA,NA,NA,[]
618,c3.14,"MOTHER'S EMPLOYMENT, INDUSTRY CODE",numeric,SCALE,-8.0 thru -9.0,"[{""value"": ""-9.0"", ""label"": ""No code available""}, {""value"": ""-8.0"", ""label"": ""Out of range""}]"
619,c4.1a,FATHER'S CORRECTED EMPLOYMENT STATUS '80,numeric,NOMINAL,-8.0 thru -1.0,"[{""value"": ""-8.0"", ""label"": ""Out of range""}, {""value"": ""1.0"", ""label"": ""Self employed no employees""}, {""value"": ""2.0"", ""label"": ""Self employed up to 24 employees""}, {""value"": ""3.0"", ""label"": ""Self employed 25 or more employees""}, {""value"": ""4.0"", ""label"": ""Employee not supervising""}, {""value"": ""5.0"", ""label"": ""Employee foreman""}, {""value"": ""6.0"", ""label"": ""Employee manager up to 24""}, {""value"": ""7.0"", ""label"": ""Employee manager 25 or more""}]"
620,c4.1b,FATHER'S CORRECTED EMPLOYMENT STATUS '70,numeric,NOMINAL,-8.0 thru -1.0,"[{""value"": ""-8.0"", ""label"": ""Out of range""}, {""value"": ""1.0"", ""label"": ""Self employed no employees""}, {""value"": ""2.0"", ""label"": ""Self employed up to 24 employees""}, {""value"": ""3.0"", ""label"": ""Self employed 25 or more employees""}, {""value"": ""4.0"", ""label"": ""Employee not supervising""}, {""value"": ""5.0"", ""label"": ""Employee foreman""}, {""value"": ""6.0"", ""label"": ""Employee manager up to 24""}, {""value"": ""7.0"", ""label"": ""Employee manager 25 or more""}]"
621,c4.2a,MOTHER'S CORRECTED EMPLOYMENT STATUS '80,numeric,NOMINAL,-8.0 thru -1.0,"[{""value"": ""-8.0"", ""label"": ""Out of range""}, {""value"": ""1.0"", ""label"": ""Self employed no employees""}, {""value"": ""2.0"", ""label"": ""Self employed up to 24 employees""}, {""value"": ""3.0"", ""label"": ""Self employed 25 or more employees""}, {""value"": ""4.0"", ""label"": ""Employee not supervising""}, {""value"": ""5.0"", ""label"": ""Employee foreman""}, {""value"": ""6.0"", ""label"": ""Employee manager up to 24""}, {""value"": ""7.0"", ""label"": ""Employee manager 25 or more""}]"
622,c4.2b,MOTHER'S CORRECTED EMPLOYMENT STATUS '70,numeric,NOMINAL,-8.0 thru -1.0,"[{""value"": ""-8.0"", ""label"": ""Out of range""}, {""value"": ""1.0"", ""label"": ""Self employed no employees""}, {""value"": ""2.0"", ""label"": ""Self employed up to 24 employees""}, {""value"": ""3.0"", ""label"": ""Self employed 25 or more employees""}, {""value"": ""4.0"", ""label"": ""Employee not supervising""}, {""value"": ""5.0"", ""label"": ""Employee foreman""}, {""value"": ""6.0"", ""label"": ""Employee manager up to 24""}, {""value"": ""7.0"", ""label"": ""Employee manager 25 or more""}]"
623,c5.1,HOURS FATHER WORKED LAST WORKING WEEK,numeric,SCALE,-8.0 thru -1.0,"[{""value"": ""-1.0"", ""label"": ""Never in paid job""}]"
624,c5.2,HOURS MOTHER WORKED LAST WORKING WEEK,numeric,SCALE,-8.0 thru -1.0,"[{""value"": ""-1.0"", ""label"": ""Never in paid job""}]"
625,c6.1,FATHER WORKED NONSTANDARD HOURS SATURDAY,numeric,NOMINAL,NA,"[{""value"": ""1.0"", ""label"": ""Yes""}]"
626,c6.2,FATHER WORKED NONSTANDARD HOURS SUNDAY,numeric,NOMINAL,NA,"[{""value"": ""1.0"", ""label"": ""Yes""}]"
627,c6.3,FATHER WORKED NONSTANDARD HRS EARLY/LATE,numeric,NOMINAL,NA,"[{""value"": ""1.0"", ""label"": ""Yes""}]"
628,c6.4,FATHER WORKED NONSTANDARD HOURS NOT WORK,numeric,NOMINAL,NA,"[{""value"": ""1.0"", ""label"": ""Yes""}]"
629,c6.5,FATHER WORKED NONSTANDARD HOURS OTHER,numeric,NOMINAL,NA,"[{""value"": ""1.0"", ""label"": ""Yes""}]"
630,c6.6,FATHER WORKED NONSTANDARD HRS OTHER CODE,numeric,NOMINAL,-8.0 thru -3.0 and -1.0,"[{""value"": ""-3.0"", ""label"": ""Not stated""}, {""value"": ""1.0"", ""label"": ""Hours unknown""}]"
631,c6.7,FATHER WORKED NONSTANDARD HRS NOT IN JOB,numeric,NOMINAL,NA,"[{""value"": ""1.0"", ""label"": ""Yes""}]"
632,c6.8,MOTHER WORKED NONSTANDARD HOURS SATURDAY,numeric,NOMINAL,NA,"[{""value"": ""1.0"", ""label"": ""Yes""}]"
633,c6.9,MOTHER WORKED NONSTANDARD HOURS SUNDAY,numeric,NOMINAL,NA,"[{""value"": ""1.0"", ""label"": ""Yes""}]"
634,c6.10,MOTHER WORKED NONSTANDARD HRS EARLY/LATE,numeric,NOMINAL,NA,"[{""value"": ""1.0"", ""label"": ""Yes""}]"
635,c6.11,MOTHER WORKED NONSTANDARD HOURS NOT WORK,numeric,NOMINAL,NA,"[{""value"": ""1.0"", ""label"": ""Yes""}]"
636,c6.12,MOTHER WORKED NONSTANDARD HOURS OTHER,numeric,NOMINAL,NA,"[{""value"": ""1.0"", ""label"": ""Yes""}]"
637,c6.13,MOTHER WORKED NONSTANDARD HRS OTHER CODE,numeric,NOMINAL,-8.0 thru -3.0 and -1.0,"[{""value"": ""-3.0"", ""label"": ""Not stated""}, {""value"": ""1.0"", ""label"": ""Hours unknown""}]"
638,c6.14,MOTHER WORKED NONSTANDARD HRS NOT IN JOB,numeric,NOMINAL,NA,"[{""value"": ""1.0"", ""label"": ""Yes""}]"
639,c7.1,MOTHER WORKED DURING SUMMER HOLIDAYS,numeric,NOMINAL,NA,"[{""value"": ""1.0"", ""label"": ""Yes, more than 30 hours pw""}, {""value"": ""2.0"", ""label"": ""Yes, up to 30 hours pw""}, {""value"": ""3.0"", ""label"": ""No""}]"
640,c7.2,WHO LOOKED AFTER CHILD WHILE MOTHER WORKED,numeric,SCALE,-8.0 thru -3.0 and -1.0,"[{""value"": ""-8.0"", ""label"": ""Out of range""}, {""value"": ""-3.0"", ""label"": ""Not stated""}, {""value"": ""1.0"", ""label"": ""Father""}, {""value"": ""3.0"", ""label"": ""Step father""}, {""value"": ""5.0"", ""label"": ""Foster father""}, {""value"": ""7.0"", ""label"": ""Grandfather""}, {""value"": ""8.0"", ""label"": ""Grandmother""}, {""value"": ""9.0"", ""label"": ""Uncle""}, {""value"": ""10.0"", ""label"": ""Aunt""}, {""value"": ""11.0"", ""label"": ""Elder brother""}, {""value"": ""12.0"", ""label"": ""Elder sister""}, {""value"": ""13.0"", ""label"": ""Younger brother""}, {""value"": ""14.0"", ""label"": ""Younger sister""}, {""value"": ""15.0"", ""label"": ""Step brother""}, {""value"": ""16.0"", ""label"": ""Step sister""}, {""value"": ""17.0"", ""label"": ""Brother in law""}, {""value"": ""18.0"", ""label"": ""Sister in law""}, {""value"": ""19.0"", ""label"": ""Male cousin""}, {""value"": ""20.0"", ""label"": ""Female cousin""}, {""value"": ""21.0"", ""label"": ""Great uncle""}, {""value"": ""22.0"", ""label"": ""Great aunt""}, {""value"": ""23.0"", ""label"": ""Male lodger""}, {""value"": ""24.0"", ""label"": ""Female lodger""}, {""value"": ""25.0"", ""label"": ""Other male""}, {""value"": ""26.0"", ""label"": ""Other female""}, {""value"": ""27.0"", ""label"": ""Male cohabitee""}, {""value"": ""28.0"", ""label"": ""Female cohabitee""}, {""value"": ""29.0"", ""label"": ""Neighbour""}, {""value"": ""30.0"", ""label"": ""Child looked after self""}, {""value"": ""31.0"", ""label"": ""Went with mother""}, {""value"": ""32.0"", ""label"": ""Child minder""}, {""value"": ""33.0"", ""label"": ""Friend (not neighbour)""}, {""value"": ""99.0"", ""label"": ""Not stated""}]"
641,c8.1,FAMILY RECEIVED CHILD BENEFIT,numeric,NOMINAL,NA,"[{""value"": ""1.0"", ""label"": ""Yes""}, {""value"": ""2.0"", ""label"": ""No""}, {""value"": ""3.0"", ""label"": ""Not known""}]"
642,c8.2,FAMILY RECEIVED CHILD BENEFIT INCREASE,numeric,NOMINAL,NA,"[{""value"": ""1.0"", ""label"": ""Yes""}, {""value"": ""2.0"", ""label"": ""No""}, {""value"": ""3.0"", ""label"": ""Not known""}]"
643,c8.3,FAMILY RECEIVED FAMILY INCOME SUPPLEMENT,numeric,NOMINAL,NA,"[{""value"": ""1.0"", ""label"": ""Yes""}, {""value"": ""2.0"", ""label"": ""No""}, {""value"": ""3.0"", ""label"": ""Not known""}]"
644,c8.4,FAMILY RECEIVED SUPPLEMENTARY BENEFIT,numeric,NOMINAL,NA,"[{""value"": ""1.0"", ""label"": ""Yes""}, {""value"": ""2.0"", ""label"": ""No""}, {""value"": ""3.0"", ""label"": ""Not known""}]"
645,c8.5,FAMILY RECEIVED WIDOW'S/WIDOWED MOTHER'S BENEFIT,numeric,NOMINAL,NA,"[{""value"": ""1.0"", ""label"": ""Yes""}, {""value"": ""2.0"", ""label"": ""No""}, {""value"": ""3.0"", ""label"": ""Not known""}]"
646,c8.6,FAMILY RECEIVED RETIREMENT PENSION,numeric,NOMINAL,NA,"[{""value"": ""1.0"", ""label"": ""Yes""}, {""value"": ""2.0"", ""label"": ""No""}, {""value"": ""3.0"", ""label"": ""Not known""}]"
647,c8.7,FAMILY RECEIVED SICKNESS BENEFIT,numeric,NOMINAL,NA,"[{""value"": ""1.0"", ""label"": ""Yes""}, {""value"": ""2.0"", ""label"": ""No""}, {""value"": ""3.0"", ""label"": ""Not known""}]"
648,c8.8,FAMILY RECEIVED DISABLEMENT PENSION,numeric,NOMINAL,NA,"[{""value"": ""1.0"", ""label"": ""Yes""}, {""value"": ""2.0"", ""label"": ""No""}, {""value"": ""3.0"", ""label"": ""Not known""}]"
649,c8.9,FAMILY RECEIVED ATTENDANCE ALLOWANCE,numeric,NOMINAL,NA,"[{""value"": ""1.0"", ""label"": ""Yes""}, {""value"": ""2.0"", ""label"": ""No""}, {""value"": ""3.0"", ""label"": ""Not known""}]"
650,c8.10,FAMILY RECEIVED UNEMPLOYMENT BENEFIT,numeric,NOMINAL,NA,"[{""value"": ""1.0"", ""label"": ""Yes""}, {""value"": ""2.0"", ""label"": ""No""}, {""value"": ""3.0"", ""label"": ""Not known""}]"
651,c8.11,FAMILY RECEIVED OTHER BENEFIT,numeric,NOMINAL,NA,"[{""value"": ""1.0"", ""label"": ""Yes""}, {""value"": ""2.0"", ""label"": ""No""}, {""value"": ""3.0"", ""label"": ""Not known""}]"
652,c8.12,FAMILY RECEIVED OTHER BENEFIT WHICH TYPE,numeric,NOMINAL,-8.0 thru -3.0 and -1.0,"[{""value"": ""-8.0"", ""label"": ""Out of range""}, {""value"": ""-3.0"", ""label"": ""Not stated""}, {""value"": ""1.0"", ""label"": ""Foster parents allowance""}, {""value"": ""2.0"", ""label"": ""Maintenance""}, {""value"": ""3.0"", ""label"": ""Maternity Benefit""}, {""value"": ""4.0"", ""label"": ""Other""}]"
653,c9.1,TOTAL GROSS FAMILY INCOME UNDER 35PW,numeric,NOMINAL,NA,"[{""value"": ""1.0"", ""label"": ""Yes""}]"
654,c9.2,TOTAL GROSS FAMILY INCOME 35 - 49PW,numeric,NOMINAL,NA,"[{""value"": ""1.0"", ""label"": ""Yes""}]"
655,c9.3,TOTAL GROSS FAMILY INCOME 50 - 99PW,numeric,NOMINAL,NA,"[{""value"": ""1.0"", ""label"": ""Yes""}]"
656,c9.4,TOTAL GROSS FAMILY INCOME 100 - 149PW,numeric,NOMINAL,NA,"[{""value"": ""1.0"", ""label"": ""Yes""}]"
657,c9.5,TOTAL GROSS FAMILY INCOME 150 - 199PW,numeric,NOMINAL,NA,"[{""value"": ""1.0"", ""label"": ""Yes""}]"
658,c9.6,TOTAL GROSS FAMILY INCOME 200 - 249PW,numeric,NOMINAL,NA,"[{""value"": ""1.0"", ""label"": ""Yes""}]"
659,c9.7,TOTAL GROSS FAMILY INCOME 250 OR MORE,numeric,NOMINAL,NA,"[{""value"": ""1.0"", ""label"": ""Yes""}]"
660,c9.8,TOTAL GROSS FAMILY INCOME COMMENTS,numeric,NOMINAL,-8.0 thru -2.0 and -1.0,"[{""value"": ""-8.0"", ""label"": ""Out of range""}, {""value"": ""-2.0"", ""label"": ""Not known""}, {""value"": ""8.0"", ""label"": ""Refused to answer""}, {""value"": ""9.0"", ""label"": ""Not known""}]"
661,d1.1,WHAT ACCOMMODATION OCCUPIED BY FAMILY,numeric,NOMINAL,NA,"[{""value"": ""1.0"", ""label"": ""Flat self contained""}, {""value"": ""2.0"", ""label"": ""Flat shared""}, {""value"": ""3.0"", ""label"": ""Caravan""}, {""value"": ""4.0"", ""label"": ""House""}, {""value"": ""5.0"", ""label"": ""Other""}]"
662,d1.2,"FLAT, ROOMS WHICH IS LOWEST FLOOR",numeric,NOMINAL,-8.0 thru -3.0 and -1.0,"[{""value"": ""-3.0"", ""label"": ""Not stated""}, {""value"": ""-1.0"", ""label"": ""Not applicable""}, {""value"": ""1.0"", ""label"": ""Basement""}, {""value"": ""2.0"", ""label"": ""Ground floor""}, {""value"": ""3.0"", ""label"": ""Above ground floor""}]"
663,d1.3,ABOVE GROUND FLOOR WHICH FLOOR NUMBER,numeric,NOMINAL,-8.0 thru -3.0 and -1.0,"[{""value"": ""-3.0"", ""label"": ""Not stated""}]"
664,d2,IS ACCOMMODATION OWNED OR RENTED?,numeric,NOMINAL,NA,"[{""value"": ""1.0"", ""label"": ""Owned outright""}, {""value"": ""2.0"", ""label"": ""Being bought""}, {""value"": ""3.0"", ""label"": ""Rented, Council""}, {""value"": ""4.0"", ""label"": ""Rented, Private unfurnished""}, {""value"": ""5.0"", ""label"": ""Rented, Private furnished""}, {""value"": ""6.0"", ""label"": ""Tied to occupation""}, {""value"": ""7.0"", ""label"": ""Other""}]"
665,d3.1,HAS FAMILY USE OF BATHROOM?,numeric,NOMINAL,NA,"[{""value"": ""1.0"", ""label"": ""Sole use""}, {""value"": ""2.0"", ""label"": ""Shared use""}, {""value"": ""3.0"", ""label"": ""Not available""}]"
666,d3.2,HAS FAMILY USE OF KITCHEN?,numeric,NOMINAL,NA,"[{""value"": ""1.0"", ""label"": ""Sole use""}, {""value"": ""2.0"", ""label"": ""Shared use""}, {""value"": ""3.0"", ""label"": ""Not available""}]"
667,d4,IS KITCHEN AT LEAST 2 METRES WIDE?,numeric,NOMINAL,NA,"[{""value"": ""1.0"", ""label"": ""Yes""}, {""value"": ""2.0"", ""label"": ""No""}, {""value"": ""3.0"", ""label"": ""No kitchen""}]"
668,d5.1,TOTAL NUMBER OF ROOMS,numeric,NOMINAL,NA,[]
669,d5.2,NUMBER OF BEDROOMS,numeric,NOMINAL,NA,[]
670,d6.1,METHOD OF HEATING: GAS FIRES,numeric,NOMINAL,NA,"[{""value"": ""1.0"", ""label"": ""Yes""}]"
671,d6.2,METHOD OF HEATING: ELECTRIC FIRES,numeric,NOMINAL,NA,"[{""value"": ""1.0"", ""label"": ""Yes""}]"
672,d6.3,METHOD OF HEATING: NIGHT STORAGE HEATERS,numeric,NOMINAL,NA,"[{""value"": ""1.0"", ""label"": ""Yes""}]"
673,d6.4,METHOD OF HEATING: OPEN COAL FIRES,numeric,NOMINAL,NA,"[{""value"": ""1.0"", ""label"": ""Yes""}]"
674,d6.5,METHOD OF HEATING: PARAFFIN HEATER,numeric,NOMINAL,NA,"[{""value"": ""1.0"", ""label"": ""Yes""}]"
675,d6.6,METHOD OF HEATING: FULL CENTRAL HEATING,numeric,NOMINAL,NA,"[{""value"": ""1.0"", ""label"": ""Yes""}]"
676,d6.7,METHOD OF HEATING: PART CENTRAL HEATING,numeric,NOMINAL,NA,"[{""value"": ""1.0"", ""label"": ""Yes""}]"
677,d6.8,METHOD OF HEATING: OTHER METHOD,numeric,NOMINAL,NA,"[{""value"": ""1.0"", ""label"": ""Yes""}]"
678,d6.9,"OTHER METHOD OF HEATING, WHICH TYPE 1",numeric,NOMINAL,NA,"[{""value"": ""1.0"", ""label"": ""Aga type""}, {""value"": ""2.0"", ""label"": ""Enclosed solid fuel""}, {""value"": ""3.0"", ""label"": ""Electric/oil filled radiators""}, {""value"": ""4.0"", ""label"": ""Others, specified""}, {""value"": ""5.0"", ""label"": ""Others, unspecified""}]"
679,d6.10,"OTHER METHOD OF HEATING, WHICH TYPE 2",numeric,NOMINAL,NA,"[{""value"": ""0.0"", ""label"": ""No second other method""}, {""value"": ""1.0"", ""label"": ""Aga type""}, {""value"": ""2.0"", ""label"": ""Enclosed solid fuel""}, {""value"": ""3.0"", ""label"": ""Electric/oil filled radiators""}, {""value"": ""4.0"", ""label"": ""Others, specified""}, {""value"": ""5.0"", ""label"": ""Others, unspecified""}]"
680,d6.11,"OTHER METHOD OF HEATING, WHICH TYPE 3",numeric,NOMINAL,NA,"[{""value"": ""0.0"", ""label"": ""No third other method""}, {""value"": ""1.0"", ""label"": ""Aga type""}, {""value"": ""2.0"", ""label"": ""Enclosed solid fuel""}, {""value"": ""3.0"", ""label"": ""Electric/oil filled radiators""}, {""value"": ""4.0"", ""label"": ""Others, specified""}, {""value"": ""5.0"", ""label"": ""Others, unspecified""}]"
681,d6.12,"IF GAS FIRE, IS IT FREE STANDING?",numeric,NOMINAL,NA,"[{""value"": ""1.0"", ""label"": ""Yes""}, {""value"": ""2.0"", ""label"": ""No""}, {""value"": ""3.0"", ""label"": ""Not known""}]"
682,d6.13,"IF CENTRAL HEATING, WHICH FUEL USED?",numeric,NOMINAL,NA,"[{""value"": ""1.0"", ""label"": ""Gas""}, {""value"": ""2.0"", ""label"": ""Electricity""}, {""value"": ""3.0"", ""label"": ""Oil""}, {""value"": ""4.0"", ""label"": ""Solid fuel""}]"
683,d6.14,WHICH IS MAIN METHOD OF HEATING USED?,numeric,NOMINAL,-8.0 thru -1.0,"[{""value"": ""-8.0"", ""label"": ""Out of range""}, {""value"": ""1.0"", ""label"": ""Gas fire""}, {""value"": ""2.0"", ""label"": ""Electric fire""}, {""value"": ""3.0"", ""label"": ""Night storage""}, {""value"": ""4.0"", ""label"": ""Open coal fire""}, {""value"": ""5.0"", ""label"": ""Paraffin heater""}, {""value"": ""6.0"", ""label"": ""Full central heating""}, {""value"": ""7.0"", ""label"": ""Partial central heating""}, {""value"": ""8.0"", ""label"": ""Aga type""}, {""value"": ""9.0"", ""label"": ""Enclosed solid fuel""}, {""value"": ""10.0"", ""label"": ""Electric/oil filled""}, {""value"": ""11.0"", ""label"": ""Other, specified""}, {""value"": ""12.0"", ""label"": ""Other, unspecified""}]"
684,d7.1,HAS GAS EVER BEEN USED FOR COOKING?,numeric,NOMINAL,NA,"[{""value"": ""1.0"", ""label"": ""Yes, now""}, {""value"": ""2.0"", ""label"": ""Yes, in past only""}, {""value"": ""3.0"", ""label"": ""No""}, {""value"": ""4.0"", ""label"": ""Other reply""}]"
685,d7.2,NUMBER OF YEARS GAS USED FOR COOKING,numeric,NOMINAL,-8.0 thru -3.0 and -1.0,"[{""value"": ""-8.0"", ""label"": ""Out of range""}, {""value"": ""-3.0"", ""label"": ""Not stated""}, {""value"": ""0.0"", ""label"": ""Under one year""}]"
686,d8.1,IS ACCOMMODATION AFFECTED BY DAMP?,numeric,NOMINAL,-8.0 thru -3.0 and -1.0,"[{""value"": ""-3.0"", ""label"": ""Not stated""}, {""value"": ""1.0"", ""label"": ""Yes, slight""}, {""value"": ""2.0"", ""label"": ""Yes, moderate""}, {""value"": ""3.0"", ""label"": ""Yes, marked""}, {""value"": ""4.0"", ""label"": ""No""}]"
687,d8.2,"ROOMS AFFECTED BY DAMP: KITCHEN, BATHROOM",numeric,NOMINAL,-8.0 thru -3.0 and -1.0,"[{""value"": ""-3.0"", ""label"": ""Not stated""}, {""value"": ""1.0"", ""label"": ""Yes""}]"
688,d8.3,ROOMS AFFECTED BY DAMP: LIVING ROOMS,numeric,NOMINAL,-8.0 thru -3.0 and -1.0,"[{""value"": ""-3.0"", ""label"": ""Not stated""}, {""value"": ""1.0"", ""label"": ""Yes""}]"
689,d8.4,ROOMS AFFECTED BY DAMP: BEDROOMS,numeric,NOMINAL,-8.0 thru -3.0 and -1.0,"[{""value"": ""-3.0"", ""label"": ""Not stated""}, {""value"": ""1.0"", ""label"": ""Yes""}]"
690,d8.5,ROOMS AFFECTED BY DAMP: OTHER ROOMS,numeric,NOMINAL,-8.0 thru -3.0 and -1.0,"[{""value"": ""-3.0"", ""label"": ""Not stated""}, {""value"": ""1.0"", ""label"": ""Yes""}]"
691,e1.1,MOTHER'S HEIGHT IN CMS,numeric,SCALE,-8.0 thru None,"[{""value"": ""-8.0"", ""label"": ""Out of range""}]"
692,e1.2,MOTHER'S WEIGHT IN KGS,numeric,SCALE,-8.0 thru None,"[{""value"": ""-8.0"", ""label"": ""Out of range""}]"
693,e2.1,FATHER'S HEIGHT IN CMS,numeric,SCALE,-8.0 thru None,"[{""value"": ""-8.0"", ""label"": ""Out of range""}]"
694,e2.2,FATHER'S WEIGHT IN KGS,numeric,SCALE,-8.0 thru None,"[{""value"": ""-8.0"", ""label"": ""Out of range""}]"
695,e3.1,SINCE CHILD 5YR ILLNESS IN FAMILY MOTHER,numeric,NOMINAL,NA,"[{""value"": ""1.0"", ""label"": ""Yes""}]"
696,e3.2,SINCE CHILD 5YR ILLNESS IN FAMILY FATHER,numeric,NOMINAL,NA,"[{""value"": ""1.0"", ""label"": ""Yes""}]"
697,e3.3,SINCE CHILD 5YR ILLNESS IN FAMILY OTHER,numeric,NOMINAL,NA,"[{""value"": ""1.0"", ""label"": ""Yes""}]"
698,e3.4,SINCE CHILD 5YR ILLNESS IN FAMILY NO ONE,numeric,NOMINAL,NA,"[{""value"": ""1.0"", ""label"": ""Yes""}]"
699,e3.5,1ST PERSON ILLNESS RELATIONSHIP,numeric,NOMINAL,-8.0 thru -3.0 and -1.0,"[{""value"": ""-3.0"", ""label"": ""Not stated""}, {""value"": ""1.0"", ""label"": ""Mother""}, {""value"": ""2.0"", ""label"": ""Father""}, {""value"": ""3.0"", ""label"": ""Sibling""}, {""value"": ""4.0"", ""label"": ""Step, foster sibling""}, {""value"": ""5.0"", ""label"": ""Grandparent""}, {""value"": ""6.0"", ""label"": ""Other adult""}, {""value"": ""7.0"", ""label"": ""Other child""}, {""value"": ""8.0"", ""label"": ""Not specified""}, {""value"": ""9.0"", ""label"": ""Not decipherable""}]"
700,e3.6a,1ST PERSON ILLNESS 1ST DIAGNOSIS (A),NA,NA,NA,[]
701,e3.6b,1ST PERSON ILLNESS 1ST DIAGNOSIS (B),NA,NA,NA,[]
702,e3.7,1ST PERSON ILLNESS 1ST DIAG ICD CODE,NA,NA,NA,[]
703,e3.8,1ST PERSON ILLNESS 2ND DIAGNOSIS,NA,NA,NA,[]
704,e3.9,1ST PERSON ILLNESS 2ND DIAG ICD CODE,NA,NA,NA,[]
705,e3.10,1ST PERSON ILLNESS YEAR OF ONSET,numeric,SCALE,-5.0 thru -3.0 and -2.0,"[{""value"": ""-5.0"", ""label"": ""Other answer""}, {""value"": ""-3.0"", ""label"": ""Not stated""}, {""value"": ""-2.0"", ""label"": ""Not known""}]"
706,e3.11a,1ST PERSON ILLNESS DURATION (YY),numeric,SCALE,-5.0 thru -3.0 and -2.0,"[{""value"": ""-5.0"", ""label"": ""Other answer""}, {""value"": ""-3.0"", ""label"": ""Not stated""}, {""value"": ""-2.0"", ""label"": ""Not known""}]"
707,e3.11b,1ST PERSON ILLNESS DURATION (MM),numeric,NOMINAL,-5.0 thru -3.0 and -2.0,"[{""value"": ""-3.0"", ""label"": ""Not stated""}, {""value"": ""-2.0"", ""label"": ""Not known""}]"
708,e3.12,1ST PERSON ILLNESS OUTCOME,numeric,NOMINAL,NA,"[{""value"": ""1.0"", ""label"": ""Recovered""}, {""value"": ""2.0"", ""label"": ""Not completely recovered""}, {""value"": ""3.0"", ""label"": ""Death""}, {""value"": ""4.0"", ""label"": ""Don't know""}, {""value"": ""5.0"", ""label"": ""Not specified""}, {""value"": ""6.0"", ""label"": ""Not classifiable""}]"
709,e3.13,1ST PERSON ILLNESS INTERFERE WITH CHILD,numeric,NOMINAL,NA,"[{""value"": ""1.0"", ""label"": ""Interfered""}, {""value"": ""2.0"", ""label"": ""Not interfered""}, {""value"": ""3.0"", ""label"": ""Unclassifiable""}, {""value"": ""4.0"", ""label"": ""Don't know""}]"
710,e3.14,2ND PERSON ILLNESS RELATIONSHIP,numeric,NOMINAL,NA,"[{""value"": ""1.0"", ""label"": ""Mother""}, {""value"": ""2.0"", ""label"": ""Father""}, {""value"": ""3.0"", ""label"": ""Sibling""}, {""value"": ""4.0"", ""label"": ""Step, foster sibling""}, {""value"": ""5.0"", ""label"": ""Grandparent""}, {""value"": ""6.0"", ""label"": ""Other adult""}, {""value"": ""7.0"", ""label"": ""Other child""}, {""value"": ""8.0"", ""label"": ""Not specified""}, {""value"": ""9.0"", ""label"": ""Not decipherable""}]"
711,e3.15a,2ND PERSON ILLNESS 1ST DIAGNOSIS (A),NA,NA,NA,[]
712,e3.15b,2ND PERSON ILLNESS 1ST DIAGNOSIS (B),NA,NA,NA,[]
713,e3.16,2ND PERSON ILLNESS 1ST DIAG ICD CODE,NA,NA,NA,[]
714,e3.17,2ND PERSON ILLNESS 2ND DIAGNOSIS,NA,NA,NA,[]
715,e3.18,2ND PERSON ILLNESS 2ND DIAG ICD CODE,NA,NA,NA,[]
716,e3.19,2ND PERSON ILLNESS YEAR OF ONSET,numeric,SCALE,-5.0 thru -3.0 and -2.0,"[{""value"": ""-5.0"", ""label"": ""Other answer""}, {""value"": ""-2.0"", ""label"": ""Not known""}]"
717,e3.20a,2ND PERSON ILLNESS DURATION (YY),numeric,SCALE,-5.0 thru -3.0 and -2.0,"[{""value"": ""-5.0"", ""label"": ""Other answer""}, {""value"": ""-2.0"", ""label"": ""Not known""}]"
718,e3.20b,2ND PERSON ILLNESS DURATION (MM),numeric,NOMINAL,-8.0 thru -2.0 and -1.0,"[{""value"": ""-2.0"", ""label"": ""Not known""}]"
719,e3.21,2ND PERSON ILLNESS OUTCOME,numeric,NOMINAL,NA,"[{""value"": ""1.0"", ""label"": ""Recovered""}, {""value"": ""2.0"", ""label"": ""Not completely recovered""}, {""value"": ""3.0"", ""label"": ""Death""}, {""value"": ""4.0"", ""label"": ""Don't know""}, {""value"": ""5.0"", ""label"": ""Not specified""}, {""value"": ""6.0"", ""label"": ""Not classifiable""}]"
720,e3.22,2ND PERSON ILLNESS INTERFERE WITH CHILD,numeric,NOMINAL,NA,"[{""value"": ""1.0"", ""label"": ""Interfered""}, {""value"": ""2.0"", ""label"": ""Not interfered""}, {""value"": ""3.0"", ""label"": ""Unclassifiable""}, {""value"": ""4.0"", ""label"": ""Don't know""}]"
721,e3.23,3RD PERSON ILLNESS RELATIONSHIP,numeric,NOMINAL,NA,"[{""value"": ""1.0"", ""label"": ""Mother""}, {""value"": ""2.0"", ""label"": ""Father""}, {""value"": ""3.0"", ""label"": ""Sibling""}, {""value"": ""4.0"", ""label"": ""Step, foster sibling""}, {""value"": ""5.0"", ""label"": ""Grandparent""}, {""value"": ""6.0"", ""label"": ""Other adult""}, {""value"": ""7.0"", ""label"": ""Other child""}, {""value"": ""8.0"", ""label"": ""Not specified""}, {""value"": ""9.0"", ""label"": ""Not decipherable""}]"
722,e3.24a,3RD PERSON ILLNESS 1ST DIAGNOSIS (A),NA,NA,NA,[]
723,e3.24b,3RD PERSON ILLNESS 1ST DIAGNOSIS (B),NA,NA,NA,[]
724,e3.25,3RD PERSON ILLNESS 1ST DIAG ICD CODE,NA,NA,NA,[]
725,e3.26,3RD PERSON ILLNESS 2ND DIAGNOSIS,NA,NA,NA,[]
726,e3.27,3RD PERSON ILLNESS 2ND DIAG ICD CODE,NA,NA,NA,[]
727,e3.28,3RD PERSON ILLNESS YEAR OF ONSET,numeric,SCALE,-5.0 thru -3.0 and -2.0,"[{""value"": ""-5.0"", ""label"": ""Other answer""}, {""value"": ""-2.0"", ""label"": ""Not known""}]"
728,e3.29a,3RD PERSON ILLNESS DURATION (YY),numeric,NOMINAL,-5.0 thru -3.0 and -2.0,"[{""value"": ""-5.0"", ""label"": ""Other answer""}, {""value"": ""-2.0"", ""label"": ""Not known""}]"
729,e3.29b,3RD PERSON ILLNESS DURATION (MM),numeric,NOMINAL,NA,[]
730,e3.30,3RD PERSON ILLNESS OUTCOME,numeric,NOMINAL,NA,"[{""value"": ""1.0"", ""label"": ""Recovered""}, {""value"": ""2.0"", ""label"": ""Not completely recovered""}, {""value"": ""3.0"", ""label"": ""Death""}, {""value"": ""4.0"", ""label"": ""Don't know""}, {""value"": ""5.0"", ""label"": ""Not specified""}, {""value"": ""6.0"", ""label"": ""Not classifiable""}]"
731,e3.31,3RD PERSON ILLNESS INTERFERE WITH CHILD,numeric,NOMINAL,NA,"[{""value"": ""1.0"", ""label"": ""Interfered""}, {""value"": ""2.0"", ""label"": ""Not interfered""}, {""value"": ""3.0"", ""label"": ""Unclassifiable""}, {""value"": ""4.0"", ""label"": ""Don't know""}]"
732,e3.32,"ILLNESS IN FAMILY, NO. OF PEOPLE CODED",numeric,NOMINAL,NA,[]
733,e3.33,"ILLNESS IN FAMILY, NUMBER DIAG PERSON 1",numeric,NOMINAL,NA,[]
734,e3.34,"ILLNESS IN FAMILY, NUMBER DIAG PERSON 2",numeric,NOMINAL,NA,[]
735,e3.35,"ILLNESS IN FAMILY, NUMBER DIAG PERSON 3",numeric,NOMINAL,NA,[]
736,e4.1,"DID MOTHER DRINK DURING PREGNANCY, EARLY",numeric,NOMINAL,NA,"[{""value"": ""1.0"", ""label"": ""Most days""}, {""value"": ""2.0"", ""label"": ""2 to 3 times a week""}, {""value"": ""3.0"", ""label"": ""Once a week or less""}, {""value"": ""4.0"", ""label"": ""Not at all""}, {""value"": ""5.0"", ""label"": ""Not known""}]"
737,e4.2,"DID MOTHER DRINK DURING PREGNANCY, LATER",numeric,NOMINAL,NA,"[{""value"": ""1.0"", ""label"": ""Most days""}, {""value"": ""2.0"", ""label"": ""2 to 3 times a week""}, {""value"": ""3.0"", ""label"": ""Once a week or less""}, {""value"": ""4.0"", ""label"": ""Not at all""}, {""value"": ""5.0"", ""label"": ""Not known""}]"
738,e4.3,"EARLY PREGNANCY DRINK, TEXT POOL IDENT 1",numeric,NOMINAL,NA,[]
739,e4.4,"EARLY PREGNANCY DRINK, TEXT POOL IDENT 2",numeric,NOMINAL,NA,[]
740,e5.1,COUGH IN MORNING: CHILD,numeric,NOMINAL,NA,"[{""value"": ""1.0"", ""label"": ""No""}, {""value"": ""2.0"", ""label"": ""Yes, less than 3 months a year""}, {""value"": ""3.0"", ""label"": ""Yes, 3 months or more""}, {""value"": ""4.0"", ""label"": ""Not known""}]"
741,e5.2,COUGH IN MORNING: MOTHER,numeric,NOMINAL,NA,"[{""value"": ""1.0"", ""label"": ""No""}, {""value"": ""2.0"", ""label"": ""Yes, less than 3 months a year""}, {""value"": ""3.0"", ""label"": ""Yes, 3 months or more""}, {""value"": ""4.0"", ""label"": ""Not known""}, {""value"": ""5.0"", ""label"": ""No mother figure""}]"
742,e5.3,COUGH IN MORNING: FATHER,numeric,NOMINAL,NA,"[{""value"": ""1.0"", ""label"": ""No""}, {""value"": ""2.0"", ""label"": ""Yes, less than 3 months a year""}, {""value"": ""3.0"", ""label"": ""Yes, 3 months or more""}, {""value"": ""4.0"", ""label"": ""Not known""}, {""value"": ""5.0"", ""label"": ""No father figure""}]"
743,e6.1,"COUGH DURING DAY, NIGHT: CHILD",numeric,NOMINAL,NA,"[{""value"": ""1.0"", ""label"": ""No""}, {""value"": ""2.0"", ""label"": ""Yes, less than 3 months a year""}, {""value"": ""3.0"", ""label"": ""Yes, 3 months or more""}, {""value"": ""4.0"", ""label"": ""Not known""}]"
744,e6.2,"COUGH DURING DAY, NIGHT: MOTHER",numeric,NOMINAL,NA,"[{""value"": ""1.0"", ""label"": ""No""}, {""value"": ""2.0"", ""label"": ""Yes, less than 3 months a year""}, {""value"": ""3.0"", ""label"": ""Yes, 3 months or more""}, {""value"": ""4.0"", ""label"": ""Not known""}, {""value"": ""5.0"", ""label"": ""No mother figure""}]"
745,e6.3,"COUGH DURING DAY, NIGHT: FATHER",numeric,NOMINAL,NA,"[{""value"": ""1.0"", ""label"": ""No""}, {""value"": ""2.0"", ""label"": ""Yes, less than 3 months a year""}, {""value"": ""3.0"", ""label"": ""Yes, 3 months or more""}, {""value"": ""4.0"", ""label"": ""Not known""}, {""value"": ""5.0"", ""label"": ""No father figure""}]"
746,e7.1,PHLEGM IN MORNING: CHILD,numeric,NOMINAL,NA,"[{""value"": ""1.0"", ""label"": ""No""}, {""value"": ""2.0"", ""label"": ""Yes, less than 3 months a year""}, {""value"": ""3.0"", ""label"": ""Yes, 3 months or more""}, {""value"": ""4.0"", ""label"": ""Not known""}]"
747,e7.2,PHLEGM IN MORNING: MOTHER,numeric,NOMINAL,NA,"[{""value"": ""1.0"", ""label"": ""No""}, {""value"": ""2.0"", ""label"": ""Yes, less than 3 months a year""}, {""value"": ""3.0"", ""label"": ""Yes, 3 months or more""}, {""value"": ""4.0"", ""label"": ""Not known""}, {""value"": ""5.0"", ""label"": ""No mother figure""}]"
748,e7.3,PHLEGM IN MORNING: FATHER,numeric,NOMINAL,NA,"[{""value"": ""1.0"", ""label"": ""No""}, {""value"": ""2.0"", ""label"": ""Yes, less than 3 months a year""}, {""value"": ""3.0"", ""label"": ""Yes, 3 months or more""}, {""value"": ""4.0"", ""label"": ""Not known""}, {""value"": ""5.0"", ""label"": ""No father figure""}]"
749,e8.1,"PHLEGM DURING DAY, NIGHT: CHILD",numeric,NOMINAL,NA,"[{""value"": ""1.0"", ""label"": ""No""}, {""value"": ""2.0"", ""label"": ""Yes, less than 3 months a year""}, {""value"": ""3.0"", ""label"": ""Yes, 3 months or more""}, {""value"": ""4.0"", ""label"": ""Not known""}]"
750,e8.2,"PHLEGM DURING DAY, NIGHT: MOTHER",numeric,NOMINAL,NA,"[{""value"": ""1.0"", ""label"": ""No""}, {""value"": ""2.0"", ""label"": ""Yes, less than 3 months a year""}, {""value"": ""3.0"", ""label"": ""Yes, 3 months or more""}, {""value"": ""4.0"", ""label"": ""Not known""}, {""value"": ""5.0"", ""label"": ""No mother figure""}]"
751,e8.3,"PHLEGM DURING DAY, NIGHT: FATHER",numeric,NOMINAL,NA,"[{""value"": ""1.0"", ""label"": ""No""}, {""value"": ""2.0"", ""label"": ""Yes, less than 3 months a year""}, {""value"": ""3.0"", ""label"": ""Yes, 3 months or more""}, {""value"": ""4.0"", ""label"": ""Not known""}, {""value"": ""5.0"", ""label"": ""No father figure""}]"
752,e9.1,MOTHER'S PRESENT SMOKING HABITS,numeric,NOMINAL,NA,"[{""value"": ""1.0"", ""label"": ""Cigarettes""}, {""value"": ""2.0"", ""label"": ""Cigars""}, {""value"": ""3.0"", ""label"": ""Non smoker""}, {""value"": ""4.0"", ""label"": ""Not known""}, {""value"": ""5.0"", ""label"": ""No mother figure""}]"
753,e9.2,NO. OF CIGARETTES MOTHER SMOKES DAILY,numeric,SCALE,-5.0 thru -3.0 and -2.0,"[{""value"": ""-5.0"", ""label"": ""Other answer""}, {""value"": ""-3.0"", ""label"": ""Not stated""}, {""value"": ""-2.0"", ""label"": ""Not known""}]"
754,e9.3,LENGTH OF TIME MOTHER HAS SMOKED,numeric,SCALE,-5.0 thru -3.0 and -2.0,"[{""value"": ""-5.0"", ""label"": ""Other answer""}, {""value"": ""-3.0"", ""label"": ""Not stated""}, {""value"": ""0.0"", ""label"": ""Less than a year""}]"
755,e10.1,MOTHER NON SMOKER NOW HAS SMOKED IN PAST,numeric,NOMINAL,NA,"[{""value"": ""1.0"", ""label"": ""Has smoked""}, {""value"": ""2.0"", ""label"": ""Never in past 10 years""}]"
756,e10.2,NO. OF CIGARETTES MOTHER SMOKED PAST,numeric,SCALE,-5.0 thru -3.0 and -2.0,"[{""value"": ""-5.0"", ""label"": ""Other answer""}, {""value"": ""-3.0"", ""label"": ""Not stated""}, {""value"": ""-2.0"", ""label"": ""Not known""}]"
757,e10.3,LENGTH OF TIME MOTHER BEEN NON SMOKER,numeric,NOMINAL,-5.0 thru -3.0 and -2.0,"[{""value"": ""-5.0"", ""label"": ""Other answer""}, {""value"": ""-3.0"", ""label"": ""Not stated""}, {""value"": ""-2.0"", ""label"": ""Not known""}]"
758,e11.1,FATHER'S PRESENT SMOKING HABITS,numeric,NOMINAL,NA,"[{""value"": ""1.0"", ""label"": ""Cigarettes""}, {""value"": ""2.0"", ""label"": ""Cigars""}, {""value"": ""3.0"", ""label"": ""Non smoker""}, {""value"": ""4.0"", ""label"": ""Not known""}, {""value"": ""5.0"", ""label"": ""No father figure""}]"
759,e11.2,NO. OF CIGARETTES FATHER SMOKES DAILY,numeric,SCALE,-5.0 thru -3.0 and -2.0,"[{""value"": ""-5.0"", ""label"": ""Other answer""}, {""value"": ""-3.0"", ""label"": ""Not stated""}, {""value"": ""-2.0"", ""label"": ""Not known""}]"
760,e11.3,LENGTH OF TIME FATHER HAS SMOKED,numeric,SCALE,-5.0 thru -3.0 and -2.0,"[{""value"": ""-5.0"", ""label"": ""Other answer""}, {""value"": ""-3.0"", ""label"": ""Not stated""}, {""value"": ""-2.0"", ""label"": ""Not known""}]"
761,e12.1,FATHER NON SMOKER NOW HAS SMOKED IN PAST,numeric,NOMINAL,NA,"[{""value"": ""1.0"", ""label"": ""Has smoked""}, {""value"": ""2.0"", ""label"": ""Never in past 10 years""}]"
762,e12.2,NO. OF CIGARETTES FATHER SMOKED PAST,numeric,SCALE,-5.0 thru -3.0 and -2.0,"[{""value"": ""-5.0"", ""label"": ""Other answer""}, {""value"": ""-3.0"", ""label"": ""Not stated""}, {""value"": ""-2.0"", ""label"": ""Not known""}]"
763,e12.3,LENGTH OF TIME FATHER BEEN NON SMOKER,numeric,SCALE,-5.0 thru -3.0 and -2.0,"[{""value"": ""-5.0"", ""label"": ""Other answer""}, {""value"": ""-3.0"", ""label"": ""Not stated""}, {""value"": ""-2.0"", ""label"": ""Not known""}]"
764,e13.1,ANY OTHER PERSON IN HOUSE SMOKES,numeric,NOMINAL,NA,"[{""value"": ""1.0"", ""label"": ""Yes""}, {""value"": ""2.0"", ""label"": ""No""}, {""value"": ""3.0"", ""label"": ""Not known""}]"
765,e13.2,HOW MANY OTHER PEOPLE SMOKE IN HOUSE?,numeric,NOMINAL,-8.0 thru -3.0 and -1.0,"[{""value"": ""-3.0"", ""label"": ""Not stated""}]"
766,back1p,FURTHER COMMENTS PRESENT ON BACK PAGE,numeric,NOMINAL,NA,"[{""value"": ""1.0"", ""label"": ""Yes""}, {""value"": ""2.0"", ""label"": ""No""}]"
767,back2p,WILLING FOR MEDICAL RECORDS BE CONSULTED,numeric,NOMINAL,-8.0 thru -1.0,"[{""value"": ""-8.0"", ""label"": ""Out of range""}, {""value"": ""1.0"", ""label"": ""Yes""}, {""value"": ""2.0"", ""label"": ""No""}]"
768,back3p,PARENTAL FORM SIGNED,numeric,NOMINAL,-8.0 thru -1.0,"[{""value"": ""-8.0"", ""label"": ""Out of range""}, {""value"": ""0.0"", ""label"": ""Not signed""}, {""value"": ""1.0"", ""label"": ""Signed""}]"
769,back4ap,DATE OF PARENTAL INTERVIEW (DD),numeric,SCALE,-8.0 thru -1.0,"[{""value"": ""-8.0"", ""label"": ""Out of range""}]"
770,back4bp,DATE OF PARENTAL INTERVIEW (MM),numeric,NOMINAL,-8.0 thru -1.0,"[{""value"": ""-8.0"", ""label"": ""Out of range""}]"
771,back4cp,DATE OF PARENTAL INTERVIEW (YY),numeric,SCALE,-8.0 thru -1.0,"[{""value"": ""-8.0"", ""label"": ""Out of range""}]"
772,back5p,FATHER'S CORRECTED EMPLOYMENT SITUATION,numeric,NOMINAL,-8.0 thru -1.0,"[{""value"": ""-8.0"", ""label"": ""Out of range""}, {""value"": ""1.0"", ""label"": ""Regular paid job""}, {""value"": ""2.0"", ""label"": ""Works occasionally""}, {""value"": ""3.0"", ""label"": ""Seeking work""}, {""value"": ""4.0"", ""label"": ""Looking after home""}, {""value"": ""5.0"", ""label"": ""Not in paid job""}, {""value"": ""7.0"", ""label"": ""Other situation""}, {""value"": ""8.0"", ""label"": ""No male head of household""}]"
773,back6p,FATHER'S CORRECTED OCCUP CODE 1980,numeric,SCALE,-9.0 thru None,"[{""value"": ""-9.0"", ""label"": ""No code available""}]"
774,back7p,FATHER'S CORRECTED OCCUP CODE 1970,numeric,SCALE,-9.0 thru None,"[{""value"": ""-9.0"", ""label"": ""No code available""}]"
775,back10p,FATHER'S CORRECTED SOCIAL VARS SEG 1980,numeric,SCALE,-9.0 thru None,"[{""value"": ""-9.0"", ""label"": ""No code available""}]"
776,back14p,FATHER'S CORRECTED SOCIAL VARS SEG 1970,numeric,SCALE,-9.0 thru None,"[{""value"": ""-9.0"", ""label"": ""No code available""}]"
777,back15p,MOTHER'S CORRECTED EMPLOYMENT SITUATION,numeric,NOMINAL,-8.0 thru -1.0,"[{""value"": ""-8.0"", ""label"": ""Out of range""}, {""value"": ""1.0"", ""label"": ""Regular paid job""}, {""value"": ""2.0"", ""label"": ""Works occasionally""}, {""value"": ""3.0"", ""label"": ""Seeking work""}, {""value"": ""4.0"", ""label"": ""Looking after home""}, {""value"": ""5.0"", ""label"": ""Not in paid job""}, {""value"": ""7.0"", ""label"": ""Other situation""}, {""value"": ""8.0"", ""label"": ""No male head of household""}]"
778,back16p,MOTHER'S CORRECTED OCCUP CODE 1980,numeric,SCALE,-9.0 thru None,"[{""value"": ""-9.0"", ""label"": ""No code available""}]"
779,back17p,MOTHER'S CORRECTED OCCUP CODE 1970,numeric,SCALE,-9.0 thru None,"[{""value"": ""-9.0"", ""label"": ""No code available""}]"
780,back20p,MOTHER'S CORRECTED SOCIAL VARS SEG 1980,numeric,SCALE,-9.0 thru None,"[{""value"": ""-9.0"", ""label"": ""No code available""}]"
781,back24p,MOTHER'S CORRECTED SOCIAL VARS SEG 1970,numeric,SCALE,-9.0 thru None,"[{""value"": ""-9.0"", ""label"": ""No code available""}]"
782,pent1.1,TEXT POOL ENTRY 1 POINTER,NA,NA,NA,[]
783,pent1.2,TEXT POOL ENTRY 1 ICD CODE,NA,NA,NA,[]
784,pent1.3,TEXT POOL ENTRY 1 TEXT STRING 30 CHARS,NA,NA,NA,[]
785,pent2.1,TEXT POOL ENTRY 2 POINTER,NA,NA,NA,[]
786,pent2.2,TEXT POOL ENTRY 2 ICD CODE,NA,NA,NA,[]
787,pent2.3,TEXT POOL ENTRY 2 TEXT STRING 30 CHARS,NA,NA,NA,[]
788,pent3.1,TEXT POOL ENTRY 3 POINTER,NA,NA,NA,[]
789,pent3.2,TEXT POOL ENTRY 3 ICD CODE,NA,NA,NA,[]
790,pent3.3,TEXT POOL ENTRY 3 TEXT STRING 30 CHARS,NA,NA,NA,[]
791,pent4.1,TEXT POOL ENTRY 4 POINTER,NA,NA,NA,[]
792,pent4.2,TEXT POOL ENTRY 4 ICD CODE,NA,NA,NA,[]
793,pent4.3,TEXT POOL ENTRY 4 TEXT STRING 30 CHARS,NA,NA,NA,[]
794,pent5.1,TEXT POOL ENTRY 5 POINTER,NA,NA,NA,[]
795,pent5.2,TEXT POOL ENTRY 5 ICD CODE,NA,NA,NA,[]
796,pent5.3,TEXT POOL ENTRY 5 TEXT STRING 30 CHARS,NA,NA,NA,[]
797,pent6.1,TEXT POOL ENTRY 6 POINTER,NA,NA,NA,[]
798,pent6.2,TEXT POOL ENTRY 6 ICD CODE,NA,NA,NA,[]
799,pent6.3,TEXT POOL ENTRY 6 TEXT STRING 30 CHARS,NA,NA,NA,[]
800,pent7.1,TEXT POOL ENTRY 7 POINETR,NA,NA,NA,[]
801,pent7.2,TEXT POOL ENTRY 7 ICD CODE,NA,NA,NA,[]
802,pent7.3,TEXT POOL ENTRY 7 TEXT STRING 30 CHARS,NA,NA,NA,[]
803,pent8.1,TEXT POOL ENTRY 8 POINTER,NA,NA,NA,[]
804,pent8.2,TEXT POOL ENTRY 8 ICD CODE,NA,NA,NA,[]
805,pent8.3,TEXT POOL ENTRY 8 TEXT STRING 30 CHARS,NA,NA,NA,[]
806,pent9.1,TEXT POOL ENTRY 9 POINTER,NA,NA,NA,[]
807,pent9.2,TEXT POOL ENTRY 9 ICD CODE,NA,NA,NA,[]
808,pent9.3,TEXT POOL ENTRY 9 TEXT STRING 30 CHARS,NA,NA,NA,[]
809,pent10.1,TEXT POOL ENTRY 10 POINTER,NA,NA,NA,[]
810,pent10.2,TEXT POOL ENTRY 10 ICD CODE,NA,NA,NA,[]
811,pent10.3,TEXT POOL ENTRY 10 TEXT STRING 30 CHARS,NA,NA,NA,[]
812,pent11.1,TEXT POOL ENTRY 11 POINTER,NA,NA,NA,[]
813,pent11.2,TEXT POOL ENTRY 11 ICD CODE,NA,NA,NA,[]
814,pent11.3,TEXT POOL ENTRY 11 TEXT STRING 30 CHARS,NA,NA,NA,[]
815,pent12.1,TEXT POOL ENTRY 12 POINTER,NA,NA,NA,[]
816,pent12.2,TEXT POOL ENTRY 12 ICD CODE,NA,NA,NA,[]
817,pent12.3,TEXT POOL ENTRY 12 TEXT STRING 30 CHARS,NA,NA,NA,[]
818,pent13.1,TEXT POOL ENTRY 13 POINTER,NA,NA,NA,[]
819,pent13.2,TEXT POOL ENTRY 13 ICD CODE,NA,NA,NA,[]
820,pent13.3,TEXT POOL ENTRY 13 TEXT STRING 30 CHARS,NA,NA,NA,[]
821,pent14.1,TEXT POOL ENTRY 14 POINTER,NA,NA,NA,[]
822,pent14.2,TEXT POOL ENTRY 14 ICD CODE,NA,NA,NA,[]
823,pent14.3,TEXT POOL ENTRY 14 TEXT STRING 30 CHARS,NA,NA,NA,[]
824,pent15.1,TEXT POOL ENTRY 15 POINTER,NA,NA,NA,[]
825,pent15.2,TEXT POOL ENTRY 15 ICD CODE,NA,NA,NA,[]
826,pent15.3,TEXT POOL ENTRY 15 TEXT STRING 30 CHARS,NA,NA,NA,[]
827,pent16.1,TEXT POOL ENTRY 16 POINTER,NA,NA,NA,[]
828,pent16.2,TEXT POOL ENTRY 16 ICD CODE,NA,NA,NA,[]
829,pent16.3,TEXT POOL ENTRY 16 TEXT STRING 30 CHARS,NA,NA,NA,[]
830,pent17.1,TEXT POOL ENTRY 17 POINTER,NA,NA,NA,[]
831,pent17.2,TEXT POOL ENTRY 17 ICD CODE,NA,NA,NA,[]
832,pent17.3,TEXT POOL ENTRY 17 TEXT STRING 30 CHARS,NA,NA,NA,[]
833,pent18.1,TEXT POOL ENTRY 18 POINTER,NA,NA,NA,[]
834,pent18.2,TEXT POOL ENTRY 18 ICD CODE,NA,NA,NA,[]
835,pent18.3,TEXT POOL ENTRY 18 TEXT STRING 30 CHARS,NA,NA,NA,[]
836,pent19.1,TEXT POOL ENTRY 19 POINTER,NA,NA,NA,[]
837,pent19.2,TEXT POOL ENTRY 19 ICD CODE,NA,NA,NA,[]
838,pent19.3,TEXT POOL ENTRY 19 TEXT STRING 30 CHARS,NA,NA,NA,[]
839,pent20.1,TEXT POOL ENTRY 20 POINTER,NA,NA,NA,[]
840,pent20.2,TEXT POOL ENTRY 20 ICD CODE,NA,NA,NA,[]
841,pent20.3,TEXT POOL ENTRY 20 TEXT STRING 30 CHARS,NA,NA,NA,[]
842,code,MEDICAL CODER CODE,numeric,NOMINAL,NA,"[{""value"": ""1.0"", ""label"": """"}, {""value"": ""2.0"", ""label"": """"}, {""value"": ""3.0"", ""label"": """"}, {""value"": ""4.0"", ""label"": """"}, {""value"": ""5.0"", ""label"": """"}, {""value"": ""6.0"", ""label"": """"}, {""value"": ""7.0"", ""label"": """"}, {""value"": ""8.0"", ""label"": """"}, {""value"": ""9.0"", ""label"": """"}]"
843,examdata,DATE OF MEDICAL EXAMINATION (DD),numeric,SCALE,-8.0 thru -3.0 and -1.0,"[{""value"": ""-8.0"", ""label"": ""Out of range""}, {""value"": ""-3.0"", ""label"": ""Not stated""}]"
844,examdatb,DATE OF MEDICAL EXAMINATION (MM),numeric,NOMINAL,-8.0 thru -3.0 and -1.0,"[{""value"": ""-8.0"", ""label"": ""Out of range""}, {""value"": ""-3.0"", ""label"": ""Not stated""}]"
845,examdatc,DATE OF MEDICAL EXAMINATION (YY),numeric,SCALE,-8.0 thru -3.0 and -1.0,"[{""value"": ""-8.0"", ""label"": ""Out of range""}, {""value"": ""-3.0"", ""label"": ""Not stated""}]"
846,status,STATUS OF EXAMINING MEDICAL OFFICER,numeric,NOMINAL,-8.0 thru -1.0,"[{""value"": ""-8.0"", ""label"": ""Out of range""}, {""value"": ""1.0"", ""label"": ""SCMO""}, {""value"": ""2.0"", ""label"": ""CMO""}, {""value"": ""3.0"", ""label"": ""Other Community Doctor""}, {""value"": ""4.0"", ""label"": ""GP""}, {""value"": ""5.0"", ""label"": ""Other non Community Doctor""}, {""value"": ""6.0"", ""label"": ""Other""}]"
847,mea1,ARE SCHOOL MEDICAL RECORDS AVAILABLE?,numeric,NOMINAL,NA,"[{""value"": ""1.0"", ""label"": ""Yes""}, {""value"": ""2.0"", ""label"": ""No""}]"
848,mea2.1,ARE OTHER CHILD HEALTH RECORDS AVAILABLE?,numeric,NOMINAL,NA,"[{""value"": ""1.0"", ""label"": ""Yes""}, {""value"": ""2.0"", ""label"": ""No""}]"
849,mea2.2,"OTHER HEALTH RECORDS, TYPE OF 1ST OTHER",numeric,NOMINAL,-5.0 thru -3.0 and -2.0,"[{""value"": ""-5.0"", ""label"": ""Other answer""}, {""value"": ""-3.0"", ""label"": ""Not stated""}, {""value"": ""1.0"", ""label"": ""Infant records""}, {""value"": ""2.0"", ""label"": ""Health Visitor records""}, {""value"": ""3.0"", ""label"": ""Immunisation card""}, {""value"": ""4.0"", ""label"": ""Computer print out""}, {""value"": ""5.0"", ""label"": ""School nurse record""}, {""value"": ""6.0"", ""label"": ""GP records""}, {""value"": ""7.0"", ""label"": ""Hospital letters""}, {""value"": ""8.0"", ""label"": ""Ed Psych report""}, {""value"": ""9.0"", ""label"": ""Speech/hearing report""}, {""value"": ""10.0"", ""label"": ""Vision reports""}, {""value"": ""11.0"", ""label"": ""Other special records""}, {""value"": ""12.0"", ""label"": ""Other records""}, {""value"": ""13.0"", ""label"": ""Illegible""}, {""value"": ""14.0"", ""label"": ""Registers specified""}, {""value"": ""15.0"", ""label"": ""Special handicapped""}]"
850,mea2.3,"OTHER HEALTH RECORDS, TYPE OF 2ND OTHER",numeric,NOMINAL,-8.0 thru -3.0 and -1.0,"[{""value"": ""-8.0"", ""label"": ""Out of range""}, {""value"": ""-3.0"", ""label"": ""Not stated""}, {""value"": ""1.0"", ""label"": ""Infant records""}, {""value"": ""2.0"", ""label"": ""Health Visitor records""}, {""value"": ""3.0"", ""label"": ""Immunisation card""}, {""value"": ""4.0"", ""label"": ""Computer print out""}, {""value"": ""5.0"", ""label"": ""School nurse record""}, {""value"": ""6.0"", ""label"": ""GP records""}, {""value"": ""7.0"", ""label"": ""Hospital letters""}, {""value"": ""8.0"", ""label"": ""Ed Psych report""}, {""value"": ""9.0"", ""label"": ""Speech/hearing report""}, {""value"": ""10.0"", ""label"": ""Vision reports""}, {""value"": ""11.0"", ""label"": ""Other special records""}, {""value"": ""12.0"", ""label"": ""Other records""}, {""value"": ""13.0"", ""label"": ""Illegible""}, {""value"": ""14.0"", ""label"": ""Registers specified""}, {""value"": ""15.0"", ""label"": ""Special handicapped""}]"
851,mea2.4,"OTHER HEALTH RECORDS, TYPE OF 3RD OTHER",numeric,NOMINAL,-8.0 thru -3.0 and -1.0,"[{""value"": ""-3.0"", ""label"": ""Not stated""}, {""value"": ""1.0"", ""label"": ""Infant records""}, {""value"": ""2.0"", ""label"": ""Health Visitor records""}, {""value"": ""3.0"", ""label"": ""Immunisation card""}, {""value"": ""4.0"", ""label"": ""Computer print out""}, {""value"": ""5.0"", ""label"": ""School nurse record""}, {""value"": ""6.0"", ""label"": ""GP records""}, {""value"": ""7.0"", ""label"": ""Hospital letters""}, {""value"": ""8.0"", ""label"": ""Ed Psych report""}, {""value"": ""9.0"", ""label"": ""Speech/hearing report""}, {""value"": ""10.0"", ""label"": ""Vision reports""}, {""value"": ""11.0"", ""label"": ""Other special records""}, {""value"": ""12.0"", ""label"": ""Other records""}, {""value"": ""13.0"", ""label"": ""Illegible""}, {""value"": ""14.0"", ""label"": ""Registers specified""}, {""value"": ""15.0"", ""label"": ""Special handicapped""}]"
852,mea2.5,"OTHER HEALTH RECORDS, TYPE OF 4TH OTHER",numeric,NOMINAL,-8.0 thru -3.0 and -1.0,"[{""value"": ""-3.0"", ""label"": ""Not stated""}, {""value"": ""1.0"", ""label"": ""Infant records""}, {""value"": ""2.0"", ""label"": ""Health Visitor records""}, {""value"": ""3.0"", ""label"": ""Immunisation card""}, {""value"": ""4.0"", ""label"": ""Computer print out""}, {""value"": ""5.0"", ""label"": ""School nurse record""}, {""value"": ""6.0"", ""label"": ""GP records""}, {""value"": ""7.0"", ""label"": ""Hospital letters""}, {""value"": ""8.0"", ""label"": ""Ed Psych report""}, {""value"": ""9.0"", ""label"": ""Speech/hearing report""}, {""value"": ""10.0"", ""label"": ""Vision reports""}, {""value"": ""11.0"", ""label"": ""Other special records""}, {""value"": ""12.0"", ""label"": ""Other records""}, {""value"": ""13.0"", ""label"": ""Illegible""}, {""value"": ""14.0"", ""label"": ""Registers specified""}, {""value"": ""15.0"", ""label"": ""Special handicapped""}]"
853,mea2.6,"OTHER HEALTH RECORDS, TYPE OF 5TH OTHER",numeric,NOMINAL,-8.0 thru -3.0 and -1.0,"[{""value"": ""-8.0"", ""label"": ""Out of range""}, {""value"": ""-3.0"", ""label"": ""Not stated""}, {""value"": ""1.0"", ""label"": ""Infant records""}, {""value"": ""2.0"", ""label"": ""Health Visitor records""}, {""value"": ""3.0"", ""label"": ""Immunisation card""}, {""value"": ""4.0"", ""label"": ""Computer print out""}, {""value"": ""5.0"", ""label"": ""School nurse record""}, {""value"": ""6.0"", ""label"": ""GP records""}, {""value"": ""7.0"", ""label"": ""Hospital letters""}, {""value"": ""8.0"", ""label"": ""Ed Psych report""}, {""value"": ""9.0"", ""label"": ""Speech/hearing report""}, {""value"": ""10.0"", ""label"": ""Vision reports""}, {""value"": ""11.0"", ""label"": ""Other special records""}, {""value"": ""12.0"", ""label"": ""Other records""}, {""value"": ""13.0"", ""label"": ""Illegible""}, {""value"": ""14.0"", ""label"": ""Registers specified""}, {""value"": ""15.0"", ""label"": ""Special handicapped""}]"
854,mea2.7,"OTHER HEALTH RECORDS, TYPE OF 6TH OTHER",numeric,NOMINAL,-8.0 thru -5.0 and -1.0,"[{""value"": ""-8.0"", ""label"": ""Out of range""}, {""value"": ""-5.0"", ""label"": ""Other answer""}, {""value"": ""1.0"", ""label"": ""Infant records""}, {""value"": ""2.0"", ""label"": ""Health Visitor records""}, {""value"": ""3.0"", ""label"": ""Immunisation card""}, {""value"": ""4.0"", ""label"": ""Computer print out""}, {""value"": ""5.0"", ""label"": ""School nurse record""}, {""value"": ""6.0"", ""label"": ""GP records""}, {""value"": ""7.0"", ""label"": ""Hospital letters""}, {""value"": ""8.0"", ""label"": ""Ed Psych report""}, {""value"": ""9.0"", ""label"": ""Speech/hearing report""}, {""value"": ""10.0"", ""label"": ""Vision reports""}, {""value"": ""11.0"", ""label"": ""Other special records""}, {""value"": ""12.0"", ""label"": ""Other records""}, {""value"": ""13.0"", ""label"": ""Illegible""}, {""value"": ""14.0"", ""label"": ""Registers specified""}, {""value"": ""15.0"", ""label"": ""Special handicapped""}]"
855,mea3.1,EVER HAD SCHOOL MEDICAL EXAMINATION?,numeric,NOMINAL,NA,"[{""value"": ""1.0"", ""label"": ""Yes""}, {""value"": ""2.0"", ""label"": ""No""}, {""value"": ""3.0"", ""label"": ""Not known""}]"
856,mea3.2,AGE OF 1ST SCHOOL MED EXAMINATION,numeric,NOMINAL,-8.0 thru -5.0 and -3.0,"[{""value"": ""-8.0"", ""label"": ""Out of Range""}, {""value"": ""-5.0"", ""label"": ""Other Answer""}, {""value"": ""-3.0"", ""label"": ""Not stated/ Not Known""}]"
857,mea3.3,AGE OF 2ND SCHOOL MED EXAMINATION,numeric,NOMINAL,-8.0 thru -5.0 and -2.0,"[{""value"": ""-8.0"", ""label"": ""Out of range""}, {""value"": ""-5.0"", ""label"": ""Other answer""}, {""value"": ""-2.0"", ""label"": ""Not known""}]"
858,mea3.4,AGE OF 3RD SCHOOL MED EXAMINATION,numeric,NOMINAL,-8.0 thru -5.0 and -1.0,"[{""value"": ""-5.0"", ""label"": ""Other answer""}]"
859,mea3.5,AGE OF 4TH SCHOOL MED EXAMINATION,numeric,NOMINAL,NA,"[{""value"": ""4.0"", ""label"": """"}, {""value"": ""5.0"", ""label"": """"}, {""value"": ""6.0"", ""label"": """"}, {""value"": ""7.0"", ""label"": """"}, {""value"": ""8.0"", ""label"": """"}, {""value"": ""9.0"", ""label"": """"}, {""value"": ""10.0"", ""label"": """"}, {""value"": ""11.0"", ""label"": """"}]"
860,mea3.6,AGE OF 5TH SCHOOL MED EXAMINATION,numeric,NOMINAL,NA,[]
861,mea3.7,AGE OF 6TH SCHOOL MED EXAMINATION,numeric,NOMINAL,-8.0 thru -5.0 and -1.0,"[{""value"": ""-5.0"", ""label"": ""Other answer""}]"
862,mea3.8,DID CHILD HAVE PRE SCHOOL MED EXAM?,numeric,NOMINAL,-8.0 thru -3.0 and -1.0,"[{""value"": ""-3.0"", ""label"": ""Not stated""}, {""value"": ""1.0"", ""label"": ""Yes""}, {""value"": ""2.0"", ""label"": ""No""}, {""value"": ""3.0"", ""label"": ""Not known""}]"
863,mea3.9,TEXT FOR EXTRA INFO ON SCHOOL MED EXAMS,numeric,NOMINAL,NA,"[{""value"": ""1.0"", ""label"": ""Irrelevant""}, {""value"": ""2.0"", ""label"": ""Relevant""}, {""value"": ""3.0"", ""label"": ""Relevant info, no contradiction to main""}]"
864,mea4.1,SCREENING/AUDIOGRAM NOT CARRIED OUT,numeric,NOMINAL,NA,"[{""value"": ""1.0"", ""label"": ""Yes""}]"
865,mea4.2,SCREENING/AUDIOGRAM AT 4,numeric,NOMINAL,NA,"[{""value"": ""1.0"", ""label"": ""Yes""}]"
866,mea4.3,SCREENING/AUDIOGRAM AT 5,numeric,NOMINAL,NA,"[{""value"": ""1.0"", ""label"": ""Yes""}]"
867,mea4.4,SCREENING/AUDIOGRAM AT 6,numeric,NOMINAL,NA,"[{""value"": ""1.0"", ""label"": ""Yes""}]"
868,mea4.5,SCREENING/AUDIOGRAM AT 7,numeric,NOMINAL,NA,"[{""value"": ""1.0"", ""label"": ""Yes""}]"
869,mea4.6,SCREENING/AUDIOGRAM AT 8,numeric,NOMINAL,NA,"[{""value"": ""1.0"", ""label"": ""Yes""}]"
870,mea4.7,SCREENING/AUDIOGRAM AT 9,numeric,NOMINAL,NA,"[{""value"": ""1.0"", ""label"": ""Yes""}]"
871,mea4.8,"SCREENING/AUDIOGRAM, AGE NOT KNOWN",numeric,NOMINAL,NA,"[{""value"": ""1.0"", ""label"": ""Yes""}]"
872,mea4.9,"SCREENING/AUDIOGRAM, NOT KNOWN IF DONE",numeric,NOMINAL,NA,"[{""value"": ""1.0"", ""label"": ""Yes""}]"
873,mea4.10,SCREENING/DISTANT VISION CARRIED OUT,numeric,NOMINAL,NA,"[{""value"": ""1.0"", ""label"": ""Yes""}]"
874,mea4.11,SCREENING/DISTANT VISION AT 4,numeric,NOMINAL,NA,"[{""value"": ""1.0"", ""label"": ""Yes""}]"
875,mea4.12,SCREENING/DISTANT VISION AT 5,numeric,NOMINAL,NA,"[{""value"": ""1.0"", ""label"": ""Yes""}]"
876,mea4.13,SCREENING/DISTANT VISION AT 6,numeric,NOMINAL,NA,"[{""value"": ""1.0"", ""label"": ""Yes""}]"
877,mea4.14,SCREENING/DISTANT VISION AT 7,numeric,NOMINAL,NA,"[{""value"": ""1.0"", ""label"": ""Yes""}]"
878,mea4.15,SCREENING/DISTANT VISION AT 8,numeric,NOMINAL,NA,"[{""value"": ""1.0"", ""label"": ""Yes""}]"
879,mea4.16,SCREENING/DISTANT VISION AT 9,numeric,NOMINAL,NA,"[{""value"": ""1.0"", ""label"": ""Yes""}]"
880,mea4.17,"SCREENING/DISTANT VISION, AGE NOT KNOWN",numeric,NOMINAL,NA,"[{""value"": ""1.0"", ""label"": ""Yes""}]"
881,mea4.18,"SCREENING/DISTANT VISION, NK IF DONE",numeric,NOMINAL,NA,"[{""value"": ""1.0"", ""label"": ""Yes""}]"
882,mea4.19,SCREENING/NEAR VISION CARRIED OUT,numeric,NOMINAL,NA,"[{""value"": ""1.0"", ""label"": ""Yes""}]"
883,mea4.20,SCREENING/NEAR VISION AT 4,numeric,NOMINAL,NA,"[{""value"": ""1.0"", ""label"": ""Yes""}]"
884,mea4.21,SCREENING/NEAR VISION AT 5,numeric,NOMINAL,NA,"[{""value"": ""1.0"", ""label"": ""Yes""}]"
885,mea4.22,SCREENING/NEAR VISION AT 6,numeric,NOMINAL,NA,"[{""value"": ""1.0"", ""label"": ""Yes""}]"
886,mea4.23,SCREENING/NEAR VISION AT 7,numeric,NOMINAL,NA,"[{""value"": ""1.0"", ""label"": ""Yes""}]"
887,mea4.24,SCREENING/NEAR VISION AT 8,numeric,NOMINAL,NA,"[{""value"": ""1.0"", ""label"": ""Yes""}]"
888,mea4.25,SCREENING/NEAR VISION AT 9,numeric,NOMINAL,NA,"[{""value"": ""1.0"", ""label"": ""Yes""}]"
889,mea4.26,"SCREENING/NEAR VISION, AGE NOT KNOWN",numeric,NOMINAL,NA,"[{""value"": ""1.0"", ""label"": ""Yes""}]"
890,mea4.27,"SCREENING/NEAR VISION, NK IF DONE",numeric,NOMINAL,NA,"[{""value"": ""1.0"", ""label"": ""Yes""}]"
891,mea4.28,SCREENING/OTHER TESTS NOT CARRIED OUT,numeric,NOMINAL,NA,"[{""value"": ""1.0"", ""label"": ""Yes""}]"
892,mea4.29,SCREENING/OTHER TESTS AT 4,numeric,NOMINAL,NA,"[{""value"": ""1.0"", ""label"": ""Yes""}]"
893,mea4.30,SCREENING/OTHER TESTS AT 5,numeric,NOMINAL,NA,"[{""value"": ""1.0"", ""label"": ""Yes""}]"
894,mea4.31,SCREENING/OTHER TESTS AT 6,numeric,NOMINAL,NA,"[{""value"": ""1.0"", ""label"": ""Yes""}]"
895,mea4.32,SCREENING/OTHER TESTS AT 7,numeric,NOMINAL,NA,"[{""value"": ""1.0"", ""label"": ""Yes""}]"
896,mea4.33,SCREENING/OTHER TESTS AT 8,numeric,NOMINAL,NA,"[{""value"": ""1.0"", ""label"": ""Yes""}]"
897,mea4.34,SCREENING/OTHER TESTS AT 9,numeric,NOMINAL,NA,"[{""value"": ""1.0"", ""label"": ""Yes""}]"
898,mea4.35,"SCREENING/OTHER TESTS, AGE NOT KNOWN",numeric,NOMINAL,NA,"[{""value"": ""1.0"", ""label"": ""Yes""}]"
899,mea4.36,"SCREENING/OTHER TESTS, NK IF DONE",numeric,NOMINAL,NA,"[{""value"": ""1.0"", ""label"": ""Yes""}]"
900,mea4.37,OTHER SCREENING TEST TYPE 1,numeric,NOMINAL,-8.0 thru -1.0,"[{""value"": ""-8.0"", ""label"": ""Out of range""}, {""value"": ""1.0"", ""label"": ""Chest X ray""}, {""value"": ""2.0"", ""label"": ""Hearing/Manteux/TB""}, {""value"": ""3.0"", ""label"": ""Developmental screening""}, {""value"": ""4.0"", ""label"": ""Specific""}, {""value"": ""5.0"", ""label"": ""Other""}, {""value"": ""6.0"", ""label"": ""Other hearing test""}, {""value"": ""7.0"", ""label"": ""Other eye/vision test""}, {""value"": ""8.0"", ""label"": ""Not a screening test""}]"
901,mea4.38,OTHER SCREENING TEST TYPE 2,numeric,NOMINAL,-8.0 thru -1.0,"[{""value"": ""-8.0"", ""label"": ""Out of range""}, {""value"": ""1.0"", ""label"": ""Chest X ray""}, {""value"": ""2.0"", ""label"": ""Hearing/Manteux/TB""}, {""value"": ""3.0"", ""label"": ""Developmental screening""}, {""value"": ""4.0"", ""label"": ""Specific""}, {""value"": ""5.0"", ""label"": ""Other""}, {""value"": ""6.0"", ""label"": ""Other hearing test""}, {""value"": ""7.0"", ""label"": ""Other eye/vision test""}, {""value"": ""8.0"", ""label"": ""Not a screening test""}]"
902,mea4.39,OTHER SCREENING TEST TYPE 3,numeric,NOMINAL,-8.0 thru -1.0,"[{""value"": ""-8.0"", ""label"": ""Out of range""}, {""value"": ""1.0"", ""label"": ""Chest X ray""}, {""value"": ""2.0"", ""label"": ""Hearing/Manteux/TB""}, {""value"": ""3.0"", ""label"": ""Developmental screening""}, {""value"": ""4.0"", ""label"": ""Specific""}, {""value"": ""5.0"", ""label"": ""Other""}, {""value"": ""6.0"", ""label"": ""Other hearing test""}, {""value"": ""7.0"", ""label"": ""Other eye/vision test""}, {""value"": ""8.0"", ""label"": ""Not a screening test""}]"
903,mea4.40,TEXT FOR EXTRA INFO ON SCREENING TESTS,numeric,NOMINAL,-8.0 thru -1.0,"[{""value"": ""-8.0"", ""label"": ""Out of range""}, {""value"": ""1.0"", ""label"": ""Chest X ray""}, {""value"": ""2.0"", ""label"": ""Hearing/Manteux/TB""}, {""value"": ""3.0"", ""label"": ""Developmental screening""}, {""value"": ""4.0"", ""label"": ""Specific""}, {""value"": ""5.0"", ""label"": ""Other""}, {""value"": ""6.0"", ""label"": ""Other hearing test""}, {""value"": ""7.0"", ""label"": ""Other eye/vision test""}, {""value"": ""8.0"", ""label"": ""Not a screening test""}]"
904,mea5.1,HAS COLOUR VISION BEEN TESTED?,numeric,NOMINAL,NA,"[{""value"": ""1.0"", ""label"": ""Yes""}, {""value"": ""2.0"", ""label"": ""No""}, {""value"": ""3.0"", ""label"": ""Not known""}]"
905,mea5.2,OUTCOME: COLOUR VISION NORMAL,numeric,NOMINAL,NA,"[{""value"": ""1.0"", ""label"": ""Yes""}]"
906,mea5.3,"OUTCOME: RED, GREEN IMPAIRMENT",numeric,NOMINAL,NA,"[{""value"": ""1.0"", ""label"": ""Yes""}]"
907,mea5.4,OUTCOME: OTHER COLOUR LOSS,numeric,NOMINAL,NA,"[{""value"": ""1.0"", ""label"": ""Yes""}]"
908,mea5.5,OUTCOME: OTHER COLOUR LOSS DESCRIBED 1,numeric,NOMINAL,NA,"[{""value"": ""1.0"", ""label"": ""Blue green""}, {""value"": ""2.0"", ""label"": ""Total colour blindness""}, {""value"": ""3.0"", ""label"": ""Other""}]"
909,mea5.6,OUTCOME: OTHER COLOUR LOSS DESCRIBED 2,numeric,NOMINAL,NA,"[{""value"": ""1.0"", ""label"": ""Blue green""}, {""value"": ""2.0"", ""label"": ""Total colour blindness""}, {""value"": ""3.0"", ""label"": ""Other""}]"
910,mea6.1,"HAS CHILD EVER HAD EMOTION,BEHAV. PROBS",numeric,NOMINAL,NA,"[{""value"": ""1.0"", ""label"": ""Yes""}, {""value"": ""2.0"", ""label"": ""No""}, {""value"": ""3.0"", ""label"": ""Not known""}, {""value"": ""4.0"", ""label"": ""No but information added""}, {""value"": ""5.0"", ""label"": ""Yes but information added""}]"
911,mea6.2a,DESCRIPTION OF CHILD'S EMOT/BEHAV PROB(A),NA,NA,NA,[]
912,mea6.2b,DESCRIPTION OF CHILD'S EMOT/BEHAV PROB(B),NA,NA,NA,[]
913,mea6.3,AGES(S) OF CHILD'S EMOT/BEHAV PROBLEM,NA,NA,NA,[]
914,mea6.4,TEXT FOR EXTRA INFO ON EMOT/BAHAV PROB,numeric,NOMINAL,NA,"[{""value"": ""1.0"", ""label"": ""Irrelevant""}, {""value"": ""2.0"", ""label"": ""Relevant""}, {""value"": ""3.0"", ""label"": ""Relevant info, no contradiction to main""}]"
915,mea7.1,ANY EVIDENCE OF ANY ILLNESS/HANDICAP ETC,numeric,NOMINAL,NA,"[{""value"": ""1.0"", ""label"": ""Yes""}, {""value"": ""2.0"", ""label"": ""No""}, {""value"": ""3.0"", ""label"": ""Insufficient information""}, {""value"": ""4.0"", ""label"": ""No but information added""}, {""value"": ""5.0"", ""label"": ""Yes but information added""}]"
916,mea7.2,1ST CONDITION ICD CODE,NA,NA,NA,[]
917,mea7.3a,1ST ILLNESS DEFECT TEXT STRING 30 CHARS (A),NA,NA,NA,[]
918,mea7.3b,1ST ILLNESS DEFECT TEXT STRING 30 CHARS (B),NA,NA,NA,[]
919,mea7.4,1ST CONDITION AGE,numeric,NOMINAL,-5.0 thru -3.0 and -2.0,"[{""value"": ""-5.0"", ""label"": ""Other answer""}, {""value"": ""-3.0"", ""label"": ""Not stated""}, {""value"": ""-2.0"", ""label"": ""Not known""}, {""value"": ""0.0"", ""label"": ""At birth""}]"
920,mea7.5,2ND CONDITION ICD CODE,NA,NA,NA,[]
921,mea7.6,2ND ILLNESS DEFECT TEXT STRING 30 CHARS,NA,NA,NA,[]
922,mea7.7,2ND CONDITION AGE,numeric,NOMINAL,-5.0 thru -3.0 and -2.0,"[{""value"": ""-5.0"", ""label"": ""Other answer""}, {""value"": ""-2.0"", ""label"": ""Not known""}, {""value"": ""0.0"", ""label"": ""At birth""}]"
923,mea7.8,3RD CONDITION ICD CODE,NA,NA,NA,[]
924,mea7.9a,3RD ILLNESS DEFECT TEXT STRING 30 CHARS (A),NA,NA,NA,[]
925,mea7.9b,3RD ILLNESS DEFECT TEXT STRING 30 CHARS (B),NA,NA,NA,[]
926,mea7.10,3RD CONDITION AGE,numeric,NOMINAL,-5.0 thru -3.0 and -2.0,"[{""value"": ""-5.0"", ""label"": ""Other answer""}, {""value"": ""-2.0"", ""label"": ""Not known""}, {""value"": ""0.0"", ""label"": ""At birth""}]"
927,mea7.11,4TH CONDITION ICD CODE,NA,NA,NA,[]
928,mea7.12,4TH ILLNESS DEFECT TEXT STRING 30 CHARS,NA,NA,NA,[]
929,mea7.13,4TH CONDITION AGE,numeric,NOMINAL,-5.0 thru -3.0 and -2.0,"[{""value"": ""-5.0"", ""label"": ""Other answer""}, {""value"": ""-2.0"", ""label"": ""Not known""}, {""value"": ""0.0"", ""label"": ""At birth""}]"
930,mea7.14,5TH CONDITION ICD CODE,NA,NA,NA,[]
931,mea7.15a,5TH ILLNESS DEFECT TEXT STRING 30 CHARS (A),NA,NA,NA,[]
932,mea7.15b,5TH ILLNESS DEFECT TEXT STRING 30 CHARS (B),NA,NA,NA,[]
933,mea7.16,5TH CONDITION AGE,numeric,NOMINAL,-8.0 thru -2.0 and -1.0,"[{""value"": ""-2.0"", ""label"": ""Not known""}, {""value"": ""0.0"", ""label"": ""At birth""}]"
934,mea7.17,6TH CONDITION ICD CODE,NA,NA,NA,[]
935,mea7.18,6TH ILLNESS DEFECT TEXT STRING 30 CHARS,NA,NA,NA,[]
936,mea7.19,6TH CONDITION AGE,numeric,NOMINAL,-5.0 thru -3.0 and -2.0,"[{""value"": ""-5.0"", ""label"": ""Other answer""}, {""value"": ""-2.0"", ""label"": ""Not known""}, {""value"": ""0.0"", ""label"": ""At birth""}]"
937,mea7.20,TEXT FOR EXTRA INFO ON ILLNESS DEFECT,numeric,NOMINAL,NA,"[{""value"": ""1.0"", ""label"": ""Irrelevant""}, {""value"": ""2.0"", ""label"": ""Relevant""}, {""value"": ""3.0"", ""label"": ""Relevant info, no contradiction to main""}]"
938,mea8.1,TEXT FLAG RELEVANT DISABILITY/HANDICAP,numeric,NOMINAL,NA,"[{""value"": ""1.0"", ""label"": ""Text present, relevant diagnosis""}, {""value"": ""2.0"", ""label"": ""Relevant text, no new diagnosis""}, {""value"": ""3.0"", ""label"": ""Irrelevant text only""}]"
939,mea8.2,"DISABILITY/HANDICAP, TEXT POOL IDENT 1",numeric,NOMINAL,NA,[]
940,mea8.3,"DISABILITY/HANDICAP, TEXT POOL IDENT 2",numeric,NOMINAL,NA,[]
941,mea8.4,"DISABILITY/HANDICAP, TEXT POOL IDENT 3",numeric,NOMINAL,NA,[]
942,mea9.1,EVIDENCE OF ATTENDING HEARING CLINIC,numeric,NOMINAL,NA,"[{""value"": ""1.0"", ""label"": ""Yes""}, {""value"": ""2.0"", ""label"": ""No""}, {""value"": ""3.0"", ""label"": ""Not known""}]"
943,mea9.2,REASON FOR ATTENDING HEARING CLINIC,numeric,NOMINAL,-8.0 thru -3.0 and -1.0,"[{""value"": ""-3.0"", ""label"": ""Not stated""}, {""value"": ""0.0"", ""label"": ""None given""}, {""value"": ""1.0"", ""label"": ""Failed audiogram""}, {""value"": ""2.0"", ""label"": ""Failed screening n.o.s.""}, {""value"": ""3.0"", ""label"": ""Hearing loss""}, {""value"": ""4.0"", ""label"": ""From ENT clinic""}, {""value"": ""5.0"", ""label"": ""Glue ear""}, {""value"": ""6.0"", ""label"": ""Other specific abnormality""}, {""value"": ""7.0"", ""label"": ""Other reason""}]"
944,mea9.3,1ST AGE ATTENDED HEARING CLINIC,numeric,NOMINAL,NA,"[{""value"": ""0.0"", ""label"": ""Less than a year""}]"
945,mea9.4,2ND AGE ATTENDED HEARING CLINIC,numeric,NOMINAL,NA,"[{""value"": ""0.0"", ""label"": ""Less than a year""}]"
946,mea9.5,3RD AGE ATTENDED HEARING CLINIC,numeric,NOMINAL,NA,[]
947,mea9.6,4TH AGE ATTENDED HEARING CLINIC,numeric,NOMINAL,NA,[]
948,mea9.7,EVIDENCE OF ATTENDING EYE CLINIC,numeric,NOMINAL,NA,"[{""value"": ""1.0"", ""label"": ""Yes""}, {""value"": ""2.0"", ""label"": ""No""}, {""value"": ""3.0"", ""label"": ""Not known""}]"
949,mea9.8,REASON FOR ATTENDING EYE CLINIC,numeric,NOMINAL,-8.0 thru -3.0 and -1.0,"[{""value"": ""-3.0"", ""label"": ""Not stated""}, {""value"": ""0.0"", ""label"": ""None given""}, {""value"": ""1.0"", ""label"": ""Routine""}, {""value"": ""2.0"", ""label"": ""Squint""}, {""value"": ""3.0"", ""label"": ""Visual defect n.o.s.""}, {""value"": ""4.0"", ""label"": ""Refractive errors""}, {""value"": ""5.0"", ""label"": ""Congenital abnormality""}, {""value"": ""6.0"", ""label"": ""Injury""}, {""value"": ""7.0"", ""label"": ""Other""}, {""value"": ""8.0"", ""label"": ""Appointment missed""}]"
950,mea9.9,1ST AGE ATTENDED EYE CLINIC,numeric,NOMINAL,-8.0 thru -3.0 and -1.0,"[{""value"": ""-3.0"", ""label"": ""Not stated""}, {""value"": ""0.0"", ""label"": ""Less than a year""}]"
951,mea9.10,2ND AGE ATTENDED EYE CLINIC,numeric,NOMINAL,NA,[]
952,mea9.11,3RD AGE ATTENDED EYE CLINIC,numeric,NOMINAL,NA,"[{""value"": ""0.0"", ""label"": ""Less than a year""}]"
953,mea9.12,4TH AGE ATTENDED EYE CLINIC,numeric,NOMINAL,NA,[]
954,mea9.13,EVIDENCE OF ATTENDING SPEECH THERAPIST,numeric,NOMINAL,NA,"[{""value"": ""1.0"", ""label"": ""Yes""}, {""value"": ""2.0"", ""label"": ""No""}, {""value"": ""3.0"", ""label"": ""Not known""}]"
955,mea9.14,REASON FOR ATTENDING SPEECH THERAPIST,numeric,NOMINAL,-8.0 thru -3.0 and -1.0,"[{""value"": ""-3.0"", ""label"": ""Not stated""}, {""value"": ""0.0"", ""label"": ""None given""}, {""value"": ""1.0"", ""label"": ""Routine referral assessment""}, {""value"": ""2.0"", ""label"": ""Speech delay""}, {""value"": ""3.0"", ""label"": ""Speech difficulty""}, {""value"": ""4.0"", ""label"": ""Stammering""}, {""value"": ""5.0"", ""label"": ""Lisp""}, {""value"": ""6.0"", ""label"": ""Other severe disorder""}, {""value"": ""7.0"", ""label"": ""Other reason""}, {""value"": ""8.0"", ""label"": ""App made, not attended""}, {""value"": ""9.0"", ""label"": ""Other mild disorder""}]"
956,mea9.15,1ST AGE ATTENDED SPEECH THERAPIST,numeric,NOMINAL,-8.0 thru -3.0 and -1.0,"[{""value"": ""-3.0"", ""label"": ""Not stated""}]"
957,mea9.16,2ND AGE ATTENDED SPEECH THERAPIST,numeric,NOMINAL,NA,[]
958,mea9.17,3RD AGE ATTENDED SPEECH THERAPIST,numeric,NOMINAL,NA,[]
959,mea9.18,4TH AGE ATTENDED SPEECH THERAPIST,numeric,NOMINAL,NA,[]
960,mea9.19,EVIDENCE OF ATTENDING OCCUP THERAPIST,numeric,NOMINAL,NA,"[{""value"": ""1.0"", ""label"": ""Yes""}, {""value"": ""2.0"", ""label"": ""No""}, {""value"": ""3.0"", ""label"": ""Not known""}]"
961,mea9.20,REASON FOR ATTENDING OCCUP THERAPIST,numeric,NOMINAL,-8.0 thru -3.0 and -1.0,"[{""value"": ""-3.0"", ""label"": ""Not stated""}, {""value"": ""0.0"", ""label"": ""None given""}, {""value"": ""1.0"", ""label"": ""Reason given""}, {""value"": ""2.0"", ""label"": ""Physical reason""}, {""value"": ""3.0"", ""label"": ""Psychiatric reason""}, {""value"": ""4.0"", ""label"": ""Other reason""}]"
962,mea9.21,1ST AGE ATTENDED OCCUP THERAPIST,numeric,NOMINAL,-8.0 thru -3.0 and -1.0,"[{""value"": ""-3.0"", ""label"": ""Not stated""}]"
963,mea9.22,2ND AGE ATTENDED OCCUP THERAPIST,numeric,NOMINAL,NA,[]
964,mea9.23,3RD AGE ATTENDED OCCUP THERAPIST,numeric,NOMINAL,NA,[]
965,mea9.24,4TH AGE ATTENDED OCCUP THERAPIST,numeric,NOMINAL,NA,[]
966,mea9.25,EVIDENCE OF ATTENDING PHYSIOTHERAPIST,numeric,NOMINAL,NA,"[{""value"": ""1.0"", ""label"": ""Yes""}, {""value"": ""2.0"", ""label"": ""No""}, {""value"": ""3.0"", ""label"": ""Not known""}]"
967,mea9.26,REASON FOR ATTENDING PHYSIOTHERAPIST,numeric,NOMINAL,-8.0 thru -3.0 and -1.0,"[{""value"": ""-3.0"", ""label"": ""Not stated""}, {""value"": ""0.0"", ""label"": ""None given""}, {""value"": ""1.0"", ""label"": ""Routine referral assessment""}, {""value"": ""2.0"", ""label"": ""Musculo skeletal""}, {""value"": ""3.0"", ""label"": ""Chest disorders""}, {""value"": ""4.0"", ""label"": ""Others""}]"
968,mea9.27,1ST AGE ATTENDED PHYSIOTHERAPIST,numeric,NOMINAL,-8.0 thru -3.0 and -1.0,"[{""value"": ""-3.0"", ""label"": ""Not stated""}, {""value"": ""0.0"", ""label"": ""Less than a year""}]"
969,mea9.28,2ND AGE ATTENDED PHYSIOTHERAPIST,numeric,NOMINAL,NA,[]
970,mea9.29,3RD AGE ATTENDED PHYSIOTHERAPIST,numeric,NOMINAL,NA,[]
971,mea9.30,4TH AGE ATTENDED PHYSIOTHERAPIST,numeric,NOMINAL,NA,[]
972,mea9.31,EVIDENCE OF ATTENDING CHILD/FAM GUIDANCE,numeric,NOMINAL,NA,"[{""value"": ""1.0"", ""label"": ""Yes""}, {""value"": ""2.0"", ""label"": ""No""}, {""value"": ""3.0"", ""label"": ""Not known""}]"
973,mea9.32,REASON FOR ATTENDING CHILD/FAM GUIDANCE,numeric,NOMINAL,-8.0 thru -3.0 and -1.0,"[{""value"": ""-3.0"", ""label"": ""Not stated""}, {""value"": ""0.0"", ""label"": ""None given""}, {""value"": ""1.0"", ""label"": ""Routine referral assessment""}, {""value"": ""2.0"", ""label"": ""Emotional/school""}, {""value"": ""3.0"", ""label"": ""Past of family""}, {""value"": ""4.0"", ""label"": ""Emotional n.o.s.""}, {""value"": ""5.0"", ""label"": ""Other""}, {""value"": ""6.0"", ""label"": ""App made, not attended""}, {""value"": ""7.0"", ""label"": ""Difficulty with school work""}]"
974,mea9.33,1ST AGE ATTENDED CHILD/FAM GUIDANCE,numeric,NOMINAL,-8.0 thru -3.0 and -1.0,"[{""value"": ""-3.0"", ""label"": ""Not stated""}]"
975,mea9.34,2ND AGE ATTENDED CHILD/FAM GUIDANCE,numeric,NOMINAL,NA,[]
976,mea9.35,3RD AGE ATTENDED CHILD/FAM GUIDANCE,numeric,SCALE,NA,[]
977,mea9.36,4TH AGE ATTENDED CHILD/FAM GUIDANCE,numeric,NOMINAL,NA,[]
978,mea9.37,EVIDENCE OF ATTENDING OTHER PSYCHOLOGICAL,numeric,NOMINAL,NA,"[{""value"": ""1.0"", ""label"": ""Yes""}, {""value"": ""2.0"", ""label"": ""No""}, {""value"": ""3.0"", ""label"": ""Not known""}]"
979,mea9.38,REASON FOR ATTENDING OTHER PSYCHOLOGICAL,numeric,NOMINAL,-8.0 thru -3.0 and -1.0,"[{""value"": ""-3.0"", ""label"": ""Not stated""}, {""value"": ""0.0"", ""label"": ""None given""}, {""value"": ""1.0"", ""label"": ""Neurodevelopmental delay""}, {""value"": ""2.0"", ""label"": ""Difficulty with school""}, {""value"": ""3.0"", ""label"": ""Emotional/school""}, {""value"": ""4.0"", ""label"": ""Emotional n.o.s.""}, {""value"": ""5.0"", ""label"": ""Others""}, {""value"": ""6.0"", ""label"": ""App made, not attended""}]"
980,mea9.39,1ST AGE ATTENDED OTHER PSYCHOLOGICAL,numeric,NOMINAL,-8.0 thru -3.0 and -1.0,"[{""value"": ""-3.0"", ""label"": ""Not stated""}]"
981,mea9.40,2ND AGE ATTENDED OTHER PSYCHOLOGICAL,numeric,NOMINAL,NA,[]
982,mea9.41,3RD AGE ATTENDED OTHER PSYCHOLOGICAL,numeric,NOMINAL,NA,[]
983,mea9.42,4TH AGE ATTENDED OTHER PSYCHOLOGICAL,numeric,NOMINAL,NA,[]
984,mea9.43,EXTRA INFO ON ATTENDING CLINICS ETC,numeric,NOMINAL,NA,"[{""value"": ""1.0"", ""label"": ""Irrelevant""}, {""value"": ""2.0"", ""label"": ""Relevant""}, {""value"": ""3.0"", ""label"": ""Relevant, no contradiction to main ques""}]"
985,mea10.1,IS/HAS CHILD BEEN ON REGISTER: YES NOW,numeric,NOMINAL,NA,"[{""value"": ""1.0"", ""label"": ""Yes""}]"
986,mea10.2,IS/HAS CHILD BEEN ON REGISTER: YES PAST,numeric,NOMINAL,NA,"[{""value"": ""1.0"", ""label"": ""Yes""}]"
987,mea10.3,"IS/HAS CHILD BEEN ON REGISTER: NO, NEVER",numeric,NOMINAL,NA,"[{""value"": ""1.0"", ""label"": ""Yes""}]"
988,mea10.4,IS/HAS CHILD BEEN ON REGISTER: NOT KNOWN,numeric,NOMINAL,NA,"[{""value"": ""1.0"", ""label"": ""Yes""}]"
989,mea10.5,NAME OF 1ST REGISTER,numeric,NOMINAL,-8.0 thru -3.0 and -1.0,"[{""value"": ""-3.0"", ""label"": ""Not stated""}, {""value"": ""1.0"", ""label"": ""Local authority 'at risk'""}, {""value"": ""2.0"", ""label"": ""LA Handicap""}, {""value"": ""3.0"", ""label"": ""LA non accidental""}, {""value"": ""4.0"", ""label"": ""Case order""}, {""value"": ""5.0"", ""label"": ""Other LA Register""}, {""value"": ""6.0"", ""label"": ""Other register""}, {""value"": ""7.0"", ""label"": ""Register not specified""}, {""value"": ""8.0"", ""label"": ""Unclassifiable""}]"
990,mea10.6,NAME OF 2ND REGISTER,numeric,NOMINAL,NA,"[{""value"": ""1.0"", ""label"": ""Local authority 'at risk'""}, {""value"": ""2.0"", ""label"": ""LA Handicap""}, {""value"": ""3.0"", ""label"": ""LA non accidental""}, {""value"": ""4.0"", ""label"": ""Case order""}, {""value"": ""5.0"", ""label"": ""Other LA Register""}, {""value"": ""6.0"", ""label"": ""Other register""}, {""value"": ""7.0"", ""label"": ""Register not specified""}, {""value"": ""8.0"", ""label"": ""Unclassifiable""}]"
991,mea10.7,NAME OF 3RD REGISTER,numeric,NOMINAL,NA,"[{""value"": ""1.0"", ""label"": ""Local authority 'at risk'""}, {""value"": ""2.0"", ""label"": ""LA Handicap""}, {""value"": ""3.0"", ""label"": ""LA non accidental""}, {""value"": ""4.0"", ""label"": ""Case order""}, {""value"": ""5.0"", ""label"": ""Other LA register""}, {""value"": ""6.0"", ""label"": ""Other register""}]"
992,mea10.8,"REASON PUT ON REGISTER 1,ICD CODE",NA,NA,NA,[]
993,mea10.9,"REASON PUT ON REGISTER 2,ICD CODE",NA,NA,NA,[]
994,mea10.10,"REASON PUT ON REGISTER 3,ICD CODE",NA,NA,NA,[]
995,mea10.11,DATE PUT ON REGISTER 1,numeric,SCALE,-8.0 thru -3.0 and -2.0,"[{""value"": ""-8.0"", ""label"": ""Out of range""}, {""value"": ""-3.0"", ""label"": ""Not stated""}, {""value"": ""-2.0"", ""label"": ""Not known""}]"
996,mea10.12,DATE PUT ON REGISTER 2,numeric,SCALE,-8.0 thru -1.0,"[{""value"": ""-8.0"", ""label"": ""Out of range""}]"
997,mea10.13,DATE PUT ON REGISTER 3,numeric,SCALE,-8.0 thru -1.0,"[{""value"": ""-8.0"", ""label"": ""Out of range""}]"
998,mea10.14,DATE TAKEN OFF REGISTER 1,numeric,SCALE,-8.0 thru -3.0 and -2.0,"[{""value"": ""-8.0"", ""label"": ""Out of range""}, {""value"": ""-3.0"", ""label"": ""Not stated""}, {""value"": ""-2.0"", ""label"": ""Not known""}]"
999,mea10.15,DATE TAKEN OFF REGISTER 2,numeric,SCALE,-5.0 thru -3.0 and -2.0,"[{""value"": ""-3.0"", ""label"": ""Not stated""}, {""value"": ""-2.0"", ""label"": ""Not known""}]"
1000,mea10.16,DATE TAKEN OFF REGISTER 3,numeric,SCALE,NA,[]
1001,mea11,CHILD EVER ASSESSED NEED SPEC EDUCATION,numeric,NOMINAL,NA,"[{""value"": ""1.0"", ""label"": ""No, not likely""}, {""value"": ""2.0"", ""label"": ""No, likely""}, {""value"": ""3.0"", ""label"": ""No, decision pending""}, {""value"": ""4.0"", ""label"": ""Yes, waiting""}, {""value"": ""5.0"", ""label"": ""Yes, receiving special education""}, {""value"": ""6.0"", ""label"": ""Yes, received in past only""}, {""value"": ""7.0"", ""label"": ""Not known""}]"
1002,mea12.1,SPEC ED CATEGORIES 4HP PARTIALLY SIGHTED,numeric,NOMINAL,NA,"[{""value"": ""1.0"", ""label"": ""Yes""}]"
1003,mea12.2,SPEC ED CATEGORIES 4HP DEAF,numeric,NOMINAL,NA,"[{""value"": ""1.0"", ""label"": ""Yes""}]"
1004,mea12.3,SPEC ED CATEGORIES 4HP PARTIALLY HEARING,numeric,NOMINAL,NA,"[{""value"": ""1.0"", ""label"": ""Yes""}]"
1005,mea12.4,SPEC ED CATEGORIES 4HP MENTAL HANDICAP,numeric,NOMINAL,NA,"[{""value"": ""1.0"", ""label"": ""Yes""}]"
1006,mea12.5,SPEC ED CATEGORIES 4HP ESN(M),numeric,NOMINAL,NA,"[{""value"": ""1.0"", ""label"": ""Yes""}]"
1007,mea12.6,SPEC ED CATEGORIES 4HP ESN(S),numeric,NOMINAL,NA,"[{""value"": ""1.0"", ""label"": ""Yes""}]"
1008,mea12.7,SPEC ED CATEGORIES 4HP EPILEPSY,numeric,NOMINAL,NA,"[{""value"": ""1.0"", ""label"": ""Yes""}]"
1009,mea12.8,SPEC ED CATEGORIES 4HP PHYSIC HANDICAP,numeric,NOMINAL,NA,"[{""value"": ""1.0"", ""label"": ""Yes""}]"
1010,mea12.9,SPEC ED CATEGORIES 4HP SPEECH DEFECT,numeric,NOMINAL,NA,"[{""value"": ""1.0"", ""label"": ""Yes""}]"
1011,mea12.10,SPEC ED CATEGORIES 4HP MALADJUSTED,numeric,NOMINAL,NA,"[{""value"": ""1.0"", ""label"": ""Yes""}]"
1012,mea12.11,SPEC ED CATEGORIES 4HP DELICATE,numeric,NOMINAL,NA,"[{""value"": ""1.0"", ""label"": ""Yes""}]"
1013,mea12.12,SPEC ED CATEGORIES SE2 VISION,numeric,NOMINAL,NA,"[{""value"": ""1.0"", ""label"": ""Yes""}]"
1014,mea12.13,SPEC ED CATEGORIES SE2 HEARING,numeric,NOMINAL,NA,"[{""value"": ""1.0"", ""label"": ""Yes""}]"
1015,mea12.14,"SPEC ED CATEGORIES SE2 SPEECH, LANGUAGE",numeric,NOMINAL,NA,"[{""value"": ""1.0"", ""label"": ""Yes""}]"
1016,mea12.15,SPEC ED CATEGORIES SE2 MOTOR FUNCTION,numeric,NOMINAL,NA,"[{""value"": ""1.0"", ""label"": ""Yes""}]"
1017,mea12.16,SPEC ED CATEGORIES SE2 PHYSICAL HEALTH,numeric,NOMINAL,NA,"[{""value"": ""1.0"", ""label"": ""Yes""}]"
1018,mea12.17,SPEC ED CATEGORIES SE2 BEHAVIOUR/EMOTION,numeric,NOMINAL,NA,"[{""value"": ""1.0"", ""label"": ""Yes""}]"
1019,mea12.18,SPEC ED CATEGORIES SE2 INTELLECTUAL DEV,numeric,NOMINAL,NA,"[{""value"": ""1.0"", ""label"": ""Yes""}]"
1020,mea12.19,SPEC ED CATEGORIES SE2 ABLE TO COPE SELF,numeric,NOMINAL,NA,"[{""value"": ""1.0"", ""label"": ""Yes""}]"
1021,mea12.20,"FORM USED OTHER THAN 4HP, SE2 OR SE3",numeric,NOMINAL,NA,"[{""value"": ""1.0"", ""label"": ""Yes""}]"
1022,mea13.1,WHERE CHILD LIVES & TYPE SCHOOL ATTENDED,numeric,NOMINAL,NA,"[{""value"": ""1.0"", ""label"": ""At home, ordinary school""}, {""value"": ""2.0"", ""label"": ""At home, special school""}, {""value"": ""3.0"", ""label"": ""At home, day special school""}, {""value"": ""4.0"", ""label"": ""Residential special school""}, {""value"": ""5.0"", ""label"": ""Hostel, day special school""}, {""value"": ""6.0"", ""label"": ""Hospital for subnormal""}, {""value"": ""7.0"", ""label"": ""Other situation n.o.s.""}, {""value"": ""8.0"", ""label"": ""Residential ordinary school""}, {""value"": ""9.0"", ""label"": ""Hostel, ordinary school""}, {""value"": ""10.0"", ""label"": ""Hostel, special unit at school""}, {""value"": ""11.0"", ""label"": ""Home tuition""}, {""value"": ""12.0"", ""label"": ""Other situation""}]"
1023,mea13.2,TEXT FLAG OF SCHOOL NAME AND ADDRESS,numeric,NOMINAL,-8.0 thru -1.0,"[{""value"": ""-8.0"", ""label"": ""Out of range""}, {""value"": ""4.0"", ""label"": ""Text present""}]"
1024,mea14.1,HEALTH RECORDS MISSING WHEN FORM COMPLETED,numeric,NOMINAL,NA,"[{""value"": ""1.0"", ""label"": ""Yes""}, {""value"": ""2.0"", ""label"": ""No""}]"
1025,mea14.2,WERE ANY HEALTH RECORDS MISSING 1ST TYPE,numeric,NOMINAL,-8.0 thru -3.0 and -1.0,"[{""value"": ""-8.0"", ""label"": ""Out of range""}, {""value"": ""-3.0"", ""label"": ""Not stated""}, {""value"": ""1.0"", ""label"": ""Infant""}, {""value"": ""2.0"", ""label"": ""Health Visitor""}, {""value"": ""3.0"", ""label"": ""Immunisation card""}, {""value"": ""4.0"", ""label"": ""Computer printout""}, {""value"": ""5.0"", ""label"": ""School nurse record""}, {""value"": ""6.0"", ""label"": ""School health 10M""}, {""value"": ""7.0"", ""label"": ""Other""}, {""value"": ""8.0"", ""label"": ""All records missing""}]"
1026,mea14.3,WERE ANY HEALTH RECORDS MISSING 2ND TYPE,numeric,NOMINAL,-8.0 thru -1.0,"[{""value"": ""-8.0"", ""label"": ""Out of range""}, {""value"": ""1.0"", ""label"": ""Infant""}, {""value"": ""2.0"", ""label"": ""Health Visitor""}, {""value"": ""3.0"", ""label"": ""Immunisation card""}, {""value"": ""4.0"", ""label"": ""Computer printout""}, {""value"": ""5.0"", ""label"": ""School nurse record""}, {""value"": ""6.0"", ""label"": ""School health 10M""}, {""value"": ""7.0"", ""label"": ""Other""}, {""value"": ""8.0"", ""label"": ""All records missing""}]"
1027,mea14.4,WERE ANY HEALTH RECORDS MISSING 3RD TYPE,numeric,NOMINAL,-8.0 thru -1.0,"[{""value"": ""-8.0"", ""label"": ""Out of range""}, {""value"": ""1.0"", ""label"": ""Infant""}, {""value"": ""2.0"", ""label"": ""Health Visitor""}, {""value"": ""3.0"", ""label"": ""Immunisation card""}, {""value"": ""4.0"", ""label"": ""Computer printout""}, {""value"": ""5.0"", ""label"": ""School nurse record""}, {""value"": ""6.0"", ""label"": ""School health 10M""}, {""value"": ""7.0"", ""label"": ""Other""}, {""value"": ""8.0"", ""label"": ""All records missing""}]"
1028,mea14.5,WERE ANY HEALTH RECORDS MISSING 4TH TYPE,numeric,NOMINAL,-8.0 thru -1.0,"[{""value"": ""-8.0"", ""label"": ""Out of range""}, {""value"": ""1.0"", ""label"": ""Infant""}, {""value"": ""2.0"", ""label"": ""Health Visitor""}, {""value"": ""3.0"", ""label"": ""Immunisation card""}, {""value"": ""4.0"", ""label"": ""Computer printout""}, {""value"": ""5.0"", ""label"": ""School nurse record""}, {""value"": ""6.0"", ""label"": ""School health 10M""}, {""value"": ""7.0"", ""label"": ""Other""}, {""value"": ""8.0"", ""label"": ""All records missing""}]"
1029,meb1.1,WHERE MEDICAL EXAM TOOK PLACE?,numeric,NOMINAL,NA,"[{""value"": ""1.0"", ""label"": ""School""}, {""value"": ""2.0"", ""label"": ""Child's home""}, {""value"": ""3.0"", ""label"": ""Child health clinic""}, {""value"": ""4.0"", ""label"": ""Health centre""}, {""value"": ""5.0"", ""label"": ""Other place""}]"
1030,meb1.2,TEXT FLAG OTHER PLACE MEDICAL TOOK PLACE,numeric,NOMINAL,NA,"[{""value"": ""4.0"", ""label"": ""Text present""}]"
1031,meb2.1,ACCOMPANIED CHILD TO EXAM: MOTHER,numeric,NOMINAL,NA,"[{""value"": ""1.0"", ""label"": ""Yes""}]"
1032,meb2.2,ACCOMPANIED CHILD TO EXAM: FATHER,numeric,NOMINAL,NA,"[{""value"": ""1.0"", ""label"": ""Yes""}]"
1033,meb2.3,ACCOMPANIED CHILD TO EXAM: OTHER RELATIVE,numeric,NOMINAL,NA,"[{""value"": ""1.0"", ""label"": ""Yes""}]"
1034,meb2.4,ACCOMPANIED CHILD TO EXAM: TEACHER,numeric,NOMINAL,NA,"[{""value"": ""1.0"", ""label"": ""Yes""}]"
1035,meb2.5,ACCOMPANIED CHILD TO EXAM: OTHER PERSON,numeric,NOMINAL,NA,"[{""value"": ""1.0"", ""label"": ""Yes""}]"
1036,meb2.6,ACCOMPANIED CHILD TO EXAM: UNACCOMPANIED,numeric,NOMINAL,NA,"[{""value"": ""1.0"", ""label"": ""Yes""}]"
1037,meb3,WAS PARENT INTERVIEW FORM AVAILABLE?,numeric,NOMINAL,NA,"[{""value"": ""1.0"", ""label"": ""Yes""}, {""value"": ""2.0"", ""label"": ""No""}]"
1038,meb4.1,"RECURRENT SORE THROATS, PAST 12 MONTHS",numeric,NOMINAL,NA,"[{""value"": ""1.0"", ""label"": ""Yes""}]"
1039,meb4.2,"RECURRENT SORE THROATS, PRIOR PAST 12 MNTHS",numeric,NOMINAL,NA,"[{""value"": ""1.0"", ""label"": ""Yes""}]"
1040,meb4.3,"RECURRENT SORE THROATS, YES AGE NOT KNOWN",numeric,NOMINAL,NA,"[{""value"": ""1.0"", ""label"": ""Yes""}]"
1041,meb4.4,"RECURRENT SORE THROATS, NO",numeric,NOMINAL,NA,"[{""value"": ""1.0"", ""label"": ""Yes""}]"
1042,meb4.5,"RECURRENT SORE THROATS, NO INFORMATION",numeric,NOMINAL,NA,"[{""value"": ""1.0"", ""label"": ""Yes""}]"
1043,meb4.6,"MIDDLE EAR INFECTION, PAST 12 MONTHS",numeric,NOMINAL,NA,"[{""value"": ""1.0"", ""label"": ""Yes""}]"
1044,meb4.7,"MIDDLE EAR INFECTION, PRIOR PAST 12 MNTHS",numeric,NOMINAL,NA,"[{""value"": ""1.0"", ""label"": ""Yes""}]"
1045,meb4.8,"MIDDLE EAR INFECTION, YES AGE NOT KNOWN",numeric,NOMINAL,NA,"[{""value"": ""1.0"", ""label"": ""Yes""}]"
1046,meb4.9,"MIDDLE EAR INFECTION, NO",numeric,NOMINAL,NA,"[{""value"": ""1.0"", ""label"": ""Yes""}]"
1047,meb4.10,"MIDDLE EAR INFECTION, NO INFORMATION",numeric,NOMINAL,NA,"[{""value"": ""1.0"", ""label"": ""Yes""}]"
1048,meb4.11,"HEARING LOSS, PAST 12 MONTHS",numeric,NOMINAL,NA,"[{""value"": ""1.0"", ""label"": ""Yes""}]"
1049,meb4.12,"HEARING LOSS, PRIOR PAST 12 MNTHS",numeric,NOMINAL,NA,"[{""value"": ""1.0"", ""label"": ""Yes""}]"
1050,meb4.13,"HEARING LOSS, YES AGE NOT KNOWN",numeric,NOMINAL,NA,"[{""value"": ""1.0"", ""label"": ""Yes""}]"
1051,meb4.14,"HEARING LOSS, NO",numeric,NOMINAL,NA,"[{""value"": ""1.0"", ""label"": ""Yes""}]"
1052,meb4.15,"HEARING LOSS, NO INFORMATION",numeric,NOMINAL,NA,"[{""value"": ""1.0"", ""label"": ""Yes""}]"
1053,meb4.16,"ECZEMA, PAST 12 MONTHS",numeric,NOMINAL,NA,"[{""value"": ""1.0"", ""label"": ""Yes""}]"
1054,meb4.17,"ECZEMA, PRIOR PAST 12 MNTHS",numeric,NOMINAL,NA,"[{""value"": ""1.0"", ""label"": ""Yes""}]"
1055,meb4.18,"ECZEMA, YES AGE NOT KNOWN",numeric,NOMINAL,NA,"[{""value"": ""1.0"", ""label"": ""Yes""}]"
1056,meb4.19,"ECZEMA, NO",numeric,NOMINAL,NA,"[{""value"": ""1.0"", ""label"": ""Yes""}]"
1057,meb4.20,"ECZEMA, NO INFORMATION",numeric,NOMINAL,NA,"[{""value"": ""1.0"", ""label"": ""Yes""}]"
1058,meb4.21,"HAY FEVER, PAST 12 MONTHS",numeric,NOMINAL,NA,"[{""value"": ""1.0"", ""label"": ""Yes""}]"
1059,meb4.22,"HAY FEVER, PRIOR PAST 12 MNTHS",numeric,NOMINAL,NA,"[{""value"": ""1.0"", ""label"": ""Yes""}]"
1060,meb4.23,"HAY FEVER, YES AGE NOT KNOWN",numeric,NOMINAL,NA,"[{""value"": ""1.0"", ""label"": ""Yes""}]"
1061,meb4.24,"HAY FEVER, NO",numeric,NOMINAL,NA,"[{""value"": ""1.0"", ""label"": ""Yes""}]"
1062,meb4.25,"HAY FEVER, NO INFORMATION",numeric,NOMINAL,NA,"[{""value"": ""1.0"", ""label"": ""Yes""}]"
1063,meb4.26,"ASTHMA, PAST 12 MONTHS",numeric,NOMINAL,NA,"[{""value"": ""1.0"", ""label"": ""Yes""}]"
1064,meb4.27,"ASTHMA, PRIOR PAST 12 MNTHS",numeric,NOMINAL,NA,"[{""value"": ""1.0"", ""label"": ""Yes""}]"
1065,meb4.28,"ASTHMA, YES AGE NOT KNOWN",numeric,NOMINAL,NA,"[{""value"": ""1.0"", ""label"": ""Yes""}]"
1066,meb4.29,"ASTHMA, NO",numeric,NOMINAL,NA,"[{""value"": ""1.0"", ""label"": ""Yes""}]"
1067,meb4.30,"ASTHMA, NO INFORMATION",numeric,NOMINAL,NA,"[{""value"": ""1.0"", ""label"": ""Yes""}]"
1068,meb4.31,"WHEEZY BRONCHITIS, PAST 12 MONTHS",numeric,NOMINAL,NA,"[{""value"": ""1.0"", ""label"": ""Yes""}]"
1069,meb4.32,"WHEEZY BRONCHITIS, PRIOR PAST 12 MNTHS",numeric,NOMINAL,NA,"[{""value"": ""1.0"", ""label"": ""Yes""}]"
1070,meb4.33,"WHEEZY BRONCHITIS, YES AGE NOT KNOWN",numeric,NOMINAL,NA,"[{""value"": ""1.0"", ""label"": ""Yes""}]"
1071,meb4.34,"WHEEZY BRONCHITIS, NO",numeric,NOMINAL,NA,"[{""value"": ""1.0"", ""label"": ""Yes""}]"
1072,meb4.35,"WHEEZY BRONCHITIS, NO INFORMATION",numeric,NOMINAL,NA,"[{""value"": ""1.0"", ""label"": ""Yes""}]"
1073,meb4.36,"BRONCHITIS, PAST 12 MONTHS",numeric,NOMINAL,NA,"[{""value"": ""1.0"", ""label"": ""Yes""}]"
1074,meb4.37,"BRONCHITIS, PRIOR PAST 12 MNTHS",numeric,NOMINAL,NA,"[{""value"": ""1.0"", ""label"": ""Yes""}]"
1075,meb4.38,"BRONCHITIS, YES AGE NOT KNOWN",numeric,NOMINAL,NA,"[{""value"": ""1.0"", ""label"": ""Yes""}]"
1076,meb4.39,"BRONCHITIS, NO",numeric,NOMINAL,NA,"[{""value"": ""1.0"", ""label"": ""Yes""}]"
1077,meb4.40,"BRONCHITIS, NO INFORMATION",numeric,NOMINAL,NA,"[{""value"": ""1.0"", ""label"": ""Yes""}]"
1078,meb4.41,"PNEUMONIA, PAST 12 MONTHS",numeric,NOMINAL,NA,"[{""value"": ""1.0"", ""label"": ""Yes""}]"
1079,meb4.42,"PNEUMONIA, PRIOR PAST 12 MNTHS",numeric,NOMINAL,NA,"[{""value"": ""1.0"", ""label"": ""Yes""}]"
1080,meb4.43,"PNEUMONIA, YES AGE NOT KNOWN",numeric,NOMINAL,NA,"[{""value"": ""1.0"", ""label"": ""Yes""}]"
1081,meb4.44,"PNEUMONIA, NO",numeric,NOMINAL,NA,"[{""value"": ""1.0"", ""label"": ""Yes""}]"
1082,meb4.45,"PNEUMONIA, NO INFORMATION",numeric,NOMINAL,NA,"[{""value"": ""1.0"", ""label"": ""Yes""}]"
1083,meb4.46,"PATHOLOGICAL HEART COND, PAST 12 MONTHS",numeric,NOMINAL,NA,"[{""value"": ""1.0"", ""label"": ""Yes""}]"
1084,meb4.47,"PATHOLOGICAL HEART COND, PRIOR PAST 12 MNTHS",numeric,NOMINAL,NA,"[{""value"": ""1.0"", ""label"": ""Yes""}]"
1085,meb4.48,"PATHOLOGICAL HEART COND, YES AGE NOT KNOWN",numeric,NOMINAL,NA,"[{""value"": ""1.0"", ""label"": ""Yes""}]"
1086,meb4.49,"PATHOLOGICAL HEART COND, NO",numeric,NOMINAL,NA,"[{""value"": ""1.0"", ""label"": ""Yes""}]"
1087,meb4.50,"PATHOLOGICAL HEART COND, NO INFORMATION",numeric,NOMINAL,NA,"[{""value"": ""1.0"", ""label"": ""Yes""}]"
1088,meb4.51,"RECURRENT ABDOM PAIN, PAST 12 MONTHS",numeric,NOMINAL,NA,"[{""value"": ""1.0"", ""label"": ""Yes""}]"
1089,meb4.52,"RECURRENT ABDOM PAIN, PRIOR PAST 12 MNTHS",numeric,NOMINAL,NA,"[{""value"": ""1.0"", ""label"": ""Yes""}]"
1090,meb4.53,"RECURRENT ABDOM PAIN, YES AGE NOT KNOWN",numeric,NOMINAL,NA,"[{""value"": ""1.0"", ""label"": ""Yes""}]"
1091,meb4.54,"RECURRENT ABDOM PAIN, NO",numeric,NOMINAL,NA,"[{""value"": ""1.0"", ""label"": ""Yes""}]"
1092,meb4.55,"RECURRENT ABDOM PAIN, NO INFORMATION",numeric,NOMINAL,NA,"[{""value"": ""1.0"", ""label"": ""Yes""}]"
1093,meb4.56,"INGUINAL HERNIA, PAST 12 MONTHS",numeric,NOMINAL,NA,"[{""value"": ""1.0"", ""label"": ""Yes""}]"
1094,meb4.57,"INGUINAL HERNIA, PRIOR PAST 12 MNTHS",numeric,NOMINAL,NA,"[{""value"": ""1.0"", ""label"": ""Yes""}]"
1095,meb4.58,"INGUINAL HERNIA, YES AGE NOT KNOWN",numeric,NOMINAL,NA,"[{""value"": ""1.0"", ""label"": ""Yes""}]"
1096,meb4.59,"INGUINAL HERNIA, NO",numeric,NOMINAL,NA,"[{""value"": ""1.0"", ""label"": ""Yes""}]"
1097,meb4.60,"INGUINAL HERNIA, NO INFORMATION",numeric,NOMINAL,NA,"[{""value"": ""1.0"", ""label"": ""Yes""}]"
1098,meb4.61,"URINARY INFECTION, PAST 12 MONTHS",numeric,NOMINAL,NA,"[{""value"": ""1.0"", ""label"": ""Yes""}]"
1099,meb4.62,"URINARY INFECTION, PRIOR PAST 12 MNTHS",numeric,NOMINAL,NA,"[{""value"": ""1.0"", ""label"": ""Yes""}]"
1100,meb4.63,"URINARY INFECTION, YES AGE NOT KNOWN",numeric,NOMINAL,NA,"[{""value"": ""1.0"", ""label"": ""Yes""}]"
1101,meb4.64,"URINARY INFECTION, NO",numeric,NOMINAL,NA,"[{""value"": ""1.0"", ""label"": ""Yes""}]"
1102,meb4.65,"URINARY INFECTION, NO INFORMATION",numeric,NOMINAL,NA,"[{""value"": ""1.0"", ""label"": ""Yes""}]"
1103,meb4.66,"WETS BED, PAST 12 MONTHS",numeric,NOMINAL,NA,"[{""value"": ""1.0"", ""label"": ""Yes""}]"
1104,meb4.67,"WETS BED, PRIOR PAST 12 MNTHS",numeric,NOMINAL,NA,"[{""value"": ""1.0"", ""label"": ""Yes""}]"
1105,meb4.68,"WETS BED, YES AGE NOT KNOWN",numeric,NOMINAL,NA,"[{""value"": ""1.0"", ""label"": ""Yes""}]"
1106,meb4.69,"WETS BED, NO",numeric,NOMINAL,NA,"[{""value"": ""1.0"", ""label"": ""Yes""}]"
1107,meb4.70,"WETS BED, NO INFORMATION",numeric,NOMINAL,NA,"[{""value"": ""1.0"", ""label"": ""Yes""}]"
1108,meb4.71,"WETS PANTS, PAST 12 MONTHS",numeric,NOMINAL,NA,"[{""value"": ""1.0"", ""label"": ""Yes""}]"
1109,meb4.72,"WETS PANTS, PRIOR PAST 12 MNTHS",numeric,NOMINAL,NA,"[{""value"": ""1.0"", ""label"": ""Yes""}]"
1110,meb4.73,"WETS PANTS, YES AGE NOT KNOWN",numeric,NOMINAL,NA,"[{""value"": ""1.0"", ""label"": ""Yes""}]"
1111,meb4.74,"WETS PANTS, NO",numeric,NOMINAL,NA,"[{""value"": ""1.0"", ""label"": ""Yes""}]"
1112,meb4.75,"WETS PANTS, NO INFORMATION",numeric,NOMINAL,NA,"[{""value"": ""1.0"", ""label"": ""Yes""}]"
1113,meb4.76,"SOILED PANTS, PAST 12 MONTHS",numeric,NOMINAL,NA,"[{""value"": ""1.0"", ""label"": ""Yes""}]"
1114,meb4.77,"SOILED PANTS, PRIOR PAST 12 MNTHS",numeric,NOMINAL,NA,"[{""value"": ""1.0"", ""label"": ""Yes""}]"
1115,meb4.78,"SOILED PANTS, YES AGE NOT KNOWN",numeric,NOMINAL,NA,"[{""value"": ""1.0"", ""label"": ""Yes""}]"
1116,meb4.79,"SOILED PANTS, NO",numeric,NOMINAL,NA,"[{""value"": ""1.0"", ""label"": ""Yes""}]"
1117,meb4.80,"SOILED PANTS, NO INFORMATION",numeric,NOMINAL,NA,"[{""value"": ""1.0"", ""label"": ""Yes""}]"
1118,meb4.81,"RETARDATION, PAST 12 MONTHS",numeric,NOMINAL,NA,"[{""value"": ""1.0"", ""label"": ""Yes""}]"
1119,meb4.82,"RETARDATION, PRIOR PAST 12 MNTHS",numeric,NOMINAL,NA,"[{""value"": ""1.0"", ""label"": ""Yes""}]"
1120,meb4.83,"RETARDATION, YES AGE NOT KNOWN",numeric,NOMINAL,NA,"[{""value"": ""1.0"", ""label"": ""Yes""}]"
1121,meb4.84,"RETARDATION, NO",numeric,NOMINAL,NA,"[{""value"": ""1.0"", ""label"": ""Yes""}]"
1122,meb4.85,"RETARDATION, NO INFORMATION",numeric,NOMINAL,NA,"[{""value"": ""1.0"", ""label"": ""Yes""}]"
1123,meb4.86,"OTHER ILLNESSES, PAST 12 MONTHS",numeric,NOMINAL,NA,"[{""value"": ""1.0"", ""label"": ""Yes""}]"
1124,meb4.87,"OTHER ILLNESSES, PRIOR PAST 12 MNTHS",numeric,NOMINAL,NA,"[{""value"": ""1.0"", ""label"": ""Yes""}]"
1125,meb4.88,"OTHER ILLNESSES, YES AGE NOT KNOWN",numeric,NOMINAL,NA,"[{""value"": ""1.0"", ""label"": ""Yes""}]"
1126,meb4.89,"OTHER ILLNESSES, NO",numeric,NOMINAL,NA,"[{""value"": ""1.0"", ""label"": ""Yes""}]"
1127,meb4.90,"OTHER ILLNESSES, NO INFORMATION",numeric,NOMINAL,NA,"[{""value"": ""1.0"", ""label"": ""Yes""}]"
1128,meb4.91,OTHER ILLNESS/DISABILITY TEXT POOL IDENT 1,numeric,NOMINAL,-8.0 thru -3.0 and -1.0,"[{""value"": ""-3.0"", ""label"": ""Not stated""}]"
1129,meb4.92,OTHER ILLNESS/DISABILITY TEXT POOL IDENT 2,numeric,NOMINAL,NA,[]
1130,meb5,PULSE RATE AT START OF MEDICAL EXAM,numeric,SCALE,-8.0 thru -5.0 and -3.0,"[{""value"": ""-8.0"", ""label"": ""Out of range""}, {""value"": ""-5.0"", ""label"": ""Other answer""}, {""value"": ""-3.0"", ""label"": ""Not stated""}, {""value"": ""888.0"", ""label"": ""Box blank, other answer""}, {""value"": ""999.0"", ""label"": ""No number recorded""}]"
1131,meb6.1,BEEN PRESCRIBED FOR USE NOW: GLASSES,numeric,NOMINAL,NA,"[{""value"": ""1.0"", ""label"": ""Yes""}]"
1132,meb6.2,BEEN PRESCRIBED FOR USE NOW: LENSES,numeric,NOMINAL,NA,"[{""value"": ""1.0"", ""label"": ""Yes""}]"
1133,meb6.3,BEEN PRESCRIBED FOR USE NOW: NEITHER,numeric,NOMINAL,NA,"[{""value"": ""1.0"", ""label"": ""Yes""}]"
1134,meb6.4,BEEN PRESCRIBED FOR USE NOW: NOT KNOWN,numeric,NOMINAL,NA,"[{""value"": ""1.0"", ""label"": ""Yes""}]"
1135,meb6.5,GLASS/CONTACT LENS AVAIL FOR VISION TEST,numeric,NOMINAL,-8.0 thru -3.0 and -1.0,"[{""value"": ""-3.0"", ""label"": ""Not stated""}, {""value"": ""1.0"", ""label"": ""Yes""}, {""value"": ""2.0"", ""label"": ""No""}]"
1136,meb7.1,TYPE CHART USED FOR DISTANT VISION TEST,numeric,NOMINAL,NA,"[{""value"": ""1.0"", ""label"": ""Snellen""}, {""value"": ""2.0"", ""label"": ""Stycar""}, {""value"": ""3.0"", ""label"": ""Sheridan Gardiner""}, {""value"": ""4.0"", ""label"": ""Keystone""}, {""value"": ""5.0"", ""label"": ""Other""}]"
1137,meb7.2,TEXT FLAG OTHER CHART USED DIST VISION,numeric,NOMINAL,NA,"[{""value"": ""4.0"", ""label"": ""Text present""}]"
1138,meb7.3,DISTANT VISION RESULT RIGHT EYE,numeric,NOMINAL,NA,"[{""value"": ""1.0"", ""label"": ""6/6""}, {""value"": ""2.0"", ""label"": ""6/9""}, {""value"": ""3.0"", ""label"": ""6/12""}, {""value"": ""4.0"", ""label"": ""6/18""}, {""value"": ""5.0"", ""label"": ""6/24""}, {""value"": ""6.0"", ""label"": ""6/36""}, {""value"": ""7.0"", ""label"": ""6/60""}, {""value"": ""8.0"", ""label"": ""Worse than 6/60""}, {""value"": ""9.0"", ""label"": ""Unable to test""}]"
1139,meb7.4,TEXT FLAG COMMENT DIST VISION TEST R EYE,numeric,NOMINAL,NA,"[{""value"": ""4.0"", ""label"": ""Text present""}]"
1140,meb7.5,DISTANT VISION RESULT LEFT EYE,numeric,NOMINAL,NA,"[{""value"": ""1.0"", ""label"": ""6/6""}, {""value"": ""2.0"", ""label"": ""6/9""}, {""value"": ""3.0"", ""label"": ""6/12""}, {""value"": ""4.0"", ""label"": ""6/18""}, {""value"": ""5.0"", ""label"": ""6/24""}, {""value"": ""6.0"", ""label"": ""6/36""}, {""value"": ""7.0"", ""label"": ""6/60""}, {""value"": ""8.0"", ""label"": ""Worse than 6/60""}, {""value"": ""9.0"", ""label"": ""Unable to test""}]"
1141,meb7.6,TEXT FLAG COMMENT DIST VISION TEST L EYE,numeric,NOMINAL,NA,"[{""value"": ""4.0"", ""label"": ""Text present""}]"
1142,meb7.7,DISTANT VISION RETEST RESULT RIGHT EYE,numeric,NOMINAL,NA,"[{""value"": ""1.0"", ""label"": ""6/6""}, {""value"": ""2.0"", ""label"": ""6/9""}, {""value"": ""3.0"", ""label"": ""6/12""}, {""value"": ""4.0"", ""label"": ""6/18""}, {""value"": ""5.0"", ""label"": ""6/24""}, {""value"": ""6.0"", ""label"": ""6/36""}, {""value"": ""7.0"", ""label"": ""6/60""}, {""value"": ""8.0"", ""label"": ""Worse than 6/60""}, {""value"": ""9.0"", ""label"": ""Unable to test""}]"
1143,meb7.8,TEXT FLAG COMMENT DIST VIS RETEST R EYE,numeric,NOMINAL,NA,"[{""value"": ""4.0"", ""label"": ""Text present""}]"
1144,meb7.9,DISTANT VISION RETEST RESULT LEFT EYE,numeric,NOMINAL,NA,"[{""value"": ""1.0"", ""label"": ""6/6""}, {""value"": ""2.0"", ""label"": ""6/9""}, {""value"": ""3.0"", ""label"": ""6/12""}, {""value"": ""4.0"", ""label"": ""6/18""}, {""value"": ""5.0"", ""label"": ""6/24""}, {""value"": ""6.0"", ""label"": ""6/36""}, {""value"": ""7.0"", ""label"": ""6/60""}, {""value"": ""8.0"", ""label"": ""Worse than 6/60""}, {""value"": ""9.0"", ""label"": ""Unable to test""}]"
1145,meb7.10,TEXT FLAG COMMENT DIST VIS RETEST L EYE,numeric,NOMINAL,NA,"[{""value"": ""4.0"", ""label"": ""Text present""}]"
1146,meb8.1,NEAR VISION RESULT RIGHT EYE,numeric,NOMINAL,NA,"[{""value"": ""1.0"", ""label"": ""6""}, {""value"": ""2.0"", ""label"": ""9""}, {""value"": ""3.0"", ""label"": ""12""}, {""value"": ""4.0"", ""label"": ""18""}, {""value"": ""5.0"", ""label"": ""24""}, {""value"": ""6.0"", ""label"": ""36""}, {""value"": ""7.0"", ""label"": ""60""}, {""value"": ""8.0"", ""label"": ""Worse than 60""}, {""value"": ""9.0"", ""label"": ""Unable to test""}]"
1147,meb8.2,TEXT FLAG COMMENT NEAR VISION TEST R EYE,numeric,NOMINAL,NA,"[{""value"": ""4.0"", ""label"": ""Text present""}]"
1148,meb8.3,NEAR VISION RESULT LEFT EYE,numeric,NOMINAL,NA,"[{""value"": ""1.0"", ""label"": ""6""}, {""value"": ""2.0"", ""label"": ""9""}, {""value"": ""3.0"", ""label"": ""12""}, {""value"": ""4.0"", ""label"": ""18""}, {""value"": ""5.0"", ""label"": ""24""}, {""value"": ""6.0"", ""label"": ""36""}, {""value"": ""7.0"", ""label"": ""60""}, {""value"": ""8.0"", ""label"": ""Worse than 60""}, {""value"": ""9.0"", ""label"": ""Unable to test""}]"
1149,meb8.4,TEXT FLAG COMMENT NEAR VISION TEST L EYE,numeric,NOMINAL,NA,"[{""value"": ""4.0"", ""label"": ""Text present""}]"
1150,meb8.5,NEAR VISION RETEST RESULT RIGHT EYE,numeric,NOMINAL,NA,"[{""value"": ""1.0"", ""label"": ""6""}, {""value"": ""2.0"", ""label"": ""9""}, {""value"": ""3.0"", ""label"": ""12""}, {""value"": ""4.0"", ""label"": ""18""}, {""value"": ""5.0"", ""label"": ""24""}, {""value"": ""6.0"", ""label"": ""36""}, {""value"": ""7.0"", ""label"": ""60""}, {""value"": ""8.0"", ""label"": ""Worse than 60""}, {""value"": ""9.0"", ""label"": ""Unable to test""}]"
1151,meb8.6,TEXT FLAG COMMENT NEAR VIS RETEST R EYE,numeric,NOMINAL,NA,"[{""value"": ""4.0"", ""label"": ""Text present""}]"
1152,meb8.7,NEAR VISION RETEST RESULT LEFT EYE,numeric,NOMINAL,NA,"[{""value"": ""1.0"", ""label"": ""6""}, {""value"": ""2.0"", ""label"": ""9""}, {""value"": ""3.0"", ""label"": ""12""}, {""value"": ""4.0"", ""label"": ""18""}, {""value"": ""5.0"", ""label"": ""24""}, {""value"": ""6.0"", ""label"": ""36""}, {""value"": ""7.0"", ""label"": ""60""}, {""value"": ""8.0"", ""label"": ""Worse than 60""}, {""value"": ""9.0"", ""label"": ""Unable to test""}]"
1153,meb8.8,TEXT FLAG COMMENT NEAR VIS RETEST L EYE,numeric,NOMINAL,NA,"[{""value"": ""4.0"", ""label"": ""Text present""}]"
1154,meb9,ANY EVIDENCE OF SQUINT,numeric,NOMINAL,NA,"[{""value"": ""1.0"", ""label"": ""No""}, {""value"": ""2.0"", ""label"": ""Yes, altering eyes""}, {""value"": ""3.0"", ""label"": ""Yes, right eye""}, {""value"": ""4.0"", ""label"": ""Yes, left eye""}, {""value"": ""5.0"", ""label"": ""Not certain""}]"
1155,meb10.1,ANY EVIDENCE OF ABNORMAL CONDIT IN EYES,numeric,NOMINAL,NA,"[{""value"": ""1.0"", ""label"": ""Yes""}, {""value"": ""2.0"", ""label"": ""No""}]"
1156,meb10.2,ABNORMAL EYE CONDITION TEXT POOL IDENT 1,numeric,NOMINAL,-8.0 thru -3.0 and -1.0,"[{""value"": ""-3.0"", ""label"": ""Not stated""}]"
1157,meb10.3,ABNORMAL EYE CONDITION TEXT POOL IDENT 2,numeric,NOMINAL,NA,[]
1158,meb11.1,ANY CURRENT VISUAL DEFECT,numeric,NOMINAL,NA,"[{""value"": ""1.0"", ""label"": ""No""}, {""value"": ""2.0"", ""label"": ""Yes, no interference""}, {""value"": ""3.0"", ""label"": ""Yes, some interference""}, {""value"": ""4.0"", ""label"": ""Yes, books with difficulty""}, {""value"": ""5.0"", ""label"": ""Yes, special books""}, {""value"": ""6.0"", ""label"": ""Yes, vision insufficient""}, {""value"": ""7.0"", ""label"": ""Unable to assess""}, {""value"": ""8.0"", ""label"": ""Not examined""}]"
1159,meb11.2,"TEXT FLAG, REASON UNABLE TO ASSESS",numeric,NOMINAL,NA,"[{""value"": ""4.0"", ""label"": ""Text present""}]"
1160,meb12.1,CURRENT HEARING LOSS: MINIMAL UNILATERAL,numeric,NOMINAL,NA,"[{""value"": ""1.0"", ""label"": ""Yes""}]"
1161,meb12.2,CURRENT HEARING LOSS: MINIMAL BILATERAL,numeric,NOMINAL,NA,"[{""value"": ""1.0"", ""label"": ""Yes""}]"
1162,meb12.3,CURRENT HEARING LOSS: MODERATE UNILATERAL,numeric,NOMINAL,NA,"[{""value"": ""1.0"", ""label"": ""Yes""}]"
1163,meb12.4,CURRENT HEARING LOSS: MODERATE BILATERAL,numeric,NOMINAL,NA,"[{""value"": ""1.0"", ""label"": ""Yes""}]"
1164,meb12.5,CURRENT HEARING LOSS: MARKED UNILATERAL,numeric,NOMINAL,NA,"[{""value"": ""1.0"", ""label"": ""Yes""}]"
1165,meb12.6,CURRENT HEARING LOSS: MARKED BILATERAL,numeric,NOMINAL,NA,"[{""value"": ""1.0"", ""label"": ""Yes""}]"
1166,meb12.7,CURRENT HEARING LOSS: NONE UNILATERAL,numeric,NOMINAL,NA,"[{""value"": ""1.0"", ""label"": ""Yes""}]"
1167,meb12.8,CURRENT HEARING LOSS: NONE BILATERAL,numeric,NOMINAL,NA,"[{""value"": ""1.0"", ""label"": ""Yes""}]"
1168,meb12.9,CURRENT HEARING LOSS: UNCERTAIN UNILATERAL,numeric,NOMINAL,NA,"[{""value"": ""1.0"", ""label"": ""Yes""}]"
1169,meb12.10,CURRENT HEARING LOSS: UNCERTAIN BILATERAL,numeric,NOMINAL,NA,"[{""value"": ""1.0"", ""label"": ""Yes""}]"
1170,meb12.11,CURRENT HEARING LOSS: NK UNILATERAL,numeric,NOMINAL,NA,"[{""value"": ""1.0"", ""label"": ""Yes""}]"
1171,meb12.12,CURRENT HEARING LOSS: NK BILATERAL,numeric,NOMINAL,NA,"[{""value"": ""1.0"", ""label"": ""Yes""}]"
1172,meb12.13,CURRENT HEARING LOSS TEXT POOL IDENT 1,numeric,NOMINAL,-8.0 thru -3.0 and -1.0,"[{""value"": ""-3.0"", ""label"": ""Not stated""}]"
1173,meb12.14,CURRENT HEARING LOSS TEXT POOL IDENT 2,numeric,NOMINAL,-8.0 thru -3.0 and -1.0,"[{""value"": ""-3.0"", ""label"": ""Not stated""}]"
1174,meb12.15,DOES HEARING LOSS AFFECT DAILY LIFE?,numeric,NOMINAL,-8.0 thru -3.0 and -1.0,"[{""value"": ""-3.0"", ""label"": ""Not stated""}, {""value"": ""1.0"", ""label"": ""Yes, severely""}, {""value"": ""2.0"", ""label"": ""Yes, somewhat""}, {""value"": ""3.0"", ""label"": ""No""}, {""value"": ""4.0"", ""label"": ""Unable to assess""}]"
1175,meb12.16,DOES CHILD WEAR HEARING AID?,numeric,NOMINAL,-8.0 thru -3.0 and -1.0,"[{""value"": ""-3.0"", ""label"": ""Not stated""}, {""value"": ""1.0"", ""label"": ""Yes""}, {""value"": ""2.0"", ""label"": ""No""}]"
1176,meb13,AUDIO RESULTS AVAILABLE TO MAKE ASSESS,numeric,NOMINAL,NA,"[{""value"": ""1.0"", ""label"": ""Yes""}, {""value"": ""2.0"", ""label"": ""No""}]"
1177,meb14.1,"SPCH TEST SENTENCE 1, NUMBER MISPRONOUNCED",numeric,NOMINAL,-5.0 thru -3.0 and -2.0,"[{""value"": ""-5.0"", ""label"": ""Other answer""}, {""value"": ""-2.0"", ""label"": ""Not known""}, {""value"": ""0.0"", ""label"": ""No words mispronounced""}]"
1178,meb14.2,"SPCH TEST SENTENCE 2, NUMBER MISPRONOUNCED",numeric,NOMINAL,-5.0 thru -3.0 and -2.0,"[{""value"": ""-5.0"", ""label"": ""Other answer""}, {""value"": ""-2.0"", ""label"": ""Not known""}, {""value"": ""0.0"", ""label"": ""No words mispronounced""}]"
1179,meb14.3,"SPCH TEST SENTENCE 3, NUMBER MISPRONOUNCED",numeric,NOMINAL,-5.0 thru -3.0 and -2.0,"[{""value"": ""-5.0"", ""label"": ""Other answer""}, {""value"": ""-2.0"", ""label"": ""Not known""}, {""value"": ""0.0"", ""label"": ""No words mispronounced""}]"
1180,meb14.4,"SPCH TEST SENTENCE 4, NUMBER MISPRONOUNCED",numeric,NOMINAL,-5.0 thru -3.0 and -2.0,"[{""value"": ""-5.0"", ""label"": ""Other answer""}, {""value"": ""-2.0"", ""label"": ""Not known""}, {""value"": ""0.0"", ""label"": ""No words mispronounced""}]"
1181,meb14.5,"SPCH TEST SENTENCE 5, NUMBER MISPRONOUNCED",numeric,NOMINAL,-5.0 thru -3.0 and -2.0,"[{""value"": ""-5.0"", ""label"": ""Other answer""}, {""value"": ""-2.0"", ""label"": ""Not known""}, {""value"": ""0.0"", ""label"": ""No words mispronounced""}]"
1182,meb14.6,"SPCH TEST SENTENCE 6, NUMBER MISPRONOUNCED",numeric,NOMINAL,-5.0 thru -3.0 and -2.0,"[{""value"": ""-5.0"", ""label"": ""Other answer""}, {""value"": ""-2.0"", ""label"": ""Not known""}, {""value"": ""0.0"", ""label"": ""No words mispronounced""}]"
1183,meb14.7,"SPCH TEST SENTENCE 7, NUMBER MISPRONOUNCED",numeric,NOMINAL,-5.0 thru -3.0 and -2.0,"[{""value"": ""-5.0"", ""label"": ""Other answer""}, {""value"": ""-2.0"", ""label"": ""Not known""}, {""value"": ""0.0"", ""label"": ""No words mispronounced""}]"
1184,meb14.8,"SPCH TEST SENTENCE 8, NUMBER MISPRONOUNCED",numeric,NOMINAL,-5.0 thru -3.0 and -2.0,"[{""value"": ""-5.0"", ""label"": ""Other answer""}, {""value"": ""-2.0"", ""label"": ""Not known""}, {""value"": ""0.0"", ""label"": ""No words mispronounced""}]"
1185,meb14.9,"SPCH TEST SENTENCE 9, NUMBER MISPRONOUNCED",numeric,NOMINAL,-8.0 thru -5.0 and -2.0,"[{""value"": ""-8.0"", ""label"": ""Out of range""}, {""value"": ""-5.0"", ""label"": ""Other answer""}, {""value"": ""-2.0"", ""label"": ""Not known""}, {""value"": ""0.0"", ""label"": ""No words mispronounced""}]"
1186,meb14.10,TEXT FLAG REASON UNABLE TO TEST SPEECH,numeric,NOMINAL,-8.0 thru -1.0,"[{""value"": ""-8.0"", ""label"": ""Out of range""}, {""value"": ""4.0"", ""label"": ""Text present""}]"
1187,meb15.1,HOW INTELLIGIBLE IS CHILD'S SPEECH?,numeric,NOMINAL,NA,"[{""value"": ""1.0"", ""label"": ""Fully intelligible""}, {""value"": ""2.0"", ""label"": ""Almost all words intelligible""}, {""value"": ""3.0"", ""label"": ""Many words unintelligible""}, {""value"": ""4.0"", ""label"": ""Nearly all unintelligible""}, {""value"": ""5.0"", ""label"": ""Unable to assess""}]"
1188,meb15.2,TEXT FLAG REASON UNABLE TO ASSESS SPEECH,numeric,NOMINAL,NA,"[{""value"": ""4.0"", ""label"": ""Text present""}]"
1189,meb16,DOES CHILD STAMMER OR STUTTER?,numeric,NOMINAL,NA,"[{""value"": ""1.0"", ""label"": ""No""}, {""value"": ""2.0"", ""label"": ""Yes, slightly""}, {""value"": ""3.0"", ""label"": ""Yes, moderately""}, {""value"": ""4.0"", ""label"": ""Yes, severely""}, {""value"": ""5.0"", ""label"": ""Not known""}]"
1190,meb17,CHILD'S HEIGHT IN MMS,numeric,SCALE,-8.0 thru None,"[{""value"": ""-8.0"", ""label"": ""Out of range""}]"
1191,meb18,CHILD'S HEAD CIRCUMFERENCE IN MMS,numeric,SCALE,-8.0 thru None,"[{""value"": ""-8.0"", ""label"": ""Out of range""}]"
1192,meb19.1,CHILD'S WEIGHT IN 10THS OF A KILOGRAM,numeric,SCALE,-8.0 thru None,"[{""value"": ""-8.0"", ""label"": ""Out of range""}]"
1193,meb19.2,TYPE OF SCALES USED,numeric,NOMINAL,-8.0 thru -3.0 and -1.0,"[{""value"": ""-3.0"", ""label"": ""Not stated""}, {""value"": ""1.0"", ""label"": ""Beam balance""}, {""value"": ""2.0"", ""label"": ""Other apparatus""}]"
1194,meb19.3,TEXT FLAG OTHER TYPE SCALES USED,numeric,NOMINAL,NA,"[{""value"": ""4.0"", ""label"": ""Text present""}]"
1195,meb19.4,TEXT FLAG REASON UNABLE TO WEIGH,numeric,NOMINAL,NA,"[{""value"": ""4.0"", ""label"": ""Text present""}]"
1196,meb20.1,BLOOD PRESSURE SYSTOLIC,numeric,SCALE,-3.0 thru -8.0,"[{""value"": ""-8.0"", ""label"": ""Out of range""}, {""value"": ""-3.0"", ""label"": ""Not stated""}]"
1197,meb20.2,BLOOD PRESSURE DIASTOLIC,numeric,SCALE,-3.0 thru -8.0,"[{""value"": ""-8.0"", ""label"": ""Out of range""}, {""value"": ""-3.0"", ""label"": ""Not stated""}]"
1198,meb20.3,"BLOOD PRES, DEPTH OF CUFF USED IN MMS",numeric,SCALE,NA,"[{""value"": ""-8.0"", ""label"": ""Out of range""}]"
1199,meb20.4,BLOOD PRESSURE DID CUFF ENCIRCLE ARM,numeric,NOMINAL,NA,"[{""value"": ""1.0"", ""label"": ""Yes""}, {""value"": ""2.0"", ""label"": ""No""}]"
1200,meb21.1,ABNORMAL FINDINGS A) FACIAL AND GENERAL,numeric,NOMINAL,NA,"[{""value"": ""1.0"", ""label"": ""No""}, {""value"": ""2.0"", ""label"": ""Yes""}]"
1201,meb21.2,ABN. MEDICAL FINDINGS (A) TEXT POOL ID,numeric,NOMINAL,-8.0 thru -3.0 and -1.0,"[{""value"": ""-3.0"", ""label"": ""Not stated""}]"
1202,meb21.3,ABNORMAL FINDINGS B) SKIN CONDITION,numeric,NOMINAL,NA,"[{""value"": ""1.0"", ""label"": ""No""}, {""value"": ""2.0"", ""label"": ""Yes""}]"
1203,meb21.4,ABN. MEDICAL FINDINGS (B) TEXT POOL ID,numeric,NOMINAL,-8.0 thru -3.0 and -1.0,"[{""value"": ""-3.0"", ""label"": ""Not stated""}]"
1204,meb21.5,ABNORMAL FINDINGS C) ENT CONDITION,numeric,NOMINAL,NA,"[{""value"": ""1.0"", ""label"": ""No""}, {""value"": ""2.0"", ""label"": ""Yes""}]"
1205,meb21.6,ABN. MEDICAL FINDINGS (C) TEXT POOL ID,numeric,NOMINAL,-8.0 thru -3.0 and -1.0,"[{""value"": ""-3.0"", ""label"": ""Not stated""}]"
1206,meb21.7,ABNORMAL FINDINGS D) UPPER RESPIRATORY,numeric,NOMINAL,NA,"[{""value"": ""1.0"", ""label"": ""No""}, {""value"": ""2.0"", ""label"": ""Yes""}]"
1207,meb21.8,ABN. MEDICAL FINDINGS (D) TEXT POOL ID,numeric,NOMINAL,-8.0 thru -3.0 and -1.0,"[{""value"": ""-3.0"", ""label"": ""Not stated""}]"
1208,meb21.9,ABNORMAL FINDINGS E) LOWER RESPIRATORY,numeric,NOMINAL,NA,"[{""value"": ""1.0"", ""label"": ""No""}, {""value"": ""2.0"", ""label"": ""Yes""}]"
1209,meb21.10,ABN. MEDICAL FINDINGS (E) TEXT POOL ID,numeric,NOMINAL,-8.0 thru -3.0 and -1.0,"[{""value"": ""-3.0"", ""label"": ""Not stated""}]"
1210,meb21.11,ABNORMAL FINDINGS F) CARDIOVASCULAR,numeric,NOMINAL,NA,"[{""value"": ""1.0"", ""label"": ""No""}, {""value"": ""2.0"", ""label"": ""Yes""}]"
1211,meb21.12,ABN. MEDICAL FINDINGS (F) TEXT POOL ID,numeric,NOMINAL,-8.0 thru -3.0 and -1.0,"[{""value"": ""-3.0"", ""label"": ""Not stated""}]"
1212,meb21.13,ABNORMAL FINDINGS G) GASTROINTESTINAL,numeric,NOMINAL,NA,"[{""value"": ""1.0"", ""label"": ""No""}, {""value"": ""2.0"", ""label"": ""Yes""}]"
1213,meb21.14,ABN. MEDICAL FINDINGS (G) TEXT POOL ID,numeric,NOMINAL,-8.0 thru -3.0 and -1.0,"[{""value"": ""-3.0"", ""label"": ""Not stated""}]"
1214,meb21.15,ABNORMAL FINDINGS H) OTHER ABDOMINAL,numeric,NOMINAL,NA,"[{""value"": ""1.0"", ""label"": ""No""}, {""value"": ""2.0"", ""label"": ""Yes""}]"
1215,meb21.16,ABN. MEDICAL FINDINGS (H) TEXT POOL ID,numeric,NOMINAL,-8.0 thru -3.0 and -1.0,"[{""value"": ""-3.0"", ""label"": ""Not stated""}]"
1216,meb21.17,ABNORMAL FINDINGS I) UROGENITAL,numeric,NOMINAL,NA,"[{""value"": ""1.0"", ""label"": ""No""}, {""value"": ""2.0"", ""label"": ""Yes""}]"
1217,meb21.18,ABN. MEDICAL FINDINGS (I) TEXT POOL ID,numeric,NOMINAL,-8.0 thru -3.0 and -1.0,"[{""value"": ""-3.0"", ""label"": ""Not stated""}]"
1218,meb21.19,ABNORMAL FINDINGS J) NEUROLOGICAL,numeric,NOMINAL,NA,"[{""value"": ""1.0"", ""label"": ""No""}, {""value"": ""2.0"", ""label"": ""Yes""}]"
1219,meb21.20,ABN. MEDICAL FINDINGS (J) TEXT POOL ID,numeric,NOMINAL,-8.0 thru -3.0 and -1.0,"[{""value"": ""-3.0"", ""label"": ""Not stated""}]"
1220,meb21.21,ABNORMAL FINDINGS K) MUSCULO SKELETAL,numeric,NOMINAL,NA,"[{""value"": ""1.0"", ""label"": ""No""}, {""value"": ""2.0"", ""label"": ""Yes""}]"
1221,meb21.22,ABN. MEDICAL FINDINGS (K) TEXT POOL ID,numeric,NOMINAL,-8.0 thru -3.0 and -1.0,"[{""value"": ""-3.0"", ""label"": ""Not stated""}]"
1222,meb21.23,ABNORMAL FINDINGS L) ENDOCRINE,numeric,NOMINAL,NA,"[{""value"": ""1.0"", ""label"": ""No""}, {""value"": ""2.0"", ""label"": ""Yes""}]"
1223,meb21.24,ABN. MEDICAL FINDINGS (L) TEXT POOL ID,numeric,NOMINAL,-8.0 thru -3.0 and -1.0,"[{""value"": ""-3.0"", ""label"": ""Not stated""}]"
1224,meb21.25,"ABNORMAL FINDINGS M) BLOOD, LYMPHATIC",numeric,NOMINAL,NA,"[{""value"": ""1.0"", ""label"": ""No""}, {""value"": ""2.0"", ""label"": ""Yes""}]"
1225,meb21.26,ABN. MEDICAL FINDINGS (M) TEXT POOL ID,numeric,NOMINAL,-8.0 thru -3.0 and -1.0,"[{""value"": ""-3.0"", ""label"": ""Not stated""}]"
1226,meb21.27,ABNORMAL FINDINGS N) MENTAL HANDICAP,numeric,NOMINAL,NA,"[{""value"": ""1.0"", ""label"": ""No""}, {""value"": ""2.0"", ""label"": ""Yes""}]"
1227,meb21.28,ABN. MEDICAL FINDINGS (N) TEXT POOL ID,numeric,NOMINAL,-8.0 thru -3.0 and -1.0,"[{""value"": ""-3.0"", ""label"": ""Not stated""}]"
1228,meb21.29,ABNORMAL FINDINGS O) BEHAVIOUR/EMOTIONAL,numeric,NOMINAL,NA,"[{""value"": ""1.0"", ""label"": ""No""}, {""value"": ""2.0"", ""label"": ""Yes""}]"
1229,meb21.30,ABN. MEDICAL FINDINGS (O) TEXT POOL ID,numeric,NOMINAL,-8.0 thru -3.0 and -1.0,"[{""value"": ""-3.0"", ""label"": ""Not stated""}]"
1230,meb21.31,ABN. MEDICAL FINDINGS (P) TEXT POOL ID,numeric,NOMINAL,NA,[]
1231,meb22.1,ANY EVIDENCE OF PUBERTY,numeric,NOMINAL,NA,"[{""value"": ""1.0"", ""label"": ""No""}, {""value"": ""2.0"", ""label"": ""Yes""}]"
1232,meb22.2,"EVIDENCE OF PUBERTY, SIGN 1",numeric,NOMINAL,-8.0 thru -3.0 and -1.0,"[{""value"": ""-8.0"", ""label"": ""Out of range""}, {""value"": ""-3.0"", ""label"": ""Not stated""}, {""value"": ""1.0"", ""label"": ""Breast development""}, {""value"": ""2.0"", ""label"": ""Testicular enlargement""}, {""value"": ""3.0"", ""label"": ""Pubic hair""}, {""value"": ""4.0"", ""label"": ""Axillary hair""}, {""value"": ""5.0"", ""label"": ""Menarche""}, {""value"": ""6.0"", ""label"": ""Penile enlargement""}, {""value"": ""7.0"", ""label"": ""Other""}]"
1233,meb22.3,"EVIDENCE OF PUBERTY, SIGN 2",numeric,NOMINAL,NA,"[{""value"": ""1.0"", ""label"": ""Breast development""}, {""value"": ""2.0"", ""label"": ""Testicular enlargement""}, {""value"": ""3.0"", ""label"": ""Pubic hair""}, {""value"": ""4.0"", ""label"": ""Axillary hair""}, {""value"": ""5.0"", ""label"": ""Menarche""}, {""value"": ""6.0"", ""label"": ""Penile enlargement""}, {""value"": ""7.0"", ""label"": ""Other""}]"
1234,meb22.4,"EVIDENCE OF PUBERTY, SIGN 3",numeric,NOMINAL,-8.0 thru -1.0,"[{""value"": ""-8.0"", ""label"": ""Out of range""}, {""value"": ""1.0"", ""label"": ""Breast development""}, {""value"": ""2.0"", ""label"": ""Testicular enlargement""}, {""value"": ""3.0"", ""label"": ""Pubic hair""}, {""value"": ""4.0"", ""label"": ""Axillary hair""}, {""value"": ""5.0"", ""label"": ""Menarche""}, {""value"": ""6.0"", ""label"": ""Penile enlargement""}, {""value"": ""7.0"", ""label"": ""Other""}]"
1235,meb22.5,"EVIDENCE OF PUBERTY, SIGN 4",numeric,NOMINAL,NA,"[{""value"": ""1.0"", ""label"": ""Breast development""}, {""value"": ""2.0"", ""label"": ""Testicular enlargement""}, {""value"": ""3.0"", ""label"": ""Pubic hair""}, {""value"": ""4.0"", ""label"": ""Axillary hair""}, {""value"": ""5.0"", ""label"": ""Menarche""}, {""value"": ""6.0"", ""label"": ""Penile enlargement""}, {""value"": ""7.0"", ""label"": ""Other""}]"
1236,meb22.6,"EVIDENCE OF PUBERTY, SIGN 5",numeric,NOMINAL,NA,"[{""value"": ""1.0"", ""label"": ""Breast development""}, {""value"": ""2.0"", ""label"": ""Testicular enlargement""}, {""value"": ""3.0"", ""label"": ""Pubic hair""}, {""value"": ""4.0"", ""label"": ""Axillary hair""}, {""value"": ""5.0"", ""label"": ""Menarche""}, {""value"": ""6.0"", ""label"": ""Penile enlargement""}, {""value"": ""7.0"", ""label"": ""Other""}]"
1237,meb22.7,ANY SURGICAL/OPERATIVE SCARS,numeric,NOMINAL,NA,"[{""value"": ""1.0"", ""label"": ""No""}, {""value"": ""2.0"", ""label"": ""Yes""}]"
1238,meb22.8,TEXT FLAG SURGICAL/OPERATIVE SCARS,numeric,NOMINAL,-8.0 thru -3.0,"[{""value"": ""-8.0"", ""label"": ""Out of range""}, {""value"": ""-3.0"", ""label"": ""Not stated""}, {""value"": ""4.0"", ""label"": ""Text present""}]"
1239,meb22.9,ANY INJURY SCARS,numeric,NOMINAL,NA,"[{""value"": ""1.0"", ""label"": ""No""}, {""value"": ""2.0"", ""label"": ""Yes""}]"
1240,meb22.10,SITE OF INJURY SCAR 1,numeric,NOMINAL,-8.0 thru -3.0 and -1.0,"[{""value"": ""-8.0"", ""label"": ""Out of range""}, {""value"": ""-3.0"", ""label"": ""Not stated""}, {""value"": ""1.0"", ""label"": ""Face""}, {""value"": ""2.0"", ""label"": ""Hands""}, {""value"": ""3.0"", ""label"": ""Other sites""}, {""value"": ""4.0"", ""label"": ""Burns""}, {""value"": ""5.0"", ""label"": ""Other injury""}, {""value"": ""6.0"", ""label"": ""Other cause (ie chicken pox)""}]"
1241,meb22.11,SITE OF INJURY SCAR 2,numeric,NOMINAL,-8.0 thru -1.0,"[{""value"": ""-8.0"", ""label"": ""Out of range""}, {""value"": ""1.0"", ""label"": ""Face""}, {""value"": ""2.0"", ""label"": ""Hands""}, {""value"": ""3.0"", ""label"": ""Other sites""}, {""value"": ""4.0"", ""label"": ""Burns""}, {""value"": ""5.0"", ""label"": ""Other injury""}, {""value"": ""6.0"", ""label"": ""Other cause (ie chicken pox)""}]"
1242,meb22.12,SITE OF INJURY SCAR 3,numeric,NOMINAL,-8.0 thru -1.0,"[{""value"": ""-8.0"", ""label"": ""Out of range""}, {""value"": ""1.0"", ""label"": ""Face""}, {""value"": ""2.0"", ""label"": ""Hands""}, {""value"": ""3.0"", ""label"": ""Other sites""}, {""value"": ""4.0"", ""label"": ""Burns""}, {""value"": ""5.0"", ""label"": ""Other injury""}, {""value"": ""6.0"", ""label"": ""Other cause (ie chicken pox)""}]"
1243,meb22.13,SITE OF INJURY SCAR 4,numeric,NOMINAL,NA,"[{""value"": ""1.0"", ""label"": ""Face""}, {""value"": ""2.0"", ""label"": ""Hands""}, {""value"": ""3.0"", ""label"": ""Other sites""}, {""value"": ""4.0"", ""label"": ""Burns""}, {""value"": ""5.0"", ""label"": ""Other injury""}, {""value"": ""6.0"", ""label"": ""Other cause (ie chicken pox)""}]"
1244,meb22.14,ANY PATHOLOGICAL HEART MURMUR,numeric,NOMINAL,NA,"[{""value"": ""1.0"", ""label"": ""No""}, {""value"": ""2.0"", ""label"": ""Yes""}]"
1245,meb22.15,TEXT FLAG PATHOLOGICAL HEART MURMUR,numeric,NOMINAL,-8.0 thru -1.0,"[{""value"": ""-8.0"", ""label"": ""Out of range""}, {""value"": ""4.0"", ""label"": ""Text present""}]"
1246,meb22.16,"UNDESCENDED, ECTOPIC TESTIS",numeric,NOMINAL,NA,"[{""value"": ""1.0"", ""label"": ""No""}, {""value"": ""2.0"", ""label"": ""Yes""}]"
1247,meb22.17,"TEXT FLAG UNDESCENDED, ECTOPIC TESTIS",numeric,NOMINAL,-8.0 thru -3.0 and -1.0,"[{""value"": ""-3.0"", ""label"": ""Not stated""}, {""value"": ""4.0"", ""label"": ""Text present""}]"
1248,meb22.18,OTHER PATHOLOGY,numeric,NOMINAL,NA,"[{""value"": ""1.0"", ""label"": ""No""}, {""value"": ""2.0"", ""label"": ""Yes""}]"
1249,meb22.19,TEXT FLAG ANY OTHER PATHOLOGY,numeric,NOMINAL,NA,"[{""value"": ""4.0"", ""label"": ""Text present""}]"
1250,meb23.1,HAS CHILD ANY DISFIGURING CONDITION?,numeric,NOMINAL,NA,"[{""value"": ""1.0"", ""label"": ""Yes""}, {""value"": ""2.0"", ""label"": ""No""}]"
1251,meb23.2,DISFIGURING CONDITION TEXT POOL IDENTIFIER 1,numeric,NOMINAL,-8.0 thru -3.0 and -1.0,"[{""value"": ""-3.0"", ""label"": ""Not stated""}]"
1252,meb23.3,DISFIGURING CONDITION TEXT POOL IDENTIFIER 2,numeric,NOMINAL,NA,[]
1253,meb24.1,ANY EVIDENCE OF CONGENITAL ABNORMALITY,numeric,NOMINAL,NA,"[{""value"": ""1.0"", ""label"": ""Yes""}, {""value"": ""2.0"", ""label"": ""No""}, {""value"": ""3.0"", ""label"": ""No answer, refusal""}, {""value"": ""4.0"", ""label"": ""Yes but no abnormalities added""}]"
1254,meb24.2,"CONGENITAL ABNORMALITY 1, TEXT POOL ID",numeric,NOMINAL,-8.0 thru -3.0 and -1.0,"[{""value"": ""-3.0"", ""label"": ""Not stated""}]"
1255,meb24.3,"CONGENITAL ABNORMALITY 2, TEXT POOL ID",numeric,NOMINAL,NA,[]
1256,meb24.4,"CONGENITAL ABNORMALITY 3, TEXT POOL ID",numeric,NOMINAL,NA,[]
1257,meb24.5,"CONGENITAL ABNORMALITY 4, TEXT POOL ID",numeric,NOMINAL,NA,[]
1258,meb25.1,PALM PATTERN LEFT HAND,numeric,NOMINAL,NA,"[{""value"": ""1.0"", ""label"": ""Left palm, first picture""}, {""value"": ""2.0"", ""label"": ""Left palm, 2nd picture""}, {""value"": ""3.0"", ""label"": ""Left palm, 3rd picture""}]"
1259,meb25.2,TEXT FLAG COMMENTS ON PALM PATTERN,numeric,NOMINAL,NA,"[{""value"": ""4.0"", ""label"": ""Text present""}]"
1260,meb25.3,PALM PATTERN RIGHT HAND,numeric,NOMINAL,NA,"[{""value"": ""1.0"", ""label"": ""Right palm, first picture""}, {""value"": ""2.0"", ""label"": ""Right palm, 2nd picture""}, {""value"": ""3.0"", ""label"": ""Right palm, 3rd picture""}]"
1261,meb26,DESCRIPTION OF CHILD'S BUILD,numeric,NOMINAL,NA,"[{""value"": ""1.0"", ""label"": ""Grossly obese""}, {""value"": ""2.0"", ""label"": ""Moderately obese""}, {""value"": ""3.0"", ""label"": ""Normal""}, {""value"": ""4.0"", ""label"": ""Thin""}, {""value"": ""5.0"", ""label"": ""Very thin""}, {""value"": ""6.0"", ""label"": ""Not examined""}]"
1262,meb27.1,LATERALITY A) HAND PICK UP BALL 1ST TIME,numeric,NOMINAL,NA,"[{""value"": ""1.0"", ""label"": ""Right""}, {""value"": ""2.0"", ""label"": ""Left""}, {""value"": ""3.0"", ""label"": ""Both""}, {""value"": ""4.0"", ""label"": ""Unable to test""}]"
1263,meb27.2,LATERALITY A) HAND PICK UP BALL 2ND TIME,numeric,NOMINAL,NA,"[{""value"": ""1.0"", ""label"": ""Right""}, {""value"": ""2.0"", ""label"": ""Left""}, {""value"": ""3.0"", ""label"": ""Both""}, {""value"": ""4.0"", ""label"": ""Unable to test""}]"
1264,meb27.3,LATERALITY B) HAND USED FOR COMBING,numeric,NOMINAL,NA,"[{""value"": ""1.0"", ""label"": ""Right""}, {""value"": ""2.0"", ""label"": ""Left""}, {""value"": ""3.0"", ""label"": ""Both""}, {""value"": ""4.0"", ""label"": ""Unable to test""}]"
1265,meb27.4,LATERALITY C) HAND WRITING,numeric,NOMINAL,NA,"[{""value"": ""1.0"", ""label"": ""Right""}, {""value"": ""2.0"", ""label"": ""Left""}, {""value"": ""3.0"", ""label"": ""Either""}, {""value"": ""4.0"", ""label"": ""Cannot do""}]"
1266,meb27.5,LATERALITY C) FOOT KICKING,numeric,NOMINAL,NA,"[{""value"": ""1.0"", ""label"": ""Right""}, {""value"": ""2.0"", ""label"": ""Left""}, {""value"": ""3.0"", ""label"": ""Either""}, {""value"": ""4.0"", ""label"": ""Cannot do""}]"
1267,meb27.6,LATERALITY D) FOOT STAMPING,numeric,NOMINAL,NA,"[{""value"": ""1.0"", ""label"": ""Right""}, {""value"": ""2.0"", ""label"": ""Left""}, {""value"": ""3.0"", ""label"": ""Both""}, {""value"": ""4.0"", ""label"": ""Unable to test""}]"
1268,meb27.7,LATERALITY E) EYE WHICH HAND,numeric,NOMINAL,NA,"[{""value"": ""1.0"", ""label"": ""Right""}, {""value"": ""2.0"", ""label"": ""Left""}, {""value"": ""3.0"", ""label"": ""Both""}, {""value"": ""4.0"", ""label"": ""Unable to test""}]"
1269,meb27.8,LATERALITY E) EYE WHICH EYE,numeric,NOMINAL,NA,"[{""value"": ""1.0"", ""label"": ""Right""}, {""value"": ""2.0"", ""label"": ""Left""}, {""value"": ""3.0"", ""label"": ""Other response""}]"
1270,meb27.9,TEXT FLAG OTHER RESPONSE DOMINANT EYE,numeric,NOMINAL,NA,"[{""value"": ""4.0"", ""label"": ""Text present""}]"
1271,meb28.1,THROWING BALL AND CATCHING,numeric,NOMINAL,NA,"[{""value"": ""1.0"", ""label"": ""Could not catch""}, {""value"": ""2.0"", ""label"": ""Caught ball""}]"
1272,meb28.2,"THROW BALL, CATCH BOTH HANDS, NO. CLAPS",numeric,NOMINAL,-8.0 thru -5.0 and -3.0,"[{""value"": ""-8.0"", ""label"": ""Out of range""}, {""value"": ""-5.0"", ""label"": ""Other answer""}, {""value"": ""-3.0"", ""label"": ""Not stated""}, {""value"": ""0.0"", ""label"": ""No claps""}]"
1273,meb28.3,"THROW BALL, CATCH ONE HAND, NO. CLAPS",numeric,NOMINAL,-8.0 thru -5.0 and -3.0,"[{""value"": ""-8.0"", ""label"": ""Out of range""}, {""value"": ""-5.0"", ""label"": ""Other answer""}, {""value"": ""-3.0"", ""label"": ""Not stated""}, {""value"": ""0.0"", ""label"": ""No claps""}]"
1274,meb29.1,SORTING MATCHES: RIGHT HAND SECONDS,numeric,SCALE,-8.0 thru -1.0,"[{""value"": ""-8.0"", ""label"": ""Out of range""}]"
1275,meb29.2,SORTING MATCHES: LEFT HAND SECONDS,numeric,SCALE,-8.0 thru -1.0,"[{""value"": ""-8.0"", ""label"": ""Out of range""}]"
1276,meb30.1,"GRAPHESTHESIA: RIGHT PALM, SQUARE",numeric,NOMINAL,NA,"[{""value"": ""1.0"", ""label"": ""Correct""}, {""value"": ""2.0"", ""label"": ""Incorrect""}, {""value"": ""3.0"", ""label"": ""Uncertain""}]"
1277,meb30.2,"GRAPHESTHESIA: LEFT PALM, X",numeric,NOMINAL,NA,"[{""value"": ""1.0"", ""label"": ""Correct""}, {""value"": ""2.0"", ""label"": ""Incorrect""}, {""value"": ""3.0"", ""label"": ""Uncertain""}]"
1278,meb30.3,"GRAPHESTHESIA: RIGHT PALM, O",numeric,NOMINAL,NA,"[{""value"": ""1.0"", ""label"": ""Correct""}, {""value"": ""2.0"", ""label"": ""Incorrect""}, {""value"": ""3.0"", ""label"": ""Uncertain""}]"
1279,meb30.4,"GRAPHESTHESIA: LEFT PALM, SQUARE",numeric,NOMINAL,NA,"[{""value"": ""1.0"", ""label"": ""Correct""}, {""value"": ""2.0"", ""label"": ""Incorrect""}, {""value"": ""3.0"", ""label"": ""Uncertain""}]"
1280,meb30.5,"GRAPHESTHESIA: RIGHT PALM, 3",numeric,NOMINAL,NA,"[{""value"": ""1.0"", ""label"": ""Correct""}, {""value"": ""2.0"", ""label"": ""Incorrect""}, {""value"": ""3.0"", ""label"": ""Uncertain""}]"
1281,meb30.6,"GRAPHESTHESIA: LEFT PALM, O",numeric,NOMINAL,NA,"[{""value"": ""1.0"", ""label"": ""Correct""}, {""value"": ""2.0"", ""label"": ""Incorrect""}, {""value"": ""3.0"", ""label"": ""Uncertain""}]"
1282,meb30.7,"GRAPHESTHESIA: RIGHT PALM, X",numeric,NOMINAL,NA,"[{""value"": ""1.0"", ""label"": ""Correct""}, {""value"": ""2.0"", ""label"": ""Incorrect""}, {""value"": ""3.0"", ""label"": ""Uncertain""}]"
1283,meb30.8,"GRAPHESTHESIA: LEFT PALM, 3",numeric,NOMINAL,NA,"[{""value"": ""1.0"", ""label"": ""Correct""}, {""value"": ""2.0"", ""label"": ""Incorrect""}, {""value"": ""3.0"", ""label"": ""Uncertain""}]"
1284,meb31.1,"STANDING ON RIGHT LEG, DID FOOT MOVE",numeric,NOMINAL,NA,"[{""value"": ""1.0"", ""label"": ""No""}, {""value"": ""2.0"", ""label"": ""Yes""}]"
1285,meb31.2,"STANDING ON RIGHT LEG, TIME FOOT MOVE",numeric,SCALE,-8.0 thru -5.0 and -3.0,"[{""value"": ""-8.0"", ""label"": ""Out of range""}, {""value"": ""-5.0"", ""label"": ""Other answer""}, {""value"": ""-3.0"", ""label"": ""Not stated""}]"
1286,meb31.3,"STANDING ON RIGHT LEG, DID HAND MOVE",numeric,NOMINAL,NA,"[{""value"": ""1.0"", ""label"": ""No""}, {""value"": ""2.0"", ""label"": ""Yes""}]"
1287,meb31.4,"STANDING ON RIGHT LEG, TIME HAND MOVE",numeric,SCALE,-8.0 thru -5.0 and -3.0,"[{""value"": ""-8.0"", ""label"": ""Out of range""}, {""value"": ""-5.0"", ""label"": ""Other answer""}, {""value"": ""-3.0"", ""label"": ""Not stated""}]"
1288,meb31.5,"STANDING ON LEFT LEG, DID FOOT MOVE",numeric,NOMINAL,NA,"[{""value"": ""1.0"", ""label"": ""No""}, {""value"": ""2.0"", ""label"": ""Yes""}]"
1289,meb31.6,"STANDING ON LEFT LEG, TIME FOOT MOVE",numeric,SCALE,-8.0 thru -5.0 and -3.0,"[{""value"": ""-8.0"", ""label"": ""Out of range""}, {""value"": ""-5.0"", ""label"": ""Other answer""}, {""value"": ""-3.0"", ""label"": ""Not stated""}]"
1290,meb31.7,"STANDING ON LEFT LEG, DID HAND MOVE",numeric,NOMINAL,NA,"[{""value"": ""1.0"", ""label"": ""No""}, {""value"": ""2.0"", ""label"": ""Yes""}]"
1291,meb31.8,"STANDING ON LEFT LEG, TIME HAND MOVE",numeric,SCALE,-8.0 thru -5.0 and -3.0,"[{""value"": ""-8.0"", ""label"": ""Out of range""}, {""value"": ""-5.0"", ""label"": ""Other answer""}, {""value"": ""-3.0"", ""label"": ""Not stated""}]"
1292,meb31.9,TEXT FLAG COMMENTS STANDING ON ONE LEG,numeric,NOMINAL,NA,"[{""value"": ""4.0"", ""label"": ""Text present""}]"
1293,meb32.1,"WALKING BACKWARDS, NO. STEPS",numeric,NOMINAL,-8.0 thru -5.0 and -1.0,"[{""value"": ""-8.0"", ""label"": ""Out of range""}, {""value"": ""-5.0"", ""label"": ""Other answer""}]"
1294,meb32.2,TEXT FLAG COMMENTS WALKING BACKWARDS,numeric,NOMINAL,-8.0 thru -1.0,"[{""value"": ""-8.0"", ""label"": ""Out of range""}, {""value"": ""4.0"", ""label"": ""Text present""}]"
1295,meb32.3,TEXT FLAG REASON COORDINATION TEST OMITTED,numeric,NOMINAL,NA,"[{""value"": ""4.0"", ""label"": ""Text present""}]"
1296,meb33.1,DESCRIPTION OF CHILD'S COORDINATION,numeric,NOMINAL,NA,"[{""value"": ""1.0"", ""label"": ""Normal limb coordination""}, {""value"": ""2.0"", ""label"": ""Questionably clumsy""}, {""value"": ""3.0"", ""label"": ""Mildly clumsy""}, {""value"": ""4.0"", ""label"": ""Moderately clumsy""}, {""value"": ""5.0"", ""label"": ""Markedly clumsy""}, {""value"": ""6.0"", ""label"": ""Unable to assess""}]"
1297,meb33.2,TEXT FLAG COMMENTS WHY UNABLE ASSESS COORDINATION,numeric,NOMINAL,NA,"[{""value"": ""4.0"", ""label"": ""Text present""}]"
1298,meb34,PULSE RATE AT END OF MEDICAL EXAMINATION,numeric,SCALE,-8.0 thru -5.0 and -3.0,"[{""value"": ""-8.0"", ""label"": ""Out of range""}, {""value"": ""-5.0"", ""label"": ""Other answer""}, {""value"": ""-3.0"", ""label"": ""Not stated""}]"
1299,meb35.1,"SUMMARY, EVIDENCE OF PROBLEM",numeric,NOMINAL,NA,"[{""value"": ""1.0"", ""label"": ""Yes""}, {""value"": ""2.0"", ""label"": ""No""}]"
1300,meb35.2,"HEALTH, EDUC. DEFECT 1, 30 CHARS TEXT STRING",NA,NA,NA,[]
1301,meb35.3,"PROBLEM 1, ICD CODE",NA,NA,NA,[]
1302,meb35.4,"PROBLEM 1, ANY EFFECT ON CHILD'S PROGRESS",numeric,NOMINAL,-8.0 thru -3.0 and -1.0,"[{""value"": ""-3.0"", ""label"": ""Not stated""}, {""value"": ""1.0"", ""label"": ""No real disability""}, {""value"": ""2.0"", ""label"": ""Slight disability""}, {""value"": ""3.0"", ""label"": ""Marked disability""}, {""value"": ""4.0"", ""label"": ""Past condition""}]"
1303,meb35.5a,"HEALTH, EDUC. DEFECT 2, 30 CHARS TEXT STRING (A)",NA,NA,NA,[]
1304,meb35.5b,"HEALTH, EDUC. DEFECT 2, 30 CHARS TEXT STRING (B)",NA,NA,NA,[]
1305,meb35.6,"PROBLEM 2, ICD CODE",NA,NA,NA,[]
1306,meb35.7,"PROBLEM 2, ANY EFFECT ON CHILD'S PROGRESS",numeric,NOMINAL,NA,"[{""value"": ""1.0"", ""label"": ""No real disability""}, {""value"": ""2.0"", ""label"": ""Slight disability""}, {""value"": ""3.0"", ""label"": ""Marked disability""}, {""value"": ""4.0"", ""label"": ""Past condition""}]"
1307,meb35.8,"HEALTH, EDUC. DEFECT 3, 30 CHARS TEXT STRING",NA,NA,NA,[]
1308,meb35.9,"PROBLEM 3, ICD CODE",NA,NA,NA,[]
1309,meb35.10,"PROBLEM 3, ANY EFFECT ON CHILD'S PROGRESS",numeric,NOMINAL,NA,"[{""value"": ""1.0"", ""label"": ""No real disability""}, {""value"": ""2.0"", ""label"": ""Slight disability""}, {""value"": ""3.0"", ""label"": ""Marked disability""}, {""value"": ""4.0"", ""label"": ""Past condition""}]"
1310,mb35.11a,"HEALTH, EDUC. DEFECT 4, 30 CHARS TEXT STRING (A)",NA,NA,NA,[]
1311,mb35.11b,"HEALTH, EDUC. DEFECT 4, 30 CHARS TEXT STRING (B)",NA,NA,NA,[]
1312,meb35.12,"PROBLEM 4, ICD CODE",NA,NA,NA,[]
1313,meb35.13,"PROBLEM 4, ANY EFFECT ON CHILD'S PROGRESS",numeric,NOMINAL,NA,"[{""value"": ""1.0"", ""label"": ""No real disability""}, {""value"": ""2.0"", ""label"": ""Slight disability""}, {""value"": ""3.0"", ""label"": ""Marked disability""}, {""value"": ""4.0"", ""label"": ""Past condition""}]"
1314,meb35.14,"HEALTH, EDUC. DEFECT 5, 30 CHARS TEXT STRING",NA,NA,NA,[]
1315,meb35.15,"PROBLEM 5, ICD CODE",NA,NA,NA,[]
1316,meb35.16,"PROBLEM 5, ANY EFFECT ON CHILD'S PROGRESS",numeric,NOMINAL,NA,"[{""value"": ""1.0"", ""label"": ""No real disability""}, {""value"": ""2.0"", ""label"": ""Slight disability""}, {""value"": ""3.0"", ""label"": ""Marked disability""}, {""value"": ""4.0"", ""label"": ""Past condition""}]"
1317,mb35.17a,"HEALTH, EDUC. DEFECT 6, 30 CHARS TEXT STRING (A)",NA,NA,NA,[]
1318,mb35.17b,"HEALTH, EDUC. DEFECT 6, 30 CHARS TEXT STRING (B)",NA,NA,NA,[]
1319,meb35.18,"PROBLEM 6, ICD CODE",NA,NA,NA,[]
1320,meb35.19,"PROBLEM 6, ANY EFFECT ON CHILD'S PROGRESS",numeric,NOMINAL,NA,"[{""value"": ""1.0"", ""label"": ""No real disability""}, {""value"": ""2.0"", ""label"": ""Slight disability""}, {""value"": ""3.0"", ""label"": ""Marked disability""}, {""value"": ""4.0"", ""label"": ""Past condition""}]"
1321,meb35.20,TEXT FLAG COMMENTS HEALTH/EDUC DEFECT,numeric,NOMINAL,-8.0 thru -1.0,"[{""value"": ""-8.0"", ""label"": ""Out of range""}, {""value"": ""4.0"", ""label"": ""Text present""}]"
1322,meb36.1,ANY CONDITIONS NOT PREVIOUSLY DIAGNOSED,numeric,NOMINAL,NA,"[{""value"": ""1.0"", ""label"": ""Yes""}, {""value"": ""2.0"", ""label"": ""No""}, {""value"": ""3.0"", ""label"": ""Insufficient information""}]"
1323,meb36.2,"CONDITION 1, ICD CODE",NA,NA,NA,[]
1324,meb36.3a,"UNDIAGNOSED PROBLEM 1, 45 CHARS TEXT STRING (A)",NA,NA,NA,[]
1325,meb36.3b,"UNDIAGNOSED PROBLEM 1, 45 CHARS TEXT STRING (B)",NA,NA,NA,[]
1326,meb36.4,"CONDITION 2, ICD CODE",NA,NA,NA,[]
1327,meb36.5,"UNDIAGNOSED PROBLEM 2, 45 CHARS TEXT STRING",NA,NA,NA,[]
1328,meb36.6,"CONDITION 3, ICD CODE",NA,NA,NA,[]
1329,meb36.7a,"UNDIAGNOSED PROBLEM 3, 45 CHARS TEXT STRING (A)",NA,NA,NA,[]
1330,meb36.7b,"UNDIAGNOSED PROBLEM 3, 45 CHARS TEXT STRING (B)",NA,NA,NA,[]
1331,meb37.1,REQUIRES ONGOING TREAT: NO,numeric,NOMINAL,NA,"[{""value"": ""1.0"", ""label"": ""Yes""}]"
1332,meb37.2,"REQUIRES ONGOING TREAT: YES, RECEIVING",numeric,NOMINAL,NA,"[{""value"": ""1.0"", ""label"": ""Yes""}]"
1333,meb37.3,"REQUIRES ONGOING TREAT: YES, NOT RECEIVING",numeric,NOMINAL,NA,"[{""value"": ""1.0"", ""label"": ""Yes""}]"
1334,meb37.4,REQUIRES ONGOING TREAT: NOT ENOUGH INFO,numeric,NOMINAL,NA,"[{""value"": ""1.0"", ""label"": ""Yes""}]"
1335,meb37.5,"CONDITION 1,ICD CODE",NA,NA,NA,[]
1336,meb37.6a,"ONGOING PROBLEM 1, 45 CHARS TEXT STRING (A)",NA,NA,NA,[]
1337,meb37.6b,"ONGOING PROBLEM 1, 45 CHARS TEXT STRING (B)",NA,NA,NA,[]
1338,meb37.7,"CONDITION 2,ICD CODE",NA,NA,NA,[]
1339,meb37.8,"ONGOING PROBLEM 2, 45 CHARS TEXT STRING",NA,NA,NA,[]
1340,meb37.9,"CONDITION 3,ICD CODE",NA,NA,NA,[]
1341,mb37.10a,"ONGOING PROBLEM 3, 45 CHARS TEXT STRING (A)",NA,NA,NA,[]
1342,mb37.10b,"ONGOING PROBLEM 3, 45 CHARS TEXT STRING (B)",NA,NA,NA,[]
1343,back1m,BACK PAGE FURTHER INFORMATION,numeric,NOMINAL,-8.0 thru -1.0,"[{""value"": ""-9.0"", ""label"": ""Alphas present""}, {""value"": ""-8.0"", ""label"": ""Out of range""}, {""value"": ""1.0"", ""label"": ""Yes""}, {""value"": ""2.0"", ""label"": ""No""}]"
1344,back2m,TEXT FLAG FURTHER ANSWERS BACK PAGE,numeric,NOMINAL,-8.0 thru -1.0,"[{""value"": ""-8.0"", ""label"": ""Out of range""}, {""value"": ""4.0"", ""label"": ""Text present""}]"
1345,back3m,TEXT FLAG COMMENTS BY SCM BACK PAGE,numeric,NOMINAL,-8.0 thru -1.0,"[{""value"": ""-8.0"", ""label"": ""Out of range""}, {""value"": ""4.0"", ""label"": ""Text present""}]"
1346,ment1.1,TEXT POOL ENTRY 1 POINTER,NA,NA,NA,[]
1347,ment1.2,TEXT POOL ENTRY 1 ICD CODE,NA,NA,NA,[]
1348,ment1.3,TEXT POOL ENTRY 1 30 CHARS TEXT STRING,NA,NA,NA,[]
1349,ment2.1,TEXT POOL ENTRY 2 POINTER,NA,NA,NA,[]
1350,ment2.2,TEXT POOL ENTRY 2 ICD CODE,NA,NA,NA,[]
1351,ment2.3,TEXT POOL ENTRY 2 30 CHARS TEXT STRING,NA,NA,NA,[]
1352,ment3.1,TEXT POOL ENTRY 3 POINTER,NA,NA,NA,[]
1353,ment3.2,TEXT POOL ENTRY 3 ICD CODE,NA,NA,NA,[]
1354,ment3.3,TEXT POOL ENTRY 3 30 CHARS TEXT STRING,NA,NA,NA,[]
1355,ment4.1,TEXT POOL ENTRY 4 POINTER,NA,NA,NA,[]
1356,ment4.2,TEXT POOL ENTRY 4 ICD CODE,NA,NA,NA,[]
1357,ment4.3,TEXT POOL ENTRY 4 30 CHARS TEXT STRING,NA,NA,NA,[]
1358,ment5.1,TEXT POOL ENTRY 5 POINTER,NA,NA,NA,[]
1359,ment5.2,TEXT POOL ENTRY 5 ICD CODE,NA,NA,NA,[]
1360,ment5.3,TEXT POOL ENTRY 5 30 CHARS TEXT STRING,NA,NA,NA,[]
1361,ment6.1,TEXT POOL ENTRY 6 POINTER,NA,NA,NA,[]
1362,ment6.2,TEXT POOL ENTRY 6 ICD CODE,NA,NA,NA,[]
1363,ment6.3,TEXT POOL ENTRY 6 30 CHARS TEXT STRING,NA,NA,NA,[]
1364,ment7.1,TEXT POOL ENTRY 7 POINETR,NA,NA,NA,[]
1365,ment7.2,TEXT POOL ENTRY 7 ICD CODE,NA,NA,NA,[]
1366,ment7.3,TEXT POOL ENTRY 7 30 CHARS TEXT STRING,NA,NA,NA,[]
1367,ment8.1,TEXT POOL ENTRY 8 POINTER,NA,NA,NA,[]
1368,ment8.2,TEXT POOL ENTRY 8 ICD CODE,NA,NA,NA,[]
1369,ment8.3,TEXT POOL ENTRY 8 30 CHARS TEXT STRING,NA,NA,NA,[]
1370,ment9.1,TEXT POOL ENTRY 9 POINTER,NA,NA,NA,[]
1371,ment9.2,TEXT POOL ENTRY 9 ICD CODE,NA,NA,NA,[]
1372,ment9.3,TEXT POOL ENTRY 9 30 CHARS TEXT STRING,NA,NA,NA,[]
1373,ment10.1,TEXT POOL ENTRY 10 POINTER,NA,NA,NA,[]
1374,ment10.2,TEXT POOL ENTRY 10 ICD CODE,NA,NA,NA,[]
1375,ment10.3,TEXT POOL ENTRY 10 30 CHARS TEXT STRING,NA,NA,NA,[]
1376,ment11.1,TEXT POOL ENTRY 11 POINTER,NA,NA,NA,[]
1377,ment11.2,TEXT POOL ENTRY 11 ICD CODE,NA,NA,NA,[]
1378,ment11.3,TEXT POOL ENTRY 11 30 CHARS TEXT STRING,NA,NA,NA,[]
1379,ment12.1,TEXT POOL ENTRY 12 POINTER,NA,NA,NA,[]
1380,ment12.2,TEXT POOL ENTRY 12 ICD CODE,NA,NA,NA,[]
1381,ment12.3,TEXT POOL ENTRY 12 30 CHARS TEXT STRING,NA,NA,NA,[]
1382,ment13.1,TEXT POOL ENTRY 13 POINTER,NA,NA,NA,[]
1383,ment13.2,TEXT POOL ENTRY 13 ICD CODE,NA,NA,NA,[]
1384,ment13.3,TEXT POOL ENTRY 13 30 CHARS TEXT STRING,NA,NA,NA,[]
1385,ment14.1,TEXT POOL ENTRY 14 POINTER,NA,NA,NA,[]
1386,ment14.2,TEXT POOL ENTRY 14 ICD CODE,NA,NA,NA,[]
1387,ment14.3,TEXT POOL ENTRY 14 30 CHARS TEXT STRING,NA,NA,NA,[]
1388,ment15.1,TEXT POOL ENTRY 15 POINTER,NA,NA,NA,[]
1389,ment15.2,TEXT POOL ENTRY 15 ICD CODE,NA,NA,NA,[]
1390,ment15.3,TEXT POOL ENTRY 15 30 CHARS TEXT STRING,NA,NA,NA,[]
1391,ment16.1,TEXT POOL ENTRY 16 POINTER,NA,NA,NA,[]
1392,ment16.2,TEXT POOL ENTRY 16 ICD CODE,NA,NA,NA,[]
1393,ment16.3,TEXT POOL ENTRY 16 30 CHARS TEXT STRING,NA,NA,NA,[]
1394,ment17.1,TEXT POOL ENTRY 17 POINTER,NA,NA,NA,[]
1395,ment17.2,TEXT POOL ENTRY 17 ICD CODE,NA,NA,NA,[]
1396,ment17.3,TEXT POOL ENTRY 17 30 CHARS TEXT STRING,NA,NA,NA,[]
1397,ment18.1,TEXT POOL ENTRY 18 POINTER,NA,NA,NA,[]
1398,ment18.2,TEXT POOL ENTRY 18 ICD CODE,NA,NA,NA,[]
1399,ment18.3,TEXT POOL ENTRY 18 30 CHARS TEXT STRING,NA,NA,NA,[]
1400,m10,DAY COMPLETING MATERNAL,numeric,SCALE,-7.0 thru -8.0,"[{""value"": ""-8.0"", ""label"": ""Out of range""}, {""value"": ""-7.0"", ""label"": ""Blank""}]"
1401,m11,MONTH COMPLETING MATERNAL,numeric,NOMINAL,-8.0 thru -7.0 and -3.0,"[{""value"": ""-8.0"", ""label"": ""Out of range""}, {""value"": ""-7.0"", ""label"": ""Blank""}]"
1402,m12,YEAR COMPLETING MATERNAL,numeric,SCALE,-8.0 thru -7.0 and -3.0,"[{""value"": ""-8.0"", ""label"": ""Out of range""}, {""value"": ""-7.0"", ""label"": ""Blank""}]"
1403,m13,A1 HAS CHILD ANY MEDICAL CONDITION,numeric,NOMINAL,-7.0 thru -3.0,"[{""value"": ""-7.0"", ""label"": ""BLANK""}, {""value"": ""-3.0"", ""label"": ""NOT STATED""}, {""value"": ""1.0"", ""label"": ""YES""}, {""value"": ""2.0"", ""label"": ""NO""}]"
1404,m14,A1 EFFECT ON DAILY LIFE HOME OR SCHOOL,numeric,NOMINAL,-3.0 thru -7.0,"[{""value"": ""-7.0"", ""label"": ""Blank""}, {""value"": ""-3.0"", ""label"": ""Not stated""}, {""value"": ""1.0"", ""label"": ""No""}, {""value"": ""2.0"", ""label"": ""Yes slightly""}, {""value"": ""3.0"", ""label"": ""Yes quite a lot""}, {""value"": ""4.0"", ""label"": ""Yes severely""}]"
1405,m15,A2 A HEADACHES,numeric,NOMINAL,-7.0 thru -3.0,"[{""value"": ""-7.0"", ""label"": ""Blank on input""}, {""value"": ""-3.0"", ""label"": ""Not stated""}, {""value"": ""1.0"", ""label"": ""Never last 12 months""}, {""value"": ""2.0"", ""label"": ""Less than once a mth""}, {""value"": ""3.0"", ""label"": ""At least once a mth""}, {""value"": ""4.0"", ""label"": ""At least once a week""}]"
1406,m16,A2 B STOMACH ACHE OR VOMITING,numeric,NOMINAL,-7.0 thru -3.0,"[{""value"": ""-7.0"", ""label"": ""Blank on input""}, {""value"": ""-3.0"", ""label"": ""Not stated""}, {""value"": ""1.0"", ""label"": ""Never last 12 months""}, {""value"": ""2.0"", ""label"": ""Less than once a mth""}, {""value"": ""3.0"", ""label"": ""At least once a mth""}, {""value"": ""4.0"", ""label"": ""At least once a week""}]"
1407,m17,A2 C TEMPER TANTRUMS,numeric,NOMINAL,-7.0 thru -3.0,"[{""value"": ""-7.0"", ""label"": ""Blank on input""}, {""value"": ""-3.0"", ""label"": ""Not stated""}, {""value"": ""1.0"", ""label"": ""Never last 12 months""}, {""value"": ""2.0"", ""label"": ""Less than once a mth""}, {""value"": ""3.0"", ""label"": ""At least once a mth""}, {""value"": ""4.0"", ""label"": ""At least once a week""}]"
1408,m18,A2 D GOES OFF WITHOUT SAYING WHERE,numeric,NOMINAL,-7.0 thru -3.0,"[{""value"": ""-7.0"", ""label"": ""Blank on input""}, {""value"": ""-3.0"", ""label"": ""Not stated""}, {""value"": ""1.0"", ""label"": ""Never last 12 months""}, {""value"": ""2.0"", ""label"": ""Less than once a mth""}, {""value"": ""3.0"", ""label"": ""At least once a mth""}, {""value"": ""4.0"", ""label"": ""At least once a week""}]"
1409,m19,A2 E TEARS ON ARRIVAL AT SCHOOL,numeric,NOMINAL,-7.0 thru -3.0,"[{""value"": ""-7.0"", ""label"": ""Blank on input""}, {""value"": ""-3.0"", ""label"": ""Not stated""}, {""value"": ""1.0"", ""label"": ""Never last 12 months""}, {""value"": ""2.0"", ""label"": ""Less than once a mth""}, {""value"": ""3.0"", ""label"": ""At least once a mth""}, {""value"": ""4.0"", ""label"": ""At least once a week""}]"
1410,m20,A2 F TRUANTS FROM SCHOOL,numeric,NOMINAL,-7.0 thru -3.0,"[{""value"": ""-7.0"", ""label"": ""Blank on input""}, {""value"": ""-3.0"", ""label"": ""Not stated""}, {""value"": ""1.0"", ""label"": ""Never last 12 months""}, {""value"": ""2.0"", ""label"": ""Less than once a mth""}, {""value"": ""3.0"", ""label"": ""At least once a mth""}, {""value"": ""4.0"", ""label"": ""At least once a week""}]"
1411,m21,A3 A WETS BED AT NIGHT,numeric,NOMINAL,-3.0 thru -7.0,"[{""value"": ""-7.0"", ""label"": ""Blank on input""}, {""value"": ""-3.0"", ""label"": ""Not stated""}, {""value"": ""1.0"", ""label"": ""Never""}, {""value"": ""2.0"", ""label"": ""Yes v occasionally""}, {""value"": ""3.0"", ""label"": ""Yes occasionaly""}, {""value"": ""4.0"", ""label"": ""Yes most of the week""}, {""value"": ""5.0"", ""label"": ""Yes always""}]"
1412,m22,A3 B WETS IN DAY-TIME,numeric,NOMINAL,-7.0 thru -3.0,"[{""value"": ""-7.0"", ""label"": ""BLANK ON INPUT""}, {""value"": ""-3.0"", ""label"": ""NOT STATED""}, {""value"": ""1.0"", ""label"": ""NEVER""}, {""value"": ""2.0"", ""label"": ""YES V OCCASIONALLY""}, {""value"": ""3.0"", ""label"": ""YES OCCASIONALLY""}, {""value"": ""4.0"", ""label"": ""YES MOST OF WEEK""}, {""value"": ""5.0"", ""label"": ""YES ALWAYS""}]"
1413,m23,A3 C SOILS PANTS ANYTIME,numeric,NOMINAL,-7.0 thru -3.0,"[{""value"": ""-7.0"", ""label"": ""BLANK ON INPUT""}, {""value"": ""-3.0"", ""label"": ""NOT STATED""}, {""value"": ""1.0"", ""label"": ""NEVER""}, {""value"": ""2.0"", ""label"": ""YES V OCCASIONALLY""}, {""value"": ""3.0"", ""label"": ""YES OCCASIONALLY""}, {""value"": ""4.0"", ""label"": ""YES MOST OF WEEK""}, {""value"": ""5.0"", ""label"": ""YES ALWAYS""}]"
1414,m24,A4 DOES CHILD STAMMER OR STUTTER,numeric,NOMINAL,-7.0 thru -3.0,"[{""value"": ""-7.0"", ""label"": ""BLANK ON INPUT""}, {""value"": ""-3.0"", ""label"": ""NOT STATED""}, {""value"": ""1.0"", ""label"": ""NO""}, {""value"": ""2.0"", ""label"": ""YES MILDLY""}, {""value"": ""3.0"", ""label"": ""YES SEVERELY""}]"
1415,m25,A5 ANY OTHER SPEECH DIFFICULTY,numeric,NOMINAL,-7.0 thru -3.0,"[{""value"": ""-7.0"", ""label"": ""BLANK ON INPUT""}, {""value"": ""-3.0"", ""label"": ""NOT STATED""}, {""value"": ""1.0"", ""label"": ""NO""}, {""value"": ""2.0"", ""label"": ""YES""}]"
1416,m26,A5 LISPING,numeric,NOMINAL,-7.0 thru -3.0,"[{""value"": ""-7.0"", ""label"": ""BLANK ON INPUT""}, {""value"": ""-3.0"", ""label"": ""NOT STATED""}, {""value"": ""1.0"", ""label"": ""YES""}]"
1417,m27,A5 CANNOT SAY WORDS PROPERLY,numeric,NOMINAL,-7.0 thru -3.0,"[{""value"": ""-7.0"", ""label"": ""BLANK ON INPUT""}, {""value"": ""-3.0"", ""label"": ""NOT STATED""}, {""value"": ""1.0"", ""label"": ""YES""}]"
1418,m28,A5 OTHER DIFFICULTY,numeric,NOMINAL,-7.0 thru -3.0,"[{""value"": ""-7.0"", ""label"": ""BLANK ON INPUT""}, {""value"": ""-3.0"", ""label"": ""NOT STATED""}, {""value"": ""1.0"", ""label"": ""YES""}]"
1419,m29,A5 OTHER DIFFICULTY DESCRIBED,numeric,NOMINAL,-7.0 thru -3.0,"[{""value"": ""-7.0"", ""label"": ""BLANK ON INPUT""}, {""value"": ""-3.0"", ""label"": ""NOT STATED""}, {""value"": ""1.0"", ""label"": ""DIFF PARTIC VOWELS""}, {""value"": ""2.0"", ""label"": ""DIFF CONSONANTS""}, {""value"": ""3.0"", ""label"": ""CANNOT SPEAK GRUNTS""}, {""value"": ""4.0"", ""label"": ""OTHER""}]"
1420,m30,A6 HAS CHILD EATING OR APPETITE PROBS,numeric,NOMINAL,-7.0 thru -3.0,"[{""value"": ""-7.0"", ""label"": ""BLANK ON INPUT""}, {""value"": ""-3.0"", ""label"": ""NOT STATED""}, {""value"": ""1.0"", ""label"": ""NO""}, {""value"": ""2.0"", ""label"": ""YES""}]"
1421,m31,A6 NOT EATING ENOUGH,numeric,NOMINAL,-7.0 thru -3.0,"[{""value"": ""-7.0"", ""label"": ""BLANK ON INPUT""}, {""value"": ""-3.0"", ""label"": ""NOT STATED""}, {""value"": ""1.0"", ""label"": ""YES""}]"
1422,m32,A6 OVEREATING,numeric,NOMINAL,-7.0 thru -3.0,"[{""value"": ""-7.0"", ""label"": ""BLANK ON INPUT""}, {""value"": ""-3.0"", ""label"": ""NOT STATED""}, {""value"": ""1.0"", ""label"": ""YES""}]"
1423,m33,A6 FADDINESS,numeric,NOMINAL,-7.0 thru -3.0,"[{""value"": ""-7.0"", ""label"": ""BLANK ON INPUT""}, {""value"": ""-3.0"", ""label"": ""NOT STATED""}, {""value"": ""1.0"", ""label"": ""YES""}]"
1424,m34,A6 OTHER PROBLEM,numeric,NOMINAL,-7.0 thru -3.0,"[{""value"": ""-7.0"", ""label"": ""BLANK ON INPUT""}, {""value"": ""-3.0"", ""label"": ""NOT STATED""}, {""value"": ""1.0"", ""label"": ""YES""}]"
1425,m35,A6 OTHER PROBLEM DESCRIBED,numeric,NOMINAL,-7.0 thru -3.0,"[{""value"": ""-7.0"", ""label"": ""BLANK ON INPUT""}, {""value"": ""-3.0"", ""label"": ""NOT STATED""}, {""value"": ""1.0"", ""label"": ""DIFF WITH SWALLOWING""}, {""value"": ""2.0"", ""label"": ""MED OR PSYCH PROBLEM""}, {""value"": ""3.0"", ""label"": ""OVEREMPHASIS ON FOOD""}]"
1426,m36,A7 HAS CHILD SLEEPING DIFFICULTY,numeric,NOMINAL,-7.0 thru -3.0,"[{""value"": ""-7.0"", ""label"": ""BLANK ON INPUT""}, {""value"": ""-3.0"", ""label"": ""NOT STATED""}, {""value"": ""1.0"", ""label"": ""NO""}, {""value"": ""2.0"", ""label"": ""YES""}]"
1427,m37,A7 GETTING OFF TO SLEEP,numeric,NOMINAL,-7.0 thru -3.0,"[{""value"": ""-7.0"", ""label"": ""BLANK ON INPUT""}, {""value"": ""-3.0"", ""label"": ""NOT STATED""}, {""value"": ""1.0"", ""label"": ""YES""}]"
1428,m38,A7 WAKING DURING THE NIGHT,numeric,NOMINAL,-7.0 thru -3.0,"[{""value"": ""-7.0"", ""label"": ""BLANK ON INPUT""}, {""value"": ""-3.0"", ""label"": ""NOT STATED""}, {""value"": ""1.0"", ""label"": ""YES""}]"
1429,m39,A7 WAKING EARLY IN THE MORNING,numeric,NOMINAL,-7.0 thru -3.0,"[{""value"": ""-7.0"", ""label"": ""BLANK ON INPUT""}, {""value"": ""-3.0"", ""label"": ""NOT STATED""}, {""value"": ""1.0"", ""label"": ""YES""}]"
1430,m40,A7 NIGHTMARES OR NIGHT TERRORS,numeric,NOMINAL,-7.0 thru -3.0,"[{""value"": ""-7.0"", ""label"": ""BLANK ON INPUT""}, {""value"": ""-3.0"", ""label"": ""NOT STATED""}, {""value"": ""1.0"", ""label"": ""YES""}]"
1431,m41,A7 SLEEPWALKING,numeric,NOMINAL,-7.0 thru -3.0,"[{""value"": ""-7.0"", ""label"": ""BLANK ON INPUT""}, {""value"": ""-3.0"", ""label"": ""NOT STATED""}, {""value"": ""1.0"", ""label"": ""YES""}]"
1432,m42,A7 SLEEPING DIFFICULTIES DESCRIBED,numeric,NOMINAL,-7.0 thru -3.0,"[{""value"": ""-7.0"", ""label"": ""BLANK ON INPUT""}, {""value"": ""-3.0"", ""label"": ""NOT STATED""}, {""value"": ""1.0"", ""label"": ""DIFFS DESCRIBED""}]"
1433,m43,A8 A1 CHILD'S BEHAVIOUR: VERY RESTLESS,numeric,SCALE,-3.0 thru -7.0,"[{""value"": ""0.0"", ""label"": ""Does not apply""}, {""value"": ""100.0"", ""label"": ""Certainly""}]"
1434,m44,A8 A2 SQUIRMY OR FIDGETY,numeric,SCALE,-3.0 thru -7.0,"[{""value"": ""0.0"", ""label"": ""Does not apply""}, {""value"": ""100.0"", ""label"": ""Certainly""}]"
1435,m45,A8 A3 DESTROYS BELONGINGS,numeric,SCALE,-3.0 thru -7.0,"[{""value"": ""0.0"", ""label"": ""Does not apply""}, {""value"": ""100.0"", ""label"": ""Certainly""}]"
1436,m46,A8 A4 FIGHTS WITH OTHER CHILDREN,numeric,SCALE,-3.0 thru -7.0,"[{""value"": ""0.0"", ""label"": ""Does not apply""}, {""value"": ""100.0"", ""label"": ""Certainly""}]"
1437,m47,A8 A5 NOT MUCH LIKED BY OTHER CHILDREN,numeric,SCALE,-3.0 thru -7.0,"[{""value"": ""0.0"", ""label"": ""Does not apply""}, {""value"": ""100.0"", ""label"": ""Certainly""}]"
1438,m48,A8 A6 WORRIED,numeric,SCALE,-3.0 thru -7.0,"[{""value"": ""0.0"", ""label"": ""Does not apply""}, {""value"": ""100.0"", ""label"": ""Certainly""}]"
1439,m49,A8 A7 DOES THINGS ON OWN-RATHER SOLITARY,numeric,SCALE,-3.0 thru -7.0,"[{""value"": ""0.0"", ""label"": ""Does not apply""}, {""value"": ""100.0"", ""label"": ""Certainly""}]"
1440,m50,A8 A8 IRRITABLE,numeric,SCALE,-3.0 thru -7.0,"[{""value"": ""0.0"", ""label"": ""Does not apply""}, {""value"": ""100.0"", ""label"": ""Certainly""}]"
1441,m51,A8 A9 APPEARS MISERABLE OR DISTRESSED,numeric,SCALE,-3.0 thru -7.0,"[{""value"": ""0.0"", ""label"": ""Does not apply""}, {""value"": ""100.0"", ""label"": ""Certainly""}]"
1442,m52,A8 A10 TAKES OTHERS' BELONGINGS,numeric,SCALE,-3.0 thru -7.0,"[{""value"": ""0.0"", ""label"": ""Does not apply""}, {""value"": ""100.0"", ""label"": ""Certainly""}]"
1443,m53,"A8 A11 HAS TWITCHES, MANNERISMS OR TICKS",numeric,SCALE,-3.0 thru -7.0,"[{""value"": ""0.0"", ""label"": ""Does not apply""}, {""value"": ""100.0"", ""label"": ""Certainly""}]"
1444,m54,A8 A12 SUCKS THUMB OR FINGER,numeric,SCALE,-3.0 thru -7.0,"[{""value"": ""0.0"", ""label"": ""Does not apply""}, {""value"": ""100.0"", ""label"": ""Certainly""}]"
1445,m55,A8 A13 BITES NAILS OR FINGERS,numeric,SCALE,-3.0 thru -7.0,"[{""value"": ""0.0"", ""label"": ""Does not apply""}, {""value"": ""100.0"", ""label"": ""Certainly""}]"
1446,m56,A8 A14 OFTEN DISOBEDIENT,numeric,SCALE,-3.0 thru -7.0,"[{""value"": ""0.0"", ""label"": ""Does not apply""}, {""value"": ""100.0"", ""label"": ""Certainly""}]"
1447,m57,A8 A15 CANNOT SETTLE TO DO ANYTHING,numeric,SCALE,-3.0 thru -7.0,"[{""value"": ""0.0"", ""label"": ""Does not apply""}, {""value"": ""100.0"", ""label"": ""Certainly""}]"
1448,m58,A8 A16 AFRAID OF NEW THINGS/SITUATIONS,numeric,SCALE,-3.0 thru -7.0,"[{""value"": ""0.0"", ""label"": ""Does not apply""}, {""value"": ""100.0"", ""label"": ""Certainly""}]"
1449,m59,A8 A17 FUSSY OR OVER PARTICULAR,numeric,SCALE,-3.0 thru -7.0,"[{""value"": ""0.0"", ""label"": ""Does not apply""}, {""value"": ""100.0"", ""label"": ""Certainly""}]"
1450,m60,A8 A18 OFTEN TELLS LIES,numeric,SCALE,-3.0 thru -7.0,"[{""value"": ""0.0"", ""label"": ""Does not apply""}, {""value"": ""100.0"", ""label"": ""Certainly""}]"
1451,m61,A8 A19 BULLIES OTHER CHILDREN,numeric,SCALE,-3.0 thru -7.0,"[{""value"": ""0.0"", ""label"": ""Does not apply""}, {""value"": ""100.0"", ""label"": ""Certainly""}]"
1452,m62,CHILD'S BEHAVIOUR PATTERN CODE,numeric,NOMINAL,-7.0 thru -3.0,"[{""value"": ""-7.0"", ""label"": ""Blank on input""}, {""value"": ""-3.0"", ""label"": ""Not stated""}, {""value"": ""1.0"", ""label"": ""Extreme responder""}, {""value"": ""2.0"", ""label"": ""Drifter""}, {""value"": ""3.0"", ""label"": ""3 Position responder""}, {""value"": ""4.0"", ""label"": ""No particular pattern""}]"
1453,m63,A8 B1 NOTICEABLY CLUMSY,numeric,SCALE,-3.0 thru -7.0,"[{""value"": ""0.0"", ""label"": ""Not at all""}, {""value"": ""100.0"", ""label"": ""A great deal""}]"
1454,m64,A8 B2 TRIPS OR FALLS EASILY,numeric,SCALE,-3.0 thru -7.0,"[{""value"": ""0.0"", ""label"": ""Not at all""}, {""value"": ""100.0"", ""label"": ""A great deal""}]"
1455,m65,"A8 B3 INATTENTIVE,EASILY DISTRACTED",numeric,SCALE,-3.0 thru -7.0,"[{""value"": ""0.0"", ""label"": ""Not at all""}, {""value"": ""100.0"", ""label"": ""A great deal""}]"
1456,m66,A8 B4 HUMS OR MAKES ODD NOISES,numeric,SCALE,-3.0 thru -7.0,"[{""value"": ""0.0"", ""label"": ""Not at all""}, {""value"": ""100.0"", ""label"": ""A great deal""}]"
1457,m67,A8 B5 DIFFICULTY PICKING UP SMALL OBJECTS,numeric,SCALE,-3.0 thru -7.0,"[{""value"": ""0.0"", ""label"": ""Not at all""}, {""value"": ""100.0"", ""label"": ""A great deal""}]"
1458,m68,A8 B6 DROPS THINGS BEING CARRIED,numeric,SCALE,-3.0 thru -7.0,"[{""value"": ""0.0"", ""label"": ""Not at all""}, {""value"": ""100.0"", ""label"": ""A great deal""}]"
1459,m69,A8 B7 OBSESSIONAL,numeric,SCALE,-3.0 thru -7.0,"[{""value"": ""0.0"", ""label"": ""Not at all""}, {""value"": ""100.0"", ""label"": ""A great deal""}]"
1460,m71,A8 B8 REQUESTS MUST BE MET IMMEDIATELY,numeric,SCALE,-3.0 thru -7.0,"[{""value"": ""0.0"", ""label"": ""Not at all""}, {""value"": ""100.0"", ""label"": ""A great deal""}]"
1461,m72,A8 B9 RESTLESS OR OVER-ACTIVE BEHAVIOUR,numeric,SCALE,-3.0 thru -7.0,"[{""value"": ""0.0"", ""label"": ""Not at all""}, {""value"": ""100.0"", ""label"": ""A great deal""}]"
1462,m73,"A8 B10 IMPULSIVE,EXCITABLE",numeric,SCALE,-3.0 thru -7.0,"[{""value"": ""0.0"", ""label"": ""Not at all""}, {""value"": ""100.0"", ""label"": ""A great deal""}]"
1463,m74,A8 B11 INTERFERES WITH OTHER CHILDREN,numeric,SCALE,-3.0 thru -7.0,"[{""value"": ""0.0"", ""label"": ""Not at all""}, {""value"": ""100.0"", ""label"": ""A great deal""}]"
1464,m75,A8 B12 SULLEN OR SULKY,numeric,SCALE,-3.0 thru -7.0,"[{""value"": ""0.0"", ""label"": ""Not at all""}, {""value"": ""100.0"", ""label"": ""A great deal""}]"
1465,m76,A8 B13 FAILS TO FINISH THINGS,numeric,SCALE,-3.0 thru -7.0,"[{""value"": ""0.0"", ""label"": ""Not at all""}, {""value"": ""100.0"", ""label"": ""A great deal""}]"
1466,m77,A8 B14 GIVEN TO RHYTHMIC TAPPING/KICKING,numeric,SCALE,-3.0 thru -7.0,"[{""value"": ""0.0"", ""label"": ""Not at all""}, {""value"": ""100.0"", ""label"": ""A great deal""}]"
1467,m78,A8 B15 CRIES FOR LITTLE CAUSE,numeric,SCALE,-3.0 thru -7.0,"[{""value"": ""0.0"", ""label"": ""Not at all""}, {""value"": ""100.0"", ""label"": ""A great deal""}]"
1468,m79,A8 B16 CHANGES MOOD QUICKLY/DRASTICALLY,numeric,SCALE,-3.0 thru -7.0,"[{""value"": ""0.0"", ""label"": ""Not at all""}, {""value"": ""100.0"", ""label"": ""A great deal""}]"
1469,m80,A8 B17 OUTBURSTS OF TEMPER UNPREDICTABLE,numeric,SCALE,-3.0 thru -7.0,"[{""value"": ""0.0"", ""label"": ""Not at all""}, {""value"": ""100.0"", ""label"": ""A great deal""}]"
1470,m81,A8 B18 DIFFICULTY USING SCISSORS,numeric,SCALE,-3.0 thru -7.0,"[{""value"": ""0.0"", ""label"": ""Not at all""}, {""value"": ""100.0"", ""label"": ""A great deal""}]"
1471,m82,A8 B19 DIFFICULTY CONCENTRATING ON TASK,numeric,SCALE,-3.0 thru -7.0,"[{""value"": ""0.0"", ""label"": ""Not at all""}, {""value"": ""100.0"", ""label"": ""A great deal""}]"
1472,m83,A8 RUTTER FIRST PATTERN CODE,numeric,NOMINAL,-7.0 thru -3.0,"[{""value"": ""-7.0"", ""label"": ""Blank on input""}, {""value"": ""-3.0"", ""label"": ""Not stated""}, {""value"": ""1.0"", ""label"": ""Extreme responder""}, {""value"": ""2.0"", ""label"": ""Drifter""}, {""value"": ""3.0"", ""label"": ""3 Position responder""}, {""value"": ""4.0"", ""label"": ""No particular pattern""}]"
1473,m84,B1 SPARE TIME ACTIVITIES: A SPORTS,numeric,NOMINAL,-7.0 thru -3.0,"[{""value"": ""-7.0"", ""label"": ""BLANK""}, {""value"": ""-3.0"", ""label"": ""NOT STATED""}, {""value"": ""1.0"", ""label"": ""NEVER OR HARDLY EVER""}, {""value"": ""2.0"", ""label"": ""SOMETIMES""}, {""value"": ""3.0"", ""label"": ""OFTEN""}]"
1474,m85,B1 B LISTENS TO RECORDS,numeric,NOMINAL,-7.0 thru -3.0,"[{""value"": ""-7.0"", ""label"": ""BLANK""}, {""value"": ""-3.0"", ""label"": ""NOT STATED""}, {""value"": ""1.0"", ""label"": ""NEVER OR HARDLY EVER""}, {""value"": ""2.0"", ""label"": ""SOMETIMES""}, {""value"": ""3.0"", ""label"": ""OFTEN""}]"
1475,m86,B1 C READS BOOKS,numeric,NOMINAL,-7.0 thru -3.0,"[{""value"": ""-7.0"", ""label"": ""Blank""}, {""value"": ""-3.0"", ""label"": ""Not stated""}, {""value"": ""1.0"", ""label"": ""Never or hardly ever""}, {""value"": ""2.0"", ""label"": ""Sometimes""}, {""value"": ""3.0"", ""label"": ""Often""}]"
1476,m87,B1 D RIDES A BICYCLE,numeric,NOMINAL,-7.0 thru -3.0,"[{""value"": ""-7.0"", ""label"": ""BLANK""}, {""value"": ""-3.0"", ""label"": ""NOT STATED""}, {""value"": ""1.0"", ""label"": ""NEVER OR HARDLY EVER""}, {""value"": ""2.0"", ""label"": ""SOMETIMES""}, {""value"": ""3.0"", ""label"": ""OFTEN""}]"
1477,m88,B1 E WATCHES TELEVISION,numeric,NOMINAL,-7.0 thru -3.0,"[{""value"": ""-7.0"", ""label"": ""Blank""}, {""value"": ""-3.0"", ""label"": ""Not stated""}, {""value"": ""1.0"", ""label"": ""Never or hardly ever""}, {""value"": ""2.0"", ""label"": ""Sometimes""}, {""value"": ""3.0"", ""label"": ""Often""}]"
1478,m89,B1 F GOES TO A CLUB OR ORGANISATION,numeric,NOMINAL,-7.0 thru -3.0,"[{""value"": ""-7.0"", ""label"": ""BLANK""}, {""value"": ""-3.0"", ""label"": ""NOT STATED""}, {""value"": ""1.0"", ""label"": ""NEVER OR HARDLY EVER""}, {""value"": ""2.0"", ""label"": ""SOMETIMES""}, {""value"": ""3.0"", ""label"": ""OFTEN""}]"
1479,m90,B1 G GOES FOR WALKS,numeric,NOMINAL,-7.0 thru -3.0,"[{""value"": ""-7.0"", ""label"": ""Blank""}, {""value"": ""-3.0"", ""label"": ""Not stated""}, {""value"": ""1.0"", ""label"": ""Never or hardly ever""}, {""value"": ""2.0"", ""label"": ""Sometimes""}, {""value"": ""3.0"", ""label"": ""Often""}]"
1480,m91,B1 H GOES TO THE CINEMA,numeric,NOMINAL,-7.0 thru -3.0,"[{""value"": ""-7.0"", ""label"": ""BLANK""}, {""value"": ""-3.0"", ""label"": ""NOT STATED""}, {""value"": ""1.0"", ""label"": ""NEVER OR HARDLY EVER""}, {""value"": ""2.0"", ""label"": ""SOMETIMES""}, {""value"": ""3.0"", ""label"": ""OFTEN""}]"
1481,m92,B1 I LISTENS TO THE RADIO,numeric,NOMINAL,-7.0 thru -3.0,"[{""value"": ""-7.0"", ""label"": ""Blank""}, {""value"": ""-3.0"", ""label"": ""Not stated""}, {""value"": ""1.0"", ""label"": ""Never or hardly ever""}, {""value"": ""2.0"", ""label"": ""Sometimes""}, {""value"": ""3.0"", ""label"": ""Often""}]"
1482,m93,B1 J GOES TO A MUSEUM OF ANY KIND,numeric,NOMINAL,-7.0 thru -3.0,"[{""value"": ""-7.0"", ""label"": ""BLANK""}, {""value"": ""-3.0"", ""label"": ""NOT STATED""}, {""value"": ""1.0"", ""label"": ""NEVER OR HARDLY EVER""}, {""value"": ""2.0"", ""label"": ""SOMETIMES""}, {""value"": ""3.0"", ""label"": ""OFTEN""}]"
1483,m94,B1 K GOES SWIMMING,numeric,NOMINAL,-7.0 thru -3.0,"[{""value"": ""-7.0"", ""label"": ""Blank""}, {""value"": ""-3.0"", ""label"": ""Not stated""}, {""value"": ""1.0"", ""label"": ""Never or hardly ever""}, {""value"": ""2.0"", ""label"": ""Sometimes""}, {""value"": ""3.0"", ""label"": ""Often""}]"
1484,m95,B1 L GOES TO A LIBRARY,numeric,NOMINAL,-7.0 thru -3.0,"[{""value"": ""-7.0"", ""label"": ""BLANK""}, {""value"": ""-3.0"", ""label"": ""NOT STATED""}, {""value"": ""1.0"", ""label"": ""NEVER OR HARDLY EVER""}, {""value"": ""2.0"", ""label"": ""SOMETIMES""}, {""value"": ""3.0"", ""label"": ""OFTEN""}]"
1485,m96,B1 M PLAYS A MUSICAL INSTRUMENT,numeric,NOMINAL,-7.0 thru -3.0,"[{""value"": ""-7.0"", ""label"": ""Blank""}, {""value"": ""-3.0"", ""label"": ""Not stated""}, {""value"": ""1.0"", ""label"": ""Never or hardly ever""}, {""value"": ""2.0"", ""label"": ""Sometimes""}, {""value"": ""3.0"", ""label"": ""Often""}]"
1486,m97,B1 N PLAYS WITH CONSTRUCTIONAL TOYS,numeric,NOMINAL,-7.0 thru -3.0,"[{""value"": ""-7.0"", ""label"": ""BLANK""}, {""value"": ""-3.0"", ""label"": ""NOT STATED""}, {""value"": ""1.0"", ""label"": ""NEVER OR HARDLY EVER""}, {""value"": ""2.0"", ""label"": ""SOMETIMES""}, {""value"": ""3.0"", ""label"": ""OFTEN""}]"
1487,m98,B2 ACTIVITIES ON OWN A GOES TO SHOPS,numeric,NOMINAL,-7.0 thru -3.0,"[{""value"": ""-7.0"", ""label"": ""BLANK""}, {""value"": ""-3.0"", ""label"": ""NOT STATED""}, {""value"": ""1.0"", ""label"": ""NEVER""}, {""value"": ""2.0"", ""label"": ""SELDOM""}, {""value"": ""3.0"", ""label"": ""ABOUT ONCE A WEEK""}, {""value"": ""4.0"", ""label"": ""ALMOST EVERY DAY""}]"
1488,m99,B2 B PLAYS IN THE STREETS,numeric,NOMINAL,-7.0 thru -3.0,"[{""value"": ""-7.0"", ""label"": ""BLANK""}, {""value"": ""-3.0"", ""label"": ""NOT STATED""}, {""value"": ""1.0"", ""label"": ""NEVER""}, {""value"": ""2.0"", ""label"": ""SELDOM""}, {""value"": ""3.0"", ""label"": ""ABOUT ONCE A WEEK""}, {""value"": ""4.0"", ""label"": ""ALMOST EVERY DAY""}]"
1489,m100,B2 C GOES TO PARK/PLAYGROUND,numeric,NOMINAL,-3.0 thru -7.0,"[{""value"": ""-7.0"", ""label"": ""BLANK""}, {""value"": ""-3.0"", ""label"": ""NOT STATED""}, {""value"": ""1.0"", ""label"": ""NEVER""}, {""value"": ""2.0"", ""label"": ""SELDOM""}, {""value"": ""3.0"", ""label"": ""ABOUT ONCE A WEEK""}, {""value"": ""4.0"", ""label"": ""ALMOST EVERY DAY""}]"
1490,m101,B2 D GOES ON LOCAL BUSES,numeric,NOMINAL,-7.0 thru -3.0,"[{""value"": ""-7.0"", ""label"": ""Blank""}, {""value"": ""-3.0"", ""label"": ""Not stated""}, {""value"": ""1.0"", ""label"": ""Never""}, {""value"": ""2.0"", ""label"": ""Seldom""}, {""value"": ""3.0"", ""label"": ""About once a week""}, {""value"": ""4.0"", ""label"": ""Almost every day""}]"
1491,m102,B3 DOES CHILD SAY WHERE GOING,numeric,NOMINAL,-3.0 thru -7.0,"[{""value"": ""-7.0"", ""label"": ""Blank""}, {""value"": ""-3.0"", ""label"": ""Not stated""}, {""value"": ""1.0"", ""label"": ""Rarely or never""}, {""value"": ""2.0"", ""label"": ""Yes Occasionally""}, {""value"": ""3.0"", ""label"": ""Yes Usually""}, {""value"": ""4.0"", ""label"": ""Yes Always""}]"
1492,m103,B4 HOUR CHILD USUALLY IN AT NIGHT,numeric,NOMINAL,-7.0 thru -3.0,"[{""value"": ""-7.0"", ""label"": ""BLANK""}, {""value"": ""-3.0"", ""label"": ""NOT STATED""}]"
1493,m104,B4 MINUTES CHILD USUALLY IN AT NIGHT,numeric,NOMINAL,-7.0 thru -3.0,"[{""value"": ""-7.0"", ""label"": ""BLANK""}, {""value"": ""-3.0"", ""label"": ""NOT STATED""}]"
1494,m105,B5 FATHER PLAYS ROLE IN MANAGING CHILD?,numeric,NOMINAL,-7.0 thru -3.0,"[{""value"": ""-7.0"", ""label"": ""Blank""}, {""value"": ""-3.0"", ""label"": ""Not Stated""}, {""value"": ""1.0"", ""label"": ""Big/Equal to Mother""}, {""value"": ""2.0"", ""label"": ""Smaller part than mother""}, {""value"": ""3.0"", ""label"": ""Very small part""}, {""value"": ""4.0"", ""label"": ""Don't know""}, {""value"": ""5.0"", ""label"": ""Situation N/A""}]"
1495,m106,B5 GIVE DETAILS IF SITUATION NA,numeric,NOMINAL,-7.0 thru -3.0,"[{""value"": ""-7.0"", ""label"": ""BLANK""}, {""value"": ""-3.0"", ""label"": ""NOT STATED""}, {""value"": ""1.0"", ""label"": ""NO FATHER FIGURE""}, {""value"": ""2.0"", ""label"": ""FATHER TEMP ABSENT""}, {""value"": ""3.0"", ""label"": ""CHILD IN CARE""}, {""value"": ""4.0"", ""label"": ""NO MOTHER FIGURE""}]"
1496,m107,B6 FAMILY ACTIVITIES A GO FOR WALKS,numeric,NOMINAL,-7.0 thru -3.0,"[{""value"": ""-7.0"", ""label"": ""BLANK""}, {""value"": ""-3.0"", ""label"": ""NOT STATED""}, {""value"": ""1.0"", ""label"": ""RARELY OR NEVER""}, {""value"": ""2.0"", ""label"": ""SOMETIMES""}, {""value"": ""3.0"", ""label"": ""OFTEN""}]"
1497,m108,B6 B GO FOR OUTINGS TOGETHER,numeric,NOMINAL,-7.0 thru -3.0,"[{""value"": ""-7.0"", ""label"": ""BLANK""}, {""value"": ""-3.0"", ""label"": ""NOT STATED""}, {""value"": ""1.0"", ""label"": ""RARELY OR NEVER""}, {""value"": ""2.0"", ""label"": ""SOMETIMES""}, {""value"": ""3.0"", ""label"": ""OFTEN""}]"
1498,m109,B6 C HAVE MEALS TOGETHER,numeric,NOMINAL,-7.0 thru -3.0,"[{""value"": ""-7.0"", ""label"": ""BLANK""}, {""value"": ""-3.0"", ""label"": ""NOT STATED""}, {""value"": ""1.0"", ""label"": ""RARELY OR NEVER""}, {""value"": ""2.0"", ""label"": ""SOMETIMES""}, {""value"": ""3.0"", ""label"": ""OFTEN""}]"
1499,m110,B6 D GO FOR HOLIDAYS TOGETHER,numeric,NOMINAL,-7.0 thru -3.0,"[{""value"": ""-7.0"", ""label"": ""BLANK""}, {""value"": ""-3.0"", ""label"": ""NOT STATED""}, {""value"": ""1.0"", ""label"": ""RARELY OR NEVER""}, {""value"": ""2.0"", ""label"": ""SOMETIMES""}, {""value"": ""3.0"", ""label"": ""OFTEN""}]"
1500,m111,B6 E GO SHOPPING TOGETHER,numeric,NOMINAL,-7.0 thru -3.0,"[{""value"": ""-7.0"", ""label"": ""BLANK""}, {""value"": ""-3.0"", ""label"": ""NOT STATED""}, {""value"": ""1.0"", ""label"": ""RARELY OR NEVER""}, {""value"": ""2.0"", ""label"": ""SOMETIMES""}, {""value"": ""3.0"", ""label"": ""OFTEN""}]"
1501,m112,B6 F CHAT FOR AT LEAST 5 MINUTES,numeric,NOMINAL,-7.0 thru -3.0,"[{""value"": ""-7.0"", ""label"": ""BLANK""}, {""value"": ""-3.0"", ""label"": ""NOT STATED""}, {""value"": ""1.0"", ""label"": ""RARELY OR NEVER""}, {""value"": ""2.0"", ""label"": ""SOMETIMES""}, {""value"": ""3.0"", ""label"": ""OFTEN""}]"
1502,m113,B6 G GO TO RESTAURANT TOGETHER,numeric,NOMINAL,-7.0 thru -3.0,"[{""value"": ""-7.0"", ""label"": ""BLANK""}, {""value"": ""-3.0"", ""label"": ""NOT STATED""}, {""value"": ""1.0"", ""label"": ""RARELY OR NEVER""}, {""value"": ""2.0"", ""label"": ""SOMETIMES""}, {""value"": ""3.0"", ""label"": ""OFTEN""}]"
1503,m114,C1 DIFFICULTY WITH SCHOOL SUBS A MATHS,numeric,NOMINAL,-7.0 thru -3.0,"[{""value"": ""-7.0"", ""label"": ""Blank""}, {""value"": ""-3.0"", ""label"": ""Not stated""}, {""value"": ""1.0"", ""label"": ""No difficulty""}, {""value"": ""2.0"", ""label"": ""Some difficulty""}, {""value"": ""3.0"", ""label"": ""Great difficulty""}]"
1504,m115,C1 B READING,numeric,NOMINAL,-7.0 thru -3.0,"[{""value"": ""-7.0"", ""label"": ""Blank""}, {""value"": ""-3.0"", ""label"": ""Not stated""}, {""value"": ""1.0"", ""label"": ""No difficulty""}, {""value"": ""2.0"", ""label"": ""Some difficulty""}, {""value"": ""3.0"", ""label"": ""Great difficulty""}]"
1505,m116,C1 C WRITING,numeric,NOMINAL,-7.0 thru -3.0,"[{""value"": ""-7.0"", ""label"": ""Blank""}, {""value"": ""-3.0"", ""label"": ""Not stated""}, {""value"": ""1.0"", ""label"": ""No difficulty""}, {""value"": ""2.0"", ""label"": ""Some difficulty""}, {""value"": ""3.0"", ""label"": ""Great difficulty""}]"
1506,m117,"C1 OTHER SUBJECTS, FIRST SUBJECT CODE",numeric,NOMINAL,-7.0 thru -3.0,"[{""value"": ""-7.0"", ""label"": ""Blank""}, {""value"": ""-3.0"", ""label"": ""Not stated""}, {""value"": ""1.0"", ""label"": ""Spelling""}, {""value"": ""2.0"", ""label"": ""Geography""}, {""value"": ""3.0"", ""label"": ""French""}, {""value"": ""4.0"", ""label"": ""History""}, {""value"": ""5.0"", ""label"": ""Art""}, {""value"": ""6.0"", ""label"": ""Sports""}, {""value"": ""7.0"", ""label"": ""Religious education""}, {""value"": ""8.0"", ""label"": ""Other subject""}, {""value"": ""9.0"", ""label"": ""Subjects NS""}]"
1507,m118,C1 FIRST SUBJECT DIFFICULTY,numeric,NOMINAL,-7.0 thru -3.0,"[{""value"": ""-7.0"", ""label"": ""Blank""}, {""value"": ""-3.0"", ""label"": ""Not stated""}, {""value"": ""1.0"", ""label"": ""No difficulty""}, {""value"": ""2.0"", ""label"": ""Some difficulty""}, {""value"": ""3.0"", ""label"": ""Great difficulty""}]"
1508,m119,C1 SECOND SUBJECT CODE,numeric,NOMINAL,-7.0 thru -3.0,"[{""value"": ""-7.0"", ""label"": ""BLANK""}, {""value"": ""-3.0"", ""label"": ""NOT STATED""}, {""value"": ""1.0"", ""label"": ""SPELLING""}, {""value"": ""2.0"", ""label"": ""GEOGRAPHY""}, {""value"": ""3.0"", ""label"": ""FRENCH""}, {""value"": ""4.0"", ""label"": ""HISTORY""}, {""value"": ""5.0"", ""label"": ""ART""}, {""value"": ""6.0"", ""label"": ""SPORTS""}, {""value"": ""7.0"", ""label"": ""RELIGIOUS EDUCATION""}, {""value"": ""8.0"", ""label"": ""OTHER SUBJECT""}, {""value"": ""9.0"", ""label"": ""SUBJECTS NS""}]"
1509,m120,C1 SECOND SUBJECT DIFFICULTY,numeric,NOMINAL,-7.0 thru -3.0,"[{""value"": ""-7.0"", ""label"": ""Blank""}, {""value"": ""-3.0"", ""label"": ""Not stated""}, {""value"": ""1.0"", ""label"": ""No difficulty""}, {""value"": ""2.0"", ""label"": ""Some difficulty""}, {""value"": ""3.0"", ""label"": ""Great difficulty""}]"
1510,m121,C1 THIRD SUBJECT CODE,numeric,NOMINAL,-7.0 thru -3.0,"[{""value"": ""-7.0"", ""label"": ""BLANK""}, {""value"": ""-3.0"", ""label"": ""NOT STATED""}, {""value"": ""1.0"", ""label"": ""SPELLING""}, {""value"": ""2.0"", ""label"": ""GEOGRAPHY""}, {""value"": ""3.0"", ""label"": ""FRENCH""}, {""value"": ""4.0"", ""label"": ""HISTORY""}, {""value"": ""5.0"", ""label"": ""ART""}, {""value"": ""6.0"", ""label"": ""SPORTS""}, {""value"": ""8.0"", ""label"": ""OTHER SUBJECT""}, {""value"": ""9.0"", ""label"": ""SUBJECT NS""}]"
1511,m122,C1 THIRD SUBJECT DIFFICULTY,numeric,NOMINAL,-7.0 thru -3.0,"[{""value"": ""-7.0"", ""label"": ""BLANK""}, {""value"": ""-3.0"", ""label"": ""NOT STATED""}, {""value"": ""1.0"", ""label"": ""NO DIFFICULTY""}, {""value"": ""2.0"", ""label"": ""SOME DIFFICULTY""}, {""value"": ""3.0"", ""label"": ""GREAT DIFFICULTY""}]"
1512,m123,C1 DESCRIPTION OF DIFFICULTY IN MATHS,numeric,NOMINAL,-8.0 thru -7.0 and -3.0,"[{""value"": ""-8.0"", ""label"": ""Out of range""}, {""value"": ""-7.0"", ""label"": ""Blank""}, {""value"": ""-3.0"", ""label"": ""Not stated""}, {""value"": ""1.0"", ""label"": ""Diff holding pen""}, {""value"": ""2.0"", ""label"": ""Order sum presented""}, {""value"": ""3.0"", ""label"": ""Diff fractions etc.""}, {""value"": ""4.0"", ""label"": ""Diff with tables""}, {""value"": ""5.0"", ""label"": ""Diff w new projects""}, {""value"": ""6.0"", ""label"": ""Doubts own ability""}, {""value"": ""7.0"", ""label"": ""Doesn't relate to nos""}, {""value"": ""8.0"", ""label"": ""Doesn't retain info""}, {""value"": ""9.0"", ""label"": ""Lack concentration""}, {""value"": ""10.0"", ""label"": ""Slower understanding""}, {""value"": ""11.0"", ""label"": ""Gives up easily""}, {""value"": ""12.0"", ""label"": ""Difficulty NS""}, {""value"": ""13.0"", ""label"": ""Multiple Difficulties""}, {""value"": ""14.0"", ""label"": ""Hearing defect""}, {""value"": ""15.0"", ""label"": ""Other""}, {""value"": ""90.0"", ""label"": ""No maths difficulty""}]"
1513,m124,C1 DESCRIPTION OF READING/WRITING DIFF,numeric,NOMINAL,-3.0 thru -7.0 and -8.0,"[{""value"": ""-8.0"", ""label"": ""Out of range""}, {""value"": ""-7.0"", ""label"": ""Blank""}, {""value"": ""-3.0"", ""label"": ""Not stated""}, {""value"": ""1.0"", ""label"": ""Diff holding pen""}, {""value"": ""2.0"", ""label"": ""Diff pronouncing L word""}, {""value"": ""3.0"", ""label"": ""Doubts ability""}, {""value"": ""4.0"", ""label"": ""Dyslexic""}, {""value"": ""5.0"", ""label"": ""Lack concentration""}, {""value"": ""6.0"", ""label"": ""Slow""}, {""value"": ""7.0"", ""label"": ""Careless""}, {""value"": ""8.0"", ""label"": ""Gives up easily""}, {""value"": ""9.0"", ""label"": ""Difficulty NS""}, {""value"": ""10.0"", ""label"": ""Other""}, {""value"": ""11.0"", ""label"": ""Speech defect diffs""}, {""value"": ""12.0"", ""label"": ""Diff comb cons vowels""}, {""value"": ""13.0"", ""label"": ""Multiple diffs""}, {""value"": ""14.0"", ""label"": ""Hearing defect""}, {""value"": ""15.0"", ""label"": ""Other""}, {""value"": ""90.0"", ""label"": ""No difficulty""}]"
1514,m125,C2 PARENTS MET CHILD'S TEACHER,numeric,NOMINAL,-7.0 thru -3.0,"[{""value"": ""-7.0"", ""label"": ""BLANK""}, {""value"": ""-3.0"", ""label"": ""NOT STATED""}, {""value"": ""1.0"", ""label"": ""YES ONCE""}, {""value"": ""2.0"", ""label"": ""YES MORE THAN ONCE""}, {""value"": ""3.0"", ""label"": ""NO""}]"
1515,m126,C3 RECEIVED FREE SCH MEALS LAST 12 MNTHS,numeric,NOMINAL,-7.0 thru -3.0,"[{""value"": ""-7.0"", ""label"": ""Blank""}, {""value"": ""-3.0"", ""label"": ""Not stated""}, {""value"": ""1.0"", ""label"": ""Yes""}, {""value"": ""2.0"", ""label"": ""No""}, {""value"": ""3.0"", ""label"": ""Don't know""}]"
1516,m127,C4 MID-DAY MEAL ARRANGEMENT PAID BY PARENTS,numeric,NOMINAL,-7.0 thru -3.0,"[{""value"": ""-7.0"", ""label"": ""BLANK""}, {""value"": ""-3.0"", ""label"": ""NOT STATED""}, {""value"": ""1.0"", ""label"": ""YES""}]"
1517,m128,C4 RECEIVED FREE SCHOOL MEALS,numeric,NOMINAL,-7.0 thru -3.0,"[{""value"": ""-7.0"", ""label"": ""BLANK""}, {""value"": ""-3.0"", ""label"": ""NOT STATED""}, {""value"": ""1.0"", ""label"": ""YES""}]"
1518,m129,C4 SNACKS TAKEN TO SCHOOL,numeric,NOMINAL,-7.0 thru -3.0,"[{""value"": ""-7.0"", ""label"": ""BLANK""}, {""value"": ""-3.0"", ""label"": ""NOT STATED""}, {""value"": ""1.0"", ""label"": ""YES""}]"
1519,m130,C4 HOME FOR MEAL,numeric,NOMINAL,-7.0 thru -3.0,"[{""value"": ""-7.0"", ""label"": ""BLANK""}, {""value"": ""-3.0"", ""label"": ""NOT STATED""}, {""value"": ""1.0"", ""label"": ""YES""}]"
1520,m131,C4 CHILD BOUGHT SNACKS,numeric,NOMINAL,-7.0 thru -3.0,"[{""value"": ""-7.0"", ""label"": ""BLANK""}, {""value"": ""-3.0"", ""label"": ""NOT STATED""}, {""value"": ""1.0"", ""label"": ""YES""}]"
1521,m132,C4 OTHER ANSWER,numeric,NOMINAL,-7.0 thru -3.0,"[{""value"": ""-7.0"", ""label"": ""BLANK""}, {""value"": ""-3.0"", ""label"": ""NOT STATED""}, {""value"": ""1.0"", ""label"": ""YES""}]"
1522,m133,C4 OTHER ANSWER DESCRIBED,numeric,NOMINAL,-7.0 thru -3.0,"[{""value"": ""-7.0"", ""label"": ""BLANK""}, {""value"": ""-3.0"", ""label"": ""NOT STATED""}, {""value"": ""1.0"", ""label"": ""TEXT PRESENT""}]"
1523,m134,C5 AGE CHILD WILL LEAVE SCHOOL,numeric,NOMINAL,-7.0 thru -3.0,"[{""value"": ""-7.0"", ""label"": ""BLANK""}, {""value"": ""-3.0"", ""label"": ""NOT STATED""}, {""value"": ""1.0"", ""label"": ""16 YEARS""}, {""value"": ""2.0"", ""label"": ""17 YEARS""}, {""value"": ""3.0"", ""label"": ""18 YEARS""}, {""value"": ""4.0"", ""label"": ""NOT KNOWN""}, {""value"": ""5.0"", ""label"": ""NOT APPLICABLE""}]"
1524,m135,C6 CONTINUE TRAINING AFTER LEAVING SCHOOL,numeric,NOMINAL,-7.0 thru -3.0,"[{""value"": ""-7.0"", ""label"": ""BLANK""}, {""value"": ""-3.0"", ""label"": ""NOT STATED""}, {""value"": ""1.0"", ""label"": ""YES""}, {""value"": ""2.0"", ""label"": ""NO""}, {""value"": ""3.0"", ""label"": ""CANNOT SAY""}, {""value"": ""4.0"", ""label"": ""NOT APPLICABLE""}]"
1525,m136,C6 TYPE OF TRAINING/EDUCATION AFTER SCHOOL,numeric,NOMINAL,-7.0 thru -3.0,"[{""value"": ""-7.0"", ""label"": ""Blank""}, {""value"": ""-3.0"", ""label"": ""Not stated""}, {""value"": ""1.0"", ""label"": ""Further education""}, {""value"": ""2.0"", ""label"": ""College/University""}, {""value"": ""3.0"", ""label"": ""Apprenticeship""}, {""value"": ""4.0"", ""label"": ""Specific job""}, {""value"": ""5.0"", ""label"": ""Don't know""}, {""value"": ""6.0"", ""label"": ""Not applicable""}, {""value"": ""7.0"", ""label"": ""Other""}]"
1526,m137,C7 ANYONE AT HOME AFTER SCHOOL-YES,numeric,NOMINAL,-7.0 thru -3.0,"[{""value"": ""-7.0"", ""label"": ""BLANK""}, {""value"": ""-3.0"", ""label"": ""NOT STATED""}, {""value"": ""1.0"", ""label"": ""YES""}]"
1527,m138,C7 MOTHER USUALLY AT HOME,numeric,NOMINAL,-7.0 thru -3.0,"[{""value"": ""-7.0"", ""label"": ""BLANK""}, {""value"": ""-3.0"", ""label"": ""NOT STATED""}, {""value"": ""1.0"", ""label"": ""YES""}]"
1528,m139,C7 FATHER USUALLY AT HOME,numeric,NOMINAL,-7.0 thru -3.0,"[{""value"": ""-7.0"", ""label"": ""BLANK""}, {""value"": ""-3.0"", ""label"": ""NOT STATED""}, {""value"": ""1.0"", ""label"": ""YES""}]"
1529,m140,C7 OLDER SIBLING USUALLY AT HOME,numeric,NOMINAL,-7.0 thru -3.0,"[{""value"": ""-7.0"", ""label"": ""BLANK""}, {""value"": ""-3.0"", ""label"": ""NOT STATED""}, {""value"": ""1.0"", ""label"": ""YES""}]"
1530,m141,C7 OTHER ADULT USUALLY AT HOME,numeric,NOMINAL,-7.0 thru -3.0,"[{""value"": ""-7.0"", ""label"": ""BLANK""}, {""value"": ""-3.0"", ""label"": ""NOT STATED""}, {""value"": ""1.0"", ""label"": ""YES""}]"
1531,m142,C7 ANYONE HOME AFTER SCHOOL-NO,numeric,NOMINAL,-7.0 thru -3.0,"[{""value"": ""-7.0"", ""label"": ""BLANK""}, {""value"": ""-3.0"", ""label"": ""NOT STATED""}, {""value"": ""1.0"", ""label"": ""NO""}]"
1532,m143,C7 CHILD GOES TO FRIEND OR RELATIVE,numeric,NOMINAL,-7.0 thru -3.0,"[{""value"": ""-7.0"", ""label"": ""BLANK""}, {""value"": ""-3.0"", ""label"": ""NOT STATED""}, {""value"": ""1.0"", ""label"": ""YES""}]"
1533,m144,C7 CHILD HAS OWN DOOR KEY,numeric,NOMINAL,-7.0 thru -3.0,"[{""value"": ""-7.0"", ""label"": ""BLANK""}, {""value"": ""-3.0"", ""label"": ""NOT STATED""}, {""value"": ""1.0"", ""label"": ""YES""}]"
1534,m145,C7 OTHER ARRANGEMENT,numeric,NOMINAL,-7.0 thru -3.0,"[{""value"": ""-7.0"", ""label"": ""BLANK""}, {""value"": ""-3.0"", ""label"": ""NOT STATED""}, {""value"": ""1.0"", ""label"": ""YES""}]"
1535,m146,C7 OTHER ARRANGEMENT DESCRIBED,numeric,NOMINAL,-8.0 thru -7.0 and -3.0,"[{""value"": ""-8.0"", ""label"": ""Out of range""}, {""value"": ""-7.0"", ""label"": ""BLANK""}, {""value"": ""-3.0"", ""label"": ""NOT STATED""}, {""value"": ""1.0"", ""label"": ""GOES MEET PRNT WORK""}, {""value"": ""2.0"", ""label"": ""WAITS SCHOOL FETCHED""}, {""value"": ""3.0"", ""label"": ""UNCLEAR CHILD DOES""}]"
1536,m147,D1 CHILDREN'S SKILLS: WALKS UNAIDED,numeric,SCALE,-3.0 thru -7.0,"[{""value"": ""-7.0"", ""label"": ""Blank on input""}, {""value"": ""-3.0"", ""label"": ""Not stated""}, {""value"": ""0.0"", ""label"": ""Cannot do this""}, {""value"": ""100.0"", ""label"": ""Does this very well""}]"
1537,m148,D1 ITEM 1 COMMENT,numeric,NOMINAL,-3.0 thru -7.0,"[{""value"": ""-7.0"", ""label"": ""Blank on input""}, {""value"": ""-3.0"", ""label"": ""Not stated""}, {""value"": ""0.0"", ""label"": ""No statement""}, {""value"": ""1.0"", ""label"": ""Does with help""}, {""value"": ""2.0"", ""label"": ""Needs telling""}, {""value"": ""3.0"", ""label"": ""Doesn't do this""}, {""value"": ""4.0"", ""label"": ""Not allowed to""}, {""value"": ""5.0"", ""label"": ""No opportunity""}, {""value"": ""6.0"", ""label"": ""Not applicable""}, {""value"": ""7.0"", ""label"": ""Never tried""}, {""value"": ""8.0"", ""label"": ""Can do but won't""}, {""value"": ""9.0"", ""label"": ""Occasionally""}]"
1538,m149,D1 ITEM 1 WALKS UP AND DOWN STAIRS,numeric,SCALE,-3.0 thru -7.0,"[{""value"": ""-7.0"", ""label"": ""Blank on input""}, {""value"": ""-3.0"", ""label"": ""Not stated""}, {""value"": ""0.0"", ""label"": ""Cannot do this""}, {""value"": ""100.0"", ""label"": ""Does this very well""}]"
1539,m150,D1 ITEM 2 COMMENT,numeric,NOMINAL,-3.0 thru -7.0,"[{""value"": ""-7.0"", ""label"": ""Blank on input""}, {""value"": ""-3.0"", ""label"": ""Not stated""}, {""value"": ""0.0"", ""label"": ""No statement""}, {""value"": ""1.0"", ""label"": ""Does with help""}, {""value"": ""2.0"", ""label"": ""Needs telling""}, {""value"": ""3.0"", ""label"": ""Doesn't do this""}, {""value"": ""4.0"", ""label"": ""Not allowed to""}, {""value"": ""5.0"", ""label"": ""No opportunity""}, {""value"": ""6.0"", ""label"": ""Not applicable""}, {""value"": ""7.0"", ""label"": ""Never tried""}, {""value"": ""8.0"", ""label"": ""Can do but won't""}, {""value"": ""9.0"", ""label"": ""Occasionally""}]"
1540,m151,D1 ITEM 3 RUNS,numeric,SCALE,-3.0 thru -7.0,"[{""value"": ""-7.0"", ""label"": ""Blank on input""}, {""value"": ""-3.0"", ""label"": ""Not stated""}, {""value"": ""0.0"", ""label"": ""Cannot do this""}, {""value"": ""100.0"", ""label"": ""Does this very well""}]"
1541,m152,D1 ITEM 3 COMMENT,numeric,NOMINAL,-3.0 thru -7.0,"[{""value"": ""-7.0"", ""label"": ""Blank on input""}, {""value"": ""-3.0"", ""label"": ""Not stated""}, {""value"": ""0.0"", ""label"": ""No statement""}, {""value"": ""1.0"", ""label"": ""Does with help""}, {""value"": ""2.0"", ""label"": ""Needs telling""}, {""value"": ""3.0"", ""label"": ""Doesn't do this""}, {""value"": ""4.0"", ""label"": ""Not allowed to""}, {""value"": ""5.0"", ""label"": ""No opportunity""}, {""value"": ""6.0"", ""label"": ""Not applicable""}, {""value"": ""7.0"", ""label"": ""Never tried""}, {""value"": ""8.0"", ""label"": ""Can do but won't""}, {""value"": ""9.0"", ""label"": ""Occasionally""}]"
1542,m153,D1 ITEM 4 HOPS,numeric,SCALE,-3.0 thru -7.0,"[{""value"": ""-7.0"", ""label"": ""Blank on input""}, {""value"": ""-3.0"", ""label"": ""Not stated""}, {""value"": ""0.0"", ""label"": ""Cannot do this""}, {""value"": ""100.0"", ""label"": ""Does this very well""}]"
1543,m154,D1 ITEM 4 COMMENT,numeric,NOMINAL,-3.0 thru -7.0,"[{""value"": ""-7.0"", ""label"": ""Blank on input""}, {""value"": ""-3.0"", ""label"": ""Not stated""}, {""value"": ""0.0"", ""label"": ""No statement""}, {""value"": ""1.0"", ""label"": ""Does with help""}, {""value"": ""2.0"", ""label"": ""Needs telling""}, {""value"": ""3.0"", ""label"": ""Doesn't do this""}, {""value"": ""4.0"", ""label"": ""Not allowed to""}, {""value"": ""5.0"", ""label"": ""No opportunity""}, {""value"": ""6.0"", ""label"": ""Not applicable""}, {""value"": ""7.0"", ""label"": ""Never tried""}, {""value"": ""8.0"", ""label"": ""Can do but won't""}, {""value"": ""9.0"", ""label"": ""Occasionally""}]"
1544,m155,D1 ITEM 5 SKIPS WITH A ROPE,numeric,SCALE,-3.0 thru -7.0,"[{""value"": ""-7.0"", ""label"": ""Blank on input""}, {""value"": ""-3.0"", ""label"": ""Not stated""}, {""value"": ""0.0"", ""label"": ""Cannot do this""}, {""value"": ""100.0"", ""label"": ""Does this very well""}]"
1545,m156,D1 ITEM 5 COMMENT,numeric,NOMINAL,-3.0 thru -7.0,"[{""value"": ""-7.0"", ""label"": ""Blank on input""}, {""value"": ""-3.0"", ""label"": ""Not stated""}, {""value"": ""0.0"", ""label"": ""No statement""}, {""value"": ""1.0"", ""label"": ""Does with help""}, {""value"": ""2.0"", ""label"": ""Needs telling""}, {""value"": ""3.0"", ""label"": ""Doesn't do this""}, {""value"": ""4.0"", ""label"": ""Not allowed to""}, {""value"": ""5.0"", ""label"": ""No opportunity""}, {""value"": ""6.0"", ""label"": ""Not applicable""}, {""value"": ""7.0"", ""label"": ""Never tried""}, {""value"": ""8.0"", ""label"": ""Can do but won't""}, {""value"": ""9.0"", ""label"": ""Occasionally""}]"
1546,m157,D1 ITEM 6 THROWS A BALL,numeric,SCALE,-3.0 thru -7.0,"[{""value"": ""-7.0"", ""label"": ""Blank on input""}, {""value"": ""-3.0"", ""label"": ""Not stated""}, {""value"": ""0.0"", ""label"": ""Cannot do this""}, {""value"": ""100.0"", ""label"": ""Does this very well""}]"
1547,m158,D1 ITEM 6 COMMENT,numeric,NOMINAL,-3.0 thru -7.0,"[{""value"": ""-7.0"", ""label"": ""Blank on input""}, {""value"": ""-3.0"", ""label"": ""Not stated""}, {""value"": ""0.0"", ""label"": ""No statement""}, {""value"": ""1.0"", ""label"": ""Does with help""}, {""value"": ""2.0"", ""label"": ""Needs telling""}, {""value"": ""3.0"", ""label"": ""Doesn't do this""}, {""value"": ""4.0"", ""label"": ""Not allowed to""}, {""value"": ""5.0"", ""label"": ""No opportunity""}, {""value"": ""6.0"", ""label"": ""Not applicable""}, {""value"": ""7.0"", ""label"": ""Never tried""}, {""value"": ""8.0"", ""label"": ""Can do but won't""}, {""value"": ""9.0"", ""label"": ""Occasionally""}]"
1548,m159,D1 ITEM 7 CATCHES A BALL,numeric,SCALE,-3.0 thru -7.0,"[{""value"": ""-7.0"", ""label"": ""Blank on input""}, {""value"": ""-3.0"", ""label"": ""Not stated""}, {""value"": ""0.0"", ""label"": ""Cannot do this""}, {""value"": ""100.0"", ""label"": ""Does this very well""}]"
1549,m160,D1 ITEM 7 COMMENT,numeric,NOMINAL,-3.0 thru -7.0,"[{""value"": ""-7.0"", ""label"": ""Blank on input""}, {""value"": ""-3.0"", ""label"": ""Not stated""}, {""value"": ""0.0"", ""label"": ""No statement""}, {""value"": ""1.0"", ""label"": ""Does with help""}, {""value"": ""2.0"", ""label"": ""Needs telling""}, {""value"": ""3.0"", ""label"": ""Doesn't do this""}, {""value"": ""4.0"", ""label"": ""Not allowed to""}, {""value"": ""5.0"", ""label"": ""No opportunity""}, {""value"": ""6.0"", ""label"": ""Not applicable""}, {""value"": ""7.0"", ""label"": ""Never tried""}, {""value"": ""8.0"", ""label"": ""Can do but won't""}, {""value"": ""9.0"", ""label"": ""Occasionally""}]"
1550,m161,D1 ITEM 8 RIDES A BICYCLE,numeric,SCALE,-3.0 thru -7.0,"[{""value"": ""-7.0"", ""label"": ""Blank on input""}, {""value"": ""-3.0"", ""label"": ""Not stated""}, {""value"": ""0.0"", ""label"": ""Cannot do this""}, {""value"": ""100.0"", ""label"": ""Does this very well""}]"
1551,m162,D1 ITEM 8 COMMENT,numeric,NOMINAL,-3.0 thru -7.0,"[{""value"": ""-7.0"", ""label"": ""Blank on input""}, {""value"": ""-3.0"", ""label"": ""Not stated""}, {""value"": ""0.0"", ""label"": ""No statement""}, {""value"": ""1.0"", ""label"": ""Does with help""}, {""value"": ""2.0"", ""label"": ""Needs telling""}, {""value"": ""3.0"", ""label"": ""Doesn't do this""}, {""value"": ""4.0"", ""label"": ""Not allowed to""}, {""value"": ""5.0"", ""label"": ""No opportunity""}, {""value"": ""6.0"", ""label"": ""Not applicable""}, {""value"": ""7.0"", ""label"": ""Never tried""}, {""value"": ""8.0"", ""label"": ""Can do but won't""}, {""value"": ""9.0"", ""label"": ""Occasionally""}]"
1552,m163,D1 ITEM 9 PLAYS SPORT,numeric,SCALE,-3.0 thru -7.0,"[{""value"": ""-7.0"", ""label"": ""Blank on input""}, {""value"": ""-3.0"", ""label"": ""Not stated""}, {""value"": ""0.0"", ""label"": ""Cannot do this""}, {""value"": ""100.0"", ""label"": ""Does this very well""}]"
1553,m164,D1 ITEM 9 COMMENT,numeric,NOMINAL,-3.0 thru -7.0,"[{""value"": ""-7.0"", ""label"": ""Blank on input""}, {""value"": ""-3.0"", ""label"": ""Not stated""}, {""value"": ""0.0"", ""label"": ""No statement""}, {""value"": ""1.0"", ""label"": ""Does with help""}, {""value"": ""2.0"", ""label"": ""Needs telling""}, {""value"": ""3.0"", ""label"": ""Doesn't do this""}, {""value"": ""4.0"", ""label"": ""Not allowed to""}, {""value"": ""5.0"", ""label"": ""No opportunity""}, {""value"": ""6.0"", ""label"": ""Not applicable""}, {""value"": ""7.0"", ""label"": ""Never tried""}, {""value"": ""8.0"", ""label"": ""Can do but won't""}, {""value"": ""9.0"", ""label"": ""Occasionally""}]"
1554,m165,D1 ITEM 10 SWIMS WITHOUT WATERWINGS,numeric,SCALE,-3.0 thru -7.0,"[{""value"": ""-7.0"", ""label"": ""Blank on input""}, {""value"": ""-3.0"", ""label"": ""Not stated""}, {""value"": ""0.0"", ""label"": ""Cannot do this""}, {""value"": ""100.0"", ""label"": ""Does this very well""}]"
1555,m166,D1 ITEM 10 COMMENT,numeric,NOMINAL,-3.0 thru -7.0,"[{""value"": ""-7.0"", ""label"": ""Blank on input""}, {""value"": ""-3.0"", ""label"": ""Not stated""}, {""value"": ""0.0"", ""label"": ""No statement""}, {""value"": ""1.0"", ""label"": ""Does with help""}, {""value"": ""2.0"", ""label"": ""Needs telling""}, {""value"": ""3.0"", ""label"": ""Doesn't do this""}, {""value"": ""4.0"", ""label"": ""Not allowed to""}, {""value"": ""5.0"", ""label"": ""No opportunity""}, {""value"": ""6.0"", ""label"": ""Not applicable""}, {""value"": ""7.0"", ""label"": ""Never tried""}, {""value"": ""8.0"", ""label"": ""Can do but won't""}, {""value"": ""9.0"", ""label"": ""Occasionally""}]"
1556,m167,D1 ITEM 11 DOES HANDSTANDS,numeric,SCALE,-3.0 thru -7.0,"[{""value"": ""-7.0"", ""label"": ""Blank on input""}, {""value"": ""-3.0"", ""label"": ""Not stated""}, {""value"": ""0.0"", ""label"": ""Cannot do this""}, {""value"": ""100.0"", ""label"": ""Does this very well""}]"
1557,m168,D1 ITEM 11 COMMENT,numeric,NOMINAL,-3.0 thru -7.0,"[{""value"": ""-7.0"", ""label"": ""Blank on input""}, {""value"": ""-3.0"", ""label"": ""Not stated""}, {""value"": ""0.0"", ""label"": ""No statement""}, {""value"": ""1.0"", ""label"": ""Does with help""}, {""value"": ""2.0"", ""label"": ""Needs telling""}, {""value"": ""3.0"", ""label"": ""Doesn't do this""}, {""value"": ""4.0"", ""label"": ""Not allowed to""}, {""value"": ""5.0"", ""label"": ""No opportunity""}, {""value"": ""6.0"", ""label"": ""Not applicable""}, {""value"": ""7.0"", ""label"": ""Never tried""}, {""value"": ""8.0"", ""label"": ""Can do but won't""}, {""value"": ""9.0"", ""label"": ""Occasionally""}]"
1558,m169,D1 ITEM 12 EATS WITH KNIFE AND FORK,numeric,SCALE,-3.0 thru -7.0,"[{""value"": ""-7.0"", ""label"": ""Blank on input""}, {""value"": ""-3.0"", ""label"": ""Not stated""}, {""value"": ""0.0"", ""label"": ""Cannot do this""}, {""value"": ""100.0"", ""label"": ""Does this very well""}]"
1559,m170,D1 ITEM 12 COMMENT,numeric,NOMINAL,-3.0 thru -7.0,"[{""value"": ""-7.0"", ""label"": ""Blank on input""}, {""value"": ""-3.0"", ""label"": ""Not stated""}, {""value"": ""0.0"", ""label"": ""No statement""}, {""value"": ""1.0"", ""label"": ""Does with help""}, {""value"": ""2.0"", ""label"": ""Needs telling""}, {""value"": ""3.0"", ""label"": ""Doesn't do this""}, {""value"": ""4.0"", ""label"": ""Not allowed to""}, {""value"": ""5.0"", ""label"": ""No opportunity""}, {""value"": ""6.0"", ""label"": ""Not applicable""}, {""value"": ""7.0"", ""label"": ""Never tried""}, {""value"": ""8.0"", ""label"": ""Can do but won't""}, {""value"": ""9.0"", ""label"": ""Occasionally""}]"
1560,m171,D1 ITEM 13 USES KNIFE FOR CUTTING FOOD,numeric,SCALE,-3.0 thru -7.0,"[{""value"": ""-7.0"", ""label"": ""Blank on input""}, {""value"": ""-3.0"", ""label"": ""Not stated""}, {""value"": ""0.0"", ""label"": ""Cannot do this""}, {""value"": ""100.0"", ""label"": ""Does this very well""}]"
1561,m172,D1 ITEM 13 COMMENT,numeric,NOMINAL,-3.0 thru -7.0,"[{""value"": ""-7.0"", ""label"": ""Blank on input""}, {""value"": ""-3.0"", ""label"": ""Not stated""}, {""value"": ""0.0"", ""label"": ""No statement""}, {""value"": ""1.0"", ""label"": ""Does with help""}, {""value"": ""2.0"", ""label"": ""Needs telling""}, {""value"": ""3.0"", ""label"": ""Doesn't do this""}, {""value"": ""4.0"", ""label"": ""Not allowed to""}, {""value"": ""5.0"", ""label"": ""No opportunity""}, {""value"": ""6.0"", ""label"": ""Not applicable""}, {""value"": ""7.0"", ""label"": ""Never tried""}, {""value"": ""8.0"", ""label"": ""Can do but won't""}, {""value"": ""9.0"", ""label"": ""Occasionally""}]"
1562,m173,D1 ITEM 14 MAKES SIMPLE MEAL,numeric,SCALE,-3.0 thru -7.0,"[{""value"": ""-7.0"", ""label"": ""Blank on input""}, {""value"": ""-3.0"", ""label"": ""Not stated""}, {""value"": ""0.0"", ""label"": ""Cannot do this""}, {""value"": ""100.0"", ""label"": ""Does this very well""}]"
1563,m174,D1 ITEM 14 COMMENT,numeric,NOMINAL,-3.0 thru -7.0,"[{""value"": ""-7.0"", ""label"": ""Blank on input""}, {""value"": ""-3.0"", ""label"": ""Not stated""}, {""value"": ""0.0"", ""label"": ""No statement""}, {""value"": ""1.0"", ""label"": ""Does with help""}, {""value"": ""2.0"", ""label"": ""Needs telling""}, {""value"": ""3.0"", ""label"": ""Doesn't do this""}, {""value"": ""4.0"", ""label"": ""Not allowed to""}, {""value"": ""5.0"", ""label"": ""No opportunity""}, {""value"": ""6.0"", ""label"": ""Not applicable""}, {""value"": ""7.0"", ""label"": ""Never tried""}, {""value"": ""8.0"", ""label"": ""Can do but won't""}, {""value"": ""9.0"", ""label"": ""Occasionally""}]"
1564,m175,D1 ITEM 15 WASHES AND WIPES DISHES,numeric,SCALE,-3.0 thru -7.0,"[{""value"": ""-7.0"", ""label"": ""Blank on input""}, {""value"": ""-3.0"", ""label"": ""Not stated""}, {""value"": ""0.0"", ""label"": ""Cannot do this""}, {""value"": ""100.0"", ""label"": ""Does this very well""}]"
1565,m176,D1 ITEM 15 COMMENT,numeric,NOMINAL,-3.0 thru -7.0,"[{""value"": ""-7.0"", ""label"": ""Blank on input""}, {""value"": ""-3.0"", ""label"": ""Not stated""}, {""value"": ""0.0"", ""label"": ""No statement""}, {""value"": ""1.0"", ""label"": ""Does with help""}, {""value"": ""2.0"", ""label"": ""Needs telling""}, {""value"": ""3.0"", ""label"": ""Doesn't do this""}, {""value"": ""4.0"", ""label"": ""Not allowed to""}, {""value"": ""5.0"", ""label"": ""No opportunity""}, {""value"": ""6.0"", ""label"": ""Not applicable""}, {""value"": ""7.0"", ""label"": ""Never tried""}, {""value"": ""8.0"", ""label"": ""Can do but won't""}, {""value"": ""9.0"", ""label"": ""Occasionally""}]"
1566,m177,D1 ITEM 16 PEELS POTATOES OR FRUIT,numeric,SCALE,-3.0 thru -7.0,"[{""value"": ""-7.0"", ""label"": ""Blank on input""}, {""value"": ""-3.0"", ""label"": ""Not stated""}, {""value"": ""0.0"", ""label"": ""Cannot do this""}, {""value"": ""100.0"", ""label"": ""Does this very well""}]"
1567,m178,D1 ITEM 16 COMMENT,numeric,NOMINAL,-3.0 thru -7.0,"[{""value"": ""-7.0"", ""label"": ""Blank on input""}, {""value"": ""-3.0"", ""label"": ""Not stated""}, {""value"": ""0.0"", ""label"": ""No statement""}, {""value"": ""1.0"", ""label"": ""Does with help""}, {""value"": ""2.0"", ""label"": ""Needs telling""}, {""value"": ""3.0"", ""label"": ""Doesn't do this""}, {""value"": ""4.0"", ""label"": ""Not allowed to""}, {""value"": ""5.0"", ""label"": ""No opportunity""}, {""value"": ""6.0"", ""label"": ""Not applicable""}, {""value"": ""7.0"", ""label"": ""Never tried""}, {""value"": ""8.0"", ""label"": ""Can do but won't""}, {""value"": ""9.0"", ""label"": ""Occasionally""}]"
1568,m179,D1 ITEM 17 LAYS THE TABLE,numeric,SCALE,-3.0 thru -7.0,"[{""value"": ""-7.0"", ""label"": ""Blank on input""}, {""value"": ""-3.0"", ""label"": ""Not stated""}, {""value"": ""0.0"", ""label"": ""Cannot do this""}, {""value"": ""100.0"", ""label"": ""Does this very well""}]"
1569,m180,D1 ITEM 17 COMMENT,numeric,NOMINAL,-3.0 thru -7.0,"[{""value"": ""-7.0"", ""label"": ""Blank on input""}, {""value"": ""-3.0"", ""label"": ""Not stated""}, {""value"": ""0.0"", ""label"": ""No statement""}, {""value"": ""1.0"", ""label"": ""Does with help""}, {""value"": ""2.0"", ""label"": ""Needs telling""}, {""value"": ""3.0"", ""label"": ""Doesn't do this""}, {""value"": ""4.0"", ""label"": ""Not allowed to""}, {""value"": ""5.0"", ""label"": ""No opportunity""}, {""value"": ""6.0"", ""label"": ""Not applicable""}, {""value"": ""7.0"", ""label"": ""Never tried""}, {""value"": ""8.0"", ""label"": ""Can do but won't""}, {""value"": ""9.0"", ""label"": ""Occasionally""}]"
1570,m181,D1 ITEM 18 WASHES HANDS AND FACE,numeric,SCALE,-3.0 thru -7.0,"[{""value"": ""-7.0"", ""label"": ""Blank on input""}, {""value"": ""-3.0"", ""label"": ""Not stated""}, {""value"": ""0.0"", ""label"": ""Cannot do this""}, {""value"": ""100.0"", ""label"": ""Does this very well""}]"
1571,m182,D1 ITEM 18 COMMENT,numeric,NOMINAL,-3.0 thru -7.0,"[{""value"": ""-7.0"", ""label"": ""Blank on input""}, {""value"": ""-3.0"", ""label"": ""Not stated""}, {""value"": ""0.0"", ""label"": ""No statement""}, {""value"": ""1.0"", ""label"": ""Does with help""}, {""value"": ""2.0"", ""label"": ""Needs telling""}, {""value"": ""3.0"", ""label"": ""Doesn't do this""}, {""value"": ""4.0"", ""label"": ""Not allowed to""}, {""value"": ""5.0"", ""label"": ""No opportunity""}, {""value"": ""6.0"", ""label"": ""Not applicable""}, {""value"": ""7.0"", ""label"": ""Never tried""}, {""value"": ""8.0"", ""label"": ""Can do but won't""}, {""value"": ""9.0"", ""label"": ""Occasionally""}]"
1572,m183,D1 ITEM 19 BRUSHES OWN TEETH,numeric,SCALE,-3.0 thru -7.0,"[{""value"": ""-7.0"", ""label"": ""Blank on input""}, {""value"": ""-3.0"", ""label"": ""Not stated""}, {""value"": ""0.0"", ""label"": ""Cannot do this""}, {""value"": ""100.0"", ""label"": ""Does this very well""}]"
1573,m184,D1 ITEM 19 COMMENT,numeric,NOMINAL,-3.0 thru -7.0,"[{""value"": ""-7.0"", ""label"": ""Blank on input""}, {""value"": ""-3.0"", ""label"": ""Not stated""}, {""value"": ""0.0"", ""label"": ""No statement""}, {""value"": ""1.0"", ""label"": ""Does with help""}, {""value"": ""2.0"", ""label"": ""Needs telling""}, {""value"": ""3.0"", ""label"": ""Doesn't do this""}, {""value"": ""4.0"", ""label"": ""Not allowed to""}, {""value"": ""5.0"", ""label"": ""No opportunity""}, {""value"": ""6.0"", ""label"": ""Not applicable""}, {""value"": ""7.0"", ""label"": ""Never tried""}, {""value"": ""8.0"", ""label"": ""Can do but won't""}, {""value"": ""9.0"", ""label"": ""Occasionally""}]"
1574,m185,D1 ITEM 20 HAS A BATH,numeric,SCALE,-3.0 thru -7.0,"[{""value"": ""-7.0"", ""label"": ""Blank on input""}, {""value"": ""-3.0"", ""label"": ""Not stated""}, {""value"": ""0.0"", ""label"": ""Cannot do this""}, {""value"": ""100.0"", ""label"": ""Does this very well""}]"
1575,m186,D1 ITEM 20 COMMENT,numeric,NOMINAL,-3.0 thru -7.0,"[{""value"": ""-7.0"", ""label"": ""Blank on input""}, {""value"": ""-3.0"", ""label"": ""Not stated""}, {""value"": ""0.0"", ""label"": ""No statement""}, {""value"": ""1.0"", ""label"": ""Does with help""}, {""value"": ""2.0"", ""label"": ""Needs telling""}, {""value"": ""3.0"", ""label"": ""Doesn't do this""}, {""value"": ""4.0"", ""label"": ""Not allowed to""}, {""value"": ""5.0"", ""label"": ""No opportunity""}, {""value"": ""6.0"", ""label"": ""Not applicable""}, {""value"": ""7.0"", ""label"": ""Never tried""}, {""value"": ""8.0"", ""label"": ""Can do but won't""}, {""value"": ""9.0"", ""label"": ""Occasionally""}]"
1576,m187,D1 ITEM 21 COMBS AND BRUSHES OWN HAIR,numeric,SCALE,-3.0 thru -7.0,"[{""value"": ""-7.0"", ""label"": ""Blank on input""}, {""value"": ""-3.0"", ""label"": ""Not stated""}, {""value"": ""0.0"", ""label"": ""Cannot do this""}, {""value"": ""100.0"", ""label"": ""Does this very well""}]"
1577,m188,D1 ITEM 21 COMMENT,numeric,NOMINAL,-3.0 thru -7.0,"[{""value"": ""-7.0"", ""label"": ""Blank on input""}, {""value"": ""-3.0"", ""label"": ""Not stated""}, {""value"": ""0.0"", ""label"": ""No statement""}, {""value"": ""1.0"", ""label"": ""Does with help""}, {""value"": ""2.0"", ""label"": ""Needs telling""}, {""value"": ""3.0"", ""label"": ""Doesn't do this""}, {""value"": ""4.0"", ""label"": ""Not allowed to""}, {""value"": ""5.0"", ""label"": ""No opportunity""}, {""value"": ""6.0"", ""label"": ""Not applicable""}, {""value"": ""7.0"", ""label"": ""Never tried""}, {""value"": ""8.0"", ""label"": ""Can do but won't""}, {""value"": ""9.0"", ""label"": ""Occasionally""}]"
1578,m189,D1 ITEM 22 WASHES AND DRIES OWN HAIR,numeric,SCALE,-3.0 thru -7.0,"[{""value"": ""-7.0"", ""label"": ""Blank on input""}, {""value"": ""-3.0"", ""label"": ""Not stated""}, {""value"": ""0.0"", ""label"": ""Cannot do this""}, {""value"": ""100.0"", ""label"": ""Does this very well""}]"
1579,m190,D1 ITEM 22 COMMENT,numeric,NOMINAL,-3.0 thru -7.0,"[{""value"": ""-7.0"", ""label"": ""Blank on input""}, {""value"": ""-3.0"", ""label"": ""Not stated""}, {""value"": ""0.0"", ""label"": ""No statement""}, {""value"": ""1.0"", ""label"": ""Does with help""}, {""value"": ""2.0"", ""label"": ""Needs telling""}, {""value"": ""3.0"", ""label"": ""Doesn't do this""}, {""value"": ""4.0"", ""label"": ""Not allowed to""}, {""value"": ""5.0"", ""label"": ""No opportunity""}, {""value"": ""6.0"", ""label"": ""Not applicable""}, {""value"": ""7.0"", ""label"": ""Never tried""}, {""value"": ""8.0"", ""label"": ""Can do but won't""}, {""value"": ""9.0"", ""label"": ""Occasionally""}]"
1580,m191,D1 ITEM 23 CUTS OWN NAILS,numeric,SCALE,-3.0 thru -7.0,"[{""value"": ""-7.0"", ""label"": ""Blank on input""}, {""value"": ""-3.0"", ""label"": ""Not stated""}, {""value"": ""0.0"", ""label"": ""Cannot do this""}, {""value"": ""100.0"", ""label"": ""Does this very well""}]"
1581,m192,D1 ITEM 23 COMMENT,numeric,NOMINAL,-3.0 thru -7.0,"[{""value"": ""-7.0"", ""label"": ""Blank on input""}, {""value"": ""-3.0"", ""label"": ""Not stated""}, {""value"": ""0.0"", ""label"": ""No statement""}, {""value"": ""1.0"", ""label"": ""Does with help""}, {""value"": ""2.0"", ""label"": ""Needs telling""}, {""value"": ""3.0"", ""label"": ""Doesn't do this""}, {""value"": ""4.0"", ""label"": ""Not allowed to""}, {""value"": ""5.0"", ""label"": ""No opportunity""}, {""value"": ""6.0"", ""label"": ""Not applicable""}, {""value"": ""7.0"", ""label"": ""Never tried""}, {""value"": ""8.0"", ""label"": ""Can do but won't""}, {""value"": ""9.0"", ""label"": ""Occasionally""}]"
1582,m193,D1 ITEM 24 DRESSES HIMSELF/HERSELF,numeric,SCALE,-3.0 thru -7.0,"[{""value"": ""-7.0"", ""label"": ""Blank on input""}, {""value"": ""-3.0"", ""label"": ""Not stated""}, {""value"": ""0.0"", ""label"": ""Cannot do this""}, {""value"": ""100.0"", ""label"": ""Does this very well""}]"
1583,m194,D1 ITEM 24 COMMENT,numeric,NOMINAL,-3.0 thru -7.0,"[{""value"": ""-7.0"", ""label"": ""Blank on input""}, {""value"": ""-3.0"", ""label"": ""Not stated""}, {""value"": ""0.0"", ""label"": ""No statement""}, {""value"": ""1.0"", ""label"": ""Does with help""}, {""value"": ""2.0"", ""label"": ""Needs telling""}, {""value"": ""3.0"", ""label"": ""Doesn't do this""}, {""value"": ""4.0"", ""label"": ""Not allowed to""}, {""value"": ""5.0"", ""label"": ""No opportunity""}, {""value"": ""6.0"", ""label"": ""Not applicable""}, {""value"": ""7.0"", ""label"": ""Never tried""}, {""value"": ""8.0"", ""label"": ""Can do but won't""}, {""value"": ""9.0"", ""label"": ""Occasionally""}]"
1584,m195,D1 ITEM 25 OPERATES FASTENERS,numeric,SCALE,-3.0 thru -7.0,"[{""value"": ""-7.0"", ""label"": ""Blank on input""}, {""value"": ""-3.0"", ""label"": ""Not stated""}, {""value"": ""0.0"", ""label"": ""Cannot do this""}, {""value"": ""100.0"", ""label"": ""Does this very well""}]"
1585,m196,D1 ITEM 25 COMMENT,numeric,NOMINAL,-3.0 thru -7.0,"[{""value"": ""-7.0"", ""label"": ""Blank on input""}, {""value"": ""-3.0"", ""label"": ""Not stated""}, {""value"": ""0.0"", ""label"": ""No statement""}, {""value"": ""1.0"", ""label"": ""Does with help""}, {""value"": ""2.0"", ""label"": ""Needs telling""}, {""value"": ""3.0"", ""label"": ""Doesn't do this""}, {""value"": ""4.0"", ""label"": ""Not allowed to""}, {""value"": ""5.0"", ""label"": ""No opportunity""}, {""value"": ""6.0"", ""label"": ""Not applicable""}, {""value"": ""7.0"", ""label"": ""Never tried""}, {""value"": ""8.0"", ""label"": ""Can do but won't""}, {""value"": ""9.0"", ""label"": ""Occasionally""}]"
1586,m197,"D1 ITEM 26 TIES SHOELACES,NECKTIES",numeric,SCALE,-3.0 thru -7.0,"[{""value"": ""-7.0"", ""label"": ""Blank on input""}, {""value"": ""-3.0"", ""label"": ""Not stated""}, {""value"": ""0.0"", ""label"": ""Cannot do this""}, {""value"": ""100.0"", ""label"": ""Does this very well""}]"
1587,m198,D1 ITEM 26 COMMENT,numeric,NOMINAL,-3.0 thru -7.0,"[{""value"": ""-7.0"", ""label"": ""Blank on input""}, {""value"": ""-3.0"", ""label"": ""Not stated""}, {""value"": ""0.0"", ""label"": ""No statement""}, {""value"": ""1.0"", ""label"": ""Does with help""}, {""value"": ""2.0"", ""label"": ""Needs telling""}, {""value"": ""3.0"", ""label"": ""Doesn't do this""}, {""value"": ""4.0"", ""label"": ""Not allowed to""}, {""value"": ""5.0"", ""label"": ""No opportunity""}, {""value"": ""6.0"", ""label"": ""Not applicable""}, {""value"": ""7.0"", ""label"": ""Never tried""}, {""value"": ""8.0"", ""label"": ""Can do but won't""}, {""value"": ""9.0"", ""label"": ""Occasionally""}]"
1588,m199,D1 ITEM 27 SELECTS CLOTHES FOR DAILY LIFE,numeric,SCALE,-3.0 thru -7.0,"[{""value"": ""-7.0"", ""label"": ""Blank on input""}, {""value"": ""-3.0"", ""label"": ""Not stated""}, {""value"": ""0.0"", ""label"": ""Cannot do this""}, {""value"": ""100.0"", ""label"": ""Does this very well""}]"
1589,m200,D1 ITEM 27 COMMENT,numeric,NOMINAL,-3.0 thru -7.0,"[{""value"": ""-7.0"", ""label"": ""Blank on input""}, {""value"": ""-3.0"", ""label"": ""Not stated""}, {""value"": ""0.0"", ""label"": ""No statement""}, {""value"": ""1.0"", ""label"": ""Does with help""}, {""value"": ""2.0"", ""label"": ""Needs telling""}, {""value"": ""3.0"", ""label"": ""Doesn't do this""}, {""value"": ""4.0"", ""label"": ""Not allowed to""}, {""value"": ""5.0"", ""label"": ""No opportunity""}, {""value"": ""6.0"", ""label"": ""Not applicable""}, {""value"": ""7.0"", ""label"": ""Never tried""}, {""value"": ""8.0"", ""label"": ""Can do but won't""}, {""value"": ""9.0"", ""label"": ""Occasionally""}]"
1590,m201,D1 ITEM 28 FOLDS AND PUTS AWAY CLOTHES,numeric,SCALE,-3.0 thru -7.0,"[{""value"": ""-7.0"", ""label"": ""Blank on input""}, {""value"": ""-3.0"", ""label"": ""Not stated""}, {""value"": ""0.0"", ""label"": ""Cannot do this""}, {""value"": ""100.0"", ""label"": ""Does this very well""}]"
1591,m202,D1 ITEM 28 COMMENT,numeric,NOMINAL,-3.0 thru -7.0,"[{""value"": ""-7.0"", ""label"": ""Blank on input""}, {""value"": ""-3.0"", ""label"": ""Not stated""}, {""value"": ""0.0"", ""label"": ""No statement""}, {""value"": ""1.0"", ""label"": ""Does with help""}, {""value"": ""2.0"", ""label"": ""Needs telling""}, {""value"": ""3.0"", ""label"": ""Doesn't do this""}, {""value"": ""4.0"", ""label"": ""Not allowed to""}, {""value"": ""5.0"", ""label"": ""No opportunity""}, {""value"": ""6.0"", ""label"": ""Not applicable""}, {""value"": ""7.0"", ""label"": ""Never tried""}, {""value"": ""8.0"", ""label"": ""Can do but won't""}, {""value"": ""9.0"", ""label"": ""Occasionally""}]"
1592,m203,D1 ITEM 29 CLEANS SHOES,numeric,SCALE,-3.0 thru -7.0,"[{""value"": ""-7.0"", ""label"": ""Blank on input""}, {""value"": ""-3.0"", ""label"": ""Not stated""}, {""value"": ""0.0"", ""label"": ""Cannot do this""}, {""value"": ""100.0"", ""label"": ""Does this very well""}]"
1593,m204,D1 ITEM 29 COMMENT,numeric,NOMINAL,-3.0 thru -7.0,"[{""value"": ""-7.0"", ""label"": ""Blank on input""}, {""value"": ""-3.0"", ""label"": ""Not stated""}, {""value"": ""0.0"", ""label"": ""No statement""}, {""value"": ""1.0"", ""label"": ""Does with help""}, {""value"": ""2.0"", ""label"": ""Needs telling""}, {""value"": ""3.0"", ""label"": ""Doesn't do this""}, {""value"": ""4.0"", ""label"": ""Not allowed to""}, {""value"": ""5.0"", ""label"": ""No opportunity""}, {""value"": ""6.0"", ""label"": ""Not applicable""}, {""value"": ""7.0"", ""label"": ""Never tried""}, {""value"": ""8.0"", ""label"": ""Can do but won't""}, {""value"": ""9.0"", ""label"": ""Occasionally""}]"
1594,m205,D1 ITEM 30 MAKES OWN BED,numeric,SCALE,-3.0 thru -7.0,"[{""value"": ""-7.0"", ""label"": ""Blank on input""}, {""value"": ""-3.0"", ""label"": ""Not stated""}, {""value"": ""0.0"", ""label"": ""Cannot do this""}, {""value"": ""100.0"", ""label"": ""Does this very well""}]"
1595,m206,D1 ITEM 30 COMMENT,numeric,NOMINAL,-3.0 thru -7.0,"[{""value"": ""-7.0"", ""label"": ""Blank on input""}, {""value"": ""-3.0"", ""label"": ""Not stated""}, {""value"": ""0.0"", ""label"": ""No statement""}, {""value"": ""1.0"", ""label"": ""Does with help""}, {""value"": ""2.0"", ""label"": ""Needs telling""}, {""value"": ""3.0"", ""label"": ""Doesn't do this""}, {""value"": ""4.0"", ""label"": ""Not allowed to""}, {""value"": ""5.0"", ""label"": ""No opportunity""}, {""value"": ""6.0"", ""label"": ""Not applicable""}, {""value"": ""7.0"", ""label"": ""Never tried""}, {""value"": ""8.0"", ""label"": ""Can do but won't""}, {""value"": ""9.0"", ""label"": ""Occasionally""}]"
1596,m207,D1 ITEM 31 CARRIES OUT INSTRUCTIONS,numeric,SCALE,-3.0 thru -7.0,"[{""value"": ""-7.0"", ""label"": ""Blank on input""}, {""value"": ""-3.0"", ""label"": ""Not stated""}, {""value"": ""0.0"", ""label"": ""Cannot do this""}, {""value"": ""100.0"", ""label"": ""Does this very well""}]"
1597,m208,D1 ITEM 31 COMMENT,numeric,NOMINAL,-3.0 thru -7.0,"[{""value"": ""-7.0"", ""label"": ""Blank on input""}, {""value"": ""-3.0"", ""label"": ""Not stated""}, {""value"": ""0.0"", ""label"": ""No statement""}, {""value"": ""1.0"", ""label"": ""Does with help""}, {""value"": ""2.0"", ""label"": ""Needs telling""}, {""value"": ""3.0"", ""label"": ""Doesn't do this""}, {""value"": ""4.0"", ""label"": ""Not allowed to""}, {""value"": ""5.0"", ""label"": ""No opportunity""}, {""value"": ""6.0"", ""label"": ""Not applicable""}, {""value"": ""7.0"", ""label"": ""Never tried""}, {""value"": ""8.0"", ""label"": ""Can do but won't""}, {""value"": ""9.0"", ""label"": ""Occasionally""}]"
1598,m209,D1 ITEM 32 USES MONEY FOR SMALL PURCHASES,numeric,SCALE,-3.0 thru -7.0,"[{""value"": ""-7.0"", ""label"": ""Blank on input""}, {""value"": ""-3.0"", ""label"": ""Not stated""}, {""value"": ""0.0"", ""label"": ""Cannot do this""}, {""value"": ""100.0"", ""label"": ""Does this very well""}]"
1599,m210,D1 ITEM 32 COMMENT,numeric,NOMINAL,-3.0 thru -7.0,"[{""value"": ""-7.0"", ""label"": ""Blank on input""}, {""value"": ""-3.0"", ""label"": ""Not stated""}, {""value"": ""0.0"", ""label"": ""No statement""}, {""value"": ""1.0"", ""label"": ""Does with help""}, {""value"": ""2.0"", ""label"": ""Needs telling""}, {""value"": ""3.0"", ""label"": ""Doesn't do this""}, {""value"": ""4.0"", ""label"": ""Not allowed to""}, {""value"": ""5.0"", ""label"": ""No opportunity""}, {""value"": ""6.0"", ""label"": ""Not applicable""}, {""value"": ""7.0"", ""label"": ""Never tried""}, {""value"": ""8.0"", ""label"": ""Can do but won't""}, {""value"": ""9.0"", ""label"": ""Occasionally""}]"
1600,m211,D1 ITEM 33 SAVES MONEY FOR SPECIAL THINGS,numeric,SCALE,-3.0 thru -7.0,"[{""value"": ""-7.0"", ""label"": ""Blank on input""}, {""value"": ""-3.0"", ""label"": ""Not stated""}, {""value"": ""0.0"", ""label"": ""Cannot do this""}, {""value"": ""100.0"", ""label"": ""Does this very well""}]"
1601,m212,D1 ITEM 33 COMMENT,numeric,NOMINAL,-3.0 thru -7.0,"[{""value"": ""-7.0"", ""label"": ""Blank on input""}, {""value"": ""-3.0"", ""label"": ""Not stated""}, {""value"": ""0.0"", ""label"": ""No statement""}, {""value"": ""1.0"", ""label"": ""Does with help""}, {""value"": ""2.0"", ""label"": ""Needs telling""}, {""value"": ""3.0"", ""label"": ""Doesn't do this""}, {""value"": ""4.0"", ""label"": ""Not allowed to""}, {""value"": ""5.0"", ""label"": ""No opportunity""}, {""value"": ""6.0"", ""label"": ""Not applicable""}, {""value"": ""7.0"", ""label"": ""Never tried""}, {""value"": ""8.0"", ""label"": ""Can do but won't""}, {""value"": ""9.0"", ""label"": ""Occasionally""}]"
1602,m213,D1 ITEM 34 DOES SMALL JOBS FOR A REWARD,numeric,SCALE,-3.0 thru -7.0,"[{""value"": ""-7.0"", ""label"": ""Blank on input""}, {""value"": ""-3.0"", ""label"": ""Not stated""}, {""value"": ""0.0"", ""label"": ""Cannot do this""}, {""value"": ""100.0"", ""label"": ""Does this very well""}]"
1603,m214,D1 ITEM 34 COMMENT,numeric,NOMINAL,-3.0 thru -7.0,"[{""value"": ""-7.0"", ""label"": ""Blank on input""}, {""value"": ""-3.0"", ""label"": ""Not stated""}, {""value"": ""0.0"", ""label"": ""No statement""}, {""value"": ""1.0"", ""label"": ""Does with help""}, {""value"": ""2.0"", ""label"": ""Needs telling""}, {""value"": ""3.0"", ""label"": ""Doesn't do this""}, {""value"": ""4.0"", ""label"": ""Not allowed to""}, {""value"": ""5.0"", ""label"": ""No opportunity""}, {""value"": ""6.0"", ""label"": ""Not applicable""}, {""value"": ""7.0"", ""label"": ""Never tried""}, {""value"": ""8.0"", ""label"": ""Can do but won't""}, {""value"": ""9.0"", ""label"": ""Occasionally""}]"
1604,m215,D1 ITEM 35 TELLS THE TIME,numeric,SCALE,-3.0 thru -7.0,"[{""value"": ""-7.0"", ""label"": ""Blank on input""}, {""value"": ""-3.0"", ""label"": ""Not stated""}, {""value"": ""0.0"", ""label"": ""Cannot do this""}, {""value"": ""100.0"", ""label"": ""Does this very well""}]"
1605,m216,D1 ITEM 35 COMMENT,numeric,NOMINAL,-3.0 thru -7.0,"[{""value"": ""-7.0"", ""label"": ""Blank on input""}, {""value"": ""-3.0"", ""label"": ""Not stated""}, {""value"": ""0.0"", ""label"": ""No statement""}, {""value"": ""1.0"", ""label"": ""Does with help""}, {""value"": ""2.0"", ""label"": ""Needs telling""}, {""value"": ""3.0"", ""label"": ""Doesn't do this""}, {""value"": ""4.0"", ""label"": ""Not allowed to""}, {""value"": ""5.0"", ""label"": ""No opportunity""}, {""value"": ""6.0"", ""label"": ""Not applicable""}, {""value"": ""7.0"", ""label"": ""Never tried""}, {""value"": ""8.0"", ""label"": ""Can do but won't""}, {""value"": ""9.0"", ""label"": ""Occasionally""}]"
1606,m217,D1 ITEM 36 USES TIME TO REGULATE DAILY LIFE,numeric,SCALE,-3.0 thru -7.0,"[{""value"": ""-7.0"", ""label"": ""Blank on input""}, {""value"": ""-3.0"", ""label"": ""Not stated""}, {""value"": ""0.0"", ""label"": ""Cannot do this""}, {""value"": ""100.0"", ""label"": ""Does this very well""}]"
1607,m218,D1 ITEM 36 COMMENT,numeric,NOMINAL,-3.0 thru -7.0,"[{""value"": ""-7.0"", ""label"": ""Blank on input""}, {""value"": ""-3.0"", ""label"": ""Not stated""}, {""value"": ""0.0"", ""label"": ""No statement""}, {""value"": ""1.0"", ""label"": ""Does with help""}, {""value"": ""2.0"", ""label"": ""Needs telling""}, {""value"": ""3.0"", ""label"": ""Doesn't do this""}, {""value"": ""4.0"", ""label"": ""Not allowed to""}, {""value"": ""5.0"", ""label"": ""No opportunity""}, {""value"": ""6.0"", ""label"": ""Not applicable""}, {""value"": ""7.0"", ""label"": ""Never tried""}, {""value"": ""8.0"", ""label"": ""Can do but won't""}, {""value"": ""9.0"", ""label"": ""Occasionally""}]"
1608,m219,D1 ITEM 37 KNOWS WHAT THE DATE IS IN HOLS,numeric,SCALE,-3.0 thru -7.0,"[{""value"": ""-7.0"", ""label"": ""Blank on input""}, {""value"": ""-3.0"", ""label"": ""Not stated""}, {""value"": ""0.0"", ""label"": ""Cannot do this""}, {""value"": ""100.0"", ""label"": ""Does this very well""}]"
1609,m220,D1 ITEM 37 COMMENT,numeric,NOMINAL,-3.0 thru -7.0,"[{""value"": ""-7.0"", ""label"": ""Blank on input""}, {""value"": ""-3.0"", ""label"": ""Not stated""}, {""value"": ""0.0"", ""label"": ""No statement""}, {""value"": ""1.0"", ""label"": ""Does with help""}, {""value"": ""2.0"", ""label"": ""Needs telling""}, {""value"": ""3.0"", ""label"": ""Doesn't do this""}, {""value"": ""4.0"", ""label"": ""Not allowed to""}, {""value"": ""5.0"", ""label"": ""No opportunity""}, {""value"": ""6.0"", ""label"": ""Not applicable""}, {""value"": ""7.0"", ""label"": ""Never tried""}, {""value"": ""8.0"", ""label"": ""Can do but won't""}, {""value"": ""9.0"", ""label"": ""Occasionally""}]"
1610,m221,D1 ITEM 38 SPEAKS AND EXPRESSES SELF,numeric,SCALE,-3.0 thru -7.0,"[{""value"": ""-7.0"", ""label"": ""Blank on input""}, {""value"": ""-3.0"", ""label"": ""Not stated""}, {""value"": ""0.0"", ""label"": ""Cannot do this""}, {""value"": ""100.0"", ""label"": ""Does this very well""}]"
1611,m222,D1 ITEM 38 COMMENT,numeric,NOMINAL,-3.0 thru -7.0,"[{""value"": ""-7.0"", ""label"": ""Blank on input""}, {""value"": ""-3.0"", ""label"": ""Not stated""}, {""value"": ""0.0"", ""label"": ""No statement""}, {""value"": ""1.0"", ""label"": ""Does with help""}, {""value"": ""2.0"", ""label"": ""Needs telling""}, {""value"": ""3.0"", ""label"": ""Doesn't do this""}, {""value"": ""4.0"", ""label"": ""Not allowed to""}, {""value"": ""5.0"", ""label"": ""No opportunity""}, {""value"": ""6.0"", ""label"": ""Not applicable""}, {""value"": ""7.0"", ""label"": ""Never tried""}, {""value"": ""8.0"", ""label"": ""Can do but won't""}, {""value"": ""9.0"", ""label"": ""Occasionally""}]"
1612,m223,D1 ITEM 39 MAINTAINS CONVERSN WITH FRIEND,numeric,SCALE,-3.0 thru -7.0,"[{""value"": ""-7.0"", ""label"": ""Blank on input""}, {""value"": ""-3.0"", ""label"": ""Not stated""}, {""value"": ""0.0"", ""label"": ""Cannot do this""}, {""value"": ""100.0"", ""label"": ""Does this very well""}]"
1613,m224,D1 ITEM 39 COMMENT,numeric,NOMINAL,-3.0 thru -7.0,"[{""value"": ""-7.0"", ""label"": ""Blank on input""}, {""value"": ""-3.0"", ""label"": ""Not stated""}, {""value"": ""0.0"", ""label"": ""No statement""}, {""value"": ""1.0"", ""label"": ""Does with help""}, {""value"": ""2.0"", ""label"": ""Needs telling""}, {""value"": ""3.0"", ""label"": ""Doesn't do this""}, {""value"": ""4.0"", ""label"": ""Not allowed to""}, {""value"": ""5.0"", ""label"": ""No opportunity""}, {""value"": ""6.0"", ""label"": ""Not applicable""}, {""value"": ""7.0"", ""label"": ""Never tried""}, {""value"": ""8.0"", ""label"": ""Can do but won't""}, {""value"": ""9.0"", ""label"": ""Occasionally""}]"
1614,m225,D1 ITEM 40 MAINTAINS CONVERSN WITH ADULTS,numeric,SCALE,-3.0 thru -7.0,"[{""value"": ""-7.0"", ""label"": ""Blank on input""}, {""value"": ""-3.0"", ""label"": ""Not stated""}, {""value"": ""0.0"", ""label"": ""Cannot do this""}, {""value"": ""100.0"", ""label"": ""Does this very well""}]"
1615,m226,D1 ITEM 40 COMMENT,numeric,NOMINAL,-3.0 thru -7.0,"[{""value"": ""-7.0"", ""label"": ""Blank on input""}, {""value"": ""-3.0"", ""label"": ""Not stated""}, {""value"": ""0.0"", ""label"": ""No statement""}, {""value"": ""1.0"", ""label"": ""Does with help""}, {""value"": ""2.0"", ""label"": ""Needs telling""}, {""value"": ""3.0"", ""label"": ""Doesn't do this""}, {""value"": ""4.0"", ""label"": ""Not allowed to""}, {""value"": ""5.0"", ""label"": ""No opportunity""}, {""value"": ""6.0"", ""label"": ""Not applicable""}, {""value"": ""7.0"", ""label"": ""Never tried""}, {""value"": ""8.0"", ""label"": ""Can do but won't""}, {""value"": ""9.0"", ""label"": ""Occasionally""}]"
1616,m227,D1 ITEM 41 ANSWERS THE TELEPHONE,numeric,SCALE,-3.0 thru -7.0,"[{""value"": ""-7.0"", ""label"": ""Blank on input""}, {""value"": ""-3.0"", ""label"": ""Not stated""}, {""value"": ""0.0"", ""label"": ""Cannot do this""}, {""value"": ""100.0"", ""label"": ""Does this very well""}]"
1617,m228,D1 ITEM 41 COMMENT,numeric,NOMINAL,-3.0 thru -7.0,"[{""value"": ""-7.0"", ""label"": ""Blank on input""}, {""value"": ""-3.0"", ""label"": ""Not stated""}, {""value"": ""0.0"", ""label"": ""No statement""}, {""value"": ""1.0"", ""label"": ""Does with help""}, {""value"": ""2.0"", ""label"": ""Needs telling""}, {""value"": ""3.0"", ""label"": ""Doesn't do this""}, {""value"": ""4.0"", ""label"": ""Not allowed to""}, {""value"": ""5.0"", ""label"": ""No opportunity""}, {""value"": ""6.0"", ""label"": ""Not applicable""}, {""value"": ""7.0"", ""label"": ""Never tried""}, {""value"": ""8.0"", ""label"": ""Can do but won't""}, {""value"": ""9.0"", ""label"": ""Occasionally""}]"
1618,m229,D1 ITEM 42 MAKES TELEPHONE CALLS,numeric,SCALE,-3.0 thru -7.0,"[{""value"": ""-7.0"", ""label"": ""Blank on input""}, {""value"": ""-3.0"", ""label"": ""Not stated""}, {""value"": ""0.0"", ""label"": ""Cannot do this""}, {""value"": ""100.0"", ""label"": ""Does this very well""}]"
1619,m230,D1 ITEM 42 COMMENT,numeric,NOMINAL,-3.0 thru -7.0,"[{""value"": ""-7.0"", ""label"": ""Blank on input""}, {""value"": ""-3.0"", ""label"": ""Not stated""}, {""value"": ""0.0"", ""label"": ""No statement""}, {""value"": ""1.0"", ""label"": ""Does with help""}, {""value"": ""2.0"", ""label"": ""Needs telling""}, {""value"": ""3.0"", ""label"": ""Doesn't do this""}, {""value"": ""4.0"", ""label"": ""Not allowed to""}, {""value"": ""5.0"", ""label"": ""No opportunity""}, {""value"": ""6.0"", ""label"": ""Not applicable""}, {""value"": ""7.0"", ""label"": ""Never tried""}, {""value"": ""8.0"", ""label"": ""Can do but won't""}, {""value"": ""9.0"", ""label"": ""Occasionally""}]"
1620,m231,D1 ITEM 43 WRITES OWN NAME,numeric,SCALE,-3.0 thru -7.0,"[{""value"": ""-7.0"", ""label"": ""Blank on input""}, {""value"": ""-3.0"", ""label"": ""Not stated""}, {""value"": ""0.0"", ""label"": ""Cannot do this""}, {""value"": ""100.0"", ""label"": ""Does this very well""}]"
1621,m232,D1 ITEM 43 COMMENT,numeric,NOMINAL,-3.0 thru -7.0,"[{""value"": ""-7.0"", ""label"": ""Blank on input""}, {""value"": ""-3.0"", ""label"": ""Not stated""}, {""value"": ""0.0"", ""label"": ""No statement""}, {""value"": ""1.0"", ""label"": ""Does with help""}, {""value"": ""2.0"", ""label"": ""Needs telling""}, {""value"": ""3.0"", ""label"": ""Doesn't do this""}, {""value"": ""4.0"", ""label"": ""Not allowed to""}, {""value"": ""5.0"", ""label"": ""No opportunity""}, {""value"": ""6.0"", ""label"": ""Not applicable""}, {""value"": ""7.0"", ""label"": ""Never tried""}, {""value"": ""8.0"", ""label"": ""Can do but won't""}, {""value"": ""9.0"", ""label"": ""Occasionally""}]"
1622,m233,"D1 ITEM 44 WRITES MESSAGES, SHORT LETTERS",numeric,SCALE,-3.0 thru -7.0,"[{""value"": ""-7.0"", ""label"": ""Blank on input""}, {""value"": ""-3.0"", ""label"": ""Not stated""}, {""value"": ""0.0"", ""label"": ""Cannot do this""}, {""value"": ""100.0"", ""label"": ""Does this very well""}]"
1623,m234,D1 ITEM 44 COMMENT,numeric,NOMINAL,-3.0 thru -7.0,"[{""value"": ""-7.0"", ""label"": ""Blank on input""}, {""value"": ""-3.0"", ""label"": ""Not stated""}, {""value"": ""0.0"", ""label"": ""No statement""}, {""value"": ""1.0"", ""label"": ""Does with help""}, {""value"": ""2.0"", ""label"": ""Needs telling""}, {""value"": ""3.0"", ""label"": ""Doesn't do this""}, {""value"": ""4.0"", ""label"": ""Not allowed to""}, {""value"": ""5.0"", ""label"": ""No opportunity""}, {""value"": ""6.0"", ""label"": ""Not applicable""}, {""value"": ""7.0"", ""label"": ""Never tried""}, {""value"": ""8.0"", ""label"": ""Can do but won't""}, {""value"": ""9.0"", ""label"": ""Occasionally""}]"
1624,m235,D1 ITEM 45 READS COMICS OR MAGAZINES,numeric,SCALE,-3.0 thru -7.0,"[{""value"": ""-7.0"", ""label"": ""Blank on input""}, {""value"": ""-3.0"", ""label"": ""Not stated""}, {""value"": ""0.0"", ""label"": ""Cannot do this""}, {""value"": ""100.0"", ""label"": ""Does this very well""}]"
1625,m236,D1 ITEM 45 COMMENT,numeric,NOMINAL,-3.0 thru -7.0,"[{""value"": ""-7.0"", ""label"": ""Blank on input""}, {""value"": ""-3.0"", ""label"": ""Not stated""}, {""value"": ""0.0"", ""label"": ""No statement""}, {""value"": ""1.0"", ""label"": ""Does with help""}, {""value"": ""2.0"", ""label"": ""Needs telling""}, {""value"": ""3.0"", ""label"": ""Doesn't do this""}, {""value"": ""4.0"", ""label"": ""Not allowed to""}, {""value"": ""5.0"", ""label"": ""No opportunity""}, {""value"": ""6.0"", ""label"": ""Not applicable""}, {""value"": ""7.0"", ""label"": ""Never tried""}, {""value"": ""8.0"", ""label"": ""Can do but won't""}, {""value"": ""9.0"", ""label"": ""Occasionally""}]"
1626,m237,D1 ITEM 46 REMEMBERS WHAT HE/SHE HAS READ,numeric,SCALE,-3.0 thru -7.0,"[{""value"": ""-7.0"", ""label"": ""Blank on input""}, {""value"": ""-3.0"", ""label"": ""Not stated""}, {""value"": ""0.0"", ""label"": ""Cannot do this""}, {""value"": ""100.0"", ""label"": ""Does this very well""}]"
1627,m238,D1 ITEM 46 COMMENT,numeric,NOMINAL,-3.0 thru -7.0,"[{""value"": ""-7.0"", ""label"": ""Blank on input""}, {""value"": ""-3.0"", ""label"": ""Not stated""}, {""value"": ""0.0"", ""label"": ""No statement""}, {""value"": ""1.0"", ""label"": ""Does with help""}, {""value"": ""2.0"", ""label"": ""Needs telling""}, {""value"": ""3.0"", ""label"": ""Doesn't do this""}, {""value"": ""4.0"", ""label"": ""Not allowed to""}, {""value"": ""5.0"", ""label"": ""No opportunity""}, {""value"": ""6.0"", ""label"": ""Not applicable""}, {""value"": ""7.0"", ""label"": ""Never tried""}, {""value"": ""8.0"", ""label"": ""Can do but won't""}, {""value"": ""9.0"", ""label"": ""Occasionally""}]"
1628,m239,D1 ITEM 47 MAKES USE OF PUBLIC LIBRARY,numeric,SCALE,-3.0 thru -7.0,"[{""value"": ""-7.0"", ""label"": ""Blank on input""}, {""value"": ""-3.0"", ""label"": ""Not stated""}, {""value"": ""0.0"", ""label"": ""Cannot do this""}, {""value"": ""100.0"", ""label"": ""Does this very well""}]"
1629,m240,D1 ITEM 47 COMMENT,numeric,NOMINAL,-3.0 thru -7.0,"[{""value"": ""-7.0"", ""label"": ""Blank on input""}, {""value"": ""-3.0"", ""label"": ""Not stated""}, {""value"": ""0.0"", ""label"": ""No statement""}, {""value"": ""1.0"", ""label"": ""Does with help""}, {""value"": ""2.0"", ""label"": ""Needs telling""}, {""value"": ""3.0"", ""label"": ""Doesn't do this""}, {""value"": ""4.0"", ""label"": ""Not allowed to""}, {""value"": ""5.0"", ""label"": ""No opportunity""}, {""value"": ""6.0"", ""label"": ""Not applicable""}, {""value"": ""7.0"", ""label"": ""Never tried""}, {""value"": ""8.0"", ""label"": ""Can do but won't""}, {""value"": ""9.0"", ""label"": ""Occasionally""}]"
1630,m241,"D1 ITEM 48 SITS STILL,CONCENTRATES",numeric,SCALE,-3.0 thru -7.0,"[{""value"": ""-7.0"", ""label"": ""Blank on input""}, {""value"": ""-3.0"", ""label"": ""Not stated""}, {""value"": ""0.0"", ""label"": ""Cannot do this""}, {""value"": ""100.0"", ""label"": ""Does this very well""}]"
1631,m242,D1 ITEM 48 COMMENT,numeric,NOMINAL,-3.0 thru -7.0,"[{""value"": ""-7.0"", ""label"": ""Blank on input""}, {""value"": ""-3.0"", ""label"": ""Not stated""}, {""value"": ""0.0"", ""label"": ""No statement""}, {""value"": ""1.0"", ""label"": ""Does with help""}, {""value"": ""2.0"", ""label"": ""Needs telling""}, {""value"": ""3.0"", ""label"": ""Doesn't do this""}, {""value"": ""4.0"", ""label"": ""Not allowed to""}, {""value"": ""5.0"", ""label"": ""No opportunity""}, {""value"": ""6.0"", ""label"": ""Not applicable""}, {""value"": ""7.0"", ""label"": ""Never tried""}, {""value"": ""8.0"", ""label"": ""Can do but won't""}, {""value"": ""9.0"", ""label"": ""Occasionally""}]"
1632,m243,D1 ITEM 49 DRAWS OR PAINTS AT HOME,numeric,SCALE,-3.0 thru -7.0,"[{""value"": ""-7.0"", ""label"": ""Blank on input""}, {""value"": ""-3.0"", ""label"": ""Not stated""}, {""value"": ""0.0"", ""label"": ""Cannot do this""}, {""value"": ""100.0"", ""label"": ""Does this very well""}]"
1633,m244,D1 ITEM 49 COMMENT,numeric,NOMINAL,-3.0 thru -7.0,"[{""value"": ""-7.0"", ""label"": ""Blank on input""}, {""value"": ""-3.0"", ""label"": ""Not stated""}, {""value"": ""0.0"", ""label"": ""No statement""}, {""value"": ""1.0"", ""label"": ""Does with help""}, {""value"": ""2.0"", ""label"": ""Needs telling""}, {""value"": ""3.0"", ""label"": ""Doesn't do this""}, {""value"": ""4.0"", ""label"": ""Not allowed to""}, {""value"": ""5.0"", ""label"": ""No opportunity""}, {""value"": ""6.0"", ""label"": ""Not applicable""}, {""value"": ""7.0"", ""label"": ""Never tried""}, {""value"": ""8.0"", ""label"": ""Can do but won't""}, {""value"": ""9.0"", ""label"": ""Occasionally""}]"
1634,m245,D1 ITEM 50 MAKES MODELS,numeric,SCALE,-3.0 thru -7.0,"[{""value"": ""-7.0"", ""label"": ""Blank on input""}, {""value"": ""-3.0"", ""label"": ""Not stated""}, {""value"": ""0.0"", ""label"": ""Cannot do this""}, {""value"": ""100.0"", ""label"": ""Does this very well""}]"
1635,m246,D1 ITEM 50 COMMENT,numeric,NOMINAL,-3.0 thru -7.0,"[{""value"": ""-7.0"", ""label"": ""Blank on input""}, {""value"": ""-3.0"", ""label"": ""Not stated""}, {""value"": ""0.0"", ""label"": ""No statement""}, {""value"": ""1.0"", ""label"": ""Does with help""}, {""value"": ""2.0"", ""label"": ""Needs telling""}, {""value"": ""3.0"", ""label"": ""Doesn't do this""}, {""value"": ""4.0"", ""label"": ""Not allowed to""}, {""value"": ""5.0"", ""label"": ""No opportunity""}, {""value"": ""6.0"", ""label"": ""Not applicable""}, {""value"": ""7.0"", ""label"": ""Never tried""}, {""value"": ""8.0"", ""label"": ""Can do but won't""}, {""value"": ""9.0"", ""label"": ""Occasionally""}]"
1636,m247,D1 ITEM 51 USES TOOLS,numeric,SCALE,-3.0 thru -7.0,"[{""value"": ""-7.0"", ""label"": ""Blank on input""}, {""value"": ""-3.0"", ""label"": ""Not stated""}, {""value"": ""0.0"", ""label"": ""Cannot do this""}, {""value"": ""100.0"", ""label"": ""Does this very well""}]"
1637,m248,D1 ITEM 51 COMMENT,numeric,NOMINAL,-3.0 thru -7.0,"[{""value"": ""-7.0"", ""label"": ""Blank on input""}, {""value"": ""-3.0"", ""label"": ""Not stated""}, {""value"": ""0.0"", ""label"": ""No statement""}, {""value"": ""1.0"", ""label"": ""Does with help""}, {""value"": ""2.0"", ""label"": ""Needs telling""}, {""value"": ""3.0"", ""label"": ""Doesn't do this""}, {""value"": ""4.0"", ""label"": ""Not allowed to""}, {""value"": ""5.0"", ""label"": ""No opportunity""}, {""value"": ""6.0"", ""label"": ""Not applicable""}, {""value"": ""7.0"", ""label"": ""Never tried""}, {""value"": ""8.0"", ""label"": ""Can do but won't""}, {""value"": ""9.0"", ""label"": ""Occasionally""}]"
1638,m249,D1 ITEM 52 PLAYS A MUSICAL INSTRUMENT,numeric,SCALE,-3.0 thru -7.0,"[{""value"": ""-7.0"", ""label"": ""Blank on input""}, {""value"": ""-3.0"", ""label"": ""Not stated""}, {""value"": ""0.0"", ""label"": ""Cannot do this""}, {""value"": ""100.0"", ""label"": ""Does this very well""}]"
1639,m250,D1 ITEM 52 COMMENT,numeric,NOMINAL,-3.0 thru -7.0,"[{""value"": ""-7.0"", ""label"": ""Blank on input""}, {""value"": ""-3.0"", ""label"": ""Not stated""}, {""value"": ""0.0"", ""label"": ""No statement""}, {""value"": ""1.0"", ""label"": ""Does with help""}, {""value"": ""2.0"", ""label"": ""Needs telling""}, {""value"": ""3.0"", ""label"": ""Doesn't do this""}, {""value"": ""4.0"", ""label"": ""Not allowed to""}, {""value"": ""5.0"", ""label"": ""No opportunity""}, {""value"": ""6.0"", ""label"": ""Not applicable""}, {""value"": ""7.0"", ""label"": ""Never tried""}, {""value"": ""8.0"", ""label"": ""Can do but won't""}, {""value"": ""9.0"", ""label"": ""Occasionally""}]"
1640,m251,D1 ITEM 53 READS MUSIC,numeric,SCALE,-3.0 thru -7.0,"[{""value"": ""-7.0"", ""label"": ""Blank on input""}, {""value"": ""-3.0"", ""label"": ""Not stated""}, {""value"": ""0.0"", ""label"": ""Cannot do this""}, {""value"": ""100.0"", ""label"": ""Does this very well""}]"
1641,m252,D1 ITEM 53 COMMENT,numeric,NOMINAL,-3.0 thru -7.0,"[{""value"": ""-7.0"", ""label"": ""Blank on input""}, {""value"": ""-3.0"", ""label"": ""Not stated""}, {""value"": ""0.0"", ""label"": ""No statement""}, {""value"": ""1.0"", ""label"": ""Does with help""}, {""value"": ""2.0"", ""label"": ""Needs telling""}, {""value"": ""3.0"", ""label"": ""Doesn't do this""}, {""value"": ""4.0"", ""label"": ""Not allowed to""}, {""value"": ""5.0"", ""label"": ""No opportunity""}, {""value"": ""6.0"", ""label"": ""Not applicable""}, {""value"": ""7.0"", ""label"": ""Never tried""}, {""value"": ""8.0"", ""label"": ""Can do but won't""}, {""value"": ""9.0"", ""label"": ""Occasionally""}]"
1642,m253,D1 SKILLS PATTERN CODE,numeric,NOMINAL,-7.0 thru -3.0,"[{""value"": ""-7.0"", ""label"": ""Blank on input""}, {""value"": ""-3.0"", ""label"": ""Not stated""}, {""value"": ""1.0"", ""label"": ""Extreme responder""}, {""value"": ""2.0"", ""label"": ""Drifter""}, {""value"": ""3.0"", ""label"": ""3 Position responder""}, {""value"": ""4.0"", ""label"": ""No particular pattern""}]"
1643,m254,E1 MOTHER'S HEALTH: ITEM 1 BACK-ACHE?,numeric,SCALE,-3.0 thru -7.0,"[{""value"": ""-7.0"", ""label"": ""Blank on input""}, {""value"": ""-3.0"", ""label"": ""Not stated""}, {""value"": ""0.0"", ""label"": ""Seldom or never""}, {""value"": ""100.0"", ""label"": ""Most of the time""}]"
1644,m255,E1 ITEM 2 FEEL TIRED,numeric,SCALE,-3.0 thru -7.0,"[{""value"": ""-7.0"", ""label"": ""Blank on input""}, {""value"": ""-3.0"", ""label"": ""Not stated""}, {""value"": ""0.0"", ""label"": ""Seldom or never""}, {""value"": ""100.0"", ""label"": ""Most of the time""}]"
1645,m256,E1 ITEM 3 MISERABLE OR DEPRESSED,numeric,SCALE,-3.0 thru -7.0,"[{""value"": ""-7.0"", ""label"": ""Blank on input""}, {""value"": ""-3.0"", ""label"": ""Not stated""}, {""value"": ""0.0"", ""label"": ""Seldom or never""}, {""value"": ""100.0"", ""label"": ""Most of the time""}]"
1646,m257,E1 ITEM 4 BAD HEADACHES,numeric,SCALE,-3.0 thru -7.0,"[{""value"": ""-7.0"", ""label"": ""Blank on input""}, {""value"": ""-3.0"", ""label"": ""Not stated""}, {""value"": ""0.0"", ""label"": ""Seldom or never""}, {""value"": ""100.0"", ""label"": ""Most of the time""}]"
1647,m258,E1 ITEM 5 WORRIED ABOUT THINGS,numeric,SCALE,-3.0 thru -7.0,"[{""value"": ""-7.0"", ""label"": ""Blank on input""}, {""value"": ""-3.0"", ""label"": ""Not stated""}, {""value"": ""0.0"", ""label"": ""Seldom or never""}, {""value"": ""100.0"", ""label"": ""Most of the time""}]"
1648,m259,E1 ITEM 6 DIFFICULTY FALLING ASLEEP,numeric,SCALE,-3.0 thru -7.0,"[{""value"": ""-7.0"", ""label"": ""Blank on input""}, {""value"": ""-3.0"", ""label"": ""Not stated""}, {""value"": ""0.0"", ""label"": ""Seldom or never""}, {""value"": ""100.0"", ""label"": ""Most of the time""}]"
1649,m260,E1 ITEM 7 WAKE UNNECESSARILY EARLY,numeric,SCALE,-3.0 thru -7.0,"[{""value"": ""-7.0"", ""label"": ""Blank on input""}, {""value"": ""-3.0"", ""label"": ""Not stated""}, {""value"": ""0.0"", ""label"": ""Seldom or never""}, {""value"": ""100.0"", ""label"": ""Most of the time""}]"
1650,m261,E1 ITEM 8 WORRY ABOUT OWN HEALTH,numeric,SCALE,-3.0 thru -7.0,"[{""value"": ""-7.0"", ""label"": ""Blank on input""}, {""value"": ""-3.0"", ""label"": ""Not stated""}, {""value"": ""0.0"", ""label"": ""Seldom or never""}, {""value"": ""100.0"", ""label"": ""Most of the time""}]"
1651,m262,E1 ITEM 9 GET INTO VIOLENT RAGE,numeric,SCALE,-3.0 thru -7.0,"[{""value"": ""-7.0"", ""label"": ""Blank on input""}, {""value"": ""-3.0"", ""label"": ""Not stated""}, {""value"": ""0.0"", ""label"": ""Seldom or never""}, {""value"": ""100.0"", ""label"": ""Most of the time""}]"
1652,m263,E1 ITEM 10 GET ANNOYED BY PEOPLE,numeric,SCALE,-3.0 thru -7.0,"[{""value"": ""-7.0"", ""label"": ""Blank on input""}, {""value"": ""-3.0"", ""label"": ""Not stated""}, {""value"": ""0.0"", ""label"": ""Seldom or never""}, {""value"": ""100.0"", ""label"": ""Most of the time""}]"
1653,m264,E1 ITEM 11 TWITCHING OF FACE/HEAD/SHOULDER,numeric,SCALE,-3.0 thru -7.0,"[{""value"": ""-7.0"", ""label"": ""Blank on input""}, {""value"": ""-3.0"", ""label"": ""Not stated""}, {""value"": ""0.0"", ""label"": ""Seldom or never""}, {""value"": ""100.0"", ""label"": ""Most of the time""}]"
1654,m265,E1 ITEM 12 SCARED FOR NO GOOD REASON,numeric,SCALE,-3.0 thru -7.0,"[{""value"": ""-7.0"", ""label"": ""Blank on input""}, {""value"": ""-3.0"", ""label"": ""Not stated""}, {""value"": ""0.0"", ""label"": ""Seldom or never""}, {""value"": ""100.0"", ""label"": ""Most of the time""}]"
1655,m266,E1 ITEM 13 SCARED TO BE ALONE,numeric,SCALE,-3.0 thru -7.0,"[{""value"": ""-7.0"", ""label"": ""Blank on input""}, {""value"": ""-3.0"", ""label"": ""Not stated""}, {""value"": ""0.0"", ""label"": ""Seldom or never""}, {""value"": ""100.0"", ""label"": ""Most of the time""}]"
1656,m267,E1 ITEM 14 EASILY UPSET OR IRRITATED,numeric,SCALE,-3.0 thru -7.0,"[{""value"": ""-7.0"", ""label"": ""Blank on input""}, {""value"": ""-3.0"", ""label"": ""Not stated""}, {""value"": ""0.0"", ""label"": ""Seldom or never""}, {""value"": ""100.0"", ""label"": ""Most of the time""}]"
1657,m268,E1 ITEM 15 FRIGHTENED OF GOING OUT ALONE,numeric,SCALE,-3.0 thru -7.0,"[{""value"": ""-7.0"", ""label"": ""Blank on input""}, {""value"": ""-3.0"", ""label"": ""Not stated""}, {""value"": ""0.0"", ""label"": ""Seldom or never""}, {""value"": ""100.0"", ""label"": ""Most of the time""}]"
1658,m269,E1 ITEM 16 KEYED UP AND JITTERY,numeric,SCALE,-3.0 thru -7.0,"[{""value"": ""-7.0"", ""label"": ""Blank on input""}, {""value"": ""-3.0"", ""label"": ""Not stated""}, {""value"": ""0.0"", ""label"": ""Seldom or never""}, {""value"": ""100.0"", ""label"": ""Most of the time""}]"
1659,m270,E1 ITEM 17 SUFFER FROM INDIGESTION,numeric,SCALE,-3.0 thru -7.0,"[{""value"": ""-7.0"", ""label"": ""Blank on input""}, {""value"": ""-3.0"", ""label"": ""Not stated""}, {""value"": ""0.0"", ""label"": ""Seldom or never""}, {""value"": ""100.0"", ""label"": ""Most of the time""}]"
1660,m271,E1 ITEM 18 UPSET STOMACH,numeric,SCALE,-3.0 thru -7.0,"[{""value"": ""-7.0"", ""label"": ""Blank on input""}, {""value"": ""-3.0"", ""label"": ""Not stated""}, {""value"": ""0.0"", ""label"": ""Seldom or never""}, {""value"": ""100.0"", ""label"": ""Most of the time""}]"
1661,m272,E1 ITEM 19 POOR APPETITE,numeric,SCALE,-3.0 thru -7.0,"[{""value"": ""-7.0"", ""label"": ""Blank on input""}, {""value"": ""-3.0"", ""label"": ""Not stated""}, {""value"": ""0.0"", ""label"": ""Seldom or never""}, {""value"": ""100.0"", ""label"": ""Most of the time""}]"
1662,m273,E1 ITEM 20 EVERYTHING GETS ON NERVES,numeric,SCALE,-3.0 thru -7.0,"[{""value"": ""-7.0"", ""label"": ""Blank on input""}, {""value"": ""-3.0"", ""label"": ""Not stated""}, {""value"": ""0.0"", ""label"": ""Seldom or never""}, {""value"": ""100.0"", ""label"": ""Most of the time""}]"
1663,m274,E1 ITEM 21 HEART RACES LIKE MAD,numeric,SCALE,-3.0 thru -7.0,"[{""value"": ""-7.0"", ""label"": ""Blank on input""}, {""value"": ""-3.0"", ""label"": ""Not stated""}, {""value"": ""0.0"", ""label"": ""Seldom or never""}, {""value"": ""100.0"", ""label"": ""Most of the time""}]"
1664,m275,E1 ITEM 22 BAD PAINS IN THE EYES,numeric,SCALE,-3.0 thru -7.0,"[{""value"": ""-7.0"", ""label"": ""Blank on input""}, {""value"": ""-3.0"", ""label"": ""Not stated""}, {""value"": ""0.0"", ""label"": ""Seldom or never""}, {""value"": ""100.0"", ""label"": ""Most of the time""}]"
1665,m276,E1 ITEM 23 RHEUMATISM OR FIBROSITIS,numeric,SCALE,-3.0 thru -7.0,"[{""value"": ""-7.0"", ""label"": ""Blank on input""}, {""value"": ""-3.0"", ""label"": ""Not stated""}, {""value"": ""0.0"", ""label"": ""Seldom or never""}, {""value"": ""100.0"", ""label"": ""Most of the time""}]"
1666,m277,E1 MOTHER'S HEALTH PATTERN CODE,numeric,NOMINAL,-7.0 thru -3.0,"[{""value"": ""-7.0"", ""label"": ""Blank on input""}, {""value"": ""-3.0"", ""label"": ""Not stated""}, {""value"": ""1.0"", ""label"": ""Extreme responder""}, {""value"": ""2.0"", ""label"": ""Drifter""}, {""value"": ""3.0"", ""label"": ""3 Position responder""}, {""value"": ""4.0"", ""label"": ""No particular pattern""}]"
1667,m278,E1 ITEM 24 EVER HAD A NERVOUS BREAKDOWN,numeric,NOMINAL,-7.0 thru -3.0,"[{""value"": ""-7.0"", ""label"": ""BLANK ON INPUT""}, {""value"": ""-3.0"", ""label"": ""NOT STATED""}, {""value"": ""1.0"", ""label"": ""YES""}, {""value"": ""2.0"", ""label"": ""NO""}]"
1668,m279,E1 ITEM 25 OTHER HEALTH PROBLEM,numeric,NOMINAL,-7.0 thru -3.0,"[{""value"": ""-7.0"", ""label"": ""BLANK ON INPUT""}, {""value"": ""-3.0"", ""label"": ""NOT STATED""}, {""value"": ""1.0"", ""label"": ""YES""}, {""value"": ""2.0"", ""label"": ""NO""}]"
1669,m280,F1 RECEIVE HELP WITH HOUSEWORK,numeric,NOMINAL,-7.0 thru -3.0,"[{""value"": ""-7.0"", ""label"": ""BLANK""}, {""value"": ""-3.0"", ""label"": ""NOT STATED""}, {""value"": ""1.0"", ""label"": ""YES""}, {""value"": ""2.0"", ""label"": ""NO""}]"
1670,m281,F1 HELP FROM CHILD'S FATHER,numeric,NOMINAL,-7.0 thru -3.0,"[{""value"": ""-7.0"", ""label"": ""BLANK""}, {""value"": ""-3.0"", ""label"": ""NOT STATED""}, {""value"": ""1.0"", ""label"": ""YES""}]"
1671,m282,F1 HELP FROM CHILDREN,numeric,NOMINAL,-7.0 thru -3.0,"[{""value"": ""-7.0"", ""label"": ""BLANK""}, {""value"": ""-3.0"", ""label"": ""NOT STATED""}, {""value"": ""1.0"", ""label"": ""YES""}]"
1672,m283,F1 HELP FROM RELATIVE OR FRIEND,numeric,NOMINAL,-7.0 thru -3.0,"[{""value"": ""-7.0"", ""label"": ""BLANK""}, {""value"": ""-3.0"", ""label"": ""NOT STATED""}, {""value"": ""1.0"", ""label"": ""YES""}]"
1673,m284,F1 PAID HELP,numeric,NOMINAL,-7.0 thru -3.0,"[{""value"": ""-7.0"", ""label"": ""BLANK""}, {""value"": ""-3.0"", ""label"": ""NOT STATED""}, {""value"": ""1.0"", ""label"": ""YES""}]"
1674,m285,F2 HELP WITH TASKS A WASHING,numeric,NOMINAL,-7.0 thru -3.0,"[{""value"": ""-7.0"", ""label"": ""Blank""}, {""value"": ""-3.0"", ""label"": ""Not stated""}, {""value"": ""1.0"", ""label"": ""Everyday""}, {""value"": ""2.0"", ""label"": ""More than once p/w""}, {""value"": ""3.0"", ""label"": ""Once a week""}, {""value"": ""4.0"", ""label"": ""Less than once p/w""}, {""value"": ""5.0"", ""label"": ""never""}]"
1675,m286,F2 B IRONING,numeric,NOMINAL,-7.0 thru -3.0,"[{""value"": ""-7.0"", ""label"": ""Blank""}, {""value"": ""-3.0"", ""label"": ""Not stated""}, {""value"": ""1.0"", ""label"": ""Everyday""}, {""value"": ""2.0"", ""label"": ""More than once p/w""}, {""value"": ""3.0"", ""label"": ""Once a week""}, {""value"": ""4.0"", ""label"": ""Less than once p/w""}, {""value"": ""5.0"", ""label"": ""never""}]"
1676,m287,F2 C CLEANING THE HOUSE,numeric,NOMINAL,-7.0 thru -3.0,"[{""value"": ""-7.0"", ""label"": ""Blank""}, {""value"": ""-3.0"", ""label"": ""Not stated""}, {""value"": ""1.0"", ""label"": ""Everyday""}, {""value"": ""2.0"", ""label"": ""More than once p/w""}, {""value"": ""3.0"", ""label"": ""Once a week""}, {""value"": ""4.0"", ""label"": ""Less than once p/w""}, {""value"": ""5.0"", ""label"": ""never""}]"
1677,m288,F2 D COOKING MEALS,numeric,NOMINAL,-7.0 thru -3.0,"[{""value"": ""-7.0"", ""label"": ""Blank""}, {""value"": ""-3.0"", ""label"": ""Not stated""}, {""value"": ""1.0"", ""label"": ""Everyday""}, {""value"": ""2.0"", ""label"": ""More than once p/w""}, {""value"": ""3.0"", ""label"": ""Once a week""}, {""value"": ""4.0"", ""label"": ""Less than once p/w""}, {""value"": ""5.0"", ""label"": ""never""}]"
1678,m289,F2 E WASHING UP,numeric,NOMINAL,-7.0 thru -3.0,"[{""value"": ""-7.0"", ""label"": ""Blank""}, {""value"": ""-3.0"", ""label"": ""Not stated""}, {""value"": ""1.0"", ""label"": ""Everyday""}, {""value"": ""2.0"", ""label"": ""More than once p/w""}, {""value"": ""3.0"", ""label"": ""Once a week""}, {""value"": ""4.0"", ""label"": ""Less than once p/w""}, {""value"": ""5.0"", ""label"": ""never""}]"
1679,m290,F2 F SHOPPING,numeric,NOMINAL,-7.0 thru -3.0,"[{""value"": ""-7.0"", ""label"": ""Blank""}, {""value"": ""-3.0"", ""label"": ""Not stated""}, {""value"": ""1.0"", ""label"": ""Everyday""}, {""value"": ""2.0"", ""label"": ""More than once p/w""}, {""value"": ""3.0"", ""label"": ""Once a week""}, {""value"": ""4.0"", ""label"": ""Less than once p/w""}, {""value"": ""5.0"", ""label"": ""never""}]"
1680,m291,F3 POSSESSIONS-FRIDGE,numeric,NOMINAL,-7.0 thru -3.0,"[{""value"": ""-7.0"", ""label"": ""BLANK""}, {""value"": ""-3.0"", ""label"": ""NOT STATED""}, {""value"": ""1.0"", ""label"": ""YES""}]"
1681,m292,F3 DEEP FREEZER,numeric,NOMINAL,-7.0 thru -3.0,"[{""value"": ""-7.0"", ""label"": ""BLANK""}, {""value"": ""-3.0"", ""label"": ""NOT STATED""}, {""value"": ""1.0"", ""label"": ""YES""}]"
1682,m293,F3 WASHING MACHINE,numeric,NOMINAL,-7.0 thru -3.0,"[{""value"": ""-7.0"", ""label"": ""BLANK""}, {""value"": ""-3.0"", ""label"": ""NOT STATED""}, {""value"": ""1.0"", ""label"": ""YES""}]"
1683,m294,F3 SPIN DRIER,numeric,NOMINAL,-7.0 thru -3.0,"[{""value"": ""-7.0"", ""label"": ""BLANK""}, {""value"": ""-3.0"", ""label"": ""NOT STATED""}, {""value"": ""1.0"", ""label"": ""YES""}]"
1684,m295,F3 TUMBLE DRIER,numeric,NOMINAL,-7.0 thru -3.0,"[{""value"": ""-7.0"", ""label"": ""BLANK""}, {""value"": ""-3.0"", ""label"": ""NOT STATED""}, {""value"": ""1.0"", ""label"": ""YES""}]"
1685,m296,F3 SEWING MACHINE,numeric,NOMINAL,-7.0 thru -3.0,"[{""value"": ""-7.0"", ""label"": ""BLANK""}, {""value"": ""-3.0"", ""label"": ""NOT STATED""}, {""value"": ""1.0"", ""label"": ""YES""}]"
1686,m297,F3 TELEPHONE,numeric,NOMINAL,-7.0 thru -3.0,"[{""value"": ""-7.0"", ""label"": ""BLANK""}, {""value"": ""-3.0"", ""label"": ""NOT STATED""}, {""value"": ""1.0"", ""label"": ""YES""}]"
1687,m298,F3 VACUUM CLEANER,numeric,NOMINAL,-7.0 thru -3.0,"[{""value"": ""-7.0"", ""label"": ""BLANK""}, {""value"": ""-3.0"", ""label"": ""NOT STATED""}, {""value"": ""1.0"", ""label"": ""YES""}]"
1688,m299,F3 DISH WASHER,numeric,NOMINAL,-7.0 thru -3.0,"[{""value"": ""-7.0"", ""label"": ""BLANK""}, {""value"": ""-3.0"", ""label"": ""NOT STATED""}, {""value"": ""1.0"", ""label"": ""YES""}]"
1689,m300,F3 NONE OF THESE,numeric,NOMINAL,-7.0 thru -3.0,"[{""value"": ""-7.0"", ""label"": ""BLANK""}, {""value"": ""-3.0"", ""label"": ""NOT STATED""}, {""value"": ""1.0"", ""label"": ""YES""}]"
1690,m301,F4 DO YOU HAVE A CAR/VAN OF YOUR OWN,numeric,NOMINAL,-7.0 thru -3.0,"[{""value"": ""-7.0"", ""label"": ""BLANK""}, {""value"": ""-3.0"", ""label"": ""NOT STATED""}, {""value"": ""1.0"", ""label"": ""YES""}, {""value"": ""2.0"", ""label"": ""NO""}]"
1691,m302,F4 NUMBER OF CARS OR VANS,numeric,NOMINAL,-7.0 thru -3.0,"[{""value"": ""-7.0"", ""label"": ""BLANK""}, {""value"": ""-3.0"", ""label"": ""NOT STATED""}]"
1692,m303,F5 CLOSENESS OF TRAFFIC TO HOUSE,numeric,NOMINAL,-7.0 thru -3.0,"[{""value"": ""-7.0"", ""label"": ""BLANK""}, {""value"": ""-3.0"", ""label"": ""NOT STATED""}, {""value"": ""1.0"", ""label"": ""VERY NEAR""}, {""value"": ""2.0"", ""label"": ""NEAR""}, {""value"": ""3.0"", ""label"": ""A FAIR DISTANCE""}, {""value"": ""4.0"", ""label"": ""QUITE FAR AWAY""}, {""value"": ""5.0"", ""label"": ""OTHER SITUATION""}]"
1693,m304,F6 NEIGHBOURHOOD DESCRIPTION - RURAL,numeric,NOMINAL,-7.0 thru -3.0,"[{""value"": ""-7.0"", ""label"": ""BLANK""}, {""value"": ""-3.0"", ""label"": ""NOT STATED""}, {""value"": ""1.0"", ""label"": ""YES""}]"
1694,m305,F6 COUNTRY-IN OR CLOSE TO VILLAGE,numeric,NOMINAL,-7.0 thru -3.0,"[{""value"": ""-7.0"", ""label"": ""BLANK""}, {""value"": ""-3.0"", ""label"": ""NOT STATED""}, {""value"": ""1.0"", ""label"": ""YES""}]"
1695,m306,F6 OUTSKIRTS OF TOWN OR CITY,numeric,NOMINAL,-7.0 thru -3.0,"[{""value"": ""-7.0"", ""label"": ""BLANK""}, {""value"": ""-3.0"", ""label"": ""NOT STATED""}, {""value"": ""1.0"", ""label"": ""YES""}]"
1696,m307,F6 INNER URBAN AREA,numeric,NOMINAL,-7.0 thru -3.0,"[{""value"": ""-7.0"", ""label"": ""BLANK""}, {""value"": ""-3.0"", ""label"": ""NOT STATED""}, {""value"": ""1.0"", ""label"": ""YES""}]"
1697,m308,F6 COUNCIL ESTATE,numeric,NOMINAL,-7.0 thru -3.0,"[{""value"": ""-7.0"", ""label"": ""BLANK""}, {""value"": ""-3.0"", ""label"": ""NOT STATED""}, {""value"": ""1.0"", ""label"": ""YES""}]"
1698,m309,F6 MAINLY NON-RESIDENTIAL,numeric,NOMINAL,-7.0 thru -3.0,"[{""value"": ""-7.0"", ""label"": ""BLANK""}, {""value"": ""-3.0"", ""label"": ""NOT STATED""}, {""value"": ""1.0"", ""label"": ""YES""}]"
1699,m310,F6 OTHER TYPE OF NEIGHBOURHOOD,numeric,NOMINAL,-7.0 thru -3.0,"[{""value"": ""-7.0"", ""label"": ""BLANK""}, {""value"": ""-3.0"", ""label"": ""NOT STATED""}, {""value"": ""1.0"", ""label"": ""YES""}]"
1700,m311,F6 OTHER TYPE DESCRIBED,numeric,NOMINAL,-7.0 thru -3.0,"[{""value"": ""-7.0"", ""label"": ""Blank""}, {""value"": ""-3.0"", ""label"": ""Not stated""}, {""value"": ""1.0"", ""label"": ""Large seaside resort""}, {""value"": ""2.0"", ""label"": ""Small rural s resort""}, {""value"": ""3.0"", ""label"": ""Caravan site static""}, {""value"": ""4.0"", ""label"": ""Caravan site transit""}, {""value"": ""5.0"", ""label"": ""Slum redevelopment""}, {""value"": ""6.0"", ""label"": ""Married quarters""}, {""value"": ""7.0"", ""label"": ""Other""}]"
1701,m312,G1 COMPLETION OF FORM - MOTHER ALONE,numeric,NOMINAL,-7.0 thru -3.0,"[{""value"": ""-7.0"", ""label"": ""BLANK""}, {""value"": ""-3.0"", ""label"": ""NOT STATED""}, {""value"": ""1.0"", ""label"": ""YES""}]"
1702,m313,G1 MOTHER AND FATHER TOGETHER,numeric,NOMINAL,-7.0 thru -3.0,"[{""value"": ""-7.0"", ""label"": ""BLANK""}, {""value"": ""-3.0"", ""label"": ""NOT STATED""}, {""value"": ""1.0"", ""label"": ""YES""}]"
1703,m314,G1 FATHER ALONE,numeric,NOMINAL,-7.0 thru -3.0,"[{""value"": ""-7.0"", ""label"": ""BLANK""}, {""value"": ""-3.0"", ""label"": ""NOT STATED""}, {""value"": ""1.0"", ""label"": ""YES""}]"
1704,m315,G1 OTHER PERSON,numeric,NOMINAL,-7.0 thru -3.0,"[{""value"": ""-7.0"", ""label"": ""BLANK""}, {""value"": ""-3.0"", ""label"": ""NOT STATED""}, {""value"": ""1.0"", ""label"": ""YES""}]"
1705,m316,G1 OTHER PERSON DESCRIBED,numeric,NOMINAL,-7.0 thru -3.0,"[{""value"": ""-7.0"", ""label"": ""BLANK""}, {""value"": ""-3.0"", ""label"": ""NOT STATED""}, {""value"": ""1.0"", ""label"": ""OTHER RELATIVE""}, {""value"": ""2.0"", ""label"": ""FRIEND OR NEIGHBOUR""}, {""value"": ""3.0"", ""label"": ""WARDEN OF RESIDENTIA""}, {""value"": ""4.0"", ""label"": ""OTHER PERSON""}]"
1706,m317,G2 DIFFICULTY IN ANSWERING THE QUESTIONS?,numeric,NOMINAL,-7.0 thru -3.0,"[{""value"": ""-7.0"", ""label"": ""Blank""}, {""value"": ""-3.0"", ""label"": ""Not stated""}, {""value"": ""1.0"", ""label"": ""No, no difficulty""}]"
1707,m318,G2 DIFFICULTY IN ANSWERING THE QUESTIONS?,numeric,NOMINAL,-7.0 thru -3.0,"[{""value"": ""-7.0"", ""label"": ""Blank""}, {""value"": ""-3.0"", ""label"": ""Not stated""}, {""value"": ""1.0"", ""label"": ""Yes, some difficulty""}]"
1708,m319,G2 DIFFICULTY IN ANSWERING THE QUESTIONS?,numeric,NOMINAL,-7.0 thru -3.0,"[{""value"": ""-7.0"", ""label"": ""BLANK""}, {""value"": ""-3.0"", ""label"": ""NOT STATED""}, {""value"": ""1.0"", ""label"": ""YES LOT DIFFICULTY""}]"
1709,m320,G2 TEXT PRESENT,numeric,NOMINAL,-7.0 thru -3.0,"[{""value"": ""-7.0"", ""label"": ""BLANK""}, {""value"": ""-3.0"", ""label"": ""NOT STATED""}, {""value"": ""1.0"", ""label"": ""TEXT PRESENT""}]"
1710,j009a,DATE OF COMPLETION OF EDQ DAY,numeric,SCALE,-6.0 thru -3.0 and -1.0,"[{""value"": ""-3.0"", ""label"": ""Not Stated""}]"
1711,j009b,DATE OF COMPLETION OF EDQ MONTH,numeric,NOMINAL,-6.0 thru -3.0 and -1.0,"[{""value"": ""-3.0"", ""label"": ""Not Stated""}]"
1712,j009c,DATE OF COMPLETION OF EDQ YEAR,numeric,SCALE,-6.0 thru -3.0 and -1.0,"[{""value"": ""-3.0"", ""label"": ""Not Stated""}]"
1713,j010,A1-NO MONTHS TEACHING STUDY CHILD,numeric,SCALE,-6.0 thru -3.0 and -1.0,"[{""value"": ""-3.0"", ""label"": ""Not Stated""}]"
1714,j011,A2-CHILD'S GENERAL KNOWLEDGE,numeric,NOMINAL,-4.0 thru -3.0,"[{""value"": ""-4.0"", ""label"": ""More Than 1 Answer""}, {""value"": ""-3.0"", ""label"": ""Not Stated""}, {""value"": ""1.0"", ""label"": ""Well Informed""}, {""value"": ""2.0"", ""label"": ""Above Average""}, {""value"": ""3.0"", ""label"": ""Average""}, {""value"": ""4.0"", ""label"": ""Below Average""}, {""value"": ""5.0"", ""label"": ""Extremely Limited""}]"
1715,j012,A3-HOURS REGISTRATION,numeric,SCALE,-6.0 thru -3.0 and -1.0,"[{""value"": ""-3.0"", ""label"": ""Not Stated""}]"
1716,j013,A3-HOURS ASSEMBLY,numeric,SCALE,-6.0 thru -3.0 and -1.0,"[{""value"": ""-3.0"", ""label"": ""Not Stated""}]"
1717,j014,A3-HOURS INSTRUCTIONAL READING,numeric,SCALE,-6.0 thru -3.0 and -1.0,"[{""value"": ""-3.0"", ""label"": ""Not Stated""}]"
1718,j015,A3-HOURS READING FOR PLEASURE,numeric,SCALE,-6.0 thru -3.0 and -1.0,"[{""value"": ""-3.0"", ""label"": ""Not Stated""}]"
1719,j016,A3-HOURS LITERATURE AND POETRY,numeric,SCALE,-6.0 thru -3.0 and -1.0,"[{""value"": ""-3.0"", ""label"": ""Not Stated""}]"
1720,j017,A3-HOURS CREATIVE WRITING,numeric,SCALE,-6.0 thru -3.0 and -1.0,"[{""value"": ""-3.0"", ""label"": ""Not Stated""}]"
1721,j018,A3-HOURS MATHEMATICS,numeric,SCALE,-6.0 thru -3.0 and -1.0,"[{""value"": ""-3.0"", ""label"": ""Not Stated""}]"
1722,j019,A3-HOURS SCIENCE SUBJECTS,numeric,SCALE,-6.0 thru -3.0 and -1.0,"[{""value"": ""-3.0"", ""label"": ""Not Stated""}]"
1723,j020,A3-HOURS ENVIRONMENTAL PROJECTS,numeric,SCALE,-6.0 thru -3.0 and -1.0,"[{""value"": ""-3.0"", ""label"": ""Not Stated""}]"
1724,j021,A3-HOURS FOREIGN LANGUAGES,numeric,SCALE,-6.0 thru -3.0 and -1.0,"[{""value"": ""-3.0"", ""label"": ""Not Stated""}]"
1725,j022,A3-HOURS ART AND CRAFT,numeric,SCALE,-6.0 thru -3.0 and -1.0,"[{""value"": ""-3.0"", ""label"": ""Not Stated""}]"
1726,j023,A3-HOURS MUSIC,numeric,SCALE,-6.0 thru -3.0 and -1.0,"[{""value"": ""-3.0"", ""label"": ""Not Stated""}]"
1727,j024,A3-HOURS DRAMA,numeric,SCALE,-6.0 thru -3.0 and -1.0,"[{""value"": ""-3.0"", ""label"": ""Not Stated""}]"
1728,j025,A3-HOURS P.E. OR GAMES,numeric,SCALE,-6.0 thru -3.0 and -1.0,"[{""value"": ""-3.0"", ""label"": ""Not Stated""}]"
1729,j026,A3-HOURS OTHER SCHOOL SUBJECTS,numeric,SCALE,-6.0 thru -3.0 and -1.0,"[{""value"": ""-3.0"", ""label"": ""Not Stated""}]"
1730,j027,A3-HOURS NON-EDUCATIONAL ACTIVITIES,numeric,SCALE,-6.0 thru -3.0 and -1.0,"[{""value"": ""-3.0"", ""label"": ""Not Stated""}]"
1731,j028,A3-HOURS SPORT-OUTSIDE PERIODS,numeric,SCALE,-6.0 thru -3.0 and -1.0,"[{""value"": ""-3.0"", ""label"": ""Not Stated""}]"
1732,j029,COMPUTED TOTAL FOR QUESTION A3,numeric,SCALE,-6.0 thru -3.0 and -1.0,"[{""value"": ""-3.0"", ""label"": ""Not Stated""}]"
1733,j030,A4-THE CHILD ATTENDS A SPECIAL SCHOOL?,numeric,NOMINAL,-4.0 thru -3.0,"[{""value"": ""-4.0"", ""label"": ""More Than 1 Answer""}, {""value"": ""-3.0"", ""label"": ""Not Stated""}, {""value"": ""1.0"", ""label"": ""No""}, {""value"": ""2.0"", ""label"": ""Yes Full-Time""}, {""value"": ""3.0"", ""label"": ""Yes Part-Time""}]"
1734,j030a,DESCRIPTION OF SPECIAL SCHOOL,numeric,NOMINAL,-6.0 thru -2.0 and -1.0,"[{""value"": ""-2.0"", ""label"": ""Not Known""}, {""value"": ""-1.0"", ""label"": ""Not Applicable""}, {""value"": ""1.0"", ""label"": ""ESN-M""}, {""value"": ""2.0"", ""label"": ""ESN-S""}, {""value"": ""3.0"", ""label"": ""Physically Handicap""}, {""value"": ""4.0"", ""label"": ""Maladjusted""}, {""value"": ""5.0"", ""label"": ""Delicate""}, {""value"": ""6.0"", ""label"": ""Epileptic""}, {""value"": ""7.0"", ""label"": ""Partially Sighted""}, {""value"": ""8.0"", ""label"": ""Deaf""}, {""value"": ""9.0"", ""label"": ""Multihandicapped""}, {""value"": ""10.0"", ""label"": ""Maladjusted + ESN""}, {""value"": ""11.0"", ""label"": ""ESN-M + ESN-S""}, {""value"": ""12.0"", ""label"": ""M Handicap-Scotland""}, {""value"": ""13.0"", ""label"": ""M+P Handicap""}, {""value"": ""14.0"", ""label"": ""Delicate+Maladjusted""}, {""value"": ""15.0"", ""label"": ""Speech Defect""}, {""value"": ""16.0"", ""label"": ""Part Sighted +P Hcap""}, {""value"": ""17.0"", ""label"": ""Delicate+Phys Hcap""}, {""value"": ""18.0"", ""label"": ""ESN-Unspecifed""}, {""value"": ""19.0"", ""label"": ""Autistic""}, {""value"": ""20.0"", ""label"": ""Remedial Centre Etc""}, {""value"": ""21.0"", ""label"": ""Language Centre""}, {""value"": ""22.0"", ""label"": ""Assesment Centre""}, {""value"": ""23.0"", ""label"": ""Adjustment Group Etc""}, {""value"": ""24.0"", ""label"": ""Coaching College""}, {""value"": ""25.0"", ""label"": ""Language Unit""}, {""value"": ""26.0"", ""label"": ""ESN-Slow Learn Unit""}, {""value"": ""27.0"", ""label"": ""Adj-Maladj Unit""}, {""value"": ""28.0"", ""label"": ""Physical Hcap Unit""}, {""value"": ""29.0"", ""label"": ""Autistic Unit""}, {""value"": ""30.0"", ""label"": ""Dyslexia Unit""}, {""value"": ""31.0"", ""label"": ""Part Hearing Unit""}, {""value"": ""99.0"", ""label"": ""Unclassifiable""}]"
1735,j031,A5-THERAPY AT SCHOOL,numeric,NOMINAL,-4.0 thru -3.0,"[{""value"": ""-4.0"", ""label"": ""More than 1 answer""}, {""value"": ""-3.0"", ""label"": ""Not stated""}, {""value"": ""1.0"", ""label"": ""Yes""}, {""value"": ""2.0"", ""label"": ""No""}, {""value"": ""3.0"", ""label"": ""Attends Spec school""}]"
1736,j032,A5-REMEDIAL CLASS,numeric,NOMINAL,-6.0 thru -3.0 and -1.0,"[{""value"": ""-3.0"", ""label"": ""Not Stated""}, {""value"": ""-1.0"", ""label"": ""Not Applicable""}, {""value"": ""0.0"", ""label"": ""Lozenge Not Ticked""}, {""value"": ""1.0"", ""label"": ""Occasional""}, {""value"": ""2.0"", ""label"": ""Regular Part-Time""}, {""value"": ""3.0"", ""label"": ""Full-Time""}]"
1737,j033,A5-REMEDIAL GROUP-READING,numeric,NOMINAL,-6.0 thru -3.0 and -1.0,"[{""value"": ""-3.0"", ""label"": ""Not Stated""}, {""value"": ""-1.0"", ""label"": ""Not Applicable""}, {""value"": ""0.0"", ""label"": ""Lozenge Not Ticked""}, {""value"": ""1.0"", ""label"": ""Occasional""}, {""value"": ""2.0"", ""label"": ""Regular""}]"
1738,j034,A5-REMEDIAL GROUP-MATHEMATICS,numeric,NOMINAL,-6.0 thru -3.0 and -1.0,"[{""value"": ""-3.0"", ""label"": ""Not Stated""}, {""value"": ""-1.0"", ""label"": ""Not Applicable""}, {""value"": ""0.0"", ""label"": ""Lozenge Not Ticked""}, {""value"": ""1.0"", ""label"": ""Occasional""}, {""value"": ""2.0"", ""label"": ""Regular""}]"
1739,j035,"A5-SPECIAL GROUP, BEHAVIOUR PROBLEMS",numeric,NOMINAL,-6.0 thru -3.0 and -1.0,"[{""value"": ""-3.0"", ""label"": ""Not stated""}, {""value"": ""-1.0"", ""label"": ""Not applicable""}, {""value"": ""0.0"", ""label"": ""Lozenge not ticked""}, {""value"": ""1.0"", ""label"": ""Occasional""}, {""value"": ""2.0"", ""label"": ""Part-time""}, {""value"": ""3.0"", ""label"": ""Full-time""}]"
1740,j036,"A5-INDIVIDUAL REMEDIAL TUITION, EDUCATIONAL",numeric,NOMINAL,-6.0 thru -3.0 and -1.0,"[{""value"": ""-3.0"", ""label"": ""Not stated""}, {""value"": ""-1.0"", ""label"": ""Not applicable""}, {""value"": ""0.0"", ""label"": ""Lozenge not ticked""}, {""value"": ""1.0"", ""label"": ""Occasional""}, {""value"": ""2.0"", ""label"": ""Part-time""}, {""value"": ""3.0"", ""label"": ""Full-time""}]"
1741,j037,A5-INDIVIDUAL SCHOOL COUNSELLING,numeric,NOMINAL,-4.0 thru -3.0 and -1.0,"[{""value"": ""-4.0"", ""label"": ""More Than 1 Answer""}, {""value"": ""-3.0"", ""label"": ""Not Stated""}, {""value"": ""-1.0"", ""label"": ""Not Applicable""}, {""value"": ""0.0"", ""label"": ""Lozenge Not Ticked""}, {""value"": ""1.0"", ""label"": ""Behaviour Problems""}, {""value"": ""2.0"", ""label"": ""Emotional Problems""}]"
1742,j038,A5-OTHER TYPE OF HELP,numeric,NOMINAL,-6.0 thru -3.0 and -1.0,"[{""value"": ""-3.0"", ""label"": ""Not Stated""}, {""value"": ""-1.0"", ""label"": ""Not Applicable""}, {""value"": ""0.0"", ""label"": ""No Other Problem""}, {""value"": ""1.0"", ""label"": ""Help Unclassifiable""}, {""value"": ""2.0"", ""label"": ""Help Reading""}, {""value"": ""3.0"", ""label"": ""Help Maths""}, {""value"": ""4.0"", ""label"": ""Help Speech""}, {""value"": ""5.0"", ""label"": ""E2l Help""}, {""value"": ""6.0"", ""label"": ""Help Behavior Probs""}, {""value"": ""7.0"", ""label"": ""Reading+Maths""}, {""value"": ""8.0"", ""label"": ""Writing+Maths""}, {""value"": ""9.0"", ""label"": ""Reading+Writing""}, {""value"": ""10.0"", ""label"": ""Writing""}, {""value"": ""11.0"", ""label"": ""Read+Write+Maths""}, {""value"": ""12.0"", ""label"": ""Maths+Speech Therapy""}, {""value"": ""13.0"", ""label"": ""Read+speech Therapy""}]"
1743,j039,A6-WOULD CHILD BENEFIT FROM HELP,numeric,NOMINAL,-6.0 thru -3.0 and -1.0,"[{""value"": ""-3.0"", ""label"": ""Not Stated""}, {""value"": ""1.0"", ""label"": ""Yes""}, {""value"": ""2.0"", ""label"": ""No""}]"
1744,j040,A6-WHAT KIND OF HELP WOULD BENEFIT?,numeric,NOMINAL,-4.0 thru -3.0 and -1.0,"[{""value"": ""-4.0"", ""label"": ""More Than 1 Answer""}, {""value"": ""-3.0"", ""label"": ""Not Stated""}, {""value"": ""-1.0"", ""label"": ""Not Applicable""}, {""value"": ""1.0"", ""label"": ""Different School""}, {""value"": ""2.0"", ""label"": ""Extra Help""}, {""value"": ""3.0"", ""label"": ""Other Form of Help""}]"
1745,j041,PLEASE SPECIFY TYPE OF SCHOOL,numeric,NOMINAL,-6.0 thru -1.0,"[{""value"": ""-1.0"", ""label"": ""Not applicable""}, {""value"": ""1.0"", ""label"": ""ESN-M""}, {""value"": ""2.0"", ""label"": ""ESN-S""}, {""value"": ""3.0"", ""label"": ""Physically handicap""}, {""value"": ""4.0"", ""label"": ""Maladjusted""}, {""value"": ""5.0"", ""label"": ""Delicate""}, {""value"": ""6.0"", ""label"": ""Epileptic""}, {""value"": ""7.0"", ""label"": ""Partially sighted""}, {""value"": ""8.0"", ""label"": ""Deaf""}, {""value"": ""9.0"", ""label"": ""Multihandicapped""}, {""value"": ""10.0"", ""label"": ""Maladjusted+ESN""}, {""value"": ""11.0"", ""label"": ""ESN-M + ESN-S""}, {""value"": ""12.0"", ""label"": ""M Handicap-Scotland""}, {""value"": ""13.0"", ""label"": ""M+P Handicap""}, {""value"": ""14.0"", ""label"": ""Delicate + maladjust""}, {""value"": ""15.0"", ""label"": ""Speech defect""}, {""value"": ""16.0"", ""label"": ""Part sighted+P Hcap""}, {""value"": ""17.0"", ""label"": ""Delicate+Phys Hcap""}, {""value"": ""18.0"", ""label"": ""ESN-Unspecified""}, {""value"": ""19.0"", ""label"": ""Autistic""}, {""value"": ""20.0"", ""label"": ""Remedial centre ect""}, {""value"": ""21.0"", ""label"": ""Language centre""}, {""value"": ""22.0"", ""label"": ""Assessment centre""}, {""value"": ""23.0"", ""label"": ""Adjustment group ect""}, {""value"": ""24.0"", ""label"": ""Coaching college""}, {""value"": ""25.0"", ""label"": ""Language unit""}, {""value"": ""26.0"", ""label"": ""ESN-Slow learn unit""}, {""value"": ""28.0"", ""label"": ""Physical Hcap unit""}, {""value"": ""29.0"", ""label"": ""Autistic unit""}, {""value"": ""30.0"", ""label"": ""Dyslexia unit""}, {""value"": ""31.0"", ""label"": ""Part hearing unit""}, {""value"": ""99.0"", ""label"": ""Unclassifiable""}]"
1746,j042,PLEASE SPECIFY TYPE OF HELP,numeric,NOMINAL,-6.0 thru -2.0 and -1.0,"[{""value"": ""-2.0"", ""label"": ""Not known""}, {""value"": ""-1.0"", ""label"": ""Not applicable""}, {""value"": ""1.0"", ""label"": ""Help unclassifiable""}, {""value"": ""2.0"", ""label"": ""Help with reading""}, {""value"": ""3.0"", ""label"": ""Help with maths""}, {""value"": ""4.0"", ""label"": ""Help with speech""}, {""value"": ""5.0"", ""label"": ""E2l help""}, {""value"": ""6.0"", ""label"": ""Behavior problem help""}, {""value"": ""7.0"", ""label"": ""Reading + maths""}, {""value"": ""8.0"", ""label"": ""Writing + maths""}, {""value"": ""9.0"", ""label"": ""Reading + writing""}, {""value"": ""10.0"", ""label"": ""Writing""}, {""value"": ""11.0"", ""label"": ""Read+write+maths""}, {""value"": ""12.0"", ""label"": ""Maths+speech therapy""}, {""value"": ""13.0"", ""label"": ""Read+speech therapy""}, {""value"": ""14.0"", ""label"": ""Individual help""}, {""value"": ""15.0"", ""label"": ""Help outside school""}, {""value"": ""16.0"", ""label"": ""Gifted child""}, {""value"": ""99.0"", ""label"": ""Not stated""}]"
1747,j043,A7-CHILD GUIDANCE-PSYCHOLOGICAL COUNSELLING,numeric,NOMINAL,-4.0 thru -3.0 and -2.0,"[{""value"": ""-4.0"", ""label"": ""More than 1 answer""}, {""value"": ""-3.0"", ""label"": ""Not stated""}, {""value"": ""-2.0"", ""label"": ""Not known""}, {""value"": ""1.0"", ""label"": ""Frequently""}, {""value"": ""2.0"", ""label"": ""Occasionally""}, {""value"": ""3.0"", ""label"": ""Not At All""}, {""value"": ""4.0"", ""label"": ""Don't know""}]"
1748,j044,A7-PSYCHIATRIC COUNSELLING + TREATMENT,numeric,NOMINAL,-4.0 thru -3.0 and -2.0,"[{""value"": ""-4.0"", ""label"": ""More than 1 answer""}, {""value"": ""-3.0"", ""label"": ""Not stated""}, {""value"": ""-2.0"", ""label"": ""Not known""}, {""value"": ""1.0"", ""label"": ""Frequently""}, {""value"": ""2.0"", ""label"": ""Occasionally""}, {""value"": ""3.0"", ""label"": ""Not At All""}, {""value"": ""4.0"", ""label"": ""Don't know""}]"
1749,j045,A7-SPEECH THERAPY,numeric,NOMINAL,-4.0 thru -3.0 and -2.0,"[{""value"": ""-4.0"", ""label"": ""More than 1 answer""}, {""value"": ""-3.0"", ""label"": ""Not stated""}, {""value"": ""-2.0"", ""label"": ""Not known""}, {""value"": ""1.0"", ""label"": ""Frequently""}, {""value"": ""2.0"", ""label"": ""Occasionally""}, {""value"": ""3.0"", ""label"": ""Not At All""}, {""value"": ""4.0"", ""label"": ""Don't know""}]"
1750,j046,A7-VISUAL DISABILITY,numeric,NOMINAL,-4.0 thru -3.0 and -2.0,"[{""value"": ""-4.0"", ""label"": ""More than 1 answer""}, {""value"": ""-3.0"", ""label"": ""Not stated""}, {""value"": ""-2.0"", ""label"": ""Not known""}, {""value"": ""1.0"", ""label"": ""Frequently""}, {""value"": ""2.0"", ""label"": ""Occasionally""}, {""value"": ""3.0"", ""label"": ""Not At All""}, {""value"": ""4.0"", ""label"": ""Don't know""}]"
1751,j047,A7-AUDITORY DISABILITY,numeric,NOMINAL,-4.0 thru -3.0 and -2.0,"[{""value"": ""-4.0"", ""label"": ""More than 1 answer""}, {""value"": ""-3.0"", ""label"": ""Not stated""}, {""value"": ""-2.0"", ""label"": ""Not known""}, {""value"": ""1.0"", ""label"": ""Frequently""}, {""value"": ""2.0"", ""label"": ""Occasionally""}, {""value"": ""3.0"", ""label"": ""Not At All""}, {""value"": ""4.0"", ""label"": ""Don't know""}]"
1752,j048,A7-PHYSICAL THERAPY FOR DISABILITIES,numeric,NOMINAL,-4.0 thru -3.0 and -2.0,"[{""value"": ""-3.0"", ""label"": ""Not stated""}, {""value"": ""-2.0"", ""label"": ""Not known""}, {""value"": ""1.0"", ""label"": ""Frequently""}, {""value"": ""2.0"", ""label"": ""Occasionally""}, {""value"": ""3.0"", ""label"": ""Not At All""}, {""value"": ""4.0"", ""label"": ""Don't know""}]"
1753,j049,A7-EDUCATIONAL WELFARE INTERVENTION,numeric,NOMINAL,-4.0 thru -3.0 and -2.0,"[{""value"": ""-4.0"", ""label"": ""More than 1 answer""}, {""value"": ""-3.0"", ""label"": ""Not stated""}, {""value"": ""-2.0"", ""label"": ""Not known""}, {""value"": ""1.0"", ""label"": ""Frequently""}, {""value"": ""2.0"", ""label"": ""Occasionally""}, {""value"": ""3.0"", ""label"": ""Not At All""}, {""value"": ""4.0"", ""label"": ""Don't know""}]"
1754,j050,A7-SOCIAL WORK INTERVENTION,numeric,NOMINAL,-4.0 thru -3.0 and -2.0,"[{""value"": ""-4.0"", ""label"": ""More than 1 answer""}, {""value"": ""-3.0"", ""label"": ""Not stated""}, {""value"": ""-2.0"", ""label"": ""Not known""}, {""value"": ""1.0"", ""label"": ""Frequently""}, {""value"": ""2.0"", ""label"": ""Occasionally""}, {""value"": ""3.0"", ""label"": ""Not At All""}, {""value"": ""4.0"", ""label"": ""Don't know""}]"
1755,j051,A7-ATTENDANCE AT 'NURTURE' CENTRE,numeric,NOMINAL,-4.0 thru -3.0 and -2.0,"[{""value"": ""-4.0"", ""label"": ""More than 1 answer""}, {""value"": ""-3.0"", ""label"": ""Not stated""}, {""value"": ""-2.0"", ""label"": ""Not known""}, {""value"": ""1.0"", ""label"": ""Frequently""}, {""value"": ""2.0"", ""label"": ""Occasionally""}, {""value"": ""3.0"", ""label"": ""Not At All""}, {""value"": ""4.0"", ""label"": ""Don't know""}]"
1756,j052,A7-ATTENDANCE AT A REMEDIAL CENTRE,numeric,NOMINAL,-4.0 thru -3.0 and -2.0,"[{""value"": ""-4.0"", ""label"": ""More than 1 answer""}, {""value"": ""-3.0"", ""label"": ""Not stated""}, {""value"": ""-2.0"", ""label"": ""Not known""}, {""value"": ""1.0"", ""label"": ""Frequently""}, {""value"": ""2.0"", ""label"": ""Occasionally""}, {""value"": ""3.0"", ""label"": ""Not At All""}, {""value"": ""4.0"", ""label"": ""Don't know""}]"
1757,j053,A7-PROBATION OFFICER GUIDANCE/CARE,numeric,NOMINAL,-4.0 thru -3.0 and -2.0,"[{""value"": ""-4.0"", ""label"": ""More than 1 answer""}, {""value"": ""-3.0"", ""label"": ""Not stated""}, {""value"": ""-2.0"", ""label"": ""Not known""}, {""value"": ""1.0"", ""label"": ""Frequently""}, {""value"": ""2.0"", ""label"": ""Occasionally""}, {""value"": ""3.0"", ""label"": ""Not At All""}, {""value"": ""4.0"", ""label"": ""Don't know""}]"
1758,j054,A7-OTHER HELP,numeric,NOMINAL,-4.0 thru -3.0 and -2.0,"[{""value"": ""-4.0"", ""label"": ""More than 1 answer""}, {""value"": ""-3.0"", ""label"": ""Not stated""}, {""value"": ""-2.0"", ""label"": ""Not known""}, {""value"": ""1.0"", ""label"": ""Frequently""}, {""value"": ""2.0"", ""label"": ""Occasionally""}, {""value"": ""3.0"", ""label"": ""Not At All""}, {""value"": ""4.0"", ""label"": ""Don't know""}]"
1759,j054a,A7-OTHER TYPE OF HELP SUPPORTING J054,numeric,NOMINAL,-6.0 thru -1.0,"[{""value"": ""-1.0"", ""label"": ""Not Applicable""}, {""value"": ""1.0"", ""label"": ""Help-Unclassifiable""}, {""value"": ""2.0"", ""label"": ""Help With Reading""}, {""value"": ""3.0"", ""label"": ""Help With Maths""}, {""value"": ""4.0"", ""label"": ""Help With Speech""}, {""value"": ""5.0"", ""label"": ""E2l Help""}, {""value"": ""6.0"", ""label"": ""Behavior Prob help""}, {""value"": ""7.0"", ""label"": ""Seen By Ed Psych""}, {""value"": ""99.0"", ""label"": ""Vague""}]"
1760,j055,A8-IS CHILD IN STREAMED CLASS,numeric,NOMINAL,-6.0 thru -3.0 and -1.0,"[{""value"": ""-3.0"", ""label"": ""Not Stated""}, {""value"": ""1.0"", ""label"": ""Yes""}, {""value"": ""2.0"", ""label"": ""No""}]"
1761,j056,A8-LEVEL OF CLASS STREAMING,numeric,NOMINAL,-4.0 thru -3.0 and -1.0,"[{""value"": ""-4.0"", ""label"": ""More than 1 answer""}, {""value"": ""-3.0"", ""label"": ""Not stated""}, {""value"": ""-1.0"", ""label"": ""Not applicable""}, {""value"": ""1.0"", ""label"": ""High(est) level""}, {""value"": ""2.0"", ""label"": ""Middle level""}, {""value"": ""3.0"", ""label"": ""Low(est) level""}]"
1762,j057,A8-IS CHILD TAUGHT IN SET GROUPS,numeric,NOMINAL,-6.0 thru -3.0 and -1.0,"[{""value"": ""-3.0"", ""label"": ""Not Stated""}, {""value"": ""1.0"", ""label"": ""Yes""}, {""value"": ""2.0"", ""label"": ""No""}]"
1763,j058,A8-WHICH GROUPS: READING,numeric,NOMINAL,-4.0 thru -3.0 and -1.0,"[{""value"": ""-4.0"", ""label"": ""More than 1 answer""}, {""value"": ""-3.0"", ""label"": ""Not stated""}, {""value"": ""-1.0"", ""label"": ""Not applicable""}, {""value"": ""1.0"", ""label"": ""High(est)""}, {""value"": ""2.0"", ""label"": ""Middle""}, {""value"": ""3.0"", ""label"": ""Low(est)""}]"
1764,j059,A8-WHICH GROUPS: MATHEMATICS,numeric,NOMINAL,-4.0 thru -3.0 and -1.0,"[{""value"": ""-4.0"", ""label"": ""More than 1 answer""}, {""value"": ""-3.0"", ""label"": ""Not stated""}, {""value"": ""-1.0"", ""label"": ""Not applicable""}, {""value"": ""1.0"", ""label"": ""High(est)""}, {""value"": ""2.0"", ""label"": ""Middle""}, {""value"": ""3.0"", ""label"": ""Low(est)""}]"
1765,j060,A9-CHILD USES NON VERBAL COMMUNICATION,numeric,SCALE,-6.0 thru -3.0 and -1.0,"[{""value"": ""-3.0"", ""label"": ""Not Stated""}, {""value"": ""1.0"", ""label"": ""No More Than Usual""}, {""value"": ""47.0"", ""label"": ""Nearly all the time""}]"
1766,j061,A10-TELLS FRIENDS IMPORTANT HAPPENINGS,numeric,SCALE,-6.0 thru -3.0 and -1.0,"[{""value"": ""-3.0"", ""label"": ""Not Stated""}, {""value"": ""1.0"", ""label"": ""Very Much""}, {""value"": ""47.0"", ""label"": ""Not particularly""}]"
1767,j062,A11-TELLS TEACHER IMPORTANT HAPPENINGS,numeric,SCALE,-6.0 thru -3.0 and -1.0,"[{""value"": ""-3.0"", ""label"": ""Not Stated""}, {""value"": ""1.0"", ""label"": ""Very Much""}, {""value"": ""47.0"", ""label"": ""Not particularly""}]"
1768,j063,A12-TALKATIVE WHEN TALKING TO FRIENDS,numeric,SCALE,-6.0 thru -3.0 and -1.0,"[{""value"": ""-3.0"", ""label"": ""Not Stated""}, {""value"": ""1.0"", ""label"": ""Reluctant to Talk""}, {""value"": ""47.0"", ""label"": ""Very talkative""}]"
1769,j064,A13-TALKATIVE WHEN TALKING TO TEACHER,numeric,SCALE,-6.0 thru -3.0 and -1.0,"[{""value"": ""-3.0"", ""label"": ""Not Stated""}, {""value"": ""1.0"", ""label"": ""Reluctant to Talk""}, {""value"": ""47.0"", ""label"": ""Very talkative""}]"
1770,j065,A14-VOCABULARY SIMPLE OR ADVANCED,numeric,SCALE,-6.0 thru -3.0 and -1.0,"[{""value"": ""-3.0"", ""label"": ""Not Stated""}, {""value"": ""1.0"", ""label"": ""Very Advanced""}, {""value"": ""47.0"", ""label"": ""Very simple""}]"
1771,j066,A15-SIMPLE/ADVANCED LANGUAGE STRUCTURE,numeric,SCALE,-6.0 thru -3.0 and -1.0,"[{""value"": ""-3.0"", ""label"": ""Not Stated""}, {""value"": ""1.0"", ""label"": ""Very Advanced""}, {""value"": ""47.0"", ""label"": ""Very simple""}]"
1772,j067,A16-ASSIMILATION/USE OF NEW VOCABULARY,numeric,SCALE,-6.0 thru -3.0 and -1.0,"[{""value"": ""-3.0"", ""label"": ""Not Stated""}, {""value"": ""1.0"", ""label"": ""Reluctantly""}, {""value"": ""47.0"", ""label"": ""Readily""}]"
1773,j068,A17-ORGANISATION OF CHILD'S THOUGHTS,numeric,SCALE,-6.0 thru -3.0 and -1.0,"[{""value"": ""-3.0"", ""label"": ""Not Stated""}, {""value"": ""1.0"", ""label"": ""Very Well""}, {""value"": ""47.0"", ""label"": ""Very poorly""}]"
1774,j069,A18-ARTICULATION OF CHILD'S SPEECH,numeric,SCALE,-6.0 thru -3.0 and -1.0,"[{""value"": ""-3.0"", ""label"": ""Not Stated""}, {""value"": ""1.0"", ""label"": ""Very Clear""}, {""value"": ""47.0"", ""label"": ""Heavily slurred""}]"
1775,j070,A19-WORDS CLIPPED OR WELL FINISHED,numeric,SCALE,-6.0 thru -3.0 and -1.0,"[{""value"": ""-3.0"", ""label"": ""Not Stated""}, {""value"": ""1.0"", ""label"": ""Very Clipped""}, {""value"": ""47.0"", ""label"": ""Well finished""}]"
1776,j071,A20-UNDERSTANDABLE IN 'STANDARD ENGLISH',numeric,SCALE,-6.0 thru -3.0 and -1.0,"[{""value"": ""-3.0"", ""label"": ""Not Stated""}, {""value"": ""1.0"", ""label"": ""Very Poorly""}, {""value"": ""47.0"", ""label"": ""Very well""}]"
1777,j072,A21-CHILD MAKES SYNTACTICAL MISTAKES,numeric,SCALE,-6.0 thru -3.0 and -1.0,"[{""value"": ""-3.0"", ""label"": ""Not Stated""}, {""value"": ""1.0"", ""label"": ""Very Frequently""}, {""value"": ""47.0"", ""label"": ""Not at all""}]"
1778,j073,A22-DOES CHILD STAMMER OR STUTTER,numeric,NOMINAL,-4.0 thru -3.0,"[{""value"": ""-4.0"", ""label"": ""More Than 1 Answer""}, {""value"": ""-3.0"", ""label"": ""Not Stated""}, {""value"": ""1.0"", ""label"": ""Severe""}, {""value"": ""2.0"", ""label"": ""Quite Serious""}, {""value"": ""3.0"", ""label"": ""Moderate""}, {""value"": ""4.0"", ""label"": ""Not Easily Noticed""}, {""value"": ""5.0"", ""label"": ""No""}]"
1779,j074,A23-HAS CHILD ANY OTHER SPEECH DEFECT?,numeric,NOMINAL,-4.0 thru -3.0,"[{""value"": ""-4.0"", ""label"": ""More Than 1 Answer""}, {""value"": ""-3.0"", ""label"": ""Not Stated""}, {""value"": ""1.0"", ""label"": ""Severe""}, {""value"": ""2.0"", ""label"": ""Quite Serious""}, {""value"": ""3.0"", ""label"": ""Moderate""}, {""value"": ""4.0"", ""label"": ""Not easily Noticed""}, {""value"": ""5.0"", ""label"": ""No Other Defect""}]"
1780,j075,SPEECH DEFECT DESCRIBED,numeric,NOMINAL,-6.0 thru -1.0,"[{""value"": ""-1.0"", ""label"": ""Not applicable""}, {""value"": ""1.0"", ""label"": ""Delayed Lang Devpmt""}, {""value"": ""3.0"", ""label"": ""Delayed Phonological""}, {""value"": ""4.0"", ""label"": ""Speech Probs ???""}, {""value"": ""5.0"", ""label"": ""Minor Phonological""}, {""value"": ""6.0"", ""label"": ""Fluency Problems""}, {""value"": ""7.0"", ""label"": ""Voice Disorders""}, {""value"": ""8.0"", ""label"": ""Nasal Resonance Disr""}, {""value"": ""9.0"", ""label"": ""Ill Defined Speech""}, {""value"": ""10.0"", ""label"": ""1+2""}, {""value"": ""11.0"", ""label"": ""1+3""}, {""value"": ""12.0"", ""label"": ""2+4""}, {""value"": ""13.0"", ""label"": ""3+7""}, {""value"": ""14.0"", ""label"": ""3+8""}, {""value"": ""15.0"", ""label"": ""4+7""}, {""value"": ""16.0"", ""label"": ""5+7""}, {""value"": ""17.0"", ""label"": ""5+8""}, {""value"": ""18.0"", ""label"": ""8+9""}, {""value"": ""20.0"", ""label"": ""6+3""}, {""value"": ""21.0"", ""label"": ""6+4""}, {""value"": ""23.0"", ""label"": ""6+8""}, {""value"": ""99.0"", ""label"": ""Missing Information""}]"
1781,j076,A24-DOES CHILD USE SIGN LANGUAGE AT ALL?,numeric,NOMINAL,-4.0 thru -3.0,"[{""value"": ""-4.0"", ""label"": ""More Than 1 Answer""}, {""value"": ""-3.0"", ""label"": ""Not Stated""}, {""value"": ""1.0"", ""label"": ""Yes""}, {""value"": ""2.0"", ""label"": ""No""}]"
1782,j077,A25-HOW WELL DOES CHILD CONCENTRATE,numeric,SCALE,-6.0 thru -3.0 and -1.0,"[{""value"": ""-3.0"", ""label"": ""Not Stated""}, {""value"": ""1.0"", ""label"": ""Excellent""}, {""value"": ""47.0"", ""label"": ""Cannot concentrate""}]"
1783,j078,A26-PERCENTAGE OF TIME CONCENTRATING,numeric,SCALE,-6.0 thru -3.0 and -1.0,"[{""value"": ""-3.0"", ""label"": ""Not Stated""}]"
1784,j079,A26-PERCENTAGE OF TIME INTERESTED IN OTHER TASKS,numeric,SCALE,-6.0 thru -3.0 and -1.0,"[{""value"": ""-3.0"", ""label"": ""Not Stated""}]"
1785,j080,A26-PERCENTAGE OF TIME TALKING TO CHILDREN,numeric,SCALE,-6.0 thru -3.0 and -1.0,"[{""value"": ""-3.0"", ""label"": ""Not Stated""}]"
1786,j081,A26-PERCENTAGE OF TIME MOVING ROUND THE CLASSROOM,numeric,SCALE,-6.0 thru -3.0 and -1.0,"[{""value"": ""-3.0"", ""label"": ""Not Stated""}]"
1787,j082,A26-PERCENTAGE OF TIME FIDGETING ETC,numeric,SCALE,-6.0 thru -3.0 and -1.0,"[{""value"": ""-3.0"", ""label"": ""Not Stated""}]"
1788,j083,A26-PERCENTAGE TIME SERIOUS BEHAVIOURAL ABERRATION,numeric,SCALE,-6.0 thru -3.0 and -1.0,"[{""value"": ""-3.0"", ""label"": ""Not Stated""}]"
1789,j084,A26-PERCENTAGE OF TIME DAY-DREAMING,numeric,SCALE,-6.0 thru -3.0 and -1.0,"[{""value"": ""-3.0"", ""label"": ""Not Stated""}]"
1790,j085,A26-TOTAL,numeric,SCALE,-6.0 thru -3.0 and -1.0,"[{""value"": ""-3.0"", ""label"": ""Not Stated""}]"
1791,j085a,COMPUTED TOTAL FOR QUESTION A26,numeric,SCALE,-6.0 thru -3.0 and -1.0,"[{""value"": ""-3.0"", ""label"": ""Not Stated""}]"
1792,j086,A27-DOES CHILD ACCEPT SCHOOL CURRICULUM?,numeric,SCALE,-6.0 thru -3.0 and -1.0,"[{""value"": ""-3.0"", ""label"": ""Not Stated""}, {""value"": ""1.0"", ""label"": ""Complete Hostility""}, {""value"": ""47.0"", ""label"": ""Complete acceptance""}]"
1793,j087,A28-DOES CHILD SHOW PERSEVERANCE,numeric,SCALE,-6.0 thru -3.0 and -1.0,"[{""value"": ""-3.0"", ""label"": ""Not Stated""}, {""value"": ""1.0"", ""label"": ""None""}, {""value"": ""47.0"", ""label"": ""Unlimited""}]"
1794,j088,A29-DOES CHILD WORK INDEPENDENTLY,numeric,SCALE,-6.0 thru -3.0 and -1.0,"[{""value"": ""-3.0"", ""label"": ""Not Stated""}, {""value"": ""1.0"", ""label"": ""Teacher Guidance""}, {""value"": ""47.0"", ""label"": ""Work independently""}]"
1795,j089,A30-PARENTS' DISCUSSIONS WITH TEACHER,numeric,NOMINAL,-4.0 thru -3.0,"[{""value"": ""-4.0"", ""label"": ""More Than 1 Answer""}, {""value"": ""-3.0"", ""label"": ""Not Stated""}, {""value"": ""0.0"", ""label"": ""None""}, {""value"": ""1.0"", ""label"": ""One""}, {""value"": ""2.0"", ""label"": ""Two""}, {""value"": ""3.0"", ""label"": ""Three or More""}, {""value"": ""4.0"", ""label"": ""Cannot say""}]"
1796,j090,A30-PARENTS' DISCUSSIONS WITH SCHOOL MASTER,numeric,NOMINAL,-6.0 thru -3.0 and -1.0,"[{""value"": ""-3.0"", ""label"": ""Not Stated""}, {""value"": ""0.0"", ""label"": ""None""}, {""value"": ""1.0"", ""label"": ""One""}, {""value"": ""2.0"", ""label"": ""Two""}, {""value"": ""3.0"", ""label"": ""Three or More""}, {""value"": ""4.0"", ""label"": ""Cannot say""}]"
1797,j091,A31-TIME DISCUSSING CHILD WITH STAFF LAST TERM,numeric,NOMINAL,-4.0 thru -3.0 and -2.0,"[{""value"": ""-4.0"", ""label"": ""More than 1 answer""}, {""value"": ""-3.0"", ""label"": ""Not stated""}, {""value"": ""-2.0"", ""label"": ""Not known""}, {""value"": ""0.0"", ""label"": ""Nil""}, {""value"": ""1.0"", ""label"": ""Under 1/2 hour""}, {""value"": ""2.0"", ""label"": ""1/2 - 1 hour""}, {""value"": ""3.0"", ""label"": ""1 - 2 hours""}, {""value"": ""4.0"", ""label"": ""2 - 3 hours""}, {""value"": ""5.0"", ""label"": ""Over 3 hours""}]"
1798,j092,A31-PROPORTION OF TIME ON EDUCATIONAL PROGRESS,numeric,SCALE,-6.0 thru -3.0 and -1.0,"[{""value"": ""-3.0"", ""label"": ""Not Stated""}, {""value"": ""-1.0"", ""label"": ""Not Applicable""}]"
1799,j093,A31-PROPORTION OF TIME ON BEHAVIOURAL PROBLEMS,numeric,SCALE,-6.0 thru -3.0 and -1.0,"[{""value"": ""-3.0"", ""label"": ""Not Stated""}, {""value"": ""-1.0"", ""label"": ""Not Applicable""}]"
1800,j094,A31-PROPORTION OF TIME ON HEALTH PROBLEMS,numeric,SCALE,-6.0 thru -3.0 and -1.0,"[{""value"": ""-3.0"", ""label"": ""Not Stated""}, {""value"": ""-1.0"", ""label"": ""Not Applicable""}]"
1801,j095,A31-PROPORTION OF TIME ON FAMILY PROBLEMS,numeric,SCALE,-6.0 thru -3.0 and -1.0,"[{""value"": ""-3.0"", ""label"": ""Not Stated""}, {""value"": ""-1.0"", ""label"": ""Not Applicable""}]"
1802,j096,COMPUTED TOTAL FOR QUESTION A31,numeric,SCALE,-6.0 thru -3.0 and -1.0,"[{""value"": ""-3.0"", ""label"": ""Not stated""}, {""value"": ""-1.0"", ""label"": ""Not applicable""}]"
1803,j097,A32-MOTHER'S INTEREST IN CHILD'S EDUCATION,numeric,NOMINAL,-4.0 thru -3.0 and -1.0,"[{""value"": ""-4.0"", ""label"": ""More Than 1 Answer""}, {""value"": ""-3.0"", ""label"": ""Not Stated""}, {""value"": ""-1.0"", ""label"": ""Not Applicable""}, {""value"": ""1.0"", ""label"": ""Very Interested""}, {""value"": ""2.0"", ""label"": ""Moderate Interest""}, {""value"": ""3.0"", ""label"": ""Very Little Interest""}, {""value"": ""4.0"", ""label"": ""Uninterested""}, {""value"": ""5.0"", ""label"": ""Cannot Say""}, {""value"": ""6.0"", ""label"": ""No Parents""}]"
1804,j098,A32-FATHER'S INTEREST IN CHILD'S EDUCATION,numeric,NOMINAL,-4.0 thru -3.0 and -1.0,"[{""value"": ""-4.0"", ""label"": ""More Than 1 Answer""}, {""value"": ""-3.0"", ""label"": ""Not Stated""}, {""value"": ""-1.0"", ""label"": ""Not Applicable""}, {""value"": ""1.0"", ""label"": ""Very Interested""}, {""value"": ""2.0"", ""label"": ""Moderate Interest""}, {""value"": ""3.0"", ""label"": ""Very Little Interest""}, {""value"": ""4.0"", ""label"": ""Uninterested""}, {""value"": ""5.0"", ""label"": ""Cannot Say""}, {""value"": ""6.0"", ""label"": ""No Parents""}]"
1805,j099,A33-MOTHER'S ATTITUDE BALANCED,numeric,NOMINAL,-6.0 thru -1.0,"[{""value"": ""0.0"", ""label"": ""Does Not Apply""}, {""value"": ""1.0"", ""label"": ""Yes applies""}]"
1806,j100,A33-MOTHER'S ATTITUDE OVER-CONCERNED,numeric,NOMINAL,-6.0 thru -1.0,"[{""value"": ""0.0"", ""label"": ""Does Not Apply""}, {""value"": ""1.0"", ""label"": ""Yes applies""}]"
1807,j101,A33-MOTHER'S ATTITUDE HOSTILE,numeric,NOMINAL,-6.0 thru -1.0,"[{""value"": ""0.0"", ""label"": ""Does Not Apply""}, {""value"": ""1.0"", ""label"": ""Yes applies""}]"
1808,j102,A33-MOTHER'S ATTITUDE DISMISSIVE,numeric,NOMINAL,-6.0 thru -1.0,"[{""value"": ""0.0"", ""label"": ""Does Not Apply""}, {""value"": ""1.0"", ""label"": ""Yes applies""}]"
1809,j103,A33-MOTHER'S ATTITUDE CANNOT SAY,numeric,NOMINAL,-6.0 thru -1.0,"[{""value"": ""0.0"", ""label"": ""Does Not Apply""}, {""value"": ""1.0"", ""label"": ""Yes applies""}]"
1810,j104,A33-MOTHER'S ATTITUDE NO PARENTS,numeric,NOMINAL,-6.0 thru -1.0,"[{""value"": ""0.0"", ""label"": ""Does Not Apply""}, {""value"": ""1.0"", ""label"": ""Yes applies""}]"
1811,j105,A33-FATHER'S ATTITUDE BALANCED,numeric,NOMINAL,-6.0 thru -1.0,"[{""value"": ""0.0"", ""label"": ""Does Not Apply""}, {""value"": ""1.0"", ""label"": ""Yes applies""}]"
1812,j106,A33-FATHER'S ATTITUDE OVER-CONCERNED,numeric,NOMINAL,-6.0 thru -1.0,"[{""value"": ""0.0"", ""label"": ""Does Not Apply""}, {""value"": ""1.0"", ""label"": ""Yes applies""}]"
1813,j107,A33-FATHER'S ATTITUDE HOSTILE,numeric,NOMINAL,-6.0 thru -1.0,"[{""value"": ""0.0"", ""label"": ""Does Not Apply""}, {""value"": ""1.0"", ""label"": ""Yes applies""}]"
1814,j108,A33-FATHER'S ATTITUDE DISMISSIVE,numeric,NOMINAL,-6.0 thru -1.0,"[{""value"": ""0.0"", ""label"": ""Does Not Apply""}, {""value"": ""1.0"", ""label"": ""Yes applies""}]"
1815,j109,A33-FATHER'S ATTITUDE CANNOT SAY,numeric,NOMINAL,-6.0 thru -1.0,"[{""value"": ""0.0"", ""label"": ""Does Not Apply""}, {""value"": ""1.0"", ""label"": ""Yes applies""}]"
1816,j110,A33-FATHER'S ATTITUDE NO PARENTS,numeric,NOMINAL,-6.0 thru -1.0,"[{""value"": ""0.0"", ""label"": ""Does Not Apply""}, {""value"": ""1.0"", ""label"": ""Yes applies""}]"
1817,j111,B1A-TOTAL DAYS MISSED SCHOOLING,numeric,SCALE,-6.0 thru -3.0 and -1.0,"[{""value"": ""-3.0"", ""label"": ""Not Stated""}]"
1818,j112,B1B-REASON FOR ABSENCE ILLNESS,numeric,NOMINAL,-6.0 thru -1.0,"[{""value"": ""0.0"", ""label"": ""Reason doesn't apply""}, {""value"": ""1.0"", ""label"": ""Reason applies""}]"
1819,j112a,B1B-DAYS MISSED BECAUSE OF ILLNESS,numeric,SCALE,-6.0 thru -2.0 and -1.0,"[{""value"": ""-2.0"", ""label"": ""Not known""}]"
1820,j113,B1B-REASON FOR ABSENCE BEREAVEMENT,numeric,NOMINAL,-6.0 thru -1.0,"[{""value"": ""0.0"", ""label"": ""Reason doesn't apply""}, {""value"": ""1.0"", ""label"": ""Reason applies""}]"
1821,j113a,B1B-DAYS MISSED BECAUSE OF FAMILY BEREAVEMENT,numeric,SCALE,-6.0 thru -2.0 and -1.0,"[{""value"": ""-2.0"", ""label"": ""Not known""}]"
1822,j114,B1B-REASON FOR ABSENCE WEATHER ETC,numeric,NOMINAL,-6.0 thru -1.0,"[{""value"": ""0.0"", ""label"": ""Reason doesn't apply""}, {""value"": ""1.0"", ""label"": ""Reason applies""}]"
1823,j114a,B1B-DAYS MISSED BECAUSE OF WEATHER/TRANSPORT PROBLEMS,numeric,SCALE,-6.0 thru -2.0 and -1.0,"[{""value"": ""-2.0"", ""label"": ""Not known""}]"
1824,j115,B1B-REASON FOR ABSENCE TRUANTING,numeric,NOMINAL,-6.0 thru -1.0,"[{""value"": ""0.0"", ""label"": ""Reason doesn't apply""}, {""value"": ""1.0"", ""label"": ""Reason applies""}]"
1825,j115a,B1B-DAYS MISSED BECAUSE OF TRUANTING,numeric,SCALE,-6.0 thru -2.0 and -1.0,"[{""value"": ""-2.0"", ""label"": ""Not known""}]"
1826,j116,B1B-REASON FOR ABSENCE SUSPENSION,numeric,NOMINAL,-6.0 thru -1.0,"[{""value"": ""0.0"", ""label"": ""Reason doesn't apply""}, {""value"": ""1.0"", ""label"": ""Reason applies""}]"
1827,j116a,B1B-DAYS MISSED BECAUSE OF SUSPENSION,numeric,SCALE,-6.0 thru -2.0 and -1.0,"[{""value"": ""-2.0"", ""label"": ""Not known""}]"
1828,j117,B1B-REASON FOR ABSENCE HARDSHIP,numeric,NOMINAL,-6.0 thru -1.0,"[{""value"": ""0.0"", ""label"": ""Reason doesn't apply""}, {""value"": ""1.0"", ""label"": ""Reason applies""}]"
1829,j117a,B1B-DAYS MISSED BECAUSE OF MATERIAL HARDSHIP,numeric,NOMINAL,-6.0 thru -2.0 and -1.0,"[{""value"": ""-2.0"", ""label"": ""Not known""}]"
1830,j118,B1B-REASON FOR ABSENCE HELP FAMILY,numeric,NOMINAL,-6.0 thru -1.0,"[{""value"": ""0.0"", ""label"": ""Reason doesn't apply""}, {""value"": ""1.0"", ""label"": ""Reason applies""}]"
1831,j118a,B1B-DAYS MISSED BECAUSE OF HELPING FAMILY,numeric,SCALE,-6.0 thru -2.0 and -1.0,"[{""value"": ""-2.0"", ""label"": ""Not known""}]"
1832,j119,B1B-REASON FOR ABSENCE NOT KNOWN,numeric,NOMINAL,-6.0 thru -1.0,"[{""value"": ""0.0"", ""label"": ""Reason doesn't apply""}, {""value"": ""1.0"", ""label"": ""Reason applies""}]"
1833,j119a,B1B-DAYS MISSED REASON NOT KNOWN,numeric,SCALE,-6.0 thru -2.0 and -1.0,"[{""value"": ""-2.0"", ""label"": ""Not known""}]"
1834,j120,B1B-REASON FOR ABSENCE OTHER,numeric,NOMINAL,-6.0 thru -1.0,"[{""value"": ""0.0"", ""label"": ""Reason doesn't apply""}, {""value"": ""1.0"", ""label"": ""Reason applies""}]"
1835,j120a,B1B-DAYS MISSED FOR OTHER REASON,numeric,SCALE,-6.0 thru -2.0 and -1.0,"[{""value"": ""-2.0"", ""label"": ""Not known""}]"
1836,j121,OTHER REASON FOR ABSENCE FROM SCHOOL,numeric,NOMINAL,-6.0 thru -2.0 and -1.0,"[{""value"": ""-2.0"", ""label"": ""Not known""}, {""value"": ""-1.0"", ""label"": ""Not Applicable""}, {""value"": ""1.0"", ""label"": ""Holiday""}, {""value"": ""2.0"", ""label"": ""Family Problems""}, {""value"": ""3.0"", ""label"": ""Religious Reasons""}, {""value"": ""4.0"", ""label"": ""Dentist Etc""}, {""value"": ""5.0"", ""label"": ""Excuses""}, {""value"": ""6.0"", ""label"": ""Educational""}, {""value"": ""7.0"", ""label"": ""School Closed""}, {""value"": ""8.0"", ""label"": ""Emotional Problems""}, {""value"": ""9.0"", ""label"": ""Unspecified""}]"
1837,j122,B2-SCALE CHILD'S POPULARITY WITH PEERS,numeric,SCALE,-6.0 thru -3.0 and -1.0,"[{""value"": ""-3.0"", ""label"": ""Not Stated""}, {""value"": ""1.0"", ""label"": ""Not Popular""}, {""value"": ""47.0"", ""label"": ""Highly popular""}]"
1838,j123,B2-SCALE FRIENDS,numeric,SCALE,-6.0 thru -3.0 and -1.0,"[{""value"": ""-3.0"", ""label"": ""Not Stated""}, {""value"": ""1.0"", ""label"": ""Has Many Friends""}, {""value"": ""47.0"", ""label"": ""Has no friends""}]"
1839,j124,B2-SCALE BOLDNESS,numeric,SCALE,-6.0 thru -3.0 and -1.0,"[{""value"": ""-3.0"", ""label"": ""Not Stated""}, {""value"": ""1.0"", ""label"": ""Extreme Shyness""}, {""value"": ""47.0"", ""label"": ""Extreme boldness""}]"
1840,j125,B2-SCALE COOPERATIVE,numeric,SCALE,-6.0 thru -3.0 and -1.0,"[{""value"": ""-3.0"", ""label"": ""Not Stated""}, {""value"": ""1.0"", ""label"": ""Uncooperative""}, {""value"": ""47.0"", ""label"": ""Very co-operative""}]"
1841,j126,B3-SCALE NEGOTIATE CHILD'S BEHAVIOUR,numeric,SCALE,-6.0 thru -3.0 and -1.0,"[{""value"": ""-3.0"", ""label"": ""Not stated""}, {""value"": ""1.0"", ""label"": ""Not at all""}, {""value"": ""47.0"", ""label"": ""Very easily""}]"
1842,j127,C1-SCALE CHILD IS DAYDREAMING,numeric,SCALE,-6.0 thru -3.0 and -1.0,"[{""value"": ""-3.0"", ""label"": ""Not Stated""}, {""value"": ""1.0"", ""label"": ""Not At All""}, {""value"": ""47.0"", ""label"": ""A great deal""}]"
1843,j128,C2-SCALE AFRAID OF NEW THINGS/SITUATIONS,numeric,SCALE,-6.0 thru -3.0 and -1.0,"[{""value"": ""-3.0"", ""label"": ""Not Stated""}, {""value"": ""1.0"", ""label"": ""Not At All""}, {""value"": ""47.0"", ""label"": ""A great deal""}]"
1844,j129,C3-SCALE CANNOT CONCENTRATE ON PARTICULAR TASK,numeric,SCALE,-6.0 thru -3.0 and -1.0,"[{""value"": ""-3.0"", ""label"": ""Not Stated""}, {""value"": ""1.0"", ""label"": ""Not At All""}, {""value"": ""47.0"", ""label"": ""A great deal""}]"
1845,j130,C4-SCALE WETTING PANTS DURING CLASS,numeric,SCALE,-6.0 thru -3.0 and -1.0,"[{""value"": ""-3.0"", ""label"": ""Not Stated""}, {""value"": ""1.0"", ""label"": ""Not At All""}, {""value"": ""47.0"", ""label"": ""A great deal""}]"
1846,j131,C5-SCALE COMPLAINS ABOUT THINGS,numeric,SCALE,-6.0 thru -3.0 and -1.0,"[{""value"": ""-3.0"", ""label"": ""Not Stated""}, {""value"": ""1.0"", ""label"": ""Not At All""}, {""value"": ""47.0"", ""label"": ""A great deal""}]"
1847,j132,C6-SCALE TRIPS FALLS BUMPS,numeric,SCALE,-6.0 thru -3.0 and -1.0,"[{""value"": ""-3.0"", ""label"": ""Not Stated""}, {""value"": ""1.0"", ""label"": ""Not At All""}, {""value"": ""47.0"", ""label"": ""A great deal""}]"
1848,j133,C7-SCALE WORKS DEFTLY WITH HANDS,numeric,SCALE,-6.0 thru -3.0 and -1.0,"[{""value"": ""-3.0"", ""label"": ""Not Stated""}, {""value"": ""1.0"", ""label"": ""Not At All""}, {""value"": ""47.0"", ""label"": ""A great deal""}]"
1849,j134,C8-SCALE DISPLAYS OUTBURSTS OF TEMPER,numeric,SCALE,-6.0 thru -3.0 and -1.0,"[{""value"": ""-3.0"", ""label"": ""Not Stated""}, {""value"": ""1.0"", ""label"": ""Not At All""}, {""value"": ""47.0"", ""label"": ""A great deal""}]"
1850,j135,C9-SCALE TEASES OTHER CHILDREN,numeric,SCALE,-6.0 thru -3.0 and -1.0,"[{""value"": ""-3.0"", ""label"": ""Not Stated""}, {""value"": ""1.0"", ""label"": ""Not At All""}, {""value"": ""47.0"", ""label"": ""A great deal""}]"
1851,j136,C10-SCALE CLUMSY AT GAMES,numeric,SCALE,-6.0 thru -3.0 and -1.0,"[{""value"": ""-3.0"", ""label"": ""Not Stated""}, {""value"": ""1.0"", ""label"": ""Not At All""}, {""value"": ""47.0"", ""label"": ""A great deal""}]"
1852,j137,C11-SCALE CRIES FOR LITTLE CAUSE,numeric,SCALE,-6.0 thru -3.0 and -1.0,"[{""value"": ""-3.0"", ""label"": ""Not Stated""}, {""value"": ""1.0"", ""label"": ""Not At All""}, {""value"": ""47.0"", ""label"": ""A great deal""}]"
1853,j138,C12-SCALE BECOMES BORED DURING CLASS,numeric,SCALE,-6.0 thru -3.0 and -1.0,"[{""value"": ""-3.0"", ""label"": ""Not Stated""}, {""value"": ""1.0"", ""label"": ""Not At All""}, {""value"": ""47.0"", ""label"": ""A great deal""}]"
1854,j139,C13-SCALE SHOWS PERSEVERANCE,numeric,SCALE,-6.0 thru -3.0 and -1.0,"[{""value"": ""-3.0"", ""label"": ""Not Stated""}, {""value"": ""1.0"", ""label"": ""Not At All""}, {""value"": ""47.0"", ""label"": ""A great deal""}]"
1855,j140,C14-SCALE DIFFICULTY KICKING BALL,numeric,SCALE,-6.0 thru -3.0 and -1.0,"[{""value"": ""-3.0"", ""label"": ""Not Stated""}, {""value"": ""1.0"", ""label"": ""Not At All""}, {""value"": ""47.0"", ""label"": ""A great deal""}]"
1856,j141,C15-SCALE DRESSES/UNDRESSES COMPETENTLY,numeric,SCALE,-6.0 thru -3.0 and -1.0,"[{""value"": ""-3.0"", ""label"": ""Not Stated""}, {""value"": ""1.0"", ""label"": ""Not At All""}, {""value"": ""47.0"", ""label"": ""A great deal""}]"
1857,j142,C16-SCALE INTERFERES WITH OTHERS,numeric,SCALE,-6.0 thru -3.0 and -1.0,"[{""value"": ""-3.0"", ""label"": ""Not Stated""}, {""value"": ""1.0"", ""label"": ""Not At All""}, {""value"": ""47.0"", ""label"": ""A great deal""}]"
1858,j143,C17-SCALE CONFUSED OR HESITANT,numeric,SCALE,-6.0 thru -3.0 and -1.0,"[{""value"": ""-3.0"", ""label"": ""Not Stated""}, {""value"": ""1.0"", ""label"": ""Not At All""}, {""value"": ""47.0"", ""label"": ""A great deal""}]"
1859,j144,C18-SCALE DIFFICULTY PICKING UP SMALL OBJECTS,numeric,SCALE,-6.0 thru -3.0 and -1.0,"[{""value"": ""-3.0"", ""label"": ""Not Stated""}, {""value"": ""1.0"", ""label"": ""Not At All""}, {""value"": ""47.0"", ""label"": ""A great deal""}]"
1860,j145,C19-SCALE BEHAVES 'NERVOUSLY',numeric,SCALE,-6.0 thru -3.0 and -1.0,"[{""value"": ""-3.0"", ""label"": ""Not Stated""}, {""value"": ""1.0"", ""label"": ""Not At All""}, {""value"": ""47.0"", ""label"": ""A great deal""}]"
1861,j146,C20-SCALE FUSSY OR OVER-PARTICULAR,numeric,SCALE,-6.0 thru -3.0 and -1.0,"[{""value"": ""-3.0"", ""label"": ""Not Stated""}, {""value"": ""1.0"", ""label"": ""Not At All""}, {""value"": ""47.0"", ""label"": ""A great deal""}]"
1862,j147,C21-SCALE CHANGES MOOD QUICKLY,numeric,SCALE,-6.0 thru -3.0 and -1.0,"[{""value"": ""-3.0"", ""label"": ""Not Stated""}, {""value"": ""1.0"", ""label"": ""Not At All""}, {""value"": ""47.0"", ""label"": ""A great deal""}]"
1863,j148,C22-SCALE EXCITABLE IMPULSIVE,numeric,SCALE,-6.0 thru -3.0 and -1.0,"[{""value"": ""-3.0"", ""label"": ""Not Stated""}, {""value"": ""1.0"", ""label"": ""Not At All""}, {""value"": ""47.0"", ""label"": ""A great deal""}]"
1864,j149,C23-SCALE WORRIED AND ANXIOUS,numeric,SCALE,-6.0 thru -3.0 and -1.0,"[{""value"": ""-3.0"", ""label"": ""Not Stated""}, {""value"": ""1.0"", ""label"": ""Not At All""}, {""value"": ""47.0"", ""label"": ""A great deal""}]"
1865,j150,C24-SCALE SHOWS RESTLESS OR OVER-ACTIVE BEHAVIOUR,numeric,SCALE,-6.0 thru -3.0 and -1.0,"[{""value"": ""-3.0"", ""label"": ""Not Stated""}, {""value"": ""1.0"", ""label"": ""Not At All""}, {""value"": ""47.0"", ""label"": ""A great deal""}]"
1866,j151,C25-SCALE SQUIRMY AND FIDGETY,numeric,SCALE,-6.0 thru -3.0 and -1.0,"[{""value"": ""-3.0"", ""label"": ""Not Stated""}, {""value"": ""1.0"", ""label"": ""Not At All""}, {""value"": ""47.0"", ""label"": ""A great deal""}]"
1867,j152,C26-SCALE EASILY DISTRACTED,numeric,SCALE,-6.0 thru -3.0 and -1.0,"[{""value"": ""-3.0"", ""label"": ""Not Stated""}, {""value"": ""1.0"", ""label"": ""Not At All""}, {""value"": ""47.0"", ""label"": ""A great deal""}]"
1868,j153,C27-SCALE MANIPULATES SMALL OBJECTS WITH HANDS,numeric,SCALE,-6.0 thru -3.0 and -1.0,"[{""value"": ""-3.0"", ""label"": ""Not Stated""}, {""value"": ""1.0"", ""label"": ""Not At All""}, {""value"": ""47.0"", ""label"": ""A great deal""}]"
1869,j154,C28-SCALE DROPS THINGS BEING CARRIED,numeric,SCALE,-6.0 thru -3.0 and -1.0,"[{""value"": ""-3.0"", ""label"": ""Not Stated""}, {""value"": ""1.0"", ""label"": ""Not At All""}, {""value"": ""47.0"", ""label"": ""A great deal""}]"
1870,j155,C29-SCALE PAYS ATTENTION IN CLASS,numeric,SCALE,-6.0 thru -3.0 and -1.0,"[{""value"": ""-3.0"", ""label"": ""Not Stated""}, {""value"": ""1.0"", ""label"": ""Not At All""}, {""value"": ""47.0"", ""label"": ""A great deal""}]"
1871,j156,C30-SCALE RELATIONS WITH OTHERS UNHAPPY/TEARFUL,numeric,SCALE,-6.0 thru -3.0 and -1.0,"[{""value"": ""-3.0"", ""label"": ""Not Stated""}, {""value"": ""1.0"", ""label"": ""Not At All""}, {""value"": ""47.0"", ""label"": ""A great deal""}]"
1872,j157,C31-SCALE OBSESSIONAL ABOUT UNIMPORTANT TASKS,numeric,SCALE,-6.0 thru -3.0 and -1.0,"[{""value"": ""-3.0"", ""label"": ""Not Stated""}, {""value"": ""1.0"", ""label"": ""Not At All""}, {""value"": ""47.0"", ""label"": ""A great deal""}]"
1873,j158,C32-SCALE FORGETFUL ON COMPLEX TASK,numeric,SCALE,-6.0 thru -3.0 and -1.0,"[{""value"": ""-3.0"", ""label"": ""Not Stated""}, {""value"": ""1.0"", ""label"": ""Not At All""}, {""value"": ""47.0"", ""label"": ""A great deal""}]"
1874,j159,C33-SCALE RATHER SOLITARY,numeric,SCALE,-6.0 thru -3.0 and -1.0,"[{""value"": ""-3.0"", ""label"": ""Not Stated""}, {""value"": ""1.0"", ""label"": ""Not At All""}, {""value"": ""47.0"", ""label"": ""A great deal""}]"
1875,j160,C34-SCALE QUARRELS WITH OTHER KIDS,numeric,SCALE,-6.0 thru -3.0 and -1.0,"[{""value"": ""-3.0"", ""label"": ""Not Stated""}, {""value"": ""1.0"", ""label"": ""Not At All""}, {""value"": ""47.0"", ""label"": ""A great deal""}]"
1876,j161,C35-SCALE CAN USE MANIPULATIVE EQUIPMENT,numeric,SCALE,-6.0 thru -3.0 and -1.0,"[{""value"": ""-3.0"", ""label"": ""Not Stated""}, {""value"": ""1.0"", ""label"": ""Not At All""}, {""value"": ""47.0"", ""label"": ""A great deal""}]"
1877,j162,C36-SCALE SHOWS LETHARGIC/LISTLESS BEHAVIOUR,numeric,SCALE,-6.0 thru -3.0 and -1.0,"[{""value"": ""-3.0"", ""label"": ""Not Stated""}, {""value"": ""1.0"", ""label"": ""Not At All""}, {""value"": ""47.0"", ""label"": ""A great deal""}]"
1878,j163,C37-SCALE DESTROYS BELONGINGS,numeric,SCALE,-6.0 thru -3.0 and -1.0,"[{""value"": ""-3.0"", ""label"": ""Not Stated""}, {""value"": ""1.0"", ""label"": ""Not At All""}, {""value"": ""47.0"", ""label"": ""A great deal""}]"
1879,j164,C37-SCALE HUMS OR MAKES ODD VOCALS,numeric,SCALE,-6.0 thru -3.0 and -1.0,"[{""value"": ""-3.0"", ""label"": ""Not Stated""}, {""value"": ""1.0"", ""label"": ""Not At All""}, {""value"": ""47.0"", ""label"": ""A great deal""}]"
1880,j165,C39-SCALE RHYTHMIC TAPPING IN CLASS,numeric,SCALE,-6.0 thru -3.0 and -1.0,"[{""value"": ""-3.0"", ""label"": ""Not Stated""}, {""value"": ""1.0"", ""label"": ""Not At All""}, {""value"": ""47.0"", ""label"": ""A great deal""}]"
1881,j166,C40-SCALE INADEQUATE CONTROL OF PENCIL/PAINT BRUSH,numeric,SCALE,-6.0 thru -3.0 and -1.0,"[{""value"": ""-3.0"", ""label"": ""Not Stated""}, {""value"": ""1.0"", ""label"": ""Not At All""}, {""value"": ""47.0"", ""label"": ""A great deal""}]"
1882,j167,C41-SCALE SOILS PANTS DURING CLASS,numeric,SCALE,-6.0 thru -3.0 and -1.0,"[{""value"": ""-3.0"", ""label"": ""Not Stated""}, {""value"": ""1.0"", ""label"": ""Not At All""}, {""value"": ""47.0"", ""label"": ""A great deal""}]"
1883,j168,C42-SCALE ACCIDENT PRONE,numeric,SCALE,-6.0 thru -3.0 and -1.0,"[{""value"": ""-3.0"", ""label"": ""Not Stated""}, {""value"": ""1.0"", ""label"": ""Not At All""}, {""value"": ""47.0"", ""label"": ""A great deal""}]"
1884,j169,C43-SCALE BULLIES OTHER CHILDREN,numeric,SCALE,-6.0 thru -3.0 and -1.0,"[{""value"": ""-3.0"", ""label"": ""Not Stated""}, {""value"": ""1.0"", ""label"": ""Not At All""}, {""value"": ""47.0"", ""label"": ""A great deal""}]"
1885,j170,C44-SCALE SULLEN OR SULKY,numeric,SCALE,-6.0 thru -3.0 and -1.0,"[{""value"": ""-3.0"", ""label"": ""Not Stated""}, {""value"": ""1.0"", ""label"": ""Not At All""}, {""value"": ""47.0"", ""label"": ""A great deal""}]"
1886,j171,"C45-SCALE HAS TWITCHES, MANNERISMS/TICS",numeric,SCALE,-6.0 thru -3.0 and -1.0,"[{""value"": ""-3.0"", ""label"": ""Not Stated""}, {""value"": ""1.0"", ""label"": ""Not At All""}, {""value"": ""47.0"", ""label"": ""A great deal""}]"
1887,j172,C46-SCALE TRUANTS FROM SCHOOL,numeric,SCALE,-6.0 thru -3.0 and -1.0,"[{""value"": ""-3.0"", ""label"": ""Not Stated""}, {""value"": ""1.0"", ""label"": ""Not At All""}, {""value"": ""47.0"", ""label"": ""A great deal""}]"
1888,j173,C47-SCALE FEARFUL IN MOVEMENTS,numeric,SCALE,-6.0 thru -3.0 and -1.0,"[{""value"": ""-3.0"", ""label"": ""Not Stated""}, {""value"": ""1.0"", ""label"": ""Not At All""}, {""value"": ""47.0"", ""label"": ""A great deal""}]"
1889,j174,C48-SCALE COMPLETES TASKS,numeric,SCALE,-6.0 thru -3.0 and -1.0,"[{""value"": ""-3.0"", ""label"": ""Not Stated""}, {""value"": ""1.0"", ""label"": ""Not At All""}, {""value"": ""47.0"", ""label"": ""A great deal""}]"
1890,j175,C49-SCALE IS EASILY FRUSTRATED,numeric,SCALE,-6.0 thru -3.0 and -1.0,"[{""value"": ""-3.0"", ""label"": ""Not Stated""}, {""value"": ""1.0"", ""label"": ""Not At All""}, {""value"": ""47.0"", ""label"": ""A great deal""}]"
1891,j176,C50-SCALE HOLDS INSTRUMENTS APPROPRIATELY,numeric,SCALE,-6.0 thru -3.0 and -1.0,"[{""value"": ""-3.0"", ""label"": ""Not Stated""}, {""value"": ""1.0"", ""label"": ""Not At All""}, {""value"": ""47.0"", ""label"": ""A great deal""}]"
1892,j177,C51-SCALE FAILS TO FINISH TASKS,numeric,SCALE,-6.0 thru -3.0 and -1.0,"[{""value"": ""-3.0"", ""label"": ""Not Stated""}, {""value"": ""1.0"", ""label"": ""Not At All""}, {""value"": ""47.0"", ""label"": ""A great deal""}]"
1893,j178a,C52A-SCALE EXTROVERT-INTROVERT,numeric,SCALE,-6.0 thru -3.0 and -1.0,"[{""value"": ""-3.0"", ""label"": ""Not Stated""}, {""value"": ""1.0"", ""label"": ""Introvert""}, {""value"": ""47.0"", ""label"": ""Extrovert, lively""}]"
1894,j178b,C52B-SCALE ANXIOUS-UNWORRIED,numeric,SCALE,-6.0 thru -3.0 and -1.0,"[{""value"": ""-3.0"", ""label"": ""Not Stated""}, {""value"": ""1.0"", ""label"": ""Introvert""}, {""value"": ""47.0"", ""label"": ""Extrovert, lively""}]"
1895,j179a,D1-WHAT DAY DID CHILD JOIN CLASS?,numeric,SCALE,-6.0 thru -3.0 and -1.0,"[{""value"": ""-3.0"", ""label"": ""Not Stated""}]"
1896,j179b,D1-WHAT MONTH DID CHILD JOIN CLASS?,numeric,NOMINAL,-4.0 thru -3.0 and -2.0,"[{""value"": ""-3.0"", ""label"": ""Not stated""}, {""value"": ""-2.0"", ""label"": ""Not known""}]"
1897,j179c,D1-WHAT YEAR DID CHILD JOIN CLASS?,numeric,SCALE,-6.0 thru -3.0 and -1.0,"[{""value"": ""-3.0"", ""label"": ""Not Stated""}]"
1898,j180,D2-NUMBER OF PUPILS ON CLASS REGISTER,numeric,SCALE,-6.0 thru -3.0 and -1.0,"[{""value"": ""-3.0"", ""label"": ""Not Stated""}]"
1899,j181,D3-PUPILS IN REMEDIAL READING HELP CLASS,numeric,SCALE,-4.0 thru -3.0 and -2.0,"[{""value"": ""-3.0"", ""label"": ""Not stated""}, {""value"": ""-2.0"", ""label"": ""Not known""}]"
1900,j182,D3-PUPILS IN REMEDIAL MATHS HELP CLASS,numeric,SCALE,-4.0 thru -3.0 and -2.0,"[{""value"": ""-3.0"", ""label"": ""Not stated""}, {""value"": ""-2.0"", ""label"": ""Not known""}]"
1901,j183,D3-PUPILS IN REMEDIAL NURTURE GROUP CLASS,numeric,NOMINAL,-6.0 thru -3.0 and -1.0,"[{""value"": ""-3.0"", ""label"": ""Not Stated""}]"
1902,j184,D4-HOURS WEEKLY CLASS TEACHING,numeric,SCALE,-6.0 thru -3.0 and -1.0,"[{""value"": ""-3.0"", ""label"": ""Not stated""}, {""value"": ""-1.0"", ""label"": ""Not applicable""}]"
1903,j185,D5A-WEEKLY HOURS IN CLASS,numeric,SCALE,-6.0 thru -3.0 and -1.0,"[{""value"": ""-3.0"", ""label"": ""Not stated""}, {""value"": ""-1.0"", ""label"": ""Not applicable""}]"
1904,j186,D5A-WEEKLY HOURS OUTSIDE CLASS,numeric,SCALE,-6.0 thru -3.0 and -1.0,"[{""value"": ""-3.0"", ""label"": ""Not Stated""}]"
1905,j187,D5A-WEEKLY HOURS WITH OTHER CLASS,numeric,SCALE,-6.0 thru -3.0 and -1.0,"[{""value"": ""-3.0"", ""label"": ""Not Stated""}]"
1906,j188,D5B-DOES 2ND TEACHER HELP IN CLASS,numeric,NOMINAL,-6.0 thru -3.0 and -1.0,"[{""value"": ""-3.0"", ""label"": ""Not Stated""}, {""value"": ""1.0"", ""label"": ""Yes""}, {""value"": ""2.0"", ""label"": ""No""}]"
1907,j189,D5B-HOURS 2ND TEACHER SPENDS IN CLASS,numeric,SCALE,-6.0 thru -3.0 and -1.0,"[{""value"": ""-3.0"", ""label"": ""Not Stated""}, {""value"": ""-1.0"", ""label"": ""Not Applicable""}]"
1908,j190,D5B-HOURS 2ND TEACHER SPENDS ELSEWHERE,numeric,SCALE,-6.0 thru -3.0 and -1.0,"[{""value"": ""-3.0"", ""label"": ""Not Stated""}, {""value"": ""-1.0"", ""label"": ""Not Applicable""}]"
1909,j191,D5C-DOES 3RD TEACHER HELP IN CLASS,numeric,NOMINAL,-6.0 thru -3.0 and -1.0,"[{""value"": ""-3.0"", ""label"": ""Not Stated""}, {""value"": ""1.0"", ""label"": ""Yes""}, {""value"": ""2.0"", ""label"": ""No""}]"
1910,j192,D5C-HOURS 3RD TEACHER SPENDS IN CLASS,numeric,SCALE,-6.0 thru -3.0 and -1.0,"[{""value"": ""-3.0"", ""label"": ""Not Stated""}, {""value"": ""-1.0"", ""label"": ""Not Applicable""}]"
1911,j193,D5C-HOURS 3RD TEACHER SPENDS ELSEWHERE,numeric,SCALE,-6.0 thru -3.0 and -1.0,"[{""value"": ""-3.0"", ""label"": ""Not Stated""}, {""value"": ""-1.0"", ""label"": ""Not Applicable""}]"
1912,j194,D5D-ARE THERE TEACHER AIDES IN CLASS,numeric,NOMINAL,-6.0 thru -3.0 and -1.0,"[{""value"": ""-3.0"", ""label"": ""Not Stated""}, {""value"": ""1.0"", ""label"": ""Yes""}, {""value"": ""2.0"", ""label"": ""No""}]"
1913,j195,D5D-HOURS AIDES USED,numeric,SCALE,-6.0 thru -3.0 and -1.0,"[{""value"": ""-3.0"", ""label"": ""Not Stated""}, {""value"": ""-1.0"", ""label"": ""Not Applicable""}]"
1914,j196,D5E-ARE THERE PARENT HELPERS,numeric,NOMINAL,-6.0 thru -3.0 and -1.0,"[{""value"": ""-3.0"", ""label"": ""Not Stated""}, {""value"": ""1.0"", ""label"": ""Yes""}, {""value"": ""2.0"", ""label"": ""No""}]"
1915,j197,D5E-NUMBER OF PARENT HELPERS,numeric,NOMINAL,-6.0 thru -3.0 and -1.0,"[{""value"": ""-3.0"", ""label"": ""Not Stated""}, {""value"": ""-1.0"", ""label"": ""Not Applicable""}]"
1916,j198,D5E-TOTAL PARENT HELPER HOURS,numeric,SCALE,-6.0 thru -3.0 and -1.0,"[{""value"": ""-3.0"", ""label"": ""Not Stated""}, {""value"": ""-1.0"", ""label"": ""Not Applicable""}]"
1917,j199,D5F-ARE GROUPS TAKEN OUTSIDE CLASS,numeric,NOMINAL,-6.0 thru -3.0 and -1.0,"[{""value"": ""-3.0"", ""label"": ""Not Stated""}, {""value"": ""1.0"", ""label"": ""Yes""}, {""value"": ""2.0"", ""label"": ""No""}]"
1918,j200,D5F-AVERAGE SIZE OF GROUP,numeric,SCALE,-6.0 thru -3.0 and -1.0,"[{""value"": ""-3.0"", ""label"": ""Not Stated""}, {""value"": ""-1.0"", ""label"": ""Not Applicable""}]"
1919,j201,D5G-ARE INDIVIDUALS TAKEN OUTSIDE CLASS,numeric,NOMINAL,-6.0 thru -3.0 and -1.0,"[{""value"": ""-3.0"", ""label"": ""Not Stated""}, {""value"": ""1.0"", ""label"": ""Yes""}, {""value"": ""2.0"", ""label"": ""No""}]"
1920,j202,D5G-ESTIMATED NUMBER OF WITHDRAWALS,numeric,SCALE,-6.0 thru -3.0 and -1.0,"[{""value"": ""-3.0"", ""label"": ""Not Stated""}, {""value"": ""-1.0"", ""label"": ""Not Applicable""}]"
1921,j203,D5G-TOTAL HOURS INDIVIDUAL TUITION,numeric,SCALE,-6.0 thru -3.0 and -1.0,"[{""value"": ""-3.0"", ""label"": ""Not Stated""}, {""value"": ""-1.0"", ""label"": ""Not Applicable""}]"
1922,j204,D6-MATHS: FOUR RULES,numeric,NOMINAL,-6.0 thru -1.0,"[{""value"": ""0.0"", ""label"": ""Area Not Covered""}, {""value"": ""1.0"", ""label"": ""Area Covered""}]"
1923,j205,D6-MATHS: OTHER NUMBER OPERATIONS,numeric,NOMINAL,-6.0 thru -1.0,"[{""value"": ""0.0"", ""label"": ""Area Not Covered""}, {""value"": ""1.0"", ""label"": ""Area Covered""}]"
1924,j206,D6-MATHS: GEOMETRY,numeric,NOMINAL,-6.0 thru -1.0,"[{""value"": ""0.0"", ""label"": ""Area Not Covered""}, {""value"": ""1.0"", ""label"": ""Area Covered""}]"
1925,j207,D6-MATHS: STATISTICS,numeric,NOMINAL,-6.0 thru -1.0,"[{""value"": ""0.0"", ""label"": ""Area Not Covered""}, {""value"": ""1.0"", ""label"": ""Area Covered""}]"
1926,j208,D6-MATHS: FRACTIONS,numeric,NOMINAL,-6.0 thru -1.0,"[{""value"": ""0.0"", ""label"": ""Area Not Covered""}, {""value"": ""1.0"", ""label"": ""Area Covered""}]"
1927,j209,D6-MATHS: MEASURE,numeric,NOMINAL,-6.0 thru -1.0,"[{""value"": ""0.0"", ""label"": ""Area Not Covered""}, {""value"": ""1.0"", ""label"": ""Area Covered""}]"
1928,j210,D6-MATHS: ALGEBRA,numeric,NOMINAL,-6.0 thru -1.0,"[{""value"": ""0.0"", ""label"": ""Area Not Covered""}, {""value"": ""1.0"", ""label"": ""Area Covered""}]"
1929,j211,D6-MATHS: OTHERS,numeric,NOMINAL,-6.0 thru -1.0,"[{""value"": ""0.0"", ""label"": ""Area Not Covered""}, {""value"": ""1.0"", ""label"": ""Area Covered""}]"
1930,j212,D7A-IS CLASS GIVEN HOMEWORK,numeric,NOMINAL,-4.0 thru -3.0 and -2.0,"[{""value"": ""-4.0"", ""label"": ""More Than 1 Answer""}, {""value"": ""-3.0"", ""label"": ""Not Stated""}, {""value"": ""1.0"", ""label"": ""Daily""}, {""value"": ""2.0"", ""label"": ""Several Times a Week""}, {""value"": ""3.0"", ""label"": ""Once a Week""}, {""value"": ""4.0"", ""label"": ""Occasionally""}, {""value"": ""5.0"", ""label"": ""On Demand By Parents""}, {""value"": ""6.0"", ""label"": ""Never""}]"
1931,j213,D7B-TYPE OF HOMEWORK,numeric,NOMINAL,-4.0 thru -3.0 and -1.0,"[{""value"": ""-4.0"", ""label"": ""More Than 1 Answer""}, {""value"": ""-3.0"", ""label"": ""Not Stated""}, {""value"": ""-1.0"", ""label"": ""Not Applicable""}, {""value"": ""1.0"", ""label"": ""Reading Study Tasks""}, {""value"": ""2.0"", ""label"": ""Study and Assignment""}, {""value"": ""3.0"", ""label"": ""Assignment Only""}]"
1932,j214,D8A-INCENTIVES:VERBAL PRAISE,numeric,NOMINAL,-6.0 thru -1.0,"[{""value"": ""0.0"", ""label"": ""Lozenge Unmarked""}, {""value"": ""1.0"", ""label"": ""Lozenge Marked""}]"
1933,j215,D8A-INCENTIVES:WRITTEN PRAISE,numeric,NOMINAL,-6.0 thru -1.0,"[{""value"": ""0.0"", ""label"": ""Lozenge Unmarked""}, {""value"": ""1.0"", ""label"": ""Lozenge Marked""}]"
1934,j216,D8A-INCENTIVES:NEITHER WRITTEN OR VERBAL,numeric,NOMINAL,-6.0 thru -1.0,"[{""value"": ""0.0"", ""label"": ""Lozenge Unmarked""}, {""value"": ""1.0"", ""label"": ""Lozenge Marked""}]"
1935,j217,D8B-INCENTIVES:NAMING IN CLASS,numeric,NOMINAL,-6.0 thru -1.0,"[{""value"": ""0.0"", ""label"": ""Lozenge Unmarked""}, {""value"": ""1.0"", ""label"": ""Lozenge Marked""}]"
1936,j218,D8B-INCENTIVES:NAMING IN ASSEMBLY,numeric,NOMINAL,-6.0 thru -1.0,"[{""value"": ""0.0"", ""label"": ""Lozenge Unmarked""}, {""value"": ""1.0"", ""label"": ""Lozenge Marked""}]"
1937,j219,D8B-INCENTIVES:NAMING NOT USED,numeric,NOMINAL,-6.0 thru -1.0,"[{""value"": ""0.0"", ""label"": ""Lozenge Unmarked""}, {""value"": ""1.0"", ""label"": ""Lozenge Marked""}]"
1938,j220,D8C-INCENTIVES:WORK DISPLAYED-EQUALLY,numeric,NOMINAL,-6.0 thru -1.0,"[{""value"": ""0.0"", ""label"": ""Lozenge Unmarked""}, {""value"": ""1.0"", ""label"": ""Lozenge Marked""}]"
1939,j221,D8C-INCENTIVES:WORK DISPLAYED-HIGH QUALITY,numeric,NOMINAL,-6.0 thru -1.0,"[{""value"": ""0.0"", ""label"": ""Lozenge Unmarked""}, {""value"": ""1.0"", ""label"": ""Lozenge Marked""}]"
1940,j222,D8C-INCENTIVES:WORK DISPLAYED-HIGH EFFORT,numeric,NOMINAL,-6.0 thru -1.0,"[{""value"": ""0.0"", ""label"": ""Lozenge Unmarked""}, {""value"": ""1.0"", ""label"": ""Lozenge Marked""}]"
1941,j223,D8C-INCENTIVES:WORK DISPLAYED-NOT USED,numeric,NOMINAL,-6.0 thru -1.0,"[{""value"": ""0.0"", ""label"": ""Lozenge Unmarked""}, {""value"": ""1.0"", ""label"": ""Lozenge Marked""}]"
1942,j224,D8D-INCENTIVES:AWARDING FREE TIME,numeric,NOMINAL,-6.0 thru -3.0 and -1.0,"[{""value"": ""-3.0"", ""label"": ""Not Stated""}, {""value"": ""1.0"", ""label"": ""Awarding Time Used""}, {""value"": ""2.0"", ""label"": ""Not Used""}]"
1943,j225,D8E-INCENTIVES:INDIVIDUAL COMPETITION,numeric,NOMINAL,-6.0 thru -1.0,"[{""value"": ""0.0"", ""label"": ""Lozenge Unmarked""}, {""value"": ""1.0"", ""label"": ""Lozenge Marked""}]"
1944,j226,D8E-INCENTIVES:GROUP COMPETITION,numeric,NOMINAL,-6.0 thru -1.0,"[{""value"": ""0.0"", ""label"": ""Lozenge Unmarked""}, {""value"": ""1.0"", ""label"": ""Lozenge Marked""}]"
1945,j227,D8E-INCENTIVES:COMPETITION NOT USED,numeric,NOMINAL,-6.0 thru -1.0,"[{""value"": ""0.0"", ""label"": ""Lozenge Unmarked""}, {""value"": ""1.0"", ""label"": ""Lozenge Marked""}]"
1946,j228,D8F-OTHER INCENTIVES,numeric,NOMINAL,-6.0 thru -1.0,"[{""value"": ""0.0"", ""label"": ""Lozenge Unmarked""}, {""value"": ""1.0"", ""label"": ""Lozenge Marked""}]"
1947,j229,D9-OPEN TEACHING,numeric,SCALE,-6.0 thru -3.0 and -1.0,"[{""value"": ""-3.0"", ""label"": ""Not Stated""}, {""value"": ""1.0"", ""label"": ""Traditional""}, {""value"": ""47.0"", ""label"": ""Open teaching""}]"
1948,j230,D9-DIDACTIC METHODS,numeric,SCALE,-6.0 thru -3.0 and -1.0,"[{""value"": ""-3.0"", ""label"": ""Not Stated""}, {""value"": ""1.0"", ""label"": ""Exploratory""}, {""value"": ""47.0"", ""label"": ""Didactic methods""}]"
1949,j231,D9-QUESTION AND ANSWER METHODS,numeric,SCALE,-6.0 thru -3.0 and -1.0,"[{""value"": ""-3.0"", ""label"": ""Not Stated""}, {""value"": ""1.0"", ""label"": ""Explanation""}, {""value"": ""47.0"", ""label"": ""Question and answer""}]"
1950,j232,D9-FIRM SCHEDULE,numeric,SCALE,-6.0 thru -3.0 and -1.0,"[{""value"": ""-3.0"", ""label"": ""Not stated""}, {""value"": ""1.0"", ""label"": ""Children's speed of work""}, {""value"": ""47.0"", ""label"": ""Firm schedule""}]"
1951,j233,D9-PLANNING INDIVIDUAL TASKS,numeric,SCALE,-6.0 thru -3.0 and -1.0,"[{""value"": ""-3.0"", ""label"": ""Not Stated""}, {""value"": ""1.0"", ""label"": ""General""}, {""value"": ""47.0"", ""label"": ""Specific""}]"
1952,j234,D10-ED GOALS: CLASSROOM TEST,numeric,NOMINAL,-6.0 thru -1.0,"[{""value"": ""0.0"", ""label"": ""Not Mentioned""}, {""value"": ""1.0"", ""label"": ""Mentioned""}]"
1953,j235,D10-ED GOALS: CSE O OR A LEVELS,numeric,NOMINAL,-6.0 thru -1.0,"[{""value"": ""0.0"", ""label"": ""Not Mentioned""}, {""value"": ""1.0"", ""label"": ""Mentioned""}]"
1954,j236,D10-ED GOALS: ENTRANCE EXAMS,numeric,NOMINAL,-6.0 thru -1.0,"[{""value"": ""0.0"", ""label"": ""Not Mentioned""}, {""value"": ""1.0"", ""label"": ""Mentioned""}]"
1955,j237,D10-ED GOALS: TECHNICAL/CRAFT TRAINING,numeric,NOMINAL,-6.0 thru -1.0,"[{""value"": ""0.0"", ""label"": ""Not Mentioned""}, {""value"": ""1.0"", ""label"": ""Mentioned""}]"
1956,j238,D10-ED GOALS: POLY UNI EDUCATION,numeric,NOMINAL,-6.0 thru -1.0,"[{""value"": ""0.0"", ""label"": ""Not Mentioned""}, {""value"": ""1.0"", ""label"": ""Mentioned""}]"
1957,j239,D10-ED GOALS: JOB-RISK OF UNEMPLOYMENT,numeric,NOMINAL,-6.0 thru -1.0,"[{""value"": ""0.0"", ""label"": ""Not Mentioned""}, {""value"": ""1.0"", ""label"": ""Mentioned""}]"
1958,j240,D10-ED GOALS: FAMILY TEACHER APPROVAL,numeric,NOMINAL,-6.0 thru -1.0,"[{""value"": ""0.0"", ""label"": ""Not Mentioned""}, {""value"": ""1.0"", ""label"": ""Mentioned""}]"
1959,j241,D10-ED GOALS: PEER APPROVAL,numeric,NOMINAL,-6.0 thru -1.0,"[{""value"": ""0.0"", ""label"": ""Not Mentioned""}, {""value"": ""1.0"", ""label"": ""Mentioned""}]"
1960,j242,D10-ED GOALS: PRIDE IN WORK DONE,numeric,NOMINAL,-6.0 thru -1.0,"[{""value"": ""0.0"", ""label"": ""Not Mentioned""}, {""value"": ""1.0"", ""label"": ""Mentioned""}]"
1961,j243,D10-ED GOALS: NONE OF THESE,numeric,NOMINAL,-6.0 thru -1.0,"[{""value"": ""0.0"", ""label"": ""Lozenge Unmarked""}, {""value"": ""1.0"", ""label"": ""Lozenge Marked""}]"
1962,j244,D11-SCALE SPECIFYING BEHAVIOR RULES,numeric,SCALE,-6.0 thru -3.0 and -1.0,"[{""value"": ""-3.0"", ""label"": ""Not stated""}, {""value"": ""1.0"", ""label"": ""Child's common sense""}, {""value"": ""47.0"", ""label"": ""Teacher specifies""}]"
1963,j245,D11-SCALE DEVELOPING QUESTIONING ATTITUDE,numeric,SCALE,-6.0 thru -3.0 and -1.0,"[{""value"": ""-3.0"", ""label"": ""Not Stated""}, {""value"": ""1.0"", ""label"": ""Respect For Values""}, {""value"": ""47.0"", ""label"": ""Questioning""}]"
1964,j246,D12-NUMBER OF GIRL PUPILS,numeric,SCALE,-6.0 thru -3.0 and -1.0,"[{""value"": ""-3.0"", ""label"": ""Not Stated""}]"
1965,j247,D12-NUMBER OF BOY PUPILS,numeric,SCALE,-6.0 thru -3.0 and -1.0,"[{""value"": ""-3.0"", ""label"": ""Not Stated""}]"
1966,j248,D13-NUMBER OF BOARDERS,numeric,SCALE,-6.0 thru -3.0 and -1.0,"[{""value"": ""-3.0"", ""label"": ""Not Stated""}]"
1967,j249,D14-AGE RANGE OF PUPILS FROM:,numeric,NOMINAL,-6.0 thru -3.0 and -1.0,"[{""value"": ""-3.0"", ""label"": ""Not Stated""}]"
1968,j250,D14-AGE RANGE OF PUPILS TO:,numeric,SCALE,-6.0 thru -3.0 and -1.0,"[{""value"": ""-3.0"", ""label"": ""Not Stated""}]"
1969,j251,D15-SCHOOL: MAINTAINED,numeric,NOMINAL,-6.0 thru -1.0,"[{""value"": ""0.0"", ""label"": ""Does Not Apply""}, {""value"": ""1.0"", ""label"": ""Description Applies""}]"
1970,j252,D15-SCHOOL: VOLUNTARY-CONTROLLED,numeric,NOMINAL,-6.0 thru -1.0,"[{""value"": ""0.0"", ""label"": ""Does Not Apply""}, {""value"": ""1.0"", ""label"": ""Description Applies""}]"
1971,j253,D15-SCHOOL: VOLUNTARY-AIDED,numeric,NOMINAL,-6.0 thru -1.0,"[{""value"": ""0.0"", ""label"": ""Does Not Apply""}, {""value"": ""1.0"", ""label"": ""Description Applies""}]"
1972,j254,D15-SCHOOL: DIRECT GRANT,numeric,NOMINAL,-6.0 thru -1.0,"[{""value"": ""0.0"", ""label"": ""Does Not Apply""}, {""value"": ""1.0"", ""label"": ""Description Applies""}]"
1973,j255,D15-SCHOOL: INDEPENDENT,numeric,NOMINAL,-6.0 thru -1.0,"[{""value"": ""0.0"", ""label"": ""Does Not Apply""}, {""value"": ""1.0"", ""label"": ""Description Applies""}]"
1974,j256,D15-SCHOOL: OTHER,numeric,NOMINAL,-6.0 thru -1.0,"[{""value"": ""0.0"", ""label"": ""Does Not Apply""}, {""value"": ""1.0"", ""label"": ""Unclassifiable""}, {""value"": ""2.0"", ""label"": ""Forces School""}, {""value"": ""3.0"", ""label"": ""Special Agreement""}]"
1975,j257,D16-JUNIOR AND INFANTS ALSO,numeric,NOMINAL,-6.0 thru -1.0,"[{""value"": ""0.0"", ""label"": ""Does Not Apply""}, {""value"": ""1.0"", ""label"": ""Description Applies""}]"
1976,j258,D16-MIDDLE AND FIRST ALSO,numeric,NOMINAL,-6.0 thru -1.0,"[{""value"": ""0.0"", ""label"": ""Does Not Apply""}, {""value"": ""1.0"", ""label"": ""Description Applies""}]"
1977,j259,D16-JUNIOR ALSO,numeric,NOMINAL,-6.0 thru -1.0,"[{""value"": ""0.0"", ""label"": ""Does Not Apply""}, {""value"": ""1.0"", ""label"": ""Description Applies""}]"
1978,j260,D16-MIDDLE ALSO,numeric,NOMINAL,-6.0 thru -1.0,"[{""value"": ""0.0"", ""label"": ""Does Not Apply""}, {""value"": ""1.0"", ""label"": ""Description Applies""}]"
1979,j261,D16-ATTACHED NURSERY CLASS ALSO,numeric,NOMINAL,-6.0 thru -1.0,"[{""value"": ""0.0"", ""label"": ""Does Not Apply""}, {""value"": ""1.0"", ""label"": ""Description Applies""}]"
1980,j262,D16-PRIORITY AREA ALSO,numeric,NOMINAL,-6.0 thru -1.0,"[{""value"": ""0.0"", ""label"": ""Does Not Apply""}, {""value"": ""1.0"", ""label"": ""Description Applies""}]"
1981,j263,D16-SPECIAL ALSO,numeric,NOMINAL,-6.0 thru -1.0,"[{""value"": ""0.0"", ""label"": ""Does Not Apply""}, {""value"": ""1.0"", ""label"": ""Description Applies""}]"
1982,j264,D16-OTHER ALSO,numeric,NOMINAL,-6.0 thru -1.0,"[{""value"": ""0.0"", ""label"": ""Does Not Apply""}, {""value"": ""1.0"", ""label"": ""Description Applies""}]"
1983,j265,D17-TOTAL NUMBER OF REGISTERED CLASSES,numeric,SCALE,-6.0 thru -3.0 and -1.0,"[{""value"": ""-3.0"", ""label"": ""Not Stated""}]"
1984,j266,D18-SCALE POST FOR READING ETC,numeric,NOMINAL,-6.0 thru -1.0,"[{""value"": ""0.0"", ""label"": ""Does Not Exist""}, {""value"": ""1.0"", ""label"": ""Scale Post Exists""}]"
1985,j267,D18A-SCALE POST FOR MATHS,numeric,NOMINAL,-6.0 thru -1.0,"[{""value"": ""0.0"", ""label"": ""Does Not Exist""}, {""value"": ""1.0"", ""label"": ""Scale Post Exists""}]"
1986,j268,D18A-SCALE POST FOR SPECIAL EDUCATION,numeric,NOMINAL,-6.0 thru -1.0,"[{""value"": ""0.0"", ""label"": ""Does Not Exist""}, {""value"": ""1.0"", ""label"": ""Scale Post Exists""}]"
1987,j269,D18A-SCALE POST FOR HOME/SCHOOL LIAISON,numeric,NOMINAL,-6.0 thru -1.0,"[{""value"": ""0.0"", ""label"": ""Does Not Exist""}, {""value"": ""1.0"", ""label"": ""Scale Post Exists""}]"
1988,j270,D18A-DOES SCHOOL HAVE NO SCALES,numeric,NOMINAL,-6.0 thru -1.0,"[{""value"": ""0.0"", ""label"": ""Does Not Apply""}, {""value"": ""1.0"", ""label"": ""None of These""}]"
1989,j271,D18B-TEACHER RESPONSIBLE FOR READING ETC,numeric,NOMINAL,-6.0 thru -1.0,"[{""value"": ""0.0"", ""label"": ""Not Responsible""}, {""value"": ""1.0"", ""label"": ""Teacher Responsible""}, {""value"": ""2.0"", ""label"": ""Yes But Scale Also""}]"
1990,j272,D18B-TEACHER RESPONSIBLE FOR MATHS,numeric,NOMINAL,-6.0 thru -1.0,"[{""value"": ""0.0"", ""label"": ""Not Responsible""}, {""value"": ""1.0"", ""label"": ""Teacher Responsible""}, {""value"": ""2.0"", ""label"": ""Yes But Scale Also""}]"
1991,j273,D18B-TEACHER RESP FOR REMEDIAL EDUCATION,numeric,NOMINAL,-6.0 thru -1.0,"[{""value"": ""0.0"", ""label"": ""Not Responsible""}, {""value"": ""1.0"", ""label"": ""Teacher Responsible""}, {""value"": ""2.0"", ""label"": ""Yes But Scale Also""}]"
1992,j274,D18B-TEACHER RESPONSIBLE FOR HOME LIAISON,numeric,NOMINAL,-6.0 thru -1.0,"[{""value"": ""0.0"", ""label"": ""Not Responsible""}, {""value"": ""1.0"", ""label"": ""Teacher Responsible""}, {""value"": ""2.0"", ""label"": ""Yes But Scale Also""}]"
1993,j275,D18B-TEACHER NOT RESP FOR ANY,numeric,NOMINAL,-6.0 thru -1.0,"[{""value"": ""0.0"", ""label"": ""Does Not Apply""}, {""value"": ""1.0"", ""label"": ""None Have Teacher""}, {""value"": ""2.0"", ""label"": ""Yes But Scale Also""}]"
1994,j276,D19-ANY CLASSES STREAMED IN THE SCHOOL?,numeric,NOMINAL,-4.0 thru -3.0 and -2.0,"[{""value"": ""-4.0"", ""label"": ""More than 1 answer""}, {""value"": ""-3.0"", ""label"": ""Not stated""}, {""value"": ""1.0"", ""label"": ""All classes""}, {""value"": ""2.0"", ""label"": ""Some classes""}, {""value"": ""3.0"", ""label"": ""No classes""}]"
1995,j277,D20-SCALE DIDACTIC PHILOSOPHY,numeric,SCALE,-6.0 thru -3.0 and -1.0,"[{""value"": ""-3.0"", ""label"": ""Not Stated""}, {""value"": ""1.0"", ""label"": ""Exploratory""}, {""value"": ""47.0"", ""label"": ""Didactic""}]"
1996,j278,D20-SCALE STRUCTURED CLASSES,numeric,SCALE,-6.0 thru -3.0 and -1.0,"[{""value"": ""-3.0"", ""label"": ""Not Stated""}, {""value"": ""1.0"", ""label"": ""Blend""}, {""value"": ""47.0"", ""label"": ""Structured classes""}]"
1997,j279,D20-SCALE LOOSE ADHERENCE,numeric,SCALE,-6.0 thru -3.0 and -1.0,"[{""value"": ""-3.0"", ""label"": ""Not Stated""}, {""value"": ""1.0"", ""label"": ""Firm Adherence""}, {""value"": ""47.0"", ""label"": ""Loose adherence""}]"
1998,j280,D21-MAINTENANCE DAILY SCHEDULE,numeric,NOMINAL,-6.0 thru -1.0,"[{""value"": ""0.0"", ""label"": ""Does Not Apply""}, {""value"": ""1.0"", ""label"": ""Yes Applies""}]"
1999,j281,D21-MAINTENANCE REGULAR SCHEDULE,numeric,NOMINAL,-6.0 thru -1.0,"[{""value"": ""0.0"", ""label"": ""Does Not Apply""}, {""value"": ""1.0"", ""label"": ""Yes Applies""}]"
2000,j282,D21-MAINTENANCE LESS REGULAR SCHEDULE,numeric,NOMINAL,-6.0 thru -1.0,"[{""value"": ""0.0"", ""label"": ""Does Not Apply""}, {""value"": ""1.0"", ""label"": ""Yes Applies""}]"
2001,j283,D21-MAINTENANCE WHEN NECESSARY,numeric,NOMINAL,-6.0 thru -1.0,"[{""value"": ""0.0"", ""label"": ""Does Not Apply""}, {""value"": ""1.0"", ""label"": ""Yes Applies""}]"
2002,j284,D21-MAINTENANCE DISCIPLINARY MEASURES,numeric,NOMINAL,-6.0 thru -1.0,"[{""value"": ""0.0"", ""label"": ""Does Not Apply""}, {""value"": ""1.0"", ""label"": ""Yes Applies""}]"
2003,j285,D21-MAINTENANCE NO WORK EXPECTED,numeric,NOMINAL,-6.0 thru -1.0,"[{""value"": ""0.0"", ""label"": ""Does Not Apply""}, {""value"": ""1.0"", ""label"": ""Yes Applies""}]"
2004,j286,D22A-CLASS TEACHER RESPONSIBLE FOR BEHAVIOUR PROBLEMS,numeric,NOMINAL,-6.0 thru -1.0,"[{""value"": ""0.0"", ""label"": ""No Not Responsible""}, {""value"": ""1.0"", ""label"": ""Yes Responsible""}]"
2005,j287,D22A-HEAD RESP FOR BEHAVIOUR PROBLEMS,numeric,NOMINAL,-6.0 thru -1.0,"[{""value"": ""0.0"", ""label"": ""No Not Responsible""}, {""value"": ""1.0"", ""label"": ""Yes Responsible""}]"
2006,j288,D22A-TEACHER WITH SPECIAL RESPONSIBILITY,numeric,NOMINAL,-6.0 thru -1.0,"[{""value"": ""0.0"", ""label"": ""No Not Responsible""}, {""value"": ""1.0"", ""label"": ""Yes Responsible""}]"
2007,j289,D22A-EDUCATION PSYCHOLOGIST RESPONSIBLE,numeric,NOMINAL,-6.0 thru -1.0,"[{""value"": ""0.0"", ""label"": ""No Not Responsible""}, {""value"": ""1.0"", ""label"": ""Yes Responsible""}]"
2008,j290,D22A-NO PERSON RESPONSIBLE,numeric,NOMINAL,-6.0 thru -1.0,"[{""value"": ""0.0"", ""label"": ""Something Else""}, {""value"": ""1.0"", ""label"": ""None of These Ticked""}]"
2009,j291,D22B-PERSONAL PROBS:TEACHER RESPONSIBLE,numeric,NOMINAL,-6.0 thru -1.0,"[{""value"": ""0.0"", ""label"": ""No Not Responsible""}, {""value"": ""1.0"", ""label"": ""Yes Responsible""}]"
2010,j292,D22B-PERSONAL PROBS:HEAD RESPONSIBLE,numeric,NOMINAL,-6.0 thru -1.0,"[{""value"": ""0.0"", ""label"": ""No Not Responsible""}, {""value"": ""1.0"", ""label"": ""Yes Responsible""}]"
2011,j293,D22B-PERSONAL PROBS:SPECIAL TEACHER,numeric,NOMINAL,-6.0 thru -1.0,"[{""value"": ""0.0"", ""label"": ""No Not Responsible""}, {""value"": ""1.0"", ""label"": ""Yes Responsible""}]"
2012,j294,D22B-PERSONAL PROBS:ED PSYCHOLOGIST,numeric,NOMINAL,-6.0 thru -1.0,"[{""value"": ""0.0"", ""label"": ""No Not Responsible""}, {""value"": ""1.0"", ""label"": ""Yes Responsible""}]"
2013,j295,D22B-PERSONAL PROBS:NO PERSON,numeric,NOMINAL,-6.0 thru -1.0,"[{""value"": ""0.0"", ""label"": ""Something Else""}, {""value"": ""1.0"", ""label"": ""None of These Ticked""}]"
2014,j296,D23-DISCIPLINE SUSPENSION AND/OR EXPULSION,numeric,NOMINAL,-4.0 thru -3.0 and -2.0,"[{""value"": ""-4.0"", ""label"": ""More Than 1 Answer""}, {""value"": ""-3.0"", ""label"": ""Not Stated""}, {""value"": ""1.0"", ""label"": ""Often""}, {""value"": ""2.0"", ""label"": ""Occasionally""}, {""value"": ""3.0"", ""label"": ""Rarely""}, {""value"": ""4.0"", ""label"": ""Never""}]"
2015,j297,D23-DISCIPLINE CORPORAL PUNISHMENT(CANING),numeric,NOMINAL,-4.0 thru -3.0 and -2.0,"[{""value"": ""-4.0"", ""label"": ""More Than 1 Answer""}, {""value"": ""-3.0"", ""label"": ""Not Stated""}, {""value"": ""1.0"", ""label"": ""Often""}, {""value"": ""2.0"", ""label"": ""Occasionally""}, {""value"": ""3.0"", ""label"": ""Rarely""}, {""value"": ""4.0"", ""label"": ""Never""}]"
2016,j298,D23-DISCIPLINE OTHER CORPORAL PUNISHMENT,numeric,NOMINAL,-4.0 thru -3.0 and -2.0,"[{""value"": ""-4.0"", ""label"": ""More Than 1 Answer""}, {""value"": ""-3.0"", ""label"": ""Not Stated""}, {""value"": ""1.0"", ""label"": ""Often""}, {""value"": ""2.0"", ""label"": ""Occasionally""}, {""value"": ""3.0"", ""label"": ""Rarely""}, {""value"": ""4.0"", ""label"": ""Never""}]"
2017,j299,D23-DISCIPLINE PHYSICAL EXERCISE,numeric,NOMINAL,-4.0 thru -3.0 and -2.0,"[{""value"": ""-4.0"", ""label"": ""More Than 1 Answer""}, {""value"": ""-3.0"", ""label"": ""Not Stated""}, {""value"": ""1.0"", ""label"": ""Often""}, {""value"": ""2.0"", ""label"": ""Occasionally""}, {""value"": ""3.0"", ""label"": ""Rarely""}, {""value"": ""4.0"", ""label"": ""Never""}]"
2018,j300,D23-DISCIPLINE EXTRA CLASSWORK/HOMEWORK,numeric,SCALE,NA,"[{""value"": ""-4.0"", ""label"": ""More Than 1 Answer""}, {""value"": ""-3.0"", ""label"": ""Not Stated""}, {""value"": ""1.0"", ""label"": ""Often""}, {""value"": ""2.0"", ""label"": ""Occasionally""}, {""value"": ""3.0"", ""label"": ""Rarely""}, {""value"": ""4.0"", ""label"": ""Never""}]"
2019,j301,D23-DISCIPLINE WRITE 'LINES',numeric,NOMINAL,-4.0 thru -3.0 and -2.0,"[{""value"": ""-4.0"", ""label"": ""More Than 1 Answer""}, {""value"": ""-3.0"", ""label"": ""Not Stated""}, {""value"": ""1.0"", ""label"": ""Often""}, {""value"": ""2.0"", ""label"": ""Occasionally""}, {""value"": ""3.0"", ""label"": ""Rarely""}, {""value"": ""4.0"", ""label"": ""Never""}]"
2020,j302,D23-DISCIPLINE KEPT IN SCHOOL,numeric,NOMINAL,-4.0 thru -3.0 and -2.0,"[{""value"": ""-4.0"", ""label"": ""More Than 1 Answer""}, {""value"": ""-3.0"", ""label"": ""Not Stated""}, {""value"": ""1.0"", ""label"": ""Often""}, {""value"": ""2.0"", ""label"": ""Occasionally""}, {""value"": ""3.0"", ""label"": ""Rarely""}, {""value"": ""4.0"", ""label"": ""Never""}]"
2021,j303,D23-DISCIPLINE CONFINEMENT TO NURTURE GROUP,numeric,NOMINAL,-4.0 thru -3.0 and -2.0,"[{""value"": ""-4.0"", ""label"": ""More Than 1 Answer""}, {""value"": ""-3.0"", ""label"": ""Not Stated""}, {""value"": ""1.0"", ""label"": ""Often""}, {""value"": ""2.0"", ""label"": ""Occasionally""}, {""value"": ""3.0"", ""label"": ""Rarely""}, {""value"": ""4.0"", ""label"": ""Never""}]"
2022,j304,D23-DISCIPLINE EXCLUSION FROM ACTIVITIES,numeric,NOMINAL,-4.0 thru -3.0 and -2.0,"[{""value"": ""-4.0"", ""label"": ""More Than 1 Answer""}, {""value"": ""-3.0"", ""label"": ""Not Stated""}, {""value"": ""1.0"", ""label"": ""Often""}, {""value"": ""2.0"", ""label"": ""Occasionally""}, {""value"": ""3.0"", ""label"": ""Rarely""}, {""value"": ""4.0"", ""label"": ""Never""}]"
2023,j305,D23-DISCIPLINE DISCUSSION,numeric,NOMINAL,-4.0 thru -3.0 and -2.0,"[{""value"": ""-4.0"", ""label"": ""More Than 1 Answer""}, {""value"": ""-3.0"", ""label"": ""Not Stated""}, {""value"": ""1.0"", ""label"": ""Often""}, {""value"": ""2.0"", ""label"": ""Occasionally""}, {""value"": ""3.0"", ""label"": ""Rarely""}, {""value"": ""4.0"", ""label"": ""Never""}]"
2024,j306,D23-DISCIPLINE ADMOLISHED,numeric,NOMINAL,-4.0 thru -3.0 and -2.0,"[{""value"": ""-4.0"", ""label"": ""More Than 1 Answer""}, {""value"": ""-3.0"", ""label"": ""Not Stated""}, {""value"": ""1.0"", ""label"": ""Often""}, {""value"": ""2.0"", ""label"": ""Occasionally""}, {""value"": ""3.0"", ""label"": ""Rarely""}, {""value"": ""4.0"", ""label"": ""Never""}]"
2025,j307,D23-DISCIPLINE REPORT TO PARENTS,numeric,NOMINAL,-4.0 thru -3.0 and -2.0,"[{""value"": ""-4.0"", ""label"": ""More Than 1 Answer""}, {""value"": ""-3.0"", ""label"": ""Not Stated""}, {""value"": ""1.0"", ""label"": ""Often""}, {""value"": ""2.0"", ""label"": ""Occasionally""}, {""value"": ""3.0"", ""label"": ""Rarely""}, {""value"": ""4.0"", ""label"": ""Never""}]"
2026,j308,D23-DISCIPLINE OTHER METHODS,numeric,NOMINAL,-4.0 thru -3.0 and -2.0,"[{""value"": ""-4.0"", ""label"": ""More Than 1 Answer""}, {""value"": ""-3.0"", ""label"": ""Not Stated""}, {""value"": ""1.0"", ""label"": ""Often""}, {""value"": ""2.0"", ""label"": ""Occasionally""}, {""value"": ""3.0"", ""label"": ""Rarely""}, {""value"": ""4.0"", ""label"": ""Never""}]"
2027,j309,D24-ASSEMBLY TIME-GENERAL,numeric,SCALE,-6.0 thru -3.0 and -1.0,"[{""value"": ""-3.0"", ""label"": ""Not Stated""}]"
2028,j310,D24-ASSEMBLY TIME-PRAYERS HYMNS,numeric,SCALE,-6.0 thru -3.0 and -1.0,"[{""value"": ""-3.0"", ""label"": ""Not Stated""}]"
2029,j311,D24-ASSEMBLY TIME-DISCUSSIONS OF FAITHS,numeric,SCALE,-6.0 thru -3.0 and -1.0,"[{""value"": ""-3.0"", ""label"": ""Not Stated""}]"
2030,j312,D24-ASSEMBLY TIME-TEAM/INDIVIDUAL ACHIEVEMENT,numeric,SCALE,-6.0 thru -3.0 and -1.0,"[{""value"": ""-3.0"", ""label"": ""Not Stated""}]"
2031,j313,D24-ASSEMBLY TIME-CLASS ACHIEVEMENT,numeric,SCALE,-6.0 thru -3.0 and -1.0,"[{""value"": ""-3.0"", ""label"": ""Not Stated""}]"
2032,j314,D24-ASSEMBLY TIME-ETHICAL ISSUES,numeric,SCALE,-6.0 thru -3.0 and -1.0,"[{""value"": ""-3.0"", ""label"": ""Not Stated""}]"
2033,j315,D24-ASSEMBLY TIME-POPULAR/SCHOOL SONGS,numeric,SCALE,-6.0 thru -3.0 and -1.0,"[{""value"": ""-3.0"", ""label"": ""Not Stated""}]"
2034,j316,D24-ASSEMBLY TIME-OTHER,numeric,SCALE,-6.0 thru -3.0 and -1.0,"[{""value"": ""-3.0"", ""label"": ""Not Stated""}]"
2035,j317,COMPUTED TOTAL FOR QUESTION D24,numeric,SCALE,-6.0 thru -3.0 and -1.0,"[{""value"": ""-3.0"", ""label"": ""Not Stated""}]"
2036,j318,D25A-HIGH ACADEMIC LEVEL,numeric,SCALE,-6.0 thru -3.0 and -1.0,"[{""value"": ""-3.0"", ""label"": ""Not Stated""}]"
2037,j319,D25A-ABOVE AVERAGE ACADEMIC LEVEL,numeric,SCALE,-6.0 thru -3.0 and -1.0,"[{""value"": ""-3.0"", ""label"": ""Not Stated""}]"
2038,j320,D25A-AVERAGE ACADEMIC LEVEL,numeric,SCALE,-6.0 thru -3.0 and -1.0,"[{""value"": ""-3.0"", ""label"": ""Not Stated""}]"
2039,j321,D25A-BELOW AVERAGE ACADEMIC LEVEL,numeric,SCALE,-6.0 thru -3.0 and -1.0,"[{""value"": ""-3.0"", ""label"": ""Not Stated""}]"
2040,j322,D25A-LOW ACADEMIC LEVEL,numeric,SCALE,-6.0 thru -3.0 and -1.0,"[{""value"": ""-3.0"", ""label"": ""Not Stated""}]"
2041,j323,COMPUTED TOTAL FOR QUESTION D25A,numeric,SCALE,-6.0 thru -3.0 and -1.0,"[{""value"": ""-3.0"", ""label"": ""Not Stated""}]"
2042,j324,FATHER'S OCCUPATION: PROFESSIONAL/MANAGERIAL,numeric,SCALE,-6.0 thru -3.0 and -1.0,"[{""value"": ""-3.0"", ""label"": ""Not Stated""}]"
2043,j325,D25B-CLERICAL,numeric,SCALE,-6.0 thru -3.0 and -1.0,"[{""value"": ""-3.0"", ""label"": ""Not Stated""}]"
2044,j326,D25B-SKILLED MANUAL,numeric,SCALE,-6.0 thru -3.0 and -1.0,"[{""value"": ""-3.0"", ""label"": ""Not Stated""}]"
2045,j327,D25B-SEMI-SKILLED MANUAL,numeric,SCALE,-6.0 thru -3.0 and -1.0,"[{""value"": ""-3.0"", ""label"": ""Not Stated""}]"
2046,j328,COMPUTED TOTAL FOR QUESTION D25B,numeric,SCALE,-6.0 thru -3.0 and -1.0,"[{""value"": ""-3.0"", ""label"": ""Not Stated""}]"
2047,j329,D25C-PARENT'S CULTURE: ENGLISH ETC,numeric,SCALE,-6.0 thru -3.0 and -1.0,"[{""value"": ""-3.0"", ""label"": ""Not Stated""}]"
2048,j330,D25C-PARENT'S CULTURE: S. IRISH,numeric,SCALE,-6.0 thru -3.0 and -1.0,"[{""value"": ""-3.0"", ""label"": ""Not Stated""}]"
2049,j331,D25C-PARENT'S CULTURE: OTHER EUROPEAN,numeric,SCALE,-6.0 thru -3.0 and -1.0,"[{""value"": ""-3.0"", ""label"": ""Not Stated""}]"
2050,j332,D25C-PARENT'S CULTURE: WEST INDIAN,numeric,SCALE,-6.0 thru -3.0 and -1.0,"[{""value"": ""-3.0"", ""label"": ""Not Stated""}]"
2051,j333,D25C-PARENT'S CULTURE: AFRICAN,numeric,SCALE,-6.0 thru -3.0 and -1.0,"[{""value"": ""-3.0"", ""label"": ""Not Stated""}]"
2052,j334,D25C-PARENT'S CULTURE: ASIAN,numeric,SCALE,-6.0 thru -3.0 and -1.0,"[{""value"": ""-3.0"", ""label"": ""Not Stated""}]"
2053,j335,D25C-PARENT'S CULTURE: ANY TWO OF THE ABOVE,numeric,SCALE,-6.0 thru -3.0 and -1.0,"[{""value"": ""-3.0"", ""label"": ""Not Stated""}]"
2054,j336,D25C-PARENT'S CULTURE: OTHER GROUPS,numeric,SCALE,-6.0 thru -3.0 and -1.0,"[{""value"": ""-3.0"", ""label"": ""Not Stated""}]"
2055,j337,COMPUTED TOTAL FOR QUESTION D25C,numeric,SCALE,-6.0 thru -3.0 and -1.0,"[{""value"": ""-3.0"", ""label"": ""Not Stated""}]"
2056,j338,D26-AREA: OF CLOSELY PACKED HOUSES,numeric,SCALE,-6.0 thru -3.0 and -1.0,"[{""value"": ""-3.0"", ""label"": ""Not Stated""}]"
2057,j339,D26-AREA: COUNCIL ESTATE OF HOUSES,numeric,SCALE,-6.0 thru -3.0 and -1.0,"[{""value"": ""-3.0"", ""label"": ""Not Stated""}]"
2058,j340,D26-AREA: LESS EXPENSIVE PRIVATE,numeric,SCALE,-6.0 thru -3.0 and -1.0,"[{""value"": ""-3.0"", ""label"": ""Not Stated""}]"
2059,j341,D26-AREA: WELL-SPACED HOUSES,numeric,SCALE,-6.0 thru -3.0 and -1.0,"[{""value"": ""-3.0"", ""label"": ""Not Stated""}]"
2060,j342,D26-AREA: LARGE HOUSES SET IN OWN GROUNDS,numeric,SCALE,-6.0 thru -3.0 and -1.0,"[{""value"": ""-3.0"", ""label"": ""Not Stated""}]"
2061,j343,D26-AREA: MAINLY RURAL,numeric,SCALE,-6.0 thru -3.0 and -1.0,"[{""value"": ""-3.0"", ""label"": ""Not Stated""}]"
2062,j344,D26-AREA: OTHER TYPE OF NEIGHBOURHOOD,numeric,SCALE,-6.0 thru -3.0 and -1.0,"[{""value"": ""-3.0"", ""label"": ""Not Stated""}]"
2063,j345,COMPUTED TOTAL FOR QUESTION D26,numeric,SCALE,-6.0 thru -3.0 and -1.0,"[{""value"": ""-3.0"", ""label"": ""Not Stated""}]"
2064,j346,CATCHMENT AREA,numeric,NOMINAL,-1.0 thru None,"[{""value"": ""-1.0"", ""label"": ""Not applicable""}, {""value"": ""1.0"", ""label"": ""Close Packed""}, {""value"": ""2.0"", ""label"": ""Council Estate""}, {""value"": ""3.0"", ""label"": ""Less Expensive Priva""}, {""value"": ""4.0"", ""label"": ""More Expensive""}, {""value"": ""5.0"", ""label"": ""Luxury or Own Ground""}, {""value"": ""6.0"", ""label"": ""Mainly Rural""}, {""value"": ""7.0"", ""label"": ""Rented Accommodation""}, {""value"": ""8.0"", ""label"": ""As 1 Not Poor Repair""}, {""value"": ""10.0"", ""label"": ""New Towns""}, {""value"": ""11.0"", ""label"": ""Service Families""}, {""value"": ""12.0"", ""label"": ""Commercial Areas""}, {""value"": ""13.0"", ""label"": ""Other Rural""}, {""value"": ""14.0"", ""label"": ""Other Poor""}, {""value"": ""15.0"", ""label"": ""Other Average""}, {""value"": ""16.0"", ""label"": ""Other Well To Do""}, {""value"": ""77.0"", ""label"": ""Response on Form Mist""}, {""value"": ""88.0"", ""label"": ""Form Unlocatable""}, {""value"": ""99.0"", ""label"": ""Unclassifiable""}]"
2065,j347,D27-DESCRIPTION OF TRAFFIC,numeric,NOMINAL,-4.0 thru -3.0 and -2.0,"[{""value"": ""-4.0"", ""label"": ""More Than 1 Answer""}, {""value"": ""-3.0"", ""label"": ""Not Stated""}, {""value"": ""1.0"", ""label"": ""Never Ending V.Near""}, {""value"": ""2.0"", ""label"": ""Never Ending Near""}, {""value"": ""3.0"", ""label"": ""Mod Heavy-V.Near""}, {""value"": ""4.0"", ""label"": ""Mod Heavy-Near""}, {""value"": ""5.0"", ""label"": ""Light-V.Near""}, {""value"": ""6.0"", ""label"": ""Light Near""}, {""value"": ""7.0"", ""label"": ""Little""}, {""value"": ""8.0"", ""label"": ""Other""}]"
2066,i8,VOCAB ITEM 1-ELEPHANT,numeric,NOMINAL,-3.0 thru -2.0 and -1.0,"[{""value"": ""-3.0"", ""label"": ""Not Stated""}, {""value"": ""-2.0"", ""label"": ""Not Known""}, {""value"": ""-1.0"", ""label"": ""Not applicable""}, {""value"": ""0.0"", ""label"": ""Correct""}, {""value"": ""1.0"", ""label"": ""Incorrect-Top Left""}, {""value"": ""2.0"", ""label"": ""Incorrect-Top Right""}, {""value"": ""3.0"", ""label"": ""Incorrect-Bottom Lft""}, {""value"": ""4.0"", ""label"": ""Incorrect-Bottom Rt""}]"
2067,i9,VOCAB ITEM 2-PLAYGROUND,numeric,NOMINAL,-3.0 thru -2.0 and -1.0,"[{""value"": ""-3.0"", ""label"": ""Not Stated""}, {""value"": ""-2.0"", ""label"": ""Not Known""}, {""value"": ""-1.0"", ""label"": ""Not Applicable""}, {""value"": ""0.0"", ""label"": ""Correct""}, {""value"": ""1.0"", ""label"": ""Incorrect-Top Left""}, {""value"": ""2.0"", ""label"": ""Incorrect-Top Right""}, {""value"": ""3.0"", ""label"": ""Incorrect-Bottom Lft""}, {""value"": ""4.0"", ""label"": ""Incorrect-Bottom Rt""}]"
2068,i10,VOCAB ITEM 3-PLUG,numeric,NOMINAL,-3.0 thru -2.0 and -1.0,"[{""value"": ""-3.0"", ""label"": ""Not Stated""}, {""value"": ""-2.0"", ""label"": ""Not Known""}, {""value"": ""-1.0"", ""label"": ""Not Applicable""}, {""value"": ""0.0"", ""label"": ""Correct""}, {""value"": ""1.0"", ""label"": ""Incorrect-Top Left""}, {""value"": ""2.0"", ""label"": ""Incorrect-Top Right""}, {""value"": ""3.0"", ""label"": ""Incorrect-Bottom Lft""}, {""value"": ""4.0"", ""label"": ""Incorrect-Bottom Rt""}]"
2069,i11,VOCAB ITEM 4-RHUBARB,numeric,NOMINAL,-3.0 thru -2.0 and -1.0,"[{""value"": ""-3.0"", ""label"": ""Not Stated""}, {""value"": ""-2.0"", ""label"": ""Not Known""}, {""value"": ""-1.0"", ""label"": ""Not Applicable""}, {""value"": ""0.0"", ""label"": ""Correct""}, {""value"": ""1.0"", ""label"": ""Incorrect-Top Left""}, {""value"": ""2.0"", ""label"": ""Incorrect-Top Right""}, {""value"": ""3.0"", ""label"": ""Incorrect-Bottom Lft""}, {""value"": ""4.0"", ""label"": ""Incorrect-Bottom Rt""}]"
2070,i12,VOCAB ITEM 5-AEROPLANE,numeric,NOMINAL,-3.0 thru -2.0 and -1.0,"[{""value"": ""-3.0"", ""label"": ""Not Stated""}, {""value"": ""-2.0"", ""label"": ""Not Known""}, {""value"": ""-1.0"", ""label"": ""Not Applicable""}, {""value"": ""0.0"", ""label"": ""Correct""}, {""value"": ""1.0"", ""label"": ""Incorrect-Top Left""}, {""value"": ""2.0"", ""label"": ""Incorrect-Top Right""}, {""value"": ""3.0"", ""label"": ""Incorrect-Bottom Lft""}, {""value"": ""4.0"", ""label"": ""Incorrect-Bottom Rt""}]"
2071,i13,VOCAB ITEM 6-EYEBROW,numeric,NOMINAL,-3.0 thru -2.0 and -1.0,"[{""value"": ""-3.0"", ""label"": ""Not Stated""}, {""value"": ""-2.0"", ""label"": ""Not Known""}, {""value"": ""-1.0"", ""label"": ""Not Applicable""}, {""value"": ""0.0"", ""label"": ""Correct""}, {""value"": ""1.0"", ""label"": ""Incorrect-Top Left""}, {""value"": ""2.0"", ""label"": ""Incorrect-Top Right""}, {""value"": ""3.0"", ""label"": ""Incorrect-Bottom Lft""}, {""value"": ""4.0"", ""label"": ""Incorrect-Bottom Rt""}]"
2072,i14,VOCAB ITEM 7-ELBOW,numeric,NOMINAL,-3.0 thru -2.0 and -1.0,"[{""value"": ""-3.0"", ""label"": ""Not Stated""}, {""value"": ""-2.0"", ""label"": ""Not Known""}, {""value"": ""-1.0"", ""label"": ""Not Applicable""}, {""value"": ""0.0"", ""label"": ""Correct""}, {""value"": ""1.0"", ""label"": ""Incorrect-Top Left""}, {""value"": ""2.0"", ""label"": ""Incorrect-Top Right""}, {""value"": ""3.0"", ""label"": ""Incorrect-Bottom Lft""}, {""value"": ""4.0"", ""label"": ""Incorrect-Bottom Rt""}]"
2073,i15,VOCAB ITEM 8-SUN,numeric,NOMINAL,-3.0 thru -2.0 and -1.0,"[{""value"": ""-3.0"", ""label"": ""Not Stated""}, {""value"": ""-2.0"", ""label"": ""Not Known""}, {""value"": ""-1.0"", ""label"": ""Not Applicable""}, {""value"": ""0.0"", ""label"": ""Correct""}, {""value"": ""1.0"", ""label"": ""Incorrect-Top Left""}, {""value"": ""2.0"", ""label"": ""Incorrect-Top Right""}, {""value"": ""3.0"", ""label"": ""Incorrect-Bottom Lft""}, {""value"": ""4.0"", ""label"": ""Incorrect-Bottom Rt""}]"
2074,i16,VOCAB ITEM 9-CHURCH,numeric,NOMINAL,-3.0 thru -2.0 and -1.0,"[{""value"": ""-3.0"", ""label"": ""Not Stated""}, {""value"": ""-2.0"", ""label"": ""Not Known""}, {""value"": ""-1.0"", ""label"": ""Not Applicable""}, {""value"": ""0.0"", ""label"": ""Correct""}, {""value"": ""1.0"", ""label"": ""Incorrect-Top Left""}, {""value"": ""2.0"", ""label"": ""Incorrect-Top Right""}, {""value"": ""3.0"", ""label"": ""Incorrect-Bottom Lft""}, {""value"": ""4.0"", ""label"": ""Incorrect-Bottom Rt""}]"
2075,i17,VOCAB ITEM 10-PROJECTOR,numeric,NOMINAL,-3.0 thru -2.0 and -1.0,"[{""value"": ""-3.0"", ""label"": ""Not Stated""}, {""value"": ""-2.0"", ""label"": ""Not Known""}, {""value"": ""-1.0"", ""label"": ""Not Applicable""}, {""value"": ""0.0"", ""label"": ""Correct""}, {""value"": ""1.0"", ""label"": ""Incorrect-Top Left""}, {""value"": ""2.0"", ""label"": ""Incorrect-Top Right""}, {""value"": ""3.0"", ""label"": ""Incorrect-Bottom Lft""}, {""value"": ""4.0"", ""label"": ""Incorrect-Bottom Rt""}]"
2076,i18,VOCAB ITEM 11-FOSSIL,numeric,NOMINAL,-3.0 thru -2.0 and -1.0,"[{""value"": ""-3.0"", ""label"": ""Not Stated""}, {""value"": ""-2.0"", ""label"": ""Not Known""}, {""value"": ""-1.0"", ""label"": ""Not Applicable""}, {""value"": ""0.0"", ""label"": ""Correct""}, {""value"": ""1.0"", ""label"": ""Incorrect-Top Left""}, {""value"": ""2.0"", ""label"": ""Incorrect-Top Right""}, {""value"": ""3.0"", ""label"": ""Incorrect-Bottom Lft""}, {""value"": ""4.0"", ""label"": ""Incorrect-Bottom Rt""}]"
2077,i19,VOCAB ITEM 12-DIVER,numeric,NOMINAL,-3.0 thru -2.0 and -1.0,"[{""value"": ""-3.0"", ""label"": ""Not Stated""}, {""value"": ""-2.0"", ""label"": ""Not Known""}, {""value"": ""-1.0"", ""label"": ""Not Applicable""}, {""value"": ""0.0"", ""label"": ""Correct""}, {""value"": ""1.0"", ""label"": ""Incorrect-Top Left""}, {""value"": ""2.0"", ""label"": ""Incorrect-Top Right""}, {""value"": ""3.0"", ""label"": ""Incorrect-Bottom Lft""}, {""value"": ""4.0"", ""label"": ""Incorrect-Bottom Rt""}]"
2078,i20,VOCAB ITEM 13-WARDROBE,numeric,NOMINAL,-3.0 thru -2.0 and -1.0,"[{""value"": ""-3.0"", ""label"": ""Not Stated""}, {""value"": ""-2.0"", ""label"": ""Not Known""}, {""value"": ""-1.0"", ""label"": ""Not Applicable""}, {""value"": ""0.0"", ""label"": ""Correct""}, {""value"": ""1.0"", ""label"": ""Incorrect-Top Left""}, {""value"": ""2.0"", ""label"": ""Incorrect-Top Right""}, {""value"": ""3.0"", ""label"": ""Incorrect-Bottom Lft""}, {""value"": ""4.0"", ""label"": ""Incorrect-Bottom Rt""}]"
2079,i21,VOCAB ITEM 14-HYENA,numeric,NOMINAL,-3.0 thru -2.0 and -1.0,"[{""value"": ""-3.0"", ""label"": ""Not Stated""}, {""value"": ""-2.0"", ""label"": ""Not Known""}, {""value"": ""-1.0"", ""label"": ""Not Applicable""}, {""value"": ""0.0"", ""label"": ""Correct""}, {""value"": ""1.0"", ""label"": ""Incorrect-Top Left""}, {""value"": ""2.0"", ""label"": ""Incorrect-Top Right""}, {""value"": ""3.0"", ""label"": ""Incorrect-Bottom Lft""}, {""value"": ""4.0"", ""label"": ""Incorrect-Bottom Rt""}]"
2080,i22,VOCAB ITEM 15-SWEETS,numeric,NOMINAL,-3.0 thru -2.0 and -1.0,"[{""value"": ""-3.0"", ""label"": ""Not Stated""}, {""value"": ""-2.0"", ""label"": ""Not Known""}, {""value"": ""-1.0"", ""label"": ""Not Applicable""}, {""value"": ""0.0"", ""label"": ""Correct""}, {""value"": ""1.0"", ""label"": ""Incorrect-Top Left""}, {""value"": ""2.0"", ""label"": ""Incorrect-Top Right""}, {""value"": ""3.0"", ""label"": ""Incorrect-Bottom Lft""}, {""value"": ""4.0"", ""label"": ""Incorrect-Bottom Rt""}]"
2081,i23,VOCAB ITEM 16-CINEMA,numeric,NOMINAL,-3.0 thru -2.0 and -1.0,"[{""value"": ""-3.0"", ""label"": ""Not Stated""}, {""value"": ""-2.0"", ""label"": ""Not Known""}, {""value"": ""-1.0"", ""label"": ""Not Applicable""}, {""value"": ""0.0"", ""label"": ""Correct""}, {""value"": ""1.0"", ""label"": ""Incorrect-Top Left""}, {""value"": ""2.0"", ""label"": ""Incorrect-Top Right""}, {""value"": ""3.0"", ""label"": ""Incorrect-Bottom Lft""}, {""value"": ""4.0"", ""label"": ""Incorrect-Bottom Rt""}]"
2082,i24,VOCAB ITEM 17-CAKE,numeric,NOMINAL,-3.0 thru -2.0 and -1.0,"[{""value"": ""-3.0"", ""label"": ""Not Stated""}, {""value"": ""-2.0"", ""label"": ""Not Known""}, {""value"": ""-1.0"", ""label"": ""Not Applicable""}, {""value"": ""0.0"", ""label"": ""Correct""}, {""value"": ""1.0"", ""label"": ""Incorrect-Top Left""}, {""value"": ""2.0"", ""label"": ""Incorrect-Top Right""}, {""value"": ""3.0"", ""label"": ""Incorrect-Bottom Lft""}, {""value"": ""4.0"", ""label"": ""Incorrect-Bottom Rt""}]"
2083,i25,VOCAB ITEM 18-IRON,numeric,NOMINAL,-3.0 thru -2.0 and -1.0,"[{""value"": ""-3.0"", ""label"": ""Not Stated""}, {""value"": ""-2.0"", ""label"": ""Not Known""}, {""value"": ""-1.0"", ""label"": ""Not Applicable""}, {""value"": ""0.0"", ""label"": ""Correct""}, {""value"": ""1.0"", ""label"": ""Incorrect-Top Left""}, {""value"": ""2.0"", ""label"": ""Incorrect-Top Right""}, {""value"": ""3.0"", ""label"": ""Incorrect-Bottom Lft""}, {""value"": ""4.0"", ""label"": ""Incorrect-Bottom Rt""}]"
2084,i26,VOCAB ITEM 19-FIRE-ENGINE,numeric,NOMINAL,-3.0 thru -2.0 and -1.0,"[{""value"": ""-3.0"", ""label"": ""Not Stated""}, {""value"": ""-2.0"", ""label"": ""Not Known""}, {""value"": ""-1.0"", ""label"": ""Not Applicable""}, {""value"": ""0.0"", ""label"": ""Correct""}, {""value"": ""1.0"", ""label"": ""Incorrect-Top Left""}, {""value"": ""2.0"", ""label"": ""Incorrect-Top Right""}, {""value"": ""3.0"", ""label"": ""Incorrect-Bottom Lft""}, {""value"": ""4.0"", ""label"": ""Incorrect-Bottom Rt""}]"
2085,i27,VOCAB ITEM 20-WAISTCOAT,numeric,NOMINAL,-3.0 thru -2.0 and -1.0,"[{""value"": ""-3.0"", ""label"": ""Not Stated""}, {""value"": ""-2.0"", ""label"": ""Not Known""}, {""value"": ""-1.0"", ""label"": ""Not Applicable""}, {""value"": ""0.0"", ""label"": ""Correct""}, {""value"": ""1.0"", ""label"": ""Incorrect-Top Left""}, {""value"": ""2.0"", ""label"": ""Incorrect-Top Right""}, {""value"": ""3.0"", ""label"": ""Incorrect-Bottom Lft""}, {""value"": ""4.0"", ""label"": ""Incorrect-Bottom Rt""}]"
2086,i28,VOCAB ITEM 21-CORKSCREW,numeric,NOMINAL,-3.0 thru -2.0 and -1.0,"[{""value"": ""-3.0"", ""label"": ""Not Stated""}, {""value"": ""-2.0"", ""label"": ""Not Known""}, {""value"": ""-1.0"", ""label"": ""Not Applicable""}, {""value"": ""0.0"", ""label"": ""Correct""}, {""value"": ""1.0"", ""label"": ""Incorrect-Top Left""}, {""value"": ""2.0"", ""label"": ""Incorrect-Top Right""}, {""value"": ""3.0"", ""label"": ""Incorrect-Bottom Lft""}, {""value"": ""4.0"", ""label"": ""Incorrect-Bottom Rt""}]"
2087,i29,VOCAB ITEM 22-OINTMENT,numeric,NOMINAL,-3.0 thru -2.0 and -1.0,"[{""value"": ""-3.0"", ""label"": ""Not Stated""}, {""value"": ""-2.0"", ""label"": ""Not Known""}, {""value"": ""-1.0"", ""label"": ""Not Applicable""}, {""value"": ""0.0"", ""label"": ""Correct""}, {""value"": ""1.0"", ""label"": ""Incorrect-Top Left""}, {""value"": ""2.0"", ""label"": ""Incorrect-Top Right""}, {""value"": ""3.0"", ""label"": ""Incorrect-Bottom Lft""}, {""value"": ""4.0"", ""label"": ""Incorrect-Bottom Rt""}]"
2088,i30,VOCAB ITEM 23-TELESCOPE,numeric,NOMINAL,-3.0 thru -2.0 and -1.0,"[{""value"": ""-3.0"", ""label"": ""Not Stated""}, {""value"": ""-2.0"", ""label"": ""Not Known""}, {""value"": ""-1.0"", ""label"": ""Not Applicable""}, {""value"": ""0.0"", ""label"": ""Correct""}, {""value"": ""1.0"", ""label"": ""Incorrect-Top Left""}, {""value"": ""2.0"", ""label"": ""Incorrect-Top Right""}, {""value"": ""3.0"", ""label"": ""Incorrect-Bottom Lft""}, {""value"": ""4.0"", ""label"": ""Incorrect-Bottom Rt""}]"
2089,i31,VOCAB ITEM 24-MOUNTAIN,numeric,NOMINAL,-3.0 thru -2.0 and -1.0,"[{""value"": ""-3.0"", ""label"": ""Not Stated""}, {""value"": ""-2.0"", ""label"": ""Not Known""}, {""value"": ""-1.0"", ""label"": ""Not Applicable""}, {""value"": ""0.0"", ""label"": ""Correct""}, {""value"": ""1.0"", ""label"": ""Incorrect-Top Left""}, {""value"": ""2.0"", ""label"": ""Incorrect-Top Right""}, {""value"": ""3.0"", ""label"": ""Incorrect-Bottom Lft""}, {""value"": ""4.0"", ""label"": ""Incorrect-Bottom Rt""}]"
2090,i32,VOCAB ITEM 25-VEIL,numeric,NOMINAL,-3.0 thru -2.0 and -1.0,"[{""value"": ""-3.0"", ""label"": ""Not Stated""}, {""value"": ""-2.0"", ""label"": ""Not Known""}, {""value"": ""-1.0"", ""label"": ""Not Applicable""}, {""value"": ""0.0"", ""label"": ""Correct""}, {""value"": ""1.0"", ""label"": ""Incorrect-Top Left""}, {""value"": ""2.0"", ""label"": ""Incorrect-Top Right""}, {""value"": ""3.0"", ""label"": ""Incorrect-Bottom Lft""}, {""value"": ""4.0"", ""label"": ""Incorrect-Bottom Rt""}]"
2091,i33,VOCAB ITEM 26-PEDESTRIAN,numeric,NOMINAL,-3.0 thru -2.0 and -1.0,"[{""value"": ""-3.0"", ""label"": ""Not Stated""}, {""value"": ""-2.0"", ""label"": ""Not Known""}, {""value"": ""-1.0"", ""label"": ""Not Applicable""}, {""value"": ""0.0"", ""label"": ""Correct""}, {""value"": ""1.0"", ""label"": ""Incorrect-Top Left""}, {""value"": ""2.0"", ""label"": ""Incorrect-Top Right""}, {""value"": ""3.0"", ""label"": ""Incorrect-Bottom Lft""}, {""value"": ""4.0"", ""label"": ""Incorrect-Bottom Rt""}]"
2092,i34,VOCAB ITEM 27-REPTILE,numeric,NOMINAL,-3.0 thru -2.0 and -1.0,"[{""value"": ""-3.0"", ""label"": ""Not Stated""}, {""value"": ""-2.0"", ""label"": ""Not Known""}, {""value"": ""-1.0"", ""label"": ""Not Applicable""}, {""value"": ""0.0"", ""label"": ""Correct""}, {""value"": ""1.0"", ""label"": ""Incorrect-Top Left""}, {""value"": ""2.0"", ""label"": ""Incorrect-Top Right""}, {""value"": ""3.0"", ""label"": ""Incorrect-Bottom Lft""}, {""value"": ""4.0"", ""label"": ""Incorrect-Bottom Rt""}]"
2093,i35,VOCAB ITEM 28-TOBOGGAN,numeric,NOMINAL,-3.0 thru -2.0 and -1.0,"[{""value"": ""-3.0"", ""label"": ""Not Stated""}, {""value"": ""-2.0"", ""label"": ""Not Known""}, {""value"": ""-1.0"", ""label"": ""Not Applicable""}, {""value"": ""0.0"", ""label"": ""Correct""}, {""value"": ""1.0"", ""label"": ""Incorrect-Top Left""}, {""value"": ""2.0"", ""label"": ""Incorrect-Top Right""}, {""value"": ""3.0"", ""label"": ""Incorrect-Bottom Lft""}, {""value"": ""4.0"", ""label"": ""Incorrect-Bottom Rt""}]"
2094,i36,VOCAB ITEM 29-MIGRATION,numeric,NOMINAL,-3.0 thru -2.0 and -1.0,"[{""value"": ""-3.0"", ""label"": ""Not Stated""}, {""value"": ""-2.0"", ""label"": ""Not Known""}, {""value"": ""-1.0"", ""label"": ""Not Applicable""}, {""value"": ""0.0"", ""label"": ""Correct""}, {""value"": ""1.0"", ""label"": ""Incorrect-Top Left""}, {""value"": ""2.0"", ""label"": ""Incorrect-Top Right""}, {""value"": ""3.0"", ""label"": ""Incorrect-Bottom Lft""}, {""value"": ""4.0"", ""label"": ""Incorrect-Bottom Rt""}]"
2095,i37,VOCAB ITEM 30-DESTINATION,numeric,NOMINAL,-3.0 thru -2.0 and -1.0,"[{""value"": ""-3.0"", ""label"": ""Not Stated""}, {""value"": ""-2.0"", ""label"": ""Not Known""}, {""value"": ""-1.0"", ""label"": ""Not Applicable""}, {""value"": ""0.0"", ""label"": ""Correct""}, {""value"": ""1.0"", ""label"": ""Incorrect-Top Left""}, {""value"": ""2.0"", ""label"": ""Incorrect-Top Right""}, {""value"": ""3.0"", ""label"": ""Incorrect-Bottom Lft""}, {""value"": ""4.0"", ""label"": ""Incorrect-Bottom Rt""}]"
2096,i38,VOCAB ITEM 31-CROCKERY,numeric,NOMINAL,-3.0 thru -2.0 and -1.0,"[{""value"": ""-3.0"", ""label"": ""Not Stated""}, {""value"": ""-2.0"", ""label"": ""Not Known""}, {""value"": ""-1.0"", ""label"": ""Not Applicable""}, {""value"": ""0.0"", ""label"": ""Correct""}, {""value"": ""1.0"", ""label"": ""Incorrect-Top Left""}, {""value"": ""2.0"", ""label"": ""Incorrect-Top Right""}, {""value"": ""3.0"", ""label"": ""Incorrect-Bottom Lft""}, {""value"": ""4.0"", ""label"": ""Incorrect-Bottom Rt""}]"
2097,i39,VOCAB ITEM 32-SATURATION,numeric,NOMINAL,-3.0 thru -2.0 and -1.0,"[{""value"": ""-3.0"", ""label"": ""Not Stated""}, {""value"": ""-2.0"", ""label"": ""Not Known""}, {""value"": ""-1.0"", ""label"": ""Not Applicable""}, {""value"": ""0.0"", ""label"": ""Correct""}, {""value"": ""1.0"", ""label"": ""Incorrect-Top Left""}, {""value"": ""2.0"", ""label"": ""Incorrect-Top Right""}, {""value"": ""3.0"", ""label"": ""Incorrect-Bottom Lft""}, {""value"": ""4.0"", ""label"": ""Incorrect-Bottom Rt""}]"
2098,i40,VOCAB ITEM 33-GARMENT,numeric,NOMINAL,-3.0 thru -2.0 and -1.0,"[{""value"": ""-3.0"", ""label"": ""Not Stated""}, {""value"": ""-2.0"", ""label"": ""Not Known""}, {""value"": ""-1.0"", ""label"": ""Not Applicable""}, {""value"": ""0.0"", ""label"": ""Correct""}, {""value"": ""1.0"", ""label"": ""Incorrect-Top Left""}, {""value"": ""2.0"", ""label"": ""Incorrect-Top Right""}, {""value"": ""3.0"", ""label"": ""Incorrect-Bottom Lft""}, {""value"": ""4.0"", ""label"": ""Incorrect-Bottom Rt""}]"
2099,i41,VOCAB ITEM 34-NOURISHMENT,numeric,NOMINAL,-3.0 thru -2.0 and -1.0,"[{""value"": ""-3.0"", ""label"": ""Not Stated""}, {""value"": ""-2.0"", ""label"": ""Not Known""}, {""value"": ""-1.0"", ""label"": ""Not Applicable""}, {""value"": ""0.0"", ""label"": ""Correct""}, {""value"": ""1.0"", ""label"": ""Incorrect-Top Left""}, {""value"": ""2.0"", ""label"": ""Incorrect-Top Right""}, {""value"": ""3.0"", ""label"": ""Incorrect-Bottom Lft""}, {""value"": ""4.0"", ""label"": ""Incorrect-Bottom Rt""}]"
2100,i42,VOCAB ITEM 35-ECLIPSE,numeric,NOMINAL,-3.0 thru -2.0 and -1.0,"[{""value"": ""-3.0"", ""label"": ""Not Stated""}, {""value"": ""-2.0"", ""label"": ""Not Known""}, {""value"": ""-1.0"", ""label"": ""Not Applicable""}, {""value"": ""0.0"", ""label"": ""Correct""}, {""value"": ""1.0"", ""label"": ""Incorrect-Top Left""}, {""value"": ""2.0"", ""label"": ""Incorrect-Top Right""}, {""value"": ""3.0"", ""label"": ""Incorrect-Bottom Lft""}, {""value"": ""4.0"", ""label"": ""Incorrect-Bottom Rt""}]"
2101,i43,VOCAB ITEM 36-IMPLEMENT,numeric,NOMINAL,-3.0 thru -2.0 and -1.0,"[{""value"": ""-3.0"", ""label"": ""Not Stated""}, {""value"": ""-2.0"", ""label"": ""Not Known""}, {""value"": ""-1.0"", ""label"": ""Not Applicable""}, {""value"": ""0.0"", ""label"": ""Correct""}, {""value"": ""1.0"", ""label"": ""Incorrect-Top Left""}, {""value"": ""2.0"", ""label"": ""Incorrect-Top Right""}, {""value"": ""3.0"", ""label"": ""Incorrect-Bottom Lft""}, {""value"": ""4.0"", ""label"": ""Incorrect-Bottom Rt""}]"
2102,i44,VOCAB ITEM 37-DOUSE,numeric,NOMINAL,-3.0 thru -2.0 and -1.0,"[{""value"": ""-3.0"", ""label"": ""Not Stated""}, {""value"": ""-2.0"", ""label"": ""Not Known""}, {""value"": ""-1.0"", ""label"": ""Not Applicable""}, {""value"": ""0.0"", ""label"": ""Correct""}, {""value"": ""1.0"", ""label"": ""Incorrect-Top Left""}, {""value"": ""2.0"", ""label"": ""Incorrect-Top Right""}, {""value"": ""3.0"", ""label"": ""Incorrect-Bottom Lft""}, {""value"": ""4.0"", ""label"": ""Incorrect-Bottom Rt""}]"
2103,i45,VOCAB ITEM 38-GEYSER,numeric,NOMINAL,-3.0 thru -2.0 and -1.0,"[{""value"": ""-3.0"", ""label"": ""Not Stated""}, {""value"": ""-2.0"", ""label"": ""Not Known""}, {""value"": ""-1.0"", ""label"": ""Not Applicable""}, {""value"": ""0.0"", ""label"": ""Correct""}, {""value"": ""1.0"", ""label"": ""Incorrect-Top Left""}, {""value"": ""2.0"", ""label"": ""Incorrect-Top Right""}, {""value"": ""3.0"", ""label"": ""Incorrect-Bottom Lft""}, {""value"": ""4.0"", ""label"": ""Incorrect-Bottom Rt""}]"
2104,i46,VOCAB ITEM 39-OSTEOPATH,numeric,NOMINAL,-3.0 thru -2.0 and -1.0,"[{""value"": ""-3.0"", ""label"": ""Not Stated""}, {""value"": ""-2.0"", ""label"": ""Not Known""}, {""value"": ""-1.0"", ""label"": ""Not Applicable""}, {""value"": ""0.0"", ""label"": ""Correct""}, {""value"": ""1.0"", ""label"": ""Incorrect-Top Left""}, {""value"": ""2.0"", ""label"": ""Incorrect-Top Right""}, {""value"": ""3.0"", ""label"": ""Incorrect-Bottom Lft""}, {""value"": ""4.0"", ""label"": ""Incorrect-Bottom Rt""}]"
2105,i47,VOCAB ITEM 40-UPHOLSTERY,numeric,NOMINAL,-3.0 thru -2.0 and -1.0,"[{""value"": ""-3.0"", ""label"": ""Not Stated""}, {""value"": ""-2.0"", ""label"": ""Not Known""}, {""value"": ""-1.0"", ""label"": ""Not Applicable""}, {""value"": ""0.0"", ""label"": ""Correct""}, {""value"": ""1.0"", ""label"": ""Incorrect-Top Left""}, {""value"": ""2.0"", ""label"": ""Incorrect-Top Right""}, {""value"": ""3.0"", ""label"": ""Incorrect-Bottom Lft""}, {""value"": ""4.0"", ""label"": ""Incorrect-Bottom Rt""}]"
2106,i48,VOCAB ITEM 41-DETRITUS,numeric,NOMINAL,-3.0 thru -2.0 and -1.0,"[{""value"": ""-3.0"", ""label"": ""Not Stated""}, {""value"": ""-2.0"", ""label"": ""Not Known""}, {""value"": ""-1.0"", ""label"": ""Not Applicable""}, {""value"": ""0.0"", ""label"": ""Correct""}, {""value"": ""1.0"", ""label"": ""Incorrect-Top Left""}, {""value"": ""2.0"", ""label"": ""Incorrect-Top Right""}, {""value"": ""3.0"", ""label"": ""Incorrect-Bottom Lft""}, {""value"": ""4.0"", ""label"": ""Incorrect-Bottom Rt""}]"
2107,i49,VOCAB ITEM 42-APEX,numeric,NOMINAL,-3.0 thru -2.0 and -1.0,"[{""value"": ""-3.0"", ""label"": ""Not Stated""}, {""value"": ""-2.0"", ""label"": ""Not Known""}, {""value"": ""-1.0"", ""label"": ""Not Applicable""}, {""value"": ""0.0"", ""label"": ""Correct""}, {""value"": ""1.0"", ""label"": ""Incorrect-Top Left""}, {""value"": ""2.0"", ""label"": ""Incorrect-Top Right""}, {""value"": ""3.0"", ""label"": ""Incorrect-Bottom Lft""}, {""value"": ""4.0"", ""label"": ""Incorrect-Bottom Rt""}]"
2108,i50,VOCAB ITEM 43-SUBMERGENCE,numeric,NOMINAL,-3.0 thru -2.0 and -1.0,"[{""value"": ""-3.0"", ""label"": ""Not Stated""}, {""value"": ""-2.0"", ""label"": ""Not Known""}, {""value"": ""-1.0"", ""label"": ""Not Applicable""}, {""value"": ""0.0"", ""label"": ""Correct""}, {""value"": ""1.0"", ""label"": ""Incorrect-Top Left""}, {""value"": ""2.0"", ""label"": ""Incorrect-Top Right""}, {""value"": ""3.0"", ""label"": ""Incorrect-Bottom Lft""}, {""value"": ""4.0"", ""label"": ""Incorrect-Bottom Rt""}]"
2109,i51,VOCAB ITEM 44-ACCESSORIES,numeric,NOMINAL,-3.0 thru -2.0 and -1.0,"[{""value"": ""-3.0"", ""label"": ""Not Stated""}, {""value"": ""-2.0"", ""label"": ""Not Known""}, {""value"": ""-1.0"", ""label"": ""Not Applicable""}, {""value"": ""0.0"", ""label"": ""Correct""}, {""value"": ""1.0"", ""label"": ""Incorrect-Top Left""}, {""value"": ""2.0"", ""label"": ""Incorrect-Top Right""}, {""value"": ""3.0"", ""label"": ""Incorrect-Bottom Lft""}, {""value"": ""4.0"", ""label"": ""Incorrect-Bottom Rt""}]"
2110,i52,VOCAB ITEM 45-ABSTINENCE,numeric,NOMINAL,-3.0 thru -2.0 and -1.0,"[{""value"": ""-3.0"", ""label"": ""Not Stated""}, {""value"": ""-2.0"", ""label"": ""Not Known""}, {""value"": ""-1.0"", ""label"": ""Not Applicable""}, {""value"": ""0.0"", ""label"": ""Correct""}, {""value"": ""1.0"", ""label"": ""Incorrect-Top Left""}, {""value"": ""2.0"", ""label"": ""Incorrect-Top Right""}, {""value"": ""3.0"", ""label"": ""Incorrect-Bottom Lft""}, {""value"": ""4.0"", ""label"": ""Incorrect-Bottom Rt""}]"
2111,i53,VOCAB ITEM 46-ARBITRATOR,numeric,NOMINAL,-3.0 thru -2.0 and -1.0,"[{""value"": ""-3.0"", ""label"": ""Not Stated""}, {""value"": ""-2.0"", ""label"": ""Not Known""}, {""value"": ""-1.0"", ""label"": ""Not Applicable""}, {""value"": ""0.0"", ""label"": ""Correct""}, {""value"": ""1.0"", ""label"": ""Incorrect-Top Left""}, {""value"": ""2.0"", ""label"": ""Incorrect-Top Right""}, {""value"": ""3.0"", ""label"": ""Incorrect-Bottom Lft""}, {""value"": ""4.0"", ""label"": ""Incorrect-Bottom Rt""}]"
2112,i54,VOCAB ITEM 47-EROSION,numeric,NOMINAL,-3.0 thru -2.0 and -1.0,"[{""value"": ""-3.0"", ""label"": ""Not Stated""}, {""value"": ""-2.0"", ""label"": ""Not Known""}, {""value"": ""-1.0"", ""label"": ""Not Applicable""}, {""value"": ""0.0"", ""label"": ""Correct""}, {""value"": ""1.0"", ""label"": ""Incorrect-Top Left""}, {""value"": ""2.0"", ""label"": ""Incorrect-Top Right""}, {""value"": ""3.0"", ""label"": ""Incorrect-Bottom Lft""}, {""value"": ""4.0"", ""label"": ""Incorrect-Bottom Rt""}]"
2113,i55,VOCAB ITEM 48-RADIATION,numeric,NOMINAL,-3.0 thru -2.0 and -1.0,"[{""value"": ""-3.0"", ""label"": ""Not Stated""}, {""value"": ""-2.0"", ""label"": ""Not Known""}, {""value"": ""-1.0"", ""label"": ""Not Applicable""}, {""value"": ""0.0"", ""label"": ""Correct""}, {""value"": ""1.0"", ""label"": ""Incorrect-Top Left""}, {""value"": ""2.0"", ""label"": ""Incorrect-Top Right""}, {""value"": ""3.0"", ""label"": ""Incorrect-Bottom Lft""}, {""value"": ""4.0"", ""label"": ""Incorrect-Bottom Rt""}]"
2114,i56,VOCAB ITEM 49-QUAGMIRE,numeric,NOMINAL,-3.0 thru -2.0 and -1.0,"[{""value"": ""-3.0"", ""label"": ""Not Stated""}, {""value"": ""-2.0"", ""label"": ""Not Known""}, {""value"": ""-1.0"", ""label"": ""Not Applicable""}, {""value"": ""0.0"", ""label"": ""Correct""}, {""value"": ""1.0"", ""label"": ""Incorrect-Top Left""}, {""value"": ""2.0"", ""label"": ""Incorrect-Top Right""}, {""value"": ""3.0"", ""label"": ""Incorrect-Bottom Lft""}, {""value"": ""4.0"", ""label"": ""Incorrect-Bottom Rt""}]"
2115,i57,VOCAB ITEM 50-BARRISTER,numeric,NOMINAL,-3.0 thru -2.0 and -1.0,"[{""value"": ""-3.0"", ""label"": ""Not Stated""}, {""value"": ""-2.0"", ""label"": ""Not Known""}, {""value"": ""-1.0"", ""label"": ""Not Applicable""}, {""value"": ""0.0"", ""label"": ""Correct""}, {""value"": ""1.0"", ""label"": ""Incorrect-Top Left""}, {""value"": ""2.0"", ""label"": ""Incorrect-Top Right""}, {""value"": ""3.0"", ""label"": ""Incorrect-Bottom Lft""}, {""value"": ""4.0"", ""label"": ""Incorrect-Bottom Rt""}]"
2116,i58,VOCAB ITEM 51-SUBURB,numeric,NOMINAL,-3.0 thru -2.0 and -1.0,"[{""value"": ""-3.0"", ""label"": ""Not Stated""}, {""value"": ""-2.0"", ""label"": ""Not Known""}, {""value"": ""-1.0"", ""label"": ""Not Applicable""}, {""value"": ""0.0"", ""label"": ""Correct""}, {""value"": ""1.0"", ""label"": ""Incorrect-Top Left""}, {""value"": ""2.0"", ""label"": ""Incorrect-Top Right""}, {""value"": ""3.0"", ""label"": ""Incorrect-Bottom Lft""}, {""value"": ""4.0"", ""label"": ""Incorrect-Bottom Rt""}]"
2117,i59,VOCAB ITEM 52-CARNIVORE,numeric,NOMINAL,-3.0 thru -2.0 and -1.0,"[{""value"": ""-3.0"", ""label"": ""Not Stated""}, {""value"": ""-2.0"", ""label"": ""Not Known""}, {""value"": ""-1.0"", ""label"": ""Not Applicable""}, {""value"": ""0.0"", ""label"": ""Correct""}, {""value"": ""1.0"", ""label"": ""Incorrect-Top Left""}, {""value"": ""2.0"", ""label"": ""Incorrect-Top Right""}, {""value"": ""3.0"", ""label"": ""Incorrect-Bottom Lft""}, {""value"": ""4.0"", ""label"": ""Incorrect-Bottom Rt""}]"
2118,i60,VOCAB ITEM 53-CONSTELLATION,numeric,NOMINAL,-3.0 thru -2.0 and -1.0,"[{""value"": ""-3.0"", ""label"": ""Not Stated""}, {""value"": ""-2.0"", ""label"": ""Not Known""}, {""value"": ""-1.0"", ""label"": ""Not Applicable""}, {""value"": ""0.0"", ""label"": ""Correct""}, {""value"": ""1.0"", ""label"": ""Incorrect-Top Left""}, {""value"": ""2.0"", ""label"": ""Incorrect-Top Right""}, {""value"": ""3.0"", ""label"": ""Incorrect-Bottom Lft""}, {""value"": ""4.0"", ""label"": ""Incorrect-Bottom Rt""}]"
2119,i61,VOCAB ITEM 54-PROFILE,numeric,NOMINAL,-3.0 thru -2.0 and -1.0,"[{""value"": ""-3.0"", ""label"": ""Not Stated""}, {""value"": ""-2.0"", ""label"": ""Not Known""}, {""value"": ""-1.0"", ""label"": ""Not Applicable""}, {""value"": ""0.0"", ""label"": ""Correct""}, {""value"": ""1.0"", ""label"": ""Incorrect-Top Left""}, {""value"": ""2.0"", ""label"": ""Incorrect-Top Right""}, {""value"": ""3.0"", ""label"": ""Incorrect-Bottom Lft""}, {""value"": ""4.0"", ""label"": ""Incorrect-Bottom Rt""}]"
2120,i62,VOCAB ITEM 55-VERANDAH,numeric,NOMINAL,-3.0 thru -2.0 and -1.0,"[{""value"": ""-3.0"", ""label"": ""Not Stated""}, {""value"": ""-2.0"", ""label"": ""Not Known""}, {""value"": ""-1.0"", ""label"": ""Not Applicable""}, {""value"": ""0.0"", ""label"": ""Correct""}, {""value"": ""1.0"", ""label"": ""Incorrect-Top Left""}, {""value"": ""2.0"", ""label"": ""Incorrect-Top Right""}, {""value"": ""3.0"", ""label"": ""Incorrect-Bottom Lft""}, {""value"": ""4.0"", ""label"": ""Incorrect-Bottom Rt""}]"
2121,i66,VOCAB ITEM 56-DUPLICATE,numeric,NOMINAL,-3.0 thru -2.0 and -1.0,"[{""value"": ""-3.0"", ""label"": ""Not Stated""}, {""value"": ""-2.0"", ""label"": ""Not Known""}, {""value"": ""-1.0"", ""label"": ""Not Applicable""}, {""value"": ""0.0"", ""label"": ""Correct""}, {""value"": ""1.0"", ""label"": ""Incorrect-Top Left""}, {""value"": ""2.0"", ""label"": ""Incorrect-Top Right""}, {""value"": ""3.0"", ""label"": ""Incorrect-Bottom Lft""}, {""value"": ""4.0"", ""label"": ""Incorrect-Bottom Rt""}]"
2122,i67,VOCAB ITEM 57-HORTICULTURE,numeric,NOMINAL,-3.0 thru -2.0 and -1.0,"[{""value"": ""-3.0"", ""label"": ""Not Stated""}, {""value"": ""-2.0"", ""label"": ""Not Known""}, {""value"": ""-1.0"", ""label"": ""Not Applicable""}, {""value"": ""0.0"", ""label"": ""Correct""}, {""value"": ""1.0"", ""label"": ""Incorrect-Top Left""}, {""value"": ""2.0"", ""label"": ""Incorrect-Top Right""}, {""value"": ""3.0"", ""label"": ""Incorrect-Bottom Lft""}, {""value"": ""4.0"", ""label"": ""Incorrect-Bottom Rt""}]"
2123,i68,VOCAB ITEM 58-VORTEX,numeric,NOMINAL,-3.0 thru -2.0 and -1.0,"[{""value"": ""-3.0"", ""label"": ""Not Stated""}, {""value"": ""-2.0"", ""label"": ""Not Known""}, {""value"": ""-1.0"", ""label"": ""Not Applicable""}, {""value"": ""0.0"", ""label"": ""Correct""}, {""value"": ""1.0"", ""label"": ""Incorrect-Top Left""}, {""value"": ""2.0"", ""label"": ""Incorrect-Top Right""}, {""value"": ""3.0"", ""label"": ""Incorrect-Bottom Lft""}, {""value"": ""4.0"", ""label"": ""Incorrect-Bottom Rt""}]"
2124,i69,VOCAB ITEM 59-ABODE,numeric,NOMINAL,-3.0 thru -2.0 and -1.0,"[{""value"": ""-3.0"", ""label"": ""Not Stated""}, {""value"": ""-2.0"", ""label"": ""Not Known""}, {""value"": ""-1.0"", ""label"": ""Not Applicable""}, {""value"": ""0.0"", ""label"": ""Correct""}, {""value"": ""1.0"", ""label"": ""Incorrect-Top Left""}, {""value"": ""2.0"", ""label"": ""Incorrect-Top Right""}, {""value"": ""3.0"", ""label"": ""Incorrect-Bottom Lft""}, {""value"": ""4.0"", ""label"": ""Incorrect-Bottom Rt""}]"
2125,i70,VOCAB ITEM 60-CIVILIAN,numeric,NOMINAL,-3.0 thru -2.0 and -1.0,"[{""value"": ""-3.0"", ""label"": ""Not Stated""}, {""value"": ""-2.0"", ""label"": ""Not Known""}, {""value"": ""-1.0"", ""label"": ""Not Applicable""}, {""value"": ""0.0"", ""label"": ""Correct""}, {""value"": ""1.0"", ""label"": ""Incorrect-Top Left""}, {""value"": ""2.0"", ""label"": ""Incorrect-Top Right""}, {""value"": ""3.0"", ""label"": ""Incorrect-Bottom Lft""}, {""value"": ""4.0"", ""label"": ""Incorrect-Bottom Rt""}]"
2126,i71,VOCAB ITEM 61-VISTA,numeric,NOMINAL,-3.0 thru -2.0 and -1.0,"[{""value"": ""-3.0"", ""label"": ""Not Stated""}, {""value"": ""-2.0"", ""label"": ""Not Known""}, {""value"": ""-1.0"", ""label"": ""Not Applicable""}, {""value"": ""0.0"", ""label"": ""Correct""}, {""value"": ""1.0"", ""label"": ""Incorrect-Top Left""}, {""value"": ""2.0"", ""label"": ""Incorrect-Top Right""}, {""value"": ""3.0"", ""label"": ""Incorrect-Bottom Lft""}, {""value"": ""4.0"", ""label"": ""Incorrect-Bottom Rt""}]"
2127,i72,VOCAB ITEM 62-CONDIMENTS,numeric,NOMINAL,-3.0 thru -2.0 and -1.0,"[{""value"": ""-3.0"", ""label"": ""Not Stated""}, {""value"": ""-2.0"", ""label"": ""Not Known""}, {""value"": ""-1.0"", ""label"": ""Not Applicable""}, {""value"": ""0.0"", ""label"": ""Correct""}, {""value"": ""1.0"", ""label"": ""Incorrect-Top Left""}, {""value"": ""2.0"", ""label"": ""Incorrect-Top Right""}, {""value"": ""3.0"", ""label"": ""Incorrect-Bottom Lft""}, {""value"": ""4.0"", ""label"": ""Incorrect-Bottom Rt""}]"
2128,i73,VOCAB ITEM 63-METAMORPHOSIS,numeric,NOMINAL,-3.0 thru -2.0 and -1.0,"[{""value"": ""-3.0"", ""label"": ""Not Stated""}, {""value"": ""-2.0"", ""label"": ""Not Known""}, {""value"": ""-1.0"", ""label"": ""Not Applicable""}, {""value"": ""0.0"", ""label"": ""Correct""}, {""value"": ""1.0"", ""label"": ""Incorrect-Top Left""}, {""value"": ""2.0"", ""label"": ""Incorrect-Top Right""}, {""value"": ""3.0"", ""label"": ""Incorrect-Bottom Lft""}, {""value"": ""4.0"", ""label"": ""Incorrect-Bottom Rt""}]"
2129,i74,VOCAB ITEM 64-ZENITH,numeric,NOMINAL,-3.0 thru -2.0 and -1.0,"[{""value"": ""-3.0"", ""label"": ""Not Stated""}, {""value"": ""-2.0"", ""label"": ""Not Known""}, {""value"": ""-1.0"", ""label"": ""Not Applicable""}, {""value"": ""0.0"", ""label"": ""Correct""}, {""value"": ""1.0"", ""label"": ""Incorrect-Top Left""}, {""value"": ""2.0"", ""label"": ""Incorrect-Top Right""}, {""value"": ""3.0"", ""label"": ""Incorrect-Bottom Lft""}, {""value"": ""4.0"", ""label"": ""Incorrect-Bottom Rt""}]"
2130,i75,VOCAB ITEM 65-ITINERARY,numeric,NOMINAL,-3.0 thru -2.0 and -1.0,"[{""value"": ""-3.0"", ""label"": ""Not Stated""}, {""value"": ""-2.0"", ""label"": ""Not Known""}, {""value"": ""-1.0"", ""label"": ""Not Applicable""}, {""value"": ""0.0"", ""label"": ""Correct""}, {""value"": ""1.0"", ""label"": ""Incorrect-Top Left""}, {""value"": ""2.0"", ""label"": ""Incorrect-Top Right""}, {""value"": ""3.0"", ""label"": ""Incorrect-Bottom Lft""}, {""value"": ""4.0"", ""label"": ""Incorrect-Bottom Rt""}]"
2131,i76,VOCAB ITEM 66-SINEW,numeric,NOMINAL,-3.0 thru -2.0 and -1.0,"[{""value"": ""-3.0"", ""label"": ""Not Stated""}, {""value"": ""-2.0"", ""label"": ""Not Known""}, {""value"": ""-1.0"", ""label"": ""Not Applicable""}, {""value"": ""0.0"", ""label"": ""Correct""}, {""value"": ""1.0"", ""label"": ""Incorrect-Top Left""}, {""value"": ""2.0"", ""label"": ""Incorrect-Top Right""}, {""value"": ""3.0"", ""label"": ""Incorrect-Bottom Lft""}, {""value"": ""4.0"", ""label"": ""Incorrect-Bottom Rt""}]"
2132,i77,VOCAB ITEM 67-PARAPHERNALIA,numeric,NOMINAL,-3.0 thru -2.0 and -1.0,"[{""value"": ""-3.0"", ""label"": ""Not Stated""}, {""value"": ""-2.0"", ""label"": ""Not Known""}, {""value"": ""-1.0"", ""label"": ""Not Applicable""}, {""value"": ""0.0"", ""label"": ""Correct""}, {""value"": ""1.0"", ""label"": ""Incorrect-Top Left""}, {""value"": ""2.0"", ""label"": ""Incorrect-Top Right""}, {""value"": ""3.0"", ""label"": ""Incorrect-Bottom Lft""}, {""value"": ""4.0"", ""label"": ""Incorrect-Bottom Rt""}]"
2133,i78,VOCAB ITEM 68-HOSIERY,numeric,NOMINAL,-3.0 thru -2.0 and -1.0,"[{""value"": ""-3.0"", ""label"": ""Not Stated""}, {""value"": ""-2.0"", ""label"": ""Not Known""}, {""value"": ""-1.0"", ""label"": ""Not Applicable""}, {""value"": ""0.0"", ""label"": ""Correct""}, {""value"": ""1.0"", ""label"": ""Incorrect-Top Left""}, {""value"": ""2.0"", ""label"": ""Incorrect-Top Right""}, {""value"": ""3.0"", ""label"": ""Incorrect-Bottom Lft""}, {""value"": ""4.0"", ""label"": ""Incorrect-Bottom Rt""}]"
2134,i79,VOCAB ITEM 69-ZONE,numeric,NOMINAL,-3.0 thru -2.0 and -1.0,"[{""value"": ""-3.0"", ""label"": ""Not Stated""}, {""value"": ""-2.0"", ""label"": ""Not Known""}, {""value"": ""-1.0"", ""label"": ""Not Applicable""}, {""value"": ""0.0"", ""label"": ""Correct""}, {""value"": ""1.0"", ""label"": ""Incorrect-Top Left""}, {""value"": ""2.0"", ""label"": ""Incorrect-Top Right""}, {""value"": ""3.0"", ""label"": ""Incorrect-Bottom Lft""}, {""value"": ""4.0"", ""label"": ""Incorrect-Bottom Rt""}]"
2135,i80,VOCAB ITEM 70-VERTEBRATE,numeric,NOMINAL,-3.0 thru -2.0 and -1.0,"[{""value"": ""-3.0"", ""label"": ""Not Stated""}, {""value"": ""-2.0"", ""label"": ""Not Known""}, {""value"": ""-1.0"", ""label"": ""Not Applicable""}, {""value"": ""0.0"", ""label"": ""Correct""}, {""value"": ""1.0"", ""label"": ""Incorrect-Top Left""}, {""value"": ""2.0"", ""label"": ""Incorrect-Top Right""}, {""value"": ""3.0"", ""label"": ""Incorrect-Bottom Lft""}, {""value"": ""4.0"", ""label"": ""Incorrect-Bottom Rt""}]"
2136,i81,VOCAB ITEM 71-FORMULA,numeric,NOMINAL,-3.0 thru -2.0 and -1.0,"[{""value"": ""-3.0"", ""label"": ""Not Stated""}, {""value"": ""-2.0"", ""label"": ""Not Known""}, {""value"": ""-1.0"", ""label"": ""Not Applicable""}, {""value"": ""0.0"", ""label"": ""Correct""}, {""value"": ""1.0"", ""label"": ""Incorrect-Top Left""}, {""value"": ""2.0"", ""label"": ""Incorrect-Top Right""}, {""value"": ""3.0"", ""label"": ""Incorrect-Bottom Lft""}, {""value"": ""4.0"", ""label"": ""Incorrect-Bottom Rt""}]"
2137,i82,SENTENCES Q72-NO HOUSE HAS A CHIMNEY,numeric,NOMINAL,-3.0 thru -2.0 and -1.0,"[{""value"": ""-3.0"", ""label"": ""Not Stated""}, {""value"": ""-2.0"", ""label"": ""Not Known""}, {""value"": ""-1.0"", ""label"": ""Not Applicable""}, {""value"": ""0.0"", ""label"": ""Correct""}, {""value"": ""1.0"", ""label"": ""Incorrect-Top Left""}, {""value"": ""2.0"", ""label"": ""Incorrect-Top Right""}, {""value"": ""3.0"", ""label"": ""Incorrect-Bottom Lft""}, {""value"": ""4.0"", ""label"": ""Incorrect-Bottom Rt""}]"
2138,i83,SENTENCES Q73-NO BALL HAS SPOTS,numeric,NOMINAL,-3.0 thru -2.0 and -1.0,"[{""value"": ""-3.0"", ""label"": ""Not Stated""}, {""value"": ""-2.0"", ""label"": ""Not Known""}, {""value"": ""-1.0"", ""label"": ""Not Applicable""}, {""value"": ""0.0"", ""label"": ""Correct""}, {""value"": ""1.0"", ""label"": ""Incorrect-Top Left""}, {""value"": ""2.0"", ""label"": ""Incorrect-Top Right""}, {""value"": ""3.0"", ""label"": ""Incorrect-Bottom Lft""}, {""value"": ""4.0"", ""label"": ""Incorrect-Bottom Rt""}]"
2139,i84,SENTENCES Q74-ALTHOUGH IT WAS RAINING...,numeric,NOMINAL,-3.0 thru -2.0 and -1.0,"[{""value"": ""-3.0"", ""label"": ""Not Stated""}, {""value"": ""-2.0"", ""label"": ""Not Known""}, {""value"": ""-1.0"", ""label"": ""Not Applicable""}, {""value"": ""0.0"", ""label"": ""Correct""}, {""value"": ""1.0"", ""label"": ""Incorrect-Top Left""}, {""value"": ""2.0"", ""label"": ""Incorrect-Top Right""}, {""value"": ""3.0"", ""label"": ""Incorrect-Bottom Lft""}, {""value"": ""4.0"", ""label"": ""Incorrect-Bottom Rt""}]"
2140,i85,SENTENCES Q75-THE LORRY WITH THE.....,numeric,NOMINAL,-3.0 thru -2.0 and -1.0,"[{""value"": ""-3.0"", ""label"": ""Not Stated""}, {""value"": ""-2.0"", ""label"": ""Not Known""}, {""value"": ""-1.0"", ""label"": ""Not Applicable""}, {""value"": ""0.0"", ""label"": ""Correct""}, {""value"": ""1.0"", ""label"": ""Incorrect-Top Left""}, {""value"": ""2.0"", ""label"": ""Incorrect-Top Right""}, {""value"": ""3.0"", ""label"": ""Incorrect-Bottom Lft""}, {""value"": ""4.0"", ""label"": ""Incorrect-Bottom Rt""}]"
2141,i86,SENTENCES Q76-BEFORE THE BALL.....,numeric,NOMINAL,-3.0 thru -2.0 and -1.0,"[{""value"": ""-3.0"", ""label"": ""Not Stated""}, {""value"": ""-2.0"", ""label"": ""Not Known""}, {""value"": ""-1.0"", ""label"": ""Not Applicable""}, {""value"": ""0.0"", ""label"": ""Correct""}, {""value"": ""1.0"", ""label"": ""Incorrect-Top Left""}, {""value"": ""2.0"", ""label"": ""Incorrect-Top Right""}, {""value"": ""3.0"", ""label"": ""Incorrect-Bottom Lft""}, {""value"": ""4.0"", ""label"": ""Incorrect-Bottom Rt""}]"
2142,i87,SENTENCES Q77-THE HOUSE WAS AS TALL....,numeric,NOMINAL,-3.0 thru -2.0 and -1.0,"[{""value"": ""-3.0"", ""label"": ""Not Stated""}, {""value"": ""-2.0"", ""label"": ""Not Known""}, {""value"": ""-1.0"", ""label"": ""Not Applicable""}, {""value"": ""0.0"", ""label"": ""Correct""}, {""value"": ""1.0"", ""label"": ""Incorrect-Top Left""}, {""value"": ""2.0"", ""label"": ""Incorrect-Top Right""}, {""value"": ""3.0"", ""label"": ""Incorrect-Bottom Lft""}, {""value"": ""4.0"", ""label"": ""Incorrect-Bottom Rt""}]"
2143,i88,SENTENCES Q78-ONLY THE CAT IS WITHOUT...,numeric,NOMINAL,-3.0 thru -2.0 and -1.0,"[{""value"": ""-3.0"", ""label"": ""Not Stated""}, {""value"": ""-2.0"", ""label"": ""Not Known""}, {""value"": ""-1.0"", ""label"": ""Not Applicable""}, {""value"": ""0.0"", ""label"": ""Correct""}, {""value"": ""1.0"", ""label"": ""Incorrect-Top Left""}, {""value"": ""2.0"", ""label"": ""Incorrect-Top Right""}, {""value"": ""3.0"", ""label"": ""Incorrect-Bottom Lft""}, {""value"": ""4.0"", ""label"": ""Incorrect-Bottom Rt""}]"
2144,i89,SENTENCES Q79-NOT ALL THE CHAINS ARE..,numeric,NOMINAL,-3.0 thru -2.0 and -1.0,"[{""value"": ""-3.0"", ""label"": ""Not Stated""}, {""value"": ""-2.0"", ""label"": ""Not Known""}, {""value"": ""-1.0"", ""label"": ""Not Applicable""}, {""value"": ""0.0"", ""label"": ""Correct""}, {""value"": ""1.0"", ""label"": ""Incorrect-Top Left""}, {""value"": ""2.0"", ""label"": ""Incorrect-Top Right""}, {""value"": ""3.0"", ""label"": ""Incorrect-Bottom Lft""}, {""value"": ""4.0"", ""label"": ""Incorrect-Bottom Rt""}]"
2145,i90,SENTENCES Q80-NOT ONLY THE CHILDREN.....,numeric,NOMINAL,-3.0 thru -2.0 and -1.0,"[{""value"": ""-3.0"", ""label"": ""Not Stated""}, {""value"": ""-2.0"", ""label"": ""Not Known""}, {""value"": ""-1.0"", ""label"": ""Not Applicable""}, {""value"": ""0.0"", ""label"": ""Correct""}, {""value"": ""1.0"", ""label"": ""Incorrect-Top Left""}, {""value"": ""2.0"", ""label"": ""Incorrect-Top Right""}, {""value"": ""3.0"", ""label"": ""Incorrect-Bottom Lft""}, {""value"": ""4.0"", ""label"": ""Incorrect-Bottom Rt""}]"
2146,i91,SENTENCES Q81-NOT ONLY THE CURTAINS.....,numeric,NOMINAL,-3.0 thru -2.0 and -1.0,"[{""value"": ""-3.0"", ""label"": ""Not Stated""}, {""value"": ""-2.0"", ""label"": ""Not Known""}, {""value"": ""-1.0"", ""label"": ""Not Applicable""}, {""value"": ""0.0"", ""label"": ""Correct""}, {""value"": ""1.0"", ""label"": ""Incorrect-Top Left""}, {""value"": ""2.0"", ""label"": ""Incorrect-Top Right""}, {""value"": ""3.0"", ""label"": ""Incorrect-Bottom Lft""}, {""value"": ""4.0"", ""label"": ""Incorrect-Bottom Rt""}]"
2147,i92,SENTENCES Q82-THE GIRL RAN AS FAST AS...,numeric,NOMINAL,-3.0 thru -2.0 and -1.0,"[{""value"": ""-3.0"", ""label"": ""Not Stated""}, {""value"": ""-2.0"", ""label"": ""Not Known""}, {""value"": ""-1.0"", ""label"": ""Not Applicable""}, {""value"": ""0.0"", ""label"": ""Correct""}, {""value"": ""1.0"", ""label"": ""Incorrect-Top Left""}, {""value"": ""2.0"", ""label"": ""Incorrect-Top Right""}, {""value"": ""3.0"", ""label"": ""Incorrect-Bottom Lft""}, {""value"": ""4.0"", ""label"": ""Incorrect-Bottom Rt""}]"
2148,i93,SENTENCES Q83-THERE'S NOT A TOY .....,numeric,NOMINAL,-3.0 thru -2.0 and -1.0,"[{""value"": ""-3.0"", ""label"": ""Not Stated""}, {""value"": ""-2.0"", ""label"": ""Not Known""}, {""value"": ""-1.0"", ""label"": ""Not Applicable""}, {""value"": ""0.0"", ""label"": ""Correct""}, {""value"": ""1.0"", ""label"": ""Incorrect-Top Left""}, {""value"": ""2.0"", ""label"": ""Incorrect-Top Right""}, {""value"": ""3.0"", ""label"": ""Incorrect-Bottom Lft""}, {""value"": ""4.0"", ""label"": ""Incorrect-Bottom Rt""}]"
2149,i94,SENTENCES Q84-NOT ALL THE LORRIES...,numeric,NOMINAL,-3.0 thru -2.0 and -1.0,"[{""value"": ""-3.0"", ""label"": ""Not Stated""}, {""value"": ""-2.0"", ""label"": ""Not Known""}, {""value"": ""-1.0"", ""label"": ""Not Applicable""}, {""value"": ""0.0"", ""label"": ""Correct""}, {""value"": ""1.0"", ""label"": ""Incorrect-Top Left""}, {""value"": ""2.0"", ""label"": ""Incorrect-Top Right""}, {""value"": ""3.0"", ""label"": ""Incorrect-Bottom Lft""}, {""value"": ""4.0"", ""label"": ""Incorrect-Bottom Rt""}]"
2150,i95,SENTENCES Q85-THERE'S NOT A SHOE WITHOUT...,numeric,NOMINAL,-3.0 thru -2.0 and -1.0,"[{""value"": ""-3.0"", ""label"": ""Not Stated""}, {""value"": ""-2.0"", ""label"": ""Not Known""}, {""value"": ""-1.0"", ""label"": ""Not Applicable""}, {""value"": ""0.0"", ""label"": ""Correct""}, {""value"": ""1.0"", ""label"": ""Incorrect-Top Left""}, {""value"": ""2.0"", ""label"": ""Incorrect-Top Right""}, {""value"": ""3.0"", ""label"": ""Incorrect-Bottom Lft""}, {""value"": ""4.0"", ""label"": ""Incorrect-Bottom Rt""}]"
2151,i96,SENTENCES Q86-ONLY THE BEACH.....,numeric,NOMINAL,-3.0 thru -2.0 and -1.0,"[{""value"": ""-3.0"", ""label"": ""Not Stated""}, {""value"": ""-2.0"", ""label"": ""Not Known""}, {""value"": ""-1.0"", ""label"": ""Not Applicable""}, {""value"": ""0.0"", ""label"": ""Correct""}, {""value"": ""1.0"", ""label"": ""Incorrect-Top Left""}, {""value"": ""2.0"", ""label"": ""Incorrect-Top Right""}, {""value"": ""3.0"", ""label"": ""Incorrect-Bottom Lft""}, {""value"": ""4.0"", ""label"": ""Incorrect-Bottom Rt""}]"
2152,i97,SENTENCES Q87-THERE IS NO BOTTLE.,numeric,NOMINAL,-3.0 thru -2.0 and -1.0,"[{""value"": ""-3.0"", ""label"": ""Not Stated""}, {""value"": ""-2.0"", ""label"": ""Not Known""}, {""value"": ""-1.0"", ""label"": ""Not Applicable""}, {""value"": ""0.0"", ""label"": ""Correct""}, {""value"": ""1.0"", ""label"": ""Incorrect-Top Left""}, {""value"": ""2.0"", ""label"": ""Incorrect-Top Right""}, {""value"": ""3.0"", ""label"": ""Incorrect-Bottom Lft""}, {""value"": ""4.0"", ""label"": ""Incorrect-Bottom Rt""}]"
2153,i98,SEQUENCES Q88-WHEN HE HAD FINISHED....,numeric,NOMINAL,-3.0 thru -2.0 and -1.0,"[{""value"": ""-3.0"", ""label"": ""Not Stated""}, {""value"": ""-2.0"", ""label"": ""Not Known""}, {""value"": ""-1.0"", ""label"": ""Not Applicable""}, {""value"": ""1.0"", ""label"": ""Same""}, {""value"": ""2.0"", ""label"": ""Not The Same""}]"
2154,i99,SEQUENCES Q89-THE MAN PICKED UP LADDER..,numeric,NOMINAL,-3.0 thru -2.0 and -1.0,"[{""value"": ""-3.0"", ""label"": ""Not Stated""}, {""value"": ""-2.0"", ""label"": ""Not Known""}, {""value"": ""-1.0"", ""label"": ""Not Applicable""}, {""value"": ""1.0"", ""label"": ""Same""}, {""value"": ""2.0"", ""label"": ""Not The Same""}]"
2155,i100,SEQUENCES Q90-THE DOG CHASED THE CAT....,numeric,NOMINAL,-3.0 thru -2.0 and -1.0,"[{""value"": ""-3.0"", ""label"": ""Not Stated""}, {""value"": ""-2.0"", ""label"": ""Not Known""}, {""value"": ""-1.0"", ""label"": ""Not Applicable""}, {""value"": ""1.0"", ""label"": ""Same""}, {""value"": ""2.0"", ""label"": ""Not The Same""}]"
2156,i101,SEQUENCES Q91-WHEN THE BOY HAD PUT ON...,numeric,NOMINAL,-3.0 thru -2.0 and -1.0,"[{""value"": ""-3.0"", ""label"": ""Not Stated""}, {""value"": ""-2.0"", ""label"": ""Not Known""}, {""value"": ""-1.0"", ""label"": ""Not Applicable""}, {""value"": ""1.0"", ""label"": ""Same""}, {""value"": ""2.0"", ""label"": ""Not The Same""}]"
2157,i102,SEQUENCES Q92-AFTER THE RAINFALL......,numeric,NOMINAL,-3.0 thru -2.0 and -1.0,"[{""value"": ""-3.0"", ""label"": ""Not Stated""}, {""value"": ""-2.0"", ""label"": ""Not Known""}, {""value"": ""-1.0"", ""label"": ""Not Applicable""}, {""value"": ""1.0"", ""label"": ""Same""}, {""value"": ""2.0"", ""label"": ""Not The Same""}]"
2158,i103,SEQUENCES Q93-WHEN THE TRAIN ARRIVED....,numeric,NOMINAL,-3.0 thru -2.0 and -1.0,"[{""value"": ""-3.0"", ""label"": ""Not Stated""}, {""value"": ""-2.0"", ""label"": ""Not Known""}, {""value"": ""-1.0"", ""label"": ""Not Applicable""}, {""value"": ""1.0"", ""label"": ""Same""}, {""value"": ""2.0"", ""label"": ""Not The Same""}]"
2159,i104,SEQUENCES Q94-WHEN THE PLANE HAD LANDED.,numeric,NOMINAL,-3.0 thru -2.0 and -1.0,"[{""value"": ""-3.0"", ""label"": ""Not Stated""}, {""value"": ""-2.0"", ""label"": ""Not Known""}, {""value"": ""-1.0"", ""label"": ""Not Applicable""}, {""value"": ""1.0"", ""label"": ""Same""}, {""value"": ""2.0"", ""label"": ""Not The Same""}]"
2160,i105,SEQUENCES Q95-BEFORE LEAVING THE HOUSE...,numeric,NOMINAL,-3.0 thru -2.0 and -1.0,"[{""value"": ""-3.0"", ""label"": ""Not Stated""}, {""value"": ""-2.0"", ""label"": ""Not Known""}, {""value"": ""-1.0"", ""label"": ""Not Applicable""}, {""value"": ""1.0"", ""label"": ""Same""}, {""value"": ""2.0"", ""label"": ""Not The Same""}]"
2161,i106,SEQUENCES Q96-THEY ATE THE APPLES WHICH...,numeric,NOMINAL,-3.0 thru -2.0 and -1.0,"[{""value"": ""-3.0"", ""label"": ""Not Stated""}, {""value"": ""-2.0"", ""label"": ""Not Known""}, {""value"": ""-1.0"", ""label"": ""Not Applicable""}, {""value"": ""1.0"", ""label"": ""Same""}, {""value"": ""2.0"", ""label"": ""Not The Same""}]"
2162,i107,SEQUENCES Q97-BEFORE RISING TO HIS FEET.,numeric,NOMINAL,-3.0 thru -2.0 and -1.0,"[{""value"": ""-3.0"", ""label"": ""Not Stated""}, {""value"": ""-2.0"", ""label"": ""Not Known""}, {""value"": ""-1.0"", ""label"": ""Not Applicable""}, {""value"": ""1.0"", ""label"": ""Same""}, {""value"": ""2.0"", ""label"": ""Not The Same""}]"
2163,i108,SEQUENCES Q98-THEY KICKED THE BEACH ....,numeric,NOMINAL,-3.0 thru -2.0 and -1.0,"[{""value"": ""-3.0"", ""label"": ""Not Stated""}, {""value"": ""-2.0"", ""label"": ""Not Known""}, {""value"": ""-1.0"", ""label"": ""Not Applicable""}, {""value"": ""1.0"", ""label"": ""Same""}, {""value"": ""2.0"", ""label"": ""Not The Same""}]"
2164,i109,SEQUENCES Q99-BEFORE SHE WENT UPSTAIRS,numeric,NOMINAL,-3.0 thru -2.0 and -1.0,"[{""value"": ""-3.0"", ""label"": ""Not Stated""}, {""value"": ""-2.0"", ""label"": ""Not Known""}, {""value"": ""-1.0"", ""label"": ""Not Applicable""}, {""value"": ""1.0"", ""label"": ""Same""}, {""value"": ""2.0"", ""label"": ""Not The Same""}]"
2165,i110,SEQUENCES Q100-BEFORE HE TURNED......,numeric,NOMINAL,-3.0 thru -2.0 and -1.0,"[{""value"": ""-3.0"", ""label"": ""Not Stated""}, {""value"": ""-2.0"", ""label"": ""Not Known""}, {""value"": ""-1.0"", ""label"": ""Not Applicable""}, {""value"": ""1.0"", ""label"": ""Same""}, {""value"": ""2.0"", ""label"": ""Not The Same""}]"
2166,i111,DIAGNOSTIC READING-PLAY,numeric,NOMINAL,-1.0 thru None,"[{""value"": ""-1.0"", ""label"": ""Not applicable""}, {""value"": ""0.0"", ""label"": ""Correct""}, {""value"": ""2.0"", ""label"": ""Incorrect""}]"
2167,i112,DIAGNOSTIC READING-SHARP,numeric,NOMINAL,-1.0 thru None,"[{""value"": ""-1.0"", ""label"": ""Not applicable""}, {""value"": ""0.0"", ""label"": ""Correct""}, {""value"": ""2.0"", ""label"": ""Incorrect""}]"
2168,i113,DIAGNOSTIC READING-LIST,numeric,NOMINAL,-1.0 thru None,"[{""value"": ""-1.0"", ""label"": ""Not applicable""}, {""value"": ""0.0"", ""label"": ""Correct""}, {""value"": ""2.0"", ""label"": ""Incorrect""}]"
2169,i114,DIAGNOSTIC READING-OLD,numeric,NOMINAL,-1.0 thru None,"[{""value"": ""-1.0"", ""label"": ""Not applicable""}, {""value"": ""0.0"", ""label"": ""Correct""}, {""value"": ""2.0"", ""label"": ""Incorrect""}]"
2170,i115,DIAGNOSTIC READING-JUMPING,numeric,NOMINAL,-1.0 thru None,"[{""value"": ""-1.0"", ""label"": ""Not applicable""}, {""value"": ""0.0"", ""label"": ""Correct""}, {""value"": ""2.0"", ""label"": ""Incorrect""}]"
2171,i116,DIAGNOSTIC READING-BEFORE,numeric,NOMINAL,-1.0 thru None,"[{""value"": ""-1.0"", ""label"": ""Not applicable""}, {""value"": ""0.0"", ""label"": ""Correct""}, {""value"": ""2.0"", ""label"": ""Incorrect""}]"
2172,i117,DIAGNOSTIC READING-SOON,numeric,NOMINAL,-1.0 thru None,"[{""value"": ""-1.0"", ""label"": ""Not applicable""}, {""value"": ""0.0"", ""label"": ""Correct""}, {""value"": ""2.0"", ""label"": ""Incorrect""}]"
2173,i118,DIAGNOSTIC READING-OPEN,numeric,NOMINAL,-1.0 thru None,"[{""value"": ""-1.0"", ""label"": ""Not applicable""}, {""value"": ""0.0"", ""label"": ""Correct""}, {""value"": ""2.0"", ""label"": ""Incorrect""}]"
2174,i119,DIAGNOSTIC READING-SLY,numeric,NOMINAL,-1.0 thru None,"[{""value"": ""-1.0"", ""label"": ""Not applicable""}, {""value"": ""0.0"", ""label"": ""Correct""}, {""value"": ""2.0"", ""label"": ""Incorrect""}]"
2175,i120,DIAGNOSTIC READING-GROUND,numeric,NOMINAL,-1.0 thru None,"[{""value"": ""-1.0"", ""label"": ""Not applicable""}, {""value"": ""0.0"", ""label"": ""Correct""}, {""value"": ""2.0"", ""label"": ""Incorrect""}]"
2176,i121,DIAGNOSTIC READING-CHILDREN,numeric,NOMINAL,-1.0 thru None,"[{""value"": ""-1.0"", ""label"": ""Not applicable""}, {""value"": ""0.0"", ""label"": ""Correct""}, {""value"": ""2.0"", ""label"": ""Incorrect""}]"
2177,i122,DIAGNOSTIC READING-DITCH,numeric,NOMINAL,-1.0 thru None,"[{""value"": ""-1.0"", ""label"": ""Not applicable""}, {""value"": ""0.0"", ""label"": ""Correct""}, {""value"": ""2.0"", ""label"": ""Incorrect""}]"
2178,i123,DIAGNOSTIC READING-MOUTH,numeric,NOMINAL,-1.0 thru None,"[{""value"": ""-1.0"", ""label"": ""Not applicable""}, {""value"": ""0.0"", ""label"": ""Correct""}, {""value"": ""2.0"", ""label"": ""Incorrect""}]"
2179,i124,DIAGNOSTIC READING-AIR,numeric,NOMINAL,-1.0 thru None,"[{""value"": ""-1.0"", ""label"": ""Not applicable""}, {""value"": ""0.0"", ""label"": ""Correct""}, {""value"": ""2.0"", ""label"": ""Incorrect""}]"
2180,i125,DIAGNOSTIC READING-SPEAKING,numeric,NOMINAL,-1.0 thru None,"[{""value"": ""-1.0"", ""label"": ""Not applicable""}, {""value"": ""0.0"", ""label"": ""Correct""}, {""value"": ""2.0"", ""label"": ""Incorrect""}]"
2181,i126,DIAGNOSTIC READING-LOW,numeric,NOMINAL,-1.0 thru None,"[{""value"": ""-1.0"", ""label"": ""Not applicable""}, {""value"": ""0.0"", ""label"": ""Correct""}, {""value"": ""2.0"", ""label"": ""Incorrect""}]"
2182,i127,DIAGNOSTIC READING-EVERYONE,numeric,NOMINAL,-1.0 thru None,"[{""value"": ""-1.0"", ""label"": ""Not applicable""}, {""value"": ""0.0"", ""label"": ""Correct""}, {""value"": ""2.0"", ""label"": ""Incorrect""}]"
2183,i128,DIAGNOSTIC READING-MISCHIEF,numeric,NOMINAL,-1.0 thru None,"[{""value"": ""-1.0"", ""label"": ""Not applicable""}, {""value"": ""0.0"", ""label"": ""Correct""}, {""value"": ""2.0"", ""label"": ""Incorrect""}]"
2184,i129,DIAGNOSTIC READING-FRIENDLY,numeric,NOMINAL,-1.0 thru None,"[{""value"": ""-1.0"", ""label"": ""Not applicable""}, {""value"": ""0.0"", ""label"": ""Correct""}, {""value"": ""2.0"", ""label"": ""Incorrect""}]"
2185,i130,DIAGNOSTIC READING-BECAUSE,numeric,NOMINAL,-1.0 thru None,"[{""value"": ""-1.0"", ""label"": ""Not applicable""}, {""value"": ""0.0"", ""label"": ""Correct""}, {""value"": ""2.0"", ""label"": ""Incorrect""}]"
2186,i131,DIAGNOSTIC READING-STRANGE,numeric,NOMINAL,-1.0 thru None,"[{""value"": ""-1.0"", ""label"": ""Not applicable""}, {""value"": ""0.0"", ""label"": ""Correct""}, {""value"": ""2.0"", ""label"": ""Incorrect""}]"
2187,i132,DIAGNOSTIC READING-FAREWELL,numeric,NOMINAL,-1.0 thru None,"[{""value"": ""-1.0"", ""label"": ""Not applicable""}, {""value"": ""0.0"", ""label"": ""Correct""}, {""value"": ""2.0"", ""label"": ""Incorrect""}]"
2188,i133,DIAGNOSTIC READING-MEADOW,numeric,NOMINAL,-1.0 thru None,"[{""value"": ""-1.0"", ""label"": ""Not applicable""}, {""value"": ""0.0"", ""label"": ""Correct""}, {""value"": ""2.0"", ""label"": ""Incorrect""}]"
2189,i134,DIAGNOSTIC READING-FRIGHTENED,numeric,NOMINAL,-1.0 thru None,"[{""value"": ""-1.0"", ""label"": ""Not applicable""}, {""value"": ""0.0"", ""label"": ""Correct""}, {""value"": ""2.0"", ""label"": ""Incorrect""}]"
2190,i135,DIAGNOSTIC READING-TOWARDS,numeric,NOMINAL,-1.0 thru None,"[{""value"": ""-1.0"", ""label"": ""Not applicable""}, {""value"": ""0.0"", ""label"": ""Correct""}, {""value"": ""2.0"", ""label"": ""Incorrect""}]"
2191,i136,DIAGNOSTIC READING-BEAUTY,numeric,NOMINAL,-1.0 thru None,"[{""value"": ""-1.0"", ""label"": ""Not applicable""}, {""value"": ""0.0"", ""label"": ""Correct""}, {""value"": ""2.0"", ""label"": ""Incorrect""}]"
2192,i137,DIAGNOSTIC READING-ADVENTURE,numeric,NOMINAL,-1.0 thru None,"[{""value"": ""-1.0"", ""label"": ""Not applicable""}, {""value"": ""0.0"", ""label"": ""Correct""}, {""value"": ""2.0"", ""label"": ""Incorrect""}]"
2193,i141,DIAGNOSTIC READING-ALTOGETHER,numeric,NOMINAL,-1.0 thru None,"[{""value"": ""-1.0"", ""label"": ""Not applicable""}, {""value"": ""0.0"", ""label"": ""Correct""}, {""value"": ""2.0"", ""label"": ""Incorrect""}]"
2194,i142,DIAGNOSTIC READING-THISTLE,numeric,NOMINAL,-1.0 thru None,"[{""value"": ""-1.0"", ""label"": ""Not applicable""}, {""value"": ""0.0"", ""label"": ""Correct""}, {""value"": ""2.0"", ""label"": ""Incorrect""}]"
2195,i143,DIAGNOSTIC READING-AUTUMN,numeric,NOMINAL,-1.0 thru None,"[{""value"": ""-1.0"", ""label"": ""Not applicable""}, {""value"": ""0.0"", ""label"": ""Correct""}, {""value"": ""2.0"", ""label"": ""Incorrect""}]"
2196,i144,DIAGNOSTIC READING-GRACIOUS,numeric,NOMINAL,-1.0 thru None,"[{""value"": ""-1.0"", ""label"": ""Not applicable""}, {""value"": ""0.0"", ""label"": ""Correct""}, {""value"": ""2.0"", ""label"": ""Incorrect""}]"
2197,i145,DIAGNOSTIC READING-OCEAN,numeric,NOMINAL,-1.0 thru None,"[{""value"": ""-1.0"", ""label"": ""Not applicable""}, {""value"": ""0.0"", ""label"": ""Correct""}, {""value"": ""2.0"", ""label"": ""Incorrect""}]"
2198,i146,DIAGNOSTIC READING-QUARRELSOME,numeric,NOMINAL,-1.0 thru None,"[{""value"": ""-1.0"", ""label"": ""Not applicable""}, {""value"": ""0.0"", ""label"": ""Correct""}, {""value"": ""2.0"", ""label"": ""Incorrect""}]"
2199,i147,DIAGNOSTIC READING-NEIGHBOURHOOD,numeric,NOMINAL,-1.0 thru None,"[{""value"": ""-1.0"", ""label"": ""Not applicable""}, {""value"": ""0.0"", ""label"": ""Correct""}, {""value"": ""2.0"", ""label"": ""Incorrect""}]"
2200,i148,DIAGNOSTIC READING-JEALOUSY,numeric,NOMINAL,-1.0 thru None,"[{""value"": ""-1.0"", ""label"": ""Not applicable""}, {""value"": ""0.0"", ""label"": ""Correct""}, {""value"": ""2.0"", ""label"": ""Incorrect""}]"
2201,i149,DIAGNOSTIC READING-DELICIOUS,numeric,NOMINAL,-1.0 thru None,"[{""value"": ""-1.0"", ""label"": ""Not applicable""}, {""value"": ""0.0"", ""label"": ""Correct""}, {""value"": ""2.0"", ""label"": ""Incorrect""}]"
2202,i150,DIAGNOSTIC READING-SOVEREIGN,numeric,NOMINAL,-1.0 thru None,"[{""value"": ""-1.0"", ""label"": ""Not applicable""}, {""value"": ""0.0"", ""label"": ""Correct""}, {""value"": ""2.0"", ""label"": ""Incorrect""}]"
2203,i151,DIAGNOSTIC READING-MANUFACTURE,numeric,NOMINAL,-1.0 thru None,"[{""value"": ""-1.0"", ""label"": ""Not applicable""}, {""value"": ""0.0"", ""label"": ""Correct""}, {""value"": ""2.0"", ""label"": ""Incorrect""}]"
2204,i152,DIAGNOSTIC READING-IDLENESS,numeric,NOMINAL,-1.0 thru None,"[{""value"": ""-1.0"", ""label"": ""Not applicable""}, {""value"": ""0.0"", ""label"": ""Correct""}, {""value"": ""2.0"", ""label"": ""Incorrect""}]"
2205,i153,DIAGNOSTIC READING-POPULATION,numeric,NOMINAL,-1.0 thru None,"[{""value"": ""-1.0"", ""label"": ""Not applicable""}, {""value"": ""0.0"", ""label"": ""Correct""}, {""value"": ""2.0"", ""label"": ""Incorrect""}]"
2206,i154,DIAGNOSTIC READING-ACQUAINTANCE,numeric,NOMINAL,-1.0 thru None,"[{""value"": ""-1.0"", ""label"": ""Not applicable""}, {""value"": ""0.0"", ""label"": ""Correct""}, {""value"": ""2.0"", ""label"": ""Incorrect""}]"
2207,i155,DIAGNOSTIC READING-PALEST,numeric,NOMINAL,-1.0 thru None,"[{""value"": ""-1.0"", ""label"": ""Not applicable""}, {""value"": ""0.0"", ""label"": ""Correct""}, {""value"": ""2.0"", ""label"": ""Incorrect""}]"
2208,i156,DIAGNOSTIC READING-CEREMONY,numeric,NOMINAL,-1.0 thru None,"[{""value"": ""-1.0"", ""label"": ""Not applicable""}, {""value"": ""0.0"", ""label"": ""Correct""}, {""value"": ""2.0"", ""label"": ""Incorrect""}]"
2209,i157,DIAGNOSTIC READING-MONUMENTAL,numeric,NOMINAL,-1.0 thru None,"[{""value"": ""-1.0"", ""label"": ""Not applicable""}, {""value"": ""0.0"", ""label"": ""Correct""}, {""value"": ""2.0"", ""label"": ""Incorrect""}]"
2210,i158,DIAGNOSTIC READING-ACKNOWLEDGE,numeric,NOMINAL,-1.0 thru None,"[{""value"": ""-1.0"", ""label"": ""Not applicable""}, {""value"": ""0.0"", ""label"": ""Correct""}, {""value"": ""2.0"", ""label"": ""Incorrect""}]"
2211,i159,DIAGNOSTIC READING-THREATEN,numeric,NOMINAL,-1.0 thru None,"[{""value"": ""-1.0"", ""label"": ""Not applicable""}, {""value"": ""0.0"", ""label"": ""Correct""}, {""value"": ""2.0"", ""label"": ""Incorrect""}]"
2212,i160,DIAGNOSTIC READING-BURIAL,numeric,NOMINAL,-1.0 thru None,"[{""value"": ""-1.0"", ""label"": ""Not applicable""}, {""value"": ""0.0"", ""label"": ""Correct""}, {""value"": ""2.0"", ""label"": ""Incorrect""}]"
2213,i161,DIAGNOSTIC READING-LEAGUE,numeric,NOMINAL,-1.0 thru None,"[{""value"": ""-1.0"", ""label"": ""Not applicable""}, {""value"": ""0.0"", ""label"": ""Correct""}, {""value"": ""2.0"", ""label"": ""Incorrect""}]"
2214,i162,DIAGNOSTIC READING-NEVERTHELESS,numeric,NOMINAL,-1.0 thru None,"[{""value"": ""-1.0"", ""label"": ""Not applicable""}, {""value"": ""0.0"", ""label"": ""Correct""}, {""value"": ""2.0"", ""label"": ""Incorrect""}]"
2215,i163,DIAGNOSTIC READING-TRIUMPHANT,numeric,NOMINAL,-1.0 thru None,"[{""value"": ""-1.0"", ""label"": ""Not applicable""}, {""value"": ""0.0"", ""label"": ""Correct""}, {""value"": ""2.0"", ""label"": ""Incorrect""}]"
2216,i164,DIAGNOSTIC READING-ROGUE,numeric,NOMINAL,-1.0 thru None,"[{""value"": ""-1.0"", ""label"": ""Not applicable""}, {""value"": ""0.0"", ""label"": ""Correct""}, {""value"": ""2.0"", ""label"": ""Incorrect""}]"
2217,i165,DIAGNOSTIC READING-RUINOUS,numeric,NOMINAL,-1.0 thru None,"[{""value"": ""-1.0"", ""label"": ""Not applicable""}, {""value"": ""0.0"", ""label"": ""Correct""}, {""value"": ""2.0"", ""label"": ""Incorrect""}]"
2218,i166,DIAGNOSTIC READING-DENY,numeric,NOMINAL,-1.0 thru None,"[{""value"": ""-1.0"", ""label"": ""Not applicable""}, {""value"": ""0.0"", ""label"": ""Correct""}, {""value"": ""2.0"", ""label"": ""Incorrect""}]"
2219,i167,DIAGNOSTIC READING-ORIGINAL,numeric,NOMINAL,-1.0 thru None,"[{""value"": ""-1.0"", ""label"": ""Not applicable""}, {""value"": ""0.0"", ""label"": ""Correct""}, {""value"": ""2.0"", ""label"": ""Incorrect""}]"
2220,i168,DIAGNOSTIC READING-CONSEQUENCES,numeric,NOMINAL,-1.0 thru None,"[{""value"": ""-1.0"", ""label"": ""Not applicable""}, {""value"": ""0.0"", ""label"": ""Correct""}, {""value"": ""2.0"", ""label"": ""Incorrect""}]"
2221,i169,DIAGNOSTIC READING-REVERENCE,numeric,NOMINAL,-1.0 thru None,"[{""value"": ""-1.0"", ""label"": ""Not applicable""}, {""value"": ""0.0"", ""label"": ""Correct""}, {""value"": ""2.0"", ""label"": ""Incorrect""}]"
2222,i170,DIAGNOSTIC READING-CHEQUE,numeric,NOMINAL,-1.0 thru None,"[{""value"": ""-1.0"", ""label"": ""Not applicable""}, {""value"": ""0.0"", ""label"": ""Correct""}, {""value"": ""2.0"", ""label"": ""Incorrect""}]"
2223,i171,DIAGNOSTIC READING-PYRAMID,numeric,NOMINAL,-1.0 thru None,"[{""value"": ""-1.0"", ""label"": ""Not applicable""}, {""value"": ""0.0"", ""label"": ""Correct""}, {""value"": ""2.0"", ""label"": ""Incorrect""}]"
2224,i172,DIAGNOSTIC READING-VEHICLE,numeric,NOMINAL,-1.0 thru None,"[{""value"": ""-1.0"", ""label"": ""Not applicable""}, {""value"": ""0.0"", ""label"": ""Correct""}, {""value"": ""2.0"", ""label"": ""Incorrect""}]"
2225,i173,DIAGNOSTIC READING-EMPHASISE,numeric,NOMINAL,-1.0 thru None,"[{""value"": ""-1.0"", ""label"": ""Not applicable""}, {""value"": ""0.0"", ""label"": ""Correct""}, {""value"": ""2.0"", ""label"": ""Incorrect""}]"
2226,i174,DIAGNOSTIC READING-LIEUTENANT,numeric,NOMINAL,-1.0 thru None,"[{""value"": ""-1.0"", ""label"": ""Not applicable""}, {""value"": ""0.0"", ""label"": ""Correct""}, {""value"": ""2.0"", ""label"": ""Incorrect""}]"
2227,i175,DIAGNOSTIC READING-BENEFICIAL,numeric,NOMINAL,-1.0 thru None,"[{""value"": ""-1.0"", ""label"": ""Not applicable""}, {""value"": ""0.0"", ""label"": ""Correct""}, {""value"": ""2.0"", ""label"": ""Incorrect""}]"
2228,i176,DIAGNOSTIC READING-PIETY,numeric,NOMINAL,-1.0 thru None,"[{""value"": ""-1.0"", ""label"": ""Not applicable""}, {""value"": ""0.0"", ""label"": ""Correct""}, {""value"": ""2.0"", ""label"": ""Incorrect""}]"
2229,i177,DIAGNOSTIC READING-ENDEAVOUR,numeric,NOMINAL,-1.0 thru None,"[{""value"": ""-1.0"", ""label"": ""Not applicable""}, {""value"": ""0.0"", ""label"": ""Correct""}, {""value"": ""2.0"", ""label"": ""Incorrect""}]"
2230,i178,DIAGNOSTIC READING-SUSCEPTIBLE,numeric,NOMINAL,-1.0 thru None,"[{""value"": ""-1.0"", ""label"": ""Not applicable""}, {""value"": ""0.0"", ""label"": ""Correct""}, {""value"": ""2.0"", ""label"": ""Incorrect""}]"
2231,i179,DIAGNOSTIC READING-SACRIFICIAL,numeric,NOMINAL,-1.0 thru None,"[{""value"": ""-1.0"", ""label"": ""Not applicable""}, {""value"": ""0.0"", ""label"": ""Correct""}, {""value"": ""2.0"", ""label"": ""Incorrect""}]"
2232,i180,DIAGNOSTIC READING-ANTICIPATE,numeric,NOMINAL,-1.0 thru None,"[{""value"": ""-1.0"", ""label"": ""Not applicable""}, {""value"": ""0.0"", ""label"": ""Correct""}, {""value"": ""2.0"", ""label"": ""Incorrect""}]"
2233,i181,DIAGNOSTIC READING-IDIOTIC,numeric,NOMINAL,-1.0 thru None,"[{""value"": ""-1.0"", ""label"": ""Not applicable""}, {""value"": ""0.0"", ""label"": ""Correct""}, {""value"": ""2.0"", ""label"": ""Incorrect""}]"
2234,i182,DIAGNOSTIC READING-AREA,numeric,NOMINAL,-1.0 thru None,"[{""value"": ""-1.0"", ""label"": ""Not applicable""}, {""value"": ""0.0"", ""label"": ""Correct""}, {""value"": ""2.0"", ""label"": ""Incorrect""}]"
2235,i183,DIAGNOSTIC READING-HEROIC,numeric,NOMINAL,-1.0 thru None,"[{""value"": ""-1.0"", ""label"": ""Not applicable""}, {""value"": ""0.0"", ""label"": ""Correct""}, {""value"": ""2.0"", ""label"": ""Incorrect""}]"
2236,i184,DIAGNOSTIC READING-DIAMETER,numeric,NOMINAL,-1.0 thru None,"[{""value"": ""-1.0"", ""label"": ""Not applicable""}, {""value"": ""0.0"", ""label"": ""Correct""}, {""value"": ""2.0"", ""label"": ""Incorrect""}]"
2237,i185,DIAGNOSTIC READING-FACILITY,numeric,NOMINAL,-1.0 thru None,"[{""value"": ""-1.0"", ""label"": ""Not applicable""}, {""value"": ""0.0"", ""label"": ""Correct""}, {""value"": ""2.0"", ""label"": ""Incorrect""}]"
2238,i186,DIAGNOSTIC READING-CYNICAL,numeric,NOMINAL,-1.0 thru None,"[{""value"": ""-1.0"", ""label"": ""Not applicable""}, {""value"": ""0.0"", ""label"": ""Correct""}, {""value"": ""2.0"", ""label"": ""Incorrect""}]"
2239,i187,DIAGNOSTIC READING-ANALYSIS,numeric,NOMINAL,-1.0 thru None,"[{""value"": ""-1.0"", ""label"": ""Not applicable""}, {""value"": ""0.0"", ""label"": ""Correct""}, {""value"": ""2.0"", ""label"": ""Incorrect""}]"
2240,i188,DIAGNOSTIC READING-PICTURESQUE,numeric,NOMINAL,-1.0 thru None,"[{""value"": ""-1.0"", ""label"": ""Not applicable""}, {""value"": ""0.0"", ""label"": ""Correct""}, {""value"": ""2.0"", ""label"": ""Incorrect""}]"
2241,i189,DIAGNOSTIC READING-SOLICITOR,numeric,NOMINAL,-1.0 thru None,"[{""value"": ""-1.0"", ""label"": ""Not applicable""}, {""value"": ""0.0"", ""label"": ""Correct""}, {""value"": ""2.0"", ""label"": ""Incorrect""}]"
2242,i190,DIAGNOSTIC READING-INACCURACY,numeric,NOMINAL,-1.0 thru None,"[{""value"": ""-1.0"", ""label"": ""Not applicable""}, {""value"": ""0.0"", ""label"": ""Correct""}, {""value"": ""2.0"", ""label"": ""Incorrect""}]"
2243,i191,DIAGNOSTIC READING-STRATAGEM,numeric,NOMINAL,-1.0 thru None,"[{""value"": ""-1.0"", ""label"": ""Not applicable""}, {""value"": ""0.0"", ""label"": ""Correct""}, {""value"": ""2.0"", ""label"": ""Incorrect""}]"
2244,i192,DIAGNOSTIC READING-PERSUASIVE,numeric,NOMINAL,-1.0 thru None,"[{""value"": ""-1.0"", ""label"": ""Not applicable""}, {""value"": ""0.0"", ""label"": ""Correct""}, {""value"": ""2.0"", ""label"": ""Incorrect""}]"
2245,i193,DIAGNOSTIC READING-MANOEUVRES,numeric,NOMINAL,-1.0 thru None,"[{""value"": ""-1.0"", ""label"": ""Not applicable""}, {""value"": ""0.0"", ""label"": ""Correct""}, {""value"": ""2.0"", ""label"": ""Incorrect""}]"
2246,i194,DIAGNOSTIC READING-PREFERENCE,numeric,NOMINAL,-1.0 thru None,"[{""value"": ""-1.0"", ""label"": ""Not applicable""}, {""value"": ""0.0"", ""label"": ""Correct""}, {""value"": ""2.0"", ""label"": ""Incorrect""}]"
2247,i195,DIAGNOSTIC READING-TYRANNY,numeric,NOMINAL,-1.0 thru None,"[{""value"": ""-1.0"", ""label"": ""Not applicable""}, {""value"": ""0.0"", ""label"": ""Correct""}, {""value"": ""2.0"", ""label"": ""Incorrect""}]"
2248,i196,DIAGNOSTIC READING-CATASTROPHE,numeric,NOMINAL,-1.0 thru None,"[{""value"": ""-1.0"", ""label"": ""Not applicable""}, {""value"": ""0.0"", ""label"": ""Correct""}, {""value"": ""2.0"", ""label"": ""Incorrect""}]"
2249,i197,DIAGNOSTIC READING-OPAQUE,numeric,NOMINAL,-1.0 thru None,"[{""value"": ""-1.0"", ""label"": ""Not applicable""}, {""value"": ""0.0"", ""label"": ""Correct""}, {""value"": ""2.0"", ""label"": ""Incorrect""}]"
2250,i198,DIAGNOSTIC READING-DECISIVE,numeric,NOMINAL,-1.0 thru None,"[{""value"": ""-1.0"", ""label"": ""Not applicable""}, {""value"": ""0.0"", ""label"": ""Correct""}, {""value"": ""2.0"", ""label"": ""Incorrect""}]"
2251,i199,DIAGNOSTIC READING-MISCELLANEOUS,numeric,NOMINAL,-1.0 thru None,"[{""value"": ""-1.0"", ""label"": ""Not applicable""}, {""value"": ""0.0"", ""label"": ""Correct""}, {""value"": ""2.0"", ""label"": ""Incorrect""}]"
2252,i200,DIAGNOSTIC READING-RECIPE,numeric,NOMINAL,-1.0 thru None,"[{""value"": ""-1.0"", ""label"": ""Not applicable""}, {""value"": ""0.0"", ""label"": ""Correct""}, {""value"": ""2.0"", ""label"": ""Incorrect""}]"
2253,i201,DIAGNOSTIC READING-PRECIPITOUS,numeric,NOMINAL,-1.0 thru None,"[{""value"": ""-1.0"", ""label"": ""Not applicable""}, {""value"": ""0.0"", ""label"": ""Correct""}, {""value"": ""2.0"", ""label"": ""Incorrect""}]"
2254,i202,DIAGNOSTIC READING-PNEUMONIA,numeric,NOMINAL,-1.0 thru None,"[{""value"": ""-1.0"", ""label"": ""Not applicable""}, {""value"": ""0.0"", ""label"": ""Correct""}, {""value"": ""2.0"", ""label"": ""Incorrect""}]"
2255,i203,DIAGNOSTIC READING-CALIBRE,numeric,NOMINAL,-1.0 thru None,"[{""value"": ""-1.0"", ""label"": ""Not applicable""}, {""value"": ""0.0"", ""label"": ""Correct""}, {""value"": ""2.0"", ""label"": ""Incorrect""}]"
2256,i204,DIAGNOSTIC READING-MAUSOLEUM,numeric,NOMINAL,-1.0 thru None,"[{""value"": ""-1.0"", ""label"": ""Not applicable""}, {""value"": ""0.0"", ""label"": ""Correct""}, {""value"": ""2.0"", ""label"": ""Incorrect""}]"
2257,i205,DIAGNOSTIC READING-OCCIPITAL,numeric,NOMINAL,-1.0 thru None,"[{""value"": ""-1.0"", ""label"": ""Not applicable""}, {""value"": ""0.0"", ""label"": ""Correct""}, {""value"": ""2.0"", ""label"": ""Incorrect""}]"
2258,i206,DIAGNOSTIC READING-FACETIOUS,numeric,NOMINAL,-1.0 thru None,"[{""value"": ""-1.0"", ""label"": ""Not applicable""}, {""value"": ""0.0"", ""label"": ""Correct""}, {""value"": ""2.0"", ""label"": ""Incorrect""}]"
2259,i207,DIAGNOSTIC READING-TSETSE,numeric,NOMINAL,-1.0 thru None,"[{""value"": ""-1.0"", ""label"": ""Not applicable""}, {""value"": ""0.0"", ""label"": ""Correct""}, {""value"": ""2.0"", ""label"": ""Incorrect""}]"
2260,i208,DIAGNOSTIC READING-NAUSEA,numeric,NOMINAL,-1.0 thru None,"[{""value"": ""-1.0"", ""label"": ""Not applicable""}, {""value"": ""0.0"", ""label"": ""Correct""}, {""value"": ""2.0"", ""label"": ""Incorrect""}]"
2261,i209,DIAGNOSTIC READING-RHETORIC,numeric,NOMINAL,-1.0 thru None,"[{""value"": ""-1.0"", ""label"": ""Not applicable""}, {""value"": ""0.0"", ""label"": ""Correct""}, {""value"": ""2.0"", ""label"": ""Incorrect""}]"
2262,i210,DIAGNOSTIC READING-UNANIMITY,numeric,NOMINAL,-1.0 thru None,"[{""value"": ""-1.0"", ""label"": ""Not applicable""}, {""value"": ""0.0"", ""label"": ""Correct""}, {""value"": ""2.0"", ""label"": ""Incorrect""}]"
2263,i211,DIAGNOSTIC READING-HEINOUS,numeric,NOMINAL,-1.0 thru None,"[{""value"": ""-1.0"", ""label"": ""Not applicable""}, {""value"": ""0.0"", ""label"": ""Correct""}, {""value"": ""2.0"", ""label"": ""Incorrect""}]"
2264,i212,DIAGNOSTIC READING-FORTUITOUS,numeric,NOMINAL,-1.0 thru None,"[{""value"": ""-1.0"", ""label"": ""Not applicable""}, {""value"": ""0.0"", ""label"": ""Correct""}, {""value"": ""2.0"", ""label"": ""Incorrect""}]"
2265,i216,DIAGNOSTIC READING-DESULTORY,numeric,NOMINAL,-3.0 thru -2.0 and -1.0,"[{""value"": ""-3.0"", ""label"": ""Not Stated""}, {""value"": ""-2.0"", ""label"": ""Not Known""}, {""value"": ""-1.0"", ""label"": ""Not Applicable""}, {""value"": ""0.0"", ""label"": ""Correct""}, {""value"": ""2.0"", ""label"": ""Incorrect""}]"
2266,i217,DIAGNOSTIC READING 2ND LIST: NEADOW,numeric,NOMINAL,-3.0 thru -2.0 and -1.0,"[{""value"": ""-3.0"", ""label"": ""Not Stated""}, {""value"": ""-2.0"", ""label"": ""Not Known""}, {""value"": ""-1.0"", ""label"": ""Not Applicable""}, {""value"": ""1.0"", ""label"": ""Incorrect""}, {""value"": ""2.0"", ""label"": ""As In Meadow""}, {""value"": ""3.0"", ""label"": ""As In Low""}, {""value"": ""4.0"", ""label"": ""As In Cow""}]"
2267,i218,DIAGNOSTIC READING 2ND LIST: LOCEAN,numeric,NOMINAL,-3.0 thru -2.0 and -1.0,"[{""value"": ""-3.0"", ""label"": ""Not Stated""}, {""value"": ""-2.0"", ""label"": ""Not Known""}, {""value"": ""-1.0"", ""label"": ""Not Applicable""}, {""value"": ""1.0"", ""label"": ""Incorrect""}, {""value"": ""2.0"", ""label"": ""As In Ocean""}, {""value"": ""3.0"", ""label"": ""As In Loseen""}, {""value"": ""4.0"", ""label"": ""Not Attempted""}]"
2268,i219,DIAGNOSTIC READING 2ND LIST: TEAGUE,numeric,NOMINAL,-3.0 thru -2.0 and -1.0,"[{""value"": ""-3.0"", ""label"": ""Not Stated""}, {""value"": ""-2.0"", ""label"": ""Not Known""}, {""value"": ""-1.0"", ""label"": ""Not Applicable""}, {""value"": ""1.0"", ""label"": ""Incorrect""}, {""value"": ""2.0"", ""label"": ""As In League""}, {""value"": ""3.0"", ""label"": ""As In Tegew""}, {""value"": ""4.0"", ""label"": ""Not Attempted""}]"
2269,i220,DIAGNOSTIC READING 2ND LIST: OREA,numeric,NOMINAL,-3.0 thru -2.0 and -1.0,"[{""value"": ""-3.0"", ""label"": ""Not Stated""}, {""value"": ""-2.0"", ""label"": ""Not Known""}, {""value"": ""-1.0"", ""label"": ""Not Applicable""}, {""value"": ""1.0"", ""label"": ""Incorrect""}, {""value"": ""2.0"", ""label"": ""As In Area""}, {""value"": ""3.0"", ""label"": ""As In Oree""}, {""value"": ""4.0"", ""label"": ""Not Attempted""}]"
2270,i221,DIAGNOSTIC READING 2ND LIST: HISTLE,numeric,NOMINAL,-3.0 thru -2.0 and -1.0,"[{""value"": ""-3.0"", ""label"": ""Not Stated""}, {""value"": ""-2.0"", ""label"": ""Not Known""}, {""value"": ""-1.0"", ""label"": ""Not Applicable""}, {""value"": ""1.0"", ""label"": ""Incorrect""}, {""value"": ""2.0"", ""label"": ""As In Thistle""}, {""value"": ""4.0"", ""label"": ""Not Attempted""}]"
2271,i222,DIAGNOSTIC READING 2ND LIST: NAREWELL,numeric,NOMINAL,-3.0 thru -2.0 and -1.0,"[{""value"": ""-3.0"", ""label"": ""Not Stated""}, {""value"": ""-2.0"", ""label"": ""Not Known""}, {""value"": ""-1.0"", ""label"": ""Not Applicable""}, {""value"": ""1.0"", ""label"": ""Incorrect""}, {""value"": ""2.0"", ""label"": ""As In Farewell""}, {""value"": ""4.0"", ""label"": ""Not Attempted""}]"
2272,i223,DIAGNOSTIC READING 2ND LIST: OLDNESS,numeric,NOMINAL,-3.0 thru -2.0 and -1.0,"[{""value"": ""-3.0"", ""label"": ""Not Stated""}, {""value"": ""-2.0"", ""label"": ""Not Known""}, {""value"": ""-1.0"", ""label"": ""Not Applicable""}, {""value"": ""1.0"", ""label"": ""Incorrect""}, {""value"": ""2.0"", ""label"": ""As In Odleness""}, {""value"": ""4.0"", ""label"": ""Not Attempted""}]"
2273,i224,DIAGNOSTIC READING 2ND LIST: RONUMENTAL,numeric,NOMINAL,-3.0 thru -2.0 and -1.0,"[{""value"": ""-3.0"", ""label"": ""Not Stated""}, {""value"": ""-2.0"", ""label"": ""Not Known""}, {""value"": ""-1.0"", ""label"": ""Not Applicable""}, {""value"": ""1.0"", ""label"": ""Incorrect""}, {""value"": ""2.0"", ""label"": ""As In Monumental""}, {""value"": ""4.0"", ""label"": ""Not Attempted""}]"
2274,i3808,DICTATION - TIME - MINUTES,numeric,SCALE,-3.0 thru -2.0 and -1.0,"[{""value"": ""-3.0"", ""label"": ""Not Stated""}, {""value"": ""-2.0"", ""label"": ""Not Known""}, {""value"": ""-1.0"", ""label"": ""Not applicable""}]"
2275,i3809,DICTATION - HANDWRITING - IMPRESSION,numeric,NOMINAL,-7.0 thru -3.0 and -1.0,"[{""value"": ""-7.0"", ""label"": ""Blank""}, {""value"": ""-3.0"", ""label"": ""Not stated""}, {""value"": ""-1.0"", ""label"": ""Not applicable""}, {""value"": ""1.0"", ""label"": ""Good""}, {""value"": ""2.0"", ""label"": ""Fair""}, {""value"": ""3.0"", ""label"": ""Poor""}]"
2276,i3810,DICTATION - HANDWRITING - CURSIVE,numeric,NOMINAL,-7.0 thru -3.0 and -1.0,"[{""value"": ""-7.0"", ""label"": ""Blank""}, {""value"": ""-3.0"", ""label"": ""Not stated""}, {""value"": ""-1.0"", ""label"": ""Not applicable""}, {""value"": ""1.0"", ""label"": ""Good""}, {""value"": ""2.0"", ""label"": ""Fair""}, {""value"": ""3.0"", ""label"": ""Poor""}]"
2277,i3811,DICTATION - HANDWRITING - DIVISION,numeric,NOMINAL,-7.0 thru -3.0 and -1.0,"[{""value"": ""-7.0"", ""label"": ""Blank""}, {""value"": ""-3.0"", ""label"": ""Not stated""}, {""value"": ""-1.0"", ""label"": ""Not applicable""}, {""value"": ""1.0"", ""label"": ""Good""}, {""value"": ""2.0"", ""label"": ""Fair""}, {""value"": ""3.0"", ""label"": ""Poor""}]"
2278,i3812,DICTATION - HANDWRITING - SLANT,numeric,NOMINAL,-7.0 thru -3.0 and -1.0,"[{""value"": ""-7.0"", ""label"": ""Blank""}, {""value"": ""-3.0"", ""label"": ""Not stated""}, {""value"": ""-1.0"", ""label"": ""Not applicable""}, {""value"": ""1.0"", ""label"": ""Good""}, {""value"": ""2.0"", ""label"": ""Fair""}, {""value"": ""3.0"", ""label"": ""Poor""}]"
2279,i3813,DICTATION - HANDWRITING - FORM,numeric,NOMINAL,-7.0 thru -3.0 and -1.0,"[{""value"": ""-7.0"", ""label"": ""Blank""}, {""value"": ""-3.0"", ""label"": ""Not stated""}, {""value"": ""-1.0"", ""label"": ""Not applicable""}, {""value"": ""1.0"", ""label"": ""Good""}, {""value"": ""2.0"", ""label"": ""Fair""}, {""value"": ""3.0"", ""label"": ""Poor""}]"
2280,i3814,DICTATION - HANDWRITING - SIZE,numeric,NOMINAL,-7.0 thru -3.0 and -1.0,"[{""value"": ""-7.0"", ""label"": ""Blank""}, {""value"": ""-3.0"", ""label"": ""Not stated""}, {""value"": ""-1.0"", ""label"": ""Not applicable""}, {""value"": ""1.0"", ""label"": ""Good""}, {""value"": ""2.0"", ""label"": ""Fair""}, {""value"": ""3.0"", ""label"": ""Poor""}]"
2281,i3815,DICTATION - SPELLING - OFTEN,numeric,NOMINAL,-7.0 thru -3.0 and -1.0,"[{""value"": ""-7.0"", ""label"": ""Blank""}, {""value"": ""-3.0"", ""label"": ""Not stated""}, {""value"": ""-1.0"", ""label"": ""Not applicable""}, {""value"": ""1.0"", ""label"": ""Correct""}, {""value"": ""2.0"", ""label"": ""Incorrect""}]"
2282,i3816,DICTATION - SPELLING - OPPOSITE,numeric,NOMINAL,-7.0 thru -3.0 and -1.0,"[{""value"": ""-7.0"", ""label"": ""Blank""}, {""value"": ""-3.0"", ""label"": ""Not stated""}, {""value"": ""-1.0"", ""label"": ""Not applicable""}, {""value"": ""1.0"", ""label"": ""Correct""}, {""value"": ""2.0"", ""label"": ""Incorrect""}]"
2283,i3817,DICTATION - SPELLING - CURTAINS,numeric,NOMINAL,-7.0 thru -3.0 and -1.0,"[{""value"": ""-7.0"", ""label"": ""Blank""}, {""value"": ""-3.0"", ""label"": ""Not stated""}, {""value"": ""-1.0"", ""label"": ""Not applicable""}, {""value"": ""1.0"", ""label"": ""Correct""}, {""value"": ""2.0"", ""label"": ""Incorrect""}]"
2284,i3818,DICTATION - SPELLING - LATEST,numeric,NOMINAL,-7.0 thru -3.0 and -1.0,"[{""value"": ""-7.0"", ""label"": ""Blank""}, {""value"": ""-3.0"", ""label"": ""Not stated""}, {""value"": ""-1.0"", ""label"": ""Not applicable""}, {""value"": ""1.0"", ""label"": ""Correct""}, {""value"": ""2.0"", ""label"": ""Incorrect""}]"
2285,i3819,DICTATION - SPELLING - WANTED,numeric,NOMINAL,-7.0 thru -3.0 and -1.0,"[{""value"": ""-7.0"", ""label"": ""Blank""}, {""value"": ""-3.0"", ""label"": ""Not stated""}, {""value"": ""-1.0"", ""label"": ""Not applicable""}, {""value"": ""1.0"", ""label"": ""Correct""}, {""value"": ""2.0"", ""label"": ""Incorrect""}]"
2286,i3820,DICTATION - SPELLING - VISITED,numeric,NOMINAL,-7.0 thru -3.0 and -1.0,"[{""value"": ""-7.0"", ""label"": ""Blank""}, {""value"": ""-3.0"", ""label"": ""Not stated""}, {""value"": ""-1.0"", ""label"": ""Not applicable""}, {""value"": ""1.0"", ""label"": ""Correct""}, {""value"": ""2.0"", ""label"": ""Incorrect""}]"
2287,i3821,DICTATION - SPELLING - GALLERY,numeric,NOMINAL,-7.0 thru -3.0 and -1.0,"[{""value"": ""-7.0"", ""label"": ""Blank""}, {""value"": ""-3.0"", ""label"": ""Not stated""}, {""value"": ""-1.0"", ""label"": ""Not applicable""}, {""value"": ""1.0"", ""label"": ""Correct""}, {""value"": ""2.0"", ""label"": ""Incorrect""}]"
2288,i3822,DICTATION - SPELLING - WROTE,numeric,NOMINAL,-7.0 thru -3.0 and -1.0,"[{""value"": ""-7.0"", ""label"": ""Blank""}, {""value"": ""-3.0"", ""label"": ""Not stated""}, {""value"": ""-1.0"", ""label"": ""Not applicable""}, {""value"": ""1.0"", ""label"": ""Correct""}, {""value"": ""2.0"", ""label"": ""Incorrect""}]"
2289,i3823,DICTATION - SPELLING - POEMS,numeric,NOMINAL,-7.0 thru -3.0 and -1.0,"[{""value"": ""-7.0"", ""label"": ""Blank""}, {""value"": ""-3.0"", ""label"": ""Not stated""}, {""value"": ""-1.0"", ""label"": ""Not applicable""}, {""value"": ""1.0"", ""label"": ""Correct""}, {""value"": ""2.0"", ""label"": ""Incorrect""}]"
2290,i3824,DICTATION - SPELLING - LAUGH,numeric,NOMINAL,-7.0 thru -3.0 and -1.0,"[{""value"": ""-7.0"", ""label"": ""Blank""}, {""value"": ""-3.0"", ""label"": ""Not stated""}, {""value"": ""-1.0"", ""label"": ""Not applicable""}, {""value"": ""1.0"", ""label"": ""Correct""}, {""value"": ""2.0"", ""label"": ""Incorrect""}]"
2291,i3825,DICTATION - SPELLING - MY,numeric,NOMINAL,-7.0 thru -3.0 and -1.0,"[{""value"": ""-7.0"", ""label"": ""Blank""}, {""value"": ""-3.0"", ""label"": ""Not stated""}, {""value"": ""-1.0"", ""label"": ""Not applicable""}, {""value"": ""1.0"", ""label"": ""Correct""}, {""value"": ""2.0"", ""label"": ""Incorrect""}]"
2292,i3826,DICTATION - SPELLING - REMEMBER,numeric,NOMINAL,-7.0 thru -3.0 and -1.0,"[{""value"": ""-7.0"", ""label"": ""Blank""}, {""value"": ""-3.0"", ""label"": ""Not stated""}, {""value"": ""-1.0"", ""label"": ""Not applicable""}, {""value"": ""1.0"", ""label"": ""Correct""}, {""value"": ""2.0"", ""label"": ""Incorrect""}]"
2293,i3827,DICTATION - SPELLING - POETRY,numeric,NOMINAL,-7.0 thru -3.0 and -1.0,"[{""value"": ""-7.0"", ""label"": ""Blank""}, {""value"": ""-3.0"", ""label"": ""Not stated""}, {""value"": ""-1.0"", ""label"": ""Not applicable""}, {""value"": ""1.0"", ""label"": ""Correct""}, {""value"": ""2.0"", ""label"": ""Incorrect""}]"
2294,i3828,DICTATION - SPELLING - PRU... CONSONANT,numeric,NOMINAL,-7.0 thru -3.0 and -1.0,"[{""value"": ""-7.0"", ""label"": ""Blank""}, {""value"": ""-3.0"", ""label"": ""Not stated""}, {""value"": ""-1.0"", ""label"": ""Not applicable""}, {""value"": ""1.0"", ""label"": ""Correct""}, {""value"": ""2.0"", ""label"": ""Consonant reduction""}, {""value"": ""8.0"", ""label"": ""Indecipherable""}]"
2295,i3829,DICTATION - SPELLING - PRU... OTHER,numeric,NOMINAL,-7.0 thru -3.0 and -1.0,"[{""value"": ""-7.0"", ""label"": ""Blank""}, {""value"": ""-3.0"", ""label"": ""Not stated""}, {""value"": ""-1.0"", ""label"": ""Not applicable""}, {""value"": ""1.0"", ""label"": ""Correct""}, {""value"": ""2.0"", ""label"": ""Other error""}, {""value"": ""8.0"", ""label"": ""Indecipherable""}]"
2296,i3830,DICTATION - SPELLING - ...NTY CONSONANT,numeric,NOMINAL,-7.0 thru -3.0 and -1.0,"[{""value"": ""-7.0"", ""label"": ""Blank""}, {""value"": ""-3.0"", ""label"": ""Not stated""}, {""value"": ""-1.0"", ""label"": ""Not applicable""}, {""value"": ""1.0"", ""label"": ""Correct""}, {""value"": ""2.0"", ""label"": ""Consonant reduction""}, {""value"": ""8.0"", ""label"": ""Indecipherable""}]"
2297,i3831,DICTATION - SPELLING - ...NTY OTHER,numeric,NOMINAL,-7.0 thru -3.0 and -1.0,"[{""value"": ""-7.0"", ""label"": ""Blank""}, {""value"": ""-3.0"", ""label"": ""Not stated""}, {""value"": ""-1.0"", ""label"": ""Not applicable""}, {""value"": ""1.0"", ""label"": ""Correct""}, {""value"": ""2.0"", ""label"": ""Other error""}, {""value"": ""8.0"", ""label"": ""Indecipherable""}]"
2298,i3832,DICTATION - SPELLING - BUT,numeric,NOMINAL,-7.0 thru -3.0 and -1.0,"[{""value"": ""-7.0"", ""label"": ""Blank""}, {""value"": ""-3.0"", ""label"": ""Not stated""}, {""value"": ""-1.0"", ""label"": ""Not applicable""}, {""value"": ""1.0"", ""label"": ""Correct""}, {""value"": ""2.0"", ""label"": ""Other error""}, {""value"": ""8.0"", ""label"": ""Indecipherable""}]"
2299,i3833,DICTATION - SPELLING - AUNT,numeric,NOMINAL,-7.0 thru -3.0 and -1.0,"[{""value"": ""-7.0"", ""label"": ""Blank""}, {""value"": ""-3.0"", ""label"": ""Not stated""}, {""value"": ""-1.0"", ""label"": ""Not applicable""}, {""value"": ""1.0"", ""label"": ""Correct""}, {""value"": ""2.0"", ""label"": ""Incorrect""}]"
2300,i3834,DICTATION - SPELLING - HER,numeric,NOMINAL,-7.0 thru -3.0 and -1.0,"[{""value"": ""-7.0"", ""label"": ""Blank""}, {""value"": ""-3.0"", ""label"": ""Not stated""}, {""value"": ""-1.0"", ""label"": ""Not applicable""}, {""value"": ""1.0"", ""label"": ""Correct""}, {""value"": ""2.0"", ""label"": ""Incorrect""}]"
2301,i3835,DICTATION - SPELLING - PROBLEM,numeric,NOMINAL,-7.0 thru -3.0 and -1.0,"[{""value"": ""-7.0"", ""label"": ""Blank""}, {""value"": ""-3.0"", ""label"": ""Not stated""}, {""value"": ""-1.0"", ""label"": ""Not applicable""}, {""value"": ""1.0"", ""label"": ""Correct""}, {""value"": ""2.0"", ""label"": ""Incorrect""}]"
2302,i3836,DICTATION - SPELLING - SLI... CNSNT,numeric,NOMINAL,-7.0 thru -3.0 and -1.0,"[{""value"": ""-7.0"", ""label"": ""Blank""}, {""value"": ""-3.0"", ""label"": ""Not stated""}, {""value"": ""-1.0"", ""label"": ""Not applicable""}, {""value"": ""1.0"", ""label"": ""Correct""}, {""value"": ""2.0"", ""label"": ""Consonant reduction""}, {""value"": ""8.0"", ""label"": ""Indecipherable""}]"
2303,i3837,DICTATION - SPELLING - SLI... OTHER,numeric,NOMINAL,-7.0 thru -3.0 and -1.0,"[{""value"": ""-7.0"", ""label"": ""Blank""}, {""value"": ""-3.0"", ""label"": ""Not stated""}, {""value"": ""-1.0"", ""label"": ""Not applicable""}, {""value"": ""1.0"", ""label"": ""Correct""}, {""value"": ""2.0"", ""label"": ""Other error""}, {""value"": ""8.0"", ""label"": ""Indecipherable""}]"
2304,i3838,DICTATION - SPELLING - ...MBER CNSNT,numeric,NOMINAL,-7.0 thru -3.0 and -1.0,"[{""value"": ""-7.0"", ""label"": ""Blank""}, {""value"": ""-3.0"", ""label"": ""Not stated""}, {""value"": ""-1.0"", ""label"": ""Not applicable""}, {""value"": ""1.0"", ""label"": ""Correct""}, {""value"": ""2.0"", ""label"": ""Consonant reduction""}, {""value"": ""8.0"", ""label"": ""Indecipherable""}]"
2305,i3839,DICTATION - SPELLING - ...MBER OTHER,numeric,NOMINAL,-7.0 thru -3.0 and -1.0,"[{""value"": ""-7.0"", ""label"": ""Blank""}, {""value"": ""-3.0"", ""label"": ""Not stated""}, {""value"": ""-1.0"", ""label"": ""Not applicable""}, {""value"": ""1.0"", ""label"": ""Correct""}, {""value"": ""2.0"", ""label"": ""Other error""}, {""value"": ""8.0"", ""label"": ""Indecipherable""}]"
2306,i3840,DICTATION - SPELLING - PRETEND,numeric,NOMINAL,-7.0 thru -3.0 and -1.0,"[{""value"": ""-7.0"", ""label"": ""Blank""}, {""value"": ""-3.0"", ""label"": ""Not stated""}, {""value"": ""-1.0"", ""label"": ""Not applicable""}, {""value"": ""1.0"", ""label"": ""Correct""}, {""value"": ""2.0"", ""label"": ""Other error""}, {""value"": ""8.0"", ""label"": ""Indecipherable""}]"
2307,i3841,DICTATION - SPELLING - MAGNIFICENT,numeric,NOMINAL,-7.0 thru -3.0 and -1.0,"[{""value"": ""-7.0"", ""label"": ""Blank""}, {""value"": ""-3.0"", ""label"": ""Not stated""}, {""value"": ""-1.0"", ""label"": ""Not applicable""}, {""value"": ""1.0"", ""label"": ""Correct""}, {""value"": ""2.0"", ""label"": ""Other error""}, {""value"": ""8.0"", ""label"": ""Indecipherable""}]"
2308,i3842,DICTATION - SPELLING - SPLENDID,numeric,NOMINAL,-7.0 thru -3.0 and -1.0,"[{""value"": ""-7.0"", ""label"": ""Blank""}, {""value"": ""-3.0"", ""label"": ""Not stated""}, {""value"": ""-1.0"", ""label"": ""Not applicable""}, {""value"": ""1.0"", ""label"": ""Correct""}, {""value"": ""2.0"", ""label"": ""Other error""}, {""value"": ""8.0"", ""label"": ""Indecipherable""}]"
2309,i3843,DICTATION - SPELLING - WAS,numeric,NOMINAL,-7.0 thru -3.0 and -1.0,"[{""value"": ""-7.0"", ""label"": ""Blank""}, {""value"": ""-3.0"", ""label"": ""Not stated""}, {""value"": ""-1.0"", ""label"": ""Not applicable""}, {""value"": ""1.0"", ""label"": ""Correct""}, {""value"": ""2.0"", ""label"": ""Other error""}, {""value"": ""8.0"", ""label"": ""Indecipherable""}]"
2310,i3844,DICTATION - SPELLING - GRO...-CNSNT,numeric,NOMINAL,-7.0 thru -3.0 and -1.0,"[{""value"": ""-7.0"", ""label"": ""Blank""}, {""value"": ""-3.0"", ""label"": ""Not stated""}, {""value"": ""-1.0"", ""label"": ""Not applicable""}, {""value"": ""1.0"", ""label"": ""Correct""}, {""value"": ""2.0"", ""label"": ""Consonant reduction""}, {""value"": ""8.0"", ""label"": ""Indecipherable""}]"
2311,i3845,DICTATION - SPELLING - GRO...-OTHER,numeric,NOMINAL,-7.0 thru -3.0 and -1.0,"[{""value"": ""-7.0"", ""label"": ""Blank""}, {""value"": ""-3.0"", ""label"": ""Not stated""}, {""value"": ""-1.0"", ""label"": ""Not applicable""}, {""value"": ""1.0"", ""label"": ""Correct""}, {""value"": ""2.0"", ""label"": ""Other error""}, {""value"": ""8.0"", ""label"": ""Indecipherable""}]"
2312,i3846,DICTATION - SPELLING - ...NDEL-CNSNT,numeric,NOMINAL,-7.0 thru -3.0 and -1.0,"[{""value"": ""-7.0"", ""label"": ""Blank""}, {""value"": ""-3.0"", ""label"": ""Not stated""}, {""value"": ""-1.0"", ""label"": ""Not applicable""}, {""value"": ""1.0"", ""label"": ""Correct""}, {""value"": ""2.0"", ""label"": ""Consonant reduction""}, {""value"": ""8.0"", ""label"": ""Indecipherable""}]"
2313,i3847,DICTATION - SPELLING - ...NDEL-OTHER,numeric,NOMINAL,-7.0 thru -3.0 and -1.0,"[{""value"": ""-7.0"", ""label"": ""Blank""}, {""value"": ""-3.0"", ""label"": ""Not stated""}, {""value"": ""-1.0"", ""label"": ""Not applicable""}, {""value"": ""1.0"", ""label"": ""Correct""}, {""value"": ""2.0"", ""label"": ""Other error""}, {""value"": ""8.0"", ""label"": ""Indecipherable""}]"
2314,i3848,DICTATION - SPELLING - REALLY,numeric,NOMINAL,-7.0 thru -3.0 and -1.0,"[{""value"": ""-7.0"", ""label"": ""Blank""}, {""value"": ""-3.0"", ""label"": ""Not stated""}, {""value"": ""-1.0"", ""label"": ""Not applicable""}, {""value"": ""1.0"", ""label"": ""Correct""}, {""value"": ""2.0"", ""label"": ""Incorrect""}, {""value"": ""8.0"", ""label"": ""Indecipherable""}]"
2315,i3849,DICTATION - SPELLING - HOUSE,numeric,NOMINAL,-7.0 thru -3.0 and -1.0,"[{""value"": ""-7.0"", ""label"": ""Blank""}, {""value"": ""-3.0"", ""label"": ""Not stated""}, {""value"": ""-1.0"", ""label"": ""Not applicable""}, {""value"": ""1.0"", ""label"": ""Correct""}, {""value"": ""2.0"", ""label"": ""Other error""}, {""value"": ""8.0"", ""label"": ""Indecipherable""}]"
2316,i3850,DICTATION - SPELLING - PURPLE,numeric,NOMINAL,-7.0 thru -3.0 and -1.0,"[{""value"": ""-7.0"", ""label"": ""Blank""}, {""value"": ""-3.0"", ""label"": ""Not stated""}, {""value"": ""-1.0"", ""label"": ""Not applicable""}, {""value"": ""1.0"", ""label"": ""Correct""}, {""value"": ""2.0"", ""label"": ""Other error""}, {""value"": ""8.0"", ""label"": ""Indecipherable""}]"
2317,i3851,DICTATION - SPELLING - UNDERSTOOD,numeric,NOMINAL,-7.0 thru -3.0 and -1.0,"[{""value"": ""-7.0"", ""label"": ""Blank""}, {""value"": ""-3.0"", ""label"": ""Not stated""}, {""value"": ""-1.0"", ""label"": ""Not applicable""}, {""value"": ""1.0"", ""label"": ""Correct""}, {""value"": ""2.0"", ""label"": ""Other error""}, {""value"": ""8.0"", ""label"": ""Indecipherable""}]"
2318,i3852,DICTATION - SPELLING - BLO... - CNSNT,numeric,NOMINAL,-7.0 thru -3.0 and -1.0,"[{""value"": ""-7.0"", ""label"": ""Blank""}, {""value"": ""-3.0"", ""label"": ""Not stated""}, {""value"": ""-1.0"", ""label"": ""Not applicable""}, {""value"": ""1.0"", ""label"": ""Correct""}, {""value"": ""2.0"", ""label"": ""Consonant reduction""}, {""value"": ""8.0"", ""label"": ""Indecipherable""}]"
2319,i3853,DICTATION - SPELLING - BLO... - OTHER,numeric,NOMINAL,-7.0 thru -3.0 and -1.0,"[{""value"": ""-7.0"", ""label"": ""Blank""}, {""value"": ""-3.0"", ""label"": ""Not stated""}, {""value"": ""-1.0"", ""label"": ""Not applicable""}, {""value"": ""1.0"", ""label"": ""Correct""}, {""value"": ""2.0"", ""label"": ""Other error""}, {""value"": ""8.0"", ""label"": ""Indecipherable""}]"
2320,i3854,DICTATION - SPELLING - ...MP - CNSNT,numeric,NOMINAL,-7.0 thru -3.0 and -1.0,"[{""value"": ""-7.0"", ""label"": ""Blank""}, {""value"": ""-3.0"", ""label"": ""Not stated""}, {""value"": ""-1.0"", ""label"": ""Not applicable""}, {""value"": ""1.0"", ""label"": ""Correct""}, {""value"": ""2.0"", ""label"": ""Consonant reduction""}, {""value"": ""8.0"", ""label"": ""Indecipherable""}]"
2321,i3855,DICTATION - SPELLING - ...MP - OTHER,numeric,NOMINAL,-7.0 thru -3.0 and -1.0,"[{""value"": ""-7.0"", ""label"": ""Blank""}, {""value"": ""-3.0"", ""label"": ""Not stated""}, {""value"": ""-1.0"", ""label"": ""Not applicable""}, {""value"": ""1.0"", ""label"": ""Correct""}, {""value"": ""2.0"", ""label"": ""Other error""}, {""value"": ""8.0"", ""label"": ""Indecipherable""}]"
2322,i3856,DICTATION - SPELLING - SPECIAL,numeric,NOMINAL,-7.0 thru -3.0 and -1.0,"[{""value"": ""-7.0"", ""label"": ""Blank""}, {""value"": ""-3.0"", ""label"": ""Not stated""}, {""value"": ""-1.0"", ""label"": ""Not applicable""}, {""value"": ""1.0"", ""label"": ""Correct""}, {""value"": ""2.0"", ""label"": ""Incorrect""}]"
2323,i3857,DICTATION - SPELLING - BLUE,numeric,NOMINAL,-7.0 thru -3.0 and -1.0,"[{""value"": ""-7.0"", ""label"": ""Blank""}, {""value"": ""-3.0"", ""label"": ""Not stated""}, {""value"": ""-1.0"", ""label"": ""Not applicable""}, {""value"": ""1.0"", ""label"": ""Correct""}, {""value"": ""2.0"", ""label"": ""Incorrect""}]"
2324,i3858,DICTATION - SPELLING - BISCUITS,numeric,NOMINAL,-7.0 thru -3.0 and -1.0,"[{""value"": ""-7.0"", ""label"": ""Blank""}, {""value"": ""-3.0"", ""label"": ""Not stated""}, {""value"": ""-1.0"", ""label"": ""Not applicable""}, {""value"": ""1.0"", ""label"": ""Correct""}, {""value"": ""2.0"", ""label"": ""Incorrect""}]"
2325,i3859,DICTATION - SPELLING - REFRESHMENT,numeric,NOMINAL,-7.0 thru -3.0 and -1.0,"[{""value"": ""-7.0"", ""label"": ""Blank""}, {""value"": ""-3.0"", ""label"": ""Not stated""}, {""value"": ""-1.0"", ""label"": ""Not applicable""}, {""value"": ""1.0"", ""label"": ""Correct""}, {""value"": ""2.0"", ""label"": ""Incorrect""}]"
2326,i3860,DICTATION - SPELLING - JUICE,numeric,NOMINAL,-7.0 thru -3.0 and -1.0,"[{""value"": ""-7.0"", ""label"": ""Blank""}, {""value"": ""-3.0"", ""label"": ""Not stated""}, {""value"": ""-1.0"", ""label"": ""Not applicable""}, {""value"": ""1.0"", ""label"": ""Correct""}, {""value"": ""2.0"", ""label"": ""Incorrect""}]"
2327,i3861,DICTATION - SPELLING - STOMACH,numeric,NOMINAL,-7.0 thru -3.0 and -1.0,"[{""value"": ""-7.0"", ""label"": ""Blank""}, {""value"": ""-3.0"", ""label"": ""Not stated""}, {""value"": ""-1.0"", ""label"": ""Not applicable""}, {""value"": ""1.0"", ""label"": ""Correct""}, {""value"": ""2.0"", ""label"": ""Incorrect""}]"
2328,i3862,DICTATION - SPELLING - THERE,numeric,NOMINAL,-7.0 thru -3.0 and -1.0,"[{""value"": ""-7.0"", ""label"": ""Blank""}, {""value"": ""-3.0"", ""label"": ""Not stated""}, {""value"": ""-1.0"", ""label"": ""Not applicable""}, {""value"": ""1.0"", ""label"": ""Correct""}, {""value"": ""2.0"", ""label"": ""Incorrect""}]"
2329,i3863,DICTATION - SPELLING - CAKE,numeric,NOMINAL,-7.0 thru -3.0 and -1.0,"[{""value"": ""-7.0"", ""label"": ""Blank""}, {""value"": ""-3.0"", ""label"": ""Not stated""}, {""value"": ""-1.0"", ""label"": ""Not applicable""}, {""value"": ""1.0"", ""label"": ""Correct""}, {""value"": ""2.0"", ""label"": ""Incorrect""}]"
2330,i3864,DICTATION - SPELLING - CONTENTED,numeric,NOMINAL,-7.0 thru -3.0 and -1.0,"[{""value"": ""-7.0"", ""label"": ""Blank""}, {""value"": ""-3.0"", ""label"": ""Not stated""}, {""value"": ""-1.0"", ""label"": ""Not applicable""}, {""value"": ""1.0"", ""label"": ""Correct""}, {""value"": ""2.0"", ""label"": ""Incorrect""}]"
2331,i3865,COPYING - IMPRESSION,numeric,NOMINAL,-7.0 thru -3.0 and -1.0,"[{""value"": ""-7.0"", ""label"": ""Blank""}, {""value"": ""-3.0"", ""label"": ""Not stated""}, {""value"": ""-1.0"", ""label"": ""Not applicable""}, {""value"": ""1.0"", ""label"": ""Good""}, {""value"": ""2.0"", ""label"": ""Fair""}, {""value"": ""3.0"", ""label"": ""Poor""}]"
2332,i3866,COPYING - CURSIVE,numeric,NOMINAL,-7.0 thru -3.0 and -1.0,"[{""value"": ""-7.0"", ""label"": ""Blank""}, {""value"": ""-3.0"", ""label"": ""Not stated""}, {""value"": ""-1.0"", ""label"": ""Not applicable""}, {""value"": ""1.0"", ""label"": ""Good""}, {""value"": ""2.0"", ""label"": ""Fair""}, {""value"": ""3.0"", ""label"": ""Poor""}]"
2333,i3867,COPYING - DIVISION,numeric,NOMINAL,-7.0 thru -3.0 and -1.0,"[{""value"": ""-7.0"", ""label"": ""Blank""}, {""value"": ""-3.0"", ""label"": ""Not stated""}, {""value"": ""-1.0"", ""label"": ""Not applicable""}, {""value"": ""1.0"", ""label"": ""Good""}, {""value"": ""2.0"", ""label"": ""Fair""}, {""value"": ""3.0"", ""label"": ""Poor""}]"
2334,i3868,COPYING - SLANT,numeric,NOMINAL,-7.0 thru -3.0 and -1.0,"[{""value"": ""-7.0"", ""label"": ""Blank""}, {""value"": ""-3.0"", ""label"": ""Not stated""}, {""value"": ""-1.0"", ""label"": ""Not applicable""}, {""value"": ""1.0"", ""label"": ""Good""}, {""value"": ""2.0"", ""label"": ""Fair""}, {""value"": ""3.0"", ""label"": ""Poor""}]"
2335,i3869,COPYING - FORM,numeric,NOMINAL,-7.0 thru -3.0 and -1.0,"[{""value"": ""-7.0"", ""label"": ""Blank""}, {""value"": ""-3.0"", ""label"": ""Not stated""}, {""value"": ""-1.0"", ""label"": ""Not applicable""}, {""value"": ""1.0"", ""label"": ""Good""}, {""value"": ""2.0"", ""label"": ""Fair""}, {""value"": ""3.0"", ""label"": ""Poor""}]"
2336,i3870,COPYING - SIZE,numeric,NOMINAL,-7.0 thru -3.0 and -1.0,"[{""value"": ""-7.0"", ""label"": ""Blank""}, {""value"": ""-3.0"", ""label"": ""Not stated""}, {""value"": ""-1.0"", ""label"": ""Not applicable""}, {""value"": ""1.0"", ""label"": ""Good""}, {""value"": ""2.0"", ""label"": ""Fair""}, {""value"": ""3.0"", ""label"": ""Poor""}]"
2337,i225,NBP RIGHT HAND SHOWN - CORRECT,numeric,NOMINAL,-7.0 thru -1.0,"[{""value"": ""-1.0"", ""label"": ""Not Applicable""}, {""value"": ""0.0"", ""label"": ""Does Not Apply""}, {""value"": ""1.0"", ""label"": ""Yes Applies""}]"
2338,i226,NBP RIGHT HAND SHOWN - ECHOED QUESTION,numeric,NOMINAL,-7.0 thru -1.0,"[{""value"": ""-1.0"", ""label"": ""Not Applicable""}, {""value"": ""0.0"", ""label"": ""Does Not Apply""}, {""value"": ""1.0"", ""label"": ""Yes Applies""}]"
2339,i227,NBP RIGHT HAND SHOWN - REPEAT,numeric,NOMINAL,-7.0 thru -1.0,"[{""value"": ""-1.0"", ""label"": ""Not Applicable""}, {""value"": ""0.0"", ""label"": ""Does Not Apply""}, {""value"": ""1.0"", ""label"": ""Yes Applies""}]"
2340,i228,NBP RIGHT HAND SHOWN - EPANELEPSIS,numeric,NOMINAL,-7.0 thru -1.0,"[{""value"": ""-1.0"", ""label"": ""Not Applicable""}, {""value"": ""0.0"", ""label"": ""Does Not Apply""}, {""value"": ""1.0"", ""label"": ""Yes Applies""}]"
2341,i229,NBP RIGHT HAND SHOWN - INCORRECT,numeric,NOMINAL,-7.0 thru -1.0,"[{""value"": ""-1.0"", ""label"": ""Not Applicable""}, {""value"": ""0.0"", ""label"": ""Does Not Apply""}, {""value"": ""1.0"", ""label"": ""Yes Applies""}]"
2342,i230,NBP LEFT EAR SHOWN - CORRECT,numeric,NOMINAL,-7.0 thru -1.0,"[{""value"": ""-1.0"", ""label"": ""Not Applicable""}, {""value"": ""0.0"", ""label"": ""Does Not Apply""}, {""value"": ""1.0"", ""label"": ""Yes Applies""}]"
2343,i231,NBP LEFT EAR SHOWN - ECHOED QUESTION,numeric,NOMINAL,-7.0 thru -1.0,"[{""value"": ""-1.0"", ""label"": ""Not Applicable""}, {""value"": ""0.0"", ""label"": ""Does Not Apply""}, {""value"": ""1.0"", ""label"": ""Yes Applies""}]"
2344,i232,NBP LEFT EAR SHOWN - REPEAT,numeric,NOMINAL,-7.0 thru -1.0,"[{""value"": ""-1.0"", ""label"": ""Not Applicable""}, {""value"": ""0.0"", ""label"": ""Does Not Apply""}, {""value"": ""1.0"", ""label"": ""Yes Applies""}]"
2345,i233,NBP LEFT EAR SHOWN - EPANELEPSIS,numeric,NOMINAL,-7.0 thru -1.0,"[{""value"": ""-1.0"", ""label"": ""Not Applicable""}, {""value"": ""0.0"", ""label"": ""Does Not Apply""}, {""value"": ""1.0"", ""label"": ""Yes Applies""}]"
2346,i234,NBP LEFT EAR SHOWN - INCORRECT,numeric,NOMINAL,-7.0 thru -1.0,"[{""value"": ""-1.0"", ""label"": ""Not Applicable""}, {""value"": ""0.0"", ""label"": ""Does Not Apply""}, {""value"": ""1.0"", ""label"": ""Yes Applies""}]"
2347,i235,NBP OBSERVER'S RIGHT HAND - CORRECT,numeric,NOMINAL,-7.0 thru -1.0,"[{""value"": ""-1.0"", ""label"": ""Not Applicable""}, {""value"": ""0.0"", ""label"": ""Does Not Apply""}, {""value"": ""1.0"", ""label"": ""Yes Applies""}]"
2348,i236,NBP OBSERVER'S RIGHT HAND-ECHOED QSTN,numeric,NOMINAL,-7.0 thru -1.0,"[{""value"": ""-1.0"", ""label"": ""Not Applicable""}, {""value"": ""0.0"", ""label"": ""Does Not Apply""}, {""value"": ""1.0"", ""label"": ""Yes Applies""}]"
2349,i237,NBP OBSERVER'S RIGHT HAND - REPEAT,numeric,NOMINAL,-7.0 thru -1.0,"[{""value"": ""-1.0"", ""label"": ""Not Applicable""}, {""value"": ""0.0"", ""label"": ""Does Not Apply""}, {""value"": ""1.0"", ""label"": ""Yes Applies""}]"
2350,i238,NBP OBSERVER'S RIGHT HAND-EPANELEPSIS,numeric,NOMINAL,-7.0 thru -1.0,"[{""value"": ""-1.0"", ""label"": ""Not Applicable""}, {""value"": ""0.0"", ""label"": ""Does Not Apply""}, {""value"": ""1.0"", ""label"": ""Yes Applies""}]"
2351,i239,NBP OBSERVER'S RIGHT HAND-INCORRECT,numeric,NOMINAL,-7.0 thru -1.0,"[{""value"": ""-1.0"", ""label"": ""Not Applicable""}, {""value"": ""0.0"", ""label"": ""Does Not Apply""}, {""value"": ""1.0"", ""label"": ""Yes Applies""}]"
2352,i240,NBP OS L.HAND WITH SS R.HAND-CORRECT,numeric,NOMINAL,-7.0 thru -1.0,"[{""value"": ""-1.0"", ""label"": ""Not Applicable""}, {""value"": ""0.0"", ""label"": ""Does Not Apply""}, {""value"": ""1.0"", ""label"": ""Yes Applies""}]"
2353,i241,NBP OS L.HAND WITH SS R.HAND-CRECT HAND,numeric,NOMINAL,-7.0 thru -1.0,"[{""value"": ""-1.0"", ""label"": ""Not Applicable""}, {""value"": ""0.0"", ""label"": ""Does Not Apply""}, {""value"": ""1.0"", ""label"": ""Yes Applies""}]"
2354,i242,NBP OS L.HAND WITH SS R.HAND-ECHOED QN,numeric,NOMINAL,-7.0 thru -1.0,"[{""value"": ""-1.0"", ""label"": ""Not Applicable""}, {""value"": ""0.0"", ""label"": ""Does Not Apply""}, {""value"": ""1.0"", ""label"": ""Yes Applies""}]"
2355,i243,NBP OS L.HAND WITH SS R.HAND-REPEAT,numeric,NOMINAL,-7.0 thru -1.0,"[{""value"": ""-1.0"", ""label"": ""Not Applicable""}, {""value"": ""0.0"", ""label"": ""Does Not Apply""}, {""value"": ""1.0"", ""label"": ""Yes Applies""}]"
2356,i244,NBP OS L.HAND WITH SS R.HAND-EPANELEPSS,numeric,NOMINAL,-7.0 thru -1.0,"[{""value"": ""-1.0"", ""label"": ""Not Applicable""}, {""value"": ""0.0"", ""label"": ""Does Not Apply""}, {""value"": ""1.0"", ""label"": ""Yes Applies""}]"
2357,i245,NBP OS L.HAND WITH SS R.HAND-OSHAND-INC,numeric,NOMINAL,-7.0 thru -1.0,"[{""value"": ""-1.0"", ""label"": ""Not Applicable""}, {""value"": ""0.0"", ""label"": ""Does Not Apply""}, {""value"": ""1.0"", ""label"": ""Yes Applies""}]"
2358,i246,NBP OS L.HAND WITH SS R.HAND-SSHAND-INC,numeric,NOMINAL,-7.0 thru -1.0,"[{""value"": ""-1.0"", ""label"": ""Not Applicable""}, {""value"": ""0.0"", ""label"": ""Does Not Apply""}, {""value"": ""1.0"", ""label"": ""Yes Applies""}]"
2359,i247,NBP OS R.EAR WITH SS R.HAND-OS EAR CRC,numeric,NOMINAL,-7.0 thru -1.0,"[{""value"": ""-1.0"", ""label"": ""Not Applicable""}, {""value"": ""0.0"", ""label"": ""Does Not Apply""}, {""value"": ""1.0"", ""label"": ""Yes Applies""}]"
2360,i248,NBP OS R.EAR WITH SS R.HAND-CRECT HAND,numeric,NOMINAL,-7.0 thru -1.0,"[{""value"": ""-1.0"", ""label"": ""Not Applicable""}, {""value"": ""0.0"", ""label"": ""Does Not Apply""}, {""value"": ""1.0"", ""label"": ""Yes Applies""}]"
2361,i249,NBP OS R.EAR WITH SS R.HAND-ECHOED QN,numeric,NOMINAL,-7.0 thru -1.0,"[{""value"": ""-1.0"", ""label"": ""Not Applicable""}, {""value"": ""0.0"", ""label"": ""Does Not Apply""}, {""value"": ""1.0"", ""label"": ""Yes Applies""}]"
2362,i250,NBP OS R.EAR WITH SS R.HAND-REPEAT,numeric,NOMINAL,-7.0 thru -1.0,"[{""value"": ""-1.0"", ""label"": ""Not Applicable""}, {""value"": ""0.0"", ""label"": ""Does Not Apply""}, {""value"": ""1.0"", ""label"": ""Yes Applies""}]"
2363,i251,NBP OS R.EAR WITH SS R.HAND-EPANELEPSIS,numeric,NOMINAL,-7.0 thru -1.0,"[{""value"": ""-1.0"", ""label"": ""Not Applicable""}, {""value"": ""0.0"", ""label"": ""Does Not Apply""}, {""value"": ""1.0"", ""label"": ""Yes Applies""}]"
2364,i252,NBP OS R.EAR WITH SS R.HAND-OS HAND INC,numeric,NOMINAL,-7.0 thru -1.0,"[{""value"": ""-1.0"", ""label"": ""Not Applicable""}, {""value"": ""0.0"", ""label"": ""Does Not Apply""}, {""value"": ""1.0"", ""label"": ""Yes Applies""}]"
2365,i253,NBP OS R.EAR WITH SS R.HAND-SS HAND INC,numeric,NOMINAL,-7.0 thru -1.0,"[{""value"": ""-1.0"", ""label"": ""Not Applicable""}, {""value"": ""0.0"", ""label"": ""Does Not Apply""}, {""value"": ""1.0"", ""label"": ""Yes Applies""}]"
2366,i254,NBP OS R.HAND WITH SS R.HAND-OS HAND CT,numeric,NOMINAL,-7.0 thru -1.0,"[{""value"": ""-1.0"", ""label"": ""Not Applicable""}, {""value"": ""0.0"", ""label"": ""Does Not Apply""}, {""value"": ""1.0"", ""label"": ""Yes Applies""}]"
2367,i255,NBP OS R.HAND WITH SS R.HAND-SS HAND C,numeric,NOMINAL,-7.0 thru -1.0,"[{""value"": ""-1.0"", ""label"": ""Not Applicable""}, {""value"": ""0.0"", ""label"": ""Does Not Apply""}, {""value"": ""1.0"", ""label"": ""Yes Applies""}]"
2368,i256,NBP OS R.HAND WITH SS R.HAND-ECHOED QN,numeric,NOMINAL,-7.0 thru -1.0,"[{""value"": ""-1.0"", ""label"": ""Not Applicable""}, {""value"": ""0.0"", ""label"": ""Does Not Apply""}, {""value"": ""1.0"", ""label"": ""Yes Applies""}]"
2369,i257,NBP OS R.HAND WITH SS R.HAND-REPEAT,numeric,NOMINAL,-7.0 thru -1.0,"[{""value"": ""-1.0"", ""label"": ""Not Applicable""}, {""value"": ""0.0"", ""label"": ""Does Not Apply""}, {""value"": ""1.0"", ""label"": ""Yes Applies""}]"
2370,i258,NBP OS R.HAND WITH SS R.HAND-EPANELEPSI,numeric,NOMINAL,-7.0 thru -1.0,"[{""value"": ""-1.0"", ""label"": ""Not Applicable""}, {""value"": ""0.0"", ""label"": ""Does Not Apply""}, {""value"": ""1.0"", ""label"": ""Yes Applies""}]"
2371,i259,NBP OS R.HAND WITH SS R.HAND-OSHAND-IN,numeric,NOMINAL,-7.0 thru -1.0,"[{""value"": ""-1.0"", ""label"": ""Not Applicable""}, {""value"": ""0.0"", ""label"": ""Does Not Apply""}, {""value"": ""1.0"", ""label"": ""Yes Applies""}]"
2372,i260,NBP OS R.HAND WITH SS R.HAND-SS HAND INC,numeric,NOMINAL,-7.0 thru -1.0,"[{""value"": ""-1.0"", ""label"": ""Not Applicable""}, {""value"": ""0.0"", ""label"": ""Does Not Apply""}, {""value"": ""1.0"", ""label"": ""Yes Applies""}]"
2373,i261,NBP OS L.EAR WITH SS L.HAND-OS EAR CRCT,numeric,NOMINAL,-7.0 thru -1.0,"[{""value"": ""-1.0"", ""label"": ""Not Applicable""}, {""value"": ""0.0"", ""label"": ""Does Not Apply""}, {""value"": ""1.0"", ""label"": ""Yes Applies""}]"
2374,i262,NBP OS L.EAR WITH SS L.HAND-SS HAND CRT,numeric,NOMINAL,-7.0 thru -1.0,"[{""value"": ""-1.0"", ""label"": ""Not Applicable""}, {""value"": ""0.0"", ""label"": ""Does Not Apply""}, {""value"": ""1.0"", ""label"": ""Yes Applies""}]"
2375,i263,NBP OS L.EAR WITH SS L.HAND-ECHOED QN,numeric,NOMINAL,-7.0 thru -1.0,"[{""value"": ""-1.0"", ""label"": ""Not Applicable""}, {""value"": ""0.0"", ""label"": ""Does Not Apply""}, {""value"": ""1.0"", ""label"": ""Yes Applies""}]"
2376,i264,NBP OS L.EAR WITH SS L.HAND-REPEAT,numeric,NOMINAL,-7.0 thru -1.0,"[{""value"": ""-1.0"", ""label"": ""Not Applicable""}, {""value"": ""0.0"", ""label"": ""Does Not Apply""}, {""value"": ""1.0"", ""label"": ""Yes Applies""}]"
2377,i265,NBP OS L.EAR WITH SS L.HAND-EPANELEPSIS,numeric,NOMINAL,-7.0 thru -1.0,"[{""value"": ""-1.0"", ""label"": ""Not Applicable""}, {""value"": ""0.0"", ""label"": ""Does Not Apply""}, {""value"": ""1.0"", ""label"": ""Yes Applies""}]"
2378,i266,NBP OS L.EAR WITH SS L.HAND-EAR INCRCT,numeric,NOMINAL,-7.0 thru -1.0,"[{""value"": ""-1.0"", ""label"": ""Not Applicable""}, {""value"": ""0.0"", ""label"": ""Does Not Apply""}, {""value"": ""1.0"", ""label"": ""Yes Applies""}]"
2379,i267,NBP OS L.EAR WITH SS L.HAND-HAND INCRT,numeric,NOMINAL,-7.0 thru -1.0,"[{""value"": ""-1.0"", ""label"": ""Not Applicable""}, {""value"": ""0.0"", ""label"": ""Does Not Apply""}, {""value"": ""1.0"", ""label"": ""Yes Applies""}]"
2380,i268,NBP OS R.HAND WITH SS L.HAND-R.HAND OK,numeric,NOMINAL,-7.0 thru -1.0,"[{""value"": ""-1.0"", ""label"": ""Not Applicable""}, {""value"": ""0.0"", ""label"": ""Does Not Apply""}, {""value"": ""1.0"", ""label"": ""Yes Applies""}]"
2381,i269,NBP OS R.HAND WITH SS L.HAND-L.HAND OK,numeric,NOMINAL,-7.0 thru -1.0,"[{""value"": ""-1.0"", ""label"": ""Not Applicable""}, {""value"": ""0.0"", ""label"": ""Does Not Apply""}, {""value"": ""1.0"", ""label"": ""Yes Applies""}]"
2382,i270,NBP OS R.HAND WITH SS L.HAND-ECHOED QN,numeric,NOMINAL,-7.0 thru -1.0,"[{""value"": ""-1.0"", ""label"": ""Not Applicable""}, {""value"": ""0.0"", ""label"": ""Does Not Apply""}, {""value"": ""1.0"", ""label"": ""Yes Applies""}]"
2383,i271,NBP OS R.HAND WITH SS L.HAND-REPEAT,numeric,NOMINAL,-7.0 thru -1.0,"[{""value"": ""-1.0"", ""label"": ""Not Applicable""}, {""value"": ""0.0"", ""label"": ""Does Not Apply""}, {""value"": ""1.0"", ""label"": ""Yes Applies""}]"
2384,i272,NBP OS R.HAND WITH SS L.HAND-EPANELEPSS,numeric,NOMINAL,-7.0 thru -1.0,"[{""value"": ""-1.0"", ""label"": ""Not Applicable""}, {""value"": ""0.0"", ""label"": ""Does Not Apply""}, {""value"": ""1.0"", ""label"": ""Yes Applies""}]"
2385,i273,NBP OS R.HAND WITH SS L.HAND-R.HAND-INC,numeric,NOMINAL,-7.0 thru -1.0,"[{""value"": ""-1.0"", ""label"": ""Not Applicable""}, {""value"": ""0.0"", ""label"": ""Does Not Apply""}, {""value"": ""1.0"", ""label"": ""Yes Applies""}]"
2386,i274,NBP OS R.HAND WITH SS L.HAND-L.HAND-INC,numeric,NOMINAL,-7.0 thru -1.0,"[{""value"": ""-1.0"", ""label"": ""Not Applicable""}, {""value"": ""0.0"", ""label"": ""Does Not Apply""}, {""value"": ""1.0"", ""label"": ""Yes Applies""}]"
2387,i283,NAMING BODY PARTS-ANY SPECIAL STRATEGY,numeric,NOMINAL,-3.0 thru -2.0 and -1.0,"[{""value"": ""-3.0"", ""label"": ""Not Stated""}, {""value"": ""-2.0"", ""label"": ""Not Known""}, {""value"": ""-1.0"", ""label"": ""Not Applicable""}, {""value"": ""1.0"", ""label"": ""Yes""}, {""value"": ""2.0"", ""label"": ""No""}]"
2388,i3871,MONTHS FORWARD - IS CHILD CORRECT,numeric,NOMINAL,-7.0 thru -3.0 and -1.0,"[{""value"": ""-7.0"", ""label"": ""Blank""}, {""value"": ""-3.0"", ""label"": ""Not stated""}, {""value"": ""-1.0"", ""label"": ""Not applicable""}, {""value"": ""1.0"", ""label"": ""Correct""}, {""value"": ""2.0"", ""label"": ""Incorrect""}, {""value"": ""8.0"", ""label"": ""Other incorrect response""}]"
2389,i3872,MONTHS FORWARD - OMISSIONS,numeric,NOMINAL,-3.0 thru -2.0 and -1.0,"[{""value"": ""-3.0"", ""label"": ""Not Stated""}, {""value"": ""-2.0"", ""label"": ""Not Known""}, {""value"": ""-1.0"", ""label"": ""Not applicable""}]"
2390,i3873,MONTHS FORWARD - INVERSIONS,numeric,NOMINAL,-3.0 thru -2.0 and -1.0,"[{""value"": ""-3.0"", ""label"": ""Not Stated""}, {""value"": ""-2.0"", ""label"": ""Not Known""}, {""value"": ""-1.0"", ""label"": ""Not applicable""}]"
2391,i3874,MONTHS FORWARD - OTHER ERRORS,numeric,NOMINAL,-3.0 thru -2.0 and -1.0,"[{""value"": ""-3.0"", ""label"": ""Not Stated""}, {""value"": ""-2.0"", ""label"": ""Not Known""}, {""value"": ""-1.0"", ""label"": ""Not applicable""}]"
2392,i3875,MONTHS FORWARD - UNCERTAINTY,numeric,NOMINAL,-7.0 thru -3.0 and -1.0,"[{""value"": ""-7.0"", ""label"": ""Blank""}, {""value"": ""-3.0"", ""label"": ""Not Stated""}, {""value"": ""-1.0"", ""label"": ""Not Applicable""}, {""value"": ""0.0"", ""label"": ""No Uncertainty""}, {""value"": ""1.0"", ""label"": ""Uncertainty""}]"
2393,i3876,MONTHS FORWARD - QUERIES,numeric,NOMINAL,-7.0 thru -3.0 and -1.0,"[{""value"": ""-7.0"", ""label"": ""Blank""}, {""value"": ""-3.0"", ""label"": ""Not Stated""}, {""value"": ""-1.0"", ""label"": ""Not Applicable""}, {""value"": ""0.0"", ""label"": ""No Queries""}, {""value"": ""1.0"", ""label"": ""Query""}]"
2394,i3877,MONTHS FORWARD - PAUSES,numeric,NOMINAL,-3.0 thru -2.0 and -1.0,"[{""value"": ""-3.0"", ""label"": ""Not Stated""}, {""value"": ""-2.0"", ""label"": ""Not Known""}, {""value"": ""-1.0"", ""label"": ""Not Applicable""}, {""value"": ""8.0"", ""label"": ""Eight Or More""}]"
2395,i3878,MONTHS FORWARD - CORRECTIONS -TOTAL,numeric,NOMINAL,-7.0 thru -3.0 and -1.0,"[{""value"": ""-7.0"", ""label"": ""Blank""}, {""value"": ""-3.0"", ""label"": ""Not Stated""}, {""value"": ""-1.0"", ""label"": ""Not Applicable""}, {""value"": ""8.0"", ""label"": ""Eight Or More""}]"
2396,i3879,MONTHS FORWARD - CORRECTIONS -CORRECT,numeric,NOMINAL,-7.0 thru -3.0 and -1.0,"[{""value"": ""-7.0"", ""label"": ""Blank""}, {""value"": ""-3.0"", ""label"": ""Not Stated""}, {""value"": ""-1.0"", ""label"": ""Not Applicable""}, {""value"": ""8.0"", ""label"": ""Eight Or More""}]"
2397,i3880,MONTHS BACKWARD - IS CHILD CORRECT,numeric,NOMINAL,-7.0 thru -3.0 and -1.0,"[{""value"": ""-7.0"", ""label"": ""Blank""}, {""value"": ""-3.0"", ""label"": ""Not stated""}, {""value"": ""-1.0"", ""label"": ""Not applicable""}, {""value"": ""1.0"", ""label"": ""Correct""}, {""value"": ""2.0"", ""label"": ""Incorrect""}, {""value"": ""8.0"", ""label"": ""Other incorrect response""}]"
2398,i3881,MONTHS BACKWARD - OMISSIONS,numeric,NOMINAL,-3.0 thru -2.0 and -1.0,"[{""value"": ""-3.0"", ""label"": ""Not Stated""}, {""value"": ""-2.0"", ""label"": ""Not Known""}, {""value"": ""-1.0"", ""label"": ""Not applicable""}]"
2399,i3882,MONTHS BACKWARD - INVERSIONS,numeric,NOMINAL,-3.0 thru -2.0 and -1.0,"[{""value"": ""-3.0"", ""label"": ""Not Stated""}, {""value"": ""-2.0"", ""label"": ""Not Known""}, {""value"": ""-1.0"", ""label"": ""Not Applicable""}]"
2400,i3883,MONTHS BACKWARD - OTHER ERRORS,numeric,NOMINAL,-3.0 thru -2.0 and -1.0,"[{""value"": ""-3.0"", ""label"": ""Not Stated""}, {""value"": ""-2.0"", ""label"": ""Not Known""}, {""value"": ""-1.0"", ""label"": ""Not applicable""}]"
2401,i3884,MONTHS BACKWARD - UNCERTAINTY,numeric,NOMINAL,-7.0 thru -3.0 and -1.0,"[{""value"": ""-3.0"", ""label"": ""Not Stated""}, {""value"": ""-1.0"", ""label"": ""Not Applicable""}, {""value"": ""0.0"", ""label"": ""No Uncertainty""}, {""value"": ""1.0"", ""label"": ""Uncertainty""}]"
2402,i3885,MONTHS BACKWARD - QUERIES,numeric,NOMINAL,-7.0 thru -3.0 and -1.0,"[{""value"": ""-7.0"", ""label"": ""Blank""}, {""value"": ""-3.0"", ""label"": ""Not Stated""}, {""value"": ""-1.0"", ""label"": ""Not Applicable""}, {""value"": ""0.0"", ""label"": ""No Queries""}]"
2403,i3886,MONTHS BACKWARD - PAUSES,numeric,NOMINAL,-3.0 thru -2.0 and -1.0,"[{""value"": ""-3.0"", ""label"": ""Not Stated""}, {""value"": ""-2.0"", ""label"": ""Not Known""}, {""value"": ""-1.0"", ""label"": ""Not Applicable""}, {""value"": ""8.0"", ""label"": ""Eight Or More""}]"
2404,i3887,MONTHS BACKWARD - CORRECTIONS - TOTAL,numeric,NOMINAL,-7.0 thru -3.0 and -1.0,"[{""value"": ""-7.0"", ""label"": ""Blank""}, {""value"": ""-3.0"", ""label"": ""Not Stated""}, {""value"": ""-1.0"", ""label"": ""Not Applicable""}, {""value"": ""8.0"", ""label"": ""Eight Or More""}]"
2405,i3888,MONTHS BACKWARD - CORRECTIONS - CORRECT,numeric,NOMINAL,-7.0 thru -3.0 and -1.0,"[{""value"": ""-7.0"", ""label"": ""Blank""}, {""value"": ""-3.0"", ""label"": ""Not Stated""}, {""value"": ""-1.0"", ""label"": ""Not Applicable""}, {""value"": ""8.0"", ""label"": ""Eight Or More""}]"
2406,i275,SOCIAL JUDGEMENT SCALE-ITEM 1,numeric,NOMINAL,-3.0 thru -2.0 and -1.0,"[{""value"": ""-3.0"", ""label"": ""Not Stated""}, {""value"": ""-2.0"", ""label"": ""Not Known""}, {""value"": ""-1.0"", ""label"": ""Not Applicable""}, {""value"": ""1.0"", ""label"": ""Right""}, {""value"": ""2.0"", ""label"": ""Wrong""}]"
2407,i3889,SOCIAL JUDGEMENT ITEM 1 - WHY?,numeric,NOMINAL,-3.0 thru -6.0 and -7.0,"[{""value"": ""-7.0"", ""label"": ""BLANK""}, {""value"": ""-6.0"", ""label"": ""NO QUESTIONNAIRE""}, {""value"": ""-3.0"", ""label"": ""NOT STATED""}, {""value"": ""1.0"", ""label"": ""PREMORAL""}, {""value"": ""2.0"", ""label"": ""EXPEDIENT""}, {""value"": ""3.0"", ""label"": ""RULE FOLLOWING""}, {""value"": ""4.0"", ""label"": ""RATIONAL CONSIDERATI""}, {""value"": ""5.0"", ""label"": ""OTHER UNCLASSIFIABLE""}, {""value"": ""9.0"", ""label"": ""NO RESPONSE""}]"
2408,i276,SOCIAL JUDGEMENT SCALE-ITEM 2,numeric,NOMINAL,-3.0 thru -2.0 and -1.0,"[{""value"": ""-3.0"", ""label"": ""Not Stated""}, {""value"": ""-2.0"", ""label"": ""Not Known""}, {""value"": ""-1.0"", ""label"": ""Not Applicable""}, {""value"": ""1.0"", ""label"": ""Right""}, {""value"": ""2.0"", ""label"": ""Wrong""}]"
2409,i3890,SOCIAL JUDGEMENT ITEM 2 - WHY?,numeric,NOMINAL,-3.0 thru -6.0 and -7.0,"[{""value"": ""-7.0"", ""label"": ""BLANK""}, {""value"": ""-6.0"", ""label"": ""NO QUESTIONNAIRE""}, {""value"": ""-3.0"", ""label"": ""NOT STATED""}, {""value"": ""1.0"", ""label"": ""PREMORAL""}, {""value"": ""2.0"", ""label"": ""EXPEDIENT""}, {""value"": ""3.0"", ""label"": ""RULE FOLLOWING""}, {""value"": ""4.0"", ""label"": ""RATIONAL CONSIDERATI""}, {""value"": ""5.0"", ""label"": ""OTHER UNCLASSIFIABLE""}, {""value"": ""9.0"", ""label"": ""NO RESPONSE""}]"
2410,i277,SOCIAL JUDGEMENT SCALE-ITEM 3,numeric,NOMINAL,-3.0 thru -2.0 and -1.0,"[{""value"": ""-3.0"", ""label"": ""Not Stated""}, {""value"": ""-2.0"", ""label"": ""Not Known""}, {""value"": ""-1.0"", ""label"": ""Not Applicable""}, {""value"": ""1.0"", ""label"": ""Right""}, {""value"": ""2.0"", ""label"": ""Wrong""}]"
2411,i3891,SOCIAL JUDGEMENT ITEM 3 - WHY?,numeric,NOMINAL,-3.0 thru -6.0 and -7.0,"[{""value"": ""-7.0"", ""label"": ""BLANK""}, {""value"": ""-6.0"", ""label"": ""NO QUESTIONNAIRE""}, {""value"": ""-3.0"", ""label"": ""NOT STATED""}, {""value"": ""1.0"", ""label"": ""PREMORAL""}, {""value"": ""2.0"", ""label"": ""EXPEDIENT""}, {""value"": ""3.0"", ""label"": ""RULE FOLLOWING""}, {""value"": ""4.0"", ""label"": ""RATIONAL CONSIDERATI""}, {""value"": ""5.0"", ""label"": ""OTHER UNCLASSIFIABLE""}, {""value"": ""9.0"", ""label"": ""NO RESPONSE""}]"
2412,i278,SOCIAL JUDGEMENT SCALE-ITEM 4,numeric,NOMINAL,-3.0 thru -2.0 and -1.0,"[{""value"": ""-3.0"", ""label"": ""Not Stated""}, {""value"": ""-2.0"", ""label"": ""Not Known""}, {""value"": ""-1.0"", ""label"": ""Not Applicable""}, {""value"": ""1.0"", ""label"": ""Right""}, {""value"": ""2.0"", ""label"": ""Wrong""}]"
2413,i3892,SOCIAL JUDGEMENT ITEM 4 - WHY?,numeric,NOMINAL,-3.0 thru -6.0 and -7.0,"[{""value"": ""-7.0"", ""label"": ""BLANK""}, {""value"": ""-6.0"", ""label"": ""NO QUESTIONNAIRE""}, {""value"": ""-3.0"", ""label"": ""NOT STATED""}, {""value"": ""1.0"", ""label"": ""PREMORAL""}, {""value"": ""2.0"", ""label"": ""EXPEDIENT""}, {""value"": ""3.0"", ""label"": ""RULE FOLLOWING""}, {""value"": ""4.0"", ""label"": ""RATIONAL CONSIDERATI""}, {""value"": ""5.0"", ""label"": ""OTHER UNCLASSIFIABLE""}, {""value"": ""9.0"", ""label"": ""NO RESPONSE""}]"
2414,i279,SOCIAL JUDGEMENT SCALE-ITEM 5,numeric,NOMINAL,-3.0 thru -2.0 and -1.0,"[{""value"": ""-3.0"", ""label"": ""Not Stated""}, {""value"": ""-2.0"", ""label"": ""Not Known""}, {""value"": ""-1.0"", ""label"": ""Not Applicable""}, {""value"": ""1.0"", ""label"": ""Right""}, {""value"": ""2.0"", ""label"": ""Wrong""}]"
2415,i3893,SOCIAL JUDGEMENT ITEM 5 - WHY?,numeric,NOMINAL,-3.0 thru -6.0 and -7.0,"[{""value"": ""-7.0"", ""label"": ""BLANK""}, {""value"": ""-6.0"", ""label"": ""NO QUESTIONNAIRE""}, {""value"": ""-3.0"", ""label"": ""NOT STATED""}, {""value"": ""1.0"", ""label"": ""PREMORAL""}, {""value"": ""2.0"", ""label"": ""EXPEDIENT""}, {""value"": ""3.0"", ""label"": ""RULE FOLLOWING""}, {""value"": ""4.0"", ""label"": ""RATIONAL CONSIDERATI""}, {""value"": ""5.0"", ""label"": ""OTHER UNCLASSIFIABLE""}, {""value"": ""9.0"", ""label"": ""NO RESPONSE""}]"
2416,i280,SOCIAL JUDGEMENT SCALE-ITEM 6,numeric,NOMINAL,-3.0 thru -2.0 and -1.0,"[{""value"": ""-3.0"", ""label"": ""Not Stated""}, {""value"": ""-2.0"", ""label"": ""Not Known""}, {""value"": ""-1.0"", ""label"": ""Not Applicable""}, {""value"": ""1.0"", ""label"": ""Right""}, {""value"": ""2.0"", ""label"": ""Wrong""}]"
2417,i3894,SOCIAL JUDGEMENT ITEM 6 - WHY?,numeric,NOMINAL,-3.0 thru -6.0 and -7.0,"[{""value"": ""-7.0"", ""label"": ""BLANK""}, {""value"": ""-6.0"", ""label"": ""NO QUESTIONNAIRE""}, {""value"": ""-3.0"", ""label"": ""NOT STATED""}, {""value"": ""1.0"", ""label"": ""PREMORAL""}, {""value"": ""2.0"", ""label"": ""EXPEDIENT""}, {""value"": ""3.0"", ""label"": ""RULE FOLLOWING""}, {""value"": ""4.0"", ""label"": ""RATIONAL CONSIDERATI""}, {""value"": ""5.0"", ""label"": ""OTHER UNCLASSIFIABLE""}, {""value"": ""9.0"", ""label"": ""NO RESPONSE""}]"
2418,i281,SOCIAL JUDGEMENT SCALE-ITEM 7,numeric,NOMINAL,-3.0 thru -2.0 and -1.0,"[{""value"": ""-3.0"", ""label"": ""Not Stated""}, {""value"": ""-2.0"", ""label"": ""Not Known""}, {""value"": ""-1.0"", ""label"": ""Not Applicable""}, {""value"": ""1.0"", ""label"": ""Right""}, {""value"": ""2.0"", ""label"": ""Wrong""}]"
2419,i3895,SOCIAL JUDGEMENT ITEM 7 - WHY?,numeric,NOMINAL,-3.0 thru -6.0 and -7.0,"[{""value"": ""-7.0"", ""label"": ""BLANK""}, {""value"": ""-6.0"", ""label"": ""NO QUESTIONNAIRE""}, {""value"": ""-3.0"", ""label"": ""NOT STATED""}, {""value"": ""1.0"", ""label"": ""PREMORAL""}, {""value"": ""2.0"", ""label"": ""EXPEDIENT""}, {""value"": ""3.0"", ""label"": ""RULE FOLLOWING""}, {""value"": ""4.0"", ""label"": ""RATIONAL CONSIDERATI""}, {""value"": ""5.0"", ""label"": ""OTHER UNCLASSIFIABLE""}, {""value"": ""9.0"", ""label"": ""NO RESPONSE""}]"
2420,i282,SOCIAL JUDGEMENT SCALE-ITEM 8,numeric,NOMINAL,-3.0 thru -2.0 and -1.0,"[{""value"": ""-3.0"", ""label"": ""Not Stated""}, {""value"": ""-2.0"", ""label"": ""Not Known""}, {""value"": ""-1.0"", ""label"": ""Not Applicable""}, {""value"": ""1.0"", ""label"": ""Right""}, {""value"": ""2.0"", ""label"": ""Wrong""}]"
2421,i3896,SOCIAL JUDGEMENT ITEM 8 - WHY?,numeric,NOMINAL,-3.0 thru -6.0 and -7.0,"[{""value"": ""-7.0"", ""label"": ""BLANK""}, {""value"": ""-6.0"", ""label"": ""NO QUESTIONNAIRE""}, {""value"": ""-3.0"", ""label"": ""NOT STATED""}, {""value"": ""1.0"", ""label"": ""PREMORAL""}, {""value"": ""2.0"", ""label"": ""EXPEDIENT""}, {""value"": ""3.0"", ""label"": ""RULE FOLLOWING""}, {""value"": ""4.0"", ""label"": ""RATIONAL CONSIDERATI""}, {""value"": ""5.0"", ""label"": ""OTHER UNCLASSIFIABLE""}, {""value"": ""9.0"", ""label"": ""NO RESPONSE""}]"
2422,i3897,CODER CODE,numeric,NOMINAL,-3.0 thru -6.0 and -7.0,"[{""value"": ""-7.0"", ""label"": ""Blank""}, {""value"": ""-6.0"", ""label"": ""No questionnaire""}, {""value"": ""-3.0"", ""label"": ""Not stated""}]"
2423,k005b,AGE IN DAYS AT COMPLETION OF PUPIL FORM,numeric,SCALE,-3.0 thru -4.0,"[{""value"": ""-3.0"", ""label"": ""Not stated""}]"
2424,k010,A1-PARENTS LIKE TO HEAR ABOUT IDEAS,numeric,NOMINAL,-3.0 thru -4.0,"[{""value"": ""-4.0"", ""label"": ""More than 1 answer""}, {""value"": ""-3.0"", ""label"": ""Not stated""}, {""value"": ""1.0"", ""label"": ""Yes""}, {""value"": ""2.0"", ""label"": ""No""}, {""value"": ""3.0"", ""label"": ""Don't know""}]"
2425,k011,A2-FEEL LONELY AT SCHOOL,numeric,NOMINAL,-3.0 thru -4.0,"[{""value"": ""-4.0"", ""label"": ""More than 1 answer""}, {""value"": ""-3.0"", ""label"": ""Not stated""}, {""value"": ""1.0"", ""label"": ""Yes""}, {""value"": ""2.0"", ""label"": ""No""}, {""value"": ""3.0"", ""label"": ""Don't know""}]"
2426,k012,A3-OTHERS FALL OUT WITH YOU,numeric,NOMINAL,-3.0 thru -4.0,"[{""value"": ""-4.0"", ""label"": ""More than 1 answer""}, {""value"": ""-3.0"", ""label"": ""Not stated""}, {""value"": ""1.0"", ""label"": ""Yes""}, {""value"": ""2.0"", ""label"": ""No""}, {""value"": ""3.0"", ""label"": ""Don't know""}]"
2427,k013,A4-DO YOU LIKE TEAM GAMES,numeric,NOMINAL,-3.0 thru -4.0,"[{""value"": ""-4.0"", ""label"": ""More than 1 answer""}, {""value"": ""-3.0"", ""label"": ""Not stated""}, {""value"": ""1.0"", ""label"": ""Yes""}, {""value"": ""2.0"", ""label"": ""No""}, {""value"": ""3.0"", ""label"": ""Don't know""}]"
2428,k014,A5-DO OTHERS SAY NASTY THINGS ABOUT YOU,numeric,NOMINAL,-3.0 thru -4.0,"[{""value"": ""-4.0"", ""label"": ""More than 1 answer""}, {""value"": ""-3.0"", ""label"": ""Not stated""}, {""value"": ""1.0"", ""label"": ""Yes""}, {""value"": ""2.0"", ""label"": ""No""}, {""value"": ""3.0"", ""label"": ""Don't know""}]"
2429,k015,A6-FEEL SHY IN FRONT OF TEACHER,numeric,NOMINAL,-3.0 thru -4.0,"[{""value"": ""-4.0"", ""label"": ""More than 1 answer""}, {""value"": ""-3.0"", ""label"": ""Not stated""}, {""value"": ""1.0"", ""label"": ""Yes""}, {""value"": ""2.0"", ""label"": ""No""}, {""value"": ""3.0"", ""label"": ""Don't know""}]"
2430,k016,A7-LIKE WRITING STORIES,numeric,NOMINAL,-3.0 thru -4.0,"[{""value"": ""-4.0"", ""label"": ""More than 1 answer""}, {""value"": ""-3.0"", ""label"": ""Not stated""}, {""value"": ""1.0"", ""label"": ""Yes""}, {""value"": ""2.0"", ""label"": ""No""}, {""value"": ""3.0"", ""label"": ""Don't know""}]"
2431,k017,A8-FEEL SAD BECAUSE NO-ONE TO PLAY WITH,numeric,NOMINAL,-3.0 thru -4.0,"[{""value"": ""-4.0"", ""label"": ""More than 1 answer""}, {""value"": ""-3.0"", ""label"": ""Not stated""}, {""value"": ""1.0"", ""label"": ""Yes""}, {""value"": ""2.0"", ""label"": ""No""}, {""value"": ""3.0"", ""label"": ""Don't know""}]"
2432,k018,A9-GOOD AT MATHS,numeric,NOMINAL,-3.0 thru -4.0,"[{""value"": ""-4.0"", ""label"": ""More than 1 answer""}, {""value"": ""-3.0"", ""label"": ""Not stated""}, {""value"": ""1.0"", ""label"": ""Yes""}, {""value"": ""2.0"", ""label"": ""No""}, {""value"": ""3.0"", ""label"": ""Don't know""}]"
2433,k019,A10-THINGS ABOUT SELF WOULD CHANGE,numeric,NOMINAL,-3.0 thru -4.0,"[{""value"": ""-4.0"", ""label"": ""More than 1 answer""}, {""value"": ""-3.0"", ""label"": ""Not stated""}, {""value"": ""1.0"", ""label"": ""Yes""}, {""value"": ""2.0"", ""label"": ""No""}, {""value"": ""3.0"", ""label"": ""Don't know""}]"
2434,k020,A11-FEEL FOOLISH IN FRONT OF PEERS,numeric,NOMINAL,-3.0 thru -4.0,"[{""value"": ""-4.0"", ""label"": ""More than 1 answer""}, {""value"": ""-3.0"", ""label"": ""Not stated""}, {""value"": ""1.0"", ""label"": ""Yes""}, {""value"": ""2.0"", ""label"": ""No""}, {""value"": ""3.0"", ""label"": ""Don't know""}]"
2435,k021,A12-DIFFICULTY WITH WOODWORK ETC..,numeric,NOMINAL,-3.0 thru -4.0,"[{""value"": ""-4.0"", ""label"": ""More than 1 answer""}, {""value"": ""-3.0"", ""label"": ""Not stated""}, {""value"": ""1.0"", ""label"": ""Yes""}, {""value"": ""2.0"", ""label"": ""No""}, {""value"": ""3.0"", ""label"": ""Don't know""}]"
2436,k022,A13-FEEL FOOLISH WITH TEACHER,numeric,NOMINAL,-3.0 thru -4.0,"[{""value"": ""-4.0"", ""label"": ""More than 1 answer""}, {""value"": ""-3.0"", ""label"": ""Not stated""}, {""value"": ""1.0"", ""label"": ""Yes""}, {""value"": ""2.0"", ""label"": ""No""}, {""value"": ""3.0"", ""label"": ""Don't know""}]"
2437,k023,A14-DO YOU HAVE TO FIND NEW FRIENDS,numeric,NOMINAL,-3.0 thru -4.0,"[{""value"": ""-4.0"", ""label"": ""More than 1 answer""}, {""value"": ""-3.0"", ""label"": ""Not stated""}, {""value"": ""1.0"", ""label"": ""Yes""}, {""value"": ""2.0"", ""label"": ""No""}, {""value"": ""3.0"", ""label"": ""Don't know""}]"
2438,k024,A15-FOOLISH TALKING TO PARENTS,numeric,NOMINAL,-3.0 thru -4.0,"[{""value"": ""-4.0"", ""label"": ""More than 1 answer""}, {""value"": ""-3.0"", ""label"": ""Not stated""}, {""value"": ""1.0"", ""label"": ""Yes""}, {""value"": ""2.0"", ""label"": ""No""}, {""value"": ""3.0"", ""label"": ""Don't know""}]"
2439,k025,A16-DO OTHERS THINK YOU TELL LIES,numeric,NOMINAL,-3.0 thru -4.0,"[{""value"": ""-4.0"", ""label"": ""More than 1 answer""}, {""value"": ""-3.0"", ""label"": ""Not stated""}, {""value"": ""1.0"", ""label"": ""Yes""}, {""value"": ""2.0"", ""label"": ""No""}, {""value"": ""3.0"", ""label"": ""Don't know""}]"
2440,k026,B1-NERVOUS,numeric,NOMINAL,-3.0 thru -4.0,"[{""value"": ""-4.0"", ""label"": ""More than 1 answer""}, {""value"": ""-3.0"", ""label"": ""Not stated""}, {""value"": ""1.0"", ""label"": ""Often or usually""}, {""value"": ""2.0"", ""label"": ""Sometimes""}, {""value"": ""3.0"", ""label"": ""Not at all""}]"
2441,k027,B1-LIVELY,numeric,NOMINAL,-3.0 thru -4.0,"[{""value"": ""-4.0"", ""label"": ""More than 1 answer""}, {""value"": ""-3.0"", ""label"": ""Not stated""}, {""value"": ""1.0"", ""label"": ""Often or usually""}, {""value"": ""2.0"", ""label"": ""Sometimes""}, {""value"": ""3.0"", ""label"": ""Not at all""}]"
2442,k028,B1-LIKE COMPANY,numeric,NOMINAL,-3.0 thru -4.0,"[{""value"": ""-4.0"", ""label"": ""More than 1 answer""}, {""value"": ""-3.0"", ""label"": ""Not stated""}, {""value"": ""1.0"", ""label"": ""Often or usually""}, {""value"": ""2.0"", ""label"": ""Sometimes""}, {""value"": ""3.0"", ""label"": ""Not at all""}]"
2443,k029,B1-WORRY A LOT,numeric,NOMINAL,-3.0 thru -4.0,"[{""value"": ""-4.0"", ""label"": ""More than 1 answer""}, {""value"": ""-3.0"", ""label"": ""Not stated""}, {""value"": ""1.0"", ""label"": ""Often or usually""}, {""value"": ""2.0"", ""label"": ""Sometimes""}, {""value"": ""3.0"", ""label"": ""Not at all""}]"
2444,k030,B1-HAPPY GO LUCKY,numeric,NOMINAL,-3.0 thru -4.0,"[{""value"": ""-4.0"", ""label"": ""More than 1 answer""}, {""value"": ""-3.0"", ""label"": ""Not stated""}, {""value"": ""1.0"", ""label"": ""Often or usually""}, {""value"": ""2.0"", ""label"": ""Sometimes""}, {""value"": ""3.0"", ""label"": ""Not at all""}]"
2445,k031,B1-QUIET,numeric,NOMINAL,-3.0 thru -4.0,"[{""value"": ""-4.0"", ""label"": ""More than 1 answer""}, {""value"": ""-3.0"", ""label"": ""Not stated""}, {""value"": ""1.0"", ""label"": ""Often or usually""}, {""value"": ""2.0"", ""label"": ""Sometimes""}, {""value"": ""3.0"", ""label"": ""Not at all""}]"
2446,k032,B1-PREFER TO BE ON OWN,numeric,NOMINAL,-3.0 thru -4.0,"[{""value"": ""-4.0"", ""label"": ""More than 1 answer""}, {""value"": ""-3.0"", ""label"": ""Not stated""}, {""value"": ""1.0"", ""label"": ""Often or usually""}, {""value"": ""2.0"", ""label"": ""Sometimes""}, {""value"": ""3.0"", ""label"": ""Not at all""}]"
2447,k033,B1-EASY-GOING,numeric,NOMINAL,-3.0 thru -4.0,"[{""value"": ""-4.0"", ""label"": ""More than 1 answer""}, {""value"": ""-3.0"", ""label"": ""Not stated""}, {""value"": ""1.0"", ""label"": ""Often or usually""}, {""value"": ""2.0"", ""label"": ""Sometimes""}, {""value"": ""3.0"", ""label"": ""Not at all""}]"
2448,k034,B2-CAN YOU USE NEEDLE AND THREAD,numeric,NOMINAL,-3.0 thru -4.0,"[{""value"": ""-4.0"", ""label"": ""More than 1 answer""}, {""value"": ""-3.0"", ""label"": ""Not stated""}, {""value"": ""1.0"", ""label"": ""Yes""}, {""value"": ""2.0"", ""label"": ""No""}]"
2449,k035,B3-DO YOU HAVE BREAKFAST,numeric,NOMINAL,-3.0 thru -4.0,"[{""value"": ""-4.0"", ""label"": ""More than 1 answer""}, {""value"": ""-3.0"", ""label"": ""Not stated""}, {""value"": ""1.0"", ""label"": ""Yes""}, {""value"": ""2.0"", ""label"": ""Sometimes""}, {""value"": ""3.0"", ""label"": ""No never""}]"
2450,k036,B4-ABILITY IN MATHS,numeric,NOMINAL,-3.0 thru -4.0,"[{""value"": ""-4.0"", ""label"": ""More than 1 answer""}, {""value"": ""-3.0"", ""label"": ""Not stated""}, {""value"": ""1.0"", ""label"": ""Well""}, {""value"": ""2.0"", ""label"": ""Not so well""}]"
2451,k037,B4-ABILITY IN READING,numeric,NOMINAL,-3.0 thru -4.0,"[{""value"": ""-4.0"", ""label"": ""More than 1 answer""}, {""value"": ""-3.0"", ""label"": ""Not stated""}, {""value"": ""1.0"", ""label"": ""Well""}, {""value"": ""2.0"", ""label"": ""Not so well""}]"
2452,k038,B4-ABILITY IN SPELLING,numeric,NOMINAL,-3.0 thru -4.0,"[{""value"": ""-4.0"", ""label"": ""More than 1 answer""}, {""value"": ""-3.0"", ""label"": ""Not stated""}, {""value"": ""1.0"", ""label"": ""Well""}, {""value"": ""2.0"", ""label"": ""Not so well""}]"
2453,k039,B4-ABILITY IN CREATIVE WRITING,numeric,NOMINAL,-3.0 thru -4.0,"[{""value"": ""-4.0"", ""label"": ""More than 1 answer""}, {""value"": ""-3.0"", ""label"": ""Not stated""}, {""value"": ""1.0"", ""label"": ""Well""}, {""value"": ""2.0"", ""label"": ""Not so well""}]"
2454,k040,B4-ABILITY IN ART AND CRAFT,numeric,NOMINAL,-3.0 thru -4.0,"[{""value"": ""-4.0"", ""label"": ""More than 1 answer""}, {""value"": ""-3.0"", ""label"": ""Not stated""}, {""value"": ""1.0"", ""label"": ""Well""}, {""value"": ""2.0"", ""label"": ""Not so well""}]"
2455,k041,B4-ABILITY IN TOPIC OR PROJECT,numeric,NOMINAL,-3.0 thru -4.0,"[{""value"": ""-4.0"", ""label"": ""More than 1 answer""}, {""value"": ""-3.0"", ""label"": ""Not stated""}, {""value"": ""1.0"", ""label"": ""Well""}, {""value"": ""2.0"", ""label"": ""Not so well""}]"
2456,k042,B4-ABILITY IN GAMES,numeric,NOMINAL,-3.0 thru -4.0,"[{""value"": ""-4.0"", ""label"": ""More than 1 answer""}, {""value"": ""-3.0"", ""label"": ""Not stated""}, {""value"": ""1.0"", ""label"": ""Well""}, {""value"": ""2.0"", ""label"": ""Not so well""}]"
2457,k043,B4-ABILITY IN GYMNASTICS,numeric,NOMINAL,-3.0 thru -4.0,"[{""value"": ""-4.0"", ""label"": ""More than 1 answer""}, {""value"": ""-3.0"", ""label"": ""Not stated""}, {""value"": ""1.0"", ""label"": ""Well""}, {""value"": ""2.0"", ""label"": ""Not so well""}]"
2458,k044,B5-MID-DAY GO HOME TO EAT,numeric,NOMINAL,-3.0 thru -4.0,"[{""value"": ""0.0"", ""label"": ""Lozenge Not Marked""}, {""value"": ""1.0"", ""label"": ""Yes-Applies""}]"
2459,k045,B5-MID-DAY TAKE SANDWICHES,numeric,NOMINAL,-3.0 thru -4.0,"[{""value"": ""0.0"", ""label"": ""Lozenge Not Marked""}, {""value"": ""1.0"", ""label"": ""Yes-Applies""}]"
2460,k046,B5-MID-DAY SCHOOL DINNER,numeric,NOMINAL,-3.0 thru -4.0,"[{""value"": ""0.0"", ""label"": ""Lozenge Not Marked""}, {""value"": ""1.0"", ""label"": ""Yes-Applies""}]"
2461,k047,B5-MID-DAY BUY FOOD AT SHOPS,numeric,NOMINAL,-3.0 thru -4.0,"[{""value"": ""0.0"", ""label"": ""Lozenge Not Marked""}, {""value"": ""1.0"", ""label"": ""Yes-Applies""}]"
2462,k048,B5-MID-DAY DOESN'T EAT ANYTHING,numeric,NOMINAL,-3.0 thru -4.0,"[{""value"": ""0.0"", ""label"": ""Lozenge Not Marked""}, {""value"": ""1.0"", ""label"": ""Yes-Applies""}]"
2463,k049,B6-DO YOU LIKE TO BE ON YOUR OWN,numeric,NOMINAL,-3.0 thru -4.0,"[{""value"": ""-4.0"", ""label"": ""More than 1 answer""}, {""value"": ""-3.0"", ""label"": ""Not stated""}, {""value"": ""1.0"", ""label"": ""Not at all""}, {""value"": ""2.0"", ""label"": ""Now and then""}, {""value"": ""3.0"", ""label"": ""Some of the time""}, {""value"": ""4.0"", ""label"": ""A lot of the time""}, {""value"": ""5.0"", ""label"": ""Nearly all the time""}, {""value"": ""6.0"", ""label"": ""All the time""}]"
2464,k050,B7-HOW MANY OF YOUR FRIENDS SMOKE,numeric,NOMINAL,-3.0 thru -4.0,"[{""value"": ""-4.0"", ""label"": ""More than 1 answer""}, {""value"": ""-3.0"", ""label"": ""Not stated""}, {""value"": ""1.0"", ""label"": ""Most of them""}, {""value"": ""2.0"", ""label"": ""Some of them""}, {""value"": ""3.0"", ""label"": ""None of them""}]"
2465,k051,B8-HAVE YOU EVER TRIED A CIGARETTE,numeric,NOMINAL,-3.0 thru -4.0,"[{""value"": ""-4.0"", ""label"": ""More than 1 answer""}, {""value"": ""-3.0"", ""label"": ""Not stated""}, {""value"": ""1.0"", ""label"": ""Yes""}, {""value"": ""2.0"", ""label"": ""No""}]"
2466,k052,B9-HAVE YOU TRIED MORE THAN ONE,numeric,NOMINAL,-3.0 thru -4.0,"[{""value"": ""-4.0"", ""label"": ""More than 1 answer""}, {""value"": ""-3.0"", ""label"": ""Not stated""}, {""value"": ""1.0"", ""label"": ""Yes""}, {""value"": ""2.0"", ""label"": ""No, only one""}, {""value"": ""3.0"", ""label"": ""Have not tried""}]"
2467,k053,B10-HOW MANY DO YOU SMOKE,numeric,NOMINAL,-3.0 thru -4.0,"[{""value"": ""-4.0"", ""label"": ""More than 1 answer""}, {""value"": ""-3.0"", ""label"": ""Not stated""}, {""value"": ""1.0"", ""label"": ""Never""}, {""value"": ""2.0"", ""label"": ""Tried once""}, {""value"": ""3.0"", ""label"": ""Tried twice""}, {""value"": ""4.0"", ""label"": ""Lt 1 per week""}, {""value"": ""5.0"", ""label"": ""About 1 per week""}, {""value"": ""6.0"", ""label"": ""2-5 per week""}, {""value"": ""7.0"", ""label"": ""About 1 per day""}, {""value"": ""8.0"", ""label"": ""More than 1 per day""}]"
2468,k054,B11-CAN SMOKING DAMAGE YOUR HEALTH,numeric,NOMINAL,-3.0 thru -4.0,"[{""value"": ""-4.0"", ""label"": ""More than 1 answer""}, {""value"": ""-3.0"", ""label"": ""Not stated""}, {""value"": ""1.0"", ""label"": ""Don't believe it""}, {""value"": ""2.0"", ""label"": ""May be true""}, {""value"": ""3.0"", ""label"": ""Yes I believe it""}]"
2469,k055,B12-TIME SPENT TALKING TO PARENTS,numeric,NOMINAL,-3.0 thru -4.0,"[{""value"": ""-4.0"", ""label"": ""More than 1 answer""}, {""value"": ""-3.0"", ""label"": ""Not stated""}, {""value"": ""1.0"", ""label"": ""None at all""}, {""value"": ""2.0"", ""label"": ""Not very much""}, {""value"": ""3.0"", ""label"": ""Quite a lot""}]"
2470,k056,B13-HOW OFTEN DO YOU EAT WHITE BREAD?,numeric,NOMINAL,-3.0 thru -4.0,"[{""value"": ""-4.0"", ""label"": ""More than 1 answer""}, {""value"": ""-3.0"", ""label"": ""Not stated""}, {""value"": ""1.0"", ""label"": ""Nearly every day""}, {""value"": ""2.0"", ""label"": ""Quite often""}, {""value"": ""3.0"", ""label"": ""Sometimes""}, {""value"": ""4.0"", ""label"": ""Hardly ever""}]"
2471,k057,B13-HOW OFTEN DO YOU EAT BROWN BREAD?,numeric,NOMINAL,-3.0 thru -4.0,"[{""value"": ""-4.0"", ""label"": ""More than 1 answer""}, {""value"": ""-3.0"", ""label"": ""Not stated""}, {""value"": ""1.0"", ""label"": ""Nearly every day""}, {""value"": ""2.0"", ""label"": ""Quite often""}, {""value"": ""3.0"", ""label"": ""Sometimes""}, {""value"": ""4.0"", ""label"": ""Hardly ever""}]"
2472,k058,B13-HOW OFTEN DO YOU EAT BUTTER?,numeric,NOMINAL,-3.0 thru -4.0,"[{""value"": ""-4.0"", ""label"": ""More than 1 answer""}, {""value"": ""-3.0"", ""label"": ""Not stated""}, {""value"": ""1.0"", ""label"": ""Nearly every day""}, {""value"": ""2.0"", ""label"": ""Quite often""}, {""value"": ""3.0"", ""label"": ""Sometimes""}, {""value"": ""4.0"", ""label"": ""Hardly ever""}]"
2473,k059,B13-HOW OFTEN DO YOU EAT MARGARINE?,numeric,NOMINAL,-3.0 thru -4.0,"[{""value"": ""-4.0"", ""label"": ""More than 1 answer""}, {""value"": ""-3.0"", ""label"": ""Not stated""}, {""value"": ""1.0"", ""label"": ""Nearly every day""}, {""value"": ""2.0"", ""label"": ""Quite often""}, {""value"": ""3.0"", ""label"": ""Sometimes""}, {""value"": ""4.0"", ""label"": ""Hardly ever""}]"
2474,k060,B13-HOW OFTEN DO YOU EAT CHEESE?,numeric,NOMINAL,-3.0 thru -4.0,"[{""value"": ""-4.0"", ""label"": ""More than 1 answer""}, {""value"": ""-3.0"", ""label"": ""Not stated""}, {""value"": ""1.0"", ""label"": ""Nearly every day""}, {""value"": ""2.0"", ""label"": ""Quite often""}, {""value"": ""3.0"", ""label"": ""Sometimes""}, {""value"": ""4.0"", ""label"": ""Hardly ever""}]"
2475,k061,B13-HOW OFTEN DO YOU EAT EGGS?,numeric,NOMINAL,-3.0 thru -4.0,"[{""value"": ""-4.0"", ""label"": ""More than 1 answer""}, {""value"": ""-3.0"", ""label"": ""Not stated""}, {""value"": ""1.0"", ""label"": ""Nearly every day""}, {""value"": ""2.0"", ""label"": ""Quite often""}, {""value"": ""3.0"", ""label"": ""Sometimes""}, {""value"": ""4.0"", ""label"": ""Hardly ever""}]"
2476,k062,B13-HOW OFTEN DO YOU EAT MEAT?,numeric,NOMINAL,-3.0 thru -4.0,"[{""value"": ""-4.0"", ""label"": ""More than 1 answer""}, {""value"": ""-3.0"", ""label"": ""Not stated""}, {""value"": ""1.0"", ""label"": ""Nearly every day""}, {""value"": ""2.0"", ""label"": ""Quite often""}, {""value"": ""3.0"", ""label"": ""Sometimes""}, {""value"": ""4.0"", ""label"": ""Hardly ever""}]"
2477,k063,B13-HOW OFTEN DO YOU EAT FISH?,numeric,NOMINAL,-3.0 thru -4.0,"[{""value"": ""-4.0"", ""label"": ""More than 1 answer""}, {""value"": ""-3.0"", ""label"": ""Not stated""}, {""value"": ""1.0"", ""label"": ""Nearly every day""}, {""value"": ""2.0"", ""label"": ""Quite often""}, {""value"": ""3.0"", ""label"": ""Sometimes""}, {""value"": ""4.0"", ""label"": ""Hardly ever""}]"
2478,k064,B13-HOW OFTEN DO YOU EAT CHOCOLATE/SWEETS?,numeric,NOMINAL,-3.0 thru -4.0,"[{""value"": ""-4.0"", ""label"": ""More than 1 answer""}, {""value"": ""-3.0"", ""label"": ""Not stated""}, {""value"": ""1.0"", ""label"": ""Nearly every day""}, {""value"": ""2.0"", ""label"": ""Quite often""}, {""value"": ""3.0"", ""label"": ""Sometimes""}, {""value"": ""4.0"", ""label"": ""Hardly ever""}]"
2479,k065,B14-CUPS OF TEA PER DAY,numeric,NOMINAL,-3.0 thru -4.0,"[{""value"": ""-3.0"", ""label"": ""Not Stated""}]"
2480,k066,B14-CUPS OF COCOA OR CHOCOLATE PER DAY,numeric,NOMINAL,-3.0 thru -4.0,"[{""value"": ""-3.0"", ""label"": ""Not Stated""}]"
2481,k067,B14-CUPS OF COFFEE PER DAY,numeric,NOMINAL,-3.0 thru -4.0,"[{""value"": ""-3.0"", ""label"": ""Not Stated""}]"
2482,k068,B14-GLASSES OF MILK PER DAY,numeric,NOMINAL,-3.0 thru -4.0,"[{""value"": ""-3.0"", ""label"": ""Not Stated""}]"
2483,k069,B14-GLASSES OF COLA PER DAY,numeric,NOMINAL,-3.0 thru -4.0,"[{""value"": ""-3.0"", ""label"": ""Not Stated""}]"
2484,k070,B14-GLASSES OF WATER PER DAY,numeric,SCALE,-3.0 thru -4.0,"[{""value"": ""-3.0"", ""label"": ""Not Stated""}]"
2485,k071,B15-DO YOU USUALLY COUGH-MORNINGS,numeric,NOMINAL,-3.0 thru -4.0,"[{""value"": ""-4.0"", ""label"": ""More than 1 answer""}, {""value"": ""-3.0"", ""label"": ""Not stated""}, {""value"": ""1.0"", ""label"": ""Yes""}, {""value"": ""2.0"", ""label"": ""No""}]"
2486,k072,B16-HOW MUCH DO YOU COUGH REST TIME,numeric,NOMINAL,-3.0 thru -4.0,"[{""value"": ""-4.0"", ""label"": ""More than 1 answer""}, {""value"": ""-3.0"", ""label"": ""Not stated""}, {""value"": ""1.0"", ""label"": ""Not at all""}, {""value"": ""2.0"", ""label"": ""Only sometimes""}, {""value"": ""3.0"", ""label"": ""Fair amount""}, {""value"": ""4.0"", ""label"": ""Quite a lot""}, {""value"": ""5.0"", ""label"": ""A great deal""}]"
2487,k073,B17-DO YOU GET SHORT OF BREATH,numeric,NOMINAL,-3.0 thru -4.0,"[{""value"": ""-4.0"", ""label"": ""More than 1 answer""}, {""value"": ""-3.0"", ""label"": ""Not stated""}, {""value"": ""1.0"", ""label"": ""Yes""}, {""value"": ""2.0"", ""label"": ""No""}, {""value"": ""3.0"", ""label"": ""Don't know""}]"
2488,k074,B18-DO YOU FEEL TIGHTNESS IN CHEST,numeric,NOMINAL,-3.0 thru -4.0,"[{""value"": ""-4.0"", ""label"": ""More than 1 answer""}, {""value"": ""-3.0"", ""label"": ""Not stated""}, {""value"": ""1.0"", ""label"": ""Yes""}, {""value"": ""2.0"", ""label"": ""No""}, {""value"": ""3.0"", ""label"": ""I hardly ever cough""}]"
2489,k075,C1-NOT WORTH TRYING HARD,numeric,NOMINAL,-3.0 thru -4.0,"[{""value"": ""-4.0"", ""label"": ""More than 1 answer""}, {""value"": ""-3.0"", ""label"": ""Not stated""}, {""value"": ""1.0"", ""label"": ""Yes""}, {""value"": ""2.0"", ""label"": ""No""}, {""value"": ""3.0"", ""label"": ""Don't know""}]"
2490,k076,C2-WISHING MAKES GOOD THINGS HAPPEN,numeric,NOMINAL,-3.0 thru -4.0,"[{""value"": ""-4.0"", ""label"": ""More than 1 answer""}, {""value"": ""-3.0"", ""label"": ""Not stated""}, {""value"": ""1.0"", ""label"": ""Yes""}, {""value"": ""2.0"", ""label"": ""No""}, {""value"": ""3.0"", ""label"": ""Don't know""}]"
2491,k077,C3-PEOPLE GOOD TO YOU NO MATTER WHAT,numeric,NOMINAL,-3.0 thru -4.0,"[{""value"": ""-4.0"", ""label"": ""More than 1 answer""}, {""value"": ""-3.0"", ""label"": ""Not stated""}, {""value"": ""1.0"", ""label"": ""Yes""}, {""value"": ""2.0"", ""label"": ""No""}, {""value"": ""3.0"", ""label"": ""Don't know""}]"
2492,k078,C4-LIKE TAKING PART IN PLAYS,numeric,NOMINAL,-3.0 thru -4.0,"[{""value"": ""-4.0"", ""label"": ""More than 1 answer""}, {""value"": ""-3.0"", ""label"": ""Not stated""}, {""value"": ""1.0"", ""label"": ""Yes""}, {""value"": ""2.0"", ""label"": ""No""}, {""value"": ""3.0"", ""label"": ""Don't know""}]"
2493,k079,C5-USELESS TO TRY IN SCHOOL,numeric,NOMINAL,-3.0 thru -4.0,"[{""value"": ""-4.0"", ""label"": ""More than 1 answer""}, {""value"": ""-3.0"", ""label"": ""Not stated""}, {""value"": ""1.0"", ""label"": ""Yes""}, {""value"": ""2.0"", ""label"": ""No""}, {""value"": ""3.0"", ""label"": ""Don't know""}]"
2494,k080,C6-HIGH MARK IS A MATTER OF LUCK,numeric,NOMINAL,-3.0 thru -4.0,"[{""value"": ""-4.0"", ""label"": ""More than 1 answer""}, {""value"": ""-3.0"", ""label"": ""Not stated""}, {""value"": ""1.0"", ""label"": ""Yes""}, {""value"": ""2.0"", ""label"": ""No""}, {""value"": ""3.0"", ""label"": ""Don't know""}]"
2495,k081,C7-GOOD AT SPELLING,numeric,NOMINAL,-3.0 thru -4.0,"[{""value"": ""-4.0"", ""label"": ""More than 1 answer""}, {""value"": ""-3.0"", ""label"": ""Not stated""}, {""value"": ""1.0"", ""label"": ""Yes""}, {""value"": ""2.0"", ""label"": ""No""}, {""value"": ""3.0"", ""label"": ""Don't know""}]"
2496,k082,C8-TESTS ARE A LOT OF GUESS WORK,numeric,NOMINAL,-3.0 thru -4.0,"[{""value"": ""-4.0"", ""label"": ""More than 1 answer""}, {""value"": ""-3.0"", ""label"": ""Not stated""}, {""value"": ""1.0"", ""label"": ""Yes""}, {""value"": ""2.0"", ""label"": ""No""}, {""value"": ""3.0"", ""label"": ""Don't know""}]"
2497,k083,C9-BLAMED FOR THINGS,numeric,NOMINAL,-3.0 thru -4.0,"[{""value"": ""-4.0"", ""label"": ""More than 1 answer""}, {""value"": ""-3.0"", ""label"": ""Not stated""}, {""value"": ""1.0"", ""label"": ""Yes""}, {""value"": ""2.0"", ""label"": ""No""}, {""value"": ""3.0"", ""label"": ""Don't know""}]"
2498,k084,C10-BELIEVE IN PLANNING AHEAD,numeric,NOMINAL,-3.0 thru -4.0,"[{""value"": ""-4.0"", ""label"": ""More than 1 answer""}, {""value"": ""-3.0"", ""label"": ""Not stated""}, {""value"": ""1.0"", ""label"": ""Yes""}, {""value"": ""2.0"", ""label"": ""No""}, {""value"": ""3.0"", ""label"": ""Don't know""}]"
2499,k085,C11-FIND IT EASY TO GET UP IN MORNING,numeric,NOMINAL,-3.0 thru -4.0,"[{""value"": ""-4.0"", ""label"": ""More than 1 answer""}, {""value"": ""-3.0"", ""label"": ""Not stated""}, {""value"": ""1.0"", ""label"": ""Yes""}, {""value"": ""2.0"", ""label"": ""No""}, {""value"": ""3.0"", ""label"": ""Don't know""}]"
2500,k086,C12-BAD THINGS ARE SOMEONE ELSE'S FAULT,numeric,NOMINAL,-3.0 thru -4.0,"[{""value"": ""-4.0"", ""label"": ""More than 1 answer""}, {""value"": ""-3.0"", ""label"": ""Not stated""}, {""value"": ""1.0"", ""label"": ""Yes""}, {""value"": ""2.0"", ""label"": ""No""}, {""value"": ""3.0"", ""label"": ""Don't know""}]"
2501,k087,C13-IMPOSSIBLE TO MAKE FRIENDS AGAIN,numeric,NOMINAL,-3.0 thru -4.0,"[{""value"": ""-4.0"", ""label"": ""More than 1 answer""}, {""value"": ""-3.0"", ""label"": ""Not stated""}, {""value"": ""1.0"", ""label"": ""Yes""}, {""value"": ""2.0"", ""label"": ""No""}, {""value"": ""3.0"", ""label"": ""Don't know""}]"
2502,k088,C14-NICE THINGS ONLY GOOD LUCK,numeric,NOMINAL,-3.0 thru -4.0,"[{""value"": ""-4.0"", ""label"": ""More than 1 answer""}, {""value"": ""-3.0"", ""label"": ""Not stated""}, {""value"": ""1.0"", ""label"": ""Yes""}, {""value"": ""2.0"", ""label"": ""No""}, {""value"": ""3.0"", ""label"": ""Don't know""}]"
2503,k089,C15-FEEL SAD WHEN TIME TO LEAVE SCHOOL,numeric,NOMINAL,-3.0 thru -4.0,"[{""value"": ""-4.0"", ""label"": ""More than 1 answer""}, {""value"": ""-3.0"", ""label"": ""Not stated""}, {""value"": ""1.0"", ""label"": ""Yes""}, {""value"": ""2.0"", ""label"": ""No""}, {""value"": ""3.0"", ""label"": ""Don't know""}]"
2504,k090,C16-ARGUMENTS ARE OTHER PERSON'S FAULT,numeric,NOMINAL,-3.0 thru -4.0,"[{""value"": ""-4.0"", ""label"": ""More than 1 answer""}, {""value"": ""-3.0"", ""label"": ""Not stated""}, {""value"": ""1.0"", ""label"": ""Yes""}, {""value"": ""2.0"", ""label"": ""No""}, {""value"": ""3.0"", ""label"": ""Don't know""}]"
2505,k091,C17-SURPRISED TEACHER SAYS DONE WELL,numeric,NOMINAL,-3.0 thru -4.0,"[{""value"": ""-4.0"", ""label"": ""More than 1 answer""}, {""value"": ""-3.0"", ""label"": ""Not stated""}, {""value"": ""1.0"", ""label"": ""Yes""}, {""value"": ""2.0"", ""label"": ""No""}, {""value"": ""3.0"", ""label"": ""Don't know""}]"
2506,k092,C18-LOW MARKS EVEN THOUGH STUDY HARD,numeric,NOMINAL,-3.0 thru -4.0,"[{""value"": ""-4.0"", ""label"": ""More than 1 answer""}, {""value"": ""-3.0"", ""label"": ""Not stated""}, {""value"": ""1.0"", ""label"": ""Yes""}, {""value"": ""2.0"", ""label"": ""No""}, {""value"": ""3.0"", ""label"": ""Don't know""}]"
2507,k093,C19-LIKE TO READ BOOKS,numeric,NOMINAL,-3.0 thru -4.0,"[{""value"": ""-4.0"", ""label"": ""More than 1 answer""}, {""value"": ""-3.0"", ""label"": ""Not stated""}, {""value"": ""1.0"", ""label"": ""Yes""}, {""value"": ""2.0"", ""label"": ""No""}, {""value"": ""3.0"", ""label"": ""Don't know""}]"
2508,k094,C20-STUDYING FOR TESTS IS WASTE OF TIME,numeric,NOMINAL,-3.0 thru -4.0,"[{""value"": ""-4.0"", ""label"": ""More than 1 answer""}, {""value"": ""-3.0"", ""label"": ""Not stated""}, {""value"": ""1.0"", ""label"": ""Yes""}, {""value"": ""2.0"", ""label"": ""No""}, {""value"": ""3.0"", ""label"": ""Don't know""}]"
2509,i2503,DATE OF ASSESSMENT-FMT-DD,numeric,SCALE,-3.0 thru -6.0,"[{""value"": ""-6.0"", ""label"": ""No questionnaire""}, {""value"": ""-3.0"", ""label"": ""Not Stated""}]"
2510,i2503m,DATE OF ASSESSMENT-FMT-MM,numeric,NOMINAL,-3.0 thru -6.0 and -7.0,"[{""value"": ""-6.0"", ""label"": ""No questionnaire""}, {""value"": ""-3.0"", ""label"": ""Not Stated""}]"
2511,i2503y,DATE OF ASSESSMENT-FMT-YY,numeric,SCALE,-3.0 thru -6.0 and -7.0,"[{""value"": ""-6.0"", ""label"": ""No questionnaire""}, {""value"": ""-3.0"", ""label"": ""Not Stated""}]"
2512,i2504,FMT-WHAT IS ONE MORE THAN THREE?,numeric,NOMINAL,-6.0 thru -4.0 and -3.0,"[{""value"": ""-6.0"", ""label"": ""No questionnaire""}, {""value"": ""-4.0"", ""label"": ""More than 1 answer""}, {""value"": ""-3.0"", ""label"": ""NS/No response""}, {""value"": ""1.0"", ""label"": ""Top answer""}, {""value"": ""2.0"", ""label"": ""2nd answer from top""}, {""value"": ""3.0"", ""label"": ""3rd answer from top""}, {""value"": ""4.0"", ""label"": ""4th answer from top""}, {""value"": ""5.0"", ""label"": ""Bottom answer""}]"
2513,i2505,FMT-WHAT IS THE MISSING NUMBER?,numeric,NOMINAL,-6.0 thru -4.0 and -3.0,"[{""value"": ""-6.0"", ""label"": ""No questionnaire""}, {""value"": ""-4.0"", ""label"": ""More than 1 answer""}, {""value"": ""-3.0"", ""label"": ""NS/No response""}, {""value"": ""1.0"", ""label"": ""Top answer""}, {""value"": ""2.0"", ""label"": ""2nd answer from top""}, {""value"": ""3.0"", ""label"": ""3rd answer from top""}, {""value"": ""4.0"", ""label"": ""4th answer from top""}, {""value"": ""5.0"", ""label"": ""Bottom answer""}]"
2514,i2506,FMT-HOW MANY STARS ALTOGETHER?,numeric,NOMINAL,-6.0 thru -4.0 and -3.0,"[{""value"": ""-6.0"", ""label"": ""No questionnaire""}, {""value"": ""-4.0"", ""label"": ""More than 1 answer""}, {""value"": ""-3.0"", ""label"": ""NS/No response""}, {""value"": ""1.0"", ""label"": ""Top answer""}, {""value"": ""2.0"", ""label"": ""2nd answer from top""}, {""value"": ""3.0"", ""label"": ""3rd answer from top""}, {""value"": ""4.0"", ""label"": ""4th answer from top""}, {""value"": ""5.0"", ""label"": ""Bottom answer""}]"
2515,i2507,FMT-ADD 349 AND 63,numeric,NOMINAL,-6.0 thru -4.0 and -3.0,"[{""value"": ""-6.0"", ""label"": ""No questionnaire""}, {""value"": ""-4.0"", ""label"": ""More than 1 answer""}, {""value"": ""-3.0"", ""label"": ""NS/No response""}, {""value"": ""1.0"", ""label"": ""Top answer""}, {""value"": ""2.0"", ""label"": ""2nd answer from top""}, {""value"": ""3.0"", ""label"": ""3rd answer from top""}, {""value"": ""4.0"", ""label"": ""4th answer from top""}, {""value"": ""5.0"", ""label"": ""Bottom answer""}]"
2516,i2508,FMT-TAKE AWAY 5 FROM 5,numeric,NOMINAL,-6.0 thru -4.0 and -3.0,"[{""value"": ""-6.0"", ""label"": ""No questionnaire""}, {""value"": ""-4.0"", ""label"": ""More than 1 answer""}, {""value"": ""-3.0"", ""label"": ""NS/No response""}, {""value"": ""1.0"", ""label"": ""Top answer""}, {""value"": ""2.0"", ""label"": ""2nd answer from top""}, {""value"": ""3.0"", ""label"": ""3rd answer from top""}, {""value"": ""4.0"", ""label"": ""4th answer from top""}, {""value"": ""5.0"", ""label"": ""Bottom answer""}]"
2517,i2509,FMT-WHAT IS ONE LESS THAN FOUR?,numeric,NOMINAL,-6.0 thru -4.0 and -3.0,"[{""value"": ""-6.0"", ""label"": ""No questionnaire""}, {""value"": ""-4.0"", ""label"": ""More than 1 answer""}, {""value"": ""-3.0"", ""label"": ""NS/No response""}, {""value"": ""1.0"", ""label"": ""Top answer""}, {""value"": ""2.0"", ""label"": ""2nd answer from top""}, {""value"": ""3.0"", ""label"": ""3rd answer from top""}, {""value"": ""4.0"", ""label"": ""4th answer from top""}, {""value"": ""5.0"", ""label"": ""Bottom answer""}]"
2518,i2510,FMT-TAKE AWAY 3-2,numeric,NOMINAL,-6.0 thru -4.0 and -3.0,"[{""value"": ""-6.0"", ""label"": ""No questionnaire""}, {""value"": ""-4.0"", ""label"": ""More than 1 answer""}, {""value"": ""-3.0"", ""label"": ""NS/No response""}, {""value"": ""1.0"", ""label"": ""Top answer""}, {""value"": ""2.0"", ""label"": ""2nd answer from top""}, {""value"": ""3.0"", ""label"": ""3rd answer from top""}, {""value"": ""4.0"", ""label"": ""4th answer from top""}, {""value"": ""5.0"", ""label"": ""Bottom answer""}]"
2519,i2511,FMT-TAKE AWAY 432-36,numeric,NOMINAL,-6.0 thru -4.0 and -3.0,"[{""value"": ""-6.0"", ""label"": ""No questionnaire""}, {""value"": ""-4.0"", ""label"": ""More than 1 answer""}, {""value"": ""-3.0"", ""label"": ""NS/No response""}, {""value"": ""1.0"", ""label"": ""Top answer""}, {""value"": ""2.0"", ""label"": ""2nd answer from top""}, {""value"": ""3.0"", ""label"": ""3rd answer from top""}, {""value"": ""4.0"", ""label"": ""4th answer from top""}, {""value"": ""5.0"", ""label"": ""Bottom answer""}]"
2520,i2512,FMT-WHAT IS THE MISSING NUMBER?,numeric,NOMINAL,-6.0 thru -4.0 and -3.0,"[{""value"": ""-6.0"", ""label"": ""No questionnaire""}, {""value"": ""-4.0"", ""label"": ""More than 1 answer""}, {""value"": ""-3.0"", ""label"": ""NS/No response""}, {""value"": ""1.0"", ""label"": ""Top answer""}, {""value"": ""2.0"", ""label"": ""2nd answer from top""}, {""value"": ""3.0"", ""label"": ""3rd answer from top""}, {""value"": ""4.0"", ""label"": ""4th answer from top""}, {""value"": ""5.0"", ""label"": ""Bottom answer""}]"
2521,i2513,FMT-MULTIPLY 5 X 6,numeric,NOMINAL,-6.0 thru -4.0 and -3.0,"[{""value"": ""-6.0"", ""label"": ""No questionnaire""}, {""value"": ""-4.0"", ""label"": ""More than 1 answer""}, {""value"": ""-3.0"", ""label"": ""NS/No response""}, {""value"": ""1.0"", ""label"": ""Top answer""}, {""value"": ""2.0"", ""label"": ""2nd answer from top""}, {""value"": ""3.0"", ""label"": ""3rd answer from top""}, {""value"": ""4.0"", ""label"": ""4th answer from top""}, {""value"": ""5.0"", ""label"": ""Bottom answer""}]"
2522,i2514,FMT-HOW MANY BURGERS?,numeric,NOMINAL,-6.0 thru -4.0 and -3.0,"[{""value"": ""-6.0"", ""label"": ""No questionnaire""}, {""value"": ""-4.0"", ""label"": ""More than 1 answer""}, {""value"": ""-3.0"", ""label"": ""NS/No response""}, {""value"": ""1.0"", ""label"": ""Top answer""}, {""value"": ""2.0"", ""label"": ""2nd answer from top""}, {""value"": ""3.0"", ""label"": ""3rd answer from top""}, {""value"": ""4.0"", ""label"": ""4th answer from top""}, {""value"": ""5.0"", ""label"": ""Bottom answer""}]"
2523,i2515,FMT-MULTIPLY AGAIN 138 X 7,numeric,NOMINAL,-6.0 thru -4.0 and -3.0,"[{""value"": ""-6.0"", ""label"": ""No questionnaire""}, {""value"": ""-4.0"", ""label"": ""More than 1 answer""}, {""value"": ""-3.0"", ""label"": ""NS/No response""}, {""value"": ""1.0"", ""label"": ""Top answer""}, {""value"": ""2.0"", ""label"": ""2nd answer from top""}, {""value"": ""3.0"", ""label"": ""3rd answer from top""}, {""value"": ""4.0"", ""label"": ""4th answer from top""}, {""value"": ""5.0"", ""label"": ""Bottom answer""}]"
2524,i2516,"FMT-A MISSING FIGURE, BUT WHAT IS IT?",numeric,NOMINAL,-6.0 thru -4.0 and -3.0,"[{""value"": ""-6.0"", ""label"": ""No questionnaire""}, {""value"": ""-4.0"", ""label"": ""More than 1 answer""}, {""value"": ""-3.0"", ""label"": ""NS/No response""}, {""value"": ""1.0"", ""label"": ""Top answer""}, {""value"": ""2.0"", ""label"": ""2nd answer from top""}, {""value"": ""3.0"", ""label"": ""3rd answer from top""}, {""value"": ""4.0"", ""label"": ""4th answer from top""}, {""value"": ""5.0"", ""label"": ""Bottom answer""}]"
2525,i2517,FMT-SHARE 9 BY 3,numeric,NOMINAL,-6.0 thru -4.0 and -3.0,"[{""value"": ""-6.0"", ""label"": ""No questionnaire""}, {""value"": ""-4.0"", ""label"": ""More than 1 answer""}, {""value"": ""-3.0"", ""label"": ""NS/No response""}, {""value"": ""1.0"", ""label"": ""Top answer""}, {""value"": ""2.0"", ""label"": ""2nd answer from top""}, {""value"": ""3.0"", ""label"": ""3rd answer from top""}, {""value"": ""4.0"", ""label"": ""4th answer from top""}, {""value"": ""5.0"", ""label"": ""Bottom answer""}]"
2526,i2518,FMT-I HAVE A BOX OF 48 ICECREAMS IN MY FREEZER. IF I ONLY EAT 8,numeric,NOMINAL,-6.0 thru -4.0 and -3.0,"[{""value"": ""-6.0"", ""label"": ""No questionnaire""}, {""value"": ""-4.0"", ""label"": ""More than 1 answer""}, {""value"": ""-3.0"", ""label"": ""NS/No response""}, {""value"": ""1.0"", ""label"": ""Top answer""}, {""value"": ""2.0"", ""label"": ""2nd answer from top""}, {""value"": ""3.0"", ""label"": ""3rd answer from top""}, {""value"": ""4.0"", ""label"": ""4th answer from top""}, {""value"": ""5.0"", ""label"": ""Bottom answer""}]"
2527,i2519,FMT-DIVIDE 80 BY 15,numeric,NOMINAL,-6.0 thru -4.0 and -3.0,"[{""value"": ""-6.0"", ""label"": ""No questionnaire""}, {""value"": ""-4.0"", ""label"": ""More than 1 answer""}, {""value"": ""-3.0"", ""label"": ""NS/No response""}, {""value"": ""1.0"", ""label"": ""Top answer""}, {""value"": ""2.0"", ""label"": ""2nd answer from top""}, {""value"": ""3.0"", ""label"": ""3rd answer from top""}, {""value"": ""4.0"", ""label"": ""4th answer from top""}, {""value"": ""5.0"", ""label"": ""Bottom answer""}]"
2528,i2520,FMT-I'VE LEFT OUT A NUMBER HAVEN'T I?,numeric,NOMINAL,-6.0 thru -4.0 and -3.0,"[{""value"": ""-6.0"", ""label"": ""No questionnaire""}, {""value"": ""-4.0"", ""label"": ""More than 1 answer""}, {""value"": ""-3.0"", ""label"": ""NS/No response""}, {""value"": ""1.0"", ""label"": ""Top answer""}, {""value"": ""2.0"", ""label"": ""2nd answer from top""}, {""value"": ""3.0"", ""label"": ""3rd answer from top""}, {""value"": ""4.0"", ""label"": ""4th answer from top""}, {""value"": ""5.0"", ""label"": ""Bottom answer""}]"
2529,i2521,FMT-WHAT DOES THIS SIGN MEAN?,numeric,NOMINAL,-6.0 thru -4.0 and -3.0,"[{""value"": ""-6.0"", ""label"": ""No questionnaire""}, {""value"": ""-4.0"", ""label"": ""More than 1 answer""}, {""value"": ""-3.0"", ""label"": ""NS/No response""}, {""value"": ""1.0"", ""label"": ""Top answer""}, {""value"": ""2.0"", ""label"": ""2nd answer from top""}, {""value"": ""3.0"", ""label"": ""3rd answer from top""}, {""value"": ""4.0"", ""label"": ""4th answer from top""}, {""value"": ""5.0"", ""label"": ""Bottom answer""}]"
2530,i2522,FMT-ALL THESE NUMBER SENTENCES ARE FIBS EXCEPT ONE,numeric,NOMINAL,-6.0 thru -4.0 and -3.0,"[{""value"": ""-6.0"", ""label"": ""No questionnaire""}, {""value"": ""-4.0"", ""label"": ""More than 1 answer""}, {""value"": ""-3.0"", ""label"": ""NS/No response""}, {""value"": ""1.0"", ""label"": ""Top answer""}, {""value"": ""2.0"", ""label"": ""2nd answer from top""}, {""value"": ""3.0"", ""label"": ""3rd answer from top""}, {""value"": ""4.0"", ""label"": ""4th answer from top""}, {""value"": ""5.0"", ""label"": ""Bottom answer""}]"
2531,i2523,FMT-WHAT IS THIRTY FIVE IN FIGURES?,numeric,NOMINAL,-6.0 thru -4.0 and -3.0,"[{""value"": ""-6.0"", ""label"": ""No questionnaire""}, {""value"": ""-4.0"", ""label"": ""More than 1 answer""}, {""value"": ""-3.0"", ""label"": ""NS/No response""}, {""value"": ""1.0"", ""label"": ""Top answer""}, {""value"": ""2.0"", ""label"": ""2nd answer from top""}, {""value"": ""3.0"", ""label"": ""3rd answer from top""}, {""value"": ""4.0"", ""label"": ""4th answer from top""}, {""value"": ""5.0"", ""label"": ""Bottom answer""}]"
2532,i2524,FMT-THE 0 IN 703 MEANS...,numeric,NOMINAL,-6.0 thru -4.0 and -3.0,"[{""value"": ""-6.0"", ""label"": ""No questionnaire""}, {""value"": ""-4.0"", ""label"": ""More than 1 answer""}, {""value"": ""-3.0"", ""label"": ""NS/No response""}, {""value"": ""1.0"", ""label"": ""Top answer""}, {""value"": ""2.0"", ""label"": ""2nd answer from top""}, {""value"": ""3.0"", ""label"": ""3rd answer from top""}, {""value"": ""4.0"", ""label"": ""4th answer from top""}, {""value"": ""5.0"", ""label"": ""Bottom answer""}]"
2533,i2525,FMT-HOW MANY TENS ARE THERE IN THIS NUMBER?,numeric,NOMINAL,-6.0 thru -4.0 and -3.0,"[{""value"": ""-6.0"", ""label"": ""No questionnaire""}, {""value"": ""-4.0"", ""label"": ""More than 1 answer""}, {""value"": ""-3.0"", ""label"": ""NS/No response""}, {""value"": ""1.0"", ""label"": ""Top answer""}, {""value"": ""2.0"", ""label"": ""2nd answer from top""}, {""value"": ""3.0"", ""label"": ""3rd answer from top""}, {""value"": ""4.0"", ""label"": ""4th answer from top""}, {""value"": ""5.0"", ""label"": ""Bottom answer""}]"
2534,i2526,FMT-THE MILEOMETER IN A CAR SHOWS THE DISTANCE IN ...,numeric,NOMINAL,-6.0 thru -4.0 and -3.0,"[{""value"": ""-6.0"", ""label"": ""No questionnaire""}, {""value"": ""-4.0"", ""label"": ""More than 1 answer""}, {""value"": ""-3.0"", ""label"": ""NS/No response""}, {""value"": ""1.0"", ""label"": ""Top answer""}, {""value"": ""2.0"", ""label"": ""2nd answer from top""}, {""value"": ""3.0"", ""label"": ""3rd answer from top""}, {""value"": ""4.0"", ""label"": ""4th answer from top""}, {""value"": ""5.0"", ""label"": ""Bottom answer""}]"
2535,i2527,FMT-45% ARE BOYS. WHAT % ARE GIRLS?,numeric,NOMINAL,-6.0 thru -4.0 and -3.0,"[{""value"": ""-6.0"", ""label"": ""No questionnaire""}, {""value"": ""-4.0"", ""label"": ""More than 1 answer""}, {""value"": ""-3.0"", ""label"": ""NS/No response""}, {""value"": ""1.0"", ""label"": ""Top answer""}, {""value"": ""2.0"", ""label"": ""2nd answer from top""}, {""value"": ""3.0"", ""label"": ""3rd answer from top""}, {""value"": ""4.0"", ""label"": ""4th answer from top""}, {""value"": ""5.0"", ""label"": ""Bottom answer""}]"
2536,i2528,FMT-DO YOU KNOW WHAT 75% IS AS A FRACTION?,numeric,NOMINAL,-6.0 thru -4.0 and -3.0,"[{""value"": ""-6.0"", ""label"": ""No questionnaire""}, {""value"": ""-4.0"", ""label"": ""More than 1 answer""}, {""value"": ""-3.0"", ""label"": ""NS/No response""}, {""value"": ""1.0"", ""label"": ""Top answer""}, {""value"": ""2.0"", ""label"": ""2nd answer from top""}, {""value"": ""3.0"", ""label"": ""3rd answer from top""}, {""value"": ""4.0"", ""label"": ""4th answer from top""}, {""value"": ""5.0"", ""label"": ""Bottom answer""}]"
2537,i2529,FMT-SMALLEST NUMBER?,numeric,NOMINAL,-6.0 thru -4.0 and -3.0,"[{""value"": ""-6.0"", ""label"": ""No questionnaire""}, {""value"": ""-4.0"", ""label"": ""More than 1 answer""}, {""value"": ""-3.0"", ""label"": ""NS/No response""}, {""value"": ""1.0"", ""label"": ""Top answer""}, {""value"": ""2.0"", ""label"": ""2nd answer from top""}, {""value"": ""3.0"", ""label"": ""3rd answer from top""}, {""value"": ""4.0"", ""label"": ""4th answer from top""}, {""value"": ""5.0"", ""label"": ""Bottom answer""}]"
2538,i2530,FMT-2 OVER 10 =,numeric,NOMINAL,-6.0 thru -4.0 and -3.0,"[{""value"": ""-6.0"", ""label"": ""No questionnaire""}, {""value"": ""-4.0"", ""label"": ""More than 1 answer""}, {""value"": ""-3.0"", ""label"": ""NS/No response""}, {""value"": ""1.0"", ""label"": ""Top answer""}, {""value"": ""2.0"", ""label"": ""2nd answer from top""}, {""value"": ""3.0"", ""label"": ""3rd answer from top""}, {""value"": ""4.0"", ""label"": ""4th answer from top""}, {""value"": ""5.0"", ""label"": ""Bottom answer""}]"
2539,i2531,FMT-PLEASE ADD 1/2 + 1/2,numeric,NOMINAL,-6.0 thru -4.0 and -3.0,"[{""value"": ""-6.0"", ""label"": ""No questionnaire""}, {""value"": ""-4.0"", ""label"": ""More than 1 answer""}, {""value"": ""-3.0"", ""label"": ""NS/No response""}, {""value"": ""1.0"", ""label"": ""Top answer""}, {""value"": ""2.0"", ""label"": ""2nd answer from top""}, {""value"": ""3.0"", ""label"": ""3rd answer from top""}, {""value"": ""4.0"", ""label"": ""4th answer from top""}, {""value"": ""5.0"", ""label"": ""Bottom answer""}]"
2540,i2532,FMT-WHAT FRACTION IS SHADED?,numeric,NOMINAL,-6.0 thru -4.0 and -3.0,"[{""value"": ""-6.0"", ""label"": ""No questionnaire""}, {""value"": ""-4.0"", ""label"": ""More than 1 answer""}, {""value"": ""-3.0"", ""label"": ""NS/No response""}, {""value"": ""1.0"", ""label"": ""Top answer""}, {""value"": ""2.0"", ""label"": ""2nd answer from top""}, {""value"": ""3.0"", ""label"": ""3rd answer from top""}, {""value"": ""4.0"", ""label"": ""4th answer from top""}, {""value"": ""5.0"", ""label"": ""Bottom answer""}]"
2541,i2533,FMT-WHAT IS 1/4 OF 8?,numeric,NOMINAL,-6.0 thru -4.0 and -3.0,"[{""value"": ""-6.0"", ""label"": ""No questionnaire""}, {""value"": ""-4.0"", ""label"": ""More than 1 answer""}, {""value"": ""-3.0"", ""label"": ""NS/No response""}, {""value"": ""1.0"", ""label"": ""Top answer""}, {""value"": ""2.0"", ""label"": ""2nd answer from top""}, {""value"": ""3.0"", ""label"": ""3rd answer from top""}, {""value"": ""4.0"", ""label"": ""4th answer from top""}, {""value"": ""5.0"", ""label"": ""Bottom answer""}]"
2542,i2534,FMT-WHICH FRACTION IS LARGEST?,numeric,NOMINAL,-6.0 thru -4.0 and -3.0,"[{""value"": ""-6.0"", ""label"": ""No questionnaire""}, {""value"": ""-4.0"", ""label"": ""More than 1 answer""}, {""value"": ""-3.0"", ""label"": ""NS/No response""}, {""value"": ""1.0"", ""label"": ""Top answer""}, {""value"": ""2.0"", ""label"": ""2nd answer from top""}, {""value"": ""3.0"", ""label"": ""3rd answer from top""}, {""value"": ""4.0"", ""label"": ""4th answer from top""}, {""value"": ""5.0"", ""label"": ""Bottom answer""}]"
2543,i2535,FMT-6/12 IS THE SAME AS...,numeric,NOMINAL,-6.0 thru -4.0 and -3.0,"[{""value"": ""-6.0"", ""label"": ""No questionnaire""}, {""value"": ""-4.0"", ""label"": ""More than 1 answer""}, {""value"": ""-3.0"", ""label"": ""NS/No response""}, {""value"": ""1.0"", ""label"": ""Top answer""}, {""value"": ""2.0"", ""label"": ""2nd answer from top""}, {""value"": ""3.0"", ""label"": ""3rd answer from top""}, {""value"": ""4.0"", ""label"": ""4th answer from top""}, {""value"": ""5.0"", ""label"": ""Bottom answer""}]"
2544,i2536,FMT-THESE NUMBERS ARE ALL ANSWERS IN WHICH TIMES TABLE?,numeric,NOMINAL,-6.0 thru -4.0 and -3.0,"[{""value"": ""-6.0"", ""label"": ""No questionnaire""}, {""value"": ""-4.0"", ""label"": ""More than 1 answer""}, {""value"": ""-3.0"", ""label"": ""NS/No response""}, {""value"": ""1.0"", ""label"": ""Top answer""}, {""value"": ""2.0"", ""label"": ""2nd answer from top""}, {""value"": ""3.0"", ""label"": ""3rd answer from top""}, {""value"": ""4.0"", ""label"": ""4th answer from top""}, {""value"": ""5.0"", ""label"": ""Bottom answer""}]"
2545,i2537,FMT-I'D LIKE TO KNOW THE NEXT NUMBER IN THIS SEQUENCE,numeric,NOMINAL,-6.0 thru -4.0 and -3.0,"[{""value"": ""-6.0"", ""label"": ""No questionnaire""}, {""value"": ""-4.0"", ""label"": ""More than 1 answer""}, {""value"": ""-3.0"", ""label"": ""NS/No response""}, {""value"": ""1.0"", ""label"": ""Top answer""}, {""value"": ""2.0"", ""label"": ""2nd answer from top""}, {""value"": ""3.0"", ""label"": ""3rd answer from top""}, {""value"": ""4.0"", ""label"": ""4th answer from top""}, {""value"": ""5.0"", ""label"": ""Bottom answer""}]"
2546,i2538,FMT-WHAT BASE DO WE NORMALLY USE?,numeric,NOMINAL,-6.0 thru -4.0 and -3.0,"[{""value"": ""-6.0"", ""label"": ""No questionnaire""}, {""value"": ""-4.0"", ""label"": ""More than 1 answer""}, {""value"": ""-3.0"", ""label"": ""NS/No response""}, {""value"": ""1.0"", ""label"": ""Top answer""}, {""value"": ""2.0"", ""label"": ""2nd answer from top""}, {""value"": ""3.0"", ""label"": ""3rd answer from top""}, {""value"": ""4.0"", ""label"": ""4th answer from top""}, {""value"": ""5.0"", ""label"": ""Bottom answer""}]"
2547,i2539,FMT-ROUND OFF 3109 TO THE NEAREST HUNDRED PLEASE,numeric,SCALE,NA,"[{""value"": ""-6.0"", ""label"": ""No questionnaire""}, {""value"": ""-4.0"", ""label"": ""More than 1 answer""}, {""value"": ""-3.0"", ""label"": ""NS/No response""}, {""value"": ""1.0"", ""label"": ""Top answer""}, {""value"": ""2.0"", ""label"": ""2nd answer from top""}, {""value"": ""3.0"", ""label"": ""3rd answer from top""}, {""value"": ""4.0"", ""label"": ""4th answer from top""}, {""value"": ""5.0"", ""label"": ""Bottom answer""}]"
2548,i2540,FMT-WHAT'S THE TIME PLEASE MISTER?,numeric,NOMINAL,-6.0 thru -4.0 and -3.0,"[{""value"": ""-6.0"", ""label"": ""No questionnaire""}, {""value"": ""-4.0"", ""label"": ""More than 1 answer""}, {""value"": ""-3.0"", ""label"": ""NS/No response""}, {""value"": ""1.0"", ""label"": ""Top answer""}, {""value"": ""2.0"", ""label"": ""2nd answer from top""}, {""value"": ""3.0"", ""label"": ""3rd answer from top""}, {""value"": ""4.0"", ""label"": ""4th answer from top""}, {""value"": ""5.0"", ""label"": ""Bottom answer""}]"
2549,i2541,FMT-YOUR TRAIN IS DUE 10.52. IT IS NOW 9.05. HOW LONG DO YOU HAV,numeric,NOMINAL,-6.0 thru -4.0 and -3.0,"[{""value"": ""-6.0"", ""label"": ""No questionnaire""}, {""value"": ""-4.0"", ""label"": ""More than 1 answer""}, {""value"": ""-3.0"", ""label"": ""NS/No response""}, {""value"": ""1.0"", ""label"": ""Top answer""}, {""value"": ""2.0"", ""label"": ""2nd answer from top""}, {""value"": ""3.0"", ""label"": ""3rd answer from top""}, {""value"": ""4.0"", ""label"": ""4th answer from top""}, {""value"": ""5.0"", ""label"": ""Bottom answer""}]"
2550,i2542,"FMT-IF YOU LEFT ON THE 9.50 TRAIN FROM KING'S CROSS, HOW LONG WO",numeric,NOMINAL,-6.0 thru -4.0 and -3.0,"[{""value"": ""-6.0"", ""label"": ""No questionnaire""}, {""value"": ""-4.0"", ""label"": ""More than 1 answer""}, {""value"": ""-3.0"", ""label"": ""NS/No response""}, {""value"": ""1.0"", ""label"": ""Top answer""}, {""value"": ""2.0"", ""label"": ""2nd answer from top""}, {""value"": ""3.0"", ""label"": ""3rd answer from top""}, {""value"": ""4.0"", ""label"": ""4th answer from top""}, {""value"": ""5.0"", ""label"": ""Bottom answer""}]"
2551,i2543,FMT-WHICH LINE IS SHORTEST?,numeric,NOMINAL,-6.0 thru -4.0 and -3.0,"[{""value"": ""-6.0"", ""label"": ""No questionnaire""}, {""value"": ""-4.0"", ""label"": ""More than 1 answer""}, {""value"": ""-3.0"", ""label"": ""NS/No response""}, {""value"": ""1.0"", ""label"": ""Top answer""}, {""value"": ""2.0"", ""label"": ""2nd answer from top""}, {""value"": ""3.0"", ""label"": ""3rd answer from top""}, {""value"": ""4.0"", ""label"": ""4th answer from top""}, {""value"": ""5.0"", ""label"": ""Bottom answer""}]"
2552,i2544,FMT-ESTIMATE THE HEIGHT OF YOUR CLASSROOM DOOR?,numeric,NOMINAL,-6.0 thru -4.0 and -3.0,"[{""value"": ""-6.0"", ""label"": ""No questionnaire""}, {""value"": ""-4.0"", ""label"": ""More than 1 answer""}, {""value"": ""-3.0"", ""label"": ""NS/No response""}, {""value"": ""1.0"", ""label"": ""Top answer""}, {""value"": ""2.0"", ""label"": ""2nd answer from top""}, {""value"": ""3.0"", ""label"": ""3rd answer from top""}, {""value"": ""4.0"", ""label"": ""4th answer from top""}, {""value"": ""5.0"", ""label"": ""Bottom answer""}]"
2553,i2545,"FMT-PLEASE TELL ME PLEASE, WHICH IS A UNIT OF AREA PLEASE!",numeric,NOMINAL,-6.0 thru -4.0 and -3.0,"[{""value"": ""-6.0"", ""label"": ""No questionnaire""}, {""value"": ""-4.0"", ""label"": ""More than 1 answer""}, {""value"": ""-3.0"", ""label"": ""NS/No response""}, {""value"": ""1.0"", ""label"": ""Top answer""}, {""value"": ""2.0"", ""label"": ""2nd answer from top""}, {""value"": ""3.0"", ""label"": ""3rd answer from top""}, {""value"": ""4.0"", ""label"": ""4th answer from top""}, {""value"": ""5.0"", ""label"": ""Bottom answer""}]"
2554,i2546,FMT-WHAT'S THE AREA OF THIS RECTANGLE?,numeric,NOMINAL,-6.0 thru -4.0 and -3.0,"[{""value"": ""-6.0"", ""label"": ""No questionnaire""}, {""value"": ""-4.0"", ""label"": ""More than 1 answer""}, {""value"": ""-3.0"", ""label"": ""NS/No response""}, {""value"": ""1.0"", ""label"": ""Top answer""}, {""value"": ""2.0"", ""label"": ""2nd answer from top""}, {""value"": ""3.0"", ""label"": ""3rd answer from top""}, {""value"": ""4.0"", ""label"": ""4th answer from top""}, {""value"": ""5.0"", ""label"": ""Bottom answer""}]"
2555,i2547,FMT-WHAT UNITS DO WE USE TO MEASURE THE CAPACITY OF THE BOTTLE?,numeric,NOMINAL,-6.0 thru -4.0 and -3.0,"[{""value"": ""-6.0"", ""label"": ""No questionnaire""}, {""value"": ""-4.0"", ""label"": ""More than 1 answer""}, {""value"": ""-3.0"", ""label"": ""NS/No response""}, {""value"": ""1.0"", ""label"": ""Top answer""}, {""value"": ""2.0"", ""label"": ""2nd answer from top""}, {""value"": ""3.0"", ""label"": ""3rd answer from top""}, {""value"": ""4.0"", ""label"": ""4th answer from top""}, {""value"": ""5.0"", ""label"": ""Bottom answer""}]"
2556,i2548,FMT-HOW MANY OF THESE CENTICUBES WOULD FIT INTO THIS BOX?,numeric,NOMINAL,-6.0 thru -4.0 and -3.0,"[{""value"": ""-6.0"", ""label"": ""No questionnaire""}, {""value"": ""-4.0"", ""label"": ""More than 1 answer""}, {""value"": ""-3.0"", ""label"": ""NS/No response""}, {""value"": ""1.0"", ""label"": ""Top answer""}, {""value"": ""2.0"", ""label"": ""2nd answer from top""}, {""value"": ""3.0"", ""label"": ""3rd answer from top""}, {""value"": ""4.0"", ""label"": ""4th answer from top""}, {""value"": ""5.0"", ""label"": ""Bottom answer""}]"
2557,i2549,FMT-UNIT OF VOLUME,numeric,NOMINAL,-6.0 thru -4.0 and -3.0,"[{""value"": ""-6.0"", ""label"": ""No questionnaire""}, {""value"": ""-4.0"", ""label"": ""More than 1 answer""}, {""value"": ""-3.0"", ""label"": ""NS/No response""}, {""value"": ""1.0"", ""label"": ""Top answer""}, {""value"": ""2.0"", ""label"": ""2nd answer from top""}, {""value"": ""3.0"", ""label"": ""3rd answer from top""}, {""value"": ""4.0"", ""label"": ""4th answer from top""}, {""value"": ""5.0"", ""label"": ""Bottom answer""}]"
2558,i2550,FMT-BUTTER COSTS 1 POUND PER KILOGRAM. HOW MUCH IS THIS PACK?,numeric,NOMINAL,-6.0 thru -4.0 and -3.0,"[{""value"": ""-6.0"", ""label"": ""No questionnaire""}, {""value"": ""-4.0"", ""label"": ""More than 1 answer""}, {""value"": ""-3.0"", ""label"": ""NS/No response""}, {""value"": ""1.0"", ""label"": ""Top answer""}, {""value"": ""2.0"", ""label"": ""2nd answer from top""}, {""value"": ""3.0"", ""label"": ""3rd answer from top""}, {""value"": ""4.0"", ""label"": ""4th answer from top""}, {""value"": ""5.0"", ""label"": ""Bottom answer""}]"
2559,i2551,FMT-HOW HEAVY ARE THE APPLES?,numeric,NOMINAL,-6.0 thru -4.0 and -3.0,"[{""value"": ""-6.0"", ""label"": ""No questionnaire""}, {""value"": ""-4.0"", ""label"": ""More than 1 answer""}, {""value"": ""-3.0"", ""label"": ""NS/No response""}, {""value"": ""1.0"", ""label"": ""Top answer""}, {""value"": ""2.0"", ""label"": ""2nd answer from top""}, {""value"": ""3.0"", ""label"": ""3rd answer from top""}, {""value"": ""4.0"", ""label"": ""4th answer from top""}, {""value"": ""5.0"", ""label"": ""Bottom answer""}]"
2560,i2552,FMT-THE BIRD BATH HAS FROZEN. HOW COLD IS IT?,numeric,NOMINAL,-6.0 thru -4.0 and -3.0,"[{""value"": ""-6.0"", ""label"": ""No questionnaire""}, {""value"": ""-4.0"", ""label"": ""More than 1 answer""}, {""value"": ""-3.0"", ""label"": ""NS/No response""}, {""value"": ""1.0"", ""label"": ""Top answer""}, {""value"": ""2.0"", ""label"": ""2nd answer from top""}, {""value"": ""3.0"", ""label"": ""3rd answer from top""}, {""value"": ""4.0"", ""label"": ""4th answer from top""}, {""value"": ""5.0"", ""label"": ""Bottom answer""}]"
2561,i2553,FMT-YOU HAVE THESE COINS. WHICH OTHERS DO YOU NEED TO BUY A CONE,numeric,NOMINAL,-6.0 thru -4.0 and -3.0,"[{""value"": ""-6.0"", ""label"": ""No questionnaire""}, {""value"": ""-4.0"", ""label"": ""More than 1 answer""}, {""value"": ""-3.0"", ""label"": ""NS/No response""}, {""value"": ""1.0"", ""label"": ""Top answer""}, {""value"": ""2.0"", ""label"": ""2nd answer from top""}, {""value"": ""3.0"", ""label"": ""3rd answer from top""}, {""value"": ""4.0"", ""label"": ""4th answer from top""}, {""value"": ""5.0"", ""label"": ""Bottom answer""}]"
2562,i2554,"FMT-IF 1 POUND IS WORTH 2.31 DOLLARS, HOW MANY DOLLARS WOULD YOU",numeric,NOMINAL,-6.0 thru -4.0 and -3.0,"[{""value"": ""-6.0"", ""label"": ""No questionnaire""}, {""value"": ""-4.0"", ""label"": ""More than 1 answer""}, {""value"": ""-3.0"", ""label"": ""NS/No response""}, {""value"": ""1.0"", ""label"": ""Top answer""}, {""value"": ""2.0"", ""label"": ""2nd answer from top""}, {""value"": ""3.0"", ""label"": ""3rd answer from top""}, {""value"": ""4.0"", ""label"": ""4th answer from top""}, {""value"": ""5.0"", ""label"": ""Bottom answer""}]"
2563,i2555,FMT-WHAT IS THE LEAST NUMBER OF COINS YOU COULD USE TO MAKE 38P?,numeric,NOMINAL,-6.0 thru -4.0 and -3.0,"[{""value"": ""-6.0"", ""label"": ""No questionnaire""}, {""value"": ""-4.0"", ""label"": ""More than 1 answer""}, {""value"": ""-3.0"", ""label"": ""NS/No response""}, {""value"": ""1.0"", ""label"": ""Top answer""}, {""value"": ""2.0"", ""label"": ""2nd answer from top""}, {""value"": ""3.0"", ""label"": ""3rd answer from top""}, {""value"": ""4.0"", ""label"": ""4th answer from top""}, {""value"": ""5.0"", ""label"": ""Bottom answer""}]"
2564,i2556,"FMT-IF A=3, B=4 & C=5, WHAT IS A+B+C?",numeric,NOMINAL,-6.0 thru -4.0 and -3.0,"[{""value"": ""-6.0"", ""label"": ""No questionnaire""}, {""value"": ""-4.0"", ""label"": ""More than 1 answer""}, {""value"": ""-3.0"", ""label"": ""NS/No response""}, {""value"": ""1.0"", ""label"": ""Top answer""}, {""value"": ""2.0"", ""label"": ""2nd answer from top""}, {""value"": ""3.0"", ""label"": ""3rd answer from top""}, {""value"": ""4.0"", ""label"": ""4th answer from top""}, {""value"": ""5.0"", ""label"": ""Bottom answer""}]"
2565,i2557,FMT-AMANDA ATE TWICE AS MANY LOLLIES AS WAYNE. IF THEY ATE 6 ALT,numeric,NOMINAL,-6.0 thru -4.0 and -3.0,"[{""value"": ""-6.0"", ""label"": ""No questionnaire""}, {""value"": ""-4.0"", ""label"": ""More than 1 answer""}, {""value"": ""-3.0"", ""label"": ""NS/No response""}, {""value"": ""1.0"", ""label"": ""Top answer""}, {""value"": ""2.0"", ""label"": ""2nd answer from top""}, {""value"": ""3.0"", ""label"": ""3rd answer from top""}, {""value"": ""4.0"", ""label"": ""4th answer from top""}, {""value"": ""5.0"", ""label"": ""Bottom answer""}]"
2566,i2558,FMT-MARY IS 32CM SHORTER THAN PETER. PETER IS 21CM TALLER THAN D,numeric,NOMINAL,-6.0 thru -4.0 and -3.0,"[{""value"": ""-6.0"", ""label"": ""No questionnaire""}, {""value"": ""-4.0"", ""label"": ""More than 1 answer""}, {""value"": ""-3.0"", ""label"": ""NS/No response""}, {""value"": ""1.0"", ""label"": ""Top answer""}, {""value"": ""2.0"", ""label"": ""2nd answer from top""}, {""value"": ""3.0"", ""label"": ""3rd answer from top""}, {""value"": ""4.0"", ""label"": ""4th answer from top""}, {""value"": ""5.0"", ""label"": ""Bottom answer""}]"
2567,i2559,FMT-WHERE WOULD THIS GO?,numeric,NOMINAL,-6.0 thru -4.0 and -3.0,"[{""value"": ""-6.0"", ""label"": ""No questionnaire""}, {""value"": ""-4.0"", ""label"": ""More than 1 answer""}, {""value"": ""-3.0"", ""label"": ""NS/No response""}, {""value"": ""1.0"", ""label"": ""Top answer""}, {""value"": ""2.0"", ""label"": ""2nd answer from top""}, {""value"": ""3.0"", ""label"": ""3rd answer from top""}, {""value"": ""4.0"", ""label"": ""4th answer from top""}, {""value"": ""5.0"", ""label"": ""Bottom answer""}]"
2568,i2560,FMT-THIS RELATION IS - IS 3 TIMES-. WHAT IS THE MISSING NUMBER?,numeric,NOMINAL,-6.0 thru -4.0 and -3.0,"[{""value"": ""-6.0"", ""label"": ""No questionnaire""}, {""value"": ""-4.0"", ""label"": ""More than 1 answer""}, {""value"": ""-3.0"", ""label"": ""NS/No response""}, {""value"": ""1.0"", ""label"": ""Top answer""}, {""value"": ""2.0"", ""label"": ""2nd answer from top""}, {""value"": ""3.0"", ""label"": ""3rd answer from top""}, {""value"": ""4.0"", ""label"": ""4th answer from top""}, {""value"": ""5.0"", ""label"": ""Bottom answer""}]"
2569,i2561,FMT-HELP ME WITH THE MISSING NUMBER PLEASE,numeric,NOMINAL,-6.0 thru -4.0 and -3.0,"[{""value"": ""-6.0"", ""label"": ""No questionnaire""}, {""value"": ""-4.0"", ""label"": ""More than 1 answer""}, {""value"": ""-3.0"", ""label"": ""NS/No response""}, {""value"": ""1.0"", ""label"": ""Top answer""}, {""value"": ""2.0"", ""label"": ""2nd answer from top""}, {""value"": ""3.0"", ""label"": ""3rd answer from top""}, {""value"": ""4.0"", ""label"": ""4th answer from top""}, {""value"": ""5.0"", ""label"": ""Bottom answer""}]"
2570,i2562,FMT-THE DIAMETER OF A BIKE WHEEL IS 50CM. ABOUT HOW FAR WILL IT,numeric,NOMINAL,-6.0 thru -4.0 and -3.0,"[{""value"": ""-6.0"", ""label"": ""No questionnaire""}, {""value"": ""-4.0"", ""label"": ""More than 1 answer""}, {""value"": ""-3.0"", ""label"": ""NS/No response""}, {""value"": ""1.0"", ""label"": ""Top answer""}, {""value"": ""2.0"", ""label"": ""2nd answer from top""}, {""value"": ""3.0"", ""label"": ""3rd answer from top""}, {""value"": ""4.0"", ""label"": ""4th answer from top""}, {""value"": ""5.0"", ""label"": ""Bottom answer""}]"
2571,i2563,FMT-THIS IS A...,numeric,NOMINAL,-6.0 thru -4.0 and -3.0,"[{""value"": ""-6.0"", ""label"": ""No questionnaire""}, {""value"": ""-4.0"", ""label"": ""More than 1 answer""}, {""value"": ""-3.0"", ""label"": ""NS/No response""}, {""value"": ""1.0"", ""label"": ""Top answer""}, {""value"": ""2.0"", ""label"": ""2nd answer from top""}, {""value"": ""3.0"", ""label"": ""3rd answer from top""}, {""value"": ""4.0"", ""label"": ""4th answer from top""}, {""value"": ""5.0"", ""label"": ""Bottom answer""}]"
2572,i2564,FMT-DO YOU KNOW THE SIZE OF THIS ANGLE?,numeric,NOMINAL,-6.0 thru -4.0 and -3.0,"[{""value"": ""-6.0"", ""label"": ""No questionnaire""}, {""value"": ""-4.0"", ""label"": ""More than 1 answer""}, {""value"": ""-3.0"", ""label"": ""NS/No response""}, {""value"": ""1.0"", ""label"": ""Top answer""}, {""value"": ""2.0"", ""label"": ""2nd answer from top""}, {""value"": ""3.0"", ""label"": ""3rd answer from top""}, {""value"": ""4.0"", ""label"": ""4th answer from top""}, {""value"": ""5.0"", ""label"": ""Bottom answer""}]"
2573,i2565,FMT-WHICH ANGLE DO YOU THINK IS SMALLEST?,numeric,NOMINAL,-6.0 thru -4.0 and -3.0,"[{""value"": ""-6.0"", ""label"": ""No questionnaire""}, {""value"": ""-4.0"", ""label"": ""More than 1 answer""}, {""value"": ""-3.0"", ""label"": ""NS/No response""}, {""value"": ""1.0"", ""label"": ""Top answer""}, {""value"": ""2.0"", ""label"": ""2nd answer from top""}, {""value"": ""3.0"", ""label"": ""3rd answer from top""}, {""value"": ""4.0"", ""label"": ""4th answer from top""}, {""value"": ""5.0"", ""label"": ""Bottom answer""}]"
2574,i2566,FMT-THE LINES ON THE 1KM GRID ARE ROADS. YOU HAVE TO DRIVE FROM,numeric,NOMINAL,-6.0 thru -4.0 and -3.0,"[{""value"": ""-6.0"", ""label"": ""No questionnaire""}, {""value"": ""-4.0"", ""label"": ""More than 1 answer""}, {""value"": ""-3.0"", ""label"": ""NS/No response""}, {""value"": ""1.0"", ""label"": ""Top answer""}, {""value"": ""2.0"", ""label"": ""2nd answer from top""}, {""value"": ""3.0"", ""label"": ""3rd answer from top""}, {""value"": ""4.0"", ""label"": ""4th answer from top""}, {""value"": ""5.0"", ""label"": ""Bottom answer""}]"
2575,i2567,"FMT-NEWS FLASH!! A WRECK IS 6KM EAST, 3KM NORTH FROM THE LIGHTHO",numeric,NOMINAL,-6.0 thru -4.0 and -3.0,"[{""value"": ""-6.0"", ""label"": ""No questionnaire""}, {""value"": ""-4.0"", ""label"": ""More than 1 answer""}, {""value"": ""-3.0"", ""label"": ""NS/No response""}, {""value"": ""1.0"", ""label"": ""Top answer""}, {""value"": ""2.0"", ""label"": ""2nd answer from top""}, {""value"": ""3.0"", ""label"": ""3rd answer from top""}, {""value"": ""4.0"", ""label"": ""4th answer from top""}, {""value"": ""5.0"", ""label"": ""Bottom answer""}]"
2576,i2568,FMT-A SPY RECEIVES THIS MESSAGE: EHT DROWSSAP SI MIT. WHAT MUST,numeric,NOMINAL,-6.0 thru -4.0 and -3.0,"[{""value"": ""-6.0"", ""label"": ""No questionnaire""}, {""value"": ""-4.0"", ""label"": ""More than 1 answer""}, {""value"": ""-3.0"", ""label"": ""NS/No response""}, {""value"": ""1.0"", ""label"": ""Top answer""}, {""value"": ""2.0"", ""label"": ""2nd answer from top""}, {""value"": ""3.0"", ""label"": ""3rd answer from top""}, {""value"": ""4.0"", ""label"": ""4th answer from top""}, {""value"": ""5.0"", ""label"": ""Bottom answer""}]"
2577,i2569,FMT-ROTATE THIS A 1/4 TURN,numeric,NOMINAL,-6.0 thru -4.0 and -3.0,"[{""value"": ""-6.0"", ""label"": ""No questionnaire""}, {""value"": ""-4.0"", ""label"": ""More than 1 answer""}, {""value"": ""-3.0"", ""label"": ""NS/No response""}, {""value"": ""1.0"", ""label"": ""Top answer""}, {""value"": ""2.0"", ""label"": ""2nd answer from top""}, {""value"": ""3.0"", ""label"": ""3rd answer from top""}, {""value"": ""4.0"", ""label"": ""4th answer from top""}, {""value"": ""5.0"", ""label"": ""Bottom answer""}]"
2578,i2570,FMT-HOW MANY FACES HAS A CUBE?,numeric,NOMINAL,-6.0 thru -4.0 and -3.0,"[{""value"": ""-6.0"", ""label"": ""No questionnaire""}, {""value"": ""-4.0"", ""label"": ""More than 1 answer""}, {""value"": ""-3.0"", ""label"": ""NS/No response""}, {""value"": ""1.0"", ""label"": ""Top answer""}, {""value"": ""2.0"", ""label"": ""2nd answer from top""}, {""value"": ""3.0"", ""label"": ""3rd answer from top""}, {""value"": ""4.0"", ""label"": ""4th answer from top""}, {""value"": ""5.0"", ""label"": ""Bottom answer""}]"
2579,i2571,FMT-WHAT WOULD YOU CALL A LINE THAT GOES STRAIGHT DOWN?,numeric,NOMINAL,-6.0 thru -4.0 and -3.0,"[{""value"": ""-6.0"", ""label"": ""No questionnaire""}, {""value"": ""-4.0"", ""label"": ""More than 1 answer""}, {""value"": ""-3.0"", ""label"": ""NS/No response""}, {""value"": ""1.0"", ""label"": ""Top answer""}, {""value"": ""2.0"", ""label"": ""2nd answer from top""}, {""value"": ""3.0"", ""label"": ""3rd answer from top""}, {""value"": ""4.0"", ""label"": ""4th answer from top""}, {""value"": ""5.0"", ""label"": ""Bottom answer""}]"
2580,i2572,FMT-THIS PIE CHART SHOWS HOW I SPENT MY POCKET MONEY. WHAT DID I,numeric,NOMINAL,-6.0 thru -4.0 and -3.0,"[{""value"": ""-6.0"", ""label"": ""No questionnaire""}, {""value"": ""-4.0"", ""label"": ""More than 1 answer""}, {""value"": ""-3.0"", ""label"": ""NS/No response""}, {""value"": ""1.0"", ""label"": ""Top answer""}, {""value"": ""2.0"", ""label"": ""2nd answer from top""}, {""value"": ""3.0"", ""label"": ""3rd answer from top""}, {""value"": ""4.0"", ""label"": ""4th answer from top""}, {""value"": ""5.0"", ""label"": ""Bottom answer""}]"
2581,i2573,FMT-HOW MANY GIRLS SUPPORT LIVERPOOL?,numeric,NOMINAL,-6.0 thru -4.0 and -3.0,"[{""value"": ""-6.0"", ""label"": ""No questionnaire""}, {""value"": ""-4.0"", ""label"": ""More than 1 answer""}, {""value"": ""-3.0"", ""label"": ""NS/No response""}, {""value"": ""1.0"", ""label"": ""Top answer""}, {""value"": ""2.0"", ""label"": ""2nd answer from top""}, {""value"": ""3.0"", ""label"": ""3rd answer from top""}, {""value"": ""4.0"", ""label"": ""4th answer from top""}, {""value"": ""5.0"", ""label"": ""Bottom answer""}]"
2582,i2574,FMT-YOU ROLL THE DIE ONCE. WHAT IS YOUR CHANCE OF GETTING A 6?,numeric,NOMINAL,-6.0 thru -4.0 and -3.0,"[{""value"": ""-6.0"", ""label"": ""No questionnaire""}, {""value"": ""-4.0"", ""label"": ""More than 1 answer""}, {""value"": ""-3.0"", ""label"": ""NS/No response""}, {""value"": ""1.0"", ""label"": ""Top answer""}, {""value"": ""2.0"", ""label"": ""2nd answer from top""}, {""value"": ""3.0"", ""label"": ""3rd answer from top""}, {""value"": ""4.0"", ""label"": ""4th answer from top""}, {""value"": ""5.0"", ""label"": ""Bottom answer""}]"
2583,i2575,FMT-THIS IS A LINE GRAPH OF A PLANT'S GROWTH. ON WHICH DAY DID,numeric,NOMINAL,-6.0 thru -4.0 and -3.0,"[{""value"": ""-6.0"", ""label"": ""No questionnaire""}, {""value"": ""-4.0"", ""label"": ""More than 1 answer""}, {""value"": ""-3.0"", ""label"": ""NS/No response""}, {""value"": ""1.0"", ""label"": ""Top answer""}, {""value"": ""2.0"", ""label"": ""2nd answer from top""}, {""value"": ""3.0"", ""label"": ""3rd answer from top""}, {""value"": ""4.0"", ""label"": ""4th answer from top""}, {""value"": ""5.0"", ""label"": ""Bottom answer""}, {""value"": ""8.0"", ""label"": ""More than 1 answer""}, {""value"": ""9.0"", ""label"": ""No response""}]"
2584,i2576,FMT-CODER CODE,numeric,NOMINAL,-3.0 thru -6.0 and -7.0,"[{""value"": ""-7.0"", ""label"": ""Blank""}, {""value"": ""-6.0"", ""label"": ""No questionnaire""}]"
2585,i3003,ERT-PAGE 1 - TEAPOT,numeric,NOMINAL,-6.0 thru -4.0 and -3.0,"[{""value"": ""-6.0"", ""label"": ""No questionnaire""}, {""value"": ""-4.0"", ""label"": ""More than 1 answer""}, {""value"": ""-3.0"", ""label"": ""NS/No response""}, {""value"": ""1.0"", ""label"": ""Top left response""}, {""value"": ""2.0"", ""label"": ""Top right response""}, {""value"": ""3.0"", ""label"": ""Bottom left response""}, {""value"": ""4.0"", ""label"": ""Bottom right response""}]"
2586,i3004,ERT-PAGE 1 - GIRL,numeric,NOMINAL,-6.0 thru -4.0 and -3.0,"[{""value"": ""-6.0"", ""label"": ""No questionnaire""}, {""value"": ""-4.0"", ""label"": ""More than 1 answer""}, {""value"": ""-3.0"", ""label"": ""NS/No response""}, {""value"": ""1.0"", ""label"": ""Top left response""}, {""value"": ""2.0"", ""label"": ""Top right response""}, {""value"": ""3.0"", ""label"": ""Bottom left response""}, {""value"": ""4.0"", ""label"": ""Bottom right response""}]"
2587,i3005,ERT-PAGE 1 - BOAT,numeric,NOMINAL,-6.0 thru -4.0 and -3.0,"[{""value"": ""-6.0"", ""label"": ""No questionnaire""}, {""value"": ""-4.0"", ""label"": ""More than 1 answer""}, {""value"": ""-3.0"", ""label"": ""NS/No response""}, {""value"": ""1.0"", ""label"": ""Top left response""}, {""value"": ""2.0"", ""label"": ""Top right response""}, {""value"": ""3.0"", ""label"": ""Bottom left response""}, {""value"": ""4.0"", ""label"": ""Bottom right response""}]"
2588,i3006,ERT-PAGE 1 - PARACHUTE,numeric,NOMINAL,-6.0 thru -4.0 and -3.0,"[{""value"": ""-6.0"", ""label"": ""No questionnaire""}, {""value"": ""-4.0"", ""label"": ""More than 1 answer""}, {""value"": ""-3.0"", ""label"": ""NS/No response""}, {""value"": ""1.0"", ""label"": ""Top left response""}, {""value"": ""2.0"", ""label"": ""Top right response""}, {""value"": ""3.0"", ""label"": ""Bottom left response""}, {""value"": ""4.0"", ""label"": ""Bottom right response""}]"
2589,i3007,ERT-PAGE 1 - TRACTOR,numeric,NOMINAL,-6.0 thru -4.0 and -3.0,"[{""value"": ""-6.0"", ""label"": ""No questionnaire""}, {""value"": ""-4.0"", ""label"": ""More than 1 answer""}, {""value"": ""-3.0"", ""label"": ""NS/No response""}, {""value"": ""1.0"", ""label"": ""Top left response""}, {""value"": ""2.0"", ""label"": ""Top right response""}, {""value"": ""3.0"", ""label"": ""Bottom left response""}, {""value"": ""4.0"", ""label"": ""Bottom right response""}]"
2590,i3008,ERT-P2-PHILLIP BORROWED OFF MY BICYCLE,numeric,NOMINAL,-3.0 thru -4.0 and -6.0,"[{""value"": ""-6.0"", ""label"": ""NO QUESTIONNAIRE""}, {""value"": ""-4.0"", ""label"": ""More than 1 answer""}, {""value"": ""-3.0"", ""label"": ""NS/No response""}, {""value"": ""1.0"", ""label"": ""PHILIP""}, {""value"": ""2.0"", ""label"": ""BORROWED""}, {""value"": ""3.0"", ""label"": ""OFF""}, {""value"": ""4.0"", ""label"": ""MY""}, {""value"": ""5.0"", ""label"": ""BICYCLE""}]"
2591,i3009,"ERT-P2-IN THE SUMMER, WE PLAY OUT IN THE PARK",numeric,NOMINAL,-3.0 thru -4.0 and -6.0,"[{""value"": ""-6.0"", ""label"": ""NO QUESTIONNAIRE""}, {""value"": ""-4.0"", ""label"": ""More than 1 answer""}, {""value"": ""-3.0"", ""label"": ""NS/No response""}, {""value"": ""1.0"", ""label"": ""IN""}, {""value"": ""2.0"", ""label"": ""THE""}, {""value"": ""3.0"", ""label"": ""SUMMER""}, {""value"": ""4.0"", ""label"": ""WE""}, {""value"": ""5.0"", ""label"": ""PLAY""}, {""value"": ""6.0"", ""label"": ""IN""}, {""value"": ""7.0"", ""label"": ""OUT""}, {""value"": ""8.0"", ""label"": ""THE""}, {""value"": ""9.0"", ""label"": ""PARK""}]"
2592,i3010,ERT-P2-I HAVE JUST BEEN ON AWAY HOLIDAY,numeric,NOMINAL,-3.0 thru -4.0 and -6.0,"[{""value"": ""-6.0"", ""label"": ""NO QUESTIONNAIRE""}, {""value"": ""-4.0"", ""label"": ""More than 1 answer""}, {""value"": ""-3.0"", ""label"": ""NS/No response""}, {""value"": ""1.0"", ""label"": ""I""}, {""value"": ""2.0"", ""label"": ""HAVE""}, {""value"": ""3.0"", ""label"": ""JUST""}, {""value"": ""4.0"", ""label"": ""BEEN""}, {""value"": ""5.0"", ""label"": ""ON""}, {""value"": ""6.0"", ""label"": ""AWAY""}, {""value"": ""7.0"", ""label"": ""HOLIDAY""}]"
2593,i3011,ERT-P2-WHY ARE YOUR NOSE FEET DIRTY?,numeric,NOMINAL,-3.0 thru -4.0 and -6.0,"[{""value"": ""-6.0"", ""label"": ""NO QUESTIONNAIRE""}, {""value"": ""-4.0"", ""label"": ""More than 1 answer""}, {""value"": ""-3.0"", ""label"": ""NS/No response""}, {""value"": ""1.0"", ""label"": ""WHY""}, {""value"": ""2.0"", ""label"": ""ARE""}, {""value"": ""3.0"", ""label"": ""YOUR""}, {""value"": ""4.0"", ""label"": ""NOSE""}, {""value"": ""5.0"", ""label"": ""FEET""}, {""value"": ""6.0"", ""label"": ""DIRTY""}]"
2594,i3012,ERT-P2-GIVE YOUR BALL NEEDS BLOWING UP,numeric,NOMINAL,-3.0 thru -4.0 and -6.0,"[{""value"": ""-6.0"", ""label"": ""NO QUESTIONNAIRE""}, {""value"": ""-4.0"", ""label"": ""More than 1 answer""}, {""value"": ""-3.0"", ""label"": ""NS/No response""}, {""value"": ""1.0"", ""label"": ""GIVE""}, {""value"": ""2.0"", ""label"": ""YOUR""}, {""value"": ""3.0"", ""label"": ""BALL""}, {""value"": ""4.0"", ""label"": ""NEEDS""}, {""value"": ""5.0"", ""label"": ""BLOWING""}, {""value"": ""6.0"", ""label"": ""UP""}]"
2595,i3013,ERT-P2-HOW DID YOU GET SO WET?,numeric,NOMINAL,-3.0 thru -4.0 and -6.0,"[{""value"": ""-6.0"", ""label"": ""NO QUESTIONNAIRE""}, {""value"": ""-4.0"", ""label"": ""More than 1 answer""}, {""value"": ""-3.0"", ""label"": ""NS/No response""}, {""value"": ""1.0"", ""label"": ""ANSWER A""}, {""value"": ""2.0"", ""label"": ""ANSWER B""}, {""value"": ""3.0"", ""label"": ""ANSWER C""}, {""value"": ""4.0"", ""label"": ""ANSWER D""}, {""value"": ""5.0"", ""label"": ""ANSWER E""}]"
2596,i3014,ERT-P2-WHAT WERE YOU DOING THERE?,numeric,NOMINAL,-3.0 thru -4.0 and -6.0,"[{""value"": ""-6.0"", ""label"": ""NO QUESTIONNAIRE""}, {""value"": ""-4.0"", ""label"": ""More than 1 answer""}, {""value"": ""-3.0"", ""label"": ""NS/No response""}, {""value"": ""1.0"", ""label"": ""ANSWER A""}, {""value"": ""2.0"", ""label"": ""ANSWER B""}, {""value"": ""3.0"", ""label"": ""ANSWER C""}, {""value"": ""4.0"", ""label"": ""ANSWER D""}, {""value"": ""5.0"", ""label"": ""ANSWER E""}]"
2597,i3015,ERT-P2-YOU SMELL DREADFUL,numeric,NOMINAL,-3.0 thru -4.0 and -6.0,"[{""value"": ""-6.0"", ""label"": ""NO QUESTIONNAIRE""}, {""value"": ""-4.0"", ""label"": ""More than 1 answer""}, {""value"": ""-3.0"", ""label"": ""NS/No response""}, {""value"": ""1.0"", ""label"": ""ANSWER A""}, {""value"": ""2.0"", ""label"": ""ANSWER B""}, {""value"": ""3.0"", ""label"": ""ANSWER C""}, {""value"": ""4.0"", ""label"": ""ANSWER D""}, {""value"": ""5.0"", ""label"": ""ANSWER E""}]"
2598,i3016,ERT-P2-WOULD YOU LIKE A BATH?,numeric,NOMINAL,-3.0 thru -4.0 and -6.0,"[{""value"": ""-6.0"", ""label"": ""NO QUESTIONNAIRE""}, {""value"": ""-4.0"", ""label"": ""More than 1 answer""}, {""value"": ""-3.0"", ""label"": ""NS/No response""}, {""value"": ""1.0"", ""label"": ""ANSWER A""}, {""value"": ""2.0"", ""label"": ""ANSWER B""}, {""value"": ""3.0"", ""label"": ""ANSWER C""}, {""value"": ""4.0"", ""label"": ""ANSWER D""}, {""value"": ""5.0"", ""label"": ""ANSWER E""}]"
2599,i3017,ERT-P3-WHERE IS THE BUS GOING?,numeric,NOMINAL,-3.0 thru -6.0,"[{""value"": ""-6.0"", ""label"": ""NO QUESTIONNAIRE""}, {""value"": ""-3.0"", ""label"": ""NS/No response""}, {""value"": ""1.0"", ""label"": ""CORRECT""}, {""value"": ""2.0"", ""label"": ""INCORRECT""}]"
2600,i3018,ERT-P3-WHAT DOES THE SHOP SELL?,numeric,NOMINAL,-3.0 thru -6.0,"[{""value"": ""-6.0"", ""label"": ""NO QUESTIONNAIRE""}, {""value"": ""-3.0"", ""label"": ""NS/No response""}, {""value"": ""1.0"", ""label"": ""CORRECT""}, {""value"": ""2.0"", ""label"": ""INCORRECT""}]"
2601,i3019,ERT-P3-WHAT IS THE NAME OF THE STREET YOU CAN SEE?,numeric,NOMINAL,-3.0 thru -6.0,"[{""value"": ""-6.0"", ""label"": ""NO QUESTIONNAIRE""}, {""value"": ""-3.0"", ""label"": ""NS/No response""}, {""value"": ""1.0"", ""label"": ""CORRECT""}, {""value"": ""2.0"", ""label"": ""INCORRECT""}]"
2602,i3020,ERT-P3-WHAT IS THE NAME OF THE BUS COMPANY?,numeric,NOMINAL,-3.0 thru -6.0,"[{""value"": ""-6.0"", ""label"": ""NO QUESTIONNAIRE""}, {""value"": ""-3.0"", ""label"": ""NS/No response""}, {""value"": ""1.0"", ""label"": ""CORRECT""}, {""value"": ""2.0"", ""label"": ""INCORRECT""}]"
2603,i3021,ERT-P3-WHAT KIND OF SHOP CAN YOU SEE?,numeric,NOMINAL,-3.0 thru -6.0,"[{""value"": ""-6.0"", ""label"": ""NO QUESTIONNAIRE""}, {""value"": ""-3.0"", ""label"": ""NS/No response""}, {""value"": ""1.0"", ""label"": ""CORRECT""}, {""value"": ""2.0"", ""label"": ""INCORRECT""}]"
2604,i3022,ERT-P4-WHO FELT ANNOYED?,numeric,NOMINAL,-3.0 thru -4.0 and -6.0,"[{""value"": ""-6.0"", ""label"": ""NO QUESTIONNAIRE""}, {""value"": ""-4.0"", ""label"": ""More than 1 answer""}, {""value"": ""-3.0"", ""label"": ""NS/No response""}, {""value"": ""1.0"", ""label"": ""PERSON A""}, {""value"": ""2.0"", ""label"": ""PERSON B""}, {""value"": ""3.0"", ""label"": ""PERSON C""}, {""value"": ""4.0"", ""label"": ""PERSON D""}, {""value"": ""5.0"", ""label"": ""PERSON E""}, {""value"": ""6.0"", ""label"": ""PERSON F""}, {""value"": ""7.0"", ""label"": ""PERSON G""}]"
2605,i3023,ERT-P4-WHO FELT AMUSED?,numeric,NOMINAL,-3.0 thru -4.0 and -6.0,"[{""value"": ""-6.0"", ""label"": ""NO QUESTIONNAIRE""}, {""value"": ""-4.0"", ""label"": ""More than 1 answer""}, {""value"": ""-3.0"", ""label"": ""NS/No response""}, {""value"": ""1.0"", ""label"": ""PERSON A""}, {""value"": ""2.0"", ""label"": ""PERSON B""}, {""value"": ""3.0"", ""label"": ""PERSON C""}, {""value"": ""4.0"", ""label"": ""PERSON D""}, {""value"": ""5.0"", ""label"": ""PERSON E""}, {""value"": ""6.0"", ""label"": ""PERSON F""}, {""value"": ""7.0"", ""label"": ""PERSON G""}]"
2606,i3024,ERT-P4-WHO FELT AMAZED?,numeric,NOMINAL,-3.0 thru -4.0 and -6.0,"[{""value"": ""-6.0"", ""label"": ""NO QUESTIONNAIRE""}, {""value"": ""-4.0"", ""label"": ""More than 1 answer""}, {""value"": ""-3.0"", ""label"": ""NS/No response""}, {""value"": ""1.0"", ""label"": ""PERSON A""}, {""value"": ""2.0"", ""label"": ""PERSON B""}, {""value"": ""3.0"", ""label"": ""PERSON C""}, {""value"": ""4.0"", ""label"": ""PERSON D""}, {""value"": ""5.0"", ""label"": ""PERSON E""}, {""value"": ""6.0"", ""label"": ""PERSON F""}, {""value"": ""7.0"", ""label"": ""PERSON G""}]"
2607,i3025,ERT-P4-WHO FELT AFRAID?,numeric,NOMINAL,-3.0 thru -4.0 and -6.0,"[{""value"": ""-6.0"", ""label"": ""NO QUESTIONNAIRE""}, {""value"": ""-4.0"", ""label"": ""More than 1 answer""}, {""value"": ""-3.0"", ""label"": ""NS/No response""}, {""value"": ""1.0"", ""label"": ""PERSON A""}, {""value"": ""2.0"", ""label"": ""PERSON B""}, {""value"": ""3.0"", ""label"": ""PERSON C""}, {""value"": ""4.0"", ""label"": ""PERSON D""}, {""value"": ""5.0"", ""label"": ""PERSON E""}, {""value"": ""6.0"", ""label"": ""PERSON F""}, {""value"": ""7.0"", ""label"": ""PERSON G""}]"
2608,i3026,ERT-P4-WHO FELT ASHAMED?,numeric,NOMINAL,-3.0 thru -4.0 and -6.0,"[{""value"": ""-6.0"", ""label"": ""NO QUESTIONNAIRE""}, {""value"": ""-4.0"", ""label"": ""More than 1 answer""}, {""value"": ""-3.0"", ""label"": ""NS/No response""}, {""value"": ""1.0"", ""label"": ""PERSON A""}, {""value"": ""2.0"", ""label"": ""PERSON B""}, {""value"": ""3.0"", ""label"": ""PERSON C""}, {""value"": ""4.0"", ""label"": ""PERSON D""}, {""value"": ""5.0"", ""label"": ""PERSON E""}, {""value"": ""6.0"", ""label"": ""PERSON F""}, {""value"": ""7.0"", ""label"": ""PERSON G""}]"
2609,i3027,ERT-P4-SHE MANAGED TO REDUCE THE AMOUNT SHE SPENT EACH WEEK,numeric,NOMINAL,-3.0 thru -4.0 and -6.0,"[{""value"": ""-6.0"", ""label"": ""No questionnaire""}, {""value"": ""-4.0"", ""label"": ""More than 1 answer""}, {""value"": ""-3.0"", ""label"": ""NS/No response""}, {""value"": ""1.0"", ""label"": ""CUT OPEN""}, {""value"": ""2.0"", ""label"": ""CUT OFF""}, {""value"": ""3.0"", ""label"": ""CUT OUT""}, {""value"": ""4.0"", ""label"": ""CUT AWAY""}, {""value"": ""5.0"", ""label"": ""CUT DOWN""}, {""value"": ""6.0"", ""label"": ""CUT IN""}]"
2610,i3028,ERT-P4-SOMEONE INTERRUPTED WITH AN ANGRY REMARK,numeric,NOMINAL,-3.0 thru -4.0 and -6.0,"[{""value"": ""-6.0"", ""label"": ""No questionnaire""}, {""value"": ""-4.0"", ""label"": ""More than 1 answer""}, {""value"": ""-3.0"", ""label"": ""NS/No response""}, {""value"": ""1.0"", ""label"": ""CUT OPEN""}, {""value"": ""2.0"", ""label"": ""CUT OFF""}, {""value"": ""3.0"", ""label"": ""CUT OUT""}, {""value"": ""4.0"", ""label"": ""CUT AWAY""}, {""value"": ""5.0"", ""label"": ""CUT DOWN""}, {""value"": ""6.0"", ""label"": ""CUT IN""}]"
2611,i3029,ERT-P4-THE VILLAGE WAS ISOLATED BY HEAVY FALLS OF SNOW,numeric,NOMINAL,-3.0 thru -4.0 and -6.0,"[{""value"": ""-6.0"", ""label"": ""No questionnaire""}, {""value"": ""-4.0"", ""label"": ""More than 1 answer""}, {""value"": ""-3.0"", ""label"": ""NS/No response""}, {""value"": ""1.0"", ""label"": ""CUT OPEN""}, {""value"": ""2.0"", ""label"": ""CUT OFF""}, {""value"": ""3.0"", ""label"": ""CUT OUT""}, {""value"": ""4.0"", ""label"": ""CUT AWAY""}, {""value"": ""5.0"", ""label"": ""CUT DOWN""}, {""value"": ""6.0"", ""label"": ""CUT IN""}]"
2612,i3030,ERT-P4-WE HAD TO EXCLUDE A VISIT TO LONDON,numeric,NOMINAL,-3.0 thru -4.0 and -6.0,"[{""value"": ""-6.0"", ""label"": ""No questionnaire""}, {""value"": ""-4.0"", ""label"": ""More than 1 answer""}, {""value"": ""-3.0"", ""label"": ""NS/No response""}, {""value"": ""1.0"", ""label"": ""CUT OPEN""}, {""value"": ""2.0"", ""label"": ""CUT OFF""}, {""value"": ""3.0"", ""label"": ""CUT OUT""}, {""value"": ""4.0"", ""label"": ""CUT AWAY""}, {""value"": ""5.0"", ""label"": ""CUT DOWN""}, {""value"": ""6.0"", ""label"": ""CUT IN""}]"
2613,i3031,ERT-P5-WE WERE TOLD THAT THE OLD MAN WAS LOOKING FOR,numeric,NOMINAL,-3.0 thru -4.0 and -6.0,"[{""value"": ""-6.0"", ""label"": ""NO QUESTIONNAIRE""}, {""value"": ""-4.0"", ""label"": ""More than 1 answer""}, {""value"": ""-3.0"", ""label"": ""NS/No response""}, {""value"": ""1.0"", ""label"": ""SOMETHING""}, {""value"": ""2.0"", ""label"": ""PAPERS""}, {""value"": ""3.0"", ""label"": ""NOTHING""}, {""value"": ""4.0"", ""label"": ""MONEY""}, {""value"": ""5.0"", ""label"": ""ANYTHING""}]"
2614,i3032,ERT-P5-THE LAST SENTENCE TOLD US THAT THE OLD MAN,numeric,NOMINAL,-3.0 thru -4.0 and -6.0,"[{""value"": ""-6.0"", ""label"": ""NO QUESTIONNAIRE""}, {""value"": ""-4.0"", ""label"": ""More than 1 answer""}, {""value"": ""-3.0"", ""label"": ""NS/No response""}, {""value"": ""1.0"", ""label"": ""REALISED THAT...""}, {""value"": ""2.0"", ""label"": ""SUDDENLY FOUND...""}, {""value"": ""3.0"", ""label"": ""KEPT LOOKING.....""}, {""value"": ""4.0"", ""label"": ""GAVE UP...""}, {""value"": ""5.0"", ""label"": ""SEEMED NOT...""}]"
2615,i3033,"ERT-P5-FROM READING THIS STORY, WE LEARN MOST ABOUT",numeric,NOMINAL,-3.0 thru -4.0 and -6.0,"[{""value"": ""-6.0"", ""label"": ""NO QUESTIONNAIRE""}, {""value"": ""-4.0"", ""label"": ""More than 1 answer""}, {""value"": ""-3.0"", ""label"": ""NS/No response""}, {""value"": ""1.0"", ""label"": ""THE LOST OBJECT""}, {""value"": ""2.0"", ""label"": ""THE STREET GUTTER""}, {""value"": ""3.0"", ""label"": ""WHAT THE OLD MAN...""}, {""value"": ""4.0"", ""label"": ""WHAT THE PEOPLE...""}, {""value"": ""5.0"", ""label"": ""THE PERSON TELLING..""}]"
2616,i3034,ERT-P5-WE KNOW THAT THE PEOPLE WATCHING WERE AT AN UPSTAIRS,numeric,NOMINAL,-3.0 thru -4.0 and -6.0,"[{""value"": ""-6.0"", ""label"": ""No questionnaire""}, {""value"": ""-4.0"", ""label"": ""More than 1 answer""}, {""value"": ""-3.0"", ""label"": ""NS/No response""}, {""value"": ""1.0"", ""label"": ""THEY COULD NOT SEE..""}, {""value"": ""2.0"", ""label"": ""THE STORY SAYS...""}, {""value"": ""3.0"", ""label"": ""THE STORY SAYS IT WA""}, {""value"": ""4.0"", ""label"": ""THE MAN LOOKED...""}, {""value"": ""5.0"", ""label"": ""THE MAN WENT...""}]"
2617,i3035,"ERT-P5-WHEN THE OLD MAN STOPPED SEARCHING, THE PEOPLE WHO",numeric,NOMINAL,-3.0 thru -4.0 and -6.0,"[{""value"": ""-6.0"", ""label"": ""NO QUESTIONNAIRE""}, {""value"": ""-4.0"", ""label"": ""More than 1 answer""}, {""value"": ""-3.0"", ""label"": ""NS/No response""}, {""value"": ""1.0"", ""label"": ""ALREADY ON THEIR...""}, {""value"": ""2.0"", ""label"": ""WISHING THEY COULD..""}, {""value"": ""3.0"", ""label"": ""WONDERING WHETHER...""}, {""value"": ""4.0"", ""label"": ""JUST ABOUT TO GO...""}, {""value"": ""5.0"", ""label"": ""SORRY THEY...""}]"
2618,i3036,ERT-P7-ANOTHER SHOP IS TO BE OPENED BY ... THE STATIONERS,numeric,NOMINAL,-3.0 thru -6.0,"[{""value"": ""-6.0"", ""label"": ""No questionnaire""}, {""value"": ""-3.0"", ""label"": ""NS/No response""}, {""value"": ""1.0"", ""label"": ""Correct""}, {""value"": ""2.0"", ""label"": ""Incorrect""}]"
2619,i3037,ERT-P7-THE DATE OF OPENING WILL BE AT THE END OF ...,numeric,NOMINAL,-3.0 thru -6.0,"[{""value"": ""-6.0"", ""label"": ""No questionnaire""}, {""value"": ""-3.0"", ""label"": ""NS/No response""}, {""value"": ""1.0"", ""label"": ""Correct""}, {""value"": ""2.0"", ""label"": ""Incorrect""}]"
2620,i3038,"ERT-P7-ON THE SECOND FLOOR, THERE WILL BE A ... DEPARTMENT",numeric,NOMINAL,-3.0 thru -6.0,"[{""value"": ""-6.0"", ""label"": ""No questionnaire""}, {""value"": ""-3.0"", ""label"": ""NS/No response""}, {""value"": ""1.0"", ""label"": ""Correct""}, {""value"": ""2.0"", ""label"": ""Incorrect""}]"
2621,i3039,ERT-P7-THE DEPARTMENT WITH A WIDE RANGE OF GOODS WILL BE ON,numeric,NOMINAL,-3.0 thru -6.0,"[{""value"": ""-6.0"", ""label"": ""No questionnaire""}, {""value"": ""-3.0"", ""label"": ""NS/No response""}, {""value"": ""1.0"", ""label"": ""Correct""}, {""value"": ""2.0"", ""label"": ""Incorrect""}]"
2622,i3040,ERT-P7-THE NEW BRANCH WILL OPEN DAILY AT ... A.M.,numeric,NOMINAL,-3.0 thru -6.0,"[{""value"": ""-6.0"", ""label"": ""No questionnaire""}, {""value"": ""-3.0"", ""label"": ""NS/No response""}, {""value"": ""1.0"", ""label"": ""Correct""}, {""value"": ""2.0"", ""label"": ""Incorrect""}]"
2623,i3041,"ERT-P7-ON SATURDAYS, IT WILL CLOSE AT ... P.M.",numeric,NOMINAL,-3.0 thru -6.0,"[{""value"": ""-6.0"", ""label"": ""No questionnaire""}, {""value"": ""-3.0"", ""label"": ""NS/No response""}, {""value"": ""1.0"", ""label"": ""Correct""}, {""value"": ""2.0"", ""label"": ""Incorrect""}]"
2624,i3042,ERT-P7-IT WILL CLOSE AT THE SAME TIME ON ...,numeric,NOMINAL,-3.0 thru -6.0,"[{""value"": ""-6.0"", ""label"": ""No questionnaire""}, {""value"": ""-3.0"", ""label"": ""NS/No response""}, {""value"": ""1.0"", ""label"": ""Correct""}, {""value"": ""2.0"", ""label"": ""Incorrect""}]"
2625,i3043,"ERT-P7-ON THE OTHER WEEKDAYS, IT WILL CLOSE AT ... P.M.",numeric,NOMINAL,-3.0 thru -6.0,"[{""value"": ""-6.0"", ""label"": ""No questionnaire""}, {""value"": ""-3.0"", ""label"": ""NS/No response""}, {""value"": ""1.0"", ""label"": ""Correct""}, {""value"": ""2.0"", ""label"": ""Incorrect""}]"
2626,i3044,ERT-P8-JOHN ... THE MONEY WAS IN HIS POCKET AS HE MADE HIS WAY,numeric,NOMINAL,-3.0 thru -4.0 and -6.0,"[{""value"": ""-6.0"", ""label"": ""NO QUESTIONNAIRE""}, {""value"": ""-4.0"", ""label"": ""More than 1 answer""}, {""value"": ""-3.0"", ""label"": ""NS/No response""}, {""value"": ""1.0"", ""label"": ""SUDDENLY NOTICED""}, {""value"": ""2.0"", ""label"": ""WONDERED IF""}, {""value"": ""3.0"", ""label"": ""REMEMBERED THAT""}, {""value"": ""4.0"", ""label"": ""MADE SURE""}]"
2627,i3045,"ERT-P8-SINCE THE MODEL CAR HAD BEEN PUT IN THE WINDOW, HE",numeric,NOMINAL,-3.0 thru -4.0 and -6.0,"[{""value"": ""-6.0"", ""label"": ""NO QUESTIONNAIRE""}, {""value"": ""-4.0"", ""label"": ""More than 1 answer""}, {""value"": ""-3.0"", ""label"": ""NS/No response""}, {""value"": ""1.0"", ""label"": ""COUNTED""}, {""value"": ""2.0"", ""label"": ""IMAGINED""}, {""value"": ""3.0"", ""label"": ""WATCHED""}, {""value"": ""4.0"", ""label"": ""DREAMT ABOUT""}]"
2628,i3046,ERT-P8-... POLICEMEN COULD,numeric,NOMINAL,-3.0 thru -4.0 and -6.0,"[{""value"": ""-6.0"", ""label"": ""NO QUESTIONNAIRE""}, {""value"": ""-4.0"", ""label"": ""More than 1 answer""}, {""value"": ""-3.0"", ""label"": ""NS/No response""}, {""value"": ""1.0"", ""label"": ""CLEVER""}, {""value"": ""2.0"", ""label"": ""DARING""}, {""value"": ""3.0"", ""label"": ""TINY""}, {""value"": ""4.0"", ""label"": ""IMAGINARY""}]"
2629,i3047,ERT-P8-IMAGINARY POLICEMEN COULD ...,numeric,NOMINAL,-3.0 thru -4.0 and -6.0,"[{""value"": ""-6.0"", ""label"": ""NO QUESTIONNAIRE""}, {""value"": ""-4.0"", ""label"": ""More than 1 answer""}, {""value"": ""-3.0"", ""label"": ""NS/No response""}, {""value"": ""1.0"", ""label"": ""ARREST""}, {""value"": ""2.0"", ""label"": ""CHASE""}, {""value"": ""3.0"", ""label"": ""CAUTION""}, {""value"": ""4.0"", ""label"": ""CHARGE""}]"
2630,i3048,ERT-P8-THE HIGH PRICE HAD ... MADE JOHN,numeric,NOMINAL,-3.0 thru -4.0 and -6.0,"[{""value"": ""-6.0"", ""label"": ""NO QUESTIONNAIRE""}, {""value"": ""-4.0"", ""label"": ""More than 1 answer""}, {""value"": ""-3.0"", ""label"": ""NS/No response""}, {""value"": ""1.0"", ""label"": ""USUALLY""}, {""value"": ""2.0"", ""label"": ""DEFINITELY""}, {""value"": ""3.0"", ""label"": ""AT FIRST""}, {""value"": ""4.0"", ""label"": ""FOR A LONG TIME""}]"
2631,i3049,ERT-P8-MADE JOHN ...,numeric,NOMINAL,-3.0 thru -4.0 and -6.0,"[{""value"": ""-6.0"", ""label"": ""NO QUESTIONNAIRE""}, {""value"": ""-4.0"", ""label"": ""More than 1 answer""}, {""value"": ""-3.0"", ""label"": ""NS/No response""}, {""value"": ""1.0"", ""label"": ""UTTERLY DISSATISFIED""}, {""value"": ""2.0"", ""label"": ""COMPLETELY DISHEARTE""}, {""value"": ""3.0"", ""label"": ""EXTREMELY DESPONDENT""}, {""value"": ""4.0"", ""label"": ""ALMOST DESPERATE""}]"
2632,i3050,ERT-P8-HOWEVER HE HAD AN ... PIECE OF GOOD FORTUNE,numeric,NOMINAL,-3.0 thru -4.0 and -6.0,"[{""value"": ""-6.0"", ""label"": ""NO QUESTIONNAIRE""}, {""value"": ""-4.0"", ""label"": ""More than 1 answer""}, {""value"": ""-3.0"", ""label"": ""NS/No response""}, {""value"": ""1.0"", ""label"": ""INSTANT""}, {""value"": ""2.0"", ""label"": ""EXTREME""}, {""value"": ""3.0"", ""label"": ""UNBELIEVABLE""}, {""value"": ""4.0"", ""label"": ""UNEXPECTED""}]"
2633,i3051,"ERT-P8-HE WAS PAID FOR A GARDENING JOB, AND WAS PROMISED ...",numeric,NOMINAL,-3.0 thru -4.0 and -6.0,"[{""value"": ""-6.0"", ""label"": ""NO QUESTIONNAIRE""}, {""value"": ""-4.0"", ""label"": ""More than 1 answer""}, {""value"": ""-3.0"", ""label"": ""NS/No response""}, {""value"": ""1.0"", ""label"": ""PRESENTS""}, {""value"": ""2.0"", ""label"": ""COMPENSATION""}, {""value"": ""3.0"", ""label"": ""REFRESHMENTS""}, {""value"": ""4.0"", ""label"": ""ADDITIONAL PAYMENTS""}]"
2634,i3052,ERT-P8-WAS PROMISED FURTHER REMUNERATION FOR ...,numeric,NOMINAL,-3.0 thru -4.0 and -6.0,"[{""value"": ""-6.0"", ""label"": ""NO QUESTIONNAIRE""}, {""value"": ""-4.0"", ""label"": ""More than 1 answer""}, {""value"": ""-3.0"", ""label"": ""NS/No response""}, {""value"": ""1.0"", ""label"": ""FULFILLING...""}, {""value"": ""2.0"", ""label"": ""CARRYING OUT...""}, {""value"": ""3.0"", ""label"": ""OBLIGING...""}, {""value"": ""4.0"", ""label"": ""DOING JOBS...""}]"
2635,i3053,ERT-P9-SHOW CORRECT ORDER OF TOP PASSAGE,numeric,SCALE,-6.0 thru -4.0 and -3.0,"[{""value"": ""-6.0"", ""label"": ""No questionnaire""}, {""value"": ""-3.0"", ""label"": ""NS/No response""}, {""value"": ""35214.0"", ""label"": ""Correct order""}]"
2636,i3054,ERT-P9-SHOW CORRECT ORDER OF BOTTOM PASSAGE,numeric,SCALE,-6.0 thru -4.0 and -3.0,"[{""value"": ""-6.0"", ""label"": ""No questionnaire""}, {""value"": ""-3.0"", ""label"": ""NS/No response""}, {""value"": ""41532.0"", ""label"": ""Correct order""}]"
2637,i3055,ERT-P10-DRIVING A CAR IN TOWN IS A DANGEROUS UNDERTAKING,numeric,NOMINAL,-3.0 thru -4.0 and -6.0,"[{""value"": ""-6.0"", ""label"": ""No questionnaire""}, {""value"": ""-4.0"", ""label"": ""More than 1 answer""}, {""value"": ""-3.0"", ""label"": ""NS/No response""}, {""value"": ""1.0"", ""label"": ""Mr Archer""}, {""value"": ""2.0"", ""label"": ""Miss Bruce""}, {""value"": ""3.0"", ""label"": ""Mrs Cross""}, {""value"": ""4.0"", ""label"": ""Miss Duncan""}, {""value"": ""5.0"", ""label"": ""Mr Edwards""}]"
2638,i3056,ERT-P10-THERE IS NO PROBLEM ABOUT PARKING IF YOU GO BY BUS,numeric,NOMINAL,-3.0 thru -4.0 and -6.0,"[{""value"": ""-6.0"", ""label"": ""No questionnaire""}, {""value"": ""-4.0"", ""label"": ""More than 1 answer""}, {""value"": ""-3.0"", ""label"": ""NS/No response""}, {""value"": ""1.0"", ""label"": ""Mr Archer""}, {""value"": ""2.0"", ""label"": ""Miss Bruce""}, {""value"": ""3.0"", ""label"": ""Mrs Cross""}, {""value"": ""4.0"", ""label"": ""Miss Duncan""}, {""value"": ""5.0"", ""label"": ""Mr Edwards""}]"
2639,i3057,ERT-P10-IT IS DIFFICULT TO DECIDE HOW TO BEHAVE TO OTHER,numeric,NOMINAL,-3.0 thru -4.0 and -6.0,"[{""value"": ""-6.0"", ""label"": ""No questionnaire""}, {""value"": ""-4.0"", ""label"": ""More than 1 answer""}, {""value"": ""-3.0"", ""label"": ""NS/No response""}, {""value"": ""1.0"", ""label"": ""Mr Archer""}, {""value"": ""2.0"", ""label"": ""Miss Bruce""}, {""value"": ""3.0"", ""label"": ""Mrs Cross""}, {""value"": ""4.0"", ""label"": ""Miss Duncan""}, {""value"": ""5.0"", ""label"": ""Mr Edwards""}]"
2640,i3058,ERT-P10-PEOPLE WHO ARRIVE AT THE STOP EARLIEST OFTEN HAVE,numeric,NOMINAL,-3.0 thru -4.0 and -6.0,"[{""value"": ""-6.0"", ""label"": ""No questionnaire""}, {""value"": ""-4.0"", ""label"": ""More than 1 answer""}, {""value"": ""-3.0"", ""label"": ""NS/No response""}, {""value"": ""1.0"", ""label"": ""Mr Archer""}, {""value"": ""2.0"", ""label"": ""Miss Bruce""}, {""value"": ""3.0"", ""label"": ""Mrs Cross""}, {""value"": ""4.0"", ""label"": ""Miss Duncan""}, {""value"": ""5.0"", ""label"": ""Mr Edwards""}]"
2641,i3059,ERT-P10-THERE IS LITTLE DIFFERENCE BETWEEN THE COSTS OF,numeric,NOMINAL,-3.0 thru -4.0 and -6.0,"[{""value"": ""-6.0"", ""label"": ""No questionnaire""}, {""value"": ""-4.0"", ""label"": ""More than 1 answer""}, {""value"": ""-3.0"", ""label"": ""NS/No response""}, {""value"": ""1.0"", ""label"": ""Mr Archer""}, {""value"": ""2.0"", ""label"": ""Miss Bruce""}, {""value"": ""3.0"", ""label"": ""Mrs Cross""}, {""value"": ""4.0"", ""label"": ""Miss Duncan""}, {""value"": ""5.0"", ""label"": ""Mr Edwards""}]"
2642,i3060,ERT-P10-IF MORE PEOPLE TOOK THE BUS TO TOWN THE ROADS WOULD BE,numeric,NOMINAL,-3.0 thru -4.0 and -6.0,"[{""value"": ""-6.0"", ""label"": ""No questionnaire""}, {""value"": ""-4.0"", ""label"": ""More than 1 answer""}, {""value"": ""-3.0"", ""label"": ""NS/No response""}, {""value"": ""1.0"", ""label"": ""Mr Archer""}, {""value"": ""2.0"", ""label"": ""Miss Bruce""}, {""value"": ""3.0"", ""label"": ""Mrs Cross""}, {""value"": ""4.0"", ""label"": ""Miss Duncan""}, {""value"": ""5.0"", ""label"": ""Mr Edwards""}]"
2643,i3061,ERT-P10-A JOURNEY IN A CROWDED BUS IS OFTEN EMBARRASSING,numeric,NOMINAL,-3.0 thru -4.0 and -6.0,"[{""value"": ""-6.0"", ""label"": ""No questionnaire""}, {""value"": ""-4.0"", ""label"": ""More than 1 answer""}, {""value"": ""-3.0"", ""label"": ""NS/No response""}, {""value"": ""1.0"", ""label"": ""Mr Archer""}, {""value"": ""2.0"", ""label"": ""Miss Bruce""}, {""value"": ""3.0"", ""label"": ""Mrs Cross""}, {""value"": ""4.0"", ""label"": ""Miss Duncan""}, {""value"": ""5.0"", ""label"": ""Mr Edwards""}]"
2644,i3062,ERT-P10-CAR DRIVERS SHOULD BE MORE COURTEOUS,numeric,NOMINAL,-3.0 thru -4.0 and -6.0,"[{""value"": ""-6.0"", ""label"": ""No questionnaire""}, {""value"": ""-4.0"", ""label"": ""More than 1 answer""}, {""value"": ""-3.0"", ""label"": ""NS/No response""}, {""value"": ""1.0"", ""label"": ""Mr Archer""}, {""value"": ""2.0"", ""label"": ""Miss Bruce""}, {""value"": ""3.0"", ""label"": ""Mrs Cross""}, {""value"": ""4.0"", ""label"": ""Miss Duncan""}, {""value"": ""5.0"", ""label"": ""Mr Edwards""}]"
2645,i3063,ERT-P11-THIS PASSAGE DESCRIBES ...,numeric,NOMINAL,-3.0 thru -4.0 and -6.0,"[{""value"": ""-6.0"", ""label"": ""NO QUESTIONNAIRE""}, {""value"": ""-4.0"", ""label"": ""More than 1 answer""}, {""value"": ""-3.0"", ""label"": ""NS/No response""}, {""value"": ""1.0"", ""label"": ""A KIDNAPPING""}, {""value"": ""2.0"", ""label"": ""A MANS ESCAPE...""}, {""value"": ""3.0"", ""label"": ""POLICE RAIDING...""}, {""value"": ""4.0"", ""label"": ""A MURDER""}]"
2646,i3064,ERT-P11-THE MAN LOCKED THE DOOR ...,numeric,NOMINAL,-3.0 thru -4.0 and -6.0,"[{""value"": ""-6.0"", ""label"": ""NO QUESTIONNAIRE""}, {""value"": ""-4.0"", ""label"": ""More than 1 answer""}, {""value"": ""-3.0"", ""label"": ""NS/No response""}, {""value"": ""1.0"", ""label"": ""TO SECURE PRIVACY""}, {""value"": ""2.0"", ""label"": ""IN A PANIC""}, {""value"": ""3.0"", ""label"": ""TO KEEP...""}, {""value"": ""4.0"", ""label"": ""TO HINDER ...""}]"
2647,i3065,ERT-P11-THE WINDOW WOULD NOT OPEN BECAUSE ...,numeric,NOMINAL,-3.0 thru -4.0 and -6.0,"[{""value"": ""-6.0"", ""label"": ""NO QUESTIONNAIRE""}, {""value"": ""-4.0"", ""label"": ""More than 1 answer""}, {""value"": ""-3.0"", ""label"": ""NS/No response""}, {""value"": ""1.0"", ""label"": ""HE HAD NOT...""}, {""value"": ""2.0"", ""label"": ""IT WAS STUCK""}, {""value"": ""3.0"", ""label"": ""IT WAS FROZEN""}, {""value"": ""4.0"", ""label"": ""HE HAD LOCKED IT""}]"
2648,i3066,ERT-P11-THE 'DEAFENING BLAST' (LINE 4) WAS PROBABLY ...,numeric,NOMINAL,-3.0 thru -4.0 and -6.0,"[{""value"": ""-6.0"", ""label"": ""NO QUESTIONNAIRE""}, {""value"": ""-4.0"", ""label"": ""More than 1 answer""}, {""value"": ""-3.0"", ""label"": ""NS/No response""}, {""value"": ""1.0"", ""label"": ""THE DOOR...""}, {""value"": ""2.0"", ""label"": ""THE WIND""}, {""value"": ""3.0"", ""label"": ""A GUNSHOT""}, {""value"": ""4.0"", ""label"": ""THUNDER""}]"
2649,i3067,ERT-P11-THE RESULT OF THE FALL WAS TO ...,numeric,NOMINAL,-3.0 thru -4.0 and -6.0,"[{""value"": ""-6.0"", ""label"": ""NO QUESTIONNAIRE""}, {""value"": ""-4.0"", ""label"": ""More than 1 answer""}, {""value"": ""-3.0"", ""label"": ""NS/No response""}, {""value"": ""1.0"", ""label"": ""INJURE HIM""}, {""value"": ""2.0"", ""label"": ""MAKE HIM FORGET...""}, {""value"": ""3.0"", ""label"": ""WIND HIM""}, {""value"": ""4.0"", ""label"": ""MAKE HIM PANIC""}]"
2650,i3068,ERT-P11-THE ACTION PROBABLY HAPPENED ON A ...,numeric,NOMINAL,-3.0 thru -4.0 and -6.0,"[{""value"": ""-6.0"", ""label"": ""NO QUESTIONNAIRE""}, {""value"": ""-4.0"", ""label"": ""More than 1 answer""}, {""value"": ""-3.0"", ""label"": ""NS/No response""}, {""value"": ""1.0"", ""label"": ""SUMMER DAY""}, {""value"": ""2.0"", ""label"": ""SUMMER NIGHT""}, {""value"": ""3.0"", ""label"": ""WINTER DAY""}, {""value"": ""4.0"", ""label"": ""WINTER NIGHT""}]"
2651,i3069,"ERT-P11-WHEN HE FELL FROM THE WINDOW, THE MAN ...",numeric,NOMINAL,-3.0 thru -4.0 and -6.0,"[{""value"": ""-6.0"", ""label"": ""NO QUESTIONNAIRE""}, {""value"": ""-4.0"", ""label"": ""More than 1 answer""}, {""value"": ""-3.0"", ""label"": ""NS/No response""}, {""value"": ""1.0"", ""label"": ""DID NOT GET UP""}, {""value"": ""2.0"", ""label"": ""RAN AWAY...""}, {""value"": ""3.0"", ""label"": ""STOOD AND...""}, {""value"": ""4.0"", ""label"": ""WAS LOST""}]"
2652,i3070,CODER CODE,numeric,NOMINAL,-6.0 thru -7.0,"[{""value"": ""-7.0"", ""label"": ""BLANK""}, {""value"": ""-6.0"", ""label"": ""NO QUESTIONNAIRE""}]"
2653,i3503,DATE OF ASSESSMENT-BAS-DD,numeric,SCALE,NA,"[{""value"": ""-8.0"", ""label"": ""Out of range""}, {""value"": ""-7.0"", ""label"": ""Blank""}, {""value"": ""-6.0"", ""label"": ""NO QUESTIONNAIRE""}, {""value"": ""-3.0"", ""label"": ""NOT STATED""}]"
2654,i3503m,DATE OF ASSESSMENT-BAS-MM,numeric,NOMINAL,-3.0 thru -6.0 and -7.0,"[{""value"": ""-7.0"", ""label"": ""BLANK""}, {""value"": ""-6.0"", ""label"": ""NO QUESTIONNAIRE""}, {""value"": ""-3.0"", ""label"": ""NOT STATED""}]"
2655,i3503y,DATE OF ASSESSMENT-BAS-YY,numeric,SCALE,-3.0 thru -6.0,"[{""value"": ""-6.0"", ""label"": ""NO QUESTIONNAIRE""}, {""value"": ""-3.0"", ""label"": ""NOT STATED""}]"
2656,i3504,BAS-WORD DEFINITIONS-SPORT,numeric,NOMINAL,-3.0 thru -6.0,"[{""value"": ""-6.0"", ""label"": ""No questionnaire""}, {""value"": ""-3.0"", ""label"": ""Not stated""}, {""value"": ""1.0"", ""label"": ""Acceptable response""}, {""value"": ""2.0"", ""label"": ""Unacceptable response""}, {""value"": ""9.0"", ""label"": ""No response""}]"
2657,i3505,BAS-WORD DEFINITIONS-TRAVEL,numeric,NOMINAL,-3.0 thru -6.0,"[{""value"": ""-6.0"", ""label"": ""No questionnaire""}, {""value"": ""-3.0"", ""label"": ""Not stated""}, {""value"": ""1.0"", ""label"": ""Acceptable response""}, {""value"": ""2.0"", ""label"": ""Unacceptable response""}, {""value"": ""9.0"", ""label"": ""No response""}]"
2658,i3506,BAS-WORD DEFINITIONS-SPLASH,numeric,NOMINAL,-3.0 thru -6.0,"[{""value"": ""-6.0"", ""label"": ""No questionnaire""}, {""value"": ""-3.0"", ""label"": ""Not stated""}, {""value"": ""1.0"", ""label"": ""Acceptable response""}, {""value"": ""2.0"", ""label"": ""Unacceptable response""}, {""value"": ""9.0"", ""label"": ""No response""}]"
2659,i3507,BAS-WORD DEFINITIONS-ARMY,numeric,NOMINAL,-3.0 thru -6.0,"[{""value"": ""-6.0"", ""label"": ""No questionnaire""}, {""value"": ""-3.0"", ""label"": ""Not stated""}, {""value"": ""1.0"", ""label"": ""Acceptable response""}, {""value"": ""2.0"", ""label"": ""Unacceptable response""}, {""value"": ""9.0"", ""label"": ""No response""}]"
2660,i3508,BAS-WORD DEFINITIONS-BEARD,numeric,NOMINAL,-3.0 thru -6.0,"[{""value"": ""-6.0"", ""label"": ""No questionnaire""}, {""value"": ""-3.0"", ""label"": ""Not stated""}, {""value"": ""1.0"", ""label"": ""Acceptable response""}, {""value"": ""2.0"", ""label"": ""Unacceptable response""}, {""value"": ""9.0"", ""label"": ""No response""}]"
2661,i3509,BAS-WORD DEFINITIONS-INVITE,numeric,NOMINAL,-3.0 thru -6.0,"[{""value"": ""-6.0"", ""label"": ""No questionnaire""}, {""value"": ""-3.0"", ""label"": ""Not stated""}, {""value"": ""1.0"", ""label"": ""Acceptable response""}, {""value"": ""2.0"", ""label"": ""Unacceptable response""}, {""value"": ""9.0"", ""label"": ""No response""}]"
2662,i3510,BAS-WORD DEFINITIONS-HARVEST,numeric,NOMINAL,-3.0 thru -6.0,"[{""value"": ""-6.0"", ""label"": ""No questionnaire""}, {""value"": ""-3.0"", ""label"": ""Not stated""}, {""value"": ""1.0"", ""label"": ""Acceptable response""}, {""value"": ""2.0"", ""label"": ""Unacceptable response""}, {""value"": ""9.0"", ""label"": ""No response""}]"
2663,i3511,BAS-WORD DEFINITIONS-LULLABY,numeric,NOMINAL,-3.0 thru -6.0,"[{""value"": ""-6.0"", ""label"": ""No questionnaire""}, {""value"": ""-3.0"", ""label"": ""Not stated""}, {""value"": ""1.0"", ""label"": ""Acceptable response""}, {""value"": ""2.0"", ""label"": ""Unacceptable response""}, {""value"": ""9.0"", ""label"": ""No response""}]"
2664,i3512,BAS-WORD DEFINITIONS-COLLECT,numeric,NOMINAL,-3.0 thru -6.0,"[{""value"": ""-6.0"", ""label"": ""No questionnaire""}, {""value"": ""-3.0"", ""label"": ""Not stated""}, {""value"": ""1.0"", ""label"": ""Acceptable response""}, {""value"": ""2.0"", ""label"": ""Unacceptable response""}, {""value"": ""9.0"", ""label"": ""No response""}]"
2665,i3513,BAS-WORD DEFINITIONS-WHEEL,numeric,NOMINAL,-3.0 thru -6.0,"[{""value"": ""-6.0"", ""label"": ""No questionnaire""}, {""value"": ""-3.0"", ""label"": ""Not stated""}, {""value"": ""1.0"", ""label"": ""Acceptable response""}, {""value"": ""2.0"", ""label"": ""Unacceptable response""}, {""value"": ""9.0"", ""label"": ""No response""}]"
2666,i3514,BAS-WORD DEFINITIONS-MASSIVE,numeric,NOMINAL,-3.0 thru -6.0,"[{""value"": ""-6.0"", ""label"": ""No questionnaire""}, {""value"": ""-3.0"", ""label"": ""Not stated""}, {""value"": ""1.0"", ""label"": ""Acceptable response""}, {""value"": ""2.0"", ""label"": ""Unacceptable response""}, {""value"": ""9.0"", ""label"": ""No response""}]"
2667,i3515,BAS-WORD DEFINITIONS-REFUND,numeric,NOMINAL,-3.0 thru -6.0,"[{""value"": ""-6.0"", ""label"": ""No questionnaire""}, {""value"": ""-3.0"", ""label"": ""Not stated""}, {""value"": ""1.0"", ""label"": ""Acceptable response""}, {""value"": ""2.0"", ""label"": ""Unacceptable response""}, {""value"": ""9.0"", ""label"": ""No response""}]"
2668,i3516,BAS-WORD DEFINITIONS-PURPOSE,numeric,NOMINAL,-3.0 thru -6.0,"[{""value"": ""-6.0"", ""label"": ""No questionnaire""}, {""value"": ""-3.0"", ""label"": ""Not stated""}, {""value"": ""1.0"", ""label"": ""Acceptable response""}, {""value"": ""2.0"", ""label"": ""Unacceptable response""}, {""value"": ""9.0"", ""label"": ""No response""}]"
2669,i3517,BAS-WORD DEFINITIONS-TRADE,numeric,NOMINAL,-3.0 thru -6.0,"[{""value"": ""-6.0"", ""label"": ""No questionnaire""}, {""value"": ""-3.0"", ""label"": ""Not stated""}, {""value"": ""1.0"", ""label"": ""Acceptable response""}, {""value"": ""2.0"", ""label"": ""Unacceptable response""}, {""value"": ""9.0"", ""label"": ""No response""}]"
2670,i3518,BAS-WORD DEFINITIONS-CURIOSITY,numeric,NOMINAL,-3.0 thru -6.0,"[{""value"": ""-6.0"", ""label"": ""No questionnaire""}, {""value"": ""-3.0"", ""label"": ""Not stated""}, {""value"": ""1.0"", ""label"": ""Acceptable response""}, {""value"": ""2.0"", ""label"": ""Unacceptable response""}, {""value"": ""9.0"", ""label"": ""No response""}]"
2671,i3519,BAS-WORD DEFINITIONS-TRANSPARENT,numeric,NOMINAL,-3.0 thru -6.0,"[{""value"": ""-6.0"", ""label"": ""No questionnaire""}, {""value"": ""-3.0"", ""label"": ""Not stated""}, {""value"": ""1.0"", ""label"": ""Acceptable response""}, {""value"": ""2.0"", ""label"": ""Unacceptable response""}, {""value"": ""9.0"", ""label"": ""No response""}]"
2672,i3520,BAS-WORD DEFINITIONS-LEATHER,numeric,NOMINAL,-3.0 thru -6.0,"[{""value"": ""-6.0"", ""label"": ""No questionnaire""}, {""value"": ""-3.0"", ""label"": ""Not stated""}, {""value"": ""1.0"", ""label"": ""Acceptable response""}, {""value"": ""2.0"", ""label"": ""Unacceptable response""}, {""value"": ""9.0"", ""label"": ""No response""}]"
2673,i3521,BAS-WORD DEFINITIONS-ERROR,numeric,NOMINAL,-3.0 thru -6.0,"[{""value"": ""-6.0"", ""label"": ""No questionnaire""}, {""value"": ""-3.0"", ""label"": ""Not stated""}, {""value"": ""1.0"", ""label"": ""Acceptable response""}, {""value"": ""2.0"", ""label"": ""Unacceptable response""}, {""value"": ""9.0"", ""label"": ""No response""}]"
2674,i3522,BAS-WORD DEFINITIONS-VICTORIOUS,numeric,NOMINAL,-3.0 thru -6.0,"[{""value"": ""-6.0"", ""label"": ""No questionnaire""}, {""value"": ""-3.0"", ""label"": ""Not stated""}, {""value"": ""1.0"", ""label"": ""Acceptable response""}, {""value"": ""2.0"", ""label"": ""Unacceptable response""}, {""value"": ""9.0"", ""label"": ""No response""}]"
2675,i3523,BAS-WORD DEFINITIONS-TENTACLE,numeric,NOMINAL,-3.0 thru -6.0,"[{""value"": ""-6.0"", ""label"": ""No questionnaire""}, {""value"": ""-3.0"", ""label"": ""Not stated""}, {""value"": ""1.0"", ""label"": ""Acceptable response""}, {""value"": ""2.0"", ""label"": ""Unacceptable response""}, {""value"": ""9.0"", ""label"": ""No response""}]"
2676,i3524,BAS-WORD DEFINITIONS-CONSENT,numeric,NOMINAL,-3.0 thru -6.0,"[{""value"": ""-6.0"", ""label"": ""No questionnaire""}, {""value"": ""-3.0"", ""label"": ""Not stated""}, {""value"": ""1.0"", ""label"": ""Acceptable response""}, {""value"": ""2.0"", ""label"": ""Unacceptable response""}, {""value"": ""9.0"", ""label"": ""No response""}]"
2677,i3525,BAS-WORD DEFINITIONS-COUNTERFEIT,numeric,NOMINAL,-3.0 thru -6.0,"[{""value"": ""-6.0"", ""label"": ""No questionnaire""}, {""value"": ""-3.0"", ""label"": ""Not stated""}, {""value"": ""1.0"", ""label"": ""Acceptable response""}, {""value"": ""2.0"", ""label"": ""Unacceptable response""}, {""value"": ""9.0"", ""label"": ""No response""}]"
2678,i3526,BAS-WORD DEFINITIONS-UNIQUE,numeric,NOMINAL,-3.0 thru -6.0,"[{""value"": ""-6.0"", ""label"": ""No questionnaire""}, {""value"": ""-3.0"", ""label"": ""Not stated""}, {""value"": ""1.0"", ""label"": ""Acceptable response""}, {""value"": ""2.0"", ""label"": ""Unacceptable response""}, {""value"": ""9.0"", ""label"": ""No response""}]"
2679,i3527,BAS-WORD DEFINITIONS-DRAB,numeric,NOMINAL,-3.0 thru -6.0,"[{""value"": ""-6.0"", ""label"": ""No questionnaire""}, {""value"": ""-3.0"", ""label"": ""Not stated""}, {""value"": ""1.0"", ""label"": ""Acceptable response""}, {""value"": ""2.0"", ""label"": ""Unacceptable response""}, {""value"": ""9.0"", ""label"": ""No response""}]"
2680,i3528,BAS-WORD DEFINITIONS-NOMADIC,numeric,NOMINAL,-3.0 thru -6.0,"[{""value"": ""-6.0"", ""label"": ""No questionnaire""}, {""value"": ""-3.0"", ""label"": ""Not stated""}, {""value"": ""1.0"", ""label"": ""Acceptable response""}, {""value"": ""2.0"", ""label"": ""Unacceptable response""}, {""value"": ""9.0"", ""label"": ""No response""}]"
2681,i3529,BAS-WORD DEFINITIONS-UNIVERSAL,numeric,NOMINAL,-3.0 thru -6.0,"[{""value"": ""-6.0"", ""label"": ""No questionnaire""}, {""value"": ""-3.0"", ""label"": ""Not stated""}, {""value"": ""1.0"", ""label"": ""Acceptable response""}, {""value"": ""2.0"", ""label"": ""Unacceptable response""}, {""value"": ""9.0"", ""label"": ""No response""}]"
2682,i3530,BAS-WORD DEFINITIONS-LETHAL,numeric,NOMINAL,-3.0 thru -6.0,"[{""value"": ""-6.0"", ""label"": ""No questionnaire""}, {""value"": ""-3.0"", ""label"": ""Not stated""}, {""value"": ""1.0"", ""label"": ""Acceptable response""}, {""value"": ""2.0"", ""label"": ""Unacceptable response""}, {""value"": ""9.0"", ""label"": ""No response""}]"
2683,i3531,BAS-WORD DEFINITIONS-PESSIMISTIC,numeric,NOMINAL,-3.0 thru -6.0,"[{""value"": ""-6.0"", ""label"": ""No questionnaire""}, {""value"": ""-3.0"", ""label"": ""Not stated""}, {""value"": ""1.0"", ""label"": ""Acceptable response""}, {""value"": ""2.0"", ""label"": ""Unacceptable response""}, {""value"": ""9.0"", ""label"": ""No response""}]"
2684,i3532,BAS-WORD DEFINITIONS-ADJACENT,numeric,NOMINAL,-3.0 thru -6.0,"[{""value"": ""-6.0"", ""label"": ""No questionnaire""}, {""value"": ""-3.0"", ""label"": ""Not stated""}, {""value"": ""1.0"", ""label"": ""Acceptable response""}, {""value"": ""2.0"", ""label"": ""Unacceptable response""}, {""value"": ""9.0"", ""label"": ""No response""}]"
2685,i3533,BAS-WORD DEFINITIONS-EXERT,numeric,NOMINAL,-3.0 thru -6.0,"[{""value"": ""-6.0"", ""label"": ""No questionnaire""}, {""value"": ""-3.0"", ""label"": ""Not stated""}, {""value"": ""1.0"", ""label"": ""Acceptable response""}, {""value"": ""2.0"", ""label"": ""Unacceptable response""}, {""value"": ""9.0"", ""label"": ""No response""}]"
2686,i3534,BAS-WORD DEFINITIONS-NOVICE,numeric,NOMINAL,-3.0 thru -6.0,"[{""value"": ""-6.0"", ""label"": ""No questionnaire""}, {""value"": ""-3.0"", ""label"": ""Not stated""}, {""value"": ""1.0"", ""label"": ""Acceptable response""}, {""value"": ""2.0"", ""label"": ""Unacceptable response""}, {""value"": ""9.0"", ""label"": ""No response""}]"
2687,i3535,BAS-WORD DEFINITIONS-VELOCITY,numeric,NOMINAL,-3.0 thru -6.0,"[{""value"": ""-6.0"", ""label"": ""No questionnaire""}, {""value"": ""-3.0"", ""label"": ""Not stated""}, {""value"": ""1.0"", ""label"": ""Acceptable response""}, {""value"": ""2.0"", ""label"": ""Unacceptable response""}, {""value"": ""9.0"", ""label"": ""No response""}]"
2688,i3536,BAS-WORD DEFINITIONS-DIVULGE,numeric,NOMINAL,-3.0 thru -6.0,"[{""value"": ""-6.0"", ""label"": ""No questionnaire""}, {""value"": ""-3.0"", ""label"": ""Not stated""}, {""value"": ""1.0"", ""label"": ""Acceptable response""}, {""value"": ""2.0"", ""label"": ""Unacceptable response""}, {""value"": ""9.0"", ""label"": ""No response""}]"
2689,i3537,BAS-WORD DEFINITIONS-LONGEVITY,numeric,NOMINAL,-3.0 thru -6.0,"[{""value"": ""-6.0"", ""label"": ""No questionnaire""}, {""value"": ""-3.0"", ""label"": ""Not stated""}, {""value"": ""1.0"", ""label"": ""Acceptable response""}, {""value"": ""2.0"", ""label"": ""Unacceptable response""}, {""value"": ""9.0"", ""label"": ""No response""}]"
2690,i3538,BAS-WORD DEFINITIONS-OSTRACISE,numeric,NOMINAL,-3.0 thru -6.0,"[{""value"": ""-6.0"", ""label"": ""No questionnaire""}, {""value"": ""-3.0"", ""label"": ""Not stated""}, {""value"": ""1.0"", ""label"": ""Acceptable response""}, {""value"": ""2.0"", ""label"": ""Unacceptable response""}, {""value"": ""9.0"", ""label"": ""No response""}]"
2691,i3539,BAS-WORD DEFINITIONS-ALACRITY,numeric,NOMINAL,-3.0 thru -6.0,"[{""value"": ""-6.0"", ""label"": ""No questionnaire""}, {""value"": ""-3.0"", ""label"": ""Not stated""}, {""value"": ""1.0"", ""label"": ""Acceptable response""}, {""value"": ""2.0"", ""label"": ""Unacceptable response""}, {""value"": ""9.0"", ""label"": ""No response""}]"
2692,i3540,BAS-WORD DEFINITIONS-HIRSUTE,numeric,NOMINAL,-3.0 thru -6.0,"[{""value"": ""-6.0"", ""label"": ""No questionnaire""}, {""value"": ""-3.0"", ""label"": ""Not stated""}, {""value"": ""1.0"", ""label"": ""Acceptable response""}, {""value"": ""2.0"", ""label"": ""Unacceptable response""}, {""value"": ""9.0"", ""label"": ""No response""}]"
2693,i3541,BAS-RECALL OF DIGITS 44,numeric,NOMINAL,-3.0 thru -6.0,"[{""value"": ""-6.0"", ""label"": ""No questionnaire""}, {""value"": ""-3.0"", ""label"": ""Not stated""}, {""value"": ""1.0"", ""label"": ""Correct recall""}, {""value"": ""2.0"", ""label"": ""Incorrect recall""}, {""value"": ""9.0"", ""label"": ""No response""}]"
2694,i3542,BAS-RECALL OF DIGITS 23,numeric,NOMINAL,-3.0 thru -6.0,"[{""value"": ""-6.0"", ""label"": ""No questionnaire""}, {""value"": ""-3.0"", ""label"": ""Not stated""}, {""value"": ""1.0"", ""label"": ""Correct recall""}, {""value"": ""2.0"", ""label"": ""Incorrect recall""}, {""value"": ""9.0"", ""label"": ""No response""}]"
2695,i3543,BAS-RECALL OF DIGITS 54,numeric,NOMINAL,-3.0 thru -6.0,"[{""value"": ""-6.0"", ""label"": ""No questionnaire""}, {""value"": ""-3.0"", ""label"": ""Not stated""}, {""value"": ""1.0"", ""label"": ""Correct recall""}, {""value"": ""2.0"", ""label"": ""Incorrect recall""}, {""value"": ""9.0"", ""label"": ""No response""}]"
2696,i3544,BAS-RECALL OF DIGITS 92,numeric,NOMINAL,-3.0 thru -6.0,"[{""value"": ""-6.0"", ""label"": ""No questionnaire""}, {""value"": ""-3.0"", ""label"": ""Not stated""}, {""value"": ""1.0"", ""label"": ""Correct recall""}, {""value"": ""2.0"", ""label"": ""Incorrect recall""}, {""value"": ""9.0"", ""label"": ""No response""}]"
2697,i3545,BAS-RECALL OF DIGITS 75,numeric,NOMINAL,-3.0 thru -6.0,"[{""value"": ""-6.0"", ""label"": ""No questionnaire""}, {""value"": ""-3.0"", ""label"": ""Not stated""}, {""value"": ""1.0"", ""label"": ""Correct recall""}, {""value"": ""2.0"", ""label"": ""Incorrect recall""}, {""value"": ""9.0"", ""label"": ""No response""}]"
2698,i3546,BAS-RECALL OF DIGITS 866,numeric,NOMINAL,-3.0 thru -6.0,"[{""value"": ""-6.0"", ""label"": ""No questionnaire""}, {""value"": ""-3.0"", ""label"": ""Not stated""}, {""value"": ""1.0"", ""label"": ""Correct recall""}, {""value"": ""2.0"", ""label"": ""Incorrect recall""}, {""value"": ""9.0"", ""label"": ""No response""}]"
2699,i3547,BAS-RECALL OF DIGITS 242,numeric,NOMINAL,-3.0 thru -6.0,"[{""value"": ""-6.0"", ""label"": ""No questionnaire""}, {""value"": ""-3.0"", ""label"": ""Not stated""}, {""value"": ""1.0"", ""label"": ""Correct recall""}, {""value"": ""2.0"", ""label"": ""Incorrect recall""}, {""value"": ""9.0"", ""label"": ""No response""}]"
2700,i3548,BAS-RECALL OF DIGITS 564,numeric,NOMINAL,-3.0 thru -6.0,"[{""value"": ""-6.0"", ""label"": ""No questionnaire""}, {""value"": ""-3.0"", ""label"": ""Not stated""}, {""value"": ""1.0"", ""label"": ""Correct recall""}, {""value"": ""2.0"", ""label"": ""Incorrect recall""}, {""value"": ""9.0"", ""label"": ""No response""}]"
2701,i3549,BAS-RECALL OF DIGITS 756,numeric,NOMINAL,-3.0 thru -6.0,"[{""value"": ""-6.0"", ""label"": ""No questionnaire""}, {""value"": ""-3.0"", ""label"": ""Not stated""}, {""value"": ""1.0"", ""label"": ""Correct recall""}, {""value"": ""2.0"", ""label"": ""Incorrect recall""}, {""value"": ""9.0"", ""label"": ""No response""}]"
2702,i3550,BAS-RECALL OF DIGITS 483,numeric,NOMINAL,-3.0 thru -6.0,"[{""value"": ""-6.0"", ""label"": ""No questionnaire""}, {""value"": ""-3.0"", ""label"": ""Not stated""}, {""value"": ""1.0"", ""label"": ""Correct recall""}, {""value"": ""2.0"", ""label"": ""Incorrect recall""}, {""value"": ""9.0"", ""label"": ""No response""}]"
2703,i3551,BAS-RECALL OF DIGITS 5877,numeric,NOMINAL,-3.0 thru -6.0,"[{""value"": ""-6.0"", ""label"": ""No questionnaire""}, {""value"": ""-3.0"", ""label"": ""Not stated""}, {""value"": ""1.0"", ""label"": ""Correct recall""}, {""value"": ""2.0"", ""label"": ""Incorrect recall""}, {""value"": ""9.0"", ""label"": ""No response""}]"
2704,i3552,BAS-RECALL OF DIGITS 3238,numeric,NOMINAL,-3.0 thru -6.0,"[{""value"": ""-6.0"", ""label"": ""No questionnaire""}, {""value"": ""-3.0"", ""label"": ""Not stated""}, {""value"": ""1.0"", ""label"": ""Correct recall""}, {""value"": ""2.0"", ""label"": ""Incorrect recall""}, {""value"": ""9.0"", ""label"": ""No response""}]"
2705,i3553,BAS-RECALL OF DIGITS 8956,numeric,NOMINAL,-3.0 thru -6.0,"[{""value"": ""-6.0"", ""label"": ""No questionnaire""}, {""value"": ""-3.0"", ""label"": ""Not stated""}, {""value"": ""1.0"", ""label"": ""Correct recall""}, {""value"": ""2.0"", ""label"": ""Incorrect recall""}, {""value"": ""9.0"", ""label"": ""No response""}]"
2706,i3554,BAS-RECALL OF DIGITS 8495,numeric,NOMINAL,-3.0 thru -6.0,"[{""value"": ""-6.0"", ""label"": ""No questionnaire""}, {""value"": ""-3.0"", ""label"": ""Not stated""}, {""value"": ""1.0"", ""label"": ""Correct recall""}, {""value"": ""2.0"", ""label"": ""Incorrect recall""}, {""value"": ""9.0"", ""label"": ""No response""}]"
2707,i3555,BAS-RECALL OF DIGITS 6159,numeric,NOMINAL,-3.0 thru -6.0,"[{""value"": ""-6.0"", ""label"": ""No questionnaire""}, {""value"": ""-3.0"", ""label"": ""Not stated""}, {""value"": ""1.0"", ""label"": ""Correct recall""}, {""value"": ""2.0"", ""label"": ""Incorrect recall""}, {""value"": ""9.0"", ""label"": ""No response""}]"
2708,i3556,BAS-RECALL OF DIGITS 57667,numeric,NOMINAL,-3.0 thru -6.0,"[{""value"": ""-6.0"", ""label"": ""No questionnaire""}, {""value"": ""-3.0"", ""label"": ""Not stated""}, {""value"": ""1.0"", ""label"": ""Correct recall""}, {""value"": ""2.0"", ""label"": ""Incorrect recall""}, {""value"": ""9.0"", ""label"": ""No response""}]"
2709,i3557,BAS-RECALL OF DIGITS 57736,numeric,NOMINAL,-3.0 thru -6.0,"[{""value"": ""-6.0"", ""label"": ""No questionnaire""}, {""value"": ""-3.0"", ""label"": ""Not stated""}, {""value"": ""1.0"", ""label"": ""Correct recall""}, {""value"": ""2.0"", ""label"": ""Incorrect recall""}, {""value"": ""9.0"", ""label"": ""No response""}]"
2710,i3558,BAS-RECALL OF DIGITS 56964,numeric,NOMINAL,-3.0 thru -6.0,"[{""value"": ""-6.0"", ""label"": ""No questionnaire""}, {""value"": ""-3.0"", ""label"": ""Not stated""}, {""value"": ""1.0"", ""label"": ""Correct recall""}, {""value"": ""2.0"", ""label"": ""Incorrect recall""}, {""value"": ""9.0"", ""label"": ""No response""}]"
2711,i3559,BAS-RECALL OF DIGITS 23746,numeric,NOMINAL,-3.0 thru -6.0,"[{""value"": ""-6.0"", ""label"": ""No questionnaire""}, {""value"": ""-3.0"", ""label"": ""Not stated""}, {""value"": ""1.0"", ""label"": ""Correct recall""}, {""value"": ""2.0"", ""label"": ""Incorrect recall""}, {""value"": ""9.0"", ""label"": ""No response""}]"
2712,i3560,BAS-RECALL OF DIGITS 95247,numeric,NOMINAL,-3.0 thru -6.0,"[{""value"": ""-6.0"", ""label"": ""No questionnaire""}, {""value"": ""-3.0"", ""label"": ""Not stated""}, {""value"": ""1.0"", ""label"": ""Correct recall""}, {""value"": ""2.0"", ""label"": ""Incorrect recall""}, {""value"": ""9.0"", ""label"": ""No response""}]"
2713,i3561,BAS-RECALL OF DIGITS 922828,numeric,NOMINAL,-3.0 thru -6.0,"[{""value"": ""-6.0"", ""label"": ""No questionnaire""}, {""value"": ""-3.0"", ""label"": ""Not stated""}, {""value"": ""1.0"", ""label"": ""Correct recall""}, {""value"": ""2.0"", ""label"": ""Incorrect recall""}, {""value"": ""9.0"", ""label"": ""No response""}]"
2714,i3562,BAS-RECALL OF DIGITS 545457,numeric,NOMINAL,-3.0 thru -6.0,"[{""value"": ""-6.0"", ""label"": ""No questionnaire""}, {""value"": ""-3.0"", ""label"": ""Not stated""}, {""value"": ""1.0"", ""label"": ""Correct recall""}, {""value"": ""2.0"", ""label"": ""Incorrect recall""}, {""value"": ""9.0"", ""label"": ""No response""}]"
2715,i3563,BAS-RECALL OF DIGITS 162997,numeric,NOMINAL,-3.0 thru -6.0,"[{""value"": ""-6.0"", ""label"": ""No questionnaire""}, {""value"": ""-3.0"", ""label"": ""Not stated""}, {""value"": ""1.0"", ""label"": ""Correct recall""}, {""value"": ""2.0"", ""label"": ""Incorrect recall""}, {""value"": ""9.0"", ""label"": ""No response""}]"
2716,i3564,BAS-RECALL OF DIGITS 417432,numeric,NOMINAL,-3.0 thru -6.0,"[{""value"": ""-6.0"", ""label"": ""No questionnaire""}, {""value"": ""-3.0"", ""label"": ""Not stated""}, {""value"": ""1.0"", ""label"": ""Correct recall""}, {""value"": ""2.0"", ""label"": ""Incorrect recall""}, {""value"": ""9.0"", ""label"": ""No response""}]"
2717,i3565,BAS-RECALL OF DIGITS 751946,numeric,NOMINAL,-3.0 thru -6.0,"[{""value"": ""-6.0"", ""label"": ""No questionnaire""}, {""value"": ""-3.0"", ""label"": ""Not stated""}, {""value"": ""1.0"", ""label"": ""Correct recall""}, {""value"": ""2.0"", ""label"": ""Incorrect recall""}, {""value"": ""9.0"", ""label"": ""No response""}]"
2718,i3566,BAS-RECALL OF DIGITS 8845517,numeric,NOMINAL,-3.0 thru -6.0,"[{""value"": ""-6.0"", ""label"": ""No questionnaire""}, {""value"": ""-3.0"", ""label"": ""Not stated""}, {""value"": ""1.0"", ""label"": ""Correct recall""}, {""value"": ""2.0"", ""label"": ""Incorrect recall""}, {""value"": ""9.0"", ""label"": ""No response""}]"
2719,i3567,BAS-RECALL OF DIGITS 2438224,numeric,NOMINAL,-3.0 thru -6.0,"[{""value"": ""-6.0"", ""label"": ""No questionnaire""}, {""value"": ""-3.0"", ""label"": ""Not stated""}, {""value"": ""1.0"", ""label"": ""Correct recall""}, {""value"": ""2.0"", ""label"": ""Incorrect recall""}, {""value"": ""9.0"", ""label"": ""No response""}]"
2720,i3568,BAS-RECALL OF DIGITS 2914139,numeric,NOMINAL,-3.0 thru -6.0,"[{""value"": ""-6.0"", ""label"": ""No questionnaire""}, {""value"": ""-3.0"", ""label"": ""Not stated""}, {""value"": ""1.0"", ""label"": ""Correct recall""}, {""value"": ""2.0"", ""label"": ""Incorrect recall""}, {""value"": ""9.0"", ""label"": ""No response""}]"
2721,i3569,BAS-RECALL OF DIGITS 2569874,numeric,NOMINAL,-3.0 thru -6.0,"[{""value"": ""-6.0"", ""label"": ""No questionnaire""}, {""value"": ""-3.0"", ""label"": ""Not stated""}, {""value"": ""1.0"", ""label"": ""Correct recall""}, {""value"": ""2.0"", ""label"": ""Incorrect recall""}, {""value"": ""9.0"", ""label"": ""No response""}]"
2722,i3570,BAS-RECALL OF DIGITS 5814726,numeric,NOMINAL,-3.0 thru -6.0,"[{""value"": ""-6.0"", ""label"": ""No questionnaire""}, {""value"": ""-3.0"", ""label"": ""Not stated""}, {""value"": ""1.0"", ""label"": ""Correct recall""}, {""value"": ""2.0"", ""label"": ""Incorrect recall""}, {""value"": ""9.0"", ""label"": ""No response""}]"
2723,i3571,BAS-RECALL OF DIGITS 23233626,numeric,NOMINAL,-3.0 thru -6.0,"[{""value"": ""-6.0"", ""label"": ""No questionnaire""}, {""value"": ""-3.0"", ""label"": ""Not stated""}, {""value"": ""1.0"", ""label"": ""Correct recall""}, {""value"": ""2.0"", ""label"": ""Incorrect recall""}, {""value"": ""9.0"", ""label"": ""No response""}]"
2724,i3572,BAS-RECALL OF DIGITS 58878446,numeric,NOMINAL,-3.0 thru -6.0,"[{""value"": ""-6.0"", ""label"": ""No questionnaire""}, {""value"": ""-3.0"", ""label"": ""Not stated""}, {""value"": ""1.0"", ""label"": ""Correct recall""}, {""value"": ""2.0"", ""label"": ""Incorrect recall""}, {""value"": ""9.0"", ""label"": ""No response""}]"
2725,i3573,BAS-RECALL OF DIGITS 38896152,numeric,NOMINAL,-3.0 thru -6.0,"[{""value"": ""-6.0"", ""label"": ""No questionnaire""}, {""value"": ""-3.0"", ""label"": ""Not stated""}, {""value"": ""1.0"", ""label"": ""Correct recall""}, {""value"": ""2.0"", ""label"": ""Incorrect recall""}, {""value"": ""9.0"", ""label"": ""No response""}]"
2726,i3574,BAS-RECALL OF DIGITS 25837461,numeric,NOMINAL,-3.0 thru -6.0,"[{""value"": ""-6.0"", ""label"": ""No questionnaire""}, {""value"": ""-3.0"", ""label"": ""Not stated""}, {""value"": ""1.0"", ""label"": ""Correct recall""}, {""value"": ""2.0"", ""label"": ""Incorrect recall""}, {""value"": ""9.0"", ""label"": ""No response""}]"
2727,i3575,BAS-SIMILARITIES ITEM 1-EXAMPLE,numeric,NOMINAL,-3.0 thru -6.0,"[{""value"": ""-6.0"", ""label"": ""No questionnaire""}, {""value"": ""-3.0"", ""label"": ""Not stated""}, {""value"": ""1.0"", ""label"": ""Acceptable response""}, {""value"": ""2.0"", ""label"": ""Unacceptable response""}, {""value"": ""9.0"", ""label"": ""No response""}]"
2728,i3576,BAS-SIMILARITIES ITEM 1-NAME,numeric,NOMINAL,-3.0 thru -6.0,"[{""value"": ""-6.0"", ""label"": ""No questionnaire""}, {""value"": ""-3.0"", ""label"": ""Not stated""}, {""value"": ""1.0"", ""label"": ""Acceptable response""}, {""value"": ""2.0"", ""label"": ""Unacceptable response""}, {""value"": ""9.0"", ""label"": ""No response""}]"
2729,i3577,BAS-SIMILARITIES ITEM 2-EXAMPLE,numeric,NOMINAL,-3.0 thru -6.0,"[{""value"": ""-6.0"", ""label"": ""No questionnaire""}, {""value"": ""-3.0"", ""label"": ""Not stated""}, {""value"": ""1.0"", ""label"": ""Acceptable response""}, {""value"": ""2.0"", ""label"": ""Unacceptable response""}, {""value"": ""9.0"", ""label"": ""No response""}]"
2730,i3578,BAS-SIMILARITIES ITEM 2-NAME,numeric,NOMINAL,-3.0 thru -6.0,"[{""value"": ""-6.0"", ""label"": ""No questionnaire""}, {""value"": ""-3.0"", ""label"": ""Not stated""}, {""value"": ""1.0"", ""label"": ""Acceptable response""}, {""value"": ""2.0"", ""label"": ""Unacceptable response""}, {""value"": ""9.0"", ""label"": ""No response""}]"
2731,i3579,BAS-SIMILARITIES ITEM 3-EXAMPLE,numeric,NOMINAL,-3.0 thru -6.0,"[{""value"": ""-6.0"", ""label"": ""No questionnaire""}, {""value"": ""-3.0"", ""label"": ""Not stated""}, {""value"": ""1.0"", ""label"": ""Acceptable response""}, {""value"": ""2.0"", ""label"": ""Unacceptable response""}, {""value"": ""9.0"", ""label"": ""No response""}]"
2732,i3580,BAS-SIMILARITIES ITEM 3-NAME,numeric,NOMINAL,-3.0 thru -6.0,"[{""value"": ""-6.0"", ""label"": ""No questionnaire""}, {""value"": ""-3.0"", ""label"": ""Not stated""}, {""value"": ""1.0"", ""label"": ""Acceptable response""}, {""value"": ""2.0"", ""label"": ""Unacceptable response""}, {""value"": ""9.0"", ""label"": ""No response""}]"
2733,i3581,BAS-SIMILARITIES ITEM 4-EXAMPLE,numeric,NOMINAL,-3.0 thru -6.0,"[{""value"": ""-6.0"", ""label"": ""No questionnaire""}, {""value"": ""-3.0"", ""label"": ""Not stated""}, {""value"": ""1.0"", ""label"": ""Acceptable response""}, {""value"": ""2.0"", ""label"": ""Unacceptable response""}, {""value"": ""9.0"", ""label"": ""No response""}]"
2734,i3582,BAS-SIMILARITIES ITEM 4-NAME,numeric,NOMINAL,-3.0 thru -6.0,"[{""value"": ""-6.0"", ""label"": ""No questionnaire""}, {""value"": ""-3.0"", ""label"": ""Not stated""}, {""value"": ""1.0"", ""label"": ""Acceptable response""}, {""value"": ""2.0"", ""label"": ""Unacceptable response""}, {""value"": ""9.0"", ""label"": ""No response""}]"
2735,i3583,BAS-SIMILARITIES ITEM 5-EXAMPLE,numeric,NOMINAL,-3.0 thru -6.0,"[{""value"": ""-6.0"", ""label"": ""No questionnaire""}, {""value"": ""-3.0"", ""label"": ""Not stated""}, {""value"": ""1.0"", ""label"": ""Acceptable response""}, {""value"": ""2.0"", ""label"": ""Unacceptable response""}, {""value"": ""9.0"", ""label"": ""No response""}]"
2736,i3584,BAS-SIMILARITIES ITEM 5-NAME,numeric,NOMINAL,-3.0 thru -6.0,"[{""value"": ""-6.0"", ""label"": ""No questionnaire""}, {""value"": ""-3.0"", ""label"": ""Not stated""}, {""value"": ""1.0"", ""label"": ""Acceptable response""}, {""value"": ""2.0"", ""label"": ""Unacceptable response""}, {""value"": ""9.0"", ""label"": ""No response""}]"
2737,i3585,BAS-SIMILARITIES ITEM 6-EXAMPLE,numeric,NOMINAL,-3.0 thru -6.0,"[{""value"": ""-6.0"", ""label"": ""No questionnaire""}, {""value"": ""-3.0"", ""label"": ""Not stated""}, {""value"": ""1.0"", ""label"": ""Acceptable response""}, {""value"": ""2.0"", ""label"": ""Unacceptable response""}, {""value"": ""9.0"", ""label"": ""No response""}]"
2738,i3586,BAS-SIMILARITIES ITEM 6-NAME,numeric,NOMINAL,-3.0 thru -6.0,"[{""value"": ""-6.0"", ""label"": ""No questionnaire""}, {""value"": ""-3.0"", ""label"": ""Not stated""}, {""value"": ""1.0"", ""label"": ""Acceptable response""}, {""value"": ""2.0"", ""label"": ""Unacceptable response""}, {""value"": ""9.0"", ""label"": ""No response""}]"
2739,i3587,BAS-SIMILARITIES ITEM 7-EXAMPLE,numeric,NOMINAL,-3.0 thru -6.0,"[{""value"": ""-6.0"", ""label"": ""No questionnaire""}, {""value"": ""-3.0"", ""label"": ""Not stated""}, {""value"": ""1.0"", ""label"": ""Acceptable response""}, {""value"": ""2.0"", ""label"": ""Unacceptable response""}, {""value"": ""9.0"", ""label"": ""No response""}]"
2740,i3588,BAS-SIMILARITIES ITEM 7-NAME,numeric,NOMINAL,-3.0 thru -6.0,"[{""value"": ""-6.0"", ""label"": ""No questionnaire""}, {""value"": ""-3.0"", ""label"": ""Not stated""}, {""value"": ""1.0"", ""label"": ""Acceptable response""}, {""value"": ""2.0"", ""label"": ""Unacceptable response""}, {""value"": ""9.0"", ""label"": ""No response""}]"
2741,i3589,BAS-SIMILARITIES ITEM 8-EXAMPLE,numeric,NOMINAL,-3.0 thru -6.0,"[{""value"": ""-6.0"", ""label"": ""No questionnaire""}, {""value"": ""-3.0"", ""label"": ""Not stated""}, {""value"": ""1.0"", ""label"": ""Acceptable response""}, {""value"": ""2.0"", ""label"": ""Unacceptable response""}, {""value"": ""9.0"", ""label"": ""No response""}]"
2742,i3590,BAS-SIMILARITIES ITEM 8-NAME,numeric,NOMINAL,-3.0 thru -6.0,"[{""value"": ""-6.0"", ""label"": ""No questionnaire""}, {""value"": ""-3.0"", ""label"": ""Not stated""}, {""value"": ""1.0"", ""label"": ""Acceptable response""}, {""value"": ""2.0"", ""label"": ""Unacceptable response""}, {""value"": ""9.0"", ""label"": ""No response""}]"
2743,i3591,BAS-SIMILARITIES ITEM 9-EXAMPLE,numeric,NOMINAL,-3.0 thru -6.0,"[{""value"": ""-6.0"", ""label"": ""No questionnaire""}, {""value"": ""-3.0"", ""label"": ""Not stated""}, {""value"": ""1.0"", ""label"": ""Acceptable response""}, {""value"": ""2.0"", ""label"": ""Unacceptable response""}, {""value"": ""9.0"", ""label"": ""No response""}]"
2744,i3592,BAS-SIMILARITIES ITEM 9-NAME,numeric,NOMINAL,-3.0 thru -6.0,"[{""value"": ""-6.0"", ""label"": ""No questionnaire""}, {""value"": ""-3.0"", ""label"": ""Not stated""}, {""value"": ""1.0"", ""label"": ""Acceptable response""}, {""value"": ""2.0"", ""label"": ""Unacceptable response""}, {""value"": ""9.0"", ""label"": ""No response""}]"
2745,i3593,BAS-SIMILARITIES ITEM 10-EXAMPLE,numeric,NOMINAL,-3.0 thru -6.0,"[{""value"": ""-6.0"", ""label"": ""No questionnaire""}, {""value"": ""-3.0"", ""label"": ""Not stated""}, {""value"": ""1.0"", ""label"": ""Acceptable response""}, {""value"": ""2.0"", ""label"": ""Unacceptable response""}, {""value"": ""9.0"", ""label"": ""No response""}]"
2746,i3594,BAS-SIMILARITIES ITEM 10-NAME,numeric,NOMINAL,-3.0 thru -6.0,"[{""value"": ""-6.0"", ""label"": ""No questionnaire""}, {""value"": ""-3.0"", ""label"": ""Not stated""}, {""value"": ""1.0"", ""label"": ""Acceptable response""}, {""value"": ""2.0"", ""label"": ""Unacceptable response""}, {""value"": ""9.0"", ""label"": ""No response""}]"
2747,i3595,BAS-SIMILARITIES ITEM 11-EXAMPLE,numeric,NOMINAL,-3.0 thru -6.0,"[{""value"": ""-6.0"", ""label"": ""No questionnaire""}, {""value"": ""-3.0"", ""label"": ""Not stated""}, {""value"": ""1.0"", ""label"": ""Acceptable response""}, {""value"": ""2.0"", ""label"": ""Unacceptable response""}, {""value"": ""9.0"", ""label"": ""No response""}]"
2748,i3596,BAS-SIMILARITIES ITEM 11-NAME,numeric,NOMINAL,-3.0 thru -6.0,"[{""value"": ""-6.0"", ""label"": ""No questionnaire""}, {""value"": ""-3.0"", ""label"": ""Not stated""}, {""value"": ""1.0"", ""label"": ""Acceptable response""}, {""value"": ""2.0"", ""label"": ""Unacceptable response""}, {""value"": ""9.0"", ""label"": ""No response""}]"
2749,i3597,BAS-SIMILARITIES ITEM 12-EXAMPLE,numeric,NOMINAL,-3.0 thru -6.0,"[{""value"": ""-6.0"", ""label"": ""No questionnaire""}, {""value"": ""-3.0"", ""label"": ""Not stated""}, {""value"": ""1.0"", ""label"": ""Acceptable response""}, {""value"": ""2.0"", ""label"": ""Unacceptable response""}, {""value"": ""9.0"", ""label"": ""No response""}]"
2750,i3598,BAS-SIMILARITIES ITEM 12-NAME,numeric,NOMINAL,-3.0 thru -6.0,"[{""value"": ""-6.0"", ""label"": ""No questionnaire""}, {""value"": ""-3.0"", ""label"": ""Not stated""}, {""value"": ""1.0"", ""label"": ""Acceptable response""}, {""value"": ""2.0"", ""label"": ""Unacceptable response""}, {""value"": ""9.0"", ""label"": ""No response""}]"
2751,i3599,BAS-SIMILARITIES ITEM 13-EXAMPLE,numeric,NOMINAL,-3.0 thru -6.0,"[{""value"": ""-6.0"", ""label"": ""No questionnaire""}, {""value"": ""-3.0"", ""label"": ""Not stated""}, {""value"": ""1.0"", ""label"": ""Acceptable response""}, {""value"": ""2.0"", ""label"": ""Unacceptable response""}, {""value"": ""9.0"", ""label"": ""No response""}]"
2752,i3600,BAS-SIMILARITIES ITEM 13-NAME,numeric,NOMINAL,-3.0 thru -6.0,"[{""value"": ""-6.0"", ""label"": ""No questionnaire""}, {""value"": ""-3.0"", ""label"": ""Not stated""}, {""value"": ""1.0"", ""label"": ""Acceptable response""}, {""value"": ""2.0"", ""label"": ""Unacceptable response""}, {""value"": ""9.0"", ""label"": ""No response""}]"
2753,i3601,BAS-SIMILARITIES ITEM 14-EXAMPLE,numeric,NOMINAL,-3.0 thru -6.0,"[{""value"": ""-6.0"", ""label"": ""No questionnaire""}, {""value"": ""-3.0"", ""label"": ""Not stated""}, {""value"": ""1.0"", ""label"": ""Acceptable response""}, {""value"": ""2.0"", ""label"": ""Unacceptable response""}, {""value"": ""9.0"", ""label"": ""No response""}]"
2754,i3602,BAS-SIMILARITIES ITEM 14-NAME,numeric,NOMINAL,-3.0 thru -6.0,"[{""value"": ""-6.0"", ""label"": ""No questionnaire""}, {""value"": ""-3.0"", ""label"": ""Not stated""}, {""value"": ""1.0"", ""label"": ""Acceptable response""}, {""value"": ""2.0"", ""label"": ""Unacceptable response""}, {""value"": ""9.0"", ""label"": ""No response""}]"
2755,i3603,BAS-SIMILARITIES ITEM 15-EXAMPLE,numeric,NOMINAL,-3.0 thru -6.0,"[{""value"": ""-6.0"", ""label"": ""No questionnaire""}, {""value"": ""-3.0"", ""label"": ""Not stated""}, {""value"": ""1.0"", ""label"": ""Acceptable response""}, {""value"": ""2.0"", ""label"": ""Unacceptable response""}, {""value"": ""9.0"", ""label"": ""No response""}]"
2756,i3604,BAS-SIMILARITIES ITEM 15-NAME,numeric,NOMINAL,-3.0 thru -6.0,"[{""value"": ""-6.0"", ""label"": ""No questionnaire""}, {""value"": ""-3.0"", ""label"": ""Not stated""}, {""value"": ""1.0"", ""label"": ""Acceptable response""}, {""value"": ""2.0"", ""label"": ""Unacceptable response""}, {""value"": ""9.0"", ""label"": ""No response""}]"
2757,i3605,BAS-SIMILARITIES ITEM 16-EXAMPLE,numeric,NOMINAL,-3.0 thru -6.0,"[{""value"": ""-6.0"", ""label"": ""No questionnaire""}, {""value"": ""-3.0"", ""label"": ""Not stated""}, {""value"": ""1.0"", ""label"": ""Acceptable response""}, {""value"": ""2.0"", ""label"": ""Unacceptable response""}, {""value"": ""9.0"", ""label"": ""No response""}]"
2758,i3606,BAS-SIMILARITIES ITEM 16-NAME,numeric,NOMINAL,-3.0 thru -6.0,"[{""value"": ""-6.0"", ""label"": ""No questionnaire""}, {""value"": ""-3.0"", ""label"": ""Not stated""}, {""value"": ""1.0"", ""label"": ""Acceptable response""}, {""value"": ""2.0"", ""label"": ""Unacceptable response""}, {""value"": ""9.0"", ""label"": ""No response""}]"
2759,i3607,BAS-SIMILARITIES ITEM 17-EXAMPLE,numeric,NOMINAL,-3.0 thru -6.0,"[{""value"": ""-6.0"", ""label"": ""No questionnaire""}, {""value"": ""-3.0"", ""label"": ""Not stated""}, {""value"": ""1.0"", ""label"": ""Acceptable response""}, {""value"": ""2.0"", ""label"": ""Unacceptable response""}, {""value"": ""9.0"", ""label"": ""No response""}]"
2760,i3608,BAS-SIMILARITIES ITEM 17-NAME,numeric,NOMINAL,-3.0 thru -6.0,"[{""value"": ""-6.0"", ""label"": ""No questionnaire""}, {""value"": ""-3.0"", ""label"": ""Not stated""}, {""value"": ""1.0"", ""label"": ""Acceptable response""}, {""value"": ""2.0"", ""label"": ""Unacceptable response""}, {""value"": ""9.0"", ""label"": ""No response""}]"
2761,i3609,BAS-SIMILARITIES ITEM 18-EXAMPLE,numeric,NOMINAL,-3.0 thru -6.0,"[{""value"": ""-6.0"", ""label"": ""No questionnaire""}, {""value"": ""-3.0"", ""label"": ""Not stated""}, {""value"": ""1.0"", ""label"": ""Acceptable response""}, {""value"": ""2.0"", ""label"": ""Unacceptable response""}, {""value"": ""9.0"", ""label"": ""No response""}]"
2762,i3610,BAS-SIMILARITIES ITEM 18-NAME,numeric,NOMINAL,-3.0 thru -6.0,"[{""value"": ""-6.0"", ""label"": ""No questionnaire""}, {""value"": ""-3.0"", ""label"": ""Not stated""}, {""value"": ""1.0"", ""label"": ""Acceptable response""}, {""value"": ""2.0"", ""label"": ""Unacceptable response""}, {""value"": ""9.0"", ""label"": ""No response""}]"
2763,i3611,BAS-SIMILARITIES ITEM 19-EXAMPLE,numeric,NOMINAL,-3.0 thru -6.0,"[{""value"": ""-6.0"", ""label"": ""No questionnaire""}, {""value"": ""-3.0"", ""label"": ""Not stated""}, {""value"": ""1.0"", ""label"": ""Acceptable response""}, {""value"": ""2.0"", ""label"": ""Unacceptable response""}, {""value"": ""9.0"", ""label"": ""No response""}]"
2764,i3612,BAS-SIMILARITIES ITEM 19-NAME,numeric,NOMINAL,-3.0 thru -6.0,"[{""value"": ""-6.0"", ""label"": ""No questionnaire""}, {""value"": ""-3.0"", ""label"": ""Not stated""}, {""value"": ""1.0"", ""label"": ""Acceptable response""}, {""value"": ""2.0"", ""label"": ""Unacceptable response""}, {""value"": ""9.0"", ""label"": ""No response""}]"
2765,i3613,BAS-SIMILARITIES ITEM 20-EXAMPLE,numeric,NOMINAL,-3.0 thru -6.0,"[{""value"": ""-6.0"", ""label"": ""No questionnaire""}, {""value"": ""-3.0"", ""label"": ""Not stated""}, {""value"": ""1.0"", ""label"": ""Acceptable response""}, {""value"": ""2.0"", ""label"": ""Unacceptable response""}, {""value"": ""9.0"", ""label"": ""No response""}]"
2766,i3614,BAS-SIMILARITIES ITEM 20-NAME,numeric,NOMINAL,-3.0 thru -6.0,"[{""value"": ""-6.0"", ""label"": ""No questionnaire""}, {""value"": ""-3.0"", ""label"": ""Not stated""}, {""value"": ""1.0"", ""label"": ""Acceptable response""}, {""value"": ""2.0"", ""label"": ""Unacceptable response""}, {""value"": ""9.0"", ""label"": ""No response""}]"
2767,i3615,BAS-SIMILARITIES ITEM 21-EXAMPLE,numeric,NOMINAL,-3.0 thru -6.0,"[{""value"": ""-6.0"", ""label"": ""No questionnaire""}, {""value"": ""-3.0"", ""label"": ""Not stated""}, {""value"": ""1.0"", ""label"": ""Acceptable response""}, {""value"": ""2.0"", ""label"": ""Unacceptable response""}, {""value"": ""9.0"", ""label"": ""No response""}]"
2768,i3616,BAS-SIMILARITIES ITEM 21-NAME,numeric,NOMINAL,-3.0 thru -6.0,"[{""value"": ""-6.0"", ""label"": ""No questionnaire""}, {""value"": ""-3.0"", ""label"": ""Not stated""}, {""value"": ""1.0"", ""label"": ""Acceptable response""}, {""value"": ""2.0"", ""label"": ""Unacceptable response""}, {""value"": ""9.0"", ""label"": ""No response""}]"
2769,i3617,BAS-MATRICES ITEM 1,numeric,NOMINAL,-3.0 thru -6.0,"[{""value"": ""-6.0"", ""label"": ""No questionnaire""}, {""value"": ""-3.0"", ""label"": ""Not stated""}, {""value"": ""1.0"", ""label"": ""Correct response""}, {""value"": ""2.0"", ""label"": ""Incorrect response""}, {""value"": ""9.0"", ""label"": ""No response""}]"
2770,i3618,BAS-MATRICES ITEM 2,numeric,NOMINAL,-3.0 thru -6.0,"[{""value"": ""-6.0"", ""label"": ""No questionnaire""}, {""value"": ""-3.0"", ""label"": ""Not stated""}, {""value"": ""1.0"", ""label"": ""Correct response""}, {""value"": ""2.0"", ""label"": ""Incorrect response""}, {""value"": ""9.0"", ""label"": ""No response""}]"
2771,i3619,BAS-MATRICES ITEM 3,numeric,NOMINAL,-3.0 thru -6.0,"[{""value"": ""-6.0"", ""label"": ""No questionnaire""}, {""value"": ""-3.0"", ""label"": ""Not stated""}, {""value"": ""1.0"", ""label"": ""Correct response""}, {""value"": ""2.0"", ""label"": ""Incorrect response""}, {""value"": ""9.0"", ""label"": ""No response""}]"
2772,i3620,BAS-MATRICES ITEM 4,numeric,NOMINAL,-3.0 thru -6.0,"[{""value"": ""-6.0"", ""label"": ""No questionnaire""}, {""value"": ""-3.0"", ""label"": ""Not stated""}, {""value"": ""1.0"", ""label"": ""Correct response""}, {""value"": ""2.0"", ""label"": ""Incorrect response""}, {""value"": ""9.0"", ""label"": ""No response""}]"
2773,i3621,BAS-MATRICES ITEM 5,numeric,NOMINAL,-3.0 thru -6.0,"[{""value"": ""-6.0"", ""label"": ""No questionnaire""}, {""value"": ""-3.0"", ""label"": ""Not stated""}, {""value"": ""1.0"", ""label"": ""Correct response""}, {""value"": ""2.0"", ""label"": ""Incorrect response""}, {""value"": ""9.0"", ""label"": ""No response""}]"
2774,i3622,BAS-MATRICES ITEM 6,numeric,NOMINAL,-3.0 thru -6.0,"[{""value"": ""-6.0"", ""label"": ""No questionnaire""}, {""value"": ""-3.0"", ""label"": ""Not stated""}, {""value"": ""1.0"", ""label"": ""Correct response""}, {""value"": ""2.0"", ""label"": ""Incorrect response""}, {""value"": ""9.0"", ""label"": ""No response""}]"
2775,i3623,BAS-MATRICES ITEM 7,numeric,NOMINAL,-3.0 thru -6.0,"[{""value"": ""-6.0"", ""label"": ""No questionnaire""}, {""value"": ""-3.0"", ""label"": ""Not stated""}, {""value"": ""1.0"", ""label"": ""Correct response""}, {""value"": ""2.0"", ""label"": ""Incorrect response""}, {""value"": ""9.0"", ""label"": ""No response""}]"
2776,i3624,BAS-MATRICES ITEM 8,numeric,NOMINAL,-3.0 thru -6.0,"[{""value"": ""-6.0"", ""label"": ""No questionnaire""}, {""value"": ""-3.0"", ""label"": ""Not stated""}, {""value"": ""1.0"", ""label"": ""Correct response""}, {""value"": ""2.0"", ""label"": ""Incorrect response""}, {""value"": ""9.0"", ""label"": ""No response""}]"
2777,i3625,BAS-MATRICES ITEM 9,numeric,NOMINAL,-3.0 thru -6.0,"[{""value"": ""-6.0"", ""label"": ""No questionnaire""}, {""value"": ""-3.0"", ""label"": ""Not stated""}, {""value"": ""1.0"", ""label"": ""Correct response""}, {""value"": ""2.0"", ""label"": ""Incorrect response""}, {""value"": ""9.0"", ""label"": ""No response""}]"
2778,i3626,BAS-MATRICES ITEM 10,numeric,NOMINAL,-3.0 thru -6.0,"[{""value"": ""-6.0"", ""label"": ""No questionnaire""}, {""value"": ""-3.0"", ""label"": ""Not stated""}, {""value"": ""1.0"", ""label"": ""Correct response""}, {""value"": ""2.0"", ""label"": ""Incorrect response""}, {""value"": ""9.0"", ""label"": ""No response""}]"
2779,i3627,BAS-MATRICES ITEM 11,numeric,NOMINAL,-3.0 thru -6.0,"[{""value"": ""-6.0"", ""label"": ""No questionnaire""}, {""value"": ""-3.0"", ""label"": ""Not stated""}, {""value"": ""1.0"", ""label"": ""Correct response""}, {""value"": ""2.0"", ""label"": ""Incorrect response""}, {""value"": ""9.0"", ""label"": ""No response""}]"
2780,i3628,BAS-MATRICES ITEM 12,numeric,NOMINAL,-3.0 thru -6.0,"[{""value"": ""-6.0"", ""label"": ""No questionnaire""}, {""value"": ""-3.0"", ""label"": ""Not stated""}, {""value"": ""1.0"", ""label"": ""Correct response""}, {""value"": ""2.0"", ""label"": ""Incorrect response""}, {""value"": ""9.0"", ""label"": ""No response""}]"
2781,i3629,BAS-MATRICES ITEM 13,numeric,NOMINAL,-3.0 thru -6.0,"[{""value"": ""-6.0"", ""label"": ""No questionnaire""}, {""value"": ""-3.0"", ""label"": ""Not stated""}, {""value"": ""1.0"", ""label"": ""Correct response""}, {""value"": ""2.0"", ""label"": ""Incorrect response""}, {""value"": ""9.0"", ""label"": ""No response""}]"
2782,i3630,BAS-MATRICES ITEM 14,numeric,NOMINAL,-3.0 thru -6.0,"[{""value"": ""-6.0"", ""label"": ""No questionnaire""}, {""value"": ""-3.0"", ""label"": ""Not stated""}, {""value"": ""1.0"", ""label"": ""Correct response""}, {""value"": ""2.0"", ""label"": ""Incorrect response""}, {""value"": ""9.0"", ""label"": ""No response""}]"
2783,i3631,BAS-MATRICES ITEM 15,numeric,NOMINAL,-3.0 thru -6.0,"[{""value"": ""-6.0"", ""label"": ""No questionnaire""}, {""value"": ""-3.0"", ""label"": ""Not stated""}, {""value"": ""1.0"", ""label"": ""Correct response""}, {""value"": ""2.0"", ""label"": ""Incorrect response""}, {""value"": ""9.0"", ""label"": ""No response""}]"
2784,i3632,BAS-MATRICES ITEM 16,numeric,NOMINAL,-3.0 thru -6.0,"[{""value"": ""-6.0"", ""label"": ""No questionnaire""}, {""value"": ""-3.0"", ""label"": ""Not stated""}, {""value"": ""1.0"", ""label"": ""Correct response""}, {""value"": ""2.0"", ""label"": ""Incorrect response""}, {""value"": ""9.0"", ""label"": ""No response""}]"
2785,i3633,BAS-MATRICES ITEM 17,numeric,NOMINAL,-3.0 thru -6.0,"[{""value"": ""-6.0"", ""label"": ""No questionnaire""}, {""value"": ""-3.0"", ""label"": ""Not stated""}, {""value"": ""1.0"", ""label"": ""Correct response""}, {""value"": ""2.0"", ""label"": ""Incorrect response""}, {""value"": ""9.0"", ""label"": ""No response""}]"
2786,i3634,BAS-MATRICES ITEM 18,numeric,NOMINAL,-3.0 thru -6.0,"[{""value"": ""-6.0"", ""label"": ""No questionnaire""}, {""value"": ""-3.0"", ""label"": ""Not stated""}, {""value"": ""1.0"", ""label"": ""Correct response""}, {""value"": ""2.0"", ""label"": ""Incorrect response""}, {""value"": ""9.0"", ""label"": ""No response""}]"
2787,i3635,BAS-MATRICES ITEM 19,numeric,NOMINAL,-3.0 thru -6.0,"[{""value"": ""-6.0"", ""label"": ""No questionnaire""}, {""value"": ""-3.0"", ""label"": ""Not stated""}, {""value"": ""1.0"", ""label"": ""Correct response""}, {""value"": ""2.0"", ""label"": ""Incorrect response""}, {""value"": ""9.0"", ""label"": ""No response""}]"
2788,i3636,BAS-MATRICES ITEM 20,numeric,NOMINAL,-3.0 thru -6.0,"[{""value"": ""-6.0"", ""label"": ""No questionnaire""}, {""value"": ""-3.0"", ""label"": ""Not stated""}, {""value"": ""1.0"", ""label"": ""Correct response""}, {""value"": ""2.0"", ""label"": ""Incorrect response""}, {""value"": ""9.0"", ""label"": ""No response""}]"
2789,i3637,BAS-MATRICES ITEM 21,numeric,NOMINAL,-3.0 thru -6.0,"[{""value"": ""-6.0"", ""label"": ""No questionnaire""}, {""value"": ""-3.0"", ""label"": ""Not stated""}, {""value"": ""1.0"", ""label"": ""Correct response""}, {""value"": ""2.0"", ""label"": ""Incorrect response""}, {""value"": ""9.0"", ""label"": ""No response""}]"
2790,i3638,BAS-MATRICES ITEM 22,numeric,NOMINAL,-3.0 thru -6.0 and -7.0,"[{""value"": ""-6.0"", ""label"": ""No questionnaire""}, {""value"": ""-3.0"", ""label"": ""NS/No response""}, {""value"": ""1.0"", ""label"": ""Correct response""}, {""value"": ""2.0"", ""label"": ""Incorrect response""}, {""value"": ""9.0"", ""label"": ""No response""}]"
2791,i3639,BAS-MATRICES ITEM 23,numeric,NOMINAL,-3.0 thru -6.0 and -7.0,"[{""value"": ""-6.0"", ""label"": ""No questionnaire""}, {""value"": ""-3.0"", ""label"": ""NS/No response""}, {""value"": ""1.0"", ""label"": ""Correct response""}, {""value"": ""2.0"", ""label"": ""Incorrect response""}, {""value"": ""9.0"", ""label"": ""No response""}]"
2792,i3640,BAS-MATRICES ITEM 24,numeric,NOMINAL,-3.0 thru -6.0,"[{""value"": ""-6.0"", ""label"": ""No questionnaire""}, {""value"": ""-3.0"", ""label"": ""Not stated""}, {""value"": ""1.0"", ""label"": ""Correct response""}, {""value"": ""2.0"", ""label"": ""Incorrect response""}, {""value"": ""9.0"", ""label"": ""No response""}]"
2793,i3641,BAS-MATRICES ITEM 25,numeric,NOMINAL,-3.0 thru -6.0,"[{""value"": ""-6.0"", ""label"": ""No questionnaire""}, {""value"": ""-3.0"", ""label"": ""Not stated""}, {""value"": ""1.0"", ""label"": ""Correct response""}, {""value"": ""2.0"", ""label"": ""Incorrect response""}, {""value"": ""9.0"", ""label"": ""No response""}]"
2794,i3642,BAS-MATRICES ITEM 26,numeric,NOMINAL,-3.0 thru -6.0,"[{""value"": ""-6.0"", ""label"": ""No questionnaire""}, {""value"": ""-3.0"", ""label"": ""Not stated""}, {""value"": ""1.0"", ""label"": ""Correct response""}, {""value"": ""2.0"", ""label"": ""Incorrect response""}, {""value"": ""9.0"", ""label"": ""No response""}]"
2795,i3643,BAS-MATRICES ITEM 27,numeric,NOMINAL,-3.0 thru -6.0,"[{""value"": ""-6.0"", ""label"": ""No questionnaire""}, {""value"": ""-3.0"", ""label"": ""Not stated""}, {""value"": ""1.0"", ""label"": ""Correct response""}, {""value"": ""2.0"", ""label"": ""Incorrect response""}, {""value"": ""9.0"", ""label"": ""No response""}]"
2796,i3644,BAS-MATRICES ITEM 28,numeric,NOMINAL,-3.0 thru -6.0,"[{""value"": ""-6.0"", ""label"": ""No questionnaire""}, {""value"": ""-3.0"", ""label"": ""Not stated""}, {""value"": ""1.0"", ""label"": ""Correct response""}, {""value"": ""2.0"", ""label"": ""Incorrect response""}, {""value"": ""9.0"", ""label"": ""No response""}]"
2797,i3645,CODER B.A.S.,numeric,NOMINAL,-3.0 thru -6.0 and -7.0,"[{""value"": ""-7.0"", ""label"": ""Blank""}, {""value"": ""-6.0"", ""label"": ""No questionnaire""}, {""value"": ""-3.0"", ""label"": ""Not stated""}]"
2798,i4001,DERIVED VARIABLE FROM I2504-FRIENDLY MT,numeric,NOMINAL,-6.0 thru -4.0 and -3.0,"[{""value"": ""-6.0"", ""label"": ""No questionnaire""}, {""value"": ""-4.0"", ""label"": ""More than 1 answer""}, {""value"": ""-3.0"", ""label"": ""NS/No response""}, {""value"": ""1.0"", ""label"": ""Correct""}, {""value"": ""2.0"", ""label"": ""Incorrect""}]"
2799,i4002,DERIVED VARIABLE FROM I2505-FRIENDLY MT,numeric,NOMINAL,-6.0 thru -4.0 and -3.0,"[{""value"": ""-6.0"", ""label"": ""No questionnaire""}, {""value"": ""-4.0"", ""label"": ""More than 1 answer""}, {""value"": ""-3.0"", ""label"": ""NS/No response""}, {""value"": ""1.0"", ""label"": ""Correct""}, {""value"": ""2.0"", ""label"": ""Incorrect""}]"
2800,i4003,DERIVED VARIABLE FROM I2506-FRIENDLY MT,numeric,NOMINAL,-6.0 thru -4.0 and -3.0,"[{""value"": ""-6.0"", ""label"": ""No questionnaire""}, {""value"": ""-4.0"", ""label"": ""More than 1 answer""}, {""value"": ""-3.0"", ""label"": ""NS/No response""}, {""value"": ""1.0"", ""label"": ""Correct""}, {""value"": ""2.0"", ""label"": ""Incorrect""}]"
2801,i4004,DERIVED VARIABLE FROM I2507-FRIENDLY MT,numeric,NOMINAL,-6.0 thru -4.0 and -3.0,"[{""value"": ""-6.0"", ""label"": ""No questionnaire""}, {""value"": ""-4.0"", ""label"": ""More than 1 answer""}, {""value"": ""-3.0"", ""label"": ""NS/No response""}, {""value"": ""1.0"", ""label"": ""Correct""}, {""value"": ""2.0"", ""label"": ""Incorrect""}]"
2802,i4005,DERIVED VARIABLE FROM I2508-FRIENDLY MT,numeric,NOMINAL,-6.0 thru -4.0 and -3.0,"[{""value"": ""-6.0"", ""label"": ""No questionnaire""}, {""value"": ""-4.0"", ""label"": ""More than 1 answer""}, {""value"": ""-3.0"", ""label"": ""NS/No response""}, {""value"": ""1.0"", ""label"": ""Correct""}, {""value"": ""2.0"", ""label"": ""Incorrect""}]"
2803,i4006,DERIVED VARIABLE FROM I2509-FRIENDLY MT,numeric,NOMINAL,-6.0 thru -4.0 and -3.0,"[{""value"": ""-6.0"", ""label"": ""No questionnaire""}, {""value"": ""-4.0"", ""label"": ""More than 1 answer""}, {""value"": ""-3.0"", ""label"": ""NS/No response""}, {""value"": ""1.0"", ""label"": ""Correct""}, {""value"": ""2.0"", ""label"": ""Incorrect""}]"
2804,i4007,DERIVED VARIABLE FROM I2510-FRIENDLY MT,numeric,NOMINAL,-6.0 thru -4.0 and -3.0,"[{""value"": ""-6.0"", ""label"": ""No questionnaire""}, {""value"": ""-4.0"", ""label"": ""More than 1 answer""}, {""value"": ""-3.0"", ""label"": ""NS/No response""}, {""value"": ""1.0"", ""label"": ""Correct""}, {""value"": ""2.0"", ""label"": ""Incorrect""}]"
2805,i4008,DERIVED VARIABLE FROM I2511-FRIENDLY MT,numeric,NOMINAL,-6.0 thru -4.0 and -3.0,"[{""value"": ""-6.0"", ""label"": ""No questionnaire""}, {""value"": ""-4.0"", ""label"": ""More than 1 answer""}, {""value"": ""-3.0"", ""label"": ""NS/No response""}, {""value"": ""1.0"", ""label"": ""Correct""}, {""value"": ""2.0"", ""label"": ""Incorrect""}]"
2806,i4009,DERIVED VARIABLE FROM I2512-FRIENDLY MT,numeric,NOMINAL,-6.0 thru -4.0 and -3.0,"[{""value"": ""-6.0"", ""label"": ""No questionnaire""}, {""value"": ""-4.0"", ""label"": ""More than 1 answer""}, {""value"": ""-3.0"", ""label"": ""NS/No response""}, {""value"": ""1.0"", ""label"": ""Correct""}, {""value"": ""2.0"", ""label"": ""Incorrect""}]"
2807,i4010,DERIVED VARIABLE FROM I2513-FRIENDLY MT,numeric,NOMINAL,-6.0 thru -4.0 and -3.0,"[{""value"": ""-6.0"", ""label"": ""No questionnaire""}, {""value"": ""-4.0"", ""label"": ""More than 1 answer""}, {""value"": ""-3.0"", ""label"": ""NS/No response""}, {""value"": ""1.0"", ""label"": ""Correct""}, {""value"": ""2.0"", ""label"": ""Incorrect""}]"
2808,i4011,DERIVED VARIABLE FROM I2514-FRIENDLY MT,numeric,NOMINAL,-6.0 thru -4.0 and -3.0,"[{""value"": ""-6.0"", ""label"": ""No questionnaire""}, {""value"": ""-4.0"", ""label"": ""More than 1 answer""}, {""value"": ""-3.0"", ""label"": ""NS/No response""}, {""value"": ""1.0"", ""label"": ""Correct""}, {""value"": ""2.0"", ""label"": ""Incorrect""}]"
2809,i4012,DERIVED VARIABLE FROM I2515-FRIENDLY MT,numeric,NOMINAL,-6.0 thru -4.0 and -3.0,"[{""value"": ""-6.0"", ""label"": ""No questionnaire""}, {""value"": ""-4.0"", ""label"": ""More than 1 answer""}, {""value"": ""-3.0"", ""label"": ""NS/No response""}, {""value"": ""1.0"", ""label"": ""Correct""}, {""value"": ""2.0"", ""label"": ""Incorrect""}]"
2810,i4013,DERIVED VARIABLE FROM I2516-FRIENDLY MT,numeric,NOMINAL,-6.0 thru -4.0 and -3.0,"[{""value"": ""-6.0"", ""label"": ""No questionnaire""}, {""value"": ""-4.0"", ""label"": ""More than 1 answer""}, {""value"": ""-3.0"", ""label"": ""NS/No response""}, {""value"": ""1.0"", ""label"": ""Correct""}, {""value"": ""2.0"", ""label"": ""Incorrect""}]"
2811,i4014,DERIVED VARIABLE FROM I2517-FRIENDLY MT,numeric,NOMINAL,-6.0 thru -4.0 and -3.0,"[{""value"": ""-6.0"", ""label"": ""No questionnaire""}, {""value"": ""-4.0"", ""label"": ""More than 1 answer""}, {""value"": ""-3.0"", ""label"": ""NS/No response""}, {""value"": ""1.0"", ""label"": ""Correct""}, {""value"": ""2.0"", ""label"": ""Incorrect""}]"
2812,i4015,DERIVED VARIABLE FROM I2518-FRIENDLY MT,numeric,NOMINAL,-6.0 thru -4.0 and -3.0,"[{""value"": ""-6.0"", ""label"": ""No questionnaire""}, {""value"": ""-4.0"", ""label"": ""More than 1 answer""}, {""value"": ""-3.0"", ""label"": ""NS/No response""}, {""value"": ""1.0"", ""label"": ""Correct""}, {""value"": ""2.0"", ""label"": ""Incorrect""}]"
2813,i4016,DERIVED VARIABLE FROM I2519-FRIENDLY MT,numeric,NOMINAL,-6.0 thru -4.0 and -3.0,"[{""value"": ""-6.0"", ""label"": ""No questionnaire""}, {""value"": ""-4.0"", ""label"": ""More than 1 answer""}, {""value"": ""-3.0"", ""label"": ""NS/No response""}, {""value"": ""1.0"", ""label"": ""Correct""}, {""value"": ""2.0"", ""label"": ""Incorrect""}]"
2814,i4017,DERIVED VARIABLE FROM I2520-FRIENDLY MT,numeric,NOMINAL,-6.0 thru -4.0 and -3.0,"[{""value"": ""-6.0"", ""label"": ""No questionnaire""}, {""value"": ""-4.0"", ""label"": ""More than 1 answer""}, {""value"": ""-3.0"", ""label"": ""NS/No response""}, {""value"": ""1.0"", ""label"": ""Correct""}, {""value"": ""2.0"", ""label"": ""Incorrect""}]"
2815,i4018,DERIVED VARIABLE FROM I2521-FRIENDLY MT,numeric,NOMINAL,-6.0 thru -4.0 and -3.0,"[{""value"": ""-6.0"", ""label"": ""No questionnaire""}, {""value"": ""-4.0"", ""label"": ""More than 1 answer""}, {""value"": ""-3.0"", ""label"": ""NS/No response""}, {""value"": ""1.0"", ""label"": ""Correct""}, {""value"": ""2.0"", ""label"": ""Incorrect""}]"
2816,i4019,DERIVED VARIABLE FROM I2522-FRIENDLY MT,numeric,NOMINAL,-6.0 thru -4.0 and -3.0,"[{""value"": ""-6.0"", ""label"": ""No questionnaire""}, {""value"": ""-4.0"", ""label"": ""More than 1 answer""}, {""value"": ""-3.0"", ""label"": ""NS/No response""}, {""value"": ""1.0"", ""label"": ""Correct""}, {""value"": ""2.0"", ""label"": ""Incorrect""}]"
2817,i4020,DERIVED VARIABLE FROM I2523-FRIENDLY MT,numeric,NOMINAL,-6.0 thru -4.0 and -3.0,"[{""value"": ""-6.0"", ""label"": ""No questionnaire""}, {""value"": ""-4.0"", ""label"": ""More than 1 answer""}, {""value"": ""-3.0"", ""label"": ""NS/No response""}, {""value"": ""1.0"", ""label"": ""Correct""}, {""value"": ""2.0"", ""label"": ""Incorrect""}]"
2818,i4021,DERIVED VARIABLE FROM I2524-FRIENDLY MT,numeric,NOMINAL,-6.0 thru -4.0 and -3.0,"[{""value"": ""-6.0"", ""label"": ""No questionnaire""}, {""value"": ""-4.0"", ""label"": ""More than 1 answer""}, {""value"": ""-3.0"", ""label"": ""NS/No response""}, {""value"": ""1.0"", ""label"": ""Correct""}, {""value"": ""2.0"", ""label"": ""Incorrect""}]"
2819,i4022,DERIVED VARIABLE FROM I2525-FRIENDLY MT,numeric,NOMINAL,-6.0 thru -4.0 and -3.0,"[{""value"": ""-6.0"", ""label"": ""No questionnaire""}, {""value"": ""-4.0"", ""label"": ""More than 1 answer""}, {""value"": ""-3.0"", ""label"": ""NS/No response""}, {""value"": ""1.0"", ""label"": ""Correct""}, {""value"": ""2.0"", ""label"": ""Incorrect""}]"
2820,i4023,DERIVED VARIABLE FROM I2526-FRIENDLY MT,numeric,NOMINAL,-6.0 thru -4.0 and -3.0,"[{""value"": ""-6.0"", ""label"": ""No questionnaire""}, {""value"": ""-4.0"", ""label"": ""More than 1 answer""}, {""value"": ""-3.0"", ""label"": ""NS/No response""}, {""value"": ""1.0"", ""label"": ""Correct""}, {""value"": ""2.0"", ""label"": ""Incorrect""}]"
2821,i4024,DERIVED VARIABLE FROM I2527-FRIENDLY MT,numeric,NOMINAL,-6.0 thru -4.0 and -3.0,"[{""value"": ""-6.0"", ""label"": ""No questionnaire""}, {""value"": ""-4.0"", ""label"": ""More than 1 answer""}, {""value"": ""-3.0"", ""label"": ""NS/No response""}, {""value"": ""1.0"", ""label"": ""Correct""}, {""value"": ""2.0"", ""label"": ""Incorrect""}]"
2822,i4025,DERIVED VARIABLE FROM I2528-FRIENDLY MT,numeric,NOMINAL,-6.0 thru -4.0 and -3.0,"[{""value"": ""-6.0"", ""label"": ""No questionnaire""}, {""value"": ""-4.0"", ""label"": ""More than 1 answer""}, {""value"": ""-3.0"", ""label"": ""NS/No response""}, {""value"": ""1.0"", ""label"": ""Correct""}, {""value"": ""2.0"", ""label"": ""Incorrect""}]"
2823,i4026,DERIVED VARIABLE FROM I2529-FRIENDLY MT,numeric,NOMINAL,-6.0 thru -4.0 and -3.0,"[{""value"": ""-6.0"", ""label"": ""No questionnaire""}, {""value"": ""-4.0"", ""label"": ""More than 1 answer""}, {""value"": ""-3.0"", ""label"": ""NS/No response""}, {""value"": ""1.0"", ""label"": ""Correct""}, {""value"": ""2.0"", ""label"": ""Incorrect""}]"
2824,i4027,DERIVED VARIABLE FROM I2530-FRIENDLY MT,numeric,NOMINAL,-6.0 thru -4.0 and -3.0,"[{""value"": ""-6.0"", ""label"": ""No questionnaire""}, {""value"": ""-4.0"", ""label"": ""More than 1 answer""}, {""value"": ""-3.0"", ""label"": ""NS/No response""}, {""value"": ""1.0"", ""label"": ""Correct""}, {""value"": ""2.0"", ""label"": ""Incorrect""}]"
2825,i4028,DERIVED VARIABLE FROM I2531-FRIENDLY MT,numeric,NOMINAL,-6.0 thru -4.0 and -3.0,"[{""value"": ""-6.0"", ""label"": ""No questionnaire""}, {""value"": ""-4.0"", ""label"": ""More than 1 answer""}, {""value"": ""-3.0"", ""label"": ""NS/No response""}, {""value"": ""1.0"", ""label"": ""Correct""}, {""value"": ""2.0"", ""label"": ""Incorrect""}]"
2826,i4029,DERIVED VARIABLE FROM I2532-FRIENDLY MT,numeric,NOMINAL,-6.0 thru -4.0 and -3.0,"[{""value"": ""-6.0"", ""label"": ""No questionnaire""}, {""value"": ""-4.0"", ""label"": ""More than 1 answer""}, {""value"": ""-3.0"", ""label"": ""NS/No response""}, {""value"": ""1.0"", ""label"": ""Correct""}, {""value"": ""2.0"", ""label"": ""Incorrect""}]"
2827,i4030,DERIVED VARIABLE FROM I2533-FRIENDLY MT,numeric,NOMINAL,-6.0 thru -4.0 and -3.0,"[{""value"": ""-6.0"", ""label"": ""No questionnaire""}, {""value"": ""-4.0"", ""label"": ""More than 1 answer""}, {""value"": ""-3.0"", ""label"": ""NS/No response""}, {""value"": ""1.0"", ""label"": ""Correct""}, {""value"": ""2.0"", ""label"": ""Incorrect""}]"
2828,i4031,DERIVED VARIABLE FROM I2534-FRIENDLY MT,numeric,NOMINAL,-6.0 thru -4.0 and -3.0,"[{""value"": ""-6.0"", ""label"": ""No questionnaire""}, {""value"": ""-4.0"", ""label"": ""More than 1 answer""}, {""value"": ""-3.0"", ""label"": ""NS/No response""}, {""value"": ""1.0"", ""label"": ""Correct""}, {""value"": ""2.0"", ""label"": ""Incorrect""}]"
2829,i4032,DERIVED VARIABLE FROM I2535-FRIENDLY MT,numeric,NOMINAL,-6.0 thru -4.0 and -3.0,"[{""value"": ""-6.0"", ""label"": ""No questionnaire""}, {""value"": ""-4.0"", ""label"": ""More than 1 answer""}, {""value"": ""-3.0"", ""label"": ""NS/No response""}, {""value"": ""1.0"", ""label"": ""Correct""}, {""value"": ""2.0"", ""label"": ""Incorrect""}]"
2830,i4033,DERIVED VARIABLE FROM I2536-FRIENDLY MT,numeric,NOMINAL,-6.0 thru -4.0 and -3.0,"[{""value"": ""-6.0"", ""label"": ""No questionnaire""}, {""value"": ""-4.0"", ""label"": ""More than 1 answer""}, {""value"": ""-3.0"", ""label"": ""NS/No response""}, {""value"": ""1.0"", ""label"": ""Correct""}, {""value"": ""2.0"", ""label"": ""Incorrect""}]"
2831,i4034,DERIVED VARIABLE FROM I2537-FRIENDLY MT,numeric,NOMINAL,-6.0 thru -4.0 and -3.0,"[{""value"": ""-6.0"", ""label"": ""No questionnaire""}, {""value"": ""-4.0"", ""label"": ""More than 1 answer""}, {""value"": ""-3.0"", ""label"": ""NS/No response""}, {""value"": ""1.0"", ""label"": ""Correct""}, {""value"": ""2.0"", ""label"": ""Incorrect""}]"
2832,i4035,DERIVED VARIABLE FROM I2538-FRIENDLY MT,numeric,NOMINAL,-6.0 thru -4.0 and -3.0,"[{""value"": ""-6.0"", ""label"": ""No questionnaire""}, {""value"": ""-4.0"", ""label"": ""More than 1 answer""}, {""value"": ""-3.0"", ""label"": ""NS/No response""}, {""value"": ""1.0"", ""label"": ""Correct""}, {""value"": ""2.0"", ""label"": ""Incorrect""}]"
2833,i4036,DERIVED VARIABLE FROM I2539-FRIENDLY MT,numeric,NOMINAL,-6.0 thru -4.0 and -3.0,"[{""value"": ""-6.0"", ""label"": ""No questionnaire""}, {""value"": ""-4.0"", ""label"": ""More than 1 answer""}, {""value"": ""-3.0"", ""label"": ""NS/No response""}, {""value"": ""1.0"", ""label"": ""Correct""}, {""value"": ""2.0"", ""label"": ""Incorrect""}]"
2834,i4037,DERIVED VARIABLE FROM I2540-FRIENDLY MT,numeric,NOMINAL,-6.0 thru -4.0 and -3.0,"[{""value"": ""-6.0"", ""label"": ""No questionnaire""}, {""value"": ""-4.0"", ""label"": ""More than 1 answer""}, {""value"": ""-3.0"", ""label"": ""NS/No response""}, {""value"": ""1.0"", ""label"": ""Correct""}, {""value"": ""2.0"", ""label"": ""Incorrect""}]"
2835,i4038,DERIVED VARIABLE FROM I2541-FRIENDLY MT,numeric,NOMINAL,-6.0 thru -4.0 and -3.0,"[{""value"": ""-6.0"", ""label"": ""No questionnaire""}, {""value"": ""-4.0"", ""label"": ""More than 1 answer""}, {""value"": ""-3.0"", ""label"": ""NS/No response""}, {""value"": ""1.0"", ""label"": ""Correct""}, {""value"": ""2.0"", ""label"": ""Incorrect""}]"
2836,i4039,DERIVED VARIABLE FROM I2542-FRIENDLY MT,numeric,NOMINAL,-6.0 thru -4.0 and -3.0,"[{""value"": ""-6.0"", ""label"": ""No questionnaire""}, {""value"": ""-4.0"", ""label"": ""More than 1 answer""}, {""value"": ""-3.0"", ""label"": ""NS/No response""}, {""value"": ""1.0"", ""label"": ""Correct""}, {""value"": ""2.0"", ""label"": ""Incorrect""}]"
2837,i4040,DERIVED VARIABLE FROM I2543-FRIENDLY MT,numeric,NOMINAL,-6.0 thru -4.0 and -3.0,"[{""value"": ""-6.0"", ""label"": ""No questionnaire""}, {""value"": ""-4.0"", ""label"": ""More than 1 answer""}, {""value"": ""-3.0"", ""label"": ""NS/No response""}, {""value"": ""1.0"", ""label"": ""Correct""}, {""value"": ""2.0"", ""label"": ""Incorrect""}]"
2838,i4041,DERIVED VARIABLE FROM I2544-FRIENDLY MT,numeric,NOMINAL,-6.0 thru -4.0 and -3.0,"[{""value"": ""-6.0"", ""label"": ""No questionnaire""}, {""value"": ""-4.0"", ""label"": ""More than 1 answer""}, {""value"": ""-3.0"", ""label"": ""NS/No response""}, {""value"": ""1.0"", ""label"": ""Correct""}, {""value"": ""2.0"", ""label"": ""Incorrect""}]"
2839,i4042,DERIVED VARIABLE FROM I2545-FRIENDLY MT,numeric,NOMINAL,-6.0 thru -4.0 and -3.0,"[{""value"": ""-6.0"", ""label"": ""No questionnaire""}, {""value"": ""-4.0"", ""label"": ""More than 1 answer""}, {""value"": ""-3.0"", ""label"": ""NS/No response""}, {""value"": ""1.0"", ""label"": ""Correct""}, {""value"": ""2.0"", ""label"": ""Incorrect""}]"
2840,i4043,DERIVED VARIABLE FROM I2546-FRIENDLY MT,numeric,NOMINAL,-6.0 thru -4.0 and -3.0,"[{""value"": ""-6.0"", ""label"": ""No questionnaire""}, {""value"": ""-4.0"", ""label"": ""More than 1 answer""}, {""value"": ""-3.0"", ""label"": ""NS/No response""}, {""value"": ""1.0"", ""label"": ""Correct""}, {""value"": ""2.0"", ""label"": ""Incorrect""}]"
2841,i4044,DERIVED VARIABLE FROM I2547-FRIENDLY MT,numeric,NOMINAL,-6.0 thru -4.0 and -3.0,"[{""value"": ""-6.0"", ""label"": ""No questionnaire""}, {""value"": ""-4.0"", ""label"": ""More than 1 answer""}, {""value"": ""-3.0"", ""label"": ""NS/No response""}, {""value"": ""1.0"", ""label"": ""Correct""}, {""value"": ""2.0"", ""label"": ""Incorrect""}]"
2842,i4045,DERIVED VARIABLE FROM I2548-FRIENDLY MT,numeric,NOMINAL,-6.0 thru -4.0 and -3.0,"[{""value"": ""-6.0"", ""label"": ""No questionnaire""}, {""value"": ""-4.0"", ""label"": ""More than 1 answer""}, {""value"": ""-3.0"", ""label"": ""NS/No response""}, {""value"": ""1.0"", ""label"": ""Correct""}, {""value"": ""2.0"", ""label"": ""Incorrect""}]"
2843,i4046,DERIVED VARIABLE FROM I2549-FRIENDLY MT,numeric,NOMINAL,-6.0 thru -4.0 and -3.0,"[{""value"": ""-6.0"", ""label"": ""No questionnaire""}, {""value"": ""-4.0"", ""label"": ""More than 1 answer""}, {""value"": ""-3.0"", ""label"": ""NS/No response""}, {""value"": ""1.0"", ""label"": ""Correct""}, {""value"": ""2.0"", ""label"": ""Incorrect""}]"
2844,i4047,DERIVED VARIABLE FROM I2550-FRIENDLY MT,numeric,NOMINAL,-6.0 thru -4.0 and -3.0,"[{""value"": ""-6.0"", ""label"": ""No questionnaire""}, {""value"": ""-4.0"", ""label"": ""More than 1 answer""}, {""value"": ""-3.0"", ""label"": ""NS/No response""}, {""value"": ""1.0"", ""label"": ""Correct""}, {""value"": ""2.0"", ""label"": ""Incorrect""}]"
2845,i4048,DERIVED VARIABLE FROM I2551-FRIENDLY MT,numeric,NOMINAL,-6.0 thru -4.0 and -3.0,"[{""value"": ""-6.0"", ""label"": ""No questionnaire""}, {""value"": ""-4.0"", ""label"": ""More than 1 answer""}, {""value"": ""-3.0"", ""label"": ""NS/No response""}, {""value"": ""1.0"", ""label"": ""Correct""}, {""value"": ""2.0"", ""label"": ""Incorrect""}]"
2846,i4049,DERIVED VARIABLE FROM I2552-FRIENDLY MT,numeric,NOMINAL,-6.0 thru -4.0 and -3.0,"[{""value"": ""-6.0"", ""label"": ""No questionnaire""}, {""value"": ""-4.0"", ""label"": ""More than 1 answer""}, {""value"": ""-3.0"", ""label"": ""NS/No response""}, {""value"": ""1.0"", ""label"": ""Correct""}, {""value"": ""2.0"", ""label"": ""Incorrect""}]"
2847,i4050,DERIVED VARIABLE FROM I2553-FRIENDLY MT,numeric,NOMINAL,-6.0 thru -4.0 and -3.0,"[{""value"": ""-6.0"", ""label"": ""No questionnaire""}, {""value"": ""-4.0"", ""label"": ""More than 1 answer""}, {""value"": ""-3.0"", ""label"": ""NS/No response""}, {""value"": ""1.0"", ""label"": ""Correct""}, {""value"": ""2.0"", ""label"": ""Incorrect""}]"
2848,i4051,DERIVED VARIABLE FROM I2554-FRIENDLY MT,numeric,NOMINAL,-6.0 thru -4.0 and -3.0,"[{""value"": ""-6.0"", ""label"": ""No questionnaire""}, {""value"": ""-4.0"", ""label"": ""More than 1 answer""}, {""value"": ""-3.0"", ""label"": ""NS/No response""}, {""value"": ""1.0"", ""label"": ""Correct""}, {""value"": ""2.0"", ""label"": ""Incorrect""}]"
2849,i4052,DERIVED VARIABLE FROM I2555-FRIENDLY MT,numeric,NOMINAL,-6.0 thru -4.0 and -3.0,"[{""value"": ""-6.0"", ""label"": ""No questionnaire""}, {""value"": ""-4.0"", ""label"": ""More than 1 answer""}, {""value"": ""-3.0"", ""label"": ""NS/No response""}, {""value"": ""1.0"", ""label"": ""Correct""}, {""value"": ""2.0"", ""label"": ""Incorrect""}]"
2850,i4053,DERIVED VARIABLE FROM I2556-FRIENDLY MT,numeric,NOMINAL,-6.0 thru -4.0 and -3.0,"[{""value"": ""-6.0"", ""label"": ""No questionnaire""}, {""value"": ""-4.0"", ""label"": ""More than 1 answer""}, {""value"": ""-3.0"", ""label"": ""NS/No response""}, {""value"": ""1.0"", ""label"": ""Correct""}, {""value"": ""2.0"", ""label"": ""Incorrect""}]"
2851,i4054,DERIVED VARIABLE FROM I2557-FRIENDLY MT,numeric,NOMINAL,-6.0 thru -4.0 and -3.0,"[{""value"": ""-6.0"", ""label"": ""No questionnaire""}, {""value"": ""-4.0"", ""label"": ""More than 1 answer""}, {""value"": ""-3.0"", ""label"": ""NS/No response""}, {""value"": ""1.0"", ""label"": ""Correct""}, {""value"": ""2.0"", ""label"": ""Incorrect""}]"
2852,i4055,DERIVED VARIABLE FROM I2558-FRIENDLY MT,numeric,NOMINAL,-6.0 thru -4.0 and -3.0,"[{""value"": ""-6.0"", ""label"": ""No questionnaire""}, {""value"": ""-4.0"", ""label"": ""More than 1 answer""}, {""value"": ""-3.0"", ""label"": ""NS/No response""}, {""value"": ""1.0"", ""label"": ""Correct""}, {""value"": ""2.0"", ""label"": ""Incorrect""}]"
2853,i4056,DERIVED VARIABLE FROM I2559-FRIENDLY MT,numeric,NOMINAL,-6.0 thru -4.0 and -3.0,"[{""value"": ""-6.0"", ""label"": ""No questionnaire""}, {""value"": ""-4.0"", ""label"": ""More than 1 answer""}, {""value"": ""-3.0"", ""label"": ""NS/No response""}, {""value"": ""1.0"", ""label"": ""Correct""}, {""value"": ""2.0"", ""label"": ""Incorrect""}]"
2854,i4057,DERIVED VARIABLE FROM I2560-FRIENDLY MT,numeric,NOMINAL,-6.0 thru -4.0 and -3.0,"[{""value"": ""-6.0"", ""label"": ""No questionnaire""}, {""value"": ""-4.0"", ""label"": ""More than 1 answer""}, {""value"": ""-3.0"", ""label"": ""NS/No response""}, {""value"": ""1.0"", ""label"": ""Correct""}, {""value"": ""2.0"", ""label"": ""Incorrect""}]"
2855,i4058,DERIVED VARIABLE FROM I2561-FRIENDLY MT,numeric,NOMINAL,-6.0 thru -4.0 and -3.0,"[{""value"": ""-6.0"", ""label"": ""No questionnaire""}, {""value"": ""-4.0"", ""label"": ""More than 1 answer""}, {""value"": ""-3.0"", ""label"": ""NS/No response""}, {""value"": ""1.0"", ""label"": ""Correct""}, {""value"": ""2.0"", ""label"": ""Incorrect""}]"
2856,i4059,DERIVED VARIABLE FROM I2562-FRIENDLY MT,numeric,NOMINAL,-6.0 thru -4.0 and -3.0,"[{""value"": ""-6.0"", ""label"": ""No questionnaire""}, {""value"": ""-4.0"", ""label"": ""More than 1 answer""}, {""value"": ""-3.0"", ""label"": ""NS/No response""}, {""value"": ""1.0"", ""label"": ""Correct""}, {""value"": ""2.0"", ""label"": ""Incorrect""}]"
2857,i4060,DERIVED VARIABLE FROM I2563-FRIENDLY MT,numeric,NOMINAL,-6.0 thru -4.0 and -3.0,"[{""value"": ""-6.0"", ""label"": ""No questionnaire""}, {""value"": ""-4.0"", ""label"": ""More than 1 answer""}, {""value"": ""-3.0"", ""label"": ""NS/No response""}, {""value"": ""1.0"", ""label"": ""Correct""}, {""value"": ""2.0"", ""label"": ""Incorrect""}]"
2858,i4061,DERIVED VARIABLE FROM I2564-FRIENDLY MT,numeric,NOMINAL,-6.0 thru -4.0 and -3.0,"[{""value"": ""-6.0"", ""label"": ""No questionnaire""}, {""value"": ""-4.0"", ""label"": ""More than 1 answer""}, {""value"": ""-3.0"", ""label"": ""NS/No response""}, {""value"": ""1.0"", ""label"": ""Correct""}, {""value"": ""2.0"", ""label"": ""Incorrect""}]"
2859,i4062,DERIVED VARIABLE FROM I2565-FRIENDLY MT,numeric,NOMINAL,-6.0 thru -4.0 and -3.0,"[{""value"": ""-6.0"", ""label"": ""No questionnaire""}, {""value"": ""-4.0"", ""label"": ""More than 1 answer""}, {""value"": ""-3.0"", ""label"": ""NS/No response""}, {""value"": ""1.0"", ""label"": ""Correct""}, {""value"": ""2.0"", ""label"": ""Incorrect""}]"
2860,i4063,DERIVED VARIABLE FROM I2566-FRIENDLY MT,numeric,NOMINAL,-6.0 thru -4.0 and -3.0,"[{""value"": ""-6.0"", ""label"": ""No questionnaire""}, {""value"": ""-4.0"", ""label"": ""More than 1 answer""}, {""value"": ""-3.0"", ""label"": ""NS/No response""}, {""value"": ""1.0"", ""label"": ""Correct""}, {""value"": ""2.0"", ""label"": ""Incorrect""}]"
2861,i4064,DERIVED VARIABLE FROM I2567-FRIENDLY MT,numeric,NOMINAL,-6.0 thru -4.0 and -3.0,"[{""value"": ""-6.0"", ""label"": ""No questionnaire""}, {""value"": ""-4.0"", ""label"": ""More than 1 answer""}, {""value"": ""-3.0"", ""label"": ""NS/No response""}, {""value"": ""1.0"", ""label"": ""Correct""}, {""value"": ""2.0"", ""label"": ""Incorrect""}]"
2862,i4065,DERIVED VARIABLE FROM I2568-FRIENDLY MT,numeric,NOMINAL,-6.0 thru -4.0 and -3.0,"[{""value"": ""-6.0"", ""label"": ""No questionnaire""}, {""value"": ""-4.0"", ""label"": ""More than 1 answer""}, {""value"": ""-3.0"", ""label"": ""NS/No response""}, {""value"": ""1.0"", ""label"": ""Correct""}, {""value"": ""2.0"", ""label"": ""Incorrect""}]"
2863,i4066,DERIVED VARIABLE FROM I2569-FRIENDLY MT,numeric,NOMINAL,-6.0 thru -4.0 and -3.0,"[{""value"": ""-6.0"", ""label"": ""No questionnaire""}, {""value"": ""-4.0"", ""label"": ""More than 1 answer""}, {""value"": ""-3.0"", ""label"": ""NS/No response""}, {""value"": ""1.0"", ""label"": ""Correct""}, {""value"": ""2.0"", ""label"": ""Incorrect""}]"
2864,i4067,DERIVED VARIABLE FROM I2570-FRIENDLY MT,numeric,NOMINAL,-6.0 thru -4.0 and -3.0,"[{""value"": ""-6.0"", ""label"": ""No questionnaire""}, {""value"": ""-4.0"", ""label"": ""More than 1 answer""}, {""value"": ""-3.0"", ""label"": ""NS/No response""}, {""value"": ""1.0"", ""label"": ""Correct""}, {""value"": ""2.0"", ""label"": ""Incorrect""}]"
2865,i4068,DERIVED VARIABLE FROM I2571-FRIENDLY MT,numeric,NOMINAL,-6.0 thru -4.0 and -3.0,"[{""value"": ""-6.0"", ""label"": ""No questionnaire""}, {""value"": ""-4.0"", ""label"": ""More than 1 answer""}, {""value"": ""-3.0"", ""label"": ""NS/No response""}, {""value"": ""1.0"", ""label"": ""Correct""}, {""value"": ""2.0"", ""label"": ""Incorrect""}]"
2866,i4069,DERIVED VARIABLE FROM I2572-FRIENDLY MT,numeric,NOMINAL,-6.0 thru -4.0 and -3.0,"[{""value"": ""-6.0"", ""label"": ""No questionnaire""}, {""value"": ""-4.0"", ""label"": ""More than 1 answer""}, {""value"": ""-3.0"", ""label"": ""NS/No response""}, {""value"": ""1.0"", ""label"": ""Correct""}, {""value"": ""2.0"", ""label"": ""Incorrect""}]"
2867,i4070,DERIVED VARIABLE FROM I2573-FRIENDLY MT,numeric,NOMINAL,-6.0 thru -4.0 and -3.0,"[{""value"": ""-6.0"", ""label"": ""No questionnaire""}, {""value"": ""-4.0"", ""label"": ""More than 1 answer""}, {""value"": ""-3.0"", ""label"": ""NS/No response""}, {""value"": ""1.0"", ""label"": ""Correct""}, {""value"": ""2.0"", ""label"": ""Incorrect""}]"
2868,i4071,DERIVED VARIABLE FROM I2574-FRIENDLY MT,numeric,NOMINAL,-6.0 thru -4.0 and -3.0,"[{""value"": ""-6.0"", ""label"": ""No questionnaire""}, {""value"": ""-4.0"", ""label"": ""More than 1 answer""}, {""value"": ""-3.0"", ""label"": ""NS/No response""}, {""value"": ""1.0"", ""label"": ""Correct""}, {""value"": ""2.0"", ""label"": ""Incorrect""}]"
2869,i4072,DERIVED VARIABLE FROM I2575-FRIENDLY MT,numeric,NOMINAL,-6.0 thru -4.0 and -3.0,"[{""value"": ""-6.0"", ""label"": ""No questionnaire""}, {""value"": ""-4.0"", ""label"": ""More than 1 answer""}, {""value"": ""-3.0"", ""label"": ""NS/No response""}, {""value"": ""1.0"", ""label"": ""Correct""}, {""value"": ""2.0"", ""label"": ""Incorrect""}]"
2870,i4101,DERIVED VARIABLE FROM I3003-EDINBURGH RT,numeric,NOMINAL,-6.0 thru -4.0 and -3.0,"[{""value"": ""-6.0"", ""label"": ""No questionnaire""}, {""value"": ""-4.0"", ""label"": ""More than 1 answer""}, {""value"": ""-3.0"", ""label"": ""NS/No response""}, {""value"": ""1.0"", ""label"": ""Correct""}, {""value"": ""2.0"", ""label"": ""Incorrect""}]"
2871,i4102,DERIVED VARIABLE FROM I3004-EDINBURGH RT,numeric,NOMINAL,-6.0 thru -4.0 and -3.0,"[{""value"": ""-6.0"", ""label"": ""No questionnaire""}, {""value"": ""-4.0"", ""label"": ""More than 1 answer""}, {""value"": ""-3.0"", ""label"": ""NS/No response""}, {""value"": ""1.0"", ""label"": ""Correct""}, {""value"": ""2.0"", ""label"": ""Incorrect""}]"
2872,i4103,DERIVED VARIABLE FROM I3005-EDINBURGH RT,numeric,NOMINAL,-6.0 thru -4.0 and -3.0,"[{""value"": ""-6.0"", ""label"": ""No questionnaire""}, {""value"": ""-4.0"", ""label"": ""More than 1 answer""}, {""value"": ""-3.0"", ""label"": ""NS/No response""}, {""value"": ""1.0"", ""label"": ""Correct""}, {""value"": ""2.0"", ""label"": ""Incorrect""}]"
2873,i4104,DERIVED VARIABLE FROM I3006-EDINBURGH RT,numeric,NOMINAL,-6.0 thru -4.0 and -3.0,"[{""value"": ""-6.0"", ""label"": ""No questionnaire""}, {""value"": ""-4.0"", ""label"": ""More than 1 answer""}, {""value"": ""-3.0"", ""label"": ""NS/No response""}, {""value"": ""1.0"", ""label"": ""Correct""}, {""value"": ""2.0"", ""label"": ""Incorrect""}]"
2874,i4105,DERIVED VARIABLE FROM I3007-EDINBURGH RT,numeric,NOMINAL,-6.0 thru -4.0 and -3.0,"[{""value"": ""-6.0"", ""label"": ""No questionnaire""}, {""value"": ""-4.0"", ""label"": ""More than 1 answer""}, {""value"": ""-3.0"", ""label"": ""NS/No response""}, {""value"": ""1.0"", ""label"": ""Correct""}, {""value"": ""2.0"", ""label"": ""Incorrect""}]"
2875,i4106,DERIVED VARIABLE FROM I3008-EDINBURGH RT,numeric,NOMINAL,-6.0 thru -4.0 and -3.0,"[{""value"": ""-6.0"", ""label"": ""No questionnaire""}, {""value"": ""-4.0"", ""label"": ""More than 1 answer""}, {""value"": ""-3.0"", ""label"": ""NS/No response""}, {""value"": ""1.0"", ""label"": ""Correct""}, {""value"": ""2.0"", ""label"": ""Incorrect""}]"
2876,i4107,DERIVED VARIABLE FROM I3009-EDINBURGH RT,numeric,NOMINAL,-6.0 thru -4.0 and -3.0,"[{""value"": ""-6.0"", ""label"": ""No questionnaire""}, {""value"": ""-4.0"", ""label"": ""More than 1 answer""}, {""value"": ""-3.0"", ""label"": ""NS/No response""}, {""value"": ""1.0"", ""label"": ""Correct""}, {""value"": ""2.0"", ""label"": ""Incorrect""}]"
2877,i4108,DERIVED VARIABLE FROM I3010-EDINBURGH RT,numeric,NOMINAL,-6.0 thru -4.0 and -3.0,"[{""value"": ""-6.0"", ""label"": ""No questionnaire""}, {""value"": ""-4.0"", ""label"": ""More than 1 answer""}, {""value"": ""-3.0"", ""label"": ""NS/No response""}, {""value"": ""1.0"", ""label"": ""Correct""}, {""value"": ""2.0"", ""label"": ""Incorrect""}]"
2878,i4109,DERIVED VARIABLE FROM I3011-EDINBURGH RT,numeric,NOMINAL,-6.0 thru -4.0 and -3.0,"[{""value"": ""-6.0"", ""label"": ""No questionnaire""}, {""value"": ""-4.0"", ""label"": ""More than 1 answer""}, {""value"": ""-3.0"", ""label"": ""NS/No response""}, {""value"": ""1.0"", ""label"": ""Correct""}, {""value"": ""2.0"", ""label"": ""Incorrect""}]"
2879,i4110,DERIVED VARIABLE FROM I3012-EDINBURGH RT,numeric,NOMINAL,-6.0 thru -4.0 and -3.0,"[{""value"": ""-6.0"", ""label"": ""No questionnaire""}, {""value"": ""-4.0"", ""label"": ""More than 1 answer""}, {""value"": ""-3.0"", ""label"": ""NS/No response""}, {""value"": ""1.0"", ""label"": ""Correct""}, {""value"": ""2.0"", ""label"": ""Incorrect""}]"
2880,i4111,DERIVED VARIABLE FROM I3013-EDINBURGH RT,numeric,NOMINAL,-6.0 thru -4.0 and -3.0,"[{""value"": ""-6.0"", ""label"": ""No questionnaire""}, {""value"": ""-4.0"", ""label"": ""More than 1 answer""}, {""value"": ""-3.0"", ""label"": ""NS/No response""}, {""value"": ""1.0"", ""label"": ""Correct""}, {""value"": ""2.0"", ""label"": ""Incorrect""}]"
2881,i4112,DERIVED VARIABLE FROM I3014-EDINBURGH RT,numeric,NOMINAL,-6.0 thru -4.0 and -3.0,"[{""value"": ""-6.0"", ""label"": ""No questionnaire""}, {""value"": ""-4.0"", ""label"": ""More than 1 answer""}, {""value"": ""-3.0"", ""label"": ""NS/No response""}, {""value"": ""1.0"", ""label"": ""Correct""}, {""value"": ""2.0"", ""label"": ""Incorrect""}]"
2882,i4113,DERIVED VARIABLE FROM I3015-EDINBURGH RT,numeric,NOMINAL,-6.0 thru -4.0 and -3.0,"[{""value"": ""-6.0"", ""label"": ""No questionnaire""}, {""value"": ""-4.0"", ""label"": ""More than 1 answer""}, {""value"": ""-3.0"", ""label"": ""NS/No response""}, {""value"": ""1.0"", ""label"": ""Correct""}, {""value"": ""2.0"", ""label"": ""Incorrect""}]"
2883,i4114,DERIVED VARIABLE FROM I3016-EDINBURGH RT,numeric,NOMINAL,-6.0 thru -4.0 and -3.0,"[{""value"": ""-6.0"", ""label"": ""No questionnaire""}, {""value"": ""-4.0"", ""label"": ""More than 1 answer""}, {""value"": ""-3.0"", ""label"": ""NS/No response""}, {""value"": ""1.0"", ""label"": ""Correct""}, {""value"": ""2.0"", ""label"": ""Incorrect""}]"
2884,i4115,DERIVED VARIABLE FROM I3022-EDINBURGH RT,numeric,NOMINAL,-6.0 thru -4.0 and -3.0,"[{""value"": ""-6.0"", ""label"": ""No questionnaire""}, {""value"": ""-4.0"", ""label"": ""More than 1 answer""}, {""value"": ""-3.0"", ""label"": ""NS/No response""}, {""value"": ""1.0"", ""label"": ""Correct""}, {""value"": ""2.0"", ""label"": ""Incorrect""}]"
2885,i4116,DERIVED VARIABLE FROM I3023-EDINBURGH RT,numeric,NOMINAL,-6.0 thru -4.0 and -3.0,"[{""value"": ""-6.0"", ""label"": ""No questionnaire""}, {""value"": ""-4.0"", ""label"": ""More than 1 answer""}, {""value"": ""-3.0"", ""label"": ""NS/No response""}, {""value"": ""1.0"", ""label"": ""Correct""}, {""value"": ""2.0"", ""label"": ""Incorrect""}]"
2886,i4117,DERIVED VARIABLE FROM I3024-EDINBURGH RT,numeric,NOMINAL,-6.0 thru -4.0 and -3.0,"[{""value"": ""-6.0"", ""label"": ""No questionnaire""}, {""value"": ""-4.0"", ""label"": ""More than 1 answer""}, {""value"": ""-3.0"", ""label"": ""NS/No response""}, {""value"": ""1.0"", ""label"": ""Correct""}, {""value"": ""2.0"", ""label"": ""Incorrect""}]"
2887,i4118,DERIVED VARIABLE FROM I3025-EDINBURGH RT,numeric,NOMINAL,-6.0 thru -4.0 and -3.0,"[{""value"": ""-6.0"", ""label"": ""No questionnaire""}, {""value"": ""-4.0"", ""label"": ""More than 1 answer""}, {""value"": ""-3.0"", ""label"": ""NS/No response""}, {""value"": ""1.0"", ""label"": ""Correct""}, {""value"": ""2.0"", ""label"": ""Incorrect""}]"
2888,i4119,DERIVED VARIABLE FROM I3026-EDINBURGH RT,numeric,NOMINAL,-6.0 thru -4.0 and -3.0,"[{""value"": ""-6.0"", ""label"": ""No questionnaire""}, {""value"": ""-4.0"", ""label"": ""More than 1 answer""}, {""value"": ""-3.0"", ""label"": ""NS/No response""}, {""value"": ""1.0"", ""label"": ""Correct""}, {""value"": ""2.0"", ""label"": ""Incorrect""}]"
2889,i4120,DERIVED VARIABLE FROM I3027-EDINBURGH RT,numeric,NOMINAL,-6.0 thru -4.0 and -3.0,"[{""value"": ""-6.0"", ""label"": ""No questionnaire""}, {""value"": ""-4.0"", ""label"": ""More than 1 answer""}, {""value"": ""-3.0"", ""label"": ""NS/No response""}, {""value"": ""1.0"", ""label"": ""Correct""}, {""value"": ""2.0"", ""label"": ""Incorrect""}]"
2890,i4121,DERIVED VARIABLE FROM I3028-EDINBURGH RT,numeric,NOMINAL,-6.0 thru -4.0 and -3.0,"[{""value"": ""-6.0"", ""label"": ""No questionnaire""}, {""value"": ""-4.0"", ""label"": ""More than 1 answer""}, {""value"": ""-3.0"", ""label"": ""NS/No response""}, {""value"": ""1.0"", ""label"": ""Correct""}, {""value"": ""2.0"", ""label"": ""Incorrect""}]"
2891,i4122,DERIVED VARIABLE FROM I3029-EDINBURGH RT,numeric,NOMINAL,-6.0 thru -4.0 and -3.0,"[{""value"": ""-6.0"", ""label"": ""No questionnaire""}, {""value"": ""-4.0"", ""label"": ""More than 1 answer""}, {""value"": ""-3.0"", ""label"": ""NS/No response""}, {""value"": ""1.0"", ""label"": ""Correct""}, {""value"": ""2.0"", ""label"": ""Incorrect""}]"
2892,i4123,DERIVED VARIABLE FROM I3030-EDINBURGH RT,numeric,NOMINAL,-6.0 thru -4.0 and -3.0,"[{""value"": ""-6.0"", ""label"": ""No questionnaire""}, {""value"": ""-4.0"", ""label"": ""More than 1 answer""}, {""value"": ""-3.0"", ""label"": ""NS/No response""}, {""value"": ""1.0"", ""label"": ""Correct""}, {""value"": ""2.0"", ""label"": ""Incorrect""}]"
2893,i4124,DERIVED VARIABLE FROM I3031-EDINBURGH RT,numeric,NOMINAL,-6.0 thru -4.0 and -3.0,"[{""value"": ""-6.0"", ""label"": ""No questionnaire""}, {""value"": ""-4.0"", ""label"": ""More than 1 answer""}, {""value"": ""-3.0"", ""label"": ""NS/No response""}, {""value"": ""1.0"", ""label"": ""Correct""}, {""value"": ""2.0"", ""label"": ""Incorrect""}]"
2894,i4125,DERIVED VARIABLE FROM I3032-EDINBURGH RT,numeric,NOMINAL,-6.0 thru -4.0 and -3.0,"[{""value"": ""-6.0"", ""label"": ""No questionnaire""}, {""value"": ""-4.0"", ""label"": ""More than 1 answer""}, {""value"": ""-3.0"", ""label"": ""NS/No response""}, {""value"": ""1.0"", ""label"": ""Correct""}, {""value"": ""2.0"", ""label"": ""Incorrect""}]"
2895,i4126,DERIVED VARIABLE FROM I3033-EDINBURGH RT,numeric,NOMINAL,-6.0 thru -4.0 and -3.0,"[{""value"": ""-6.0"", ""label"": ""No questionnaire""}, {""value"": ""-4.0"", ""label"": ""More than 1 answer""}, {""value"": ""-3.0"", ""label"": ""NS/No response""}, {""value"": ""1.0"", ""label"": ""Correct""}, {""value"": ""2.0"", ""label"": ""Incorrect""}]"
2896,i4127,DERIVED VARIABLE FROM I3034-EDINBURGH RT,numeric,NOMINAL,-6.0 thru -4.0 and -3.0,"[{""value"": ""-6.0"", ""label"": ""No questionnaire""}, {""value"": ""-4.0"", ""label"": ""More than 1 answer""}, {""value"": ""-3.0"", ""label"": ""NS/No response""}, {""value"": ""1.0"", ""label"": ""Correct""}, {""value"": ""2.0"", ""label"": ""Incorrect""}]"
2897,i4128,DERIVED VARIABLE FROM I3035-EDINBURGH RT,numeric,NOMINAL,-6.0 thru -4.0 and -3.0,"[{""value"": ""-6.0"", ""label"": ""No questionnaire""}, {""value"": ""-4.0"", ""label"": ""More than 1 answer""}, {""value"": ""-3.0"", ""label"": ""NS/No response""}, {""value"": ""1.0"", ""label"": ""Correct""}, {""value"": ""2.0"", ""label"": ""Incorrect""}]"
2898,i4129,DERIVED VARIABLE FROM I3044-EDINBURGH RT,numeric,NOMINAL,-6.0 thru -4.0 and -3.0,"[{""value"": ""-6.0"", ""label"": ""No questionnaire""}, {""value"": ""-4.0"", ""label"": ""More than 1 answer""}, {""value"": ""-3.0"", ""label"": ""NS/No response""}, {""value"": ""1.0"", ""label"": ""Correct""}, {""value"": ""2.0"", ""label"": ""Incorrect""}]"
2899,i4130,DERIVED VARIABLE FROM I3045-EDINBURGH RT,numeric,NOMINAL,-6.0 thru -4.0 and -3.0,"[{""value"": ""-6.0"", ""label"": ""No questionnaire""}, {""value"": ""-4.0"", ""label"": ""More than 1 answer""}, {""value"": ""-3.0"", ""label"": ""NS/No response""}, {""value"": ""1.0"", ""label"": ""Correct""}, {""value"": ""2.0"", ""label"": ""Incorrect""}]"
2900,i4131,DERIVED VARIABLE FROM I3046-EDINBURGH RT,numeric,NOMINAL,-6.0 thru -4.0 and -3.0,"[{""value"": ""-6.0"", ""label"": ""No questionnaire""}, {""value"": ""-4.0"", ""label"": ""More than 1 answer""}, {""value"": ""-3.0"", ""label"": ""NS/No response""}, {""value"": ""1.0"", ""label"": ""Correct""}, {""value"": ""2.0"", ""label"": ""Incorrect""}]"
2901,i4132,DERIVED VARIABLE FROM I3047-EDINBURGH RT,numeric,NOMINAL,-6.0 thru -4.0 and -3.0,"[{""value"": ""-6.0"", ""label"": ""No questionnaire""}, {""value"": ""-4.0"", ""label"": ""More than 1 answer""}, {""value"": ""-3.0"", ""label"": ""NS/No response""}, {""value"": ""1.0"", ""label"": ""Correct""}, {""value"": ""2.0"", ""label"": ""Incorrect""}]"
2902,i4133,DERIVED VARIABLE FROM I3048-EDINBURGH RT,numeric,NOMINAL,-6.0 thru -4.0 and -3.0,"[{""value"": ""-6.0"", ""label"": ""No questionnaire""}, {""value"": ""-4.0"", ""label"": ""More than 1 answer""}, {""value"": ""-3.0"", ""label"": ""NS/No response""}, {""value"": ""1.0"", ""label"": ""Correct""}, {""value"": ""2.0"", ""label"": ""Incorrect""}]"
2903,i4134,DERIVED VARIABLE FROM I3049-EDINBURGH RT,numeric,NOMINAL,-6.0 thru -4.0 and -3.0,"[{""value"": ""-6.0"", ""label"": ""No questionnaire""}, {""value"": ""-4.0"", ""label"": ""More than 1 answer""}, {""value"": ""-3.0"", ""label"": ""NS/No response""}, {""value"": ""1.0"", ""label"": ""Correct""}, {""value"": ""2.0"", ""label"": ""Incorrect""}]"
2904,i4135,DERIVED VARIABLE FROM I3050-EDINBURGH RT,numeric,NOMINAL,-6.0 thru -4.0 and -3.0,"[{""value"": ""-6.0"", ""label"": ""No questionnaire""}, {""value"": ""-4.0"", ""label"": ""More than 1 answer""}, {""value"": ""-3.0"", ""label"": ""NS/No response""}, {""value"": ""1.0"", ""label"": ""Correct""}, {""value"": ""2.0"", ""label"": ""Incorrect""}]"
2905,i4136,DERIVED VARIABLE FROM I3051-EDINBURGH RT,numeric,NOMINAL,-6.0 thru -4.0 and -3.0,"[{""value"": ""-6.0"", ""label"": ""No questionnaire""}, {""value"": ""-4.0"", ""label"": ""More than 1 answer""}, {""value"": ""-3.0"", ""label"": ""NS/No response""}, {""value"": ""1.0"", ""label"": ""Correct""}, {""value"": ""2.0"", ""label"": ""Incorrect""}]"
2906,i4137,DERIVED VARIABLE FROM I3052-EDINBURGH RT,numeric,NOMINAL,-6.0 thru -4.0 and -3.0,"[{""value"": ""-6.0"", ""label"": ""No questionnaire""}, {""value"": ""-4.0"", ""label"": ""More than 1 answer""}, {""value"": ""-3.0"", ""label"": ""NS/No response""}, {""value"": ""1.0"", ""label"": ""Correct""}, {""value"": ""2.0"", ""label"": ""Incorrect""}]"
2907,i4138,DERIVED VARIABLE FROM I3053-EDINBURGH RT,numeric,NOMINAL,-6.0 thru -4.0 and -3.0,"[{""value"": ""-6.0"", ""label"": ""No questionnaire""}, {""value"": ""-4.0"", ""label"": ""More than 1 answer""}, {""value"": ""-3.0"", ""label"": ""NS/No response""}, {""value"": ""1.0"", ""label"": ""Correct""}, {""value"": ""2.0"", ""label"": ""Incorrect""}]"
2908,i4139,DERIVED VARIABLE FROM I3054-EDINBURGH RT,numeric,NOMINAL,-6.0 thru -4.0 and -3.0,"[{""value"": ""-6.0"", ""label"": ""No questionnaire""}, {""value"": ""-4.0"", ""label"": ""More than 1 answer""}, {""value"": ""-3.0"", ""label"": ""NS/No response""}, {""value"": ""1.0"", ""label"": ""Correct""}, {""value"": ""2.0"", ""label"": ""Incorrect""}]"
2909,i4140,DERIVED VARIABLE FROM I3055-EDINBURGH RT,numeric,SCALE,NA,"[{""value"": ""-6.0"", ""label"": ""No questionnaire""}, {""value"": ""-4.0"", ""label"": ""More than 1 answer""}, {""value"": ""-3.0"", ""label"": ""NS/No response""}, {""value"": ""1.0"", ""label"": ""Correct""}, {""value"": ""2.0"", ""label"": ""Incorrect""}]"
2910,i4141,DERIVED VARIABLE FROM I3056-EDINBURGH RT,numeric,NOMINAL,-6.0 thru -4.0 and -3.0,"[{""value"": ""-6.0"", ""label"": ""No questionnaire""}, {""value"": ""-4.0"", ""label"": ""More than 1 answer""}, {""value"": ""-3.0"", ""label"": ""NS/No response""}, {""value"": ""1.0"", ""label"": ""Correct""}, {""value"": ""2.0"", ""label"": ""Incorrect""}]"
2911,i4142,DERIVED VARIABLE FROM I3057-EDINBURGH RT,numeric,NOMINAL,-6.0 thru -4.0 and -3.0,"[{""value"": ""-6.0"", ""label"": ""No questionnaire""}, {""value"": ""-4.0"", ""label"": ""More than 1 answer""}, {""value"": ""-3.0"", ""label"": ""NS/No response""}, {""value"": ""1.0"", ""label"": ""Correct""}, {""value"": ""2.0"", ""label"": ""Incorrect""}]"
2912,i4143,DERIVED VARIABLE FROM I3058-EDINBURGH RT,numeric,NOMINAL,-6.0 thru -4.0 and -3.0,"[{""value"": ""-6.0"", ""label"": ""No questionnaire""}, {""value"": ""-4.0"", ""label"": ""More than 1 answer""}, {""value"": ""-3.0"", ""label"": ""NS/No response""}, {""value"": ""1.0"", ""label"": ""Correct""}, {""value"": ""2.0"", ""label"": ""Incorrect""}]"
2913,i4144,DERIVED VARIABLE FROM I3059-EDINBURGH RT,numeric,NOMINAL,-6.0 thru -4.0 and -3.0,"[{""value"": ""-6.0"", ""label"": ""No questionnaire""}, {""value"": ""-4.0"", ""label"": ""More than 1 answer""}, {""value"": ""-3.0"", ""label"": ""NS/No response""}, {""value"": ""1.0"", ""label"": ""Correct""}, {""value"": ""2.0"", ""label"": ""Incorrect""}]"
2914,i4145,DERIVED VARIABLE FROM I3060-EDINBURGH RT,numeric,NOMINAL,-6.0 thru -4.0 and -3.0,"[{""value"": ""-6.0"", ""label"": ""No questionnaire""}, {""value"": ""-4.0"", ""label"": ""More than 1 answer""}, {""value"": ""-3.0"", ""label"": ""NS/No response""}, {""value"": ""1.0"", ""label"": ""Correct""}, {""value"": ""2.0"", ""label"": ""Incorrect""}]"
2915,i4146,DERIVED VARIABLE FROM I3061-EDINBURGH RT,numeric,NOMINAL,-6.0 thru -4.0 and -3.0,"[{""value"": ""-6.0"", ""label"": ""No questionnaire""}, {""value"": ""-4.0"", ""label"": ""More than 1 answer""}, {""value"": ""-3.0"", ""label"": ""NS/No response""}, {""value"": ""1.0"", ""label"": ""Correct""}, {""value"": ""2.0"", ""label"": ""Incorrect""}]"
2916,i4147,DERIVED VARIABLE FROM I3062-EDINBURGH RT,numeric,NOMINAL,-6.0 thru -4.0 and -3.0,"[{""value"": ""-6.0"", ""label"": ""No questionnaire""}, {""value"": ""-4.0"", ""label"": ""More than 1 answer""}, {""value"": ""-3.0"", ""label"": ""NS/No response""}, {""value"": ""1.0"", ""label"": ""Correct""}, {""value"": ""2.0"", ""label"": ""Incorrect""}]"
2917,i4148,DERIVED VARIABLE FROM I3063-EDINBURGH RT,numeric,NOMINAL,-6.0 thru -4.0 and -3.0,"[{""value"": ""-6.0"", ""label"": ""No questionnaire""}, {""value"": ""-4.0"", ""label"": ""More than 1 answer""}, {""value"": ""-3.0"", ""label"": ""NS/No response""}, {""value"": ""1.0"", ""label"": ""Correct""}, {""value"": ""2.0"", ""label"": ""Incorrect""}]"
2918,i4149,DERIVED VARIABLE FROM I3064-EDINBURGH RT,numeric,NOMINAL,-6.0 thru -4.0 and -3.0,"[{""value"": ""-6.0"", ""label"": ""No questionnaire""}, {""value"": ""-4.0"", ""label"": ""More than 1 answer""}, {""value"": ""-3.0"", ""label"": ""NS/No response""}, {""value"": ""1.0"", ""label"": ""Correct""}, {""value"": ""2.0"", ""label"": ""Incorrect""}]"
2919,i4150,DERIVED VARIABLE FROM I3065-EDINBURGH RT,numeric,NOMINAL,-6.0 thru -4.0 and -3.0,"[{""value"": ""-6.0"", ""label"": ""No questionnaire""}, {""value"": ""-4.0"", ""label"": ""More than 1 answer""}, {""value"": ""-3.0"", ""label"": ""NS/No response""}, {""value"": ""1.0"", ""label"": ""Correct""}, {""value"": ""2.0"", ""label"": ""Incorrect""}]"
2920,i4151,DERIVED VARIABLE FROM I3066-EDINBURGH RT,numeric,NOMINAL,-6.0 thru -4.0 and -3.0,"[{""value"": ""-6.0"", ""label"": ""No questionnaire""}, {""value"": ""-4.0"", ""label"": ""More than 1 answer""}, {""value"": ""-3.0"", ""label"": ""NS/No response""}, {""value"": ""1.0"", ""label"": ""Correct""}, {""value"": ""2.0"", ""label"": ""Incorrect""}]"
2921,i4152,DERIVED VARIABLE FROM I3067-EDINBURGH RT,numeric,NOMINAL,-6.0 thru -4.0 and -3.0,"[{""value"": ""-6.0"", ""label"": ""No questionnaire""}, {""value"": ""-4.0"", ""label"": ""More than 1 answer""}, {""value"": ""-3.0"", ""label"": ""NS/No response""}, {""value"": ""1.0"", ""label"": ""Correct""}, {""value"": ""2.0"", ""label"": ""Incorrect""}]"
2922,i4153,DERIVED VARIABLE FROM I3068-EDINBURGH RT,numeric,NOMINAL,-6.0 thru -4.0 and -3.0,"[{""value"": ""-6.0"", ""label"": ""No questionnaire""}, {""value"": ""-4.0"", ""label"": ""More than 1 answer""}, {""value"": ""-3.0"", ""label"": ""NS/No response""}, {""value"": ""1.0"", ""label"": ""Correct""}, {""value"": ""2.0"", ""label"": ""Incorrect""}]"
2923,i4154,DERIVED VARIABLE FROM I3069-EDINBURGH RT,numeric,NOMINAL,-6.0 thru -4.0 and -3.0,"[{""value"": ""-6.0"", ""label"": ""No questionnaire""}, {""value"": ""-4.0"", ""label"": ""More than 1 answer""}, {""value"": ""-3.0"", ""label"": ""NS/No response""}, {""value"": ""1.0"", ""label"": ""Correct""}, {""value"": ""2.0"", ""label"": ""Incorrect""}]"
2924,i4155,"DERIVED VARIABLE FROM ERT-PAGE 9, TOP HALF (A)",numeric,NOMINAL,-6.0 thru -4.0 and -3.0,"[{""value"": ""-6.0"", ""label"": ""No questionnaire""}, {""value"": ""-4.0"", ""label"": ""More than 1 answer""}, {""value"": ""-3.0"", ""label"": ""NS/No response""}, {""value"": ""1.0"", ""label"": ""Correct""}, {""value"": ""2.0"", ""label"": ""Incorrect""}]"
2925,i4156,"DERIVED VARIABLE FROM ERT-PAGE 9, TOP HALF (B)",numeric,NOMINAL,-6.0 thru -4.0 and -3.0,"[{""value"": ""-6.0"", ""label"": ""No questionnaire""}, {""value"": ""-4.0"", ""label"": ""More than 1 answer""}, {""value"": ""-3.0"", ""label"": ""NS/No response""}, {""value"": ""1.0"", ""label"": ""Correct""}, {""value"": ""2.0"", ""label"": ""Incorrect""}]"
2926,i4157,"DERIVED VARIABLE FROM ERT-PAGE 9, TOP HALF (C)",numeric,NOMINAL,-6.0 thru -4.0 and -3.0,"[{""value"": ""-6.0"", ""label"": ""No questionnaire""}, {""value"": ""-4.0"", ""label"": ""More than 1 answer""}, {""value"": ""-3.0"", ""label"": ""NS/No response""}, {""value"": ""1.0"", ""label"": ""Correct""}, {""value"": ""2.0"", ""label"": ""Incorrect""}]"
2927,i4158,"DERIVED VARIABLE FROM ERT-PAGE 9, TOP HALF (D)",numeric,NOMINAL,-6.0 thru -4.0 and -3.0,"[{""value"": ""-6.0"", ""label"": ""No questionnaire""}, {""value"": ""-4.0"", ""label"": ""More than 1 answer""}, {""value"": ""-3.0"", ""label"": ""NS/No response""}, {""value"": ""1.0"", ""label"": ""Correct""}, {""value"": ""2.0"", ""label"": ""Incorrect""}]"
2928,i4159,"DERIVED VARIABLE FROM ERT-PAGE 9, TOP HALF (E)",numeric,NOMINAL,-6.0 thru -4.0 and -3.0,"[{""value"": ""-6.0"", ""label"": ""No questionnaire""}, {""value"": ""-4.0"", ""label"": ""More than 1 answer""}, {""value"": ""-3.0"", ""label"": ""NS/No response""}, {""value"": ""1.0"", ""label"": ""Correct""}, {""value"": ""2.0"", ""label"": ""Incorrect""}]"
2929,i4160,"DERIVED VARIABLE FROM ERT-PAGE 9, BOTTOM HALF (A)",numeric,NOMINAL,-6.0 thru -4.0 and -3.0,"[{""value"": ""-6.0"", ""label"": ""No questionnaire""}, {""value"": ""-4.0"", ""label"": ""More than 1 answer""}, {""value"": ""-3.0"", ""label"": ""NS/No response""}, {""value"": ""1.0"", ""label"": ""Correct""}, {""value"": ""2.0"", ""label"": ""Incorrect""}]"
2930,i4161,"DERIVED VARIABLE FROM ERT-PAGE 9, BOTTOM HALF (B)",numeric,NOMINAL,-6.0 thru -4.0 and -3.0,"[{""value"": ""-6.0"", ""label"": ""No questionnaire""}, {""value"": ""-4.0"", ""label"": ""More than 1 answer""}, {""value"": ""-3.0"", ""label"": ""NS/No response""}, {""value"": ""1.0"", ""label"": ""Correct""}, {""value"": ""2.0"", ""label"": ""Incorrect""}]"
2931,i4162,"DERIVED VARIABLE FROM ERT-PAGE 9, BOTTOM HALF (C)",numeric,NOMINAL,-6.0 thru -4.0 and -3.0,"[{""value"": ""-6.0"", ""label"": ""No questionnaire""}, {""value"": ""-4.0"", ""label"": ""More than 1 answer""}, {""value"": ""-3.0"", ""label"": ""NS/No response""}, {""value"": ""1.0"", ""label"": ""Correct""}, {""value"": ""2.0"", ""label"": ""Incorrect""}]"
2932,i4163,"DERIVED VARIABLE FROM ERT-PAGE 9, BOTTOM HALF (D)",numeric,NOMINAL,-6.0 thru -4.0 and -3.0,"[{""value"": ""-6.0"", ""label"": ""No questionnaire""}, {""value"": ""-4.0"", ""label"": ""More than 1 answer""}, {""value"": ""-3.0"", ""label"": ""NS/No response""}, {""value"": ""1.0"", ""label"": ""Correct""}, {""value"": ""2.0"", ""label"": ""Incorrect""}]"
2933,i4164,"DERIVED VARIABLE FROM ERT-PAGE 9, BOTTOM HALF (E)",numeric,NOMINAL,-6.0 thru -4.0 and -3.0,"[{""value"": ""-6.0"", ""label"": ""No questionnaire""}, {""value"": ""-4.0"", ""label"": ""More than 1 answer""}, {""value"": ""-3.0"", ""label"": ""NS/No response""}, {""value"": ""1.0"", ""label"": ""Correct""}, {""value"": ""2.0"", ""label"": ""Incorrect""}]"
2934,i4201,DERIVED VAR BAS WORD SIMILARITIES ITEM 1,numeric,NOMINAL,-6.0 thru -4.0 and -3.0,"[{""value"": ""-6.0"", ""label"": ""No questionnaire""}, {""value"": ""-3.0"", ""label"": ""NS/No response""}, {""value"": ""1.0"", ""label"": ""Correct""}, {""value"": ""2.0"", ""label"": ""Incorrect""}]"
2935,i4202,DERIVED VAR BAS WORD SIMILARITIES ITEM 2,numeric,NOMINAL,-6.0 thru -4.0 and -3.0,"[{""value"": ""-6.0"", ""label"": ""No questionnaire""}, {""value"": ""-3.0"", ""label"": ""NS/No response""}, {""value"": ""1.0"", ""label"": ""Correct""}, {""value"": ""2.0"", ""label"": ""Incorrect""}]"
2936,i4203,DERIVED VAR BAS WORD SIMILARITIES ITEM 3,numeric,NOMINAL,-6.0 thru -4.0 and -3.0,"[{""value"": ""-6.0"", ""label"": ""No questionnaire""}, {""value"": ""-3.0"", ""label"": ""NS/No response""}, {""value"": ""1.0"", ""label"": ""Correct""}, {""value"": ""2.0"", ""label"": ""Incorrect""}]"
2937,i4204,DERIVED VAR BAS WORD SIMILARITIES ITEM 4,numeric,NOMINAL,-6.0 thru -4.0 and -3.0,"[{""value"": ""-6.0"", ""label"": ""No questionnaire""}, {""value"": ""-3.0"", ""label"": ""NS/No response""}, {""value"": ""1.0"", ""label"": ""Correct""}, {""value"": ""2.0"", ""label"": ""Incorrect""}]"
2938,i4205,DERIVED VAR BAS WORD SIMILARITIES ITEM 5,numeric,NOMINAL,-6.0 thru -4.0 and -3.0,"[{""value"": ""-6.0"", ""label"": ""No questionnaire""}, {""value"": ""-3.0"", ""label"": ""NS/No response""}, {""value"": ""1.0"", ""label"": ""Correct""}, {""value"": ""2.0"", ""label"": ""Incorrect""}]"
2939,i4206,DERIVED VAR BAS WORD SIMILARITIES ITEM 6,numeric,NOMINAL,-6.0 thru -4.0 and -3.0,"[{""value"": ""-6.0"", ""label"": ""No questionnaire""}, {""value"": ""-3.0"", ""label"": ""NS/No response""}, {""value"": ""1.0"", ""label"": ""Correct""}, {""value"": ""2.0"", ""label"": ""Incorrect""}]"
2940,i4207,DERIVED VAR BAS WORD SIMILARITIES ITEM 7,numeric,NOMINAL,-6.0 thru -4.0 and -3.0,"[{""value"": ""-6.0"", ""label"": ""No questionnaire""}, {""value"": ""-3.0"", ""label"": ""NS/No response""}, {""value"": ""1.0"", ""label"": ""Correct""}, {""value"": ""2.0"", ""label"": ""Incorrect""}]"
2941,i4208,DERIVED VAR BAS WORD SIMILARITIES ITEM 8,numeric,NOMINAL,-6.0 thru -4.0 and -3.0,"[{""value"": ""-6.0"", ""label"": ""No questionnaire""}, {""value"": ""-3.0"", ""label"": ""NS/No response""}, {""value"": ""1.0"", ""label"": ""Correct""}, {""value"": ""2.0"", ""label"": ""Incorrect""}]"
2942,i4209,DERIVED VAR BAS WORD SIMILARITIES ITEM 9,numeric,NOMINAL,-6.0 thru -4.0 and -3.0,"[{""value"": ""-6.0"", ""label"": ""No questionnaire""}, {""value"": ""-3.0"", ""label"": ""NS/No response""}, {""value"": ""1.0"", ""label"": ""Correct""}, {""value"": ""2.0"", ""label"": ""Incorrect""}]"
2943,i4210,DERIVED VAR BAS WORD SIMILARITIES ITEM 10,numeric,NOMINAL,-6.0 thru -4.0 and -3.0,"[{""value"": ""-6.0"", ""label"": ""No questionnaire""}, {""value"": ""-3.0"", ""label"": ""NS/No response""}, {""value"": ""1.0"", ""label"": ""Correct""}, {""value"": ""2.0"", ""label"": ""Incorrect""}]"
2944,i4211,DERIVED VAR BAS WORD SIMILARITIES ITEM 11,numeric,NOMINAL,-6.0 thru -4.0 and -3.0,"[{""value"": ""-6.0"", ""label"": ""No questionnaire""}, {""value"": ""-3.0"", ""label"": ""NS/No response""}, {""value"": ""1.0"", ""label"": ""Correct""}, {""value"": ""2.0"", ""label"": ""Incorrect""}]"
2945,i4212,DERIVED VAR BAS WORD SIMILARITIES ITEM 12,numeric,NOMINAL,-6.0 thru -4.0 and -3.0,"[{""value"": ""-6.0"", ""label"": ""No questionnaire""}, {""value"": ""-3.0"", ""label"": ""NS/No response""}, {""value"": ""1.0"", ""label"": ""Correct""}, {""value"": ""2.0"", ""label"": ""Incorrect""}]"
2946,i4213,DERIVED VAR BAS WORD SIMILARITIES ITEM 13,numeric,NOMINAL,-6.0 thru -4.0 and -3.0,"[{""value"": ""-6.0"", ""label"": ""No questionnaire""}, {""value"": ""-3.0"", ""label"": ""NS/No response""}, {""value"": ""1.0"", ""label"": ""Correct""}, {""value"": ""2.0"", ""label"": ""Incorrect""}]"
2947,i4214,DERIVED VAR BAS WORD SIMILARITIES ITEM 14,numeric,NOMINAL,-6.0 thru -4.0 and -3.0,"[{""value"": ""-6.0"", ""label"": ""No questionnaire""}, {""value"": ""-3.0"", ""label"": ""NS/No response""}, {""value"": ""1.0"", ""label"": ""Correct""}, {""value"": ""2.0"", ""label"": ""Incorrect""}]"
2948,i4215,DERIVED VAR BAS WORD SIMILARITIES ITEM 15,numeric,NOMINAL,-6.0 thru -4.0 and -3.0,"[{""value"": ""-6.0"", ""label"": ""No questionnaire""}, {""value"": ""-3.0"", ""label"": ""NS/No response""}, {""value"": ""1.0"", ""label"": ""Correct""}, {""value"": ""2.0"", ""label"": ""Incorrect""}]"
2949,i4216,DERIVED VAR BAS WORD SIMILARITIES ITEM 16,numeric,NOMINAL,-6.0 thru -4.0 and -3.0,"[{""value"": ""-6.0"", ""label"": ""No questionnaire""}, {""value"": ""-3.0"", ""label"": ""NS/No response""}, {""value"": ""1.0"", ""label"": ""Correct""}, {""value"": ""2.0"", ""label"": ""Incorrect""}]"
2950,i4217,DERIVED VAR BAS WORD SIMILARITIES ITEM 17,numeric,NOMINAL,-6.0 thru -4.0 and -3.0,"[{""value"": ""-6.0"", ""label"": ""No questionnaire""}, {""value"": ""-3.0"", ""label"": ""NS/No response""}, {""value"": ""1.0"", ""label"": ""Correct""}, {""value"": ""2.0"", ""label"": ""Incorrect""}]"
2951,i4218,DERIVED VAR BAS WORD SIMILARITIES ITEM 18,numeric,NOMINAL,-6.0 thru -4.0 and -3.0,"[{""value"": ""-6.0"", ""label"": ""No questionnaire""}, {""value"": ""-3.0"", ""label"": ""NS/No response""}, {""value"": ""1.0"", ""label"": ""Correct""}, {""value"": ""2.0"", ""label"": ""Incorrect""}]"
2952,i4219,DERIVED VAR BAS WORD SIMILARITIES ITEM 19,numeric,NOMINAL,-6.0 thru -4.0 and -3.0,"[{""value"": ""-6.0"", ""label"": ""No questionnaire""}, {""value"": ""-3.0"", ""label"": ""NS/No response""}, {""value"": ""1.0"", ""label"": ""Correct""}, {""value"": ""2.0"", ""label"": ""Incorrect""}]"
2953,i4220,DERIVED VAR BAS WORD SIMILARITIES ITEM 20,numeric,NOMINAL,-6.0 thru -4.0 and -3.0,"[{""value"": ""-6.0"", ""label"": ""No questionnaire""}, {""value"": ""-3.0"", ""label"": ""NS/No response""}, {""value"": ""1.0"", ""label"": ""Correct""}, {""value"": ""2.0"", ""label"": ""Incorrect""}]"
2954,i4221,DERIVED VAR BAS WORD SIMILARITIES ITEM 21,numeric,NOMINAL,-6.0 thru -4.0 and -3.0,"[{""value"": ""-6.0"", ""label"": ""No questionnaire""}, {""value"": ""-3.0"", ""label"": ""NS/No response""}, {""value"": ""1.0"", ""label"": ""Correct""}, {""value"": ""2.0"", ""label"": ""Incorrect""}]"
2955,parental,PARENTAL QUESTIONNAIRE COMPLETED,numeric,NOMINAL,NA,"[{""value"": ""0.0"", ""label"": ""No""}, {""value"": ""1.0"", ""label"": ""Yes""}]"
2956,medical,MEDICAL QUESTIONNAIRE COMPLETED,numeric,NOMINAL,NA,"[{""value"": ""0.0"", ""label"": ""No""}, {""value"": ""1.0"", ""label"": ""Yes""}]"
2957,maternal,MATERNAL QUESTIONNAIRE COMPLETED,numeric,NOMINAL,NA,"[{""value"": ""0.0"", ""label"": ""No""}, {""value"": ""1.0"", ""label"": ""Yes""}]"
2958,educatio,EDUCATIONAL QUESTIONNAIRE COMPLETED,numeric,NOMINAL,NA,"[{""value"": ""0.0"", ""label"": ""No""}, {""value"": ""1.0"", ""label"": ""Yes""}]"
2959,edscore,EDUCATIONAL SCORE FORM COMPLETED,numeric,NOMINAL,NA,"[{""value"": ""0.0"", ""label"": ""No""}, {""value"": ""1.0"", ""label"": ""Yes""}]"
2960,pupil,PUPIL QUESTIONNAIRE COMPLETED,numeric,NOMINAL,NA,"[{""value"": ""0.0"", ""label"": ""No""}, {""value"": ""1.0"", ""label"": ""Yes""}]"
2961,tests10,"MATHS TEST, READING TEST, BAS TEST COMPLETED",numeric,NOMINAL,NA,"[{""value"": ""0.0"", ""label"": ""No""}, {""value"": ""1.0"", ""label"": ""Yes""}]"
